  0
SECTION
  2
HEADER
  9
$ANGBASE
  50
0.0
  9
$ANGDIR
  70
1
  9
$MEASUREMENT
  70
0
  0
ENDSEC
  0
SECTION
  2
TABLES
  0
TABLE
  2
LTYPE
  70
4
  0
LTYPE
  5
40F
  2
CONTINUOUS
  70
0
  3
Solid line
  72
65
  73
0
  40
0.0
  0
LTYPE
  5
410
  2
DASHDOT
 70
0
  3
Dash Dot ____ _ ____ _
 72
65
 73
4
 40
2.0
 49
1.25
 49
-0.25
 49
0.25
 49
-0.25
  0
LTYPE
  5
411
  2
DASHED
 70
0
  3
Dashed __ __ __ __ __
 72
65
 73
2
 40
0.75
 49
0.5
 49
-0.25
  0
LTYPE
  5
43B
  2
DOTTED
 70
0
  3
Dotted .  .  .  .
 72
65
 73
2
 40
0.2
 49
0.0
 49
-0.2
  0
ENDTAB
  0
TABLE
  2
STYLE
  70
4
  0
STYLE
  2
KICAD
  70
0
  40
0
  41
1
  42
1
  50
0
  71
0
  3
isocp.shx
  0
STYLE
  2
KICADB
  70
0
  40
0
  41
1
  42
1
  50
0
  71
0
  3
isocp.shx
  0
STYLE
  2
KICADI
  70
0
  40
0
  41
1
  42
1
  50
15
  71
0
  3
isocp.shx
  0
STYLE
  2
KICADBI
  70
0
  40
0
  41
1
  42
1
  50
15
  71
0
  3
isocp.shx
  0
ENDTAB
  0
TABLE
  2
LAYER
  70
35
  0
LAYER
  2
BLACK
  70
0
  62
7
  6
CONTINUOUS
  0
LAYER
  2
GRAY1
  70
0
  62
251
  6
CONTINUOUS
  0
LAYER
  2
GRAY2
  70
0
  62
8
  6
CONTINUOUS
  0
LAYER
  2
GRAY3
  70
0
  62
9
  6
CONTINUOUS
  0
LAYER
  2
WHITE
  70
0
  62
7
  6
CONTINUOUS
  0
LAYER
  2
LYELLOW
  70
0
  62
51
  6
CONTINUOUS
  0
LAYER
  2
LORANGE
  70
0
  62
41
  6
CONTINUOUS
  0
LAYER
  2
BLUE1
  70
0
  62
178
  6
CONTINUOUS
  0
LAYER
  2
GREEN1
  70
0
  62
98
  6
CONTINUOUS
  0
LAYER
  2
CYAN1
  70
0
  62
138
  6
CONTINUOUS
  0
LAYER
  2
RED1
  70
0
  62
18
  6
CONTINUOUS
  0
LAYER
  2
MAGENTA1
  70
0
  62
228
  6
CONTINUOUS
  0
LAYER
  2
BROWN1
  70
0
  62
58
  6
CONTINUOUS
  0
LAYER
  2
ORANGE1
  70
0
  62
34
  6
CONTINUOUS
  0
LAYER
  2
BLUE2
  70
0
  62
5
  6
CONTINUOUS
  0
LAYER
  2
GREEN2
  70
0
  62
3
  6
CONTINUOUS
  0
LAYER
  2
CYAN2
  70
0
  62
4
  6
CONTINUOUS
  0
LAYER
  2
RED2
  70
0
  62
1
  6
CONTINUOUS
  0
LAYER
  2
MAGENTA2
  70
0
  62
6
  6
CONTINUOUS
  0
LAYER
  2
BROWN2
  70
0
  62
54
  6
CONTINUOUS
  0
LAYER
  2
ORANGE2
  70
0
  62
42
  6
CONTINUOUS
  0
LAYER
  2
BLUE3
  70
0
  62
171
  6
CONTINUOUS
  0
LAYER
  2
GREEN3
  70
0
  62
91
  6
CONTINUOUS
  0
LAYER
  2
CYAN3
  70
0
  62
131
  6
CONTINUOUS
  0
LAYER
  2
RED3
  70
0
  62
11
  6
CONTINUOUS
  0
LAYER
  2
MAGENTA3
  70
0
  62
221
  6
CONTINUOUS
  0
LAYER
  2
YELLOW3
  70
0
  62
2
  6
CONTINUOUS
  0
LAYER
  2
ORANGE3
  70
0
  62
32
  6
CONTINUOUS
  0
LAYER
  2
BLUE4
  70
0
  62
5
  6
CONTINUOUS
  0
LAYER
  2
GREEN4
  70
0
  62
3
  6
CONTINUOUS
  0
LAYER
  2
CYAN4
  70
0
  62
4
  6
CONTINUOUS
  0
LAYER
  2
RED4
  70
0
  62
1
  6
CONTINUOUS
  0
LAYER
  2
MAGENTA4
  70
0
  62
6
  6
CONTINUOUS
  0
LAYER
  2
YELLOW4
  70
0
  62
2
  6
CONTINUOUS
  0
LAYER
  2
ORANGE4
  70
0
  62
40
  6
CONTINUOUS
  0
ENDTAB
  0
ENDSEC
  0
SECTION
  2
ENTITIES
0
LINE
8
RED2
6
CONTINUOUS
10
6.9685905511811024
20
-6.5357165354330711
11
11.2205590551181107
21
-6.5357165354330711
0
LINE
8
RED2
6
CONTINUOUS
10
11.2205590551181107
20
-6.5357165354330711
11
11.2205590551181107
21
-7.7955590551181109
0
LINE
8
RED2
6
CONTINUOUS
10
11.2205590551181107
20
-7.7955590551181109
11
6.9685905511811024
21
-7.7955590551181109
0
LINE
8
RED2
6
CONTINUOUS
10
6.9685905511811024
20
-7.7955590551181109
11
6.9685905511811024
21
-6.5357165354330711
0
LINE
8
RED2
6
CONTINUOUS
10
0.3937007874015748
20
-0.3937007874015748
11
11.2992992125984255
21
-0.3937007874015748
0
LINE
8
RED2
6
CONTINUOUS
10
11.2992992125984255
20
-0.3937007874015748
11
11.2992992125984255
21
-7.8742992125984257
0
LINE
8
RED2
6
CONTINUOUS
10
11.2992992125984255
20
-7.8742992125984257
11
0.3937007874015748
21
-7.8742992125984257
0
LINE
8
RED2
6
CONTINUOUS
10
0.3937007874015748
20
-7.8742992125984257
11
0.3937007874015748
21
-0.3937007874015748
0
LINE
8
RED2
6
CONTINUOUS
10
0.4724409448818898
20
-0.4724409448818898
11
11.2205590551181107
21
-0.4724409448818898
0
LINE
8
RED2
6
CONTINUOUS
10
11.2205590551181107
20
-0.4724409448818898
11
11.2205590551181107
21
-7.7955590551181109
0
LINE
8
RED2
6
CONTINUOUS
10
11.2205590551181107
20
-7.7955590551181109
11
0.4724409448818898
21
-7.7955590551181109
0
LINE
8
RED2
6
CONTINUOUS
10
0.4724409448818898
20
-7.7955590551181109
11
0.4724409448818898
21
-0.4724409448818898
0
LINE
8
RED2
6
CONTINUOUS
10
2.3622047244094491
20
-0.4724409448818898
11
2.3622047244094491
21
-0.3937007874015748
0
LINE
8
RED2
6
CONTINUOUS
10
4.3307086614173231
20
-0.4724409448818898
11
4.3307086614173231
21
-0.3937007874015748
0
LINE
8
RED2
6
CONTINUOUS
10
6.2992125984251972
20
-0.4724409448818898
11
6.2992125984251972
21
-0.3937007874015748
0
LINE
8
RED2
6
CONTINUOUS
10
8.2677165354330704
20
-0.4724409448818898
11
8.2677165354330704
21
-0.3937007874015748
0
LINE
8
RED2
6
CONTINUOUS
10
10.2362204724409445
20
-0.4724409448818898
11
10.2362204724409445
21
-0.3937007874015748
0
LINE
8
RED2
6
CONTINUOUS
10
1.4208267716535434
20
-0.4564448818897638
11
1.3915826771653543
21
-0.4564448818897638
0
LINE
8
RED2
6
CONTINUOUS
10
1.4062047244094489
20
-0.4564448818897638
11
1.4062047244094489
21
-0.4052637795275591
0
LINE
8
RED2
6
CONTINUOUS
10
1.4062047244094489
20
-0.4052637795275591
11
1.4013307086614173
21
-0.4125748031496063
0
LINE
8
RED2
6
CONTINUOUS
10
1.4013307086614173
20
-0.4125748031496063
11
1.3964566929133859
21
-0.4174488188976378
0
LINE
8
RED2
6
CONTINUOUS
10
1.3964566929133859
20
-0.4174488188976378
11
1.3915826771653543
21
-0.4198858267716535
0
LINE
8
RED2
6
CONTINUOUS
10
3.3600866141732286
20
-0.4101377952755906
11
3.3625236220472443
21
-0.4077007874015748
0
LINE
8
RED2
6
CONTINUOUS
10
3.3625236220472443
20
-0.4077007874015748
11
3.3673976377952757
21
-0.4052637795275591
0
LINE
8
RED2
6
CONTINUOUS
10
3.3673976377952757
20
-0.4052637795275591
11
3.3795826771653545
21
-0.4052637795275591
0
LINE
8
RED2
6
CONTINUOUS
10
3.3795826771653545
20
-0.4052637795275591
11
3.3844566929133859
21
-0.4077007874015748
0
LINE
8
RED2
6
CONTINUOUS
10
3.3844566929133859
20
-0.4077007874015748
11
3.3868937007874016
21
-0.4101377952755906
0
LINE
8
RED2
6
CONTINUOUS
10
3.3868937007874016
20
-0.4101377952755906
11
3.3893307086614173
21
-0.4150118110236221
0
LINE
8
RED2
6
CONTINUOUS
10
3.3893307086614173
20
-0.4150118110236221
11
3.3893307086614173
21
-0.4198858267716535
0
LINE
8
RED2
6
CONTINUOUS
10
3.3893307086614173
20
-0.4198858267716535
11
3.3868937007874016
21
-0.4271968503937008
0
LINE
8
RED2
6
CONTINUOUS
10
3.3868937007874016
20
-0.4271968503937008
11
3.3576496062992129
21
-0.4564448818897638
0
LINE
8
RED2
6
CONTINUOUS
10
3.3576496062992129
20
-0.4564448818897638
11
3.3893307086614173
21
-0.4564448818897638
0
LINE
8
RED2
6
CONTINUOUS
10
5.326153543307087
20
-0.4052637795275591
11
5.3578346456692918
21
-0.4052637795275591
0
LINE
8
RED2
6
CONTINUOUS
10
5.3578346456692918
20
-0.4052637795275591
11
5.3407755905511811
21
-0.4247598425196851
0
LINE
8
RED2
6
CONTINUOUS
10
5.3407755905511811
20
-0.4247598425196851
11
5.3480866141732282
21
-0.4247598425196851
0
LINE
8
RED2
6
CONTINUOUS
10
5.3480866141732282
20
-0.4247598425196851
11
5.3529606299212604
21
-0.4271968503937008
0
LINE
8
RED2
6
CONTINUOUS
10
5.3529606299212604
20
-0.4271968503937008
11
5.3553976377952761
21
-0.4296338582677166
0
LINE
8
RED2
6
CONTINUOUS
10
5.3553976377952761
20
-0.4296338582677166
11
5.3578346456692918
21
-0.434507874015748
0
LINE
8
RED2
6
CONTINUOUS
10
5.3578346456692918
20
-0.434507874015748
11
5.3578346456692918
21
-0.4466929133858268
0
LINE
8
RED2
6
CONTINUOUS
10
5.3578346456692918
20
-0.4466929133858268
11
5.3553976377952761
21
-0.4515669291338583
0
LINE
8
RED2
6
CONTINUOUS
10
5.3553976377952761
20
-0.4515669291338583
11
5.3529606299212604
21
-0.454007874015748
0
LINE
8
RED2
6
CONTINUOUS
10
5.3529606299212604
20
-0.454007874015748
11
5.3480866141732282
21
-0.4564448818897638
0
LINE
8
RED2
6
CONTINUOUS
10
5.3480866141732282
20
-0.4564448818897638
11
5.3334645669291341
21
-0.4564448818897638
0
LINE
8
RED2
6
CONTINUOUS
10
5.3334645669291341
20
-0.4564448818897638
11
5.3285905511811027
21
-0.454007874015748
0
LINE
8
RED2
6
CONTINUOUS
10
5.3285905511811027
20
-0.454007874015748
11
5.326153543307087
21
-0.4515669291338583
0
LINE
8
RED2
6
CONTINUOUS
10
7.3214645669291345
20
-0.4223228346456693
11
7.3214645669291345
21
-0.4564448818897638
0
LINE
8
RED2
6
CONTINUOUS
10
7.3092795275590552
20
-0.4028267716535433
11
7.2970944881889768
21
-0.4393818897637796
0
LINE
8
RED2
6
CONTINUOUS
10
7.2970944881889768
20
-0.4393818897637796
11
7.3287755905511816
21
-0.4393818897637796
0
LINE
8
RED2
6
CONTINUOUS
10
9.2924055118110243
20
-0.4052637795275591
11
9.2680354330708656
21
-0.4052637795275591
0
LINE
8
RED2
6
CONTINUOUS
10
9.2680354330708656
20
-0.4052637795275591
11
9.2655984251968508
21
-0.4296338582677166
0
LINE
8
RED2
6
CONTINUOUS
10
9.2655984251968508
20
-0.4296338582677166
11
9.2680354330708656
21
-0.4271968503937008
0
LINE
8
RED2
6
CONTINUOUS
10
9.2680354330708656
20
-0.4271968503937008
11
9.2729094488188988
21
-0.4247598425196851
0
LINE
8
RED2
6
CONTINUOUS
10
9.2729094488188988
20
-0.4247598425196851
11
9.2850944881889763
21
-0.4247598425196851
0
LINE
8
RED2
6
CONTINUOUS
10
9.2850944881889763
20
-0.4247598425196851
11
9.2899685039370077
21
-0.4271968503937008
0
LINE
8
RED2
6
CONTINUOUS
10
9.2899685039370077
20
-0.4271968503937008
11
9.2924055118110243
21
-0.4296338582677166
0
LINE
8
RED2
6
CONTINUOUS
10
9.2924055118110243
20
-0.4296338582677166
11
9.2948425196850391
21
-0.434507874015748
0
LINE
8
RED2
6
CONTINUOUS
10
9.2948425196850391
20
-0.434507874015748
11
9.2948425196850391
21
-0.4466929133858268
0
LINE
8
RED2
6
CONTINUOUS
10
9.2948425196850391
20
-0.4466929133858268
11
9.2924055118110243
21
-0.4515669291338583
0
LINE
8
RED2
6
CONTINUOUS
10
9.2924055118110243
20
-0.4515669291338583
11
9.2899685039370077
21
-0.454007874015748
0
LINE
8
RED2
6
CONTINUOUS
10
9.2899685039370077
20
-0.454007874015748
11
9.2850944881889763
21
-0.4564448818897638
0
LINE
8
RED2
6
CONTINUOUS
10
9.2850944881889763
20
-0.4564448818897638
11
9.2729094488188988
21
-0.4564448818897638
0
LINE
8
RED2
6
CONTINUOUS
10
9.2729094488188988
20
-0.4564448818897638
11
9.2680354330708656
21
-0.454007874015748
0
LINE
8
RED2
6
CONTINUOUS
10
9.2680354330708656
20
-0.454007874015748
11
9.2655984251968508
21
-0.4515669291338583
0
LINE
8
RED2
6
CONTINUOUS
10
11.2584724409448818
20
-0.4052637795275591
11
11.248724409448819
21
-0.4052637795275591
0
LINE
8
RED2
6
CONTINUOUS
10
11.248724409448819
20
-0.4052637795275591
11
11.2438503937007876
21
-0.4077007874015748
0
LINE
8
RED2
6
CONTINUOUS
10
11.2438503937007876
20
-0.4077007874015748
11
11.2414133858267729
21
-0.4101377952755906
0
LINE
8
RED2
6
CONTINUOUS
10
11.2414133858267729
20
-0.4101377952755906
11
11.2365393700787397
21
-0.4174488188976378
0
LINE
8
RED2
6
CONTINUOUS
10
11.2365393700787397
20
-0.4174488188976378
11
11.2341023622047249
21
-0.4271968503937008
0
LINE
8
RED2
6
CONTINUOUS
10
11.2341023622047249
20
-0.4271968503937008
11
11.2341023622047249
21
-0.4466929133858268
0
LINE
8
RED2
6
CONTINUOUS
10
11.2341023622047249
20
-0.4466929133858268
11
11.2365393700787397
21
-0.4515669291338583
0
LINE
8
RED2
6
CONTINUOUS
10
11.2365393700787397
20
-0.4515669291338583
11
11.2389763779527563
21
-0.454007874015748
0
LINE
8
RED2
6
CONTINUOUS
10
11.2389763779527563
20
-0.454007874015748
11
11.2438503937007876
21
-0.4564448818897638
0
LINE
8
RED2
6
CONTINUOUS
10
11.2438503937007876
20
-0.4564448818897638
11
11.2535984251968504
21
-0.4564448818897638
0
LINE
8
RED2
6
CONTINUOUS
10
11.2535984251968504
20
-0.4564448818897638
11
11.2584724409448818
21
-0.454007874015748
0
LINE
8
RED2
6
CONTINUOUS
10
11.2584724409448818
20
-0.454007874015748
11
11.2609094488188983
21
-0.4515669291338583
0
LINE
8
RED2
6
CONTINUOUS
10
11.2609094488188983
20
-0.4515669291338583
11
11.2633464566929131
21
-0.4466929133858268
0
LINE
8
RED2
6
CONTINUOUS
10
11.2633464566929131
20
-0.4466929133858268
11
11.2633464566929131
21
-0.434507874015748
0
LINE
8
RED2
6
CONTINUOUS
10
11.2633464566929131
20
-0.434507874015748
11
11.2609094488188983
21
-0.4296338582677166
0
LINE
8
RED2
6
CONTINUOUS
10
11.2609094488188983
20
-0.4296338582677166
11
11.2584724409448818
21
-0.4271968503937008
0
LINE
8
RED2
6
CONTINUOUS
10
11.2584724409448818
20
-0.4271968503937008
11
11.2535984251968504
21
-0.4247598425196851
0
LINE
8
RED2
6
CONTINUOUS
10
11.2535984251968504
20
-0.4247598425196851
11
11.2438503937007876
21
-0.4247598425196851
0
LINE
8
RED2
6
CONTINUOUS
10
11.2438503937007876
20
-0.4247598425196851
11
11.2389763779527563
21
-0.4271968503937008
0
LINE
8
RED2
6
CONTINUOUS
10
11.2389763779527563
20
-0.4271968503937008
11
11.2365393700787397
21
-0.4296338582677166
0
LINE
8
RED2
6
CONTINUOUS
10
11.2365393700787397
20
-0.4296338582677166
11
11.2341023622047249
21
-0.434507874015748
0
LINE
8
RED2
6
CONTINUOUS
10
2.3622047244094491
20
-7.7955590551181109
11
2.3622047244094491
21
-7.8742992125984257
0
LINE
8
RED2
6
CONTINUOUS
10
4.3307086614173231
20
-7.7955590551181109
11
4.3307086614173231
21
-7.8742992125984257
0
LINE
8
RED2
6
CONTINUOUS
10
6.2992125984251972
20
-7.7955590551181109
11
6.2992125984251972
21
-7.8742992125984257
0
LINE
8
RED2
6
CONTINUOUS
10
8.2677165354330704
20
-7.7955590551181109
11
8.2677165354330704
21
-7.8742992125984257
0
LINE
8
RED2
6
CONTINUOUS
10
10.2362204724409445
20
-7.7955590551181109
11
10.2362204724409445
21
-7.8742992125984257
0
LINE
8
RED2
6
CONTINUOUS
10
1.4208267716535434
20
-7.8583031496062992
11
1.3915826771653543
21
-7.8583031496062992
0
LINE
8
RED2
6
CONTINUOUS
10
1.4062047244094489
20
-7.8583031496062992
11
1.4062047244094489
21
-7.8071220472440945
0
LINE
8
RED2
6
CONTINUOUS
10
1.4062047244094489
20
-7.8071220472440945
11
1.4013307086614173
21
-7.8144330708661416
0
LINE
8
RED2
6
CONTINUOUS
10
1.4013307086614173
20
-7.8144330708661416
11
1.3964566929133859
21
-7.8193070866141738
0
LINE
8
RED2
6
CONTINUOUS
10
1.3964566929133859
20
-7.8193070866141738
11
1.3915826771653543
21
-7.8217440944881895
0
LINE
8
RED2
6
CONTINUOUS
10
3.3600866141732286
20
-7.8119960629921259
11
3.3625236220472443
21
-7.8095590551181102
0
LINE
8
RED2
6
CONTINUOUS
10
3.3625236220472443
20
-7.8095590551181102
11
3.3673976377952757
21
-7.8071220472440945
0
LINE
8
RED2
6
CONTINUOUS
10
3.3673976377952757
20
-7.8071220472440945
11
3.3795826771653545
21
-7.8071220472440945
0
LINE
8
RED2
6
CONTINUOUS
10
3.3795826771653545
20
-7.8071220472440945
11
3.3844566929133859
21
-7.8095590551181102
0
LINE
8
RED2
6
CONTINUOUS
10
3.3844566929133859
20
-7.8095590551181102
11
3.3868937007874016
21
-7.8119960629921259
0
LINE
8
RED2
6
CONTINUOUS
10
3.3868937007874016
20
-7.8119960629921259
11
3.3893307086614173
21
-7.8168700787401582
0
LINE
8
RED2
6
CONTINUOUS
10
3.3893307086614173
20
-7.8168700787401582
11
3.3893307086614173
21
-7.8217440944881895
0
LINE
8
RED2
6
CONTINUOUS
10
3.3893307086614173
20
-7.8217440944881895
11
3.3868937007874016
21
-7.8290551181102366
0
LINE
8
RED2
6
CONTINUOUS
10
3.3868937007874016
20
-7.8290551181102366
11
3.3576496062992129
21
-7.8583031496062992
0
LINE
8
RED2
6
CONTINUOUS
10
3.3576496062992129
20
-7.8583031496062992
11
3.3893307086614173
21
-7.8583031496062992
0
LINE
8
RED2
6
CONTINUOUS
10
5.326153543307087
20
-7.8071220472440945
11
5.3578346456692918
21
-7.8071220472440945
0
LINE
8
RED2
6
CONTINUOUS
10
5.3578346456692918
20
-7.8071220472440945
11
5.3407755905511811
21
-7.8266181102362209
0
LINE
8
RED2
6
CONTINUOUS
10
5.3407755905511811
20
-7.8266181102362209
11
5.3480866141732282
21
-7.8266181102362209
0
LINE
8
RED2
6
CONTINUOUS
10
5.3480866141732282
20
-7.8266181102362209
11
5.3529606299212604
21
-7.8290551181102366
0
LINE
8
RED2
6
CONTINUOUS
10
5.3529606299212604
20
-7.8290551181102366
11
5.3553976377952761
21
-7.8314921259842523
0
LINE
8
RED2
6
CONTINUOUS
10
5.3553976377952761
20
-7.8314921259842523
11
5.3578346456692918
21
-7.8363661417322836
0
LINE
8
RED2
6
CONTINUOUS
10
5.3578346456692918
20
-7.8363661417322836
11
5.3578346456692918
21
-7.8485511811023629
0
LINE
8
RED2
6
CONTINUOUS
10
5.3578346456692918
20
-7.8485511811023629
11
5.3553976377952761
21
-7.8534251968503943
0
LINE
8
RED2
6
CONTINUOUS
10
5.3553976377952761
20
-7.8534251968503943
11
5.3529606299212604
21
-7.8558661417322835
0
LINE
8
RED2
6
CONTINUOUS
10
5.3529606299212604
20
-7.8558661417322835
11
5.3480866141732282
21
-7.8583031496062992
0
LINE
8
RED2
6
CONTINUOUS
10
5.3480866141732282
20
-7.8583031496062992
11
5.3334645669291341
21
-7.8583031496062992
0
LINE
8
RED2
6
CONTINUOUS
10
5.3334645669291341
20
-7.8583031496062992
11
5.3285905511811027
21
-7.8558661417322835
0
LINE
8
RED2
6
CONTINUOUS
10
5.3285905511811027
20
-7.8558661417322835
11
5.326153543307087
21
-7.8534251968503943
0
LINE
8
RED2
6
CONTINUOUS
10
7.3214645669291345
20
-7.8241811023622052
11
7.3214645669291345
21
-7.8583031496062992
0
LINE
8
RED2
6
CONTINUOUS
10
7.3092795275590552
20
-7.8046850393700788
11
7.2970944881889768
21
-7.841240157480315
0
LINE
8
RED2
6
CONTINUOUS
10
7.2970944881889768
20
-7.841240157480315
11
7.3287755905511816
21
-7.841240157480315
0
LINE
8
RED2
6
CONTINUOUS
10
9.2924055118110243
20
-7.8071220472440945
11
9.2680354330708656
21
-7.8071220472440945
0
LINE
8
RED2
6
CONTINUOUS
10
9.2680354330708656
20
-7.8071220472440945
11
9.2655984251968508
21
-7.8314921259842523
0
LINE
8
RED2
6
CONTINUOUS
10
9.2655984251968508
20
-7.8314921259842523
11
9.2680354330708656
21
-7.8290551181102366
0
LINE
8
RED2
6
CONTINUOUS
10
9.2680354330708656
20
-7.8290551181102366
11
9.2729094488188988
21
-7.8266181102362209
0
LINE
8
RED2
6
CONTINUOUS
10
9.2729094488188988
20
-7.8266181102362209
11
9.2850944881889763
21
-7.8266181102362209
0
LINE
8
RED2
6
CONTINUOUS
10
9.2850944881889763
20
-7.8266181102362209
11
9.2899685039370077
21
-7.8290551181102366
0
LINE
8
RED2
6
CONTINUOUS
10
9.2899685039370077
20
-7.8290551181102366
11
9.2924055118110243
21
-7.8314921259842523
0
LINE
8
RED2
6
CONTINUOUS
10
9.2924055118110243
20
-7.8314921259842523
11
9.2948425196850391
21
-7.8363661417322836
0
LINE
8
RED2
6
CONTINUOUS
10
9.2948425196850391
20
-7.8363661417322836
11
9.2948425196850391
21
-7.8485511811023629
0
LINE
8
RED2
6
CONTINUOUS
10
9.2948425196850391
20
-7.8485511811023629
11
9.2924055118110243
21
-7.8534251968503943
0
LINE
8
RED2
6
CONTINUOUS
10
9.2924055118110243
20
-7.8534251968503943
11
9.2899685039370077
21
-7.8558661417322835
0
LINE
8
RED2
6
CONTINUOUS
10
9.2899685039370077
20
-7.8558661417322835
11
9.2850944881889763
21
-7.8583031496062992
0
LINE
8
RED2
6
CONTINUOUS
10
9.2850944881889763
20
-7.8583031496062992
11
9.2729094488188988
21
-7.8583031496062992
0
LINE
8
RED2
6
CONTINUOUS
10
9.2729094488188988
20
-7.8583031496062992
11
9.2680354330708656
21
-7.8558661417322835
0
LINE
8
RED2
6
CONTINUOUS
10
9.2680354330708656
20
-7.8558661417322835
11
9.2655984251968508
21
-7.8534251968503943
0
LINE
8
RED2
6
CONTINUOUS
10
11.2584724409448818
20
-7.8071220472440945
11
11.248724409448819
21
-7.8071220472440945
0
LINE
8
RED2
6
CONTINUOUS
10
11.248724409448819
20
-7.8071220472440945
11
11.2438503937007876
21
-7.8095590551181102
0
LINE
8
RED2
6
CONTINUOUS
10
11.2438503937007876
20
-7.8095590551181102
11
11.2414133858267729
21
-7.8119960629921259
0
LINE
8
RED2
6
CONTINUOUS
10
11.2414133858267729
20
-7.8119960629921259
11
11.2365393700787397
21
-7.8193070866141738
0
LINE
8
RED2
6
CONTINUOUS
10
11.2365393700787397
20
-7.8193070866141738
11
11.2341023622047249
21
-7.8290551181102366
0
LINE
8
RED2
6
CONTINUOUS
10
11.2341023622047249
20
-7.8290551181102366
11
11.2341023622047249
21
-7.8485511811023629
0
LINE
8
RED2
6
CONTINUOUS
10
11.2341023622047249
20
-7.8485511811023629
11
11.2365393700787397
21
-7.8534251968503943
0
LINE
8
RED2
6
CONTINUOUS
10
11.2365393700787397
20
-7.8534251968503943
11
11.2389763779527563
21
-7.8558661417322835
0
LINE
8
RED2
6
CONTINUOUS
10
11.2389763779527563
20
-7.8558661417322835
11
11.2438503937007876
21
-7.8583031496062992
0
LINE
8
RED2
6
CONTINUOUS
10
11.2438503937007876
20
-7.8583031496062992
11
11.2535984251968504
21
-7.8583031496062992
0
LINE
8
RED2
6
CONTINUOUS
10
11.2535984251968504
20
-7.8583031496062992
11
11.2584724409448818
21
-7.8558661417322835
0
LINE
8
RED2
6
CONTINUOUS
10
11.2584724409448818
20
-7.8558661417322835
11
11.2609094488188983
21
-7.8534251968503943
0
LINE
8
RED2
6
CONTINUOUS
10
11.2609094488188983
20
-7.8534251968503943
11
11.2633464566929131
21
-7.8485511811023629
0
LINE
8
RED2
6
CONTINUOUS
10
11.2633464566929131
20
-7.8485511811023629
11
11.2633464566929131
21
-7.8363661417322836
0
LINE
8
RED2
6
CONTINUOUS
10
11.2633464566929131
20
-7.8363661417322836
11
11.2609094488188983
21
-7.8314921259842523
0
LINE
8
RED2
6
CONTINUOUS
10
11.2609094488188983
20
-7.8314921259842523
11
11.2584724409448818
21
-7.8290551181102366
0
LINE
8
RED2
6
CONTINUOUS
10
11.2584724409448818
20
-7.8290551181102366
11
11.2535984251968504
21
-7.8266181102362209
0
LINE
8
RED2
6
CONTINUOUS
10
11.2535984251968504
20
-7.8266181102362209
11
11.2438503937007876
21
-7.8266181102362209
0
LINE
8
RED2
6
CONTINUOUS
10
11.2438503937007876
20
-7.8266181102362209
11
11.2389763779527563
21
-7.8290551181102366
0
LINE
8
RED2
6
CONTINUOUS
10
11.2389763779527563
20
-7.8290551181102366
11
11.2365393700787397
21
-7.8314921259842523
0
LINE
8
RED2
6
CONTINUOUS
10
11.2365393700787397
20
-7.8314921259842523
11
11.2341023622047249
21
-7.8363661417322836
0
LINE
8
RED2
6
CONTINUOUS
10
0.3937007874015748
20
-2.3622047244094491
11
0.4724409448818898
21
-2.3622047244094491
0
LINE
8
RED2
6
CONTINUOUS
10
0.3937007874015748
20
-4.3307086614173231
11
0.4724409448818898
21
-4.3307086614173231
0
LINE
8
RED2
6
CONTINUOUS
10
0.3937007874015748
20
-6.2992125984251972
11
0.4724409448818898
21
-6.2992125984251972
0
LINE
8
RED2
6
CONTINUOUS
10
0.4208858267716535
20
-1.3867007874015749
11
0.445255905511811
21
-1.3867007874015749
0
LINE
8
RED2
6
CONTINUOUS
10
0.4160118110236221
20
-1.4013267716535434
11
0.4330708661417323
21
-1.3501456692913387
0
LINE
8
RED2
6
CONTINUOUS
10
0.4330708661417323
20
-1.3501456692913387
11
0.4501299212598425
21
-1.4013267716535434
0
LINE
8
RED2
6
CONTINUOUS
10
0.4367244094488189
20
-3.3430196850393701
11
0.4440354330708662
21
-3.3454566929133858
0
LINE
8
RED2
6
CONTINUOUS
10
0.4440354330708662
20
-3.3454566929133858
11
0.4464724409448819
21
-3.3478937007874019
0
LINE
8
RED2
6
CONTINUOUS
10
0.4464724409448819
20
-3.3478937007874019
11
0.4489094488188977
21
-3.3527677165354333
0
LINE
8
RED2
6
CONTINUOUS
10
0.4489094488188977
20
-3.3527677165354333
11
0.4489094488188977
21
-3.3600787401574803
0
LINE
8
RED2
6
CONTINUOUS
10
0.4489094488188977
20
-3.3600787401574803
11
0.4464724409448819
21
-3.3649527559055121
0
LINE
8
RED2
6
CONTINUOUS
10
0.4464724409448819
20
-3.3649527559055121
11
0.4440354330708662
21
-3.3673937007874017
0
LINE
8
RED2
6
CONTINUOUS
10
0.4440354330708662
20
-3.3673937007874017
11
0.4391614173228346
21
-3.3698307086614174
0
LINE
8
RED2
6
CONTINUOUS
10
0.4391614173228346
20
-3.3698307086614174
11
0.4196653543307087
21
-3.3698307086614174
0
LINE
8
RED2
6
CONTINUOUS
10
0.4196653543307087
20
-3.3698307086614174
11
0.4196653543307087
21
-3.3186496062992128
0
LINE
8
RED2
6
CONTINUOUS
10
0.4196653543307087
20
-3.3186496062992128
11
0.4367244094488189
21
-3.3186496062992128
0
LINE
8
RED2
6
CONTINUOUS
10
0.4367244094488189
20
-3.3186496062992128
11
0.4415984251968504
21
-3.3210866141732285
0
LINE
8
RED2
6
CONTINUOUS
10
0.4415984251968504
20
-3.3210866141732285
11
0.4440354330708662
21
-3.3235236220472442
0
LINE
8
RED2
6
CONTINUOUS
10
0.4440354330708662
20
-3.3235236220472442
11
0.4464724409448819
21
-3.3283976377952755
0
LINE
8
RED2
6
CONTINUOUS
10
0.4464724409448819
20
-3.3283976377952755
11
0.4464724409448819
21
-3.3332716535433073
0
LINE
8
RED2
6
CONTINUOUS
10
0.4464724409448819
20
-3.3332716535433073
11
0.4440354330708662
21
-3.3381456692913387
0
LINE
8
RED2
6
CONTINUOUS
10
0.4440354330708662
20
-3.3381456692913387
11
0.4415984251968504
21
-3.3405826771653544
0
LINE
8
RED2
6
CONTINUOUS
10
0.4415984251968504
20
-3.3405826771653544
11
0.4367244094488189
21
-3.3430196850393701
0
LINE
8
RED2
6
CONTINUOUS
10
0.4367244094488189
20
-3.3430196850393701
11
0.4196653543307087
21
-3.3430196850393701
0
LINE
8
RED2
6
CONTINUOUS
10
0.4489094488188977
20
-5.3334566929133862
11
0.4464724409448819
21
-5.3358976377952754
0
LINE
8
RED2
6
CONTINUOUS
10
0.4464724409448819
20
-5.3358976377952754
11
0.4391614173228346
21
-5.3383346456692919
0
LINE
8
RED2
6
CONTINUOUS
10
0.4391614173228346
20
-5.3383346456692919
11
0.4342874015748032
21
-5.3383346456692919
0
LINE
8
RED2
6
CONTINUOUS
10
0.4342874015748032
20
-5.3383346456692919
11
0.4269763779527559
21
-5.3358976377952754
0
LINE
8
RED2
6
CONTINUOUS
10
0.4269763779527559
20
-5.3358976377952754
11
0.4221023622047244
21
-5.3310196850393705
0
LINE
8
RED2
6
CONTINUOUS
10
0.4221023622047244
20
-5.3310196850393705
11
0.4196653543307087
21
-5.3261456692913391
0
LINE
8
RED2
6
CONTINUOUS
10
0.4196653543307087
20
-5.3261456692913391
11
0.4172283464566929
21
-5.3163976377952755
0
LINE
8
RED2
6
CONTINUOUS
10
0.4172283464566929
20
-5.3163976377952755
11
0.4172283464566929
21
-5.3090866141732285
0
LINE
8
RED2
6
CONTINUOUS
10
0.4172283464566929
20
-5.3090866141732285
11
0.4196653543307087
21
-5.2993385826771657
0
LINE
8
RED2
6
CONTINUOUS
10
0.4196653543307087
20
-5.2993385826771657
11
0.4221023622047244
21
-5.2944645669291344
0
LINE
8
RED2
6
CONTINUOUS
10
0.4221023622047244
20
-5.2944645669291344
11
0.4269763779527559
21
-5.289590551181103
0
LINE
8
RED2
6
CONTINUOUS
10
0.4269763779527559
20
-5.289590551181103
11
0.4342874015748032
21
-5.2871535433070864
0
LINE
8
RED2
6
CONTINUOUS
10
0.4342874015748032
20
-5.2871535433070864
11
0.4391614173228346
21
-5.2871535433070864
0
LINE
8
RED2
6
CONTINUOUS
10
0.4391614173228346
20
-5.2871535433070864
11
0.4464724409448819
21
-5.289590551181103
0
LINE
8
RED2
6
CONTINUOUS
10
0.4464724409448819
20
-5.289590551181103
11
0.4489094488188977
21
-5.2920275590551187
0
LINE
8
RED2
6
CONTINUOUS
10
0.4196653543307087
20
-7.306838582677166
11
0.4196653543307087
21
-7.2556574803149605
0
LINE
8
RED2
6
CONTINUOUS
10
0.4196653543307087
20
-7.2556574803149605
11
0.4318503937007874
21
-7.2556574803149605
0
LINE
8
RED2
6
CONTINUOUS
10
0.4318503937007874
20
-7.2556574803149605
11
0.4391614173228346
21
-7.2580944881889771
0
LINE
8
RED2
6
CONTINUOUS
10
0.4391614173228346
20
-7.2580944881889771
11
0.4440354330708662
21
-7.2629685039370084
0
LINE
8
RED2
6
CONTINUOUS
10
0.4440354330708662
20
-7.2629685039370084
11
0.4464724409448819
21
-7.2678425196850398
0
LINE
8
RED2
6
CONTINUOUS
10
0.4464724409448819
20
-7.2678425196850398
11
0.4489094488188977
21
-7.2775905511811025
0
LINE
8
RED2
6
CONTINUOUS
10
0.4489094488188977
20
-7.2775905511811025
11
0.4489094488188977
21
-7.2849015748031496
0
LINE
8
RED2
6
CONTINUOUS
10
0.4489094488188977
20
-7.2849015748031496
11
0.4464724409448819
21
-7.2946496062992132
0
LINE
8
RED2
6
CONTINUOUS
10
0.4464724409448819
20
-7.2946496062992132
11
0.4440354330708662
21
-7.2995236220472446
0
LINE
8
RED2
6
CONTINUOUS
10
0.4440354330708662
20
-7.2995236220472446
11
0.4391614173228346
21
-7.3044015748031494
0
LINE
8
RED2
6
CONTINUOUS
10
0.4391614173228346
20
-7.3044015748031494
11
0.4318503937007874
21
-7.306838582677166
0
LINE
8
RED2
6
CONTINUOUS
10
0.4318503937007874
20
-7.306838582677166
11
0.4196653543307087
21
-7.306838582677166
0
LINE
8
RED2
6
CONTINUOUS
10
11.2992992125984255
20
-2.3622047244094491
11
11.2205590551181107
21
-2.3622047244094491
0
LINE
8
RED2
6
CONTINUOUS
10
11.2992992125984255
20
-4.3307086614173231
11
11.2205590551181107
21
-4.3307086614173231
0
LINE
8
RED2
6
CONTINUOUS
10
11.2992992125984255
20
-6.2992125984251972
11
11.2205590551181107
21
-6.2992125984251972
0
LINE
8
RED2
6
CONTINUOUS
10
11.2477440944881888
20
-1.3867007874015749
11
11.2721141732283474
21
-1.3867007874015749
0
LINE
8
RED2
6
CONTINUOUS
10
11.2428700787401574
20
-1.4013267716535434
11
11.2599291338582681
21
-1.3501456692913387
0
LINE
8
RED2
6
CONTINUOUS
10
11.2599291338582681
20
-1.3501456692913387
11
11.2769881889763788
21
-1.4013267716535434
0
LINE
8
RED2
6
CONTINUOUS
10
11.2635826771653544
20
-3.3430196850393701
11
11.2708937007874024
21
-3.3454566929133858
0
LINE
8
RED2
6
CONTINUOUS
10
11.2708937007874024
20
-3.3454566929133858
11
11.2733307086614172
21
-3.3478937007874019
0
LINE
8
RED2
6
CONTINUOUS
10
11.2733307086614172
20
-3.3478937007874019
11
11.2757677165354337
21
-3.3527677165354333
0
LINE
8
RED2
6
CONTINUOUS
10
11.2757677165354337
20
-3.3527677165354333
11
11.2757677165354337
21
-3.3600787401574803
0
LINE
8
RED2
6
CONTINUOUS
10
11.2757677165354337
20
-3.3600787401574803
11
11.2733307086614172
21
-3.3649527559055121
0
LINE
8
RED2
6
CONTINUOUS
10
11.2733307086614172
20
-3.3649527559055121
11
11.2708937007874024
21
-3.3673937007874017
0
LINE
8
RED2
6
CONTINUOUS
10
11.2708937007874024
20
-3.3673937007874017
11
11.266019685039371
21
-3.3698307086614174
0
LINE
8
RED2
6
CONTINUOUS
10
11.266019685039371
20
-3.3698307086614174
11
11.2465236220472438
21
-3.3698307086614174
0
LINE
8
RED2
6
CONTINUOUS
10
11.2465236220472438
20
-3.3698307086614174
11
11.2465236220472438
21
-3.3186496062992128
0
LINE
8
RED2
6
CONTINUOUS
10
11.2465236220472438
20
-3.3186496062992128
11
11.2635826771653544
21
-3.3186496062992128
0
LINE
8
RED2
6
CONTINUOUS
10
11.2635826771653544
20
-3.3186496062992128
11
11.2684566929133858
21
-3.3210866141732285
0
LINE
8
RED2
6
CONTINUOUS
10
11.2684566929133858
20
-3.3210866141732285
11
11.2708937007874024
21
-3.3235236220472442
0
LINE
8
RED2
6
CONTINUOUS
10
11.2708937007874024
20
-3.3235236220472442
11
11.2733307086614172
21
-3.3283976377952755
0
LINE
8
RED2
6
CONTINUOUS
10
11.2733307086614172
20
-3.3283976377952755
11
11.2733307086614172
21
-3.3332716535433073
0
LINE
8
RED2
6
CONTINUOUS
10
11.2733307086614172
20
-3.3332716535433073
11
11.2708937007874024
21
-3.3381456692913387
0
LINE
8
RED2
6
CONTINUOUS
10
11.2708937007874024
20
-3.3381456692913387
11
11.2684566929133858
21
-3.3405826771653544
0
LINE
8
RED2
6
CONTINUOUS
10
11.2684566929133858
20
-3.3405826771653544
11
11.2635826771653544
21
-3.3430196850393701
0
LINE
8
RED2
6
CONTINUOUS
10
11.2635826771653544
20
-3.3430196850393701
11
11.2465236220472438
21
-3.3430196850393701
0
LINE
8
RED2
6
CONTINUOUS
10
11.2757677165354337
20
-5.3334566929133862
11
11.2733307086614172
21
-5.3358976377952754
0
LINE
8
RED2
6
CONTINUOUS
10
11.2733307086614172
20
-5.3358976377952754
11
11.266019685039371
21
-5.3383346456692919
0
LINE
8
RED2
6
CONTINUOUS
10
11.266019685039371
20
-5.3383346456692919
11
11.2611456692913396
21
-5.3383346456692919
0
LINE
8
RED2
6
CONTINUOUS
10
11.2611456692913396
20
-5.3383346456692919
11
11.2538346456692917
21
-5.3358976377952754
0
LINE
8
RED2
6
CONTINUOUS
10
11.2538346456692917
20
-5.3358976377952754
11
11.2489606299212603
21
-5.3310196850393705
0
LINE
8
RED2
6
CONTINUOUS
10
11.2489606299212603
20
-5.3310196850393705
11
11.2465236220472438
21
-5.3261456692913391
0
LINE
8
RED2
6
CONTINUOUS
10
11.2465236220472438
20
-5.3261456692913391
11
11.244086614173229
21
-5.3163976377952755
0
LINE
8
RED2
6
CONTINUOUS
10
11.244086614173229
20
-5.3163976377952755
11
11.244086614173229
21
-5.3090866141732285
0
LINE
8
RED2
6
CONTINUOUS
10
11.244086614173229
20
-5.3090866141732285
11
11.2465236220472438
21
-5.2993385826771657
0
LINE
8
RED2
6
CONTINUOUS
10
11.2465236220472438
20
-5.2993385826771657
11
11.2489606299212603
21
-5.2944645669291344
0
LINE
8
RED2
6
CONTINUOUS
10
11.2489606299212603
20
-5.2944645669291344
11
11.2538346456692917
21
-5.289590551181103
0
LINE
8
RED2
6
CONTINUOUS
10
11.2538346456692917
20
-5.289590551181103
11
11.2611456692913396
21
-5.2871535433070864
0
LINE
8
RED2
6
CONTINUOUS
10
11.2611456692913396
20
-5.2871535433070864
11
11.266019685039371
21
-5.2871535433070864
0
LINE
8
RED2
6
CONTINUOUS
10
11.266019685039371
20
-5.2871535433070864
11
11.2733307086614172
21
-5.289590551181103
0
LINE
8
RED2
6
CONTINUOUS
10
11.2733307086614172
20
-5.289590551181103
11
11.2757677165354337
21
-5.2920275590551187
0
LINE
8
RED2
6
CONTINUOUS
10
11.2465236220472438
20
-7.306838582677166
11
11.2465236220472438
21
-7.2556574803149605
0
LINE
8
RED2
6
CONTINUOUS
10
11.2465236220472438
20
-7.2556574803149605
11
11.2587086614173231
21
-7.2556574803149605
0
LINE
8
RED2
6
CONTINUOUS
10
11.2587086614173231
20
-7.2556574803149605
11
11.266019685039371
21
-7.2580944881889771
0
LINE
8
RED2
6
CONTINUOUS
10
11.266019685039371
20
-7.2580944881889771
11
11.2708937007874024
21
-7.2629685039370084
0
LINE
8
RED2
6
CONTINUOUS
10
11.2708937007874024
20
-7.2629685039370084
11
11.2733307086614172
21
-7.2678425196850398
0
LINE
8
RED2
6
CONTINUOUS
10
11.2733307086614172
20
-7.2678425196850398
11
11.2757677165354337
21
-7.2775905511811025
0
LINE
8
RED2
6
CONTINUOUS
10
11.2757677165354337
20
-7.2775905511811025
11
11.2757677165354337
21
-7.2849015748031496
0
LINE
8
RED2
6
CONTINUOUS
10
11.2757677165354337
20
-7.2849015748031496
11
11.2733307086614172
21
-7.2946496062992132
0
LINE
8
RED2
6
CONTINUOUS
10
11.2733307086614172
20
-7.2946496062992132
11
11.2708937007874024
21
-7.2995236220472446
0
LINE
8
RED2
6
CONTINUOUS
10
11.2708937007874024
20
-7.2995236220472446
11
11.266019685039371
21
-7.3044015748031494
0
LINE
8
RED2
6
CONTINUOUS
10
11.266019685039371
20
-7.3044015748031494
11
11.2587086614173231
21
-7.306838582677166
0
LINE
8
RED2
6
CONTINUOUS
10
11.2587086614173231
20
-7.306838582677166
11
11.2465236220472438
21
-7.306838582677166
0
LINE
8
RED2
6
CONTINUOUS
10
7.8920433070866141
20
-7.629657480314961
11
7.8920433070866141
21
-7.5706023622047249
0
LINE
8
RED2
6
CONTINUOUS
10
7.8920433070866141
20
-7.5706023622047249
11
7.9061023622047246
21
-7.5706023622047249
0
LINE
8
RED2
6
CONTINUOUS
10
7.9061023622047246
20
-7.5706023622047249
11
7.9145393700787405
21
-7.5734133858267718
0
LINE
8
RED2
6
CONTINUOUS
10
7.9145393700787405
20
-7.5734133858267718
11
7.9201653543307087
21
-7.5790393700787408
0
LINE
8
RED2
6
CONTINUOUS
10
7.9201653543307087
20
-7.5790393700787408
11
7.9229763779527564
21
-7.5846614173228346
0
LINE
8
RED2
6
CONTINUOUS
10
7.9229763779527564
20
-7.5846614173228346
11
7.9257874015748033
21
-7.5959094488188983
0
LINE
8
RED2
6
CONTINUOUS
10
7.9257874015748033
20
-7.5959094488188983
11
7.9257874015748033
21
-7.6043464566929133
0
LINE
8
RED2
6
CONTINUOUS
10
7.9257874015748033
20
-7.6043464566929133
11
7.9229763779527564
21
-7.615594488188977
0
LINE
8
RED2
6
CONTINUOUS
10
7.9229763779527564
20
-7.615594488188977
11
7.9201653543307087
21
-7.6212204724409451
0
LINE
8
RED2
6
CONTINUOUS
10
7.9201653543307087
20
-7.6212204724409451
11
7.9145393700787405
21
-7.6268464566929133
0
LINE
8
RED2
6
CONTINUOUS
10
7.9145393700787405
20
-7.6268464566929133
11
7.9061023622047246
21
-7.629657480314961
0
LINE
8
RED2
6
CONTINUOUS
10
7.9061023622047246
20
-7.629657480314961
11
7.8920433070866141
21
-7.629657480314961
0
LINE
8
RED2
6
CONTINUOUS
10
7.9764094488188979
20
-7.629657480314961
11
7.9764094488188979
21
-7.5987244094488196
0
LINE
8
RED2
6
CONTINUOUS
10
7.9764094488188979
20
-7.5987244094488196
11
7.9735944881889766
21
-7.5930984251968505
0
LINE
8
RED2
6
CONTINUOUS
10
7.9735944881889766
20
-7.5930984251968505
11
7.967972440944882
21
-7.5902874015748036
0
LINE
8
RED2
6
CONTINUOUS
10
7.967972440944882
20
-7.5902874015748036
11
7.9567244094488192
21
-7.5902874015748036
0
LINE
8
RED2
6
CONTINUOUS
10
7.9567244094488192
20
-7.5902874015748036
11
7.9510984251968511
21
-7.5930984251968505
0
LINE
8
RED2
6
CONTINUOUS
10
7.9764094488188979
20
-7.6268464566929133
11
7.9707834645669298
21
-7.629657480314961
0
LINE
8
RED2
6
CONTINUOUS
10
7.9707834645669298
20
-7.629657480314961
11
7.9567244094488192
21
-7.629657480314961
0
LINE
8
RED2
6
CONTINUOUS
10
7.9567244094488192
20
-7.629657480314961
11
7.9510984251968511
21
-7.6268464566929133
0
LINE
8
RED2
6
CONTINUOUS
10
7.9510984251968511
20
-7.6268464566929133
11
7.9482874015748033
21
-7.6212204724409451
0
LINE
8
RED2
6
CONTINUOUS
10
7.9482874015748033
20
-7.6212204724409451
11
7.9482874015748033
21
-7.615594488188977
0
LINE
8
RED2
6
CONTINUOUS
10
7.9482874015748033
20
-7.615594488188977
11
7.9510984251968511
21
-7.6099724409448823
0
LINE
8
RED2
6
CONTINUOUS
10
7.9510984251968511
20
-7.6099724409448823
11
7.9567244094488192
21
-7.6071614173228346
0
LINE
8
RED2
6
CONTINUOUS
10
7.9567244094488192
20
-7.6071614173228346
11
7.9707834645669298
21
-7.6071614173228346
0
LINE
8
RED2
6
CONTINUOUS
10
7.9707834645669298
20
-7.6071614173228346
11
7.9764094488188979
21
-7.6043464566929133
0
LINE
8
RED2
6
CONTINUOUS
10
7.9960905511811022
20
-7.5902874015748036
11
8.0185866141732287
21
-7.5902874015748036
0
LINE
8
RED2
6
CONTINUOUS
10
8.0045275590551181
20
-7.5706023622047249
11
8.0045275590551181
21
-7.6212204724409451
0
LINE
8
RED2
6
CONTINUOUS
10
8.0045275590551181
20
-7.6212204724409451
11
8.0073385826771659
21
-7.6268464566929133
0
LINE
8
RED2
6
CONTINUOUS
10
8.0073385826771659
20
-7.6268464566929133
11
8.0129645669291349
21
-7.629657480314961
0
LINE
8
RED2
6
CONTINUOUS
10
8.0129645669291349
20
-7.629657480314961
11
8.0185866141732287
21
-7.629657480314961
0
LINE
8
RED2
6
CONTINUOUS
10
8.0607677165354339
20
-7.6268464566929133
11
8.0551456692913384
21
-7.629657480314961
0
LINE
8
RED2
6
CONTINUOUS
10
8.0551456692913384
20
-7.629657480314961
11
8.0438976377952756
21
-7.629657480314961
0
LINE
8
RED2
6
CONTINUOUS
10
8.0438976377952756
20
-7.629657480314961
11
8.0382716535433065
21
-7.6268464566929133
0
LINE
8
RED2
6
CONTINUOUS
10
8.0382716535433065
20
-7.6268464566929133
11
8.0354606299212605
21
-7.6212204724409451
0
LINE
8
RED2
6
CONTINUOUS
10
8.0354606299212605
20
-7.6212204724409451
11
8.0354606299212605
21
-7.5987244094488196
0
LINE
8
RED2
6
CONTINUOUS
10
8.0354606299212605
20
-7.5987244094488196
11
8.0382716535433065
21
-7.5930984251968505
0
LINE
8
RED2
6
CONTINUOUS
10
8.0382716535433065
20
-7.5930984251968505
11
8.0438976377952756
21
-7.5902874015748036
0
LINE
8
RED2
6
CONTINUOUS
10
8.0438976377952756
20
-7.5902874015748036
11
8.0551456692913384
21
-7.5902874015748036
0
LINE
8
RED2
6
CONTINUOUS
10
8.0551456692913384
20
-7.5902874015748036
11
8.0607677165354339
21
-7.5930984251968505
0
LINE
8
RED2
6
CONTINUOUS
10
8.0607677165354339
20
-7.5930984251968505
11
8.0635826771653552
21
-7.5987244094488196
0
LINE
8
RED2
6
CONTINUOUS
10
8.0635826771653552
20
-7.5987244094488196
11
8.0635826771653552
21
-7.6043464566929133
0
LINE
8
RED2
6
CONTINUOUS
10
8.0635826771653552
20
-7.6043464566929133
11
8.0354606299212605
21
-7.6099724409448823
0
LINE
8
RED2
6
CONTINUOUS
10
8.0888897637795285
20
-7.624031496062992
11
8.0917007874015745
21
-7.6268464566929133
0
LINE
8
RED2
6
CONTINUOUS
10
8.0917007874015745
20
-7.6268464566929133
11
8.0888897637795285
21
-7.629657480314961
0
LINE
8
RED2
6
CONTINUOUS
10
8.0888897637795285
20
-7.629657480314961
11
8.0860787401574807
21
-7.6268464566929133
0
LINE
8
RED2
6
CONTINUOUS
10
8.0860787401574807
20
-7.6268464566929133
11
8.0888897637795285
21
-7.624031496062992
0
LINE
8
RED2
6
CONTINUOUS
10
8.0888897637795285
20
-7.624031496062992
11
8.0888897637795285
21
-7.629657480314961
0
LINE
8
RED2
6
CONTINUOUS
10
8.0888897637795285
20
-7.5930984251968505
11
8.0917007874015745
21
-7.5959094488188983
0
LINE
8
RED2
6
CONTINUOUS
10
8.0917007874015745
20
-7.5959094488188983
11
8.0888897637795285
21
-7.5987244094488196
0
LINE
8
RED2
6
CONTINUOUS
10
8.0888897637795285
20
-7.5987244094488196
11
8.0860787401574807
21
-7.5959094488188983
0
LINE
8
RED2
6
CONTINUOUS
10
8.0860787401574807
20
-7.5959094488188983
11
8.0888897637795285
21
-7.5930984251968505
0
LINE
8
RED2
6
CONTINUOUS
10
8.0888897637795285
20
-7.5930984251968505
11
8.0888897637795285
21
-7.5987244094488196
0
LINE
8
RED2
6
CONTINUOUS
10
6.9685905511811024
20
-7.657763779527559
11
11.2205590551181107
21
-7.657763779527559
0
LINE
8
RED2
6
CONTINUOUS
10
7.0259015748031501
20
-7.7398937007874018
11
7.0259015748031501
21
-7.6808385826771657
0
LINE
8
RED2
6
CONTINUOUS
10
7.0596456692913385
20
-7.7398937007874018
11
7.0343385826771661
21
-7.706145669291339
0
LINE
8
RED2
6
CONTINUOUS
10
7.0596456692913385
20
-7.6808385826771657
11
7.0259015748031501
21
-7.714582677165355
0
LINE
8
RED2
6
CONTINUOUS
10
7.0849566929133863
20
-7.7398937007874018
11
7.0849566929133863
21
-7.7005236220472444
0
LINE
8
RED2
6
CONTINUOUS
10
7.0849566929133863
20
-7.6808385826771657
11
7.0821456692913385
21
-7.6836496062992126
0
LINE
8
RED2
6
CONTINUOUS
10
7.0821456692913385
20
-7.6836496062992126
11
7.0849566929133863
21
-7.6864606299212603
0
LINE
8
RED2
6
CONTINUOUS
10
7.0849566929133863
20
-7.6864606299212603
11
7.0877677165354331
21
-7.6836496062992126
0
LINE
8
RED2
6
CONTINUOUS
10
7.0877677165354331
20
-7.6836496062992126
11
7.0849566929133863
21
-7.6808385826771657
0
LINE
8
RED2
6
CONTINUOUS
10
7.0849566929133863
20
-7.6808385826771657
11
7.0849566929133863
21
-7.6864606299212603
0
LINE
8
RED2
6
CONTINUOUS
10
7.1468228346456693
20
-7.7342677165354337
11
7.1440118110236224
21
-7.7370826771653549
0
LINE
8
RED2
6
CONTINUOUS
10
7.1440118110236224
20
-7.7370826771653549
11
7.1355748031496065
21
-7.7398937007874018
0
LINE
8
RED2
6
CONTINUOUS
10
7.1355748031496065
20
-7.7398937007874018
11
7.1299527559055118
21
-7.7398937007874018
0
LINE
8
RED2
6
CONTINUOUS
10
7.1299527559055118
20
-7.7398937007874018
11
7.1215157480314959
21
-7.7370826771653549
0
LINE
8
RED2
6
CONTINUOUS
10
7.1215157480314959
20
-7.7370826771653549
11
7.1158897637795278
21
-7.7314566929133859
0
LINE
8
RED2
6
CONTINUOUS
10
7.1158897637795278
20
-7.7314566929133859
11
7.1130787401574809
21
-7.7258307086614177
0
LINE
8
RED2
6
CONTINUOUS
10
7.1130787401574809
20
-7.7258307086614177
11
7.1102677165354331
21
-7.714582677165355
0
LINE
8
RED2
6
CONTINUOUS
10
7.1102677165354331
20
-7.714582677165355
11
7.1102677165354331
21
-7.706145669291339
0
LINE
8
RED2
6
CONTINUOUS
10
7.1102677165354331
20
-7.706145669291339
11
7.1130787401574809
21
-7.6948976377952762
0
LINE
8
RED2
6
CONTINUOUS
10
7.1130787401574809
20
-7.6948976377952762
11
7.1158897637795278
21
-7.6892755905511816
0
LINE
8
RED2
6
CONTINUOUS
10
7.1158897637795278
20
-7.6892755905511816
11
7.1215157480314959
21
-7.6836496062992126
0
LINE
8
RED2
6
CONTINUOUS
10
7.1215157480314959
20
-7.6836496062992126
11
7.1299527559055118
21
-7.6808385826771657
0
LINE
8
RED2
6
CONTINUOUS
10
7.1299527559055118
20
-7.6808385826771657
11
7.1355748031496065
21
-7.6808385826771657
0
LINE
8
RED2
6
CONTINUOUS
10
7.1355748031496065
20
-7.6808385826771657
11
7.1440118110236224
21
-7.6836496062992126
0
LINE
8
RED2
6
CONTINUOUS
10
7.1440118110236224
20
-7.6836496062992126
11
7.1468228346456693
21
-7.6864606299212603
0
LINE
8
RED2
6
CONTINUOUS
10
7.1974448818897638
20
-7.7398937007874018
11
7.1974448818897638
21
-7.7089606299212603
0
LINE
8
RED2
6
CONTINUOUS
10
7.1974448818897638
20
-7.7089606299212603
11
7.1946299212598426
21
-7.7033346456692913
0
LINE
8
RED2
6
CONTINUOUS
10
7.1946299212598426
20
-7.7033346456692913
11
7.1890078740157479
21
-7.7005236220472444
0
LINE
8
RED2
6
CONTINUOUS
10
7.1890078740157479
20
-7.7005236220472444
11
7.1777598425196851
21
-7.7005236220472444
0
LINE
8
RED2
6
CONTINUOUS
10
7.1777598425196851
20
-7.7005236220472444
11
7.172133858267717
21
-7.7033346456692913
0
LINE
8
RED2
6
CONTINUOUS
10
7.1974448818897638
20
-7.7370826771653549
11
7.1918188976377957
21
-7.7398937007874018
0
LINE
8
RED2
6
CONTINUOUS
10
7.1918188976377957
20
-7.7398937007874018
11
7.1777598425196851
21
-7.7398937007874018
0
LINE
8
RED2
6
CONTINUOUS
10
7.1777598425196851
20
-7.7398937007874018
11
7.172133858267717
21
-7.7370826771653549
0
LINE
8
RED2
6
CONTINUOUS
10
7.172133858267717
20
-7.7370826771653549
11
7.1693228346456692
21
-7.7314566929133859
0
LINE
8
RED2
6
CONTINUOUS
10
7.1693228346456692
20
-7.7314566929133859
11
7.1693228346456692
21
-7.7258307086614177
0
LINE
8
RED2
6
CONTINUOUS
10
7.1693228346456692
20
-7.7258307086614177
11
7.172133858267717
21
-7.7202086614173231
0
LINE
8
RED2
6
CONTINUOUS
10
7.172133858267717
20
-7.7202086614173231
11
7.1777598425196851
21
-7.7173976377952762
0
LINE
8
RED2
6
CONTINUOUS
10
7.1777598425196851
20
-7.7173976377952762
11
7.1918188976377957
21
-7.7173976377952762
0
LINE
8
RED2
6
CONTINUOUS
10
7.1918188976377957
20
-7.7173976377952762
11
7.1974448818897638
21
-7.714582677165355
0
LINE
8
RED2
6
CONTINUOUS
10
7.2508740157480318
20
-7.7398937007874018
11
7.2508740157480318
21
-7.6808385826771657
0
LINE
8
RED2
6
CONTINUOUS
10
7.2508740157480318
20
-7.7370826771653549
11
7.2452480314960637
21
-7.7398937007874018
0
LINE
8
RED2
6
CONTINUOUS
10
7.2452480314960637
20
-7.7398937007874018
11
7.234
21
-7.7398937007874018
0
LINE
8
RED2
6
CONTINUOUS
10
7.234
20
-7.7398937007874018
11
7.2283740157480318
21
-7.7370826771653549
0
LINE
8
RED2
6
CONTINUOUS
10
7.2283740157480318
20
-7.7370826771653549
11
7.225562992125985
21
-7.7342677165354337
0
LINE
8
RED2
6
CONTINUOUS
10
7.225562992125985
20
-7.7342677165354337
11
7.2227519685039372
21
-7.728645669291339
0
LINE
8
RED2
6
CONTINUOUS
10
7.2227519685039372
20
-7.728645669291339
11
7.2227519685039372
21
-7.7117716535433072
0
LINE
8
RED2
6
CONTINUOUS
10
7.2227519685039372
20
-7.7117716535433072
11
7.225562992125985
21
-7.706145669291339
0
LINE
8
RED2
6
CONTINUOUS
10
7.225562992125985
20
-7.706145669291339
11
7.2283740157480318
21
-7.7033346456692913
0
LINE
8
RED2
6
CONTINUOUS
10
7.2283740157480318
20
-7.7033346456692913
11
7.234
21
-7.7005236220472444
0
LINE
8
RED2
6
CONTINUOUS
10
7.234
20
-7.7005236220472444
11
7.2452480314960637
21
-7.7005236220472444
0
LINE
8
RED2
6
CONTINUOUS
10
7.2452480314960637
20
-7.7005236220472444
11
7.2508740157480318
21
-7.7033346456692913
0
LINE
8
RED2
6
CONTINUOUS
10
7.3239881889763785
20
-7.7089606299212603
11
7.3436732283464572
21
-7.7089606299212603
0
LINE
8
RED2
6
CONTINUOUS
10
7.3521102362204731
20
-7.7398937007874018
11
7.3239881889763785
21
-7.7398937007874018
0
LINE
8
RED2
6
CONTINUOUS
10
7.3239881889763785
20
-7.7398937007874018
11
7.3239881889763785
21
-7.6808385826771657
0
LINE
8
RED2
6
CONTINUOUS
10
7.3239881889763785
20
-7.6808385826771657
11
7.3521102362204731
21
-7.6808385826771657
0
LINE
8
RED2
6
CONTINUOUS
10
7.3774173228346456
20
-7.7342677165354337
11
7.3802283464566933
21
-7.7370826771653549
0
LINE
8
RED2
6
CONTINUOUS
10
7.3802283464566933
20
-7.7370826771653549
11
7.3774173228346456
21
-7.7398937007874018
0
LINE
8
RED2
6
CONTINUOUS
10
7.3774173228346456
20
-7.7398937007874018
11
7.3746062992125987
21
-7.7370826771653549
0
LINE
8
RED2
6
CONTINUOUS
10
7.3746062992125987
20
-7.7370826771653549
11
7.3774173228346456
21
-7.7342677165354337
0
LINE
8
RED2
6
CONTINUOUS
10
7.3774173228346456
20
-7.7342677165354337
11
7.3774173228346456
21
-7.7398937007874018
0
LINE
8
RED2
6
CONTINUOUS
10
7.4055393700787402
20
-7.7398937007874018
11
7.4055393700787402
21
-7.6808385826771657
0
LINE
8
RED2
6
CONTINUOUS
10
7.4055393700787402
20
-7.6808385826771657
11
7.4195984251968508
21
-7.6808385826771657
0
LINE
8
RED2
6
CONTINUOUS
10
7.4195984251968508
20
-7.6808385826771657
11
7.4280354330708667
21
-7.6836496062992126
0
LINE
8
RED2
6
CONTINUOUS
10
7.4280354330708667
20
-7.6836496062992126
11
7.4336614173228348
21
-7.6892755905511816
0
LINE
8
RED2
6
CONTINUOUS
10
7.4336614173228348
20
-7.6892755905511816
11
7.4364724409448826
21
-7.6948976377952762
0
LINE
8
RED2
6
CONTINUOUS
10
7.4364724409448826
20
-7.6948976377952762
11
7.4392834645669295
21
-7.706145669291339
0
LINE
8
RED2
6
CONTINUOUS
10
7.4392834645669295
20
-7.706145669291339
11
7.4392834645669295
21
-7.714582677165355
0
LINE
8
RED2
6
CONTINUOUS
10
7.4392834645669295
20
-7.714582677165355
11
7.4364724409448826
21
-7.7258307086614177
0
LINE
8
RED2
6
CONTINUOUS
10
7.4364724409448826
20
-7.7258307086614177
11
7.4336614173228348
21
-7.7314566929133859
0
LINE
8
RED2
6
CONTINUOUS
10
7.4336614173228348
20
-7.7314566929133859
11
7.4280354330708667
21
-7.7370826771653549
0
LINE
8
RED2
6
CONTINUOUS
10
7.4280354330708667
20
-7.7370826771653549
11
7.4195984251968508
21
-7.7398937007874018
0
LINE
8
RED2
6
CONTINUOUS
10
7.4195984251968508
20
-7.7398937007874018
11
7.4055393700787402
21
-7.7398937007874018
0
LINE
8
RED2
6
CONTINUOUS
10
7.4645944881889763
20
-7.7342677165354337
11
7.4674055118110241
21
-7.7370826771653549
0
LINE
8
RED2
6
CONTINUOUS
10
7.4674055118110241
20
-7.7370826771653549
11
7.4645944881889763
21
-7.7398937007874018
0
LINE
8
RED2
6
CONTINUOUS
10
7.4645944881889763
20
-7.7398937007874018
11
7.4617834645669294
21
-7.7370826771653549
0
LINE
8
RED2
6
CONTINUOUS
10
7.4617834645669294
20
-7.7370826771653549
11
7.4645944881889763
21
-7.7342677165354337
0
LINE
8
RED2
6
CONTINUOUS
10
7.4645944881889763
20
-7.7342677165354337
11
7.4645944881889763
21
-7.7398937007874018
0
LINE
8
RED2
6
CONTINUOUS
10
7.489905511811024
20
-7.72301968503937
11
7.5180275590551187
21
-7.72301968503937
0
LINE
8
RED2
6
CONTINUOUS
10
7.484279527559055
20
-7.7398937007874018
11
7.5039645669291337
21
-7.6808385826771657
0
LINE
8
RED2
6
CONTINUOUS
10
7.5039645669291337
20
-7.6808385826771657
11
7.5236496062992133
21
-7.7398937007874018
0
LINE
8
RED2
6
CONTINUOUS
10
7.543334645669292
20
-7.7342677165354337
11
7.5461456692913389
21
-7.7370826771653549
0
LINE
8
RED2
6
CONTINUOUS
10
7.5461456692913389
20
-7.7370826771653549
11
7.543334645669292
21
-7.7398937007874018
0
LINE
8
RED2
6
CONTINUOUS
10
7.543334645669292
20
-7.7398937007874018
11
7.5405236220472442
21
-7.7370826771653549
0
LINE
8
RED2
6
CONTINUOUS
10
7.5405236220472442
20
-7.7370826771653549
11
7.543334645669292
21
-7.7342677165354337
0
LINE
8
RED2
6
CONTINUOUS
10
7.543334645669292
20
-7.7342677165354337
11
7.543334645669292
21
-7.7398937007874018
0
LINE
8
RED2
6
CONTINUOUS
10
7.6192637795275591
20
-7.7398937007874018
11
7.6305118110236227
21
-7.7398937007874018
0
LINE
8
RED2
6
CONTINUOUS
10
7.6305118110236227
20
-7.7398937007874018
11
7.6361377952755909
21
-7.7370826771653549
0
LINE
8
RED2
6
CONTINUOUS
10
7.6361377952755909
20
-7.7370826771653549
11
7.6389488188976378
21
-7.7342677165354337
0
LINE
8
RED2
6
CONTINUOUS
10
7.6389488188976378
20
-7.7342677165354337
11
7.6445748031496068
21
-7.7258307086614177
0
LINE
8
RED2
6
CONTINUOUS
10
7.6445748031496068
20
-7.7258307086614177
11
7.6473858267716537
21
-7.714582677165355
0
LINE
8
RED2
6
CONTINUOUS
10
7.6473858267716537
20
-7.714582677165355
11
7.6473858267716537
21
-7.6920866141732285
0
LINE
8
RED2
6
CONTINUOUS
10
7.6473858267716537
20
-7.6920866141732285
11
7.6445748031496068
21
-7.6864606299212603
0
LINE
8
RED2
6
CONTINUOUS
10
7.6445748031496068
20
-7.6864606299212603
11
7.641763779527559
21
-7.6836496062992126
0
LINE
8
RED2
6
CONTINUOUS
10
7.641763779527559
20
-7.6836496062992126
11
7.6361377952755909
21
-7.6808385826771657
0
LINE
8
RED2
6
CONTINUOUS
10
7.6361377952755909
20
-7.6808385826771657
11
7.6248897637795281
21
-7.6808385826771657
0
LINE
8
RED2
6
CONTINUOUS
10
7.6248897637795281
20
-7.6808385826771657
11
7.6192637795275591
21
-7.6836496062992126
0
LINE
8
RED2
6
CONTINUOUS
10
7.6192637795275591
20
-7.6836496062992126
11
7.6164527559055122
21
-7.6864606299212603
0
LINE
8
RED2
6
CONTINUOUS
10
7.6164527559055122
20
-7.6864606299212603
11
7.6136417322834644
21
-7.6920866141732285
0
LINE
8
RED2
6
CONTINUOUS
10
7.6136417322834644
20
-7.6920866141732285
11
7.6136417322834644
21
-7.706145669291339
0
LINE
8
RED2
6
CONTINUOUS
10
7.6136417322834644
20
-7.706145669291339
11
7.6164527559055122
21
-7.7117716535433072
0
LINE
8
RED2
6
CONTINUOUS
10
7.6164527559055122
20
-7.7117716535433072
11
7.6192637795275591
21
-7.714582677165355
0
LINE
8
RED2
6
CONTINUOUS
10
7.6192637795275591
20
-7.714582677165355
11
7.6248897637795281
21
-7.7173976377952762
0
LINE
8
RED2
6
CONTINUOUS
10
7.6248897637795281
20
-7.7173976377952762
11
7.6361377952755909
21
-7.7173976377952762
0
LINE
8
RED2
6
CONTINUOUS
10
7.6361377952755909
20
-7.7173976377952762
11
7.641763779527559
21
-7.714582677165355
0
LINE
8
RED2
6
CONTINUOUS
10
7.641763779527559
20
-7.714582677165355
11
7.6445748031496068
21
-7.7117716535433072
0
LINE
8
RED2
6
CONTINUOUS
10
7.6445748031496068
20
-7.7117716535433072
11
7.6473858267716537
21
-7.706145669291339
0
LINE
8
RED2
6
CONTINUOUS
10
7.6726968503937014
20
-7.7342677165354337
11
7.6755078740157483
21
-7.7370826771653549
0
LINE
8
RED2
6
CONTINUOUS
10
7.6755078740157483
20
-7.7370826771653549
11
7.6726968503937014
21
-7.7398937007874018
0
LINE
8
RED2
6
CONTINUOUS
10
7.6726968503937014
20
-7.7398937007874018
11
7.6698858267716536
21
-7.7370826771653549
0
LINE
8
RED2
6
CONTINUOUS
10
7.6698858267716536
20
-7.7370826771653549
11
7.6726968503937014
21
-7.7342677165354337
0
LINE
8
RED2
6
CONTINUOUS
10
7.6726968503937014
20
-7.7342677165354337
11
7.6726968503937014
21
-7.7398937007874018
0
LINE
8
RED2
6
CONTINUOUS
10
7.7120669291338588
20
-7.6808385826771657
11
7.717692913385827
21
-7.6808385826771657
0
LINE
8
RED2
6
CONTINUOUS
10
7.717692913385827
20
-7.6808385826771657
11
7.7233149606299216
21
-7.6836496062992126
0
LINE
8
RED2
6
CONTINUOUS
10
7.7233149606299216
20
-7.6836496062992126
11
7.7261299212598429
21
-7.6864606299212603
0
LINE
8
RED2
6
CONTINUOUS
10
7.7261299212598429
20
-7.6864606299212603
11
7.7289409448818898
21
-7.6920866141732285
0
LINE
8
RED2
6
CONTINUOUS
10
7.7289409448818898
20
-7.6920866141732285
11
7.7317519685039375
21
-7.7033346456692913
0
LINE
8
RED2
6
CONTINUOUS
10
7.7317519685039375
20
-7.7033346456692913
11
7.7317519685039375
21
-7.7173976377952762
0
LINE
8
RED2
6
CONTINUOUS
10
7.7317519685039375
20
-7.7173976377952762
11
7.7289409448818898
21
-7.728645669291339
0
LINE
8
RED2
6
CONTINUOUS
10
7.7289409448818898
20
-7.728645669291339
11
7.7261299212598429
21
-7.7342677165354337
0
LINE
8
RED2
6
CONTINUOUS
10
7.7261299212598429
20
-7.7342677165354337
11
7.7233149606299216
21
-7.7370826771653549
0
LINE
8
RED2
6
CONTINUOUS
10
7.7233149606299216
20
-7.7370826771653549
11
7.717692913385827
21
-7.7398937007874018
0
LINE
8
RED2
6
CONTINUOUS
10
7.717692913385827
20
-7.7398937007874018
11
7.7120669291338588
21
-7.7398937007874018
0
LINE
8
RED2
6
CONTINUOUS
10
7.7120669291338588
20
-7.7398937007874018
11
7.7064448818897642
21
-7.7370826771653549
0
LINE
8
RED2
6
CONTINUOUS
10
7.7064448818897642
20
-7.7370826771653549
11
7.7036299212598429
21
-7.7342677165354337
0
LINE
8
RED2
6
CONTINUOUS
10
7.7036299212598429
20
-7.7342677165354337
11
7.7008188976377951
21
-7.728645669291339
0
LINE
8
RED2
6
CONTINUOUS
10
7.7008188976377951
20
-7.728645669291339
11
7.6980078740157483
21
-7.7173976377952762
0
LINE
8
RED2
6
CONTINUOUS
10
7.6980078740157483
20
-7.7173976377952762
11
7.6980078740157483
21
-7.7033346456692913
0
LINE
8
RED2
6
CONTINUOUS
10
7.6980078740157483
20
-7.7033346456692913
11
7.7008188976377951
21
-7.6920866141732285
0
LINE
8
RED2
6
CONTINUOUS
10
7.7008188976377951
20
-7.6920866141732285
11
7.7036299212598429
21
-7.6864606299212603
0
LINE
8
RED2
6
CONTINUOUS
10
7.7036299212598429
20
-7.6864606299212603
11
7.7064448818897642
21
-7.6836496062992126
0
LINE
8
RED2
6
CONTINUOUS
10
7.7064448818897642
20
-7.6836496062992126
11
7.7120669291338588
21
-7.6808385826771657
0
LINE
8
RED2
6
CONTINUOUS
10
7.7570629921259844
20
-7.7342677165354337
11
7.7598740157480321
21
-7.7370826771653549
0
LINE
8
RED2
6
CONTINUOUS
10
7.7598740157480321
20
-7.7370826771653549
11
7.7570629921259844
21
-7.7398937007874018
0
LINE
8
RED2
6
CONTINUOUS
10
7.7570629921259844
20
-7.7398937007874018
11
7.7542519685039375
21
-7.7370826771653549
0
LINE
8
RED2
6
CONTINUOUS
10
7.7542519685039375
20
-7.7370826771653549
11
7.7570629921259844
21
-7.7342677165354337
0
LINE
8
RED2
6
CONTINUOUS
10
7.7570629921259844
20
-7.7342677165354337
11
7.7570629921259844
21
-7.7398937007874018
0
LINE
8
RED2
6
CONTINUOUS
10
7.7823740157480321
20
-7.6864606299212603
11
7.785185039370079
21
-7.6836496062992126
0
LINE
8
RED2
6
CONTINUOUS
10
7.785185039370079
20
-7.6836496062992126
11
7.7908110236220471
21
-7.6808385826771657
0
LINE
8
RED2
6
CONTINUOUS
10
7.7908110236220471
20
-7.6808385826771657
11
7.8048700787401577
21
-7.6808385826771657
0
LINE
8
RED2
6
CONTINUOUS
10
7.8048700787401577
20
-7.6808385826771657
11
7.8104960629921258
21
-7.6836496062992126
0
LINE
8
RED2
6
CONTINUOUS
10
7.8104960629921258
20
-7.6836496062992126
11
7.8133070866141736
21
-7.6864606299212603
0
LINE
8
RED2
6
CONTINUOUS
10
7.8133070866141736
20
-7.6864606299212603
11
7.8161181102362205
21
-7.6920866141732285
0
LINE
8
RED2
6
CONTINUOUS
10
7.8161181102362205
20
-7.6920866141732285
11
7.8161181102362205
21
-7.6977125984251975
0
LINE
8
RED2
6
CONTINUOUS
10
7.8161181102362205
20
-7.6977125984251975
11
7.8133070866141736
21
-7.706145669291339
0
LINE
8
RED2
6
CONTINUOUS
10
7.8133070866141736
20
-7.706145669291339
11
7.7795590551181109
21
-7.7398937007874018
0
LINE
8
RED2
6
CONTINUOUS
10
7.7795590551181109
20
-7.7398937007874018
11
7.8161181102362205
21
-7.7398937007874018
0
LINE
8
RED2
6
CONTINUOUS
10
6.9685905511811024
20
-7.5396535433070868
11
11.2205590551181107
21
-7.5396535433070868
0
LINE
8
RED2
6
CONTINUOUS
10
10.4099881889763779
20
-7.629350393700788
11
10.3903031496063001
21
-7.6012283464566934
0
LINE
8
RED2
6
CONTINUOUS
10
10.3762440944881895
20
-7.629350393700788
11
10.3762440944881895
21
-7.570295275590551
0
LINE
8
RED2
6
CONTINUOUS
10
10.3762440944881895
20
-7.570295275590551
11
10.3987401574803151
21
-7.570295275590551
0
LINE
8
RED2
6
CONTINUOUS
10
10.3987401574803151
20
-7.570295275590551
11
10.4043661417322841
21
-7.5731062992125988
0
LINE
8
RED2
6
CONTINUOUS
10
10.4043661417322841
20
-7.5731062992125988
11
10.4071771653543319
21
-7.5759173228346457
0
LINE
8
RED2
6
CONTINUOUS
10
10.4071771653543319
20
-7.5759173228346457
11
10.4099881889763779
21
-7.5815433070866147
0
LINE
8
RED2
6
CONTINUOUS
10
10.4099881889763779
20
-7.5815433070866147
11
10.4099881889763779
21
-7.5899803149606306
0
LINE
8
RED2
6
CONTINUOUS
10
10.4099881889763779
20
-7.5899803149606306
11
10.4071771653543319
21
-7.5956023622047244
0
LINE
8
RED2
6
CONTINUOUS
10
10.4071771653543319
20
-7.5956023622047244
11
10.4043661417322841
21
-7.5984173228346457
0
LINE
8
RED2
6
CONTINUOUS
10
10.4043661417322841
20
-7.5984173228346457
11
10.3987401574803151
21
-7.6012283464566934
0
LINE
8
RED2
6
CONTINUOUS
10
10.3987401574803151
20
-7.6012283464566934
11
10.3762440944881895
21
-7.6012283464566934
0
LINE
8
RED2
6
CONTINUOUS
10
10.4577952755905521
20
-7.6265393700787403
11
10.4521732283464566
21
-7.629350393700788
0
LINE
8
RED2
6
CONTINUOUS
10
10.4521732283464566
20
-7.629350393700788
11
10.4409251968503938
21
-7.629350393700788
0
LINE
8
RED2
6
CONTINUOUS
10
10.4409251968503938
20
-7.629350393700788
11
10.4352992125984247
21
-7.6265393700787403
0
LINE
8
RED2
6
CONTINUOUS
10
10.4352992125984247
20
-7.6265393700787403
11
10.4324881889763788
21
-7.6209133858267721
0
LINE
8
RED2
6
CONTINUOUS
10
10.4324881889763788
20
-7.6209133858267721
11
10.4324881889763788
21
-7.5984173228346457
0
LINE
8
RED2
6
CONTINUOUS
10
10.4324881889763788
20
-7.5984173228346457
11
10.4352992125984247
21
-7.5927913385826775
0
LINE
8
RED2
6
CONTINUOUS
10
10.4352992125984247
20
-7.5927913385826775
11
10.4409251968503938
21
-7.5899803149606306
0
LINE
8
RED2
6
CONTINUOUS
10
10.4409251968503938
20
-7.5899803149606306
11
10.4521732283464566
21
-7.5899803149606306
0
LINE
8
RED2
6
CONTINUOUS
10
10.4521732283464566
20
-7.5899803149606306
11
10.4577952755905521
21
-7.5927913385826775
0
LINE
8
RED2
6
CONTINUOUS
10
10.4577952755905521
20
-7.5927913385826775
11
10.4606102362204734
21
-7.5984173228346457
0
LINE
8
RED2
6
CONTINUOUS
10
10.4606102362204734
20
-7.5984173228346457
11
10.4606102362204734
21
-7.6040393700787403
0
LINE
8
RED2
6
CONTINUOUS
10
10.4606102362204734
20
-7.6040393700787403
11
10.4324881889763788
21
-7.6096653543307093
0
LINE
8
RED2
6
CONTINUOUS
10
10.4802913385826777
20
-7.5899803149606306
11
10.4943543307086617
21
-7.629350393700788
0
LINE
8
RED2
6
CONTINUOUS
10
10.4943543307086617
20
-7.629350393700788
11
10.5084133858267723
21
-7.5899803149606306
0
LINE
8
RED2
6
CONTINUOUS
10
10.5309133858267714
20
-7.623724409448819
11
10.5337244094488192
21
-7.6265393700787403
0
LINE
8
RED2
6
CONTINUOUS
10
10.5337244094488192
20
-7.6265393700787403
11
10.5309133858267714
21
-7.629350393700788
0
LINE
8
RED2
6
CONTINUOUS
10
10.5309133858267714
20
-7.629350393700788
11
10.5281023622047254
21
-7.6265393700787403
0
LINE
8
RED2
6
CONTINUOUS
10
10.5281023622047254
20
-7.6265393700787403
11
10.5309133858267714
21
-7.623724409448819
0
LINE
8
RED2
6
CONTINUOUS
10
10.5309133858267714
20
-7.623724409448819
11
10.5309133858267714
21
-7.629350393700788
0
LINE
8
RED2
6
CONTINUOUS
10
10.5309133858267714
20
-7.5927913385826775
11
10.5337244094488192
21
-7.5956023622047244
0
LINE
8
RED2
6
CONTINUOUS
10
10.5337244094488192
20
-7.5956023622047244
11
10.5309133858267714
21
-7.5984173228346457
0
LINE
8
RED2
6
CONTINUOUS
10
10.5309133858267714
20
-7.5984173228346457
11
10.5281023622047254
21
-7.5956023622047244
0
LINE
8
RED2
6
CONTINUOUS
10
10.5281023622047254
20
-7.5956023622047244
11
10.5309133858267714
21
-7.5927913385826775
0
LINE
8
RED2
6
CONTINUOUS
10
10.5309133858267714
20
-7.5927913385826775
11
10.5309133858267714
21
-7.5984173228346457
0
LINE
8
RED2
6
CONTINUOUS
10
7.0230905511811024
20
-7.6268464566929133
11
7.0315275590551183
21
-7.629657480314961
0
LINE
8
RED2
6
CONTINUOUS
10
7.0315275590551183
20
-7.629657480314961
11
7.0455866141732288
21
-7.629657480314961
0
LINE
8
RED2
6
CONTINUOUS
10
7.0455866141732288
20
-7.629657480314961
11
7.051212598425197
21
-7.6268464566929133
0
LINE
8
RED2
6
CONTINUOUS
10
7.051212598425197
20
-7.6268464566929133
11
7.0540236220472448
21
-7.624031496062992
0
LINE
8
RED2
6
CONTINUOUS
10
7.0540236220472448
20
-7.624031496062992
11
7.0568346456692916
21
-7.6184094488188983
0
LINE
8
RED2
6
CONTINUOUS
10
7.0568346456692916
20
-7.6184094488188983
11
7.0568346456692916
21
-7.6127834645669292
0
LINE
8
RED2
6
CONTINUOUS
10
7.0568346456692916
20
-7.6127834645669292
11
7.0540236220472448
21
-7.6071614173228346
0
LINE
8
RED2
6
CONTINUOUS
10
7.0540236220472448
20
-7.6071614173228346
11
7.051212598425197
21
-7.6043464566929133
0
LINE
8
RED2
6
CONTINUOUS
10
7.051212598425197
20
-7.6043464566929133
11
7.0455866141732288
21
-7.6015354330708664
0
LINE
8
RED2
6
CONTINUOUS
10
7.0455866141732288
20
-7.6015354330708664
11
7.0343385826771661
21
-7.5987244094488196
0
LINE
8
RED2
6
CONTINUOUS
10
7.0343385826771661
20
-7.5987244094488196
11
7.028712598425197
21
-7.5959094488188983
0
LINE
8
RED2
6
CONTINUOUS
10
7.028712598425197
20
-7.5959094488188983
11
7.0259015748031501
21
-7.5930984251968505
0
LINE
8
RED2
6
CONTINUOUS
10
7.0259015748031501
20
-7.5930984251968505
11
7.0230905511811024
21
-7.5874763779527559
0
LINE
8
RED2
6
CONTINUOUS
10
7.0230905511811024
20
-7.5874763779527559
11
7.0230905511811024
21
-7.5818503937007877
0
LINE
8
RED2
6
CONTINUOUS
10
7.0230905511811024
20
-7.5818503937007877
11
7.0259015748031501
21
-7.5762244094488196
0
LINE
8
RED2
6
CONTINUOUS
10
7.0259015748031501
20
-7.5762244094488196
11
7.028712598425197
21
-7.5734133858267718
0
LINE
8
RED2
6
CONTINUOUS
10
7.028712598425197
20
-7.5734133858267718
11
7.0343385826771661
21
-7.5706023622047249
0
LINE
8
RED2
6
CONTINUOUS
10
7.0343385826771661
20
-7.5706023622047249
11
7.0483976377952757
21
-7.5706023622047249
0
LINE
8
RED2
6
CONTINUOUS
10
7.0483976377952757
20
-7.5706023622047249
11
7.0568346456692916
21
-7.5734133858267718
0
LINE
8
RED2
6
CONTINUOUS
10
7.0821456692913385
20
-7.629657480314961
11
7.0821456692913385
21
-7.5902874015748036
0
LINE
8
RED2
6
CONTINUOUS
10
7.0821456692913385
20
-7.5706023622047249
11
7.0793346456692916
21
-7.5734133858267718
0
LINE
8
RED2
6
CONTINUOUS
10
7.0793346456692916
20
-7.5734133858267718
11
7.0821456692913385
21
-7.5762244094488196
0
LINE
8
RED2
6
CONTINUOUS
10
7.0821456692913385
20
-7.5762244094488196
11
7.0849566929133863
21
-7.5734133858267718
0
LINE
8
RED2
6
CONTINUOUS
10
7.0849566929133863
20
-7.5734133858267718
11
7.0821456692913385
21
-7.5706023622047249
0
LINE
8
RED2
6
CONTINUOUS
10
7.0821456692913385
20
-7.5706023622047249
11
7.0821456692913385
21
-7.5762244094488196
0
LINE
8
RED2
6
CONTINUOUS
10
7.104641732283465
20
-7.5902874015748036
11
7.1355787401574808
21
-7.5902874015748036
0
LINE
8
RED2
6
CONTINUOUS
10
7.1355787401574808
20
-7.5902874015748036
11
7.104641732283465
21
-7.629657480314961
0
LINE
8
RED2
6
CONTINUOUS
10
7.104641732283465
20
-7.629657480314961
11
7.1355787401574808
21
-7.629657480314961
0
LINE
8
RED2
6
CONTINUOUS
10
7.1805708661417329
20
-7.6268464566929133
11
7.1749488188976382
21
-7.629657480314961
0
LINE
8
RED2
6
CONTINUOUS
10
7.1749488188976382
20
-7.629657480314961
11
7.1637007874015755
21
-7.629657480314961
0
LINE
8
RED2
6
CONTINUOUS
10
7.1637007874015755
20
-7.629657480314961
11
7.1580748031496064
21
-7.6268464566929133
0
LINE
8
RED2
6
CONTINUOUS
10
7.1580748031496064
20
-7.6268464566929133
11
7.1552637795275595
21
-7.6212204724409451
0
LINE
8
RED2
6
CONTINUOUS
10
7.1552637795275595
20
-7.6212204724409451
11
7.1552637795275595
21
-7.5987244094488196
0
LINE
8
RED2
6
CONTINUOUS
10
7.1552637795275595
20
-7.5987244094488196
11
7.1580748031496064
21
-7.5930984251968505
0
LINE
8
RED2
6
CONTINUOUS
10
7.1580748031496064
20
-7.5930984251968505
11
7.1637007874015755
21
-7.5902874015748036
0
LINE
8
RED2
6
CONTINUOUS
10
7.1637007874015755
20
-7.5902874015748036
11
7.1749488188976382
21
-7.5902874015748036
0
LINE
8
RED2
6
CONTINUOUS
10
7.1749488188976382
20
-7.5902874015748036
11
7.1805708661417329
21
-7.5930984251968505
0
LINE
8
RED2
6
CONTINUOUS
10
7.1805708661417329
20
-7.5930984251968505
11
7.1833858267716542
21
-7.5987244094488196
0
LINE
8
RED2
6
CONTINUOUS
10
7.1833858267716542
20
-7.5987244094488196
11
7.1833858267716542
21
-7.6043464566929133
0
LINE
8
RED2
6
CONTINUOUS
10
7.1833858267716542
20
-7.6043464566929133
11
7.1552637795275595
21
-7.6099724409448823
0
LINE
8
RED2
6
CONTINUOUS
10
7.2086929133858266
20
-7.624031496062992
11
7.2115039370078744
21
-7.6268464566929133
0
LINE
8
RED2
6
CONTINUOUS
10
7.2115039370078744
20
-7.6268464566929133
11
7.2086929133858266
21
-7.629657480314961
0
LINE
8
RED2
6
CONTINUOUS
10
7.2086929133858266
20
-7.629657480314961
11
7.2058818897637797
21
-7.6268464566929133
0
LINE
8
RED2
6
CONTINUOUS
10
7.2058818897637797
20
-7.6268464566929133
11
7.2086929133858266
21
-7.624031496062992
0
LINE
8
RED2
6
CONTINUOUS
10
7.2086929133858266
20
-7.624031496062992
11
7.2086929133858266
21
-7.629657480314961
0
LINE
8
RED2
6
CONTINUOUS
10
7.2086929133858266
20
-7.5930984251968505
11
7.2115039370078744
21
-7.5959094488188983
0
LINE
8
RED2
6
CONTINUOUS
10
7.2115039370078744
20
-7.5959094488188983
11
7.2086929133858266
21
-7.5987244094488196
0
LINE
8
RED2
6
CONTINUOUS
10
7.2086929133858266
20
-7.5987244094488196
11
7.2058818897637797
21
-7.5959094488188983
0
LINE
8
RED2
6
CONTINUOUS
10
7.2058818897637797
20
-7.5959094488188983
11
7.2086929133858266
21
-7.5930984251968505
0
LINE
8
RED2
6
CONTINUOUS
10
7.2086929133858266
20
-7.5930984251968505
11
7.2086929133858266
21
-7.5987244094488196
0
LINE
8
RED2
6
CONTINUOUS
10
7.2789999999999999
20
-7.6127834645669292
11
7.3071220472440945
21
-7.6127834645669292
0
LINE
8
RED2
6
CONTINUOUS
10
7.2733740157480318
20
-7.629657480314961
11
7.2930590551181105
21
-7.5706023622047249
0
LINE
8
RED2
6
CONTINUOUS
10
7.2930590551181105
20
-7.5706023622047249
11
7.3127440944881892
21
-7.629657480314961
0
LINE
8
RED2
6
CONTINUOUS
10
7.3577401574803156
20
-7.5902874015748036
11
7.3577401574803156
21
-7.629657480314961
0
LINE
8
RED2
6
CONTINUOUS
10
7.3436771653543307
20
-7.5677913385826772
11
7.329618110236221
21
-7.6099724409448823
0
LINE
8
RED2
6
CONTINUOUS
10
7.329618110236221
20
-7.6099724409448823
11
7.3661732283464572
21
-7.6099724409448823
0
LINE
8
RED2
6
CONTINUOUS
10
10.3723582677165354
20
-7.7398937007874018
11
10.3723582677165354
21
-7.6808385826771657
0
LINE
8
RED2
6
CONTINUOUS
10
10.4257913385826768
20
-7.7398937007874018
11
10.4257913385826768
21
-7.6808385826771657
0
LINE
8
RED2
6
CONTINUOUS
10
10.4257913385826768
20
-7.7370826771653549
11
10.4201653543307096
21
-7.7398937007874018
0
LINE
8
RED2
6
CONTINUOUS
10
10.4201653543307096
20
-7.7398937007874018
11
10.4089173228346468
21
-7.7398937007874018
0
LINE
8
RED2
6
CONTINUOUS
10
10.4089173228346468
20
-7.7398937007874018
11
10.4032913385826777
21
-7.7370826771653549
0
LINE
8
RED2
6
CONTINUOUS
10
10.4032913385826777
20
-7.7370826771653549
11
10.40048031496063
21
-7.7342677165354337
0
LINE
8
RED2
6
CONTINUOUS
10
10.40048031496063
20
-7.7342677165354337
11
10.3976692913385822
21
-7.728645669291339
0
LINE
8
RED2
6
CONTINUOUS
10
10.3976692913385822
20
-7.728645669291339
11
10.3976692913385822
21
-7.7117716535433072
0
LINE
8
RED2
6
CONTINUOUS
10
10.3976692913385822
20
-7.7117716535433072
11
10.40048031496063
21
-7.706145669291339
0
LINE
8
RED2
6
CONTINUOUS
10
10.40048031496063
20
-7.706145669291339
11
10.4032913385826777
21
-7.7033346456692913
0
LINE
8
RED2
6
CONTINUOUS
10
10.4032913385826777
20
-7.7033346456692913
11
10.4089173228346468
21
-7.7005236220472444
0
LINE
8
RED2
6
CONTINUOUS
10
10.4089173228346468
20
-7.7005236220472444
11
10.4201653543307096
21
-7.7005236220472444
0
LINE
8
RED2
6
CONTINUOUS
10
10.4201653543307096
20
-7.7005236220472444
11
10.4257913385826768
21
-7.7033346456692913
0
LINE
8
RED2
6
CONTINUOUS
10
10.4539094488188979
20
-7.7342677165354337
11
10.4567204724409457
21
-7.7370826771653549
0
LINE
8
RED2
6
CONTINUOUS
10
10.4567204724409457
20
-7.7370826771653549
11
10.4539094488188979
21
-7.7398937007874018
0
LINE
8
RED2
6
CONTINUOUS
10
10.4539094488188979
20
-7.7398937007874018
11
10.4510984251968502
21
-7.7370826771653549
0
LINE
8
RED2
6
CONTINUOUS
10
10.4510984251968502
20
-7.7370826771653549
11
10.4539094488188979
21
-7.7342677165354337
0
LINE
8
RED2
6
CONTINUOUS
10
10.4539094488188979
20
-7.7342677165354337
11
10.4539094488188979
21
-7.7398937007874018
0
LINE
8
RED2
6
CONTINUOUS
10
10.4539094488188979
20
-7.7033346456692913
11
10.4567204724409457
21
-7.706145669291339
0
LINE
8
RED2
6
CONTINUOUS
10
10.4567204724409457
20
-7.706145669291339
11
10.4539094488188979
21
-7.7089606299212603
0
LINE
8
RED2
6
CONTINUOUS
10
10.4539094488188979
20
-7.7089606299212603
11
10.4510984251968502
21
-7.706145669291339
0
LINE
8
RED2
6
CONTINUOUS
10
10.4510984251968502
20
-7.706145669291339
11
10.4539094488188979
21
-7.7033346456692913
0
LINE
8
RED2
6
CONTINUOUS
10
10.4539094488188979
20
-7.7033346456692913
11
10.4539094488188979
21
-7.7089606299212603
0
LINE
8
RED2
6
CONTINUOUS
10
10.535464566929134
20
-7.706145669291339
11
10.529838582677165
21
-7.7033346456692913
0
LINE
8
RED2
6
CONTINUOUS
10
10.529838582677165
20
-7.7033346456692913
11
10.527027559055119
21
-7.7005236220472444
0
LINE
8
RED2
6
CONTINUOUS
10
10.527027559055119
20
-7.7005236220472444
11
10.5242165354330712
21
-7.6948976377952762
0
LINE
8
RED2
6
CONTINUOUS
10
10.5242165354330712
20
-7.6948976377952762
11
10.5242165354330712
21
-7.6920866141732285
0
LINE
8
RED2
6
CONTINUOUS
10
10.5242165354330712
20
-7.6920866141732285
11
10.527027559055119
21
-7.6864606299212603
0
LINE
8
RED2
6
CONTINUOUS
10
10.527027559055119
20
-7.6864606299212603
11
10.529838582677165
21
-7.6836496062992126
0
LINE
8
RED2
6
CONTINUOUS
10
10.529838582677165
20
-7.6836496062992126
11
10.535464566929134
21
-7.6808385826771657
0
LINE
8
RED2
6
CONTINUOUS
10
10.535464566929134
20
-7.6808385826771657
11
10.5467125984251968
21
-7.6808385826771657
0
LINE
8
RED2
6
CONTINUOUS
10
10.5467125984251968
20
-7.6808385826771657
11
10.5523385826771658
21
-7.6836496062992126
0
LINE
8
RED2
6
CONTINUOUS
10
10.5523385826771658
20
-7.6836496062992126
11
10.5551496062992136
21
-7.6864606299212603
0
LINE
8
RED2
6
CONTINUOUS
10
10.5551496062992136
20
-7.6864606299212603
11
10.5579606299212596
21
-7.6920866141732285
0
LINE
8
RED2
6
CONTINUOUS
10
10.5579606299212596
20
-7.6920866141732285
11
10.5579606299212596
21
-7.6948976377952762
0
LINE
8
RED2
6
CONTINUOUS
10
10.5579606299212596
20
-7.6948976377952762
11
10.5551496062992136
21
-7.7005236220472444
0
LINE
8
RED2
6
CONTINUOUS
10
10.5551496062992136
20
-7.7005236220472444
11
10.5523385826771658
21
-7.7033346456692913
0
LINE
8
RED2
6
CONTINUOUS
10
10.5523385826771658
20
-7.7033346456692913
11
10.5467125984251968
21
-7.706145669291339
0
LINE
8
RED2
6
CONTINUOUS
10
10.5467125984251968
20
-7.706145669291339
11
10.535464566929134
21
-7.706145669291339
0
LINE
8
RED2
6
CONTINUOUS
10
10.535464566929134
20
-7.706145669291339
11
10.529838582677165
21
-7.7089606299212603
0
LINE
8
RED2
6
CONTINUOUS
10
10.529838582677165
20
-7.7089606299212603
11
10.527027559055119
21
-7.7117716535433072
0
LINE
8
RED2
6
CONTINUOUS
10
10.527027559055119
20
-7.7117716535433072
11
10.5242165354330712
21
-7.7173976377952762
0
LINE
8
RED2
6
CONTINUOUS
10
10.5242165354330712
20
-7.7173976377952762
11
10.5242165354330712
21
-7.728645669291339
0
LINE
8
RED2
6
CONTINUOUS
10
10.5242165354330712
20
-7.728645669291339
11
10.527027559055119
21
-7.7342677165354337
0
LINE
8
RED2
6
CONTINUOUS
10
10.527027559055119
20
-7.7342677165354337
11
10.529838582677165
21
-7.7370826771653549
0
LINE
8
RED2
6
CONTINUOUS
10
10.529838582677165
20
-7.7370826771653549
11
10.535464566929134
21
-7.7398937007874018
0
LINE
8
RED2
6
CONTINUOUS
10
10.535464566929134
20
-7.7398937007874018
11
10.5467125984251968
21
-7.7398937007874018
0
LINE
8
RED2
6
CONTINUOUS
10
10.5467125984251968
20
-7.7398937007874018
11
10.5523385826771658
21
-7.7370826771653549
0
LINE
8
RED2
6
CONTINUOUS
10
10.5523385826771658
20
-7.7370826771653549
11
10.5551496062992136
21
-7.7342677165354337
0
LINE
8
RED2
6
CONTINUOUS
10
10.5551496062992136
20
-7.7342677165354337
11
10.5579606299212596
21
-7.728645669291339
0
LINE
8
RED2
6
CONTINUOUS
10
10.5579606299212596
20
-7.728645669291339
11
10.5579606299212596
21
-7.7173976377952762
0
LINE
8
RED2
6
CONTINUOUS
10
10.5579606299212596
20
-7.7173976377952762
11
10.5551496062992136
21
-7.7117716535433072
0
LINE
8
RED2
6
CONTINUOUS
10
10.5551496062992136
20
-7.7117716535433072
11
10.5523385826771658
21
-7.7089606299212603
0
LINE
8
RED2
6
CONTINUOUS
10
10.5523385826771658
20
-7.7089606299212603
11
10.5467125984251968
21
-7.706145669291339
0
LINE
8
RED2
6
CONTINUOUS
10
10.6254527559055116
20
-7.6780275590551188
11
10.5748346456692914
21
-7.7539527559055124
0
LINE
8
RED2
6
CONTINUOUS
10
10.6760708661417318
20
-7.7398937007874018
11
10.6423267716535435
21
-7.7398937007874018
0
LINE
8
RED2
6
CONTINUOUS
10
10.6591968503937018
20
-7.7398937007874018
11
10.6591968503937018
21
-7.6808385826771657
0
LINE
8
RED2
6
CONTINUOUS
10
10.6591968503937018
20
-7.6808385826771657
11
10.6535748031496063
21
-7.6892755905511816
0
LINE
8
RED2
6
CONTINUOUS
10
10.6535748031496063
20
-7.6892755905511816
11
10.647948818897639
21
-7.6948976377952762
0
LINE
8
RED2
6
CONTINUOUS
10
10.647948818897639
20
-7.6948976377952762
11
10.6423267716535435
21
-7.6977125984251975
0
LINE
8
RED2
6
CONTINUOUS
10
10.7323149606299211
20
-7.7398937007874018
11
10.6985708661417327
21
-7.7398937007874018
0
LINE
8
RED2
6
CONTINUOUS
10
10.715440944881891
20
-7.7398937007874018
11
10.715440944881891
21
-7.6808385826771657
0
LINE
8
RED2
6
CONTINUOUS
10
10.715440944881891
20
-7.6808385826771657
11
10.7098188976377955
21
-7.6892755905511816
0
LINE
8
RED2
6
CONTINUOUS
10
10.7098188976377955
20
-7.6892755905511816
11
10.7041929133858265
21
-7.6948976377952762
0
LINE
8
RED2
6
CONTINUOUS
10
10.7041929133858265
20
-7.6948976377952762
11
10.6985708661417327
21
-7.6977125984251975
0
LINE
8
RED2
6
CONTINUOUS
10
6.9685905511811024
20
-7.3821732283464572
11
11.2205590551181107
21
-7.3821732283464572
0
LINE
8
RED2
6
CONTINUOUS
10
7.0351889763779534
20
-7.409905511811024
11
7.0801850393700789
21
-7.409905511811024
0
LINE
8
RED2
6
CONTINUOUS
10
7.0478464566929135
20
-7.4886456692913388
11
7.0576889763779533
21
-7.409905511811024
0
LINE
8
RED2
6
CONTINUOUS
10
7.096586614173229
20
-7.4886456692913388
11
7.1031496062992128
21
-7.4361535433070873
0
LINE
8
RED2
6
CONTINUOUS
10
7.1064291338582679
20
-7.409905511811024
11
7.1022125984251971
21
-7.4136535433070865
0
LINE
8
RED2
6
CONTINUOUS
10
7.1022125984251971
20
-7.4136535433070865
11
7.1054921259842523
21
-7.4174055118110243
0
LINE
8
RED2
6
CONTINUOUS
10
7.1054921259842523
20
-7.4174055118110243
11
7.1097125984251974
21
-7.4136535433070865
0
LINE
8
RED2
6
CONTINUOUS
10
7.1097125984251974
20
-7.4136535433070865
11
7.1064291338582679
21
-7.409905511811024
0
LINE
8
RED2
6
CONTINUOUS
10
7.1064291338582679
20
-7.409905511811024
11
7.1054921259842523
21
-7.4174055118110243
0
LINE
8
RED2
6
CONTINUOUS
10
7.1293976377952761
20
-7.4361535433070873
11
7.159393700787402
21
-7.4361535433070873
0
LINE
8
RED2
6
CONTINUOUS
10
7.1439251968503941
20
-7.409905511811024
11
7.1354921259842525
21
-7.477397637795276
0
LINE
8
RED2
6
CONTINUOUS
10
7.1354921259842525
20
-7.477397637795276
11
7.1383031496062994
21
-7.4848976377952763
0
LINE
8
RED2
6
CONTINUOUS
10
7.1383031496062994
20
-7.4848976377952763
11
7.1453346456692914
21
-7.4886456692913388
0
LINE
8
RED2
6
CONTINUOUS
10
7.1453346456692914
20
-7.4886456692913388
11
7.1528307086614173
21
-7.4886456692913388
0
LINE
8
RED2
6
CONTINUOUS
10
7.1903307086614179
20
-7.4886456692913388
11
7.1832992125984259
21
-7.4848976377952763
0
LINE
8
RED2
6
CONTINUOUS
10
7.1832992125984259
20
-7.4848976377952763
11
7.1804881889763781
21
-7.477397637795276
0
LINE
8
RED2
6
CONTINUOUS
10
7.1804881889763781
20
-7.477397637795276
11
7.1889212598425196
21
-7.409905511811024
0
LINE
8
RED2
6
CONTINUOUS
10
7.2507874015748035
20
-7.4848976377952763
11
7.2428228346456693
21
-7.4886456692913388
0
LINE
8
RED2
6
CONTINUOUS
10
7.2428228346456693
20
-7.4886456692913388
11
7.2278228346456697
21
-7.4886456692913388
0
LINE
8
RED2
6
CONTINUOUS
10
7.2278228346456697
20
-7.4886456692913388
11
7.2207913385826776
21
-7.4848976377952763
0
LINE
8
RED2
6
CONTINUOUS
10
7.2207913385826776
20
-7.4848976377952763
11
7.2179803149606299
21
-7.477397637795276
0
LINE
8
RED2
6
CONTINUOUS
10
7.2179803149606299
20
-7.477397637795276
11
7.2217322834645676
21
-7.4474015748031501
0
LINE
8
RED2
6
CONTINUOUS
10
7.2217322834645676
20
-7.4474015748031501
11
7.2264173228346458
21
-7.4399015748031498
0
LINE
8
RED2
6
CONTINUOUS
10
7.2264173228346458
20
-7.4399015748031498
11
7.2343858267716534
21
-7.4361535433070873
0
LINE
8
RED2
6
CONTINUOUS
10
7.2343858267716534
20
-7.4361535433070873
11
7.2493818897637796
21
-7.4361535433070873
0
LINE
8
RED2
6
CONTINUOUS
10
7.2493818897637796
20
-7.4361535433070873
11
7.2564133858267716
21
-7.4399015748031498
0
LINE
8
RED2
6
CONTINUOUS
10
7.2564133858267716
20
-7.4399015748031498
11
7.2592244094488194
21
-7.4474015748031501
0
LINE
8
RED2
6
CONTINUOUS
10
7.2592244094488194
20
-7.4474015748031501
11
7.2582874015748038
21
-7.454897637795276
0
LINE
8
RED2
6
CONTINUOUS
10
7.2582874015748038
20
-7.454897637795276
11
7.219854330708662
21
-7.4623976377952754
0
LINE
8
RED2
6
CONTINUOUS
10
7.288751968503937
20
-7.4811456692913385
11
7.2920354330708665
21
-7.4848976377952763
0
LINE
8
RED2
6
CONTINUOUS
10
7.2920354330708665
20
-7.4848976377952763
11
7.2878149606299214
21
-7.4886456692913388
0
LINE
8
RED2
6
CONTINUOUS
10
7.2878149606299214
20
-7.4886456692913388
11
7.2845354330708663
21
-7.4848976377952763
0
LINE
8
RED2
6
CONTINUOUS
10
7.2845354330708663
20
-7.4848976377952763
11
7.288751968503937
21
-7.4811456692913385
0
LINE
8
RED2
6
CONTINUOUS
10
7.288751968503937
20
-7.4811456692913385
11
7.2878149606299214
21
-7.4886456692913388
0
LINE
8
RED2
6
CONTINUOUS
10
7.2939094488188978
20
-7.4399015748031498
11
7.2971889763779529
21
-7.4436496062992132
0
LINE
8
RED2
6
CONTINUOUS
10
7.2971889763779529
20
-7.4436496062992132
11
7.2929724409448822
21
-7.4474015748031501
0
LINE
8
RED2
6
CONTINUOUS
10
7.2929724409448822
20
-7.4474015748031501
11
7.289692913385827
21
-7.4436496062992132
0
LINE
8
RED2
6
CONTINUOUS
10
7.289692913385827
20
-7.4436496062992132
11
7.2939094488188978
21
-7.4399015748031498
0
LINE
8
RED2
6
CONTINUOUS
10
7.2939094488188978
20
-7.4399015748031498
11
7.2929724409448822
21
-7.4474015748031501
0
LINE
8
RED2
6
CONTINUOUS
10
7.0455866141732288
20
-7.3073858267716538
11
7.0259015748031501
21
-7.3073858267716538
0
LINE
8
RED2
6
CONTINUOUS
10
7.0259015748031501
20
-7.3383188976377953
11
7.0259015748031501
21
-7.2792637795275592
0
LINE
8
RED2
6
CONTINUOUS
10
7.0259015748031501
20
-7.2792637795275592
11
7.0540236220472448
21
-7.2792637795275592
0
LINE
8
RED2
6
CONTINUOUS
10
7.0765196850393703
20
-7.3383188976377953
11
7.0765196850393703
21
-7.2989488188976379
0
LINE
8
RED2
6
CONTINUOUS
10
7.0765196850393703
20
-7.2792637795275592
11
7.0737086614173235
21
-7.282074803149607
0
LINE
8
RED2
6
CONTINUOUS
10
7.0737086614173235
20
-7.282074803149607
11
7.0765196850393703
21
-7.2848858267716539
0
LINE
8
RED2
6
CONTINUOUS
10
7.0765196850393703
20
-7.2848858267716539
11
7.0793307086614172
21
-7.282074803149607
0
LINE
8
RED2
6
CONTINUOUS
10
7.0793307086614172
20
-7.282074803149607
11
7.0765196850393703
21
-7.2792637795275592
0
LINE
8
RED2
6
CONTINUOUS
10
7.0765196850393703
20
-7.2792637795275592
11
7.0765196850393703
21
-7.2848858267716539
0
LINE
8
RED2
6
CONTINUOUS
10
7.1130787401574809
20
-7.3383188976377953
11
7.1074527559055118
21
-7.3355078740157484
0
LINE
8
RED2
6
CONTINUOUS
10
7.1074527559055118
20
-7.3355078740157484
11
7.104641732283465
21
-7.3298818897637794
0
LINE
8
RED2
6
CONTINUOUS
10
7.104641732283465
20
-7.3298818897637794
11
7.104641732283465
21
-7.2792637795275592
0
LINE
8
RED2
6
CONTINUOUS
10
7.1580708661417329
20
-7.3355078740157484
11
7.1524488188976383
21
-7.3383188976377953
0
LINE
8
RED2
6
CONTINUOUS
10
7.1524488188976383
20
-7.3383188976377953
11
7.1412007874015755
21
-7.3383188976377953
0
LINE
8
RED2
6
CONTINUOUS
10
7.1412007874015755
20
-7.3383188976377953
11
7.1355748031496065
21
-7.3355078740157484
0
LINE
8
RED2
6
CONTINUOUS
10
7.1355748031496065
20
-7.3355078740157484
11
7.1327637795275596
21
-7.3298818897637794
0
LINE
8
RED2
6
CONTINUOUS
10
7.1327637795275596
20
-7.3298818897637794
11
7.1327637795275596
21
-7.3073858267716538
0
LINE
8
RED2
6
CONTINUOUS
10
7.1327637795275596
20
-7.3073858267716538
11
7.1355748031496065
21
-7.3017598425196857
0
LINE
8
RED2
6
CONTINUOUS
10
7.1355748031496065
20
-7.3017598425196857
11
7.1412007874015755
21
-7.2989488188976379
0
LINE
8
RED2
6
CONTINUOUS
10
7.1412007874015755
20
-7.2989488188976379
11
7.1524488188976383
21
-7.2989488188976379
0
LINE
8
RED2
6
CONTINUOUS
10
7.1524488188976383
20
-7.2989488188976379
11
7.1580708661417329
21
-7.3017598425196857
0
LINE
8
RED2
6
CONTINUOUS
10
7.1580708661417329
20
-7.3017598425196857
11
7.1608858267716542
21
-7.3073858267716538
0
LINE
8
RED2
6
CONTINUOUS
10
7.1608858267716542
20
-7.3073858267716538
11
7.1608858267716542
21
-7.3130078740157485
0
LINE
8
RED2
6
CONTINUOUS
10
7.1608858267716542
20
-7.3130078740157485
11
7.1327637795275596
21
-7.3186338582677166
0
LINE
8
RED2
6
CONTINUOUS
10
7.1861929133858267
20
-7.3326929133858272
11
7.1890039370078744
21
-7.3355078740157484
0
LINE
8
RED2
6
CONTINUOUS
10
7.1890039370078744
20
-7.3355078740157484
11
7.1861929133858267
21
-7.3383188976377953
0
LINE
8
RED2
6
CONTINUOUS
10
7.1861929133858267
20
-7.3383188976377953
11
7.1833818897637798
21
-7.3355078740157484
0
LINE
8
RED2
6
CONTINUOUS
10
7.1833818897637798
20
-7.3355078740157484
11
7.1861929133858267
21
-7.3326929133858272
0
LINE
8
RED2
6
CONTINUOUS
10
7.1861929133858267
20
-7.3326929133858272
11
7.1861929133858267
21
-7.3383188976377953
0
LINE
8
RED2
6
CONTINUOUS
10
7.1861929133858267
20
-7.3017598425196857
11
7.1890039370078744
21
-7.3045708661417326
0
LINE
8
RED2
6
CONTINUOUS
10
7.1890039370078744
20
-7.3045708661417326
11
7.1861929133858267
21
-7.3073858267716538
0
LINE
8
RED2
6
CONTINUOUS
10
7.1861929133858267
20
-7.3073858267716538
11
7.1833818897637798
21
-7.3045708661417326
0
LINE
8
RED2
6
CONTINUOUS
10
7.1833818897637798
20
-7.3045708661417326
11
7.1861929133858267
21
-7.3017598425196857
0
LINE
8
RED2
6
CONTINUOUS
10
7.1861929133858267
20
-7.3017598425196857
11
7.1861929133858267
21
-7.3073858267716538
0
LINE
8
RED2
6
CONTINUOUS
10
7.2593110236220477
20
-7.3383188976377953
11
7.2593110236220477
21
-7.2792637795275592
0
LINE
8
RED2
6
CONTINUOUS
10
7.2593110236220477
20
-7.2792637795275592
11
7.2789960629921264
21
-7.3214448818897644
0
LINE
8
RED2
6
CONTINUOUS
10
7.2789960629921264
20
-7.3214448818897644
11
7.2986811023622051
21
-7.2792637795275592
0
LINE
8
RED2
6
CONTINUOUS
10
7.2986811023622051
20
-7.2792637795275592
11
7.2986811023622051
21
-7.3383188976377953
0
LINE
8
RED2
6
CONTINUOUS
10
7.3492992125984253
20
-7.3355078740157484
11
7.3436771653543307
21
-7.3383188976377953
0
LINE
8
RED2
6
CONTINUOUS
10
7.3436771653543307
20
-7.3383188976377953
11
7.3324291338582679
21
-7.3383188976377953
0
LINE
8
RED2
6
CONTINUOUS
10
7.3324291338582679
20
-7.3383188976377953
11
7.3268031496062997
21
-7.3355078740157484
0
LINE
8
RED2
6
CONTINUOUS
10
7.3268031496062997
20
-7.3355078740157484
11
7.323992125984252
21
-7.3298818897637794
0
LINE
8
RED2
6
CONTINUOUS
10
7.323992125984252
20
-7.3298818897637794
11
7.323992125984252
21
-7.3073858267716538
0
LINE
8
RED2
6
CONTINUOUS
10
7.323992125984252
20
-7.3073858267716538
11
7.3268031496062997
21
-7.3017598425196857
0
LINE
8
RED2
6
CONTINUOUS
10
7.3268031496062997
20
-7.3017598425196857
11
7.3324291338582679
21
-7.2989488188976379
0
LINE
8
RED2
6
CONTINUOUS
10
7.3324291338582679
20
-7.2989488188976379
11
7.3436771653543307
21
-7.2989488188976379
0
LINE
8
RED2
6
CONTINUOUS
10
7.3436771653543307
20
-7.2989488188976379
11
7.3492992125984253
21
-7.3017598425196857
0
LINE
8
RED2
6
CONTINUOUS
10
7.3492992125984253
20
-7.3017598425196857
11
7.3521141732283466
21
-7.3073858267716538
0
LINE
8
RED2
6
CONTINUOUS
10
7.3521141732283466
20
-7.3073858267716538
11
7.3521141732283466
21
-7.3130078740157485
0
LINE
8
RED2
6
CONTINUOUS
10
7.3521141732283466
20
-7.3130078740157485
11
7.323992125984252
21
-7.3186338582677166
0
LINE
8
RED2
6
CONTINUOUS
10
7.37742125984252
20
-7.3383188976377953
11
7.37742125984252
21
-7.2989488188976379
0
LINE
8
RED2
6
CONTINUOUS
10
7.37742125984252
20
-7.3045708661417326
11
7.3802322834645668
21
-7.3017598425196857
0
LINE
8
RED2
6
CONTINUOUS
10
7.3802322834645668
20
-7.3017598425196857
11
7.3858582677165359
21
-7.2989488188976379
0
LINE
8
RED2
6
CONTINUOUS
10
7.3858582677165359
20
-7.2989488188976379
11
7.3942952755905518
21
-7.2989488188976379
0
LINE
8
RED2
6
CONTINUOUS
10
7.3942952755905518
20
-7.2989488188976379
11
7.3999173228346455
21
-7.3017598425196857
0
LINE
8
RED2
6
CONTINUOUS
10
7.3999173228346455
20
-7.3017598425196857
11
7.4027322834645668
21
-7.3073858267716538
0
LINE
8
RED2
6
CONTINUOUS
10
7.4027322834645668
20
-7.3073858267716538
11
7.4027322834645668
21
-7.3383188976377953
0
LINE
8
RED2
6
CONTINUOUS
10
7.4027322834645668
20
-7.3073858267716538
11
7.4055433070866146
21
-7.3017598425196857
0
LINE
8
RED2
6
CONTINUOUS
10
7.4055433070866146
20
-7.3017598425196857
11
7.4111653543307092
21
-7.2989488188976379
0
LINE
8
RED2
6
CONTINUOUS
10
7.4111653543307092
20
-7.2989488188976379
11
7.4196023622047251
21
-7.2989488188976379
0
LINE
8
RED2
6
CONTINUOUS
10
7.4196023622047251
20
-7.2989488188976379
11
7.4252283464566933
21
-7.3017598425196857
0
LINE
8
RED2
6
CONTINUOUS
10
7.4252283464566933
20
-7.3017598425196857
11
7.4280393700787402
21
-7.3073858267716538
0
LINE
8
RED2
6
CONTINUOUS
10
7.4280393700787402
20
-7.3073858267716538
11
7.4280393700787402
21
-7.3383188976377953
0
LINE
8
RED2
6
CONTINUOUS
10
7.4645984251968507
20
-7.3383188976377953
11
7.4589724409448825
21
-7.3355078740157484
0
LINE
8
RED2
6
CONTINUOUS
10
7.4589724409448825
20
-7.3355078740157484
11
7.4561614173228348
21
-7.3326929133858272
0
LINE
8
RED2
6
CONTINUOUS
10
7.4561614173228348
20
-7.3326929133858272
11
7.4533503937007879
21
-7.3270708661417325
0
LINE
8
RED2
6
CONTINUOUS
10
7.4533503937007879
20
-7.3270708661417325
11
7.4533503937007879
21
-7.3101968503937007
0
LINE
8
RED2
6
CONTINUOUS
10
7.4533503937007879
20
-7.3101968503937007
11
7.4561614173228348
21
-7.3045708661417326
0
LINE
8
RED2
6
CONTINUOUS
10
7.4561614173228348
20
-7.3045708661417326
11
7.4589724409448825
21
-7.3017598425196857
0
LINE
8
RED2
6
CONTINUOUS
10
7.4589724409448825
20
-7.3017598425196857
11
7.4645984251968507
21
-7.2989488188976379
0
LINE
8
RED2
6
CONTINUOUS
10
7.4645984251968507
20
-7.2989488188976379
11
7.4730354330708666
21
-7.2989488188976379
0
LINE
8
RED2
6
CONTINUOUS
10
7.4730354330708666
20
-7.2989488188976379
11
7.4786574803149612
21
-7.3017598425196857
0
LINE
8
RED2
6
CONTINUOUS
10
7.4786574803149612
20
-7.3017598425196857
11
7.4814724409448825
21
-7.3045708661417326
0
LINE
8
RED2
6
CONTINUOUS
10
7.4814724409448825
20
-7.3045708661417326
11
7.4842834645669294
21
-7.3101968503937007
0
LINE
8
RED2
6
CONTINUOUS
10
7.4842834645669294
20
-7.3101968503937007
11
7.4842834645669294
21
-7.3270708661417325
0
LINE
8
RED2
6
CONTINUOUS
10
7.4842834645669294
20
-7.3270708661417325
11
7.4814724409448825
21
-7.3326929133858272
0
LINE
8
RED2
6
CONTINUOUS
10
7.4814724409448825
20
-7.3326929133858272
11
7.4786574803149612
21
-7.3355078740157484
0
LINE
8
RED2
6
CONTINUOUS
10
7.4786574803149612
20
-7.3355078740157484
11
7.4730354330708666
21
-7.3383188976377953
0
LINE
8
RED2
6
CONTINUOUS
10
7.4730354330708666
20
-7.3383188976377953
11
7.4645984251968507
21
-7.3383188976377953
0
LINE
8
RED2
6
CONTINUOUS
10
7.5095905511811027
20
-7.3383188976377953
11
7.5095905511811027
21
-7.2989488188976379
0
LINE
8
RED2
6
CONTINUOUS
10
7.5095905511811027
20
-7.3101968503937007
11
7.5124015748031496
21
-7.3045708661417326
0
LINE
8
RED2
6
CONTINUOUS
10
7.5124015748031496
20
-7.3045708661417326
11
7.5152165354330709
21
-7.3017598425196857
0
LINE
8
RED2
6
CONTINUOUS
10
7.5152165354330709
20
-7.3017598425196857
11
7.5208385826771655
21
-7.2989488188976379
0
LINE
8
RED2
6
CONTINUOUS
10
7.5208385826771655
20
-7.2989488188976379
11
7.5264645669291346
21
-7.2989488188976379
0
LINE
8
RED2
6
CONTINUOUS
10
7.5405236220472442
20
-7.2989488188976379
11
7.5545866141732283
21
-7.3383188976377953
0
LINE
8
RED2
6
CONTINUOUS
10
7.5686456692913389
20
-7.2989488188976379
11
7.5545866141732283
21
-7.3383188976377953
0
LINE
8
RED2
6
CONTINUOUS
10
7.5545866141732283
20
-7.3383188976377953
11
7.5489606299212602
21
-7.3523779527559059
0
LINE
8
RED2
6
CONTINUOUS
10
7.5489606299212602
20
-7.3523779527559059
11
7.5461496062992133
21
-7.3551929133858271
0
LINE
8
RED2
6
CONTINUOUS
10
7.5461496062992133
20
-7.3551929133858271
11
7.5405236220472442
21
-7.358003937007874
0
LINE
8
RED2
6
CONTINUOUS
10
7.6333307086614175
20
-7.3214448818897644
11
7.6614527559055121
21
-7.3214448818897644
0
LINE
8
RED2
6
CONTINUOUS
10
7.6277047244094494
20
-7.3383188976377953
11
7.6473897637795281
21
-7.2792637795275592
0
LINE
8
RED2
6
CONTINUOUS
10
7.6473897637795281
20
-7.2792637795275592
11
7.6670748031496068
21
-7.3383188976377953
0
LINE
8
RED2
6
CONTINUOUS
10
7.7120708661417323
20
-7.3383188976377953
11
7.7120708661417323
21
-7.2792637795275592
0
LINE
8
RED2
6
CONTINUOUS
10
7.7120708661417323
20
-7.3355078740157484
11
7.7064448818897642
21
-7.3383188976377953
0
LINE
8
RED2
6
CONTINUOUS
10
7.7064448818897642
20
-7.3383188976377953
11
7.6951968503937014
21
-7.3383188976377953
0
LINE
8
RED2
6
CONTINUOUS
10
7.6951968503937014
20
-7.3383188976377953
11
7.6895708661417324
21
-7.3355078740157484
0
LINE
8
RED2
6
CONTINUOUS
10
7.6895708661417324
20
-7.3355078740157484
11
7.6867598425196855
21
-7.3326929133858272
0
LINE
8
RED2
6
CONTINUOUS
10
7.6867598425196855
20
-7.3326929133858272
11
7.6839488188976377
21
-7.3270708661417325
0
LINE
8
RED2
6
CONTINUOUS
10
7.6839488188976377
20
-7.3270708661417325
11
7.6839488188976377
21
-7.3101968503937007
0
LINE
8
RED2
6
CONTINUOUS
10
7.6839488188976377
20
-7.3101968503937007
11
7.6867598425196855
21
-7.3045708661417326
0
LINE
8
RED2
6
CONTINUOUS
10
7.6867598425196855
20
-7.3045708661417326
11
7.6895708661417324
21
-7.3017598425196857
0
LINE
8
RED2
6
CONTINUOUS
10
7.6895708661417324
20
-7.3017598425196857
11
7.6951968503937014
21
-7.2989488188976379
0
LINE
8
RED2
6
CONTINUOUS
10
7.6951968503937014
20
-7.2989488188976379
11
7.7064448818897642
21
-7.2989488188976379
0
LINE
8
RED2
6
CONTINUOUS
10
7.7064448818897642
20
-7.2989488188976379
11
7.7120708661417323
21
-7.3017598425196857
0
LINE
8
RED2
6
CONTINUOUS
10
7.7655000000000003
20
-7.3383188976377953
11
7.7655000000000003
21
-7.2792637795275592
0
LINE
8
RED2
6
CONTINUOUS
10
7.7655000000000003
20
-7.3355078740157484
11
7.7598740157480321
21
-7.3383188976377953
0
LINE
8
RED2
6
CONTINUOUS
10
7.7598740157480321
20
-7.3383188976377953
11
7.7486259842519685
21
-7.3383188976377953
0
LINE
8
RED2
6
CONTINUOUS
10
7.7486259842519685
20
-7.3383188976377953
11
7.7430000000000003
21
-7.3355078740157484
0
LINE
8
RED2
6
CONTINUOUS
10
7.7430000000000003
20
-7.3355078740157484
11
7.7401889763779534
21
-7.3326929133858272
0
LINE
8
RED2
6
CONTINUOUS
10
7.7401889763779534
20
-7.3326929133858272
11
7.7373779527559057
21
-7.3270708661417325
0
LINE
8
RED2
6
CONTINUOUS
10
7.7373779527559057
20
-7.3270708661417325
11
7.7373779527559057
21
-7.3101968503937007
0
LINE
8
RED2
6
CONTINUOUS
10
7.7373779527559057
20
-7.3101968503937007
11
7.7401889763779534
21
-7.3045708661417326
0
LINE
8
RED2
6
CONTINUOUS
10
7.7401889763779534
20
-7.3045708661417326
11
7.7430000000000003
21
-7.3017598425196857
0
LINE
8
RED2
6
CONTINUOUS
10
7.7430000000000003
20
-7.3017598425196857
11
7.7486259842519685
21
-7.2989488188976379
0
LINE
8
RED2
6
CONTINUOUS
10
7.7486259842519685
20
-7.2989488188976379
11
7.7598740157480321
21
-7.2989488188976379
0
LINE
8
RED2
6
CONTINUOUS
10
7.7598740157480321
20
-7.2989488188976379
11
7.7655000000000003
21
-7.3017598425196857
0
LINE
8
RED2
6
CONTINUOUS
10
7.7936181102362205
20
-7.3383188976377953
11
7.7936181102362205
21
-7.2989488188976379
0
LINE
8
RED2
6
CONTINUOUS
10
7.7936181102362205
20
-7.3101968503937007
11
7.7964291338582683
21
-7.3045708661417326
0
LINE
8
RED2
6
CONTINUOUS
10
7.7964291338582683
20
-7.3045708661417326
11
7.7992440944881896
21
-7.3017598425196857
0
LINE
8
RED2
6
CONTINUOUS
10
7.7992440944881896
20
-7.3017598425196857
11
7.8048661417322833
21
-7.2989488188976379
0
LINE
8
RED2
6
CONTINUOUS
10
7.8048661417322833
20
-7.2989488188976379
11
7.8104921259842524
21
-7.2989488188976379
0
LINE
8
RED2
6
CONTINUOUS
10
7.8526732283464566
20
-7.3355078740157484
11
7.8470511811023629
21
-7.3383188976377953
0
LINE
8
RED2
6
CONTINUOUS
10
7.8470511811023629
20
-7.3383188976377953
11
7.8358031496062992
21
-7.3383188976377953
0
LINE
8
RED2
6
CONTINUOUS
10
7.8358031496062992
20
-7.3383188976377953
11
7.8301771653543311
21
-7.3355078740157484
0
LINE
8
RED2
6
CONTINUOUS
10
7.8301771653543311
20
-7.3355078740157484
11
7.8273661417322842
21
-7.3298818897637794
0
LINE
8
RED2
6
CONTINUOUS
10
7.8273661417322842
20
-7.3298818897637794
11
7.8273661417322842
21
-7.3073858267716538
0
LINE
8
RED2
6
CONTINUOUS
10
7.8273661417322842
20
-7.3073858267716538
11
7.8301771653543311
21
-7.3017598425196857
0
LINE
8
RED2
6
CONTINUOUS
10
7.8301771653543311
20
-7.3017598425196857
11
7.8358031496062992
21
-7.2989488188976379
0
LINE
8
RED2
6
CONTINUOUS
10
7.8358031496062992
20
-7.2989488188976379
11
7.8470511811023629
21
-7.2989488188976379
0
LINE
8
RED2
6
CONTINUOUS
10
7.8470511811023629
20
-7.2989488188976379
11
7.8526732283464566
21
-7.3017598425196857
0
LINE
8
RED2
6
CONTINUOUS
10
7.8526732283464566
20
-7.3017598425196857
11
7.8554881889763779
21
-7.3073858267716538
0
LINE
8
RED2
6
CONTINUOUS
10
7.8554881889763779
20
-7.3073858267716538
11
7.8554881889763779
21
-7.3130078740157485
0
LINE
8
RED2
6
CONTINUOUS
10
7.8554881889763779
20
-7.3130078740157485
11
7.8273661417322842
21
-7.3186338582677166
0
LINE
8
RED2
6
CONTINUOUS
10
7.8779842519685044
20
-7.3355078740157484
11
7.883606299212599
21
-7.3383188976377953
0
LINE
8
RED2
6
CONTINUOUS
10
7.883606299212599
20
-7.3383188976377953
11
7.8948543307086618
21
-7.3383188976377953
0
LINE
8
RED2
6
CONTINUOUS
10
7.8948543307086618
20
-7.3383188976377953
11
7.90048031496063
21
-7.3355078740157484
0
LINE
8
RED2
6
CONTINUOUS
10
7.90048031496063
20
-7.3355078740157484
11
7.9032913385826777
21
-7.3298818897637794
0
LINE
8
RED2
6
CONTINUOUS
10
7.9032913385826777
20
-7.3298818897637794
11
7.9032913385826777
21
-7.3270708661417325
0
LINE
8
RED2
6
CONTINUOUS
10
7.9032913385826777
20
-7.3270708661417325
11
7.90048031496063
21
-7.3214448818897644
0
LINE
8
RED2
6
CONTINUOUS
10
7.90048031496063
20
-7.3214448818897644
11
7.8948543307086618
21
-7.3186338582677166
0
LINE
8
RED2
6
CONTINUOUS
10
7.8948543307086618
20
-7.3186338582677166
11
7.8864212598425203
21
-7.3186338582677166
0
LINE
8
RED2
6
CONTINUOUS
10
7.8864212598425203
20
-7.3186338582677166
11
7.8807952755905513
21
-7.3158228346456697
0
LINE
8
RED2
6
CONTINUOUS
10
7.8807952755905513
20
-7.3158228346456697
11
7.8779842519685044
21
-7.3101968503937007
0
LINE
8
RED2
6
CONTINUOUS
10
7.8779842519685044
20
-7.3101968503937007
11
7.8779842519685044
21
-7.3073858267716538
0
LINE
8
RED2
6
CONTINUOUS
10
7.8779842519685044
20
-7.3073858267716538
11
7.8807952755905513
21
-7.3017598425196857
0
LINE
8
RED2
6
CONTINUOUS
10
7.8807952755905513
20
-7.3017598425196857
11
7.8864212598425203
21
-7.2989488188976379
0
LINE
8
RED2
6
CONTINUOUS
10
7.8864212598425203
20
-7.2989488188976379
11
7.8948543307086618
21
-7.2989488188976379
0
LINE
8
RED2
6
CONTINUOUS
10
7.8948543307086618
20
-7.2989488188976379
11
7.90048031496063
21
-7.3017598425196857
0
LINE
8
RED2
6
CONTINUOUS
10
7.9257913385826777
20
-7.3355078740157484
11
7.9314133858267724
21
-7.3383188976377953
0
LINE
8
RED2
6
CONTINUOUS
10
7.9314133858267724
20
-7.3383188976377953
11
7.9426614173228351
21
-7.3383188976377953
0
LINE
8
RED2
6
CONTINUOUS
10
7.9426614173228351
20
-7.3383188976377953
11
7.9482874015748033
21
-7.3355078740157484
0
LINE
8
RED2
6
CONTINUOUS
10
7.9482874015748033
20
-7.3355078740157484
11
7.9510984251968511
21
-7.3298818897637794
0
LINE
8
RED2
6
CONTINUOUS
10
7.9510984251968511
20
-7.3298818897637794
11
7.9510984251968511
21
-7.3270708661417325
0
LINE
8
RED2
6
CONTINUOUS
10
7.9510984251968511
20
-7.3270708661417325
11
7.9482874015748033
21
-7.3214448818897644
0
LINE
8
RED2
6
CONTINUOUS
10
7.9482874015748033
20
-7.3214448818897644
11
7.9426614173228351
21
-7.3186338582677166
0
LINE
8
RED2
6
CONTINUOUS
10
7.9426614173228351
20
-7.3186338582677166
11
7.9342283464566936
21
-7.3186338582677166
0
LINE
8
RED2
6
CONTINUOUS
10
7.9342283464566936
20
-7.3186338582677166
11
7.9286023622047246
21
-7.3158228346456697
0
LINE
8
RED2
6
CONTINUOUS
10
7.9286023622047246
20
-7.3158228346456697
11
7.9257913385826777
21
-7.3101968503937007
0
LINE
8
RED2
6
CONTINUOUS
10
7.9257913385826777
20
-7.3101968503937007
11
7.9257913385826777
21
-7.3073858267716538
0
LINE
8
RED2
6
CONTINUOUS
10
7.9257913385826777
20
-7.3073858267716538
11
7.9286023622047246
21
-7.3017598425196857
0
LINE
8
RED2
6
CONTINUOUS
10
7.9286023622047246
20
-7.3017598425196857
11
7.9342283464566936
21
-7.2989488188976379
0
LINE
8
RED2
6
CONTINUOUS
10
7.9342283464566936
20
-7.2989488188976379
11
7.9426614173228351
21
-7.2989488188976379
0
LINE
8
RED2
6
CONTINUOUS
10
7.9426614173228351
20
-7.2989488188976379
11
7.9482874015748033
21
-7.3017598425196857
0
LINE
8
RED2
6
CONTINUOUS
10
8.0551496062992136
20
-7.3383188976377953
11
8.035464566929134
21
-7.3101968503937007
0
LINE
8
RED2
6
CONTINUOUS
10
8.0214055118110235
20
-7.3383188976377953
11
8.0214055118110235
21
-7.2792637795275592
0
LINE
8
RED2
6
CONTINUOUS
10
8.0214055118110235
20
-7.2792637795275592
11
8.043901574803149
21
-7.2792637795275592
0
LINE
8
RED2
6
CONTINUOUS
10
8.043901574803149
20
-7.2792637795275592
11
8.0495275590551181
21
-7.282074803149607
0
LINE
8
RED2
6
CONTINUOUS
10
8.0495275590551181
20
-7.282074803149607
11
8.0523385826771658
21
-7.2848858267716539
0
LINE
8
RED2
6
CONTINUOUS
10
8.0523385826771658
20
-7.2848858267716539
11
8.0551496062992136
21
-7.290511811023622
0
LINE
8
RED2
6
CONTINUOUS
10
8.0551496062992136
20
-7.290511811023622
11
8.0551496062992136
21
-7.2989488188976379
0
LINE
8
RED2
6
CONTINUOUS
10
8.0551496062992136
20
-7.2989488188976379
11
8.0523385826771658
21
-7.3045708661417326
0
LINE
8
RED2
6
CONTINUOUS
10
8.0523385826771658
20
-7.3045708661417326
11
8.0495275590551181
21
-7.3073858267716538
0
LINE
8
RED2
6
CONTINUOUS
10
8.0495275590551181
20
-7.3073858267716538
11
8.043901574803149
21
-7.3101968503937007
0
LINE
8
RED2
6
CONTINUOUS
10
8.043901574803149
20
-7.3101968503937007
11
8.0214055118110235
21
-7.3101968503937007
0
LINE
8
RED2
6
CONTINUOUS
10
8.102956692913386
20
-7.3355078740157484
11
8.0973346456692923
21
-7.3383188976377953
0
LINE
8
RED2
6
CONTINUOUS
10
8.0973346456692923
20
-7.3383188976377953
11
8.0860866141732295
21
-7.3383188976377953
0
LINE
8
RED2
6
CONTINUOUS
10
8.0860866141732295
20
-7.3383188976377953
11
8.0804606299212605
21
-7.3355078740157484
0
LINE
8
RED2
6
CONTINUOUS
10
8.0804606299212605
20
-7.3355078740157484
11
8.0776496062992127
21
-7.3298818897637794
0
LINE
8
RED2
6
CONTINUOUS
10
8.0776496062992127
20
-7.3298818897637794
11
8.0776496062992127
21
-7.3073858267716538
0
LINE
8
RED2
6
CONTINUOUS
10
8.0776496062992127
20
-7.3073858267716538
11
8.0804606299212605
21
-7.3017598425196857
0
LINE
8
RED2
6
CONTINUOUS
10
8.0804606299212605
20
-7.3017598425196857
11
8.0860866141732295
21
-7.2989488188976379
0
LINE
8
RED2
6
CONTINUOUS
10
8.0860866141732295
20
-7.2989488188976379
11
8.0973346456692923
21
-7.2989488188976379
0
LINE
8
RED2
6
CONTINUOUS
10
8.0973346456692923
20
-7.2989488188976379
11
8.102956692913386
21
-7.3017598425196857
0
LINE
8
RED2
6
CONTINUOUS
10
8.102956692913386
20
-7.3017598425196857
11
8.1057716535433073
21
-7.3073858267716538
0
LINE
8
RED2
6
CONTINUOUS
10
8.1057716535433073
20
-7.3073858267716538
11
8.1057716535433073
21
-7.3130078740157485
0
LINE
8
RED2
6
CONTINUOUS
10
8.1057716535433073
20
-7.3130078740157485
11
8.0776496062992127
21
-7.3186338582677166
0
LINE
8
RED2
6
CONTINUOUS
10
8.1563897637795275
20
-7.2989488188976379
11
8.1563897637795275
21
-7.3467559055118112
0
LINE
8
RED2
6
CONTINUOUS
10
8.1563897637795275
20
-7.3467559055118112
11
8.1535748031496063
21
-7.3523779527559059
0
LINE
8
RED2
6
CONTINUOUS
10
8.1535748031496063
20
-7.3523779527559059
11
8.1507637795275585
21
-7.3551929133858271
0
LINE
8
RED2
6
CONTINUOUS
10
8.1507637795275585
20
-7.3551929133858271
11
8.1451377952755912
21
-7.358003937007874
0
LINE
8
RED2
6
CONTINUOUS
10
8.1451377952755912
20
-7.358003937007874
11
8.1367047244094497
21
-7.358003937007874
0
LINE
8
RED2
6
CONTINUOUS
10
8.1367047244094497
20
-7.358003937007874
11
8.1310787401574807
21
-7.3551929133858271
0
LINE
8
RED2
6
CONTINUOUS
10
8.1563897637795275
20
-7.3355078740157484
11
8.1507637795275585
21
-7.3383188976377953
0
LINE
8
RED2
6
CONTINUOUS
10
8.1507637795275585
20
-7.3383188976377953
11
8.1395157480314957
21
-7.3383188976377953
0
LINE
8
RED2
6
CONTINUOUS
10
8.1395157480314957
20
-7.3383188976377953
11
8.1338897637795284
21
-7.3355078740157484
0
LINE
8
RED2
6
CONTINUOUS
10
8.1338897637795284
20
-7.3355078740157484
11
8.1310787401574807
21
-7.3326929133858272
0
LINE
8
RED2
6
CONTINUOUS
10
8.1310787401574807
20
-7.3326929133858272
11
8.1282677165354329
21
-7.3270708661417325
0
LINE
8
RED2
6
CONTINUOUS
10
8.1282677165354329
20
-7.3270708661417325
11
8.1282677165354329
21
-7.3101968503937007
0
LINE
8
RED2
6
CONTINUOUS
10
8.1282677165354329
20
-7.3101968503937007
11
8.1310787401574807
21
-7.3045708661417326
0
LINE
8
RED2
6
CONTINUOUS
10
8.1310787401574807
20
-7.3045708661417326
11
8.1338897637795284
21
-7.3017598425196857
0
LINE
8
RED2
6
CONTINUOUS
10
8.1338897637795284
20
-7.3017598425196857
11
8.1395157480314957
21
-7.2989488188976379
0
LINE
8
RED2
6
CONTINUOUS
10
8.1395157480314957
20
-7.2989488188976379
11
8.1507637795275585
21
-7.2989488188976379
0
LINE
8
RED2
6
CONTINUOUS
10
8.1507637795275585
20
-7.2989488188976379
11
8.1563897637795275
21
-7.3017598425196857
0
LINE
8
RED2
6
CONTINUOUS
10
8.1845078740157486
20
-7.3383188976377953
11
8.1845078740157486
21
-7.2989488188976379
0
LINE
8
RED2
6
CONTINUOUS
10
8.1845078740157486
20
-7.2792637795275592
11
8.1816968503937009
21
-7.282074803149607
0
LINE
8
RED2
6
CONTINUOUS
10
8.1816968503937009
20
-7.282074803149607
11
8.1845078740157486
21
-7.2848858267716539
0
LINE
8
RED2
6
CONTINUOUS
10
8.1845078740157486
20
-7.2848858267716539
11
8.1873188976377964
21
-7.282074803149607
0
LINE
8
RED2
6
CONTINUOUS
10
8.1873188976377964
20
-7.282074803149607
11
8.1845078740157486
21
-7.2792637795275592
0
LINE
8
RED2
6
CONTINUOUS
10
8.1845078740157486
20
-7.2792637795275592
11
8.1845078740157486
21
-7.2848858267716539
0
LINE
8
RED2
6
CONTINUOUS
10
8.2098188976377955
20
-7.3355078740157484
11
8.2154409448818893
21
-7.3383188976377953
0
LINE
8
RED2
6
CONTINUOUS
10
8.2154409448818893
20
-7.3383188976377953
11
8.2266889763779538
21
-7.3383188976377953
0
LINE
8
RED2
6
CONTINUOUS
10
8.2266889763779538
20
-7.3383188976377953
11
8.2323149606299211
21
-7.3355078740157484
0
LINE
8
RED2
6
CONTINUOUS
10
8.2323149606299211
20
-7.3355078740157484
11
8.2351259842519688
21
-7.3298818897637794
0
LINE
8
RED2
6
CONTINUOUS
10
8.2351259842519688
20
-7.3298818897637794
11
8.2351259842519688
21
-7.3270708661417325
0
LINE
8
RED2
6
CONTINUOUS
10
8.2351259842519688
20
-7.3270708661417325
11
8.2323149606299211
21
-7.3214448818897644
0
LINE
8
RED2
6
CONTINUOUS
10
8.2323149606299211
20
-7.3214448818897644
11
8.2266889763779538
21
-7.3186338582677166
0
LINE
8
RED2
6
CONTINUOUS
10
8.2266889763779538
20
-7.3186338582677166
11
8.2182559055118105
21
-7.3186338582677166
0
LINE
8
RED2
6
CONTINUOUS
10
8.2182559055118105
20
-7.3186338582677166
11
8.2126299212598433
21
-7.3158228346456697
0
LINE
8
RED2
6
CONTINUOUS
10
8.2126299212598433
20
-7.3158228346456697
11
8.2098188976377955
21
-7.3101968503937007
0
LINE
8
RED2
6
CONTINUOUS
10
8.2098188976377955
20
-7.3101968503937007
11
8.2098188976377955
21
-7.3073858267716538
0
LINE
8
RED2
6
CONTINUOUS
10
8.2098188976377955
20
-7.3073858267716538
11
8.2126299212598433
21
-7.3017598425196857
0
LINE
8
RED2
6
CONTINUOUS
10
8.2126299212598433
20
-7.3017598425196857
11
8.2182559055118105
21
-7.2989488188976379
0
LINE
8
RED2
6
CONTINUOUS
10
8.2182559055118105
20
-7.2989488188976379
11
8.2266889763779538
21
-7.2989488188976379
0
LINE
8
RED2
6
CONTINUOUS
10
8.2266889763779538
20
-7.2989488188976379
11
8.2323149606299211
21
-7.3017598425196857
0
LINE
8
RED2
6
CONTINUOUS
10
8.2520000000000007
20
-7.2989488188976379
11
8.2744960629921263
21
-7.2989488188976379
0
LINE
8
RED2
6
CONTINUOUS
10
8.2604370078740157
20
-7.2792637795275592
11
8.2604370078740157
21
-7.3298818897637794
0
LINE
8
RED2
6
CONTINUOUS
10
8.2604370078740157
20
-7.3298818897637794
11
8.2632480314960635
21
-7.3355078740157484
0
LINE
8
RED2
6
CONTINUOUS
10
8.2632480314960635
20
-7.3355078740157484
11
8.2688740157480325
21
-7.3383188976377953
0
LINE
8
RED2
6
CONTINUOUS
10
8.2688740157480325
20
-7.3383188976377953
11
8.2744960629921263
21
-7.3383188976377953
0
LINE
8
RED2
6
CONTINUOUS
10
8.3166771653543314
20
-7.3355078740157484
11
8.3110551181102359
21
-7.3383188976377953
0
LINE
8
RED2
6
CONTINUOUS
10
8.3110551181102359
20
-7.3383188976377953
11
8.2998070866141731
21
-7.3383188976377953
0
LINE
8
RED2
6
CONTINUOUS
10
8.2998070866141731
20
-7.3383188976377953
11
8.2941811023622058
21
-7.3355078740157484
0
LINE
8
RED2
6
CONTINUOUS
10
8.2941811023622058
20
-7.3355078740157484
11
8.2913700787401581
21
-7.3298818897637794
0
LINE
8
RED2
6
CONTINUOUS
10
8.2913700787401581
20
-7.3298818897637794
11
8.2913700787401581
21
-7.3073858267716538
0
LINE
8
RED2
6
CONTINUOUS
10
8.2913700787401581
20
-7.3073858267716538
11
8.2941811023622058
21
-7.3017598425196857
0
LINE
8
RED2
6
CONTINUOUS
10
8.2941811023622058
20
-7.3017598425196857
11
8.2998070866141731
21
-7.2989488188976379
0
LINE
8
RED2
6
CONTINUOUS
10
8.2998070866141731
20
-7.2989488188976379
11
8.3110551181102359
21
-7.2989488188976379
0
LINE
8
RED2
6
CONTINUOUS
10
8.3110551181102359
20
-7.2989488188976379
11
8.3166771653543314
21
-7.3017598425196857
0
LINE
8
RED2
6
CONTINUOUS
10
8.3166771653543314
20
-7.3017598425196857
11
8.3194921259842527
21
-7.3073858267716538
0
LINE
8
RED2
6
CONTINUOUS
10
8.3194921259842527
20
-7.3073858267716538
11
8.3194921259842527
21
-7.3130078740157485
0
LINE
8
RED2
6
CONTINUOUS
10
8.3194921259842527
20
-7.3130078740157485
11
8.2913700787401581
21
-7.3186338582677166
0
LINE
8
RED2
6
CONTINUOUS
10
8.3447992125984261
20
-7.3383188976377953
11
8.3447992125984261
21
-7.2989488188976379
0
LINE
8
RED2
6
CONTINUOUS
10
8.3447992125984261
20
-7.3101968503937007
11
8.347610236220472
21
-7.3045708661417326
0
LINE
8
RED2
6
CONTINUOUS
10
8.347610236220472
20
-7.3045708661417326
11
8.3504251968503933
21
-7.3017598425196857
0
LINE
8
RED2
6
CONTINUOUS
10
8.3504251968503933
20
-7.3017598425196857
11
8.3560472440944888
21
-7.2989488188976379
0
LINE
8
RED2
6
CONTINUOUS
10
8.3560472440944888
20
-7.2989488188976379
11
8.3616732283464579
21
-7.2989488188976379
0
LINE
8
RED2
6
CONTINUOUS
10
8.3813582677165357
20
-7.3326929133858272
11
8.3841692913385835
21
-7.3355078740157484
0
LINE
8
RED2
6
CONTINUOUS
10
8.3841692913385835
20
-7.3355078740157484
11
8.3813582677165357
21
-7.3383188976377953
0
LINE
8
RED2
6
CONTINUOUS
10
8.3813582677165357
20
-7.3383188976377953
11
8.3785472440944879
21
-7.3355078740157484
0
LINE
8
RED2
6
CONTINUOUS
10
8.3785472440944879
20
-7.3355078740157484
11
8.3813582677165357
21
-7.3326929133858272
0
LINE
8
RED2
6
CONTINUOUS
10
8.3813582677165357
20
-7.3326929133858272
11
8.3813582677165357
21
-7.3383188976377953
0
LINE
8
RED2
6
CONTINUOUS
10
8.4094803149606303
20
-7.3383188976377953
11
8.4094803149606303
21
-7.2792637795275592
0
LINE
8
RED2
6
CONTINUOUS
10
8.4151062992125993
20
-7.3158228346456697
11
8.4319763779527559
21
-7.3383188976377953
0
LINE
8
RED2
6
CONTINUOUS
10
8.4319763779527559
20
-7.2989488188976379
11
8.4094803149606303
21
-7.3214448818897644
0
LINE
8
RED2
6
CONTINUOUS
10
8.4572874015748027
20
-7.3383188976377953
11
8.4572874015748027
21
-7.2989488188976379
0
LINE
8
RED2
6
CONTINUOUS
10
8.4572874015748027
20
-7.2792637795275592
11
8.4544763779527567
21
-7.282074803149607
0
LINE
8
RED2
6
CONTINUOUS
10
8.4544763779527567
20
-7.282074803149607
11
8.4572874015748027
21
-7.2848858267716539
0
LINE
8
RED2
6
CONTINUOUS
10
8.4572874015748027
20
-7.2848858267716539
11
8.4600984251968505
21
-7.282074803149607
0
LINE
8
RED2
6
CONTINUOUS
10
8.4600984251968505
20
-7.282074803149607
11
8.4572874015748027
21
-7.2792637795275592
0
LINE
8
RED2
6
CONTINUOUS
10
8.4572874015748027
20
-7.2792637795275592
11
8.4572874015748027
21
-7.2848858267716539
0
LINE
8
RED2
6
CONTINUOUS
10
8.510720472440946
20
-7.3355078740157484
11
8.505094488188977
21
-7.3383188976377953
0
LINE
8
RED2
6
CONTINUOUS
10
8.505094488188977
20
-7.3383188976377953
11
8.4938464566929142
21
-7.3383188976377953
0
LINE
8
RED2
6
CONTINUOUS
10
8.4938464566929142
20
-7.3383188976377953
11
8.4882204724409451
21
-7.3355078740157484
0
LINE
8
RED2
6
CONTINUOUS
10
8.4882204724409451
20
-7.3355078740157484
11
8.4854094488188974
21
-7.3326929133858272
0
LINE
8
RED2
6
CONTINUOUS
10
8.4854094488188974
20
-7.3326929133858272
11
8.4825984251968514
21
-7.3270708661417325
0
LINE
8
RED2
6
CONTINUOUS
10
8.4825984251968514
20
-7.3270708661417325
11
8.4825984251968514
21
-7.3101968503937007
0
LINE
8
RED2
6
CONTINUOUS
10
8.4825984251968514
20
-7.3101968503937007
11
8.4854094488188974
21
-7.3045708661417326
0
LINE
8
RED2
6
CONTINUOUS
10
8.4854094488188974
20
-7.3045708661417326
11
8.4882204724409451
21
-7.3017598425196857
0
LINE
8
RED2
6
CONTINUOUS
10
8.4882204724409451
20
-7.3017598425196857
11
8.4938464566929142
21
-7.2989488188976379
0
LINE
8
RED2
6
CONTINUOUS
10
8.4938464566929142
20
-7.2989488188976379
11
8.505094488188977
21
-7.2989488188976379
0
LINE
8
RED2
6
CONTINUOUS
10
8.505094488188977
20
-7.2989488188976379
11
8.510720472440946
21
-7.3017598425196857
0
LINE
8
RED2
6
CONTINUOUS
10
8.5613385826771662
20
-7.3383188976377953
11
8.5613385826771662
21
-7.3073858267716538
0
LINE
8
RED2
6
CONTINUOUS
10
8.5613385826771662
20
-7.3073858267716538
11
8.5585236220472449
21
-7.3017598425196857
0
LINE
8
RED2
6
CONTINUOUS
10
8.5585236220472449
20
-7.3017598425196857
11
8.5529015748031494
21
-7.2989488188976379
0
LINE
8
RED2
6
CONTINUOUS
10
8.5529015748031494
20
-7.2989488188976379
11
8.5416535433070866
21
-7.2989488188976379
0
LINE
8
RED2
6
CONTINUOUS
10
8.5416535433070866
20
-7.2989488188976379
11
8.5360275590551176
21
-7.3017598425196857
0
LINE
8
RED2
6
CONTINUOUS
10
8.5613385826771662
20
-7.3355078740157484
11
8.5557125984251972
21
-7.3383188976377953
0
LINE
8
RED2
6
CONTINUOUS
10
8.5557125984251972
20
-7.3383188976377953
11
8.5416535433070866
21
-7.3383188976377953
0
LINE
8
RED2
6
CONTINUOUS
10
8.5416535433070866
20
-7.3383188976377953
11
8.5360275590551176
21
-7.3355078740157484
0
LINE
8
RED2
6
CONTINUOUS
10
8.5360275590551176
20
-7.3355078740157484
11
8.5332165354330716
21
-7.3298818897637794
0
LINE
8
RED2
6
CONTINUOUS
10
8.5332165354330716
20
-7.3298818897637794
11
8.5332165354330716
21
-7.3242559055118113
0
LINE
8
RED2
6
CONTINUOUS
10
8.5332165354330716
20
-7.3242559055118113
11
8.5360275590551176
21
-7.3186338582677166
0
LINE
8
RED2
6
CONTINUOUS
10
8.5360275590551176
20
-7.3186338582677166
11
8.5416535433070866
21
-7.3158228346456697
0
LINE
8
RED2
6
CONTINUOUS
10
8.5416535433070866
20
-7.3158228346456697
11
8.5557125984251972
21
-7.3158228346456697
0
LINE
8
RED2
6
CONTINUOUS
10
8.5557125984251972
20
-7.3158228346456697
11
8.5613385826771662
21
-7.3130078740157485
0
LINE
8
RED2
6
CONTINUOUS
10
8.6147677165354342
20
-7.3383188976377953
11
8.6147677165354342
21
-7.2792637795275592
0
LINE
8
RED2
6
CONTINUOUS
10
8.6147677165354342
20
-7.3355078740157484
11
8.6091417322834651
21
-7.3383188976377953
0
LINE
8
RED2
6
CONTINUOUS
10
8.6091417322834651
20
-7.3383188976377953
11
8.5978937007874023
21
-7.3383188976377953
0
LINE
8
RED2
6
CONTINUOUS
10
8.5978937007874023
20
-7.3383188976377953
11
8.5922677165354333
21
-7.3355078740157484
0
LINE
8
RED2
6
CONTINUOUS
10
8.5922677165354333
20
-7.3355078740157484
11
8.5894566929133855
21
-7.3326929133858272
0
LINE
8
RED2
6
CONTINUOUS
10
8.5894566929133855
20
-7.3326929133858272
11
8.5866456692913395
21
-7.3270708661417325
0
LINE
8
RED2
6
CONTINUOUS
10
8.5866456692913395
20
-7.3270708661417325
11
8.5866456692913395
21
-7.3101968503937007
0
LINE
8
RED2
6
CONTINUOUS
10
8.5866456692913395
20
-7.3101968503937007
11
8.5894566929133855
21
-7.3045708661417326
0
LINE
8
RED2
6
CONTINUOUS
10
8.5894566929133855
20
-7.3045708661417326
11
8.5922677165354333
21
-7.3017598425196857
0
LINE
8
RED2
6
CONTINUOUS
10
8.5922677165354333
20
-7.3017598425196857
11
8.5978937007874023
21
-7.2989488188976379
0
LINE
8
RED2
6
CONTINUOUS
10
8.5978937007874023
20
-7.2989488188976379
11
8.6091417322834651
21
-7.2989488188976379
0
LINE
8
RED2
6
CONTINUOUS
10
8.6091417322834651
20
-7.2989488188976379
11
8.6147677165354342
21
-7.3017598425196857
0
LINE
8
RED2
6
CONTINUOUS
10
8.6288267716535429
20
-7.34394094488189
11
8.6738188976377959
21
-7.34394094488189
0
LINE
8
RED2
6
CONTINUOUS
10
8.6850708661417322
20
-7.3355078740157484
11
8.6906929133858277
21
-7.3383188976377953
0
LINE
8
RED2
6
CONTINUOUS
10
8.6906929133858277
20
-7.3383188976377953
11
8.7019409448818905
21
-7.3383188976377953
0
LINE
8
RED2
6
CONTINUOUS
10
8.7019409448818905
20
-7.3383188976377953
11
8.7075669291338578
21
-7.3355078740157484
0
LINE
8
RED2
6
CONTINUOUS
10
8.7075669291338578
20
-7.3355078740157484
11
8.7103779527559055
21
-7.3298818897637794
0
LINE
8
RED2
6
CONTINUOUS
10
8.7103779527559055
20
-7.3298818897637794
11
8.7103779527559055
21
-7.3270708661417325
0
LINE
8
RED2
6
CONTINUOUS
10
8.7103779527559055
20
-7.3270708661417325
11
8.7075669291338578
21
-7.3214448818897644
0
LINE
8
RED2
6
CONTINUOUS
10
8.7075669291338578
20
-7.3214448818897644
11
8.7019409448818905
21
-7.3186338582677166
0
LINE
8
RED2
6
CONTINUOUS
10
8.7019409448818905
20
-7.3186338582677166
11
8.693507874015749
21
-7.3186338582677166
0
LINE
8
RED2
6
CONTINUOUS
10
8.693507874015749
20
-7.3186338582677166
11
8.68788188976378
21
-7.3158228346456697
0
LINE
8
RED2
6
CONTINUOUS
10
8.68788188976378
20
-7.3158228346456697
11
8.6850708661417322
21
-7.3101968503937007
0
LINE
8
RED2
6
CONTINUOUS
10
8.6850708661417322
20
-7.3101968503937007
11
8.6850708661417322
21
-7.3073858267716538
0
LINE
8
RED2
6
CONTINUOUS
10
8.6850708661417322
20
-7.3073858267716538
11
8.68788188976378
21
-7.3017598425196857
0
LINE
8
RED2
6
CONTINUOUS
10
8.68788188976378
20
-7.3017598425196857
11
8.693507874015749
21
-7.2989488188976379
0
LINE
8
RED2
6
CONTINUOUS
10
8.693507874015749
20
-7.2989488188976379
11
8.7019409448818905
21
-7.2989488188976379
0
LINE
8
RED2
6
CONTINUOUS
10
8.7019409448818905
20
-7.2989488188976379
11
8.7075669291338578
21
-7.3017598425196857
0
LINE
8
RED2
6
CONTINUOUS
10
8.761000000000001
20
-7.3355078740157484
11
8.755374015748032
21
-7.3383188976377953
0
LINE
8
RED2
6
CONTINUOUS
10
8.755374015748032
20
-7.3383188976377953
11
8.7441259842519692
21
-7.3383188976377953
0
LINE
8
RED2
6
CONTINUOUS
10
8.7441259842519692
20
-7.3383188976377953
11
8.7385000000000002
21
-7.3355078740157484
0
LINE
8
RED2
6
CONTINUOUS
10
8.7385000000000002
20
-7.3355078740157484
11
8.7356889763779524
21
-7.3326929133858272
0
LINE
8
RED2
6
CONTINUOUS
10
8.7356889763779524
20
-7.3326929133858272
11
8.7328779527559064
21
-7.3270708661417325
0
LINE
8
RED2
6
CONTINUOUS
10
8.7328779527559064
20
-7.3270708661417325
11
8.7328779527559064
21
-7.3101968503937007
0
LINE
8
RED2
6
CONTINUOUS
10
8.7328779527559064
20
-7.3101968503937007
11
8.7356889763779524
21
-7.3045708661417326
0
LINE
8
RED2
6
CONTINUOUS
10
8.7356889763779524
20
-7.3045708661417326
11
8.7385000000000002
21
-7.3017598425196857
0
LINE
8
RED2
6
CONTINUOUS
10
8.7385000000000002
20
-7.3017598425196857
11
8.7441259842519692
21
-7.2989488188976379
0
LINE
8
RED2
6
CONTINUOUS
10
8.7441259842519692
20
-7.2989488188976379
11
8.755374015748032
21
-7.2989488188976379
0
LINE
8
RED2
6
CONTINUOUS
10
8.755374015748032
20
-7.2989488188976379
11
8.761000000000001
21
-7.3017598425196857
0
LINE
8
RED2
6
CONTINUOUS
10
8.7863070866141744
20
-7.3383188976377953
11
8.7863070866141744
21
-7.2792637795275592
0
LINE
8
RED2
6
CONTINUOUS
10
8.8116181102362212
20
-7.3383188976377953
11
8.8116181102362212
21
-7.3073858267716538
0
LINE
8
RED2
6
CONTINUOUS
10
8.8116181102362212
20
-7.3073858267716538
11
8.8088031496063
21
-7.3017598425196857
0
LINE
8
RED2
6
CONTINUOUS
10
8.8088031496063
20
-7.3017598425196857
11
8.8031811023622044
21
-7.2989488188976379
0
LINE
8
RED2
6
CONTINUOUS
10
8.8031811023622044
20
-7.2989488188976379
11
8.7947440944881894
21
-7.2989488188976379
0
LINE
8
RED2
6
CONTINUOUS
10
8.7947440944881894
20
-7.2989488188976379
11
8.7891181102362204
21
-7.3017598425196857
0
LINE
8
RED2
6
CONTINUOUS
10
8.7891181102362204
20
-7.3017598425196857
11
8.7863070866141744
21
-7.3045708661417326
0
LINE
8
RED2
6
CONTINUOUS
10
6.9685905511811024
20
-7.1459527559055118
11
11.2205590551181107
21
-7.1459527559055118
0
LINE
8
RED2
6
CONTINUOUS
10
7.0230905511811024
20
-7.2292086614173234
11
7.0315275590551183
21
-7.2320196850393703
0
LINE
8
RED2
6
CONTINUOUS
10
7.0315275590551183
20
-7.2320196850393703
11
7.0455866141732288
21
-7.2320196850393703
0
LINE
8
RED2
6
CONTINUOUS
10
7.0455866141732288
20
-7.2320196850393703
11
7.051212598425197
21
-7.2292086614173234
0
LINE
8
RED2
6
CONTINUOUS
10
7.051212598425197
20
-7.2292086614173234
11
7.0540236220472448
21
-7.2263937007874022
0
LINE
8
RED2
6
CONTINUOUS
10
7.0540236220472448
20
-7.2263937007874022
11
7.0568346456692916
21
-7.2207716535433075
0
LINE
8
RED2
6
CONTINUOUS
10
7.0568346456692916
20
-7.2207716535433075
11
7.0568346456692916
21
-7.2151456692913385
0
LINE
8
RED2
6
CONTINUOUS
10
7.0568346456692916
20
-7.2151456692913385
11
7.0540236220472448
21
-7.2095236220472447
0
LINE
8
RED2
6
CONTINUOUS
10
7.0540236220472448
20
-7.2095236220472447
11
7.051212598425197
21
-7.2067086614173235
0
LINE
8
RED2
6
CONTINUOUS
10
7.051212598425197
20
-7.2067086614173235
11
7.0455866141732288
21
-7.2038976377952757
0
LINE
8
RED2
6
CONTINUOUS
10
7.0455866141732288
20
-7.2038976377952757
11
7.0343385826771661
21
-7.2010866141732288
0
LINE
8
RED2
6
CONTINUOUS
10
7.0343385826771661
20
-7.2010866141732288
11
7.028712598425197
21
-7.1982716535433076
0
LINE
8
RED2
6
CONTINUOUS
10
7.028712598425197
20
-7.1982716535433076
11
7.0259015748031501
21
-7.1954606299212598
0
LINE
8
RED2
6
CONTINUOUS
10
7.0259015748031501
20
-7.1954606299212598
11
7.0230905511811024
21
-7.189838582677166
0
LINE
8
RED2
6
CONTINUOUS
10
7.0230905511811024
20
-7.189838582677166
11
7.0230905511811024
21
-7.184212598425197
0
LINE
8
RED2
6
CONTINUOUS
10
7.0230905511811024
20
-7.184212598425197
11
7.0259015748031501
21
-7.1785866141732289
0
LINE
8
RED2
6
CONTINUOUS
10
7.0259015748031501
20
-7.1785866141732289
11
7.028712598425197
21
-7.1757755905511811
0
LINE
8
RED2
6
CONTINUOUS
10
7.028712598425197
20
-7.1757755905511811
11
7.0343385826771661
21
-7.1729645669291342
0
LINE
8
RED2
6
CONTINUOUS
10
7.0343385826771661
20
-7.1729645669291342
11
7.0483976377952757
21
-7.1729645669291342
0
LINE
8
RED2
6
CONTINUOUS
10
7.0483976377952757
20
-7.1729645669291342
11
7.0568346456692916
21
-7.1757755905511811
0
LINE
8
RED2
6
CONTINUOUS
10
7.0821456692913385
20
-7.2320196850393703
11
7.0821456692913385
21
-7.1729645669291342
0
LINE
8
RED2
6
CONTINUOUS
10
7.1074566929133862
20
-7.2320196850393703
11
7.1074566929133862
21
-7.2010866141732288
0
LINE
8
RED2
6
CONTINUOUS
10
7.1074566929133862
20
-7.2010866141732288
11
7.104641732283465
21
-7.1954606299212598
0
LINE
8
RED2
6
CONTINUOUS
10
7.104641732283465
20
-7.1954606299212598
11
7.0990196850393703
21
-7.1926496062992129
0
LINE
8
RED2
6
CONTINUOUS
10
7.0990196850393703
20
-7.1926496062992129
11
7.0905826771653544
21
-7.1926496062992129
0
LINE
8
RED2
6
CONTINUOUS
10
7.0905826771653544
20
-7.1926496062992129
11
7.0849566929133863
21
-7.1954606299212598
0
LINE
8
RED2
6
CONTINUOUS
10
7.0849566929133863
20
-7.1954606299212598
11
7.0821456692913385
21
-7.1982716535433076
0
LINE
8
RED2
6
CONTINUOUS
10
7.1580708661417329
20
-7.2292086614173234
11
7.1524488188976383
21
-7.2320196850393703
0
LINE
8
RED2
6
CONTINUOUS
10
7.1524488188976383
20
-7.2320196850393703
11
7.1412007874015755
21
-7.2320196850393703
0
LINE
8
RED2
6
CONTINUOUS
10
7.1412007874015755
20
-7.2320196850393703
11
7.1355748031496065
21
-7.2292086614173234
0
LINE
8
RED2
6
CONTINUOUS
10
7.1355748031496065
20
-7.2292086614173234
11
7.1327637795275596
21
-7.2235826771653544
0
LINE
8
RED2
6
CONTINUOUS
10
7.1327637795275596
20
-7.2235826771653544
11
7.1327637795275596
21
-7.2010866141732288
0
LINE
8
RED2
6
CONTINUOUS
10
7.1327637795275596
20
-7.2010866141732288
11
7.1355748031496065
21
-7.1954606299212598
0
LINE
8
RED2
6
CONTINUOUS
10
7.1355748031496065
20
-7.1954606299212598
11
7.1412007874015755
21
-7.1926496062992129
0
LINE
8
RED2
6
CONTINUOUS
10
7.1412007874015755
20
-7.1926496062992129
11
7.1524488188976383
21
-7.1926496062992129
0
LINE
8
RED2
6
CONTINUOUS
10
7.1524488188976383
20
-7.1926496062992129
11
7.1580708661417329
21
-7.1954606299212598
0
LINE
8
RED2
6
CONTINUOUS
10
7.1580708661417329
20
-7.1954606299212598
11
7.1608858267716542
21
-7.2010866141732288
0
LINE
8
RED2
6
CONTINUOUS
10
7.1608858267716542
20
-7.2010866141732288
11
7.1608858267716542
21
-7.2067086614173235
0
LINE
8
RED2
6
CONTINUOUS
10
7.1608858267716542
20
-7.2067086614173235
11
7.1327637795275596
21
-7.2123346456692916
0
LINE
8
RED2
6
CONTINUOUS
10
7.2086889763779531
20
-7.2292086614173234
11
7.2030669291338585
21
-7.2320196850393703
0
LINE
8
RED2
6
CONTINUOUS
10
7.2030669291338585
20
-7.2320196850393703
11
7.1918188976377957
21
-7.2320196850393703
0
LINE
8
RED2
6
CONTINUOUS
10
7.1918188976377957
20
-7.2320196850393703
11
7.1861929133858267
21
-7.2292086614173234
0
LINE
8
RED2
6
CONTINUOUS
10
7.1861929133858267
20
-7.2292086614173234
11
7.1833818897637798
21
-7.2235826771653544
0
LINE
8
RED2
6
CONTINUOUS
10
7.1833818897637798
20
-7.2235826771653544
11
7.1833818897637798
21
-7.2010866141732288
0
LINE
8
RED2
6
CONTINUOUS
10
7.1833818897637798
20
-7.2010866141732288
11
7.1861929133858267
21
-7.1954606299212598
0
LINE
8
RED2
6
CONTINUOUS
10
7.1861929133858267
20
-7.1954606299212598
11
7.1918188976377957
21
-7.1926496062992129
0
LINE
8
RED2
6
CONTINUOUS
10
7.1918188976377957
20
-7.1926496062992129
11
7.2030669291338585
21
-7.1926496062992129
0
LINE
8
RED2
6
CONTINUOUS
10
7.2030669291338585
20
-7.1926496062992129
11
7.2086889763779531
21
-7.1954606299212598
0
LINE
8
RED2
6
CONTINUOUS
10
7.2086889763779531
20
-7.1954606299212598
11
7.2115039370078744
21
-7.2010866141732288
0
LINE
8
RED2
6
CONTINUOUS
10
7.2115039370078744
20
-7.2010866141732288
11
7.2115039370078744
21
-7.2067086614173235
0
LINE
8
RED2
6
CONTINUOUS
10
7.2115039370078744
20
-7.2067086614173235
11
7.1833818897637798
21
-7.2123346456692916
0
LINE
8
RED2
6
CONTINUOUS
10
7.2283740157480318
20
-7.1926496062992129
11
7.2508700787401574
21
-7.1926496062992129
0
LINE
8
RED2
6
CONTINUOUS
10
7.2368110236220478
20
-7.1729645669291342
11
7.2368110236220478
21
-7.2235826771653544
0
LINE
8
RED2
6
CONTINUOUS
10
7.2368110236220478
20
-7.2235826771653544
11
7.2396220472440946
21
-7.2292086614173234
0
LINE
8
RED2
6
CONTINUOUS
10
7.2396220472440946
20
-7.2292086614173234
11
7.2452480314960637
21
-7.2320196850393703
0
LINE
8
RED2
6
CONTINUOUS
10
7.2452480314960637
20
-7.2320196850393703
11
7.2508700787401574
21
-7.2320196850393703
0
LINE
8
RED2
6
CONTINUOUS
10
7.2705551181102361
20
-7.2263937007874022
11
7.2733661417322839
21
-7.2292086614173234
0
LINE
8
RED2
6
CONTINUOUS
10
7.2733661417322839
20
-7.2292086614173234
11
7.2705551181102361
21
-7.2320196850393703
0
LINE
8
RED2
6
CONTINUOUS
10
7.2705551181102361
20
-7.2320196850393703
11
7.2677440944881893
21
-7.2292086614173234
0
LINE
8
RED2
6
CONTINUOUS
10
7.2677440944881893
20
-7.2292086614173234
11
7.2705551181102361
21
-7.2263937007874022
0
LINE
8
RED2
6
CONTINUOUS
10
7.2705551181102361
20
-7.2263937007874022
11
7.2705551181102361
21
-7.2320196850393703
0
LINE
8
RED2
6
CONTINUOUS
10
7.2705551181102361
20
-7.1954606299212598
11
7.2733661417322839
21
-7.1982716535433076
0
LINE
8
RED2
6
CONTINUOUS
10
7.2733661417322839
20
-7.1982716535433076
11
7.2705551181102361
21
-7.2010866141732288
0
LINE
8
RED2
6
CONTINUOUS
10
7.2705551181102361
20
-7.2010866141732288
11
7.2677440944881893
21
-7.1982716535433076
0
LINE
8
RED2
6
CONTINUOUS
10
7.2677440944881893
20
-7.1982716535433076
11
7.2705551181102361
21
-7.1954606299212598
0
LINE
8
RED2
6
CONTINUOUS
10
7.2705551181102361
20
-7.1954606299212598
11
7.2705551181102361
21
-7.2010866141732288
0
LINE
8
RED2
6
CONTINUOUS
10
7.3858543307086615
20
-7.1701535433070873
11
7.3352362204724413
21
-7.2460787401574809
0
LINE
8
RED2
6
CONTINUOUS
10
7.4055393700787402
20
-7.2320196850393703
11
7.4055393700787402
21
-7.1729645669291342
0
LINE
8
RED2
6
CONTINUOUS
10
7.4055393700787402
20
-7.1729645669291342
11
7.4252244094488189
21
-7.2151456692913385
0
LINE
8
RED2
6
CONTINUOUS
10
7.4252244094488189
20
-7.2151456692913385
11
7.4449094488188976
21
-7.1729645669291342
0
LINE
8
RED2
6
CONTINUOUS
10
7.4449094488188976
20
-7.1729645669291342
11
7.4449094488188976
21
-7.2320196850393703
0
LINE
8
RED2
6
CONTINUOUS
10
7.4955275590551187
20
-7.2292086614173234
11
7.489905511811024
21
-7.2320196850393703
0
LINE
8
RED2
6
CONTINUOUS
10
7.489905511811024
20
-7.2320196850393703
11
7.4786574803149612
21
-7.2320196850393703
0
LINE
8
RED2
6
CONTINUOUS
10
7.4786574803149612
20
-7.2320196850393703
11
7.4730314960629922
21
-7.2292086614173234
0
LINE
8
RED2
6
CONTINUOUS
10
7.4730314960629922
20
-7.2292086614173234
11
7.4702204724409453
21
-7.2235826771653544
0
LINE
8
RED2
6
CONTINUOUS
10
7.4702204724409453
20
-7.2235826771653544
11
7.4702204724409453
21
-7.2010866141732288
0
LINE
8
RED2
6
CONTINUOUS
10
7.4702204724409453
20
-7.2010866141732288
11
7.4730314960629922
21
-7.1954606299212598
0
LINE
8
RED2
6
CONTINUOUS
10
7.4730314960629922
20
-7.1954606299212598
11
7.4786574803149612
21
-7.1926496062992129
0
LINE
8
RED2
6
CONTINUOUS
10
7.4786574803149612
20
-7.1926496062992129
11
7.489905511811024
21
-7.1926496062992129
0
LINE
8
RED2
6
CONTINUOUS
10
7.489905511811024
20
-7.1926496062992129
11
7.4955275590551187
21
-7.1954606299212598
0
LINE
8
RED2
6
CONTINUOUS
10
7.4955275590551187
20
-7.1954606299212598
11
7.49834251968504
21
-7.2010866141732288
0
LINE
8
RED2
6
CONTINUOUS
10
7.49834251968504
20
-7.2010866141732288
11
7.49834251968504
21
-7.2067086614173235
0
LINE
8
RED2
6
CONTINUOUS
10
7.49834251968504
20
-7.2067086614173235
11
7.4702204724409453
21
-7.2123346456692916
0
LINE
8
RED2
6
CONTINUOUS
10
7.5236496062992133
20
-7.2320196850393703
11
7.5236496062992133
21
-7.1926496062992129
0
LINE
8
RED2
6
CONTINUOUS
10
7.5236496062992133
20
-7.1982716535433076
11
7.5264606299212602
21
-7.1954606299212598
0
LINE
8
RED2
6
CONTINUOUS
10
7.5264606299212602
20
-7.1954606299212598
11
7.5320866141732283
21
-7.1926496062992129
0
LINE
8
RED2
6
CONTINUOUS
10
7.5320866141732283
20
-7.1926496062992129
11
7.5405236220472442
21
-7.1926496062992129
0
LINE
8
RED2
6
CONTINUOUS
10
7.5405236220472442
20
-7.1926496062992129
11
7.5461456692913389
21
-7.1954606299212598
0
LINE
8
RED2
6
CONTINUOUS
10
7.5461456692913389
20
-7.1954606299212598
11
7.5489606299212602
21
-7.2010866141732288
0
LINE
8
RED2
6
CONTINUOUS
10
7.5489606299212602
20
-7.2010866141732288
11
7.5489606299212602
21
-7.2320196850393703
0
LINE
8
RED2
6
CONTINUOUS
10
7.5489606299212602
20
-7.2010866141732288
11
7.551771653543307
21
-7.1954606299212598
0
LINE
8
RED2
6
CONTINUOUS
10
7.551771653543307
20
-7.1954606299212598
11
7.5573937007874017
21
-7.1926496062992129
0
LINE
8
RED2
6
CONTINUOUS
10
7.5573937007874017
20
-7.1926496062992129
11
7.5658307086614176
21
-7.1926496062992129
0
LINE
8
RED2
6
CONTINUOUS
10
7.5658307086614176
20
-7.1926496062992129
11
7.5714566929133857
21
-7.1954606299212598
0
LINE
8
RED2
6
CONTINUOUS
10
7.5714566929133857
20
-7.1954606299212598
11
7.5742677165354335
21
-7.2010866141732288
0
LINE
8
RED2
6
CONTINUOUS
10
7.5742677165354335
20
-7.2010866141732288
11
7.5742677165354335
21
-7.2320196850393703
0
LINE
8
RED2
6
CONTINUOUS
10
7.6108267716535432
20
-7.2320196850393703
11
7.605200787401575
21
-7.2292086614173234
0
LINE
8
RED2
6
CONTINUOUS
10
7.605200787401575
20
-7.2292086614173234
11
7.6023897637795281
21
-7.2263937007874022
0
LINE
8
RED2
6
CONTINUOUS
10
7.6023897637795281
20
-7.2263937007874022
11
7.5995787401574804
21
-7.2207716535433075
0
LINE
8
RED2
6
CONTINUOUS
10
7.5995787401574804
20
-7.2207716535433075
11
7.5995787401574804
21
-7.2038976377952757
0
LINE
8
RED2
6
CONTINUOUS
10
7.5995787401574804
20
-7.2038976377952757
11
7.6023897637795281
21
-7.1982716535433076
0
LINE
8
RED2
6
CONTINUOUS
10
7.6023897637795281
20
-7.1982716535433076
11
7.605200787401575
21
-7.1954606299212598
0
LINE
8
RED2
6
CONTINUOUS
10
7.605200787401575
20
-7.1954606299212598
11
7.6108267716535432
21
-7.1926496062992129
0
LINE
8
RED2
6
CONTINUOUS
10
7.6108267716535432
20
-7.1926496062992129
11
7.6192637795275591
21
-7.1926496062992129
0
LINE
8
RED2
6
CONTINUOUS
10
7.6192637795275591
20
-7.1926496062992129
11
7.6248858267716537
21
-7.1954606299212598
0
LINE
8
RED2
6
CONTINUOUS
10
7.6248858267716537
20
-7.1954606299212598
11
7.627700787401575
21
-7.1982716535433076
0
LINE
8
RED2
6
CONTINUOUS
10
7.627700787401575
20
-7.1982716535433076
11
7.6305118110236227
21
-7.2038976377952757
0
LINE
8
RED2
6
CONTINUOUS
10
7.6305118110236227
20
-7.2038976377952757
11
7.6305118110236227
21
-7.2207716535433075
0
LINE
8
RED2
6
CONTINUOUS
10
7.6305118110236227
20
-7.2207716535433075
11
7.627700787401575
21
-7.2263937007874022
0
LINE
8
RED2
6
CONTINUOUS
10
7.627700787401575
20
-7.2263937007874022
11
7.6248858267716537
21
-7.2292086614173234
0
LINE
8
RED2
6
CONTINUOUS
10
7.6248858267716537
20
-7.2292086614173234
11
7.6192637795275591
21
-7.2320196850393703
0
LINE
8
RED2
6
CONTINUOUS
10
7.6192637795275591
20
-7.2320196850393703
11
7.6108267716535432
21
-7.2320196850393703
0
LINE
8
RED2
6
CONTINUOUS
10
7.6558188976377952
20
-7.2320196850393703
11
7.6558188976377952
21
-7.1926496062992129
0
LINE
8
RED2
6
CONTINUOUS
10
7.6558188976377952
20
-7.2038976377952757
11
7.658629921259843
21
-7.1982716535433076
0
LINE
8
RED2
6
CONTINUOUS
10
7.658629921259843
20
-7.1982716535433076
11
7.6614448818897642
21
-7.1954606299212598
0
LINE
8
RED2
6
CONTINUOUS
10
7.6614448818897642
20
-7.1954606299212598
11
7.6670669291338589
21
-7.1926496062992129
0
LINE
8
RED2
6
CONTINUOUS
10
7.6670669291338589
20
-7.1926496062992129
11
7.672692913385827
21
-7.1926496062992129
0
LINE
8
RED2
6
CONTINUOUS
10
7.6867519685039376
20
-7.1926496062992129
11
7.7008149606299217
21
-7.2320196850393703
0
LINE
8
RED2
6
CONTINUOUS
10
7.7148740157480322
20
-7.1926496062992129
11
7.7008149606299217
21
-7.2320196850393703
0
LINE
8
RED2
6
CONTINUOUS
10
7.7008149606299217
20
-7.2320196850393703
11
7.6951889763779526
21
-7.2460787401574809
0
LINE
8
RED2
6
CONTINUOUS
10
7.6951889763779526
20
-7.2460787401574809
11
7.6923779527559057
21
-7.2488937007874021
0
LINE
8
RED2
6
CONTINUOUS
10
7.6923779527559057
20
-7.2488937007874021
11
7.6867519685039376
21
-7.251704724409449
0
LINE
8
RED2
6
CONTINUOUS
10
7.7795590551181109
20
-7.2151456692913385
11
7.8076811023622046
21
-7.2151456692913385
0
LINE
8
RED2
6
CONTINUOUS
10
7.7739330708661418
20
-7.2320196850393703
11
7.7936181102362205
21
-7.1729645669291342
0
LINE
8
RED2
6
CONTINUOUS
10
7.7936181102362205
20
-7.1729645669291342
11
7.8133031496062992
21
-7.2320196850393703
0
LINE
8
RED2
6
CONTINUOUS
10
7.8582992125984257
20
-7.2320196850393703
11
7.8582992125984257
21
-7.1729645669291342
0
LINE
8
RED2
6
CONTINUOUS
10
7.8582992125984257
20
-7.2292086614173234
11
7.8526732283464566
21
-7.2320196850393703
0
LINE
8
RED2
6
CONTINUOUS
10
7.8526732283464566
20
-7.2320196850393703
11
7.8414251968503939
21
-7.2320196850393703
0
LINE
8
RED2
6
CONTINUOUS
10
7.8414251968503939
20
-7.2320196850393703
11
7.8357992125984257
21
-7.2292086614173234
0
LINE
8
RED2
6
CONTINUOUS
10
7.8357992125984257
20
-7.2292086614173234
11
7.8329881889763779
21
-7.2263937007874022
0
LINE
8
RED2
6
CONTINUOUS
10
7.8329881889763779
20
-7.2263937007874022
11
7.8301771653543311
21
-7.2207716535433075
0
LINE
8
RED2
6
CONTINUOUS
10
7.8301771653543311
20
-7.2207716535433075
11
7.8301771653543311
21
-7.2038976377952757
0
LINE
8
RED2
6
CONTINUOUS
10
7.8301771653543311
20
-7.2038976377952757
11
7.8329881889763779
21
-7.1982716535433076
0
LINE
8
RED2
6
CONTINUOUS
10
7.8329881889763779
20
-7.1982716535433076
11
7.8357992125984257
21
-7.1954606299212598
0
LINE
8
RED2
6
CONTINUOUS
10
7.8357992125984257
20
-7.1954606299212598
11
7.8414251968503939
21
-7.1926496062992129
0
LINE
8
RED2
6
CONTINUOUS
10
7.8414251968503939
20
-7.1926496062992129
11
7.8526732283464566
21
-7.1926496062992129
0
LINE
8
RED2
6
CONTINUOUS
10
7.8526732283464566
20
-7.1926496062992129
11
7.8582992125984257
21
-7.1954606299212598
0
LINE
8
RED2
6
CONTINUOUS
10
7.9117283464566937
20
-7.2320196850393703
11
7.9117283464566937
21
-7.1729645669291342
0
LINE
8
RED2
6
CONTINUOUS
10
7.9117283464566937
20
-7.2292086614173234
11
7.9061023622047246
21
-7.2320196850393703
0
LINE
8
RED2
6
CONTINUOUS
10
7.9061023622047246
20
-7.2320196850393703
11
7.8948543307086618
21
-7.2320196850393703
0
LINE
8
RED2
6
CONTINUOUS
10
7.8948543307086618
20
-7.2320196850393703
11
7.8892283464566928
21
-7.2292086614173234
0
LINE
8
RED2
6
CONTINUOUS
10
7.8892283464566928
20
-7.2292086614173234
11
7.8864173228346459
21
-7.2263937007874022
0
LINE
8
RED2
6
CONTINUOUS
10
7.8864173228346459
20
-7.2263937007874022
11
7.883606299212599
21
-7.2207716535433075
0
LINE
8
RED2
6
CONTINUOUS
10
7.883606299212599
20
-7.2207716535433075
11
7.883606299212599
21
-7.2038976377952757
0
LINE
8
RED2
6
CONTINUOUS
10
7.883606299212599
20
-7.2038976377952757
11
7.8864173228346459
21
-7.1982716535433076
0
LINE
8
RED2
6
CONTINUOUS
10
7.8864173228346459
20
-7.1982716535433076
11
7.8892283464566928
21
-7.1954606299212598
0
LINE
8
RED2
6
CONTINUOUS
10
7.8892283464566928
20
-7.1954606299212598
11
7.8948543307086618
21
-7.1926496062992129
0
LINE
8
RED2
6
CONTINUOUS
10
7.8948543307086618
20
-7.1926496062992129
11
7.9061023622047246
21
-7.1926496062992129
0
LINE
8
RED2
6
CONTINUOUS
10
7.9061023622047246
20
-7.1926496062992129
11
7.9117283464566937
21
-7.1954606299212598
0
LINE
8
RED2
6
CONTINUOUS
10
7.9398464566929139
20
-7.2320196850393703
11
7.9398464566929139
21
-7.1926496062992129
0
LINE
8
RED2
6
CONTINUOUS
10
7.9398464566929139
20
-7.2038976377952757
11
7.9426574803149608
21
-7.1982716535433076
0
LINE
8
RED2
6
CONTINUOUS
10
7.9426574803149608
20
-7.1982716535433076
11
7.945472440944882
21
-7.1954606299212598
0
LINE
8
RED2
6
CONTINUOUS
10
7.945472440944882
20
-7.1954606299212598
11
7.9510944881889767
21
-7.1926496062992129
0
LINE
8
RED2
6
CONTINUOUS
10
7.9510944881889767
20
-7.1926496062992129
11
7.9567204724409448
21
-7.1926496062992129
0
LINE
8
RED2
6
CONTINUOUS
10
7.99890157480315
20
-7.2292086614173234
11
7.9932795275590554
21
-7.2320196850393703
0
LINE
8
RED2
6
CONTINUOUS
10
7.9932795275590554
20
-7.2320196850393703
11
7.9820314960629926
21
-7.2320196850393703
0
LINE
8
RED2
6
CONTINUOUS
10
7.9820314960629926
20
-7.2320196850393703
11
7.9764055118110235
21
-7.2292086614173234
0
LINE
8
RED2
6
CONTINUOUS
10
7.9764055118110235
20
-7.2292086614173234
11
7.9735944881889766
21
-7.2235826771653544
0
LINE
8
RED2
6
CONTINUOUS
10
7.9735944881889766
20
-7.2235826771653544
11
7.9735944881889766
21
-7.2010866141732288
0
LINE
8
RED2
6
CONTINUOUS
10
7.9735944881889766
20
-7.2010866141732288
11
7.9764055118110235
21
-7.1954606299212598
0
LINE
8
RED2
6
CONTINUOUS
10
7.9764055118110235
20
-7.1954606299212598
11
7.9820314960629926
21
-7.1926496062992129
0
LINE
8
RED2
6
CONTINUOUS
10
7.9820314960629926
20
-7.1926496062992129
11
7.9932795275590554
21
-7.1926496062992129
0
LINE
8
RED2
6
CONTINUOUS
10
7.9932795275590554
20
-7.1926496062992129
11
7.99890157480315
21
-7.1954606299212598
0
LINE
8
RED2
6
CONTINUOUS
10
7.99890157480315
20
-7.1954606299212598
11
8.0017165354330704
21
-7.2010866141732288
0
LINE
8
RED2
6
CONTINUOUS
10
8.0017165354330704
20
-7.2010866141732288
11
8.0017165354330704
21
-7.2067086614173235
0
LINE
8
RED2
6
CONTINUOUS
10
8.0017165354330704
20
-7.2067086614173235
11
7.9735944881889766
21
-7.2123346456692916
0
LINE
8
RED2
6
CONTINUOUS
10
8.0242125984251977
20
-7.2292086614173234
11
8.0298346456692915
21
-7.2320196850393703
0
LINE
8
RED2
6
CONTINUOUS
10
8.0298346456692915
20
-7.2320196850393703
11
8.0410826771653543
21
-7.2320196850393703
0
LINE
8
RED2
6
CONTINUOUS
10
8.0410826771653543
20
-7.2320196850393703
11
8.0467086614173233
21
-7.2292086614173234
0
LINE
8
RED2
6
CONTINUOUS
10
8.0467086614173233
20
-7.2292086614173234
11
8.0495196850393711
21
-7.2235826771653544
0
LINE
8
RED2
6
CONTINUOUS
10
8.0495196850393711
20
-7.2235826771653544
11
8.0495196850393711
21
-7.2207716535433075
0
LINE
8
RED2
6
CONTINUOUS
10
8.0495196850393711
20
-7.2207716535433075
11
8.0467086614173233
21
-7.2151456692913385
0
LINE
8
RED2
6
CONTINUOUS
10
8.0467086614173233
20
-7.2151456692913385
11
8.0410826771653543
21
-7.2123346456692916
0
LINE
8
RED2
6
CONTINUOUS
10
8.0410826771653543
20
-7.2123346456692916
11
8.0326496062992128
21
-7.2123346456692916
0
LINE
8
RED2
6
CONTINUOUS
10
8.0326496062992128
20
-7.2123346456692916
11
8.0270236220472437
21
-7.2095236220472447
0
LINE
8
RED2
6
CONTINUOUS
10
8.0270236220472437
20
-7.2095236220472447
11
8.0242125984251977
21
-7.2038976377952757
0
LINE
8
RED2
6
CONTINUOUS
10
8.0242125984251977
20
-7.2038976377952757
11
8.0242125984251977
21
-7.2010866141732288
0
LINE
8
RED2
6
CONTINUOUS
10
8.0242125984251977
20
-7.2010866141732288
11
8.0270236220472437
21
-7.1954606299212598
0
LINE
8
RED2
6
CONTINUOUS
10
8.0270236220472437
20
-7.1954606299212598
11
8.0326496062992128
21
-7.1926496062992129
0
LINE
8
RED2
6
CONTINUOUS
10
8.0326496062992128
20
-7.1926496062992129
11
8.0410826771653543
21
-7.1926496062992129
0
LINE
8
RED2
6
CONTINUOUS
10
8.0410826771653543
20
-7.1926496062992129
11
8.0467086614173233
21
-7.1954606299212598
0
LINE
8
RED2
6
CONTINUOUS
10
8.0720196850393702
20
-7.2292086614173234
11
8.0776417322834657
21
-7.2320196850393703
0
LINE
8
RED2
6
CONTINUOUS
10
8.0776417322834657
20
-7.2320196850393703
11
8.0888897637795285
21
-7.2320196850393703
0
LINE
8
RED2
6
CONTINUOUS
10
8.0888897637795285
20
-7.2320196850393703
11
8.0945157480314958
21
-7.2292086614173234
0
LINE
8
RED2
6
CONTINUOUS
10
8.0945157480314958
20
-7.2292086614173234
11
8.0973267716535435
21
-7.2235826771653544
0
LINE
8
RED2
6
CONTINUOUS
10
8.0973267716535435
20
-7.2235826771653544
11
8.0973267716535435
21
-7.2207716535433075
0
LINE
8
RED2
6
CONTINUOUS
10
8.0973267716535435
20
-7.2207716535433075
11
8.0945157480314958
21
-7.2151456692913385
0
LINE
8
RED2
6
CONTINUOUS
10
8.0945157480314958
20
-7.2151456692913385
11
8.0888897637795285
21
-7.2123346456692916
0
LINE
8
RED2
6
CONTINUOUS
10
8.0888897637795285
20
-7.2123346456692916
11
8.080456692913387
21
-7.2123346456692916
0
LINE
8
RED2
6
CONTINUOUS
10
8.080456692913387
20
-7.2123346456692916
11
8.0748307086614179
21
-7.2095236220472447
0
LINE
8
RED2
6
CONTINUOUS
10
8.0748307086614179
20
-7.2095236220472447
11
8.0720196850393702
21
-7.2038976377952757
0
LINE
8
RED2
6
CONTINUOUS
10
8.0720196850393702
20
-7.2038976377952757
11
8.0720196850393702
21
-7.2010866141732288
0
LINE
8
RED2
6
CONTINUOUS
10
8.0720196850393702
20
-7.2010866141732288
11
8.0748307086614179
21
-7.1954606299212598
0
LINE
8
RED2
6
CONTINUOUS
10
8.0748307086614179
20
-7.1954606299212598
11
8.080456692913387
21
-7.1926496062992129
0
LINE
8
RED2
6
CONTINUOUS
10
8.080456692913387
20
-7.1926496062992129
11
8.0888897637795285
21
-7.1926496062992129
0
LINE
8
RED2
6
CONTINUOUS
10
8.0888897637795285
20
-7.1926496062992129
11
8.0945157480314958
21
-7.1954606299212598
0
LINE
8
RED2
6
CONTINUOUS
10
8.2013779527559052
20
-7.2320196850393703
11
8.1816929133858274
21
-7.2038976377952757
0
LINE
8
RED2
6
CONTINUOUS
10
8.1676338582677168
20
-7.2320196850393703
11
8.1676338582677168
21
-7.1729645669291342
0
LINE
8
RED2
6
CONTINUOUS
10
8.1676338582677168
20
-7.1729645669291342
11
8.1901299212598424
21
-7.1729645669291342
0
LINE
8
RED2
6
CONTINUOUS
10
8.1901299212598424
20
-7.1729645669291342
11
8.1957559055118114
21
-7.1757755905511811
0
LINE
8
RED2
6
CONTINUOUS
10
8.1957559055118114
20
-7.1757755905511811
11
8.1985669291338592
21
-7.1785866141732289
0
LINE
8
RED2
6
CONTINUOUS
10
8.1985669291338592
20
-7.1785866141732289
11
8.2013779527559052
21
-7.184212598425197
0
LINE
8
RED2
6
CONTINUOUS
10
8.2013779527559052
20
-7.184212598425197
11
8.2013779527559052
21
-7.1926496062992129
0
LINE
8
RED2
6
CONTINUOUS
10
8.2013779527559052
20
-7.1926496062992129
11
8.1985669291338592
21
-7.1982716535433076
0
LINE
8
RED2
6
CONTINUOUS
10
8.1985669291338592
20
-7.1982716535433076
11
8.1957559055118114
21
-7.2010866141732288
0
LINE
8
RED2
6
CONTINUOUS
10
8.1957559055118114
20
-7.2010866141732288
11
8.1901299212598424
21
-7.2038976377952757
0
LINE
8
RED2
6
CONTINUOUS
10
8.1901299212598424
20
-7.2038976377952757
11
8.1676338582677168
21
-7.2038976377952757
0
LINE
8
RED2
6
CONTINUOUS
10
8.2491850393700794
20
-7.2292086614173234
11
8.2435629921259839
21
-7.2320196850393703
0
LINE
8
RED2
6
CONTINUOUS
10
8.2435629921259839
20
-7.2320196850393703
11
8.2323149606299211
21
-7.2320196850393703
0
LINE
8
RED2
6
CONTINUOUS
10
8.2323149606299211
20
-7.2320196850393703
11
8.2266889763779538
21
-7.2292086614173234
0
LINE
8
RED2
6
CONTINUOUS
10
8.2266889763779538
20
-7.2292086614173234
11
8.2238779527559061
21
-7.2235826771653544
0
LINE
8
RED2
6
CONTINUOUS
10
8.2238779527559061
20
-7.2235826771653544
11
8.2238779527559061
21
-7.2010866141732288
0
LINE
8
RED2
6
CONTINUOUS
10
8.2238779527559061
20
-7.2010866141732288
11
8.2266889763779538
21
-7.1954606299212598
0
LINE
8
RED2
6
CONTINUOUS
10
8.2266889763779538
20
-7.1954606299212598
11
8.2323149606299211
21
-7.1926496062992129
0
LINE
8
RED2
6
CONTINUOUS
10
8.2323149606299211
20
-7.1926496062992129
11
8.2435629921259839
21
-7.1926496062992129
0
LINE
8
RED2
6
CONTINUOUS
10
8.2435629921259839
20
-7.1926496062992129
11
8.2491850393700794
21
-7.1954606299212598
0
LINE
8
RED2
6
CONTINUOUS
10
8.2491850393700794
20
-7.1954606299212598
11
8.2520000000000007
21
-7.2010866141732288
0
LINE
8
RED2
6
CONTINUOUS
10
8.2520000000000007
20
-7.2010866141732288
11
8.2520000000000007
21
-7.2067086614173235
0
LINE
8
RED2
6
CONTINUOUS
10
8.2520000000000007
20
-7.2067086614173235
11
8.2238779527559061
21
-7.2123346456692916
0
LINE
8
RED2
6
CONTINUOUS
10
8.3026181102362209
20
-7.1926496062992129
11
8.3026181102362209
21
-7.2404566929133862
0
LINE
8
RED2
6
CONTINUOUS
10
8.3026181102362209
20
-7.2404566929133862
11
8.2998031496062996
21
-7.2460787401574809
0
LINE
8
RED2
6
CONTINUOUS
10
8.2998031496062996
20
-7.2460787401574809
11
8.2969921259842518
21
-7.2488937007874021
0
LINE
8
RED2
6
CONTINUOUS
10
8.2969921259842518
20
-7.2488937007874021
11
8.2913661417322846
21
-7.251704724409449
0
LINE
8
RED2
6
CONTINUOUS
10
8.2913661417322846
20
-7.251704724409449
11
8.2829330708661413
21
-7.251704724409449
0
LINE
8
RED2
6
CONTINUOUS
10
8.2829330708661413
20
-7.251704724409449
11
8.277307086614174
21
-7.2488937007874021
0
LINE
8
RED2
6
CONTINUOUS
10
8.3026181102362209
20
-7.2292086614173234
11
8.2969921259842518
21
-7.2320196850393703
0
LINE
8
RED2
6
CONTINUOUS
10
8.2969921259842518
20
-7.2320196850393703
11
8.285744094488189
21
-7.2320196850393703
0
LINE
8
RED2
6
CONTINUOUS
10
8.285744094488189
20
-7.2320196850393703
11
8.28011811023622
21
-7.2292086614173234
0
LINE
8
RED2
6
CONTINUOUS
10
8.28011811023622
20
-7.2292086614173234
11
8.277307086614174
21
-7.2263937007874022
0
LINE
8
RED2
6
CONTINUOUS
10
8.277307086614174
20
-7.2263937007874022
11
8.2744960629921263
21
-7.2207716535433075
0
LINE
8
RED2
6
CONTINUOUS
10
8.2744960629921263
20
-7.2207716535433075
11
8.2744960629921263
21
-7.2038976377952757
0
LINE
8
RED2
6
CONTINUOUS
10
8.2744960629921263
20
-7.2038976377952757
11
8.277307086614174
21
-7.1982716535433076
0
LINE
8
RED2
6
CONTINUOUS
10
8.277307086614174
20
-7.1982716535433076
11
8.28011811023622
21
-7.1954606299212598
0
LINE
8
RED2
6
CONTINUOUS
10
8.28011811023622
20
-7.1954606299212598
11
8.285744094488189
21
-7.1926496062992129
0
LINE
8
RED2
6
CONTINUOUS
10
8.285744094488189
20
-7.1926496062992129
11
8.2969921259842518
21
-7.1926496062992129
0
LINE
8
RED2
6
CONTINUOUS
10
8.2969921259842518
20
-7.1926496062992129
11
8.3026181102362209
21
-7.1954606299212598
0
LINE
8
RED2
6
CONTINUOUS
10
8.330736220472442
20
-7.2320196850393703
11
8.330736220472442
21
-7.1926496062992129
0
LINE
8
RED2
6
CONTINUOUS
10
8.330736220472442
20
-7.1729645669291342
11
8.3279251968503942
21
-7.1757755905511811
0
LINE
8
RED2
6
CONTINUOUS
10
8.3279251968503942
20
-7.1757755905511811
11
8.330736220472442
21
-7.1785866141732289
0
LINE
8
RED2
6
CONTINUOUS
10
8.330736220472442
20
-7.1785866141732289
11
8.333547244094488
21
-7.1757755905511811
0
LINE
8
RED2
6
CONTINUOUS
10
8.333547244094488
20
-7.1757755905511811
11
8.330736220472442
21
-7.1729645669291342
0
LINE
8
RED2
6
CONTINUOUS
10
8.330736220472442
20
-7.1729645669291342
11
8.330736220472442
21
-7.1785866141732289
0
LINE
8
RED2
6
CONTINUOUS
10
8.3560472440944888
20
-7.2292086614173234
11
8.3616692913385826
21
-7.2320196850393703
0
LINE
8
RED2
6
CONTINUOUS
10
8.3616692913385826
20
-7.2320196850393703
11
8.3729173228346454
21
-7.2320196850393703
0
LINE
8
RED2
6
CONTINUOUS
10
8.3729173228346454
20
-7.2320196850393703
11
8.3785433070866144
21
-7.2292086614173234
0
LINE
8
RED2
6
CONTINUOUS
10
8.3785433070866144
20
-7.2292086614173234
11
8.3813543307086622
21
-7.2235826771653544
0
LINE
8
RED2
6
CONTINUOUS
10
8.3813543307086622
20
-7.2235826771653544
11
8.3813543307086622
21
-7.2207716535433075
0
LINE
8
RED2
6
CONTINUOUS
10
8.3813543307086622
20
-7.2207716535433075
11
8.3785433070866144
21
-7.2151456692913385
0
LINE
8
RED2
6
CONTINUOUS
10
8.3785433070866144
20
-7.2151456692913385
11
8.3729173228346454
21
-7.2123346456692916
0
LINE
8
RED2
6
CONTINUOUS
10
8.3729173228346454
20
-7.2123346456692916
11
8.3644842519685039
21
-7.2123346456692916
0
LINE
8
RED2
6
CONTINUOUS
10
8.3644842519685039
20
-7.2123346456692916
11
8.3588582677165366
21
-7.2095236220472447
0
LINE
8
RED2
6
CONTINUOUS
10
8.3588582677165366
20
-7.2095236220472447
11
8.3560472440944888
21
-7.2038976377952757
0
LINE
8
RED2
6
CONTINUOUS
10
8.3560472440944888
20
-7.2038976377952757
11
8.3560472440944888
21
-7.2010866141732288
0
LINE
8
RED2
6
CONTINUOUS
10
8.3560472440944888
20
-7.2010866141732288
11
8.3588582677165366
21
-7.1954606299212598
0
LINE
8
RED2
6
CONTINUOUS
10
8.3588582677165366
20
-7.1954606299212598
11
8.3644842519685039
21
-7.1926496062992129
0
LINE
8
RED2
6
CONTINUOUS
10
8.3644842519685039
20
-7.1926496062992129
11
8.3729173228346454
21
-7.1926496062992129
0
LINE
8
RED2
6
CONTINUOUS
10
8.3729173228346454
20
-7.1926496062992129
11
8.3785433070866144
21
-7.1954606299212598
0
LINE
8
RED2
6
CONTINUOUS
10
8.398228346456694
20
-7.1926496062992129
11
8.4207244094488196
21
-7.1926496062992129
0
LINE
8
RED2
6
CONTINUOUS
10
8.4066653543307091
20
-7.1729645669291342
11
8.4066653543307091
21
-7.2235826771653544
0
LINE
8
RED2
6
CONTINUOUS
10
8.4066653543307091
20
-7.2235826771653544
11
8.4094763779527568
21
-7.2292086614173234
0
LINE
8
RED2
6
CONTINUOUS
10
8.4094763779527568
20
-7.2292086614173234
11
8.4151023622047241
21
-7.2320196850393703
0
LINE
8
RED2
6
CONTINUOUS
10
8.4151023622047241
20
-7.2320196850393703
11
8.4207244094488196
21
-7.2320196850393703
0
LINE
8
RED2
6
CONTINUOUS
10
8.4629055118110248
20
-7.2292086614173234
11
8.4572834645669293
21
-7.2320196850393703
0
LINE
8
RED2
6
CONTINUOUS
10
8.4572834645669293
20
-7.2320196850393703
11
8.4460354330708665
21
-7.2320196850393703
0
LINE
8
RED2
6
CONTINUOUS
10
8.4460354330708665
20
-7.2320196850393703
11
8.4404094488188974
21
-7.2292086614173234
0
LINE
8
RED2
6
CONTINUOUS
10
8.4404094488188974
20
-7.2292086614173234
11
8.4375984251968514
21
-7.2235826771653544
0
LINE
8
RED2
6
CONTINUOUS
10
8.4375984251968514
20
-7.2235826771653544
11
8.4375984251968514
21
-7.2010866141732288
0
LINE
8
RED2
6
CONTINUOUS
10
8.4375984251968514
20
-7.2010866141732288
11
8.4404094488188974
21
-7.1954606299212598
0
LINE
8
RED2
6
CONTINUOUS
10
8.4404094488188974
20
-7.1954606299212598
11
8.4460354330708665
21
-7.1926496062992129
0
LINE
8
RED2
6
CONTINUOUS
10
8.4460354330708665
20
-7.1926496062992129
11
8.4572834645669293
21
-7.1926496062992129
0
LINE
8
RED2
6
CONTINUOUS
10
8.4572834645669293
20
-7.1926496062992129
11
8.4629055118110248
21
-7.1954606299212598
0
LINE
8
RED2
6
CONTINUOUS
10
8.4629055118110248
20
-7.1954606299212598
11
8.4657204724409461
21
-7.2010866141732288
0
LINE
8
RED2
6
CONTINUOUS
10
8.4657204724409461
20
-7.2010866141732288
11
8.4657204724409461
21
-7.2067086614173235
0
LINE
8
RED2
6
CONTINUOUS
10
8.4657204724409461
20
-7.2067086614173235
11
8.4375984251968514
21
-7.2123346456692916
0
LINE
8
RED2
6
CONTINUOUS
10
8.4910275590551176
20
-7.2320196850393703
11
8.4910275590551176
21
-7.1926496062992129
0
LINE
8
RED2
6
CONTINUOUS
10
8.4910275590551176
20
-7.2038976377952757
11
8.4938385826771654
21
-7.1982716535433076
0
LINE
8
RED2
6
CONTINUOUS
10
8.4938385826771654
20
-7.1982716535433076
11
8.4966535433070867
21
-7.1954606299212598
0
LINE
8
RED2
6
CONTINUOUS
10
8.4966535433070867
20
-7.1954606299212598
11
8.5022755905511822
21
-7.1926496062992129
0
LINE
8
RED2
6
CONTINUOUS
10
8.5022755905511822
20
-7.1926496062992129
11
8.5079015748031495
21
-7.1926496062992129
0
LINE
8
RED2
6
CONTINUOUS
10
8.5697677165354342
20
-7.1701535433070873
11
8.5191496062992123
21
-7.2460787401574809
0
LINE
8
RED2
6
CONTINUOUS
10
7.7559921259842524
20
-7.5396535433070868
11
7.7559921259842524
21
-7.657763779527559
0
LINE
8
RED2
6
CONTINUOUS
10
10.2756771653543311
20
-7.5396535433070868
11
10.2756771653543311
21
-7.7955590551181109
0
LINE
8
RED2
6
CONTINUOUS
10
9.7699999999999996
20
-2.3500000000000001
11
9.8000000000000007
21
-2.3000000000000003
0
LINE
8
RED2
6
CONTINUOUS
10
9.8000000000000007
20
-2.3000000000000003
11
9.8300000000000001
21
-2.3500000000000001
0
LINE
8
RED2
6
CONTINUOUS
10
9.8000000000000007
20
-2.3999999999999999
11
9.8000000000000007
21
-2.3000000000000003
0
LINE
8
CYAN2
6
CONTINUOUS
10
9.733330708661418
20
-2.1728031496062994
11
9.7499960629921265
21
-2.2228031496062992
0
LINE
8
CYAN2
6
CONTINUOUS
10
9.7499960629921265
20
-2.2228031496062992
11
9.7666653543307085
21
-2.1728031496062994
0
LINE
8
CYAN2
6
CONTINUOUS
10
9.8119015748031497
20
-2.2180433070866141
11
9.8095236220472444
21
-2.2204251968503939
0
LINE
8
CYAN2
6
CONTINUOUS
10
9.8095236220472444
20
-2.2204251968503939
11
9.8023779527559061
21
-2.2228031496062992
0
LINE
8
CYAN2
6
CONTINUOUS
10
9.8023779527559061
20
-2.2228031496062992
11
9.7976181102362201
21
-2.2228031496062992
0
LINE
8
CYAN2
6
CONTINUOUS
10
9.7976181102362201
20
-2.2228031496062992
11
9.790476377952757
21
-2.2204251968503939
0
LINE
8
CYAN2
6
CONTINUOUS
10
9.790476377952757
20
-2.2204251968503939
11
9.7857125984251976
21
-2.2156614173228348
0
LINE
8
CYAN2
6
CONTINUOUS
10
9.7857125984251976
20
-2.2156614173228348
11
9.783330708661417
21
-2.2108976377952758
0
LINE
8
CYAN2
6
CONTINUOUS
10
9.783330708661417
20
-2.2108976377952758
11
9.7809527559055116
21
-2.2013740157480317
0
LINE
8
CYAN2
6
CONTINUOUS
10
9.7809527559055116
20
-2.2013740157480317
11
9.7809527559055116
21
-2.1942322834645669
0
LINE
8
CYAN2
6
CONTINUOUS
10
9.7809527559055116
20
-2.1942322834645669
11
9.783330708661417
21
-2.1847086614173228
0
LINE
8
CYAN2
6
CONTINUOUS
10
9.783330708661417
20
-2.1847086614173228
11
9.7857125984251976
21
-2.1799488188976377
0
LINE
8
CYAN2
6
CONTINUOUS
10
9.7857125984251976
20
-2.1799488188976377
11
9.790476377952757
21
-2.1751850393700787
0
LINE
8
CYAN2
6
CONTINUOUS
10
9.790476377952757
20
-2.1751850393700787
11
9.7976181102362201
21
-2.1728031496062994
0
LINE
8
CYAN2
6
CONTINUOUS
10
9.7976181102362201
20
-2.1728031496062994
11
9.8023779527559061
21
-2.1728031496062994
0
LINE
8
CYAN2
6
CONTINUOUS
10
9.8023779527559061
20
-2.1728031496062994
11
9.8095236220472444
21
-2.1751850393700787
0
LINE
8
CYAN2
6
CONTINUOUS
10
9.8095236220472444
20
-2.1751850393700787
11
9.8119015748031497
21
-2.1775669291338584
0
LINE
8
CYAN2
6
CONTINUOUS
10
9.8619015748031504
20
-2.2180433070866141
11
9.8595236220472451
21
-2.2204251968503939
0
LINE
8
CYAN2
6
CONTINUOUS
10
9.8595236220472451
20
-2.2204251968503939
11
9.852377952755905
21
-2.2228031496062992
0
LINE
8
CYAN2
6
CONTINUOUS
10
9.852377952755905
20
-2.2228031496062992
11
9.8476181102362208
21
-2.2228031496062992
0
LINE
8
CYAN2
6
CONTINUOUS
10
9.8476181102362208
20
-2.2228031496062992
11
9.840476377952756
21
-2.2204251968503939
0
LINE
8
CYAN2
6
CONTINUOUS
10
9.840476377952756
20
-2.2204251968503939
11
9.8357125984251965
21
-2.2156614173228348
0
LINE
8
CYAN2
6
CONTINUOUS
10
9.8357125984251965
20
-2.2156614173228348
11
9.8333307086614177
21
-2.2108976377952758
0
LINE
8
CYAN2
6
CONTINUOUS
10
9.8333307086614177
20
-2.2108976377952758
11
9.8309527559055123
21
-2.2013740157480317
0
LINE
8
CYAN2
6
CONTINUOUS
10
9.8309527559055123
20
-2.2013740157480317
11
9.8309527559055123
21
-2.1942322834645669
0
LINE
8
CYAN2
6
CONTINUOUS
10
9.8309527559055123
20
-2.1942322834645669
11
9.8333307086614177
21
-2.1847086614173228
0
LINE
8
CYAN2
6
CONTINUOUS
10
9.8333307086614177
20
-2.1847086614173228
11
9.8357125984251965
21
-2.1799488188976377
0
LINE
8
CYAN2
6
CONTINUOUS
10
9.8357125984251965
20
-2.1799488188976377
11
9.840476377952756
21
-2.1751850393700787
0
LINE
8
CYAN2
6
CONTINUOUS
10
9.840476377952756
20
-2.1751850393700787
11
9.8476181102362208
21
-2.1728031496062994
0
LINE
8
CYAN2
6
CONTINUOUS
10
9.8476181102362208
20
-2.1728031496062994
11
9.852377952755905
21
-2.1728031496062994
0
LINE
8
CYAN2
6
CONTINUOUS
10
9.852377952755905
20
-2.1728031496062994
11
9.8595236220472451
21
-2.1751850393700787
0
LINE
8
CYAN2
6
CONTINUOUS
10
9.8595236220472451
20
-2.1751850393700787
11
9.8619015748031504
21
-2.1775669291338584
0
LINE
8
RED2
6
CONTINUOUS
10
3.8300000000000001
20
-3.8700000000000001
11
3.8900000000000001
21
-3.9300000000000002
0
LINE
8
RED2
6
CONTINUOUS
10
3.8900000000000001
20
-3.9300000000000002
11
3.8900000000000001
21
-3.9000000000000004
0
LINE
8
RED2
6
CONTINUOUS
10
3.8900000000000001
20
-3.9000000000000004
11
3.8900000000000001
21
-3.9300000000000002
0
LINE
8
RED2
6
CONTINUOUS
10
3.8900000000000001
20
-3.9300000000000002
11
3.8600000000000003
21
-3.9300000000000002
0
LINE
8
RED2
6
CONTINUOUS
10
3.8300000000000001
20
-3.8200000000000003
11
3.8900000000000001
21
-3.8800000000000003
0
LINE
8
RED2
6
CONTINUOUS
10
3.8900000000000001
20
-3.8800000000000003
11
3.8900000000000001
21
-3.8500000000000001
0
LINE
8
RED2
6
CONTINUOUS
10
3.8900000000000001
20
-3.8500000000000001
11
3.8900000000000001
21
-3.8800000000000003
0
LINE
8
RED2
6
CONTINUOUS
10
3.8900000000000001
20
-3.8800000000000003
11
3.8600000000000003
21
-3.8800000000000003
0
LINE
8
RED2
6
CONTINUOUS
10
3.8000000000000003
20
-3.8000000000000003
11
3.8000000000000003
21
-3.7000000000000002
0
LINE
8
RED2
6
CONTINUOUS
10
3.8500000000000001
20
-3.8000000000000003
11
3.75
21
-3.8000000000000003
0
LINE
8
RED2
6
CONTINUOUS
10
3.8500000000000001
20
-3.7000000000000002
11
3.75
21
-3.7000000000000002
0
LINE
8
RED2
6
CONTINUOUS
10
3.75
20
-3.7000000000000002
11
3.8000000000000003
21
-3.8000000000000003
0
LINE
8
RED2
6
CONTINUOUS
10
3.8000000000000003
20
-3.8000000000000003
11
3.8500000000000001
21
-3.7000000000000002
0
LINE
8
RED2
6
CONTINUOUS
10
3.8000000000000003
20
-3.8000000000000003
11
3.8000000000000003
21
-3.9000000000000004
0
LINE
8
RED2
6
CONTINUOUS
10
3.8000000000000003
20
-3.7000000000000002
11
3.8000000000000003
21
-3.6000000000000001
0
LINE
8
CYAN2
6
CONTINUOUS
10
3.9662795275590552
20
-3.7852952755905513
11
3.9662795275590552
21
-3.7352952755905515
0
LINE
8
CYAN2
6
CONTINUOUS
10
3.9662795275590552
20
-3.7352952755905515
11
3.9781850393700791
21
-3.7352952755905515
0
LINE
8
CYAN2
6
CONTINUOUS
10
3.9781850393700791
20
-3.7352952755905515
11
3.9853267716535434
21
-3.7376771653543308
0
LINE
8
CYAN2
6
CONTINUOUS
10
3.9853267716535434
20
-3.7376771653543308
11
3.9900905511811025
21
-3.7424409448818898
0
LINE
8
CYAN2
6
CONTINUOUS
10
3.9900905511811025
20
-3.7424409448818898
11
3.9924724409448822
21
-3.7472007874015749
0
LINE
8
CYAN2
6
CONTINUOUS
10
3.9924724409448822
20
-3.7472007874015749
11
3.9948503937007875
21
-3.756724409448819
0
LINE
8
CYAN2
6
CONTINUOUS
10
3.9948503937007875
20
-3.756724409448819
11
3.9948503937007875
21
-3.7638661417322834
0
LINE
8
CYAN2
6
CONTINUOUS
10
3.9948503937007875
20
-3.7638661417322834
11
3.9924724409448822
21
-3.7733897637795275
0
LINE
8
CYAN2
6
CONTINUOUS
10
3.9924724409448822
20
-3.7733897637795275
11
3.9900905511811025
21
-3.778153543307087
0
LINE
8
CYAN2
6
CONTINUOUS
10
3.9900905511811025
20
-3.778153543307087
11
3.9853267716535434
21
-3.782917322834646
0
LINE
8
CYAN2
6
CONTINUOUS
10
3.9853267716535434
20
-3.782917322834646
11
3.9781850393700791
21
-3.7852952755905513
0
LINE
8
CYAN2
6
CONTINUOUS
10
3.9781850393700791
20
-3.7852952755905513
11
3.9662795275590552
21
-3.7852952755905513
0
LINE
8
CYAN2
6
CONTINUOUS
10
4.037708661417323
20
-3.7519645669291339
11
4.037708661417323
21
-3.7852952755905513
0
LINE
8
CYAN2
6
CONTINUOUS
10
4.0258031496062996
20
-3.7329173228346457
11
4.0139015748031497
21
-3.7686299212598429
0
LINE
8
CYAN2
6
CONTINUOUS
10
4.0139015748031497
20
-3.7686299212598429
11
4.0448503937007878
21
-3.7686299212598429
0
LINE
8
CYAN2
6
CONTINUOUS
10
4.0900905511811025
20
-3.7852952755905513
11
4.0615196850393707
21
-3.7852952755905513
0
LINE
8
CYAN2
6
CONTINUOUS
10
4.0758031496062994
20
-3.7852952755905513
11
4.0758031496062994
21
-3.7352952755905515
0
LINE
8
CYAN2
6
CONTINUOUS
10
4.0758031496062994
20
-3.7352952755905515
11
4.0710433070866143
21
-3.7424409448818898
0
LINE
8
CYAN2
6
CONTINUOUS
10
4.0710433070866143
20
-3.7424409448818898
11
4.0662795275590549
21
-3.7472007874015749
0
LINE
8
CYAN2
6
CONTINUOUS
10
4.0662795275590549
20
-3.7472007874015749
11
4.0615196850393707
21
-3.7495826771653546
0
LINE
8
CYAN2
6
CONTINUOUS
10
3.9948503937007875
20
-3.8852952755905514
11
3.9781850393700791
21
-3.8614881889763781
0
LINE
8
CYAN2
6
CONTINUOUS
10
3.9662795275590552
20
-3.8852952755905514
11
3.9662795275590552
21
-3.8352952755905512
0
LINE
8
CYAN2
6
CONTINUOUS
10
3.9662795275590552
20
-3.8352952755905512
11
3.9853267716535434
21
-3.8352952755905512
0
LINE
8
CYAN2
6
CONTINUOUS
10
3.9853267716535434
20
-3.8352952755905512
11
3.9900905511811025
21
-3.8376771653543309
0
LINE
8
CYAN2
6
CONTINUOUS
10
3.9900905511811025
20
-3.8376771653543309
11
3.9924724409448822
21
-3.8400590551181102
0
LINE
8
CYAN2
6
CONTINUOUS
10
3.9924724409448822
20
-3.8400590551181102
11
3.9948503937007875
21
-3.8448188976377953
0
LINE
8
CYAN2
6
CONTINUOUS
10
3.9948503937007875
20
-3.8448188976377953
11
3.9948503937007875
21
-3.851964566929134
0
LINE
8
CYAN2
6
CONTINUOUS
10
3.9948503937007875
20
-3.851964566929134
11
3.9924724409448822
21
-3.8567244094488191
0
LINE
8
CYAN2
6
CONTINUOUS
10
3.9924724409448822
20
-3.8567244094488191
11
3.9900905511811025
21
-3.8591062992125984
0
LINE
8
CYAN2
6
CONTINUOUS
10
3.9900905511811025
20
-3.8591062992125984
11
3.9853267716535434
21
-3.8614881889763781
0
LINE
8
CYAN2
6
CONTINUOUS
10
3.9853267716535434
20
-3.8614881889763781
11
3.9662795275590552
21
-3.8614881889763781
0
LINE
8
CYAN2
6
CONTINUOUS
10
4.016279527559055
20
-3.8591062992125984
11
4.0329488188976379
21
-3.8591062992125984
0
LINE
8
CYAN2
6
CONTINUOUS
10
4.0400905511811027
20
-3.8852952755905514
11
4.016279527559055
21
-3.8852952755905514
0
LINE
8
CYAN2
6
CONTINUOUS
10
4.016279527559055
20
-3.8852952755905514
11
4.016279527559055
21
-3.8352952755905512
0
LINE
8
CYAN2
6
CONTINUOUS
10
4.016279527559055
20
-3.8352952755905512
11
4.0400905511811027
21
-3.8352952755905512
0
LINE
8
CYAN2
6
CONTINUOUS
10
4.0615157480314963
20
-3.8852952755905514
11
4.0615157480314963
21
-3.8352952755905512
0
LINE
8
CYAN2
6
CONTINUOUS
10
4.0615157480314963
20
-3.8352952755905512
11
4.0734212598425197
21
-3.8352952755905512
0
LINE
8
CYAN2
6
CONTINUOUS
10
4.0734212598425197
20
-3.8352952755905512
11
4.0805629921259845
21
-3.8376771653543309
0
LINE
8
CYAN2
6
CONTINUOUS
10
4.0805629921259845
20
-3.8376771653543309
11
4.0853267716535431
21
-3.8424409448818899
0
LINE
8
CYAN2
6
CONTINUOUS
10
4.0853267716535431
20
-3.8424409448818899
11
4.0877086614173228
21
-3.847200787401575
0
LINE
8
CYAN2
6
CONTINUOUS
10
4.0877086614173228
20
-3.847200787401575
11
4.0900866141732282
21
-3.8567244094488191
0
LINE
8
CYAN2
6
CONTINUOUS
10
4.0900866141732282
20
-3.8567244094488191
11
4.0900866141732282
21
-3.8638661417322835
0
LINE
8
CYAN2
6
CONTINUOUS
10
4.0900866141732282
20
-3.8638661417322835
11
4.0877086614173228
21
-3.8733897637795276
0
LINE
8
CYAN2
6
CONTINUOUS
10
4.0877086614173228
20
-3.8733897637795276
11
4.0853267716535431
21
-3.8781535433070866
0
LINE
8
CYAN2
6
CONTINUOUS
10
4.0853267716535431
20
-3.8781535433070866
11
4.0805629921259845
21
-3.8829173228346456
0
LINE
8
CYAN2
6
CONTINUOUS
10
4.0805629921259845
20
-3.8829173228346456
11
4.0734212598425197
21
-3.8852952755905514
0
LINE
8
CYAN2
6
CONTINUOUS
10
4.0734212598425197
20
-3.8852952755905514
11
4.0615157480314963
21
-3.8852952755905514
0
LINE
8
LYELLOW
6
CONTINUOUS
10
3.7000000000000002
20
-4.375
11
3.7000000000000002
21
-4.125
0
LINE
8
LYELLOW
6
CONTINUOUS
10
3.7000000000000002
20
-4.125
11
3.3999999999999999
21
-4.125
0
LINE
8
LYELLOW
6
CONTINUOUS
10
3.3999999999999999
20
-4.125
11
3.3999999999999999
21
-4.375
0
LINE
8
LYELLOW
6
CONTINUOUS
10
3.3999999999999999
20
-4.375
11
3.7000000000000002
21
-4.375
0
CIRCLE
8
RED2
10
3.5500000000000003
20
-4.3300000000000001
40
0.018
0
LINE
8
RED2
6
CONTINUOUS
10
3.5600000000000001
20
-4.3150000000000004
11
3.6400000000000001
21
-4.1850000000000005
0
CIRCLE
8
RED2
10
3.6500000000000004
20
-4.1699999999999999
40
0.018
0
CIRCLE
8
RED2
10
3.4500000000000002
20
-4.1699999999999999
40
0.018
0
LINE
8
RED2
6
CONTINUOUS
10
3.7000000000000002
20
-4.375
11
3.7000000000000002
21
-4.125
0
LINE
8
RED2
6
CONTINUOUS
10
3.7000000000000002
20
-4.125
11
3.3999999999999999
21
-4.125
0
LINE
8
RED2
6
CONTINUOUS
10
3.3999999999999999
20
-4.125
11
3.3999999999999999
21
-4.375
0
LINE
8
RED2
6
CONTINUOUS
10
3.3999999999999999
20
-4.375
11
3.7000000000000002
21
-4.375
0
LINE
8
RED2
6
CONTINUOUS
10
3.5500000000000003
20
-4.3500000000000005
11
3.5500000000000003
21
-4.4500000000000002
0
LINE
8
RED3
6
CONTINUOUS
10
3.4946417322834646
20
-4.4142795275590556
11
3.4922598425196854
21
-4.4119015748031494
0
LINE
8
RED3
6
CONTINUOUS
10
3.4922598425196854
20
-4.4119015748031494
11
3.4898779527559056
21
-4.4071377952755908
0
LINE
8
RED3
6
CONTINUOUS
10
3.4898779527559056
20
-4.4071377952755908
11
3.4898779527559056
21
-4.3952322834645674
0
LINE
8
RED3
6
CONTINUOUS
10
3.4898779527559056
20
-4.3952322834645674
11
3.4922598425196854
21
-4.3904724409448823
0
LINE
8
RED3
6
CONTINUOUS
10
3.4922598425196854
20
-4.3904724409448823
11
3.4946417322834646
21
-4.3880905511811026
0
LINE
8
RED3
6
CONTINUOUS
10
3.4946417322834646
20
-4.3880905511811026
11
3.4994015748031497
21
-4.3857086614173229
0
LINE
8
RED3
6
CONTINUOUS
10
3.4994015748031497
20
-4.3857086614173229
11
3.5041653543307087
21
-4.3857086614173229
0
LINE
8
RED3
6
CONTINUOUS
10
3.5041653543307087
20
-4.3857086614173229
11
3.5113070866141736
21
-4.3880905511811026
0
LINE
8
RED3
6
CONTINUOUS
10
3.5113070866141736
20
-4.3880905511811026
11
3.5398779527559054
21
-4.4166614173228345
0
LINE
8
RED3
6
CONTINUOUS
10
3.5398779527559054
20
-4.4166614173228345
11
3.5398779527559054
21
-4.3857086614173229
0
LINE
8
RED2
6
CONTINUOUS
10
3.6500000000000004
20
-4.1500000000000004
11
3.6500000000000004
21
-4.0499999999999998
0
LINE
8
RED3
6
CONTINUOUS
10
3.6398779527559055
20
-4.085708661417323
11
3.6398779527559055
21
-4.1142795275590549
0
LINE
8
RED3
6
CONTINUOUS
10
3.6398779527559055
20
-4.0999960629921262
11
3.5898779527559057
21
-4.0999960629921262
0
LINE
8
RED3
6
CONTINUOUS
10
3.5898779527559057
20
-4.0999960629921262
11
3.597023622047244
21
-4.1047559055118112
0
LINE
8
RED3
6
CONTINUOUS
10
3.597023622047244
20
-4.1047559055118112
11
3.6017834645669291
21
-4.1095196850393698
0
LINE
8
RED3
6
CONTINUOUS
10
3.6017834645669291
20
-4.1095196850393698
11
3.6041653543307088
21
-4.1142795275590549
0
LINE
8
RED2
6
CONTINUOUS
10
3.4500000000000002
20
-4.1500000000000004
11
3.4500000000000002
21
-4.0499999999999998
0
LINE
8
RED3
6
CONTINUOUS
10
3.3898779527559055
20
-4.1166614173228346
11
3.3898779527559055
21
-4.085708661417323
0
LINE
8
RED3
6
CONTINUOUS
10
3.3898779527559055
20
-4.085708661417323
11
3.4089251968503937
21
-4.1023779527559059
0
LINE
8
RED3
6
CONTINUOUS
10
3.4089251968503937
20
-4.1023779527559059
11
3.4089251968503937
21
-4.0952322834645667
0
LINE
8
RED3
6
CONTINUOUS
10
3.4089251968503937
20
-4.0952322834645667
11
3.4113070866141735
21
-4.0904724409448816
0
LINE
8
RED3
6
CONTINUOUS
10
3.4113070866141735
20
-4.0904724409448816
11
3.4136889763779528
21
-4.0880905511811028
0
LINE
8
RED3
6
CONTINUOUS
10
3.4136889763779528
20
-4.0880905511811028
11
3.4184488188976379
21
-4.085708661417323
0
LINE
8
RED3
6
CONTINUOUS
10
3.4184488188976379
20
-4.085708661417323
11
3.4303543307086617
21
-4.085708661417323
0
LINE
8
RED3
6
CONTINUOUS
10
3.4303543307086617
20
-4.085708661417323
11
3.4351181102362207
21
-4.0880905511811028
0
LINE
8
RED3
6
CONTINUOUS
10
3.4351181102362207
20
-4.0880905511811028
11
3.4375
21
-4.0904724409448816
0
LINE
8
RED3
6
CONTINUOUS
10
3.4375
20
-4.0904724409448816
11
3.4398779527559058
21
-4.0952322834645667
0
LINE
8
RED3
6
CONTINUOUS
10
3.4398779527559058
20
-4.0952322834645667
11
3.4398779527559058
21
-4.1095196850393698
0
LINE
8
RED3
6
CONTINUOUS
10
3.4398779527559058
20
-4.1095196850393698
11
3.4375
21
-4.1142795275590549
0
LINE
8
RED3
6
CONTINUOUS
10
3.4375
20
-4.1142795275590549
11
3.4351181102362207
21
-4.1166614173228346
0
LINE
8
CYAN2
6
CONTINUOUS
10
3.2027677165354334
20
-4.2204173228346455
11
3.2099094488188977
21
-4.2227952755905509
0
LINE
8
CYAN2
6
CONTINUOUS
10
3.2099094488188977
20
-4.2227952755905509
11
3.2218149606299216
21
-4.2227952755905509
0
LINE
8
CYAN2
6
CONTINUOUS
10
3.2218149606299216
20
-4.2227952755905509
11
3.2265748031496062
21
-4.2204173228346455
0
LINE
8
CYAN2
6
CONTINUOUS
10
3.2265748031496062
20
-4.2204173228346455
11
3.2289566929133859
21
-4.2180354330708667
0
LINE
8
CYAN2
6
CONTINUOUS
10
3.2289566929133859
20
-4.2180354330708667
11
3.2313385826771657
21
-4.2132716535433072
0
LINE
8
CYAN2
6
CONTINUOUS
10
3.2313385826771657
20
-4.2132716535433072
11
3.2313385826771657
21
-4.2085118110236222
0
LINE
8
CYAN2
6
CONTINUOUS
10
3.2313385826771657
20
-4.2085118110236222
11
3.2289566929133859
21
-4.2037480314960636
0
LINE
8
CYAN2
6
CONTINUOUS
10
3.2289566929133859
20
-4.2037480314960636
11
3.2265748031496062
21
-4.2013661417322838
0
LINE
8
CYAN2
6
CONTINUOUS
10
3.2265748031496062
20
-4.2013661417322838
11
3.2218149606299216
21
-4.1989881889763785
0
LINE
8
CYAN2
6
CONTINUOUS
10
3.2218149606299216
20
-4.1989881889763785
11
3.2122913385826775
21
-4.1966062992125988
0
LINE
8
CYAN2
6
CONTINUOUS
10
3.2122913385826775
20
-4.1966062992125988
11
3.2075275590551184
21
-4.194224409448819
0
LINE
8
CYAN2
6
CONTINUOUS
10
3.2075275590551184
20
-4.194224409448819
11
3.2051456692913387
21
-4.1918425196850393
0
LINE
8
CYAN2
6
CONTINUOUS
10
3.2051456692913387
20
-4.1918425196850393
11
3.2027677165354334
21
-4.1870826771653542
0
LINE
8
CYAN2
6
CONTINUOUS
10
3.2027677165354334
20
-4.1870826771653542
11
3.2027677165354334
21
-4.1823188976377956
0
LINE
8
CYAN2
6
CONTINUOUS
10
3.2027677165354334
20
-4.1823188976377956
11
3.2051456692913387
21
-4.1775590551181105
0
LINE
8
CYAN2
6
CONTINUOUS
10
3.2051456692913387
20
-4.1775590551181105
11
3.2075275590551184
21
-4.1751771653543308
0
LINE
8
CYAN2
6
CONTINUOUS
10
3.2075275590551184
20
-4.1751771653543308
11
3.2122913385826775
21
-4.1727952755905511
0
LINE
8
CYAN2
6
CONTINUOUS
10
3.2122913385826775
20
-4.1727952755905511
11
3.2241929133858269
21
-4.1727952755905511
0
LINE
8
CYAN2
6
CONTINUOUS
10
3.2241929133858269
20
-4.1727952755905511
11
3.2313385826771657
21
-4.1751771653543308
0
LINE
8
CYAN2
6
CONTINUOUS
10
3.2480039370078742
20
-4.1727952755905511
11
3.2599094488188975
21
-4.2227952755905509
0
LINE
8
CYAN2
6
CONTINUOUS
10
3.2599094488188975
20
-4.2227952755905509
11
3.2694330708661417
21
-4.1870826771653542
0
LINE
8
CYAN2
6
CONTINUOUS
10
3.2694330708661417
20
-4.1870826771653542
11
3.2789566929133858
21
-4.2227952755905509
0
LINE
8
CYAN2
6
CONTINUOUS
10
3.2789566929133858
20
-4.2227952755905509
11
3.2908622047244096
21
-4.1727952755905511
0
LINE
8
CYAN2
6
CONTINUOUS
10
3.3051456692913388
20
-4.1727952755905511
11
3.3360984251968504
21
-4.1727952755905511
0
LINE
8
CYAN2
6
CONTINUOUS
10
3.3360984251968504
20
-4.1727952755905511
11
3.319429133858268
21
-4.1918425196850393
0
LINE
8
CYAN2
6
CONTINUOUS
10
3.319429133858268
20
-4.1918425196850393
11
3.3265748031496063
21
-4.1918425196850393
0
LINE
8
CYAN2
6
CONTINUOUS
10
3.3265748031496063
20
-4.1918425196850393
11
3.3313346456692914
21
-4.194224409448819
0
LINE
8
CYAN2
6
CONTINUOUS
10
3.3313346456692914
20
-4.194224409448819
11
3.3337165354330711
21
-4.1966062992125988
0
LINE
8
CYAN2
6
CONTINUOUS
10
3.3337165354330711
20
-4.1966062992125988
11
3.3360984251968504
21
-4.2013661417322838
0
LINE
8
CYAN2
6
CONTINUOUS
10
3.3360984251968504
20
-4.2013661417322838
11
3.3360984251968504
21
-4.2132716535433072
0
LINE
8
CYAN2
6
CONTINUOUS
10
3.3360984251968504
20
-4.2132716535433072
11
3.3337165354330711
21
-4.2180354330708667
0
LINE
8
CYAN2
6
CONTINUOUS
10
3.3337165354330711
20
-4.2180354330708667
11
3.3313346456692914
21
-4.2204173228346455
0
LINE
8
CYAN2
6
CONTINUOUS
10
3.3313346456692914
20
-4.2204173228346455
11
3.3265748031496063
21
-4.2227952755905509
0
LINE
8
CYAN2
6
CONTINUOUS
10
3.3265748031496063
20
-4.2227952755905509
11
3.3122874015748032
21
-4.2227952755905509
0
LINE
8
CYAN2
6
CONTINUOUS
10
3.3122874015748032
20
-4.2227952755905509
11
3.3075275590551181
21
-4.2204173228346455
0
LINE
8
CYAN2
6
CONTINUOUS
10
3.3075275590551181
20
-4.2204173228346455
11
3.3051456692913388
21
-4.2180354330708667
0
LINE
8
CYAN2
6
CONTINUOUS
10
3.0265787401574804
20
-4.3204173228346461
11
3.0337204724409448
21
-4.3227952755905514
0
LINE
8
CYAN2
6
CONTINUOUS
10
3.0337204724409448
20
-4.3227952755905514
11
3.0456259842519686
21
-4.3227952755905514
0
LINE
8
CYAN2
6
CONTINUOUS
10
3.0456259842519686
20
-4.3227952755905514
11
3.0503858267716537
21
-4.3204173228346461
0
LINE
8
CYAN2
6
CONTINUOUS
10
3.0503858267716537
20
-4.3204173228346461
11
3.052767716535433
21
-4.3180354330708663
0
LINE
8
CYAN2
6
CONTINUOUS
10
3.052767716535433
20
-4.3180354330708663
11
3.0551496062992127
21
-4.3132716535433069
0
LINE
8
CYAN2
6
CONTINUOUS
10
3.0551496062992127
20
-4.3132716535433069
11
3.0551496062992127
21
-4.3085118110236218
0
LINE
8
CYAN2
6
CONTINUOUS
10
3.0551496062992127
20
-4.3085118110236218
11
3.052767716535433
21
-4.3037480314960632
0
LINE
8
CYAN2
6
CONTINUOUS
10
3.052767716535433
20
-4.3037480314960632
11
3.0503858267716537
21
-4.3013661417322835
0
LINE
8
CYAN2
6
CONTINUOUS
10
3.0503858267716537
20
-4.3013661417322835
11
3.0456259842519686
21
-4.2989881889763781
0
LINE
8
CYAN2
6
CONTINUOUS
10
3.0456259842519686
20
-4.2989881889763781
11
3.0361023622047245
21
-4.2966062992125984
0
LINE
8
CYAN2
6
CONTINUOUS
10
3.0361023622047245
20
-4.2966062992125984
11
3.0313385826771655
21
-4.2942244094488187
0
LINE
8
CYAN2
6
CONTINUOUS
10
3.0313385826771655
20
-4.2942244094488187
11
3.0289566929133858
21
-4.2918425196850398
0
LINE
8
CYAN2
6
CONTINUOUS
10
3.0289566929133858
20
-4.2918425196850398
11
3.0265787401574804
21
-4.2870826771653547
0
LINE
8
CYAN2
6
CONTINUOUS
10
3.0265787401574804
20
-4.2870826771653547
11
3.0265787401574804
21
-4.2823188976377953
0
LINE
8
CYAN2
6
CONTINUOUS
10
3.0265787401574804
20
-4.2823188976377953
11
3.0289566929133858
21
-4.2775590551181102
0
LINE
8
CYAN2
6
CONTINUOUS
10
3.0289566929133858
20
-4.2775590551181102
11
3.0313385826771655
21
-4.2751771653543305
0
LINE
8
CYAN2
6
CONTINUOUS
10
3.0313385826771655
20
-4.2751771653543305
11
3.0361023622047245
21
-4.2727952755905516
0
LINE
8
CYAN2
6
CONTINUOUS
10
3.0361023622047245
20
-4.2727952755905516
11
3.048003937007874
21
-4.2727952755905516
0
LINE
8
CYAN2
6
CONTINUOUS
10
3.048003937007874
20
-4.2727952755905516
11
3.0551496062992127
21
-4.2751771653543305
0
LINE
8
CYAN2
6
CONTINUOUS
10
3.0718149606299212
20
-4.2727952755905516
11
3.083720472440945
21
-4.3227952755905514
0
LINE
8
CYAN2
6
CONTINUOUS
10
3.083720472440945
20
-4.3227952755905514
11
3.0932440944881892
21
-4.2870826771653547
0
LINE
8
CYAN2
6
CONTINUOUS
10
3.0932440944881892
20
-4.2870826771653547
11
3.1027677165354333
21
-4.3227952755905514
0
LINE
8
CYAN2
6
CONTINUOUS
10
3.1027677165354333
20
-4.3227952755905514
11
3.1146732283464567
21
-4.2727952755905516
0
LINE
8
CYAN2
6
CONTINUOUS
10
3.1218149606299215
20
-4.32755905511811
11
3.1599094488188979
21
-4.32755905511811
0
LINE
8
CYAN2
6
CONTINUOUS
10
3.169433070866142
20
-4.3204173228346461
11
3.1765748031496064
21
-4.3227952755905514
0
LINE
8
CYAN2
6
CONTINUOUS
10
3.1765748031496064
20
-4.3227952755905514
11
3.1884803149606302
21
-4.3227952755905514
0
LINE
8
CYAN2
6
CONTINUOUS
10
3.1884803149606302
20
-4.3227952755905514
11
3.1932401574803149
21
-4.3204173228346461
0
LINE
8
CYAN2
6
CONTINUOUS
10
3.1932401574803149
20
-4.3204173228346461
11
3.1956220472440946
21
-4.3180354330708663
0
LINE
8
CYAN2
6
CONTINUOUS
10
3.1956220472440946
20
-4.3180354330708663
11
3.1980039370078743
21
-4.3132716535433069
0
LINE
8
CYAN2
6
CONTINUOUS
10
3.1980039370078743
20
-4.3132716535433069
11
3.1980039370078743
21
-4.3085118110236218
0
LINE
8
CYAN2
6
CONTINUOUS
10
3.1980039370078743
20
-4.3085118110236218
11
3.1956220472440946
21
-4.3037480314960632
0
LINE
8
CYAN2
6
CONTINUOUS
10
3.1956220472440946
20
-4.3037480314960632
11
3.1932401574803149
21
-4.3013661417322835
0
LINE
8
CYAN2
6
CONTINUOUS
10
3.1932401574803149
20
-4.3013661417322835
11
3.1884803149606302
21
-4.2989881889763781
0
LINE
8
CYAN2
6
CONTINUOUS
10
3.1884803149606302
20
-4.2989881889763781
11
3.1789566929133861
21
-4.2966062992125984
0
LINE
8
CYAN2
6
CONTINUOUS
10
3.1789566929133861
20
-4.2966062992125984
11
3.1741929133858271
21
-4.2942244094488187
0
LINE
8
CYAN2
6
CONTINUOUS
10
3.1741929133858271
20
-4.2942244094488187
11
3.1718110236220474
21
-4.2918425196850398
0
LINE
8
CYAN2
6
CONTINUOUS
10
3.1718110236220474
20
-4.2918425196850398
11
3.169433070866142
21
-4.2870826771653547
0
LINE
8
CYAN2
6
CONTINUOUS
10
3.169433070866142
20
-4.2870826771653547
11
3.169433070866142
21
-4.2823188976377953
0
LINE
8
CYAN2
6
CONTINUOUS
10
3.169433070866142
20
-4.2823188976377953
11
3.1718110236220474
21
-4.2775590551181102
0
LINE
8
CYAN2
6
CONTINUOUS
10
3.1718110236220474
20
-4.2775590551181102
11
3.1741929133858271
21
-4.2751771653543305
0
LINE
8
CYAN2
6
CONTINUOUS
10
3.1741929133858271
20
-4.2751771653543305
11
3.1789566929133861
21
-4.2727952755905516
0
LINE
8
CYAN2
6
CONTINUOUS
10
3.1789566929133861
20
-4.2727952755905516
11
3.1908582677165356
21
-4.2727952755905516
0
LINE
8
CYAN2
6
CONTINUOUS
10
3.1908582677165356
20
-4.2727952755905516
11
3.1980039370078743
21
-4.2751771653543305
0
LINE
8
CYAN2
6
CONTINUOUS
10
3.2194291338582679
20
-4.3227952755905514
11
3.2194291338582679
21
-4.2727952755905516
0
LINE
8
CYAN2
6
CONTINUOUS
10
3.2194291338582679
20
-4.2727952755905516
11
3.2384763779527561
21
-4.2727952755905516
0
LINE
8
CYAN2
6
CONTINUOUS
10
3.2384763779527561
20
-4.2727952755905516
11
3.2432401574803151
21
-4.2751771653543305
0
LINE
8
CYAN2
6
CONTINUOUS
10
3.2432401574803151
20
-4.2751771653543305
11
3.2456220472440944
21
-4.2775590551181102
0
LINE
8
CYAN2
6
CONTINUOUS
10
3.2456220472440944
20
-4.2775590551181102
11
3.2480000000000002
21
-4.2823188976377953
0
LINE
8
CYAN2
6
CONTINUOUS
10
3.2480000000000002
20
-4.2823188976377953
11
3.2480000000000002
21
-4.2894645669291336
0
LINE
8
CYAN2
6
CONTINUOUS
10
3.2480000000000002
20
-4.2894645669291336
11
3.2456220472440944
21
-4.2942244094488187
0
LINE
8
CYAN2
6
CONTINUOUS
10
3.2456220472440944
20
-4.2942244094488187
11
3.2432401574803151
21
-4.2966062992125984
0
LINE
8
CYAN2
6
CONTINUOUS
10
3.2432401574803151
20
-4.2966062992125984
11
3.2384763779527561
21
-4.2989881889763781
0
LINE
8
CYAN2
6
CONTINUOUS
10
3.2384763779527561
20
-4.2989881889763781
11
3.2194291338582679
21
-4.2989881889763781
0
LINE
8
CYAN2
6
CONTINUOUS
10
3.2694291338582677
20
-4.3227952755905514
11
3.2694291338582677
21
-4.2727952755905516
0
LINE
8
CYAN2
6
CONTINUOUS
10
3.2694291338582677
20
-4.2727952755905516
11
3.2813346456692916
21
-4.2727952755905516
0
LINE
8
CYAN2
6
CONTINUOUS
10
3.2813346456692916
20
-4.2727952755905516
11
3.2884763779527559
21
-4.2751771653543305
0
LINE
8
CYAN2
6
CONTINUOUS
10
3.2884763779527559
20
-4.2751771653543305
11
3.293240157480315
21
-4.2799409448818899
0
LINE
8
CYAN2
6
CONTINUOUS
10
3.293240157480315
20
-4.2799409448818899
11
3.2956220472440947
21
-4.284700787401575
0
LINE
8
CYAN2
6
CONTINUOUS
10
3.2956220472440947
20
-4.284700787401575
11
3.298
21
-4.2942244094488187
0
LINE
8
CYAN2
6
CONTINUOUS
10
3.298
20
-4.2942244094488187
11
3.298
21
-4.3013661417322835
0
LINE
8
CYAN2
6
CONTINUOUS
10
3.298
20
-4.3013661417322835
11
3.2956220472440947
21
-4.310889763779528
0
LINE
8
CYAN2
6
CONTINUOUS
10
3.2956220472440947
20
-4.310889763779528
11
3.293240157480315
21
-4.3156535433070866
0
LINE
8
CYAN2
6
CONTINUOUS
10
3.293240157480315
20
-4.3156535433070866
11
3.2884763779527559
21
-4.3204173228346461
0
LINE
8
CYAN2
6
CONTINUOUS
10
3.2884763779527559
20
-4.3204173228346461
11
3.2813346456692916
21
-4.3227952755905514
0
LINE
8
CYAN2
6
CONTINUOUS
10
3.2813346456692916
20
-4.3227952755905514
11
3.2694291338582677
21
-4.3227952755905514
0
LINE
8
CYAN2
6
CONTINUOUS
10
3.3122874015748032
20
-4.2727952755905516
11
3.3408582677165355
21
-4.2727952755905516
0
LINE
8
CYAN2
6
CONTINUOUS
10
3.3265748031496063
20
-4.3227952755905514
11
3.3265748031496063
21
-4.2727952755905516
0
LINE
8
RED2
6
CONTINUOUS
10
6.3200000000000003
20
-4.2000000000000002
11
6.3500000000000005
21
-4.1500000000000004
0
LINE
8
RED2
6
CONTINUOUS
10
6.3500000000000005
20
-4.1500000000000004
11
6.3799999999999999
21
-4.2000000000000002
0
LINE
8
RED2
6
CONTINUOUS
10
6.3500000000000005
20
-4.25
11
6.3500000000000005
21
-4.1500000000000004
0
LINE
8
CYAN2
6
CONTINUOUS
10
6.2833307086614179
20
-4.0228031496062995
11
6.2999960629921263
21
-4.0728031496062993
0
LINE
8
CYAN2
6
CONTINUOUS
10
6.2999960629921263
20
-4.0728031496062993
11
6.3166653543307092
21
-4.0228031496062995
0
LINE
8
CYAN2
6
CONTINUOUS
10
6.3619015748031496
20
-4.0680433070866142
11
6.3595236220472442
21
-4.0704251968503939
0
LINE
8
CYAN2
6
CONTINUOUS
10
6.3595236220472442
20
-4.0704251968503939
11
6.3523779527559059
21
-4.0728031496062993
0
LINE
8
CYAN2
6
CONTINUOUS
10
6.3523779527559059
20
-4.0728031496062993
11
6.3476181102362208
21
-4.0728031496062993
0
LINE
8
CYAN2
6
CONTINUOUS
10
6.3476181102362208
20
-4.0728031496062993
11
6.340476377952756
21
-4.0704251968503939
0
LINE
8
CYAN2
6
CONTINUOUS
10
6.340476377952756
20
-4.0704251968503939
11
6.3357125984251974
21
-4.0656614173228345
0
LINE
8
CYAN2
6
CONTINUOUS
10
6.3357125984251974
20
-4.0656614173228345
11
6.3333307086614177
21
-4.0608976377952759
0
LINE
8
CYAN2
6
CONTINUOUS
10
6.3333307086614177
20
-4.0608976377952759
11
6.3309527559055123
21
-4.0513740157480314
0
LINE
8
CYAN2
6
CONTINUOUS
10
6.3309527559055123
20
-4.0513740157480314
11
6.3309527559055123
21
-4.0442322834645674
0
LINE
8
CYAN2
6
CONTINUOUS
10
6.3309527559055123
20
-4.0442322834645674
11
6.3333307086614177
21
-4.0347086614173229
0
LINE
8
CYAN2
6
CONTINUOUS
10
6.3333307086614177
20
-4.0347086614173229
11
6.3357125984251974
21
-4.0299488188976378
0
LINE
8
CYAN2
6
CONTINUOUS
10
6.3357125984251974
20
-4.0299488188976378
11
6.340476377952756
21
-4.0251850393700792
0
LINE
8
CYAN2
6
CONTINUOUS
10
6.340476377952756
20
-4.0251850393700792
11
6.3476181102362208
21
-4.0228031496062995
0
LINE
8
CYAN2
6
CONTINUOUS
10
6.3476181102362208
20
-4.0228031496062995
11
6.3523779527559059
21
-4.0228031496062995
0
LINE
8
CYAN2
6
CONTINUOUS
10
6.3523779527559059
20
-4.0228031496062995
11
6.3595236220472442
21
-4.0251850393700792
0
LINE
8
CYAN2
6
CONTINUOUS
10
6.3595236220472442
20
-4.0251850393700792
11
6.3619015748031496
21
-4.0275669291338581
0
LINE
8
CYAN2
6
CONTINUOUS
10
6.4119015748031503
20
-4.0680433070866142
11
6.409523622047244
21
-4.0704251968503939
0
LINE
8
CYAN2
6
CONTINUOUS
10
6.409523622047244
20
-4.0704251968503939
11
6.4023779527559057
21
-4.0728031496062993
0
LINE
8
CYAN2
6
CONTINUOUS
10
6.4023779527559057
20
-4.0728031496062993
11
6.3976181102362206
21
-4.0728031496062993
0
LINE
8
CYAN2
6
CONTINUOUS
10
6.3976181102362206
20
-4.0728031496062993
11
6.3904763779527558
21
-4.0704251968503939
0
LINE
8
CYAN2
6
CONTINUOUS
10
6.3904763779527558
20
-4.0704251968503939
11
6.3857125984251972
21
-4.0656614173228345
0
LINE
8
CYAN2
6
CONTINUOUS
10
6.3857125984251972
20
-4.0656614173228345
11
6.3833307086614175
21
-4.0608976377952759
0
LINE
8
CYAN2
6
CONTINUOUS
10
6.3833307086614175
20
-4.0608976377952759
11
6.3809527559055121
21
-4.0513740157480314
0
LINE
8
CYAN2
6
CONTINUOUS
10
6.3809527559055121
20
-4.0513740157480314
11
6.3809527559055121
21
-4.0442322834645674
0
LINE
8
CYAN2
6
CONTINUOUS
10
6.3809527559055121
20
-4.0442322834645674
11
6.3833307086614175
21
-4.0347086614173229
0
LINE
8
CYAN2
6
CONTINUOUS
10
6.3833307086614175
20
-4.0347086614173229
11
6.3857125984251972
21
-4.0299488188976378
0
LINE
8
CYAN2
6
CONTINUOUS
10
6.3857125984251972
20
-4.0299488188976378
11
6.3904763779527558
21
-4.0251850393700792
0
LINE
8
CYAN2
6
CONTINUOUS
10
6.3904763779527558
20
-4.0251850393700792
11
6.3976181102362206
21
-4.0228031496062995
0
LINE
8
CYAN2
6
CONTINUOUS
10
6.3976181102362206
20
-4.0228031496062995
11
6.4023779527559057
21
-4.0228031496062995
0
LINE
8
CYAN2
6
CONTINUOUS
10
6.4023779527559057
20
-4.0228031496062995
11
6.409523622047244
21
-4.0251850393700792
0
LINE
8
CYAN2
6
CONTINUOUS
10
6.409523622047244
20
-4.0251850393700792
11
6.4119015748031503
21
-4.0275669291338581
0
LINE
8
RED2
6
CONTINUOUS
10
3.6500000000000004
20
-2.6000000000000001
11
3.6500000000000004
21
-2.6499999999999999
0
LINE
8
RED2
6
CONTINUOUS
10
3.6500000000000004
20
-2.6499999999999999
11
3.7000000000000002
21
-2.6499999999999999
0
LINE
8
RED2
6
CONTINUOUS
10
3.7000000000000002
20
-2.6499999999999999
11
3.6500000000000004
21
-2.7000000000000002
0
LINE
8
RED2
6
CONTINUOUS
10
3.6500000000000004
20
-2.7000000000000002
11
3.6000000000000001
21
-2.6499999999999999
0
LINE
8
RED2
6
CONTINUOUS
10
3.6000000000000001
20
-2.6499999999999999
11
3.6500000000000004
21
-2.6499999999999999
0
LINE
8
CYAN2
6
CONTINUOUS
10
3.6119055118110239
20
-2.7751850393700788
11
3.6071417322834649
21
-2.7728031496062995
0
LINE
8
CYAN2
6
CONTINUOUS
10
3.6071417322834649
20
-2.7728031496062995
11
3.6000000000000001
21
-2.7728031496062995
0
LINE
8
CYAN2
6
CONTINUOUS
10
3.6000000000000001
20
-2.7728031496062995
11
3.5928582677165357
21
-2.7751850393700788
0
LINE
8
CYAN2
6
CONTINUOUS
10
3.5928582677165357
20
-2.7751850393700788
11
3.5880944881889767
21
-2.7799488188976378
0
LINE
8
CYAN2
6
CONTINUOUS
10
3.5880944881889767
20
-2.7799488188976378
11
3.585712598425197
21
-2.7847086614173229
0
LINE
8
CYAN2
6
CONTINUOUS
10
3.585712598425197
20
-2.7847086614173229
11
3.5833346456692916
21
-2.794232283464567
0
LINE
8
CYAN2
6
CONTINUOUS
10
3.5833346456692916
20
-2.794232283464567
11
3.5833346456692916
21
-2.8013740157480318
0
LINE
8
CYAN2
6
CONTINUOUS
10
3.5833346456692916
20
-2.8013740157480318
11
3.585712598425197
21
-2.8108976377952759
0
LINE
8
CYAN2
6
CONTINUOUS
10
3.585712598425197
20
-2.8108976377952759
11
3.5880944881889767
21
-2.8156614173228349
0
LINE
8
CYAN2
6
CONTINUOUS
10
3.5880944881889767
20
-2.8156614173228349
11
3.5928582677165357
21
-2.8204251968503939
0
LINE
8
CYAN2
6
CONTINUOUS
10
3.5928582677165357
20
-2.8204251968503939
11
3.6000000000000001
21
-2.8228031496062993
0
LINE
8
CYAN2
6
CONTINUOUS
10
3.6000000000000001
20
-2.8228031496062993
11
3.6047598425196852
21
-2.8228031496062993
0
LINE
8
CYAN2
6
CONTINUOUS
10
3.6047598425196852
20
-2.8228031496062993
11
3.6119055118110239
21
-2.8204251968503939
0
LINE
8
CYAN2
6
CONTINUOUS
10
3.6119055118110239
20
-2.8204251968503939
11
3.6142834645669293
21
-2.8180433070866142
0
LINE
8
CYAN2
6
CONTINUOUS
10
3.6142834645669293
20
-2.8180433070866142
11
3.6142834645669293
21
-2.8013740157480318
0
LINE
8
CYAN2
6
CONTINUOUS
10
3.6142834645669293
20
-2.8013740157480318
11
3.6047598425196852
21
-2.8013740157480318
0
LINE
8
CYAN2
6
CONTINUOUS
10
3.6357125984251968
20
-2.8228031496062993
11
3.6357125984251968
21
-2.7728031496062995
0
LINE
8
CYAN2
6
CONTINUOUS
10
3.6357125984251968
20
-2.7728031496062995
11
3.6642834645669291
21
-2.8228031496062993
0
LINE
8
CYAN2
6
CONTINUOUS
10
3.6642834645669291
20
-2.8228031496062993
11
3.6642834645669291
21
-2.7728031496062995
0
LINE
8
CYAN2
6
CONTINUOUS
10
3.6880944881889763
20
-2.8228031496062993
11
3.6880944881889763
21
-2.7728031496062995
0
LINE
8
CYAN2
6
CONTINUOUS
10
3.6880944881889763
20
-2.7728031496062995
11
3.7000000000000002
21
-2.7728031496062995
0
LINE
8
CYAN2
6
CONTINUOUS
10
3.7000000000000002
20
-2.7728031496062995
11
3.7071417322834646
21
-2.7751850393700788
0
LINE
8
CYAN2
6
CONTINUOUS
10
3.7071417322834646
20
-2.7751850393700788
11
3.7119055118110236
21
-2.7799488188976378
0
LINE
8
CYAN2
6
CONTINUOUS
10
3.7119055118110236
20
-2.7799488188976378
11
3.7142874015748033
21
-2.7847086614173229
0
LINE
8
CYAN2
6
CONTINUOUS
10
3.7142874015748033
20
-2.7847086614173229
11
3.7166653543307087
21
-2.794232283464567
0
LINE
8
CYAN2
6
CONTINUOUS
10
3.7166653543307087
20
-2.794232283464567
11
3.7166653543307087
21
-2.8013740157480318
0
LINE
8
CYAN2
6
CONTINUOUS
10
3.7166653543307087
20
-2.8013740157480318
11
3.7142874015748033
21
-2.8108976377952759
0
LINE
8
CYAN2
6
CONTINUOUS
10
3.7142874015748033
20
-2.8108976377952759
11
3.7119055118110236
21
-2.8156614173228349
0
LINE
8
CYAN2
6
CONTINUOUS
10
3.7119055118110236
20
-2.8156614173228349
11
3.7071417322834646
21
-2.8204251968503939
0
LINE
8
CYAN2
6
CONTINUOUS
10
3.7071417322834646
20
-2.8204251968503939
11
3.7000000000000002
21
-2.8228031496062993
0
LINE
8
CYAN2
6
CONTINUOUS
10
3.7000000000000002
20
-2.8228031496062993
11
3.6880944881889763
21
-2.8228031496062993
0
LINE
8
LYELLOW
6
CONTINUOUS
10
5.4000000000000004
20
-2.25
11
5.4000000000000004
21
-2.8500000000000001
0
LINE
8
LYELLOW
6
CONTINUOUS
10
5.4000000000000004
20
-2.8500000000000001
11
4.
21
-2.8500000000000001
0
LINE
8
LYELLOW
6
CONTINUOUS
10
4.
20
-2.8500000000000001
11
4.
21
-2.25
0
LINE
8
LYELLOW
6
CONTINUOUS
10
4.
20
-2.25
11
5.4000000000000004
21
-2.25
0
LINE
8
RED2
6
CONTINUOUS
10
5.4000000000000004
20
-2.25
11
5.4000000000000004
21
-2.8500000000000001
0
LINE
8
RED2
6
CONTINUOUS
10
5.4000000000000004
20
-2.8500000000000001
11
4.
21
-2.8500000000000001
0
LINE
8
RED2
6
CONTINUOUS
10
4.
20
-2.8500000000000001
11
4.
21
-2.25
0
LINE
8
RED2
6
CONTINUOUS
10
4.
20
-2.25
11
5.4000000000000004
21
-2.25
0
LINE
8
RED2
6
CONTINUOUS
10
5.2999999999999998
20
-2.25
11
5.2999999999999998
21
-2.0500000000000003
0
LINE
8
CYAN2
6
CONTINUOUS
10
5.3231299212598424
20
-2.375712598425197
11
5.2731299212598426
21
-2.375712598425197
0
LINE
8
CYAN2
6
CONTINUOUS
10
5.2731299212598426
20
-2.375712598425197
11
5.2731299212598426
21
-2.3638070866141732
0
LINE
8
CYAN2
6
CONTINUOUS
10
5.2731299212598426
20
-2.3638070866141732
11
5.2755118110236223
21
-2.3566653543307088
0
LINE
8
CYAN2
6
CONTINUOUS
10
5.2755118110236223
20
-2.3566653543307088
11
5.2802755905511809
21
-2.3519015748031498
0
LINE
8
CYAN2
6
CONTINUOUS
10
5.2802755905511809
20
-2.3519015748031498
11
5.285035433070866
21
-2.34951968503937
0
LINE
8
CYAN2
6
CONTINUOUS
10
5.285035433070866
20
-2.34951968503937
11
5.2945590551181105
21
-2.3471417322834647
0
LINE
8
CYAN2
6
CONTINUOUS
10
5.2945590551181105
20
-2.3471417322834647
11
5.3017007874015754
21
-2.3471417322834647
0
LINE
8
CYAN2
6
CONTINUOUS
10
5.3017007874015754
20
-2.3471417322834647
11
5.311224409448819
21
-2.34951968503937
0
LINE
8
CYAN2
6
CONTINUOUS
10
5.311224409448819
20
-2.34951968503937
11
5.3159881889763785
21
-2.3519015748031498
0
LINE
8
CYAN2
6
CONTINUOUS
10
5.3159881889763785
20
-2.3519015748031498
11
5.3207519685039371
21
-2.3566653543307088
0
LINE
8
CYAN2
6
CONTINUOUS
10
5.3207519685039371
20
-2.3566653543307088
11
5.3231299212598424
21
-2.3638070866141732
0
LINE
8
CYAN2
6
CONTINUOUS
10
5.3231299212598424
20
-2.3638070866141732
11
5.3231299212598424
21
-2.375712598425197
0
LINE
8
CYAN2
6
CONTINUOUS
10
5.2731299212598426
20
-2.3161889763779526
11
5.2731299212598426
21
-2.3114251968503936
0
LINE
8
CYAN2
6
CONTINUOUS
10
5.2731299212598426
20
-2.3114251968503936
11
5.2755118110236223
21
-2.306665354330709
0
LINE
8
CYAN2
6
CONTINUOUS
10
5.2755118110236223
20
-2.306665354330709
11
5.2778937007874021
21
-2.3042834645669292
0
LINE
8
CYAN2
6
CONTINUOUS
10
5.2778937007874021
20
-2.3042834645669292
11
5.2826535433070871
21
-2.3019015748031495
0
LINE
8
CYAN2
6
CONTINUOUS
10
5.2826535433070871
20
-2.3019015748031495
11
5.2921771653543308
21
-2.2995196850393702
0
LINE
8
CYAN2
6
CONTINUOUS
10
5.2921771653543308
20
-2.2995196850393702
11
5.3040826771653542
21
-2.2995196850393702
0
LINE
8
CYAN2
6
CONTINUOUS
10
5.3040826771653542
20
-2.2995196850393702
11
5.3136062992125987
21
-2.3019015748031495
0
LINE
8
CYAN2
6
CONTINUOUS
10
5.3136062992125987
20
-2.3019015748031495
11
5.3183700787401573
21
-2.3042834645669292
0
LINE
8
CYAN2
6
CONTINUOUS
10
5.3183700787401573
20
-2.3042834645669292
11
5.3207519685039371
21
-2.306665354330709
0
LINE
8
CYAN2
6
CONTINUOUS
10
5.3207519685039371
20
-2.306665354330709
11
5.3231299212598424
21
-2.3114251968503936
0
LINE
8
CYAN2
6
CONTINUOUS
10
5.3231299212598424
20
-2.3114251968503936
11
5.3231299212598424
21
-2.3161889763779526
0
LINE
8
CYAN2
6
CONTINUOUS
10
5.3231299212598424
20
-2.3161889763779526
11
5.3207519685039371
21
-2.3209488188976377
0
LINE
8
CYAN2
6
CONTINUOUS
10
5.3207519685039371
20
-2.3209488188976377
11
5.3183700787401573
21
-2.3233307086614174
0
LINE
8
CYAN2
6
CONTINUOUS
10
5.3183700787401573
20
-2.3233307086614174
11
5.3136062992125987
21
-2.3257125984251967
0
LINE
8
CYAN2
6
CONTINUOUS
10
5.3136062992125987
20
-2.3257125984251967
11
5.3040826771653542
21
-2.3280905511811025
0
LINE
8
CYAN2
6
CONTINUOUS
10
5.3040826771653542
20
-2.3280905511811025
11
5.2921771653543308
21
-2.3280905511811025
0
LINE
8
CYAN2
6
CONTINUOUS
10
5.2921771653543308
20
-2.3280905511811025
11
5.2826535433070871
21
-2.3257125984251967
0
LINE
8
CYAN2
6
CONTINUOUS
10
5.2826535433070871
20
-2.3257125984251967
11
5.2778937007874021
21
-2.3233307086614174
0
LINE
8
CYAN2
6
CONTINUOUS
10
5.2778937007874021
20
-2.3233307086614174
11
5.2755118110236223
21
-2.3209488188976377
0
LINE
8
CYAN2
6
CONTINUOUS
10
5.2755118110236223
20
-2.3209488188976377
11
5.2731299212598426
21
-2.3161889763779526
0
LINE
8
RED3
6
CONTINUOUS
10
5.2898779527559059
20
-2.1595196850393701
11
5.2898779527559059
21
-2.1880905511811024
0
LINE
8
RED3
6
CONTINUOUS
10
5.2898779527559059
20
-2.1738070866141732
11
5.2398779527559061
21
-2.1738070866141732
0
LINE
8
RED3
6
CONTINUOUS
10
5.2398779527559061
20
-2.1738070866141732
11
5.2470236220472444
21
-2.1785669291338583
0
LINE
8
RED3
6
CONTINUOUS
10
5.2470236220472444
20
-2.1785669291338583
11
5.2517834645669295
21
-2.1833307086614173
0
LINE
8
RED3
6
CONTINUOUS
10
5.2517834645669295
20
-2.1833307086614173
11
5.2541653543307092
21
-2.1880905511811024
0
LINE
8
RED3
6
CONTINUOUS
10
5.256547244094488
20
-2.1166653543307086
11
5.2898779527559059
21
-2.1166653543307086
0
LINE
8
RED3
6
CONTINUOUS
10
5.2374999999999998
20
-2.1285708661417324
11
5.2732125984251974
21
-2.1404724409448819
0
LINE
8
RED3
6
CONTINUOUS
10
5.2732125984251974
20
-2.1404724409448819
11
5.2732125984251974
21
-2.1095236220472442
0
LINE
8
RED2
6
CONTINUOUS
10
5.2000000000000002
20
-2.25
11
5.2000000000000002
21
-2.0500000000000003
0
LINE
8
CYAN2
6
CONTINUOUS
10
5.2231299212598428
20
-2.375712598425197
11
5.1731299212598429
21
-2.375712598425197
0
LINE
8
CYAN2
6
CONTINUOUS
10
5.1731299212598429
20
-2.375712598425197
11
5.1731299212598429
21
-2.3638070866141732
0
LINE
8
CYAN2
6
CONTINUOUS
10
5.1731299212598429
20
-2.3638070866141732
11
5.1755118110236227
21
-2.3566653543307088
0
LINE
8
CYAN2
6
CONTINUOUS
10
5.1755118110236227
20
-2.3566653543307088
11
5.1802755905511813
21
-2.3519015748031498
0
LINE
8
CYAN2
6
CONTINUOUS
10
5.1802755905511813
20
-2.3519015748031498
11
5.1850354330708663
21
-2.34951968503937
0
LINE
8
CYAN2
6
CONTINUOUS
10
5.1850354330708663
20
-2.34951968503937
11
5.19455905511811
21
-2.3471417322834647
0
LINE
8
CYAN2
6
CONTINUOUS
10
5.19455905511811
20
-2.3471417322834647
11
5.2017007874015748
21
-2.3471417322834647
0
LINE
8
CYAN2
6
CONTINUOUS
10
5.2017007874015748
20
-2.3471417322834647
11
5.2112244094488194
21
-2.34951968503937
0
LINE
8
CYAN2
6
CONTINUOUS
10
5.2112244094488194
20
-2.34951968503937
11
5.2159881889763779
21
-2.3519015748031498
0
LINE
8
CYAN2
6
CONTINUOUS
10
5.2159881889763779
20
-2.3519015748031498
11
5.2207519685039374
21
-2.3566653543307088
0
LINE
8
CYAN2
6
CONTINUOUS
10
5.2207519685039374
20
-2.3566653543307088
11
5.2231299212598428
21
-2.3638070866141732
0
LINE
8
CYAN2
6
CONTINUOUS
10
5.2231299212598428
20
-2.3638070866141732
11
5.2231299212598428
21
-2.375712598425197
0
LINE
8
CYAN2
6
CONTINUOUS
10
5.2231299212598428
20
-2.2995196850393702
11
5.2231299212598428
21
-2.3280905511811025
0
LINE
8
CYAN2
6
CONTINUOUS
10
5.2231299212598428
20
-2.3138070866141733
11
5.1731299212598429
21
-2.3138070866141733
0
LINE
8
CYAN2
6
CONTINUOUS
10
5.1731299212598429
20
-2.3138070866141733
11
5.1802755905511813
21
-2.3185669291338584
0
LINE
8
CYAN2
6
CONTINUOUS
10
5.1802755905511813
20
-2.3185669291338584
11
5.1850354330708663
21
-2.3233307086614174
0
LINE
8
CYAN2
6
CONTINUOUS
10
5.1850354330708663
20
-2.3233307086614174
11
5.1874173228346461
21
-2.3280905511811025
0
LINE
8
RED3
6
CONTINUOUS
10
5.1898779527559054
20
-2.1595196850393701
11
5.1898779527559054
21
-2.1880905511811024
0
LINE
8
RED3
6
CONTINUOUS
10
5.1898779527559054
20
-2.1738070866141732
11
5.1398779527559055
21
-2.1738070866141732
0
LINE
8
RED3
6
CONTINUOUS
10
5.1398779527559055
20
-2.1738070866141732
11
5.1470236220472447
21
-2.1785669291338583
0
LINE
8
RED3
6
CONTINUOUS
10
5.1470236220472447
20
-2.1785669291338583
11
5.1517834645669289
21
-2.1833307086614173
0
LINE
8
RED3
6
CONTINUOUS
10
5.1517834645669289
20
-2.1833307086614173
11
5.1541653543307087
21
-2.1880905511811024
0
LINE
8
RED3
6
CONTINUOUS
10
5.1398779527559055
20
-2.1428543307086616
11
5.1398779527559055
21
-2.1119015748031496
0
LINE
8
RED3
6
CONTINUOUS
10
5.1398779527559055
20
-2.1119015748031496
11
5.1589251968503937
21
-2.1285708661417324
0
LINE
8
RED3
6
CONTINUOUS
10
5.1589251968503937
20
-2.1285708661417324
11
5.1589251968503937
21
-2.1214251968503937
0
LINE
8
RED3
6
CONTINUOUS
10
5.1589251968503937
20
-2.1214251968503937
11
5.1613070866141735
21
-2.1166653543307086
0
LINE
8
RED3
6
CONTINUOUS
10
5.1613070866141735
20
-2.1166653543307086
11
5.1636889763779532
21
-2.1142834645669293
0
LINE
8
RED3
6
CONTINUOUS
10
5.1636889763779532
20
-2.1142834645669293
11
5.1684488188976383
21
-2.1119015748031496
0
LINE
8
RED3
6
CONTINUOUS
10
5.1684488188976383
20
-2.1119015748031496
11
5.1803543307086617
21
-2.1119015748031496
0
LINE
8
RED3
6
CONTINUOUS
10
5.1803543307086617
20
-2.1119015748031496
11
5.1851181102362203
21
-2.1142834645669293
0
LINE
8
RED3
6
CONTINUOUS
10
5.1851181102362203
20
-2.1142834645669293
11
5.1875
21
-2.1166653543307086
0
LINE
8
RED3
6
CONTINUOUS
10
5.1875
20
-2.1166653543307086
11
5.1898779527559054
21
-2.1214251968503937
0
LINE
8
RED3
6
CONTINUOUS
10
5.1898779527559054
20
-2.1214251968503937
11
5.1898779527559054
21
-2.1357125984251968
0
LINE
8
RED3
6
CONTINUOUS
10
5.1898779527559054
20
-2.1357125984251968
11
5.1875
21
-2.1404724409448819
0
LINE
8
RED3
6
CONTINUOUS
10
5.1875
20
-2.1404724409448819
11
5.1851181102362203
21
-2.1428543307086616
0
LINE
8
RED2
6
CONTINUOUS
10
5.1000000000000005
20
-2.25
11
5.1000000000000005
21
-2.0500000000000003
0
LINE
8
CYAN2
6
CONTINUOUS
10
5.1231299212598431
20
-2.375712598425197
11
5.0731299212598424
21
-2.375712598425197
0
LINE
8
CYAN2
6
CONTINUOUS
10
5.0731299212598424
20
-2.375712598425197
11
5.0731299212598424
21
-2.3638070866141732
0
LINE
8
CYAN2
6
CONTINUOUS
10
5.0731299212598424
20
-2.3638070866141732
11
5.0755118110236221
21
-2.3566653543307088
0
LINE
8
CYAN2
6
CONTINUOUS
10
5.0755118110236221
20
-2.3566653543307088
11
5.0802755905511816
21
-2.3519015748031498
0
LINE
8
CYAN2
6
CONTINUOUS
10
5.0802755905511816
20
-2.3519015748031498
11
5.0850354330708667
21
-2.34951968503937
0
LINE
8
CYAN2
6
CONTINUOUS
10
5.0850354330708667
20
-2.34951968503937
11
5.0945590551181104
21
-2.3471417322834647
0
LINE
8
CYAN2
6
CONTINUOUS
10
5.0945590551181104
20
-2.3471417322834647
11
5.1017007874015752
21
-2.3471417322834647
0
LINE
8
CYAN2
6
CONTINUOUS
10
5.1017007874015752
20
-2.3471417322834647
11
5.1112244094488188
21
-2.34951968503937
0
LINE
8
CYAN2
6
CONTINUOUS
10
5.1112244094488188
20
-2.34951968503937
11
5.1159881889763783
21
-2.3519015748031498
0
LINE
8
CYAN2
6
CONTINUOUS
10
5.1159881889763783
20
-2.3519015748031498
11
5.1207519685039369
21
-2.3566653543307088
0
LINE
8
CYAN2
6
CONTINUOUS
10
5.1207519685039369
20
-2.3566653543307088
11
5.1231299212598431
21
-2.3638070866141732
0
LINE
8
CYAN2
6
CONTINUOUS
10
5.1231299212598431
20
-2.3638070866141732
11
5.1231299212598431
21
-2.375712598425197
0
LINE
8
CYAN2
6
CONTINUOUS
10
5.0778937007874019
20
-2.3280905511811025
11
5.0755118110236221
21
-2.3257125984251967
0
LINE
8
CYAN2
6
CONTINUOUS
10
5.0755118110236221
20
-2.3257125984251967
11
5.0731299212598424
21
-2.3209488188976377
0
LINE
8
CYAN2
6
CONTINUOUS
10
5.0731299212598424
20
-2.3209488188976377
11
5.0731299212598424
21
-2.3090433070866143
0
LINE
8
CYAN2
6
CONTINUOUS
10
5.0731299212598424
20
-2.3090433070866143
11
5.0755118110236221
21
-2.3042834645669292
0
LINE
8
CYAN2
6
CONTINUOUS
10
5.0755118110236221
20
-2.3042834645669292
11
5.0778937007874019
21
-2.3019015748031495
0
LINE
8
CYAN2
6
CONTINUOUS
10
5.0778937007874019
20
-2.3019015748031495
11
5.082653543307087
21
-2.2995196850393702
0
LINE
8
CYAN2
6
CONTINUOUS
10
5.082653543307087
20
-2.2995196850393702
11
5.0874173228346455
21
-2.2995196850393702
0
LINE
8
CYAN2
6
CONTINUOUS
10
5.0874173228346455
20
-2.2995196850393702
11
5.0945590551181104
21
-2.3019015748031495
0
LINE
8
CYAN2
6
CONTINUOUS
10
5.0945590551181104
20
-2.3019015748031495
11
5.1231299212598431
21
-2.3304724409448818
0
LINE
8
CYAN2
6
CONTINUOUS
10
5.1231299212598431
20
-2.3304724409448818
11
5.1231299212598431
21
-2.2995196850393702
0
LINE
8
RED3
6
CONTINUOUS
10
5.0898779527559057
20
-2.1595196850393701
11
5.0898779527559057
21
-2.1880905511811024
0
LINE
8
RED3
6
CONTINUOUS
10
5.0898779527559057
20
-2.1738070866141732
11
5.0398779527559059
21
-2.1738070866141732
0
LINE
8
RED3
6
CONTINUOUS
10
5.0398779527559059
20
-2.1738070866141732
11
5.0470236220472442
21
-2.1785669291338583
0
LINE
8
RED3
6
CONTINUOUS
10
5.0470236220472442
20
-2.1785669291338583
11
5.0517834645669293
21
-2.1833307086614173
0
LINE
8
RED3
6
CONTINUOUS
10
5.0517834645669293
20
-2.1833307086614173
11
5.054165354330709
21
-2.1880905511811024
0
LINE
8
RED3
6
CONTINUOUS
10
5.0446417322834645
20
-2.1404724409448819
11
5.0422598425196856
21
-2.1380944881889765
0
LINE
8
RED3
6
CONTINUOUS
10
5.0422598425196856
20
-2.1380944881889765
11
5.0398779527559059
21
-2.1333307086614175
0
LINE
8
RED3
6
CONTINUOUS
10
5.0398779527559059
20
-2.1333307086614175
11
5.0398779527559059
21
-2.1214251968503937
0
LINE
8
RED3
6
CONTINUOUS
10
5.0398779527559059
20
-2.1214251968503937
11
5.0422598425196856
21
-2.1166653543307086
0
LINE
8
RED3
6
CONTINUOUS
10
5.0422598425196856
20
-2.1166653543307086
11
5.0446417322834645
21
-2.1142834645669293
0
LINE
8
RED3
6
CONTINUOUS
10
5.0446417322834645
20
-2.1142834645669293
11
5.0494015748031496
21
-2.1119015748031496
0
LINE
8
RED3
6
CONTINUOUS
10
5.0494015748031496
20
-2.1119015748031496
11
5.054165354330709
21
-2.1119015748031496
0
LINE
8
RED3
6
CONTINUOUS
10
5.054165354330709
20
-2.1119015748031496
11
5.0613070866141738
21
-2.1142834645669293
0
LINE
8
RED3
6
CONTINUOUS
10
5.0613070866141738
20
-2.1142834645669293
11
5.0898779527559057
21
-2.1428543307086616
0
LINE
8
RED3
6
CONTINUOUS
10
5.0898779527559057
20
-2.1428543307086616
11
5.0898779527559057
21
-2.1119015748031496
0
LINE
8
RED2
6
CONTINUOUS
10
5.
20
-2.25
11
5.
21
-2.0500000000000003
0
LINE
8
CYAN2
6
CONTINUOUS
10
5.0231299212598426
20
-2.375712598425197
11
4.9731299212598428
21
-2.375712598425197
0
LINE
8
CYAN2
6
CONTINUOUS
10
4.9731299212598428
20
-2.375712598425197
11
4.9731299212598428
21
-2.3638070866141732
0
LINE
8
CYAN2
6
CONTINUOUS
10
4.9731299212598428
20
-2.3638070866141732
11
4.9755118110236225
21
-2.3566653543307088
0
LINE
8
CYAN2
6
CONTINUOUS
10
4.9755118110236225
20
-2.3566653543307088
11
4.9802755905511811
21
-2.3519015748031498
0
LINE
8
CYAN2
6
CONTINUOUS
10
4.9802755905511811
20
-2.3519015748031498
11
4.9850354330708662
21
-2.34951968503937
0
LINE
8
CYAN2
6
CONTINUOUS
10
4.9850354330708662
20
-2.34951968503937
11
4.9945590551181107
21
-2.3471417322834647
0
LINE
8
CYAN2
6
CONTINUOUS
10
4.9945590551181107
20
-2.3471417322834647
11
5.0017007874015746
21
-2.3471417322834647
0
LINE
8
CYAN2
6
CONTINUOUS
10
5.0017007874015746
20
-2.3471417322834647
11
5.0112244094488192
21
-2.34951968503937
0
LINE
8
CYAN2
6
CONTINUOUS
10
5.0112244094488192
20
-2.34951968503937
11
5.0159881889763778
21
-2.3519015748031498
0
LINE
8
CYAN2
6
CONTINUOUS
10
5.0159881889763778
20
-2.3519015748031498
11
5.0207519685039372
21
-2.3566653543307088
0
LINE
8
CYAN2
6
CONTINUOUS
10
5.0207519685039372
20
-2.3566653543307088
11
5.0231299212598426
21
-2.3638070866141732
0
LINE
8
CYAN2
6
CONTINUOUS
10
5.0231299212598426
20
-2.3638070866141732
11
5.0231299212598426
21
-2.375712598425197
0
LINE
8
CYAN2
6
CONTINUOUS
10
4.9731299212598428
20
-2.3304724409448818
11
4.9731299212598428
21
-2.2995196850393702
0
LINE
8
CYAN2
6
CONTINUOUS
10
4.9731299212598428
20
-2.2995196850393702
11
4.992177165354331
21
-2.3161889763779526
0
LINE
8
CYAN2
6
CONTINUOUS
10
4.992177165354331
20
-2.3161889763779526
11
4.992177165354331
21
-2.3090433070866143
0
LINE
8
CYAN2
6
CONTINUOUS
10
4.992177165354331
20
-2.3090433070866143
11
4.9945590551181107
21
-2.3042834645669292
0
LINE
8
CYAN2
6
CONTINUOUS
10
4.9945590551181107
20
-2.3042834645669292
11
4.9969409448818896
21
-2.3019015748031495
0
LINE
8
CYAN2
6
CONTINUOUS
10
4.9969409448818896
20
-2.3019015748031495
11
5.0017007874015746
21
-2.2995196850393702
0
LINE
8
CYAN2
6
CONTINUOUS
10
5.0017007874015746
20
-2.2995196850393702
11
5.0136062992125989
21
-2.2995196850393702
0
LINE
8
CYAN2
6
CONTINUOUS
10
5.0136062992125989
20
-2.2995196850393702
11
5.0183700787401575
21
-2.3019015748031495
0
LINE
8
CYAN2
6
CONTINUOUS
10
5.0183700787401575
20
-2.3019015748031495
11
5.0207519685039372
21
-2.3042834645669292
0
LINE
8
CYAN2
6
CONTINUOUS
10
5.0207519685039372
20
-2.3042834645669292
11
5.0231299212598426
21
-2.3090433070866143
0
LINE
8
CYAN2
6
CONTINUOUS
10
5.0231299212598426
20
-2.3090433070866143
11
5.0231299212598426
21
-2.3233307086614174
0
LINE
8
CYAN2
6
CONTINUOUS
10
5.0231299212598426
20
-2.3233307086614174
11
5.0207519685039372
21
-2.3280905511811025
0
LINE
8
CYAN2
6
CONTINUOUS
10
5.0207519685039372
20
-2.3280905511811025
11
5.0183700787401575
21
-2.3304724409448818
0
LINE
8
RED3
6
CONTINUOUS
10
4.9898779527559061
20
-2.1595196850393701
11
4.9898779527559061
21
-2.1880905511811024
0
LINE
8
RED3
6
CONTINUOUS
10
4.9898779527559061
20
-2.1738070866141732
11
4.9398779527559054
21
-2.1738070866141732
0
LINE
8
RED3
6
CONTINUOUS
10
4.9398779527559054
20
-2.1738070866141732
11
4.9470236220472446
21
-2.1785669291338583
0
LINE
8
RED3
6
CONTINUOUS
10
4.9470236220472446
20
-2.1785669291338583
11
4.9517834645669296
21
-2.1833307086614173
0
LINE
8
RED3
6
CONTINUOUS
10
4.9517834645669296
20
-2.1833307086614173
11
4.9541653543307085
21
-2.1880905511811024
0
LINE
8
RED3
6
CONTINUOUS
10
4.9898779527559061
20
-2.1119015748031496
11
4.9898779527559061
21
-2.1404724409448819
0
LINE
8
RED3
6
CONTINUOUS
10
4.9898779527559061
20
-2.1261889763779527
11
4.9398779527559054
21
-2.1261889763779527
0
LINE
8
RED3
6
CONTINUOUS
10
4.9398779527559054
20
-2.1261889763779527
11
4.9470236220472446
21
-2.1309488188976378
0
LINE
8
RED3
6
CONTINUOUS
10
4.9470236220472446
20
-2.1309488188976378
11
4.9517834645669296
21
-2.1357125984251968
0
LINE
8
RED3
6
CONTINUOUS
10
4.9517834645669296
20
-2.1357125984251968
11
4.9541653543307085
21
-2.1404724409448819
0
CIRCLE
8
RED2
10
4.7999999999999998
20
-2.2250000000000001
40
0.025
0
LINE
8
RED2
6
CONTINUOUS
10
4.7999999999999998
20
-2.2000000000000002
11
4.7999999999999998
21
-2.0500000000000003
0
LINE
8
CYAN2
6
CONTINUOUS
10
4.7731299212598426
20
-2.4114291338582676
11
4.7731299212598426
21
-2.4019055118110235
0
LINE
8
CYAN2
6
CONTINUOUS
10
4.7731299212598426
20
-2.4019055118110235
11
4.7755118110236223
21
-2.3971417322834645
0
LINE
8
CYAN2
6
CONTINUOUS
10
4.7755118110236223
20
-2.3971417322834645
11
4.7802755905511809
21
-2.3923818897637794
0
LINE
8
CYAN2
6
CONTINUOUS
10
4.7802755905511809
20
-2.3923818897637794
11
4.7897992125984254
21
-2.3900000000000001
0
LINE
8
CYAN2
6
CONTINUOUS
10
4.7897992125984254
20
-2.3900000000000001
11
4.8064645669291339
21
-2.3900000000000001
0
LINE
8
CYAN2
6
CONTINUOUS
10
4.8064645669291339
20
-2.3900000000000001
11
4.8159881889763785
21
-2.3923818897637794
0
LINE
8
CYAN2
6
CONTINUOUS
10
4.8159881889763785
20
-2.3923818897637794
11
4.8207519685039371
21
-2.3971417322834645
0
LINE
8
CYAN2
6
CONTINUOUS
10
4.8207519685039371
20
-2.3971417322834645
11
4.8231299212598424
21
-2.4019055118110235
0
LINE
8
CYAN2
6
CONTINUOUS
10
4.8231299212598424
20
-2.4019055118110235
11
4.8231299212598424
21
-2.4114291338582676
0
LINE
8
CYAN2
6
CONTINUOUS
10
4.8231299212598424
20
-2.4114291338582676
11
4.8207519685039371
21
-2.4161889763779527
0
LINE
8
CYAN2
6
CONTINUOUS
10
4.8207519685039371
20
-2.4161889763779527
11
4.8159881889763785
21
-2.4209527559055117
0
LINE
8
CYAN2
6
CONTINUOUS
10
4.8159881889763785
20
-2.4209527559055117
11
4.8064645669291339
21
-2.4233307086614175
0
LINE
8
CYAN2
6
CONTINUOUS
10
4.8064645669291339
20
-2.4233307086614175
11
4.7897992125984254
21
-2.4233307086614175
0
LINE
8
CYAN2
6
CONTINUOUS
10
4.7897992125984254
20
-2.4233307086614175
11
4.7802755905511809
21
-2.4209527559055117
0
LINE
8
CYAN2
6
CONTINUOUS
10
4.7802755905511809
20
-2.4209527559055117
11
4.7755118110236223
21
-2.4161889763779527
0
LINE
8
CYAN2
6
CONTINUOUS
10
4.7755118110236223
20
-2.4161889763779527
11
4.7731299212598426
21
-2.4114291338582676
0
LINE
8
CYAN2
6
CONTINUOUS
10
4.8207519685039371
20
-2.349523622047244
11
4.8231299212598424
21
-2.3542834645669291
0
LINE
8
CYAN2
6
CONTINUOUS
10
4.8231299212598424
20
-2.3542834645669291
11
4.8231299212598424
21
-2.3638070866141732
0
LINE
8
CYAN2
6
CONTINUOUS
10
4.8231299212598424
20
-2.3638070866141732
11
4.8207519685039371
21
-2.3685708661417322
0
LINE
8
CYAN2
6
CONTINUOUS
10
4.8207519685039371
20
-2.3685708661417322
11
4.8159881889763785
21
-2.370948818897638
0
LINE
8
CYAN2
6
CONTINUOUS
10
4.8159881889763785
20
-2.370948818897638
11
4.7969409448818903
21
-2.370948818897638
0
LINE
8
CYAN2
6
CONTINUOUS
10
4.7969409448818903
20
-2.370948818897638
11
4.7921771653543308
21
-2.3685708661417322
0
LINE
8
CYAN2
6
CONTINUOUS
10
4.7921771653543308
20
-2.3685708661417322
11
4.7897992125984254
21
-2.3638070866141732
0
LINE
8
CYAN2
6
CONTINUOUS
10
4.7897992125984254
20
-2.3638070866141732
11
4.7897992125984254
21
-2.3542834645669291
0
LINE
8
CYAN2
6
CONTINUOUS
10
4.7897992125984254
20
-2.3542834645669291
11
4.7921771653543308
21
-2.349523622047244
0
LINE
8
CYAN2
6
CONTINUOUS
10
4.7921771653543308
20
-2.349523622047244
11
4.7969409448818903
21
-2.3471417322834647
0
LINE
8
CYAN2
6
CONTINUOUS
10
4.7969409448818903
20
-2.3471417322834647
11
4.8017007874015754
21
-2.3471417322834647
0
LINE
8
CYAN2
6
CONTINUOUS
10
4.8017007874015754
20
-2.3471417322834647
11
4.8064645669291339
21
-2.370948818897638
0
LINE
8
CYAN2
6
CONTINUOUS
10
4.8231299212598424
20
-2.2995196850393702
11
4.8231299212598424
21
-2.3280905511811025
0
LINE
8
CYAN2
6
CONTINUOUS
10
4.8231299212598424
20
-2.3138070866141733
11
4.7731299212598426
21
-2.3138070866141733
0
LINE
8
CYAN2
6
CONTINUOUS
10
4.7731299212598426
20
-2.3138070866141733
11
4.7802755905511809
21
-2.3185669291338584
0
LINE
8
CYAN2
6
CONTINUOUS
10
4.7802755905511809
20
-2.3185669291338584
11
4.785035433070866
21
-2.3233307086614174
0
LINE
8
CYAN2
6
CONTINUOUS
10
4.785035433070866
20
-2.3233307086614174
11
4.7874173228346457
21
-2.3280905511811025
0
LINE
8
RED3
6
CONTINUOUS
10
4.7898779527559059
20
-2.1357086614173229
11
4.7898779527559059
21
-2.1642795275590552
0
LINE
8
RED3
6
CONTINUOUS
10
4.7898779527559059
20
-2.149996062992126
11
4.7398779527559061
21
-2.149996062992126
0
LINE
8
RED3
6
CONTINUOUS
10
4.7398779527559061
20
-2.149996062992126
11
4.7470236220472444
21
-2.1547559055118111
0
LINE
8
RED3
6
CONTINUOUS
10
4.7470236220472444
20
-2.1547559055118111
11
4.7517834645669295
21
-2.1595196850393701
0
LINE
8
RED3
6
CONTINUOUS
10
4.7517834645669295
20
-2.1595196850393701
11
4.7541653543307092
21
-2.1642795275590552
0
CIRCLE
8
RED2
10
4.7000000000000002
20
-2.2250000000000001
40
0.025
0
LINE
8
RED2
6
CONTINUOUS
10
4.7000000000000002
20
-2.2000000000000002
11
4.7000000000000002
21
-2.0500000000000003
0
LINE
8
CYAN2
6
CONTINUOUS
10
4.6731299212598429
20
-2.4114291338582676
11
4.6731299212598429
21
-2.4019055118110235
0
LINE
8
CYAN2
6
CONTINUOUS
10
4.6731299212598429
20
-2.4019055118110235
11
4.6755118110236218
21
-2.3971417322834645
0
LINE
8
CYAN2
6
CONTINUOUS
10
4.6755118110236218
20
-2.3971417322834645
11
4.6802755905511813
21
-2.3923818897637794
0
LINE
8
CYAN2
6
CONTINUOUS
10
4.6802755905511813
20
-2.3923818897637794
11
4.6897992125984258
21
-2.3900000000000001
0
LINE
8
CYAN2
6
CONTINUOUS
10
4.6897992125984258
20
-2.3900000000000001
11
4.7064645669291343
21
-2.3900000000000001
0
LINE
8
CYAN2
6
CONTINUOUS
10
4.7064645669291343
20
-2.3900000000000001
11
4.7159881889763779
21
-2.3923818897637794
0
LINE
8
CYAN2
6
CONTINUOUS
10
4.7159881889763779
20
-2.3923818897637794
11
4.7207519685039374
21
-2.3971417322834645
0
LINE
8
CYAN2
6
CONTINUOUS
10
4.7207519685039374
20
-2.3971417322834645
11
4.7231299212598428
21
-2.4019055118110235
0
LINE
8
CYAN2
6
CONTINUOUS
10
4.7231299212598428
20
-2.4019055118110235
11
4.7231299212598428
21
-2.4114291338582676
0
LINE
8
CYAN2
6
CONTINUOUS
10
4.7231299212598428
20
-2.4114291338582676
11
4.7207519685039374
21
-2.4161889763779527
0
LINE
8
CYAN2
6
CONTINUOUS
10
4.7207519685039374
20
-2.4161889763779527
11
4.7159881889763779
21
-2.4209527559055117
0
LINE
8
CYAN2
6
CONTINUOUS
10
4.7159881889763779
20
-2.4209527559055117
11
4.7064645669291343
21
-2.4233307086614175
0
LINE
8
CYAN2
6
CONTINUOUS
10
4.7064645669291343
20
-2.4233307086614175
11
4.6897992125984258
21
-2.4233307086614175
0
LINE
8
CYAN2
6
CONTINUOUS
10
4.6897992125984258
20
-2.4233307086614175
11
4.6802755905511813
21
-2.4209527559055117
0
LINE
8
CYAN2
6
CONTINUOUS
10
4.6802755905511813
20
-2.4209527559055117
11
4.6755118110236218
21
-2.4161889763779527
0
LINE
8
CYAN2
6
CONTINUOUS
10
4.6755118110236218
20
-2.4161889763779527
11
4.6731299212598429
21
-2.4114291338582676
0
LINE
8
CYAN2
6
CONTINUOUS
10
4.7207519685039374
20
-2.349523622047244
11
4.7231299212598428
21
-2.3542834645669291
0
LINE
8
CYAN2
6
CONTINUOUS
10
4.7231299212598428
20
-2.3542834645669291
11
4.7231299212598428
21
-2.3638070866141732
0
LINE
8
CYAN2
6
CONTINUOUS
10
4.7231299212598428
20
-2.3638070866141732
11
4.7207519685039374
21
-2.3685708661417322
0
LINE
8
CYAN2
6
CONTINUOUS
10
4.7207519685039374
20
-2.3685708661417322
11
4.7159881889763779
21
-2.370948818897638
0
LINE
8
CYAN2
6
CONTINUOUS
10
4.7159881889763779
20
-2.370948818897638
11
4.6969409448818897
21
-2.370948818897638
0
LINE
8
CYAN2
6
CONTINUOUS
10
4.6969409448818897
20
-2.370948818897638
11
4.6921771653543312
21
-2.3685708661417322
0
LINE
8
CYAN2
6
CONTINUOUS
10
4.6921771653543312
20
-2.3685708661417322
11
4.6897992125984258
21
-2.3638070866141732
0
LINE
8
CYAN2
6
CONTINUOUS
10
4.6897992125984258
20
-2.3638070866141732
11
4.6897992125984258
21
-2.3542834645669291
0
LINE
8
CYAN2
6
CONTINUOUS
10
4.6897992125984258
20
-2.3542834645669291
11
4.6921771653543312
21
-2.349523622047244
0
LINE
8
CYAN2
6
CONTINUOUS
10
4.6921771653543312
20
-2.349523622047244
11
4.6969409448818897
21
-2.3471417322834647
0
LINE
8
CYAN2
6
CONTINUOUS
10
4.6969409448818897
20
-2.3471417322834647
11
4.7017007874015748
21
-2.3471417322834647
0
LINE
8
CYAN2
6
CONTINUOUS
10
4.7017007874015748
20
-2.3471417322834647
11
4.7064645669291343
21
-2.370948818897638
0
LINE
8
CYAN2
6
CONTINUOUS
10
4.6778937007874015
20
-2.3280905511811025
11
4.6755118110236218
21
-2.3257125984251967
0
LINE
8
CYAN2
6
CONTINUOUS
10
4.6755118110236218
20
-2.3257125984251967
11
4.6731299212598429
21
-2.3209488188976377
0
LINE
8
CYAN2
6
CONTINUOUS
10
4.6731299212598429
20
-2.3209488188976377
11
4.6731299212598429
21
-2.3090433070866143
0
LINE
8
CYAN2
6
CONTINUOUS
10
4.6731299212598429
20
-2.3090433070866143
11
4.6755118110236218
21
-2.3042834645669292
0
LINE
8
CYAN2
6
CONTINUOUS
10
4.6755118110236218
20
-2.3042834645669292
11
4.6778937007874015
21
-2.3019015748031495
0
LINE
8
CYAN2
6
CONTINUOUS
10
4.6778937007874015
20
-2.3019015748031495
11
4.6826535433070866
21
-2.2995196850393702
0
LINE
8
CYAN2
6
CONTINUOUS
10
4.6826535433070866
20
-2.2995196850393702
11
4.6874173228346461
21
-2.2995196850393702
0
LINE
8
CYAN2
6
CONTINUOUS
10
4.6874173228346461
20
-2.2995196850393702
11
4.69455905511811
21
-2.3019015748031495
0
LINE
8
CYAN2
6
CONTINUOUS
10
4.69455905511811
20
-2.3019015748031495
11
4.7231299212598428
21
-2.3304724409448818
0
LINE
8
CYAN2
6
CONTINUOUS
10
4.7231299212598428
20
-2.3304724409448818
11
4.7231299212598428
21
-2.2995196850393702
0
LINE
8
RED3
6
CONTINUOUS
10
4.644641732283465
20
-2.1642795275590552
11
4.6422598425196853
21
-2.1619015748031498
0
LINE
8
RED3
6
CONTINUOUS
10
4.6422598425196853
20
-2.1619015748031498
11
4.6398779527559055
21
-2.1571377952755908
0
LINE
8
RED3
6
CONTINUOUS
10
4.6398779527559055
20
-2.1571377952755908
11
4.6398779527559055
21
-2.145232283464567
0
LINE
8
RED3
6
CONTINUOUS
10
4.6398779527559055
20
-2.145232283464567
11
4.6422598425196853
21
-2.1404724409448819
0
LINE
8
RED3
6
CONTINUOUS
10
4.6422598425196853
20
-2.1404724409448819
11
4.644641732283465
21
-2.1380905511811026
0
LINE
8
RED3
6
CONTINUOUS
10
4.644641732283465
20
-2.1380905511811026
11
4.6494015748031501
21
-2.1357086614173229
0
LINE
8
RED3
6
CONTINUOUS
10
4.6494015748031501
20
-2.1357086614173229
11
4.6541653543307087
21
-2.1357086614173229
0
LINE
8
RED3
6
CONTINUOUS
10
4.6541653543307087
20
-2.1357086614173229
11
4.6613070866141735
21
-2.1380905511811026
0
LINE
8
RED3
6
CONTINUOUS
10
4.6613070866141735
20
-2.1380905511811026
11
4.6898779527559054
21
-2.1666614173228349
0
LINE
8
RED3
6
CONTINUOUS
10
4.6898779527559054
20
-2.1666614173228349
11
4.6898779527559054
21
-2.1357086614173229
0
CIRCLE
8
RED2
10
4.5
20
-2.2250000000000001
40
0.025
0
LINE
8
RED2
6
CONTINUOUS
10
4.5
20
-2.2000000000000002
11
4.5
21
-2.0500000000000003
0
LINE
8
CYAN2
6
CONTINUOUS
10
4.4969409448818896
20
-2.370948818897638
11
4.4969409448818896
21
-2.3542795275590551
0
LINE
8
CYAN2
6
CONTINUOUS
10
4.5231299212598426
20
-2.3471377952755907
11
4.5231299212598426
21
-2.370948818897638
0
LINE
8
CYAN2
6
CONTINUOUS
10
4.5231299212598426
20
-2.370948818897638
11
4.4731299212598428
21
-2.370948818897638
0
LINE
8
CYAN2
6
CONTINUOUS
10
4.4731299212598428
20
-2.370948818897638
11
4.4731299212598428
21
-2.3471377952755907
0
LINE
8
CYAN2
6
CONTINUOUS
10
4.5231299212598426
20
-2.2995196850393702
11
4.5231299212598426
21
-2.3280905511811025
0
LINE
8
CYAN2
6
CONTINUOUS
10
4.5231299212598426
20
-2.3138070866141733
11
4.4731299212598428
21
-2.3138070866141733
0
LINE
8
CYAN2
6
CONTINUOUS
10
4.4731299212598428
20
-2.3138070866141733
11
4.4802755905511811
21
-2.3185669291338584
0
LINE
8
CYAN2
6
CONTINUOUS
10
4.4802755905511811
20
-2.3185669291338584
11
4.4850354330708662
21
-2.3233307086614174
0
LINE
8
CYAN2
6
CONTINUOUS
10
4.4850354330708662
20
-2.3233307086614174
11
4.4874173228346459
21
-2.3280905511811025
0
LINE
8
RED3
6
CONTINUOUS
10
4.4898779527559061
20
-2.1595196850393701
11
4.4898779527559061
21
-2.149996062992126
0
LINE
8
RED3
6
CONTINUOUS
10
4.4898779527559061
20
-2.149996062992126
11
4.4874999999999998
21
-2.145232283464567
0
LINE
8
RED3
6
CONTINUOUS
10
4.4874999999999998
20
-2.145232283464567
11
4.485118110236221
21
-2.1428543307086616
0
LINE
8
RED3
6
CONTINUOUS
10
4.485118110236221
20
-2.1428543307086616
11
4.4779724409448818
21
-2.1380905511811026
0
LINE
8
RED3
6
CONTINUOUS
10
4.4779724409448818
20
-2.1380905511811026
11
4.4684488188976381
21
-2.1357086614173229
0
LINE
8
RED3
6
CONTINUOUS
10
4.4684488188976381
20
-2.1357086614173229
11
4.4494015748031499
21
-2.1357086614173229
0
LINE
8
RED3
6
CONTINUOUS
10
4.4494015748031499
20
-2.1357086614173229
11
4.4446417322834648
21
-2.1380905511811026
0
LINE
8
RED3
6
CONTINUOUS
10
4.4446417322834648
20
-2.1380905511811026
11
4.4422598425196851
21
-2.1404724409448819
0
LINE
8
RED3
6
CONTINUOUS
10
4.4422598425196851
20
-2.1404724409448819
11
4.4398779527559054
21
-2.145232283464567
0
LINE
8
RED3
6
CONTINUOUS
10
4.4398779527559054
20
-2.145232283464567
11
4.4398779527559054
21
-2.1547559055118111
0
LINE
8
RED3
6
CONTINUOUS
10
4.4398779527559054
20
-2.1547559055118111
11
4.4422598425196851
21
-2.1595196850393701
0
LINE
8
RED3
6
CONTINUOUS
10
4.4422598425196851
20
-2.1595196850393701
11
4.4446417322834648
21
-2.1619015748031498
0
LINE
8
RED3
6
CONTINUOUS
10
4.4446417322834648
20
-2.1619015748031498
11
4.4494015748031499
21
-2.1642795275590552
0
LINE
8
RED3
6
CONTINUOUS
10
4.4494015748031499
20
-2.1642795275590552
11
4.4613070866141733
21
-2.1642795275590552
0
LINE
8
RED3
6
CONTINUOUS
10
4.4613070866141733
20
-2.1642795275590552
11
4.4660708661417328
21
-2.1619015748031498
0
LINE
8
RED3
6
CONTINUOUS
10
4.4660708661417328
20
-2.1619015748031498
11
4.4684488188976381
21
-2.1595196850393701
0
LINE
8
RED3
6
CONTINUOUS
10
4.4684488188976381
20
-2.1595196850393701
11
4.4708307086614179
21
-2.1547559055118111
0
LINE
8
RED3
6
CONTINUOUS
10
4.4708307086614179
20
-2.1547559055118111
11
4.4708307086614179
21
-2.145232283464567
0
LINE
8
RED3
6
CONTINUOUS
10
4.4708307086614179
20
-2.145232283464567
11
4.4684488188976381
21
-2.1404724409448819
0
LINE
8
RED3
6
CONTINUOUS
10
4.4684488188976381
20
-2.1404724409448819
11
4.4660708661417328
21
-2.1380905511811026
0
LINE
8
RED3
6
CONTINUOUS
10
4.4660708661417328
20
-2.1380905511811026
11
4.4613070866141733
21
-2.1357086614173229
0
CIRCLE
8
RED2
10
4.4000000000000004
20
-2.2250000000000001
40
0.025
0
LINE
8
RED2
6
CONTINUOUS
10
4.4000000000000004
20
-2.2000000000000002
11
4.4000000000000004
21
-2.0500000000000003
0
LINE
8
CYAN2
6
CONTINUOUS
10
4.3969409448818899
20
-2.370948818897638
11
4.3969409448818899
21
-2.3542795275590551
0
LINE
8
CYAN2
6
CONTINUOUS
10
4.4231299212598429
20
-2.3471377952755907
11
4.4231299212598429
21
-2.370948818897638
0
LINE
8
CYAN2
6
CONTINUOUS
10
4.4231299212598429
20
-2.370948818897638
11
4.3731299212598431
21
-2.370948818897638
0
LINE
8
CYAN2
6
CONTINUOUS
10
4.3731299212598431
20
-2.370948818897638
11
4.3731299212598431
21
-2.3471377952755907
0
LINE
8
CYAN2
6
CONTINUOUS
10
4.3778937007874017
20
-2.3280905511811025
11
4.375511811023622
21
-2.3257125984251967
0
LINE
8
CYAN2
6
CONTINUOUS
10
4.375511811023622
20
-2.3257125984251967
11
4.3731299212598431
21
-2.3209488188976377
0
LINE
8
CYAN2
6
CONTINUOUS
10
4.3731299212598431
20
-2.3209488188976377
11
4.3731299212598431
21
-2.3090433070866143
0
LINE
8
CYAN2
6
CONTINUOUS
10
4.3731299212598431
20
-2.3090433070866143
11
4.375511811023622
21
-2.3042834645669292
0
LINE
8
CYAN2
6
CONTINUOUS
10
4.375511811023622
20
-2.3042834645669292
11
4.3778937007874017
21
-2.3019015748031495
0
LINE
8
CYAN2
6
CONTINUOUS
10
4.3778937007874017
20
-2.3019015748031495
11
4.3826535433070868
21
-2.2995196850393702
0
LINE
8
CYAN2
6
CONTINUOUS
10
4.3826535433070868
20
-2.2995196850393702
11
4.3874173228346462
21
-2.2995196850393702
0
LINE
8
CYAN2
6
CONTINUOUS
10
4.3874173228346462
20
-2.2995196850393702
11
4.3945590551181102
21
-2.3019015748031495
0
LINE
8
CYAN2
6
CONTINUOUS
10
4.3945590551181102
20
-2.3019015748031495
11
4.4231299212598429
21
-2.3304724409448818
0
LINE
8
CYAN2
6
CONTINUOUS
10
4.4231299212598429
20
-2.3304724409448818
11
4.4231299212598429
21
-2.2995196850393702
0
LINE
8
RED3
6
CONTINUOUS
10
4.3898779527559055
20
-2.1595196850393701
11
4.3898779527559055
21
-2.1880905511811024
0
LINE
8
RED3
6
CONTINUOUS
10
4.3898779527559055
20
-2.1738070866141732
11
4.3398779527559057
21
-2.1738070866141732
0
LINE
8
RED3
6
CONTINUOUS
10
4.3398779527559057
20
-2.1738070866141732
11
4.347023622047244
21
-2.1785669291338583
0
LINE
8
RED3
6
CONTINUOUS
10
4.347023622047244
20
-2.1785669291338583
11
4.3517834645669291
21
-2.1833307086614173
0
LINE
8
RED3
6
CONTINUOUS
10
4.3517834645669291
20
-2.1833307086614173
11
4.3541653543307088
21
-2.1880905511811024
0
LINE
8
RED3
6
CONTINUOUS
10
4.3398779527559057
20
-2.1285708661417324
11
4.3398779527559057
21
-2.1238070866141734
0
LINE
8
RED3
6
CONTINUOUS
10
4.3398779527559057
20
-2.1238070866141734
11
4.3422598425196854
21
-2.1190472440944883
0
LINE
8
RED3
6
CONTINUOUS
10
4.3422598425196854
20
-2.1190472440944883
11
4.3446417322834652
21
-2.1166653543307086
0
LINE
8
RED3
6
CONTINUOUS
10
4.3446417322834652
20
-2.1166653543307086
11
4.3494015748031494
21
-2.1142834645669293
0
LINE
8
RED3
6
CONTINUOUS
10
4.3494015748031494
20
-2.1142834645669293
11
4.3589251968503939
21
-2.1119015748031496
0
LINE
8
RED3
6
CONTINUOUS
10
4.3589251968503939
20
-2.1119015748031496
11
4.3708307086614173
21
-2.1119015748031496
0
LINE
8
RED3
6
CONTINUOUS
10
4.3708307086614173
20
-2.1119015748031496
11
4.3803543307086619
21
-2.1142834645669293
0
LINE
8
RED3
6
CONTINUOUS
10
4.3803543307086619
20
-2.1142834645669293
11
4.3851181102362204
21
-2.1166653543307086
0
LINE
8
RED3
6
CONTINUOUS
10
4.3851181102362204
20
-2.1166653543307086
11
4.3875000000000002
21
-2.1190472440944883
0
LINE
8
RED3
6
CONTINUOUS
10
4.3875000000000002
20
-2.1190472440944883
11
4.3898779527559055
21
-2.1238070866141734
0
LINE
8
RED3
6
CONTINUOUS
10
4.3898779527559055
20
-2.1238070866141734
11
4.3898779527559055
21
-2.1285708661417324
0
LINE
8
RED3
6
CONTINUOUS
10
4.3898779527559055
20
-2.1285708661417324
11
4.3875000000000002
21
-2.1333307086614175
0
LINE
8
RED3
6
CONTINUOUS
10
4.3875000000000002
20
-2.1333307086614175
11
4.3851181102362204
21
-2.1357125984251968
0
LINE
8
RED3
6
CONTINUOUS
10
4.3851181102362204
20
-2.1357125984251968
11
4.3803543307086619
21
-2.1380944881889765
0
LINE
8
RED3
6
CONTINUOUS
10
4.3803543307086619
20
-2.1380944881889765
11
4.3708307086614173
21
-2.1404724409448819
0
LINE
8
RED3
6
CONTINUOUS
10
4.3708307086614173
20
-2.1404724409448819
11
4.3589251968503939
21
-2.1404724409448819
0
LINE
8
RED3
6
CONTINUOUS
10
4.3589251968503939
20
-2.1404724409448819
11
4.3494015748031494
21
-2.1380944881889765
0
LINE
8
RED3
6
CONTINUOUS
10
4.3494015748031494
20
-2.1380944881889765
11
4.3446417322834652
21
-2.1357125984251968
0
LINE
8
RED3
6
CONTINUOUS
10
4.3446417322834652
20
-2.1357125984251968
11
4.3422598425196854
21
-2.1333307086614175
0
LINE
8
RED3
6
CONTINUOUS
10
4.3422598425196854
20
-2.1333307086614175
11
4.3398779527559057
21
-2.1285708661417324
0
LINE
8
RED2
6
CONTINUOUS
10
4.2999999999999998
20
-2.25
11
4.2999999999999998
21
-2.0500000000000003
0
LINE
8
RED2
6
CONTINUOUS
10
4.3250000000000002
20
-2.25
11
4.2999999999999998
21
-2.3000000000000003
0
LINE
8
RED2
6
CONTINUOUS
10
4.2999999999999998
20
-2.3000000000000003
11
4.2750000000000004
21
-2.25
0
LINE
8
CYAN2
6
CONTINUOUS
10
4.3183700787401573
20
-2.3447598425196849
11
4.3207519685039371
21
-2.3471377952755907
0
LINE
8
CYAN2
6
CONTINUOUS
10
4.3207519685039371
20
-2.3471377952755907
11
4.3231299212598424
21
-2.3542834645669291
0
LINE
8
CYAN2
6
CONTINUOUS
10
4.3231299212598424
20
-2.3542834645669291
11
4.3231299212598424
21
-2.3590433070866141
0
LINE
8
CYAN2
6
CONTINUOUS
10
4.3231299212598424
20
-2.3590433070866141
11
4.3207519685039371
21
-2.366185039370079
0
LINE
8
CYAN2
6
CONTINUOUS
10
4.3207519685039371
20
-2.366185039370079
11
4.3159881889763785
21
-2.370948818897638
0
LINE
8
CYAN2
6
CONTINUOUS
10
4.3159881889763785
20
-2.370948818897638
11
4.311224409448819
21
-2.3733307086614173
0
LINE
8
CYAN2
6
CONTINUOUS
10
4.311224409448819
20
-2.3733307086614173
11
4.3017007874015754
21
-2.3757086614173231
0
LINE
8
CYAN2
6
CONTINUOUS
10
4.3017007874015754
20
-2.3757086614173231
11
4.2945590551181105
21
-2.3757086614173231
0
LINE
8
CYAN2
6
CONTINUOUS
10
4.2945590551181105
20
-2.3757086614173231
11
4.285035433070866
21
-2.3733307086614173
0
LINE
8
CYAN2
6
CONTINUOUS
10
4.285035433070866
20
-2.3733307086614173
11
4.2802755905511809
21
-2.370948818897638
0
LINE
8
CYAN2
6
CONTINUOUS
10
4.2802755905511809
20
-2.370948818897638
11
4.2755118110236223
21
-2.366185039370079
0
LINE
8
CYAN2
6
CONTINUOUS
10
4.2755118110236223
20
-2.366185039370079
11
4.2731299212598426
21
-2.3590433070866141
0
LINE
8
CYAN2
6
CONTINUOUS
10
4.2731299212598426
20
-2.3590433070866141
11
4.2731299212598426
21
-2.3542834645669291
0
LINE
8
CYAN2
6
CONTINUOUS
10
4.2731299212598426
20
-2.3542834645669291
11
4.2755118110236223
21
-2.3471377952755907
0
LINE
8
CYAN2
6
CONTINUOUS
10
4.2755118110236223
20
-2.3471377952755907
11
4.2778937007874021
21
-2.3447598425196849
0
LINE
8
CYAN2
6
CONTINUOUS
10
4.2897992125984254
20
-2.3233307086614174
11
4.3397992125984253
21
-2.3233307086614174
0
LINE
8
CYAN2
6
CONTINUOUS
10
4.2921771653543308
20
-2.3233307086614174
11
4.2897992125984254
21
-2.3185669291338584
0
LINE
8
CYAN2
6
CONTINUOUS
10
4.2897992125984254
20
-2.3185669291338584
11
4.2897992125984254
21
-2.3090433070866143
0
LINE
8
CYAN2
6
CONTINUOUS
10
4.2897992125984254
20
-2.3090433070866143
11
4.2921771653543308
21
-2.3042834645669292
0
LINE
8
CYAN2
6
CONTINUOUS
10
4.2921771653543308
20
-2.3042834645669292
11
4.2945590551181105
21
-2.3019015748031495
0
LINE
8
CYAN2
6
CONTINUOUS
10
4.2945590551181105
20
-2.3019015748031495
11
4.2993228346456691
21
-2.2995196850393702
0
LINE
8
CYAN2
6
CONTINUOUS
10
4.2993228346456691
20
-2.2995196850393702
11
4.3136062992125987
21
-2.2995196850393702
0
LINE
8
CYAN2
6
CONTINUOUS
10
4.3136062992125987
20
-2.2995196850393702
11
4.3183700787401573
21
-2.3019015748031495
0
LINE
8
CYAN2
6
CONTINUOUS
10
4.3183700787401573
20
-2.3019015748031495
11
4.3207519685039371
21
-2.3042834645669292
0
LINE
8
CYAN2
6
CONTINUOUS
10
4.3207519685039371
20
-2.3042834645669292
11
4.3231299212598424
21
-2.3090433070866143
0
LINE
8
CYAN2
6
CONTINUOUS
10
4.3231299212598424
20
-2.3090433070866143
11
4.3231299212598424
21
-2.3185669291338584
0
LINE
8
CYAN2
6
CONTINUOUS
10
4.3231299212598424
20
-2.3185669291338584
11
4.3207519685039371
21
-2.3233307086614174
0
LINE
8
RED3
6
CONTINUOUS
10
4.2398779527559061
20
-2.1666614173228349
11
4.2398779527559061
21
-2.1333307086614175
0
LINE
8
RED3
6
CONTINUOUS
10
4.2398779527559061
20
-2.1333307086614175
11
4.2898779527559059
21
-2.1547559055118111
0
LINE
8
RED2
6
CONTINUOUS
10
4.1000000000000005
20
-2.25
11
4.1000000000000005
21
-2.0500000000000003
0
LINE
8
CYAN2
6
CONTINUOUS
10
4.1231299212598422
20
-2.3661889763779529
11
4.0731299212598424
21
-2.3661889763779529
0
LINE
8
CYAN2
6
CONTINUOUS
10
4.0731299212598424
20
-2.3661889763779529
11
4.1088464566929135
21
-2.34951968503937
0
LINE
8
CYAN2
6
CONTINUOUS
10
4.1088464566929135
20
-2.34951968503937
11
4.0731299212598424
21
-2.3328543307086615
0
LINE
8
CYAN2
6
CONTINUOUS
10
4.0731299212598424
20
-2.3328543307086615
11
4.1231299212598422
21
-2.3328543307086615
0
LINE
8
CYAN2
6
CONTINUOUS
10
4.1231299212598422
20
-2.3090472440944882
11
4.0897992125984253
21
-2.3090472440944882
0
LINE
8
CYAN2
6
CONTINUOUS
10
4.0993228346456698
20
-2.3090472440944882
11
4.0945590551181104
21
-2.306665354330709
0
LINE
8
CYAN2
6
CONTINUOUS
10
4.0945590551181104
20
-2.306665354330709
11
4.0921771653543306
21
-2.3042834645669292
0
LINE
8
CYAN2
6
CONTINUOUS
10
4.0921771653543306
20
-2.3042834645669292
11
4.0897992125984253
21
-2.2995236220472441
0
LINE
8
CYAN2
6
CONTINUOUS
10
4.0897992125984253
20
-2.2995236220472441
11
4.0897992125984253
21
-2.2947598425196851
0
LINE
8
RED3
6
CONTINUOUS
10
4.0898779527559057
20
-2.1595196850393701
11
4.0898779527559057
21
-2.1880905511811024
0
LINE
8
RED3
6
CONTINUOUS
10
4.0898779527559057
20
-2.1738070866141732
11
4.0398779527559059
21
-2.1738070866141732
0
LINE
8
RED3
6
CONTINUOUS
10
4.0398779527559059
20
-2.1738070866141732
11
4.0470236220472442
21
-2.1785669291338583
0
LINE
8
RED3
6
CONTINUOUS
10
4.0470236220472442
20
-2.1785669291338583
11
4.0517834645669293
21
-2.1833307086614173
0
LINE
8
RED3
6
CONTINUOUS
10
4.0517834645669293
20
-2.1833307086614173
11
4.054165354330709
21
-2.1880905511811024
0
LINE
8
RED3
6
CONTINUOUS
10
4.0398779527559059
20
-2.1142834645669293
11
4.0398779527559059
21
-2.1380944881889765
0
LINE
8
RED3
6
CONTINUOUS
10
4.0398779527559059
20
-2.1380944881889765
11
4.0636889763779527
21
-2.1404724409448819
0
LINE
8
RED3
6
CONTINUOUS
10
4.0636889763779527
20
-2.1404724409448819
11
4.0613070866141729
21
-2.1380944881889765
0
LINE
8
RED3
6
CONTINUOUS
10
4.0613070866141729
20
-2.1380944881889765
11
4.0589251968503941
21
-2.1333307086614175
0
LINE
8
RED3
6
CONTINUOUS
10
4.0589251968503941
20
-2.1333307086614175
11
4.0589251968503941
21
-2.1214251968503937
0
LINE
8
RED3
6
CONTINUOUS
10
4.0589251968503941
20
-2.1214251968503937
11
4.0613070866141729
21
-2.1166653543307086
0
LINE
8
RED3
6
CONTINUOUS
10
4.0613070866141729
20
-2.1166653543307086
11
4.0636889763779527
21
-2.1142834645669293
0
LINE
8
RED3
6
CONTINUOUS
10
4.0636889763779527
20
-2.1142834645669293
11
4.0684488188976378
21
-2.1119015748031496
0
LINE
8
RED3
6
CONTINUOUS
10
4.0684488188976378
20
-2.1119015748031496
11
4.0803543307086612
21
-2.1119015748031496
0
LINE
8
RED3
6
CONTINUOUS
10
4.0803543307086612
20
-2.1119015748031496
11
4.0851181102362206
21
-2.1142834645669293
0
LINE
8
RED3
6
CONTINUOUS
10
4.0851181102362206
20
-2.1142834645669293
11
4.0875000000000004
21
-2.1166653543307086
0
LINE
8
RED3
6
CONTINUOUS
10
4.0875000000000004
20
-2.1166653543307086
11
4.0898779527559057
21
-2.1214251968503937
0
LINE
8
RED3
6
CONTINUOUS
10
4.0898779527559057
20
-2.1214251968503937
11
4.0898779527559057
21
-2.1333307086614175
0
LINE
8
RED3
6
CONTINUOUS
10
4.0898779527559057
20
-2.1333307086614175
11
4.0875000000000004
21
-2.1380944881889765
0
LINE
8
RED3
6
CONTINUOUS
10
4.0875000000000004
20
-2.1380944881889765
11
4.0851181102362206
21
-2.1404724409448819
0
LINE
8
RED2
6
CONTINUOUS
10
5.4000000000000004
20
-2.5500000000000003
11
5.6000000000000005
21
-2.5500000000000003
0
LINE
8
CYAN2
6
CONTINUOUS
10
5.2219015748031499
20
-2.5231299212598426
11
5.2385669291338584
21
-2.5731299212598424
0
LINE
8
CYAN2
6
CONTINUOUS
10
5.2385669291338584
20
-2.5731299212598424
11
5.2552362204724412
21
-2.5231299212598426
0
LINE
8
CYAN2
6
CONTINUOUS
10
5.3004724409448825
20
-2.5683700787401578
11
5.2980944881889762
21
-2.5707519685039371
0
LINE
8
CYAN2
6
CONTINUOUS
10
5.2980944881889762
20
-2.5707519685039371
11
5.2909488188976379
21
-2.5731299212598424
0
LINE
8
CYAN2
6
CONTINUOUS
10
5.2909488188976379
20
-2.5731299212598424
11
5.2861889763779528
21
-2.5731299212598424
0
LINE
8
CYAN2
6
CONTINUOUS
10
5.2861889763779528
20
-2.5731299212598424
11
5.279047244094488
21
-2.5707519685039371
0
LINE
8
CYAN2
6
CONTINUOUS
10
5.279047244094488
20
-2.5707519685039371
11
5.2742834645669294
21
-2.565988188976378
0
LINE
8
CYAN2
6
CONTINUOUS
10
5.2742834645669294
20
-2.565988188976378
11
5.2719015748031497
21
-2.561224409448819
0
LINE
8
CYAN2
6
CONTINUOUS
10
5.2719015748031497
20
-2.561224409448819
11
5.2695236220472443
21
-2.5517007874015749
0
LINE
8
CYAN2
6
CONTINUOUS
10
5.2695236220472443
20
-2.5517007874015749
11
5.2695236220472443
21
-2.5445590551181105
0
LINE
8
CYAN2
6
CONTINUOUS
10
5.2695236220472443
20
-2.5445590551181105
11
5.2719015748031497
21
-2.5350354330708664
0
LINE
8
CYAN2
6
CONTINUOUS
10
5.2719015748031497
20
-2.5350354330708664
11
5.2742834645669294
21
-2.5302755905511813
0
LINE
8
CYAN2
6
CONTINUOUS
10
5.2742834645669294
20
-2.5302755905511813
11
5.279047244094488
21
-2.5255118110236223
0
LINE
8
CYAN2
6
CONTINUOUS
10
5.279047244094488
20
-2.5255118110236223
11
5.2861889763779528
21
-2.5231299212598426
0
LINE
8
CYAN2
6
CONTINUOUS
10
5.2861889763779528
20
-2.5231299212598426
11
5.2909488188976379
21
-2.5231299212598426
0
LINE
8
CYAN2
6
CONTINUOUS
10
5.2909488188976379
20
-2.5231299212598426
11
5.2980944881889762
21
-2.5255118110236223
0
LINE
8
CYAN2
6
CONTINUOUS
10
5.2980944881889762
20
-2.5255118110236223
11
5.3004724409448825
21
-2.5278937007874016
0
LINE
8
CYAN2
6
CONTINUOUS
10
5.3504724409448823
20
-2.5683700787401578
11
5.3480944881889769
21
-2.5707519685039371
0
LINE
8
CYAN2
6
CONTINUOUS
10
5.3480944881889769
20
-2.5707519685039371
11
5.3409488188976377
21
-2.5731299212598424
0
LINE
8
CYAN2
6
CONTINUOUS
10
5.3409488188976377
20
-2.5731299212598424
11
5.3361889763779526
21
-2.5731299212598424
0
LINE
8
CYAN2
6
CONTINUOUS
10
5.3361889763779526
20
-2.5731299212598424
11
5.3290472440944887
21
-2.5707519685039371
0
LINE
8
CYAN2
6
CONTINUOUS
10
5.3290472440944887
20
-2.5707519685039371
11
5.3242834645669292
21
-2.565988188976378
0
LINE
8
CYAN2
6
CONTINUOUS
10
5.3242834645669292
20
-2.565988188976378
11
5.3219015748031495
21
-2.561224409448819
0
LINE
8
CYAN2
6
CONTINUOUS
10
5.3219015748031495
20
-2.561224409448819
11
5.3195236220472442
21
-2.5517007874015749
0
LINE
8
CYAN2
6
CONTINUOUS
10
5.3195236220472442
20
-2.5517007874015749
11
5.3195236220472442
21
-2.5445590551181105
0
LINE
8
CYAN2
6
CONTINUOUS
10
5.3195236220472442
20
-2.5445590551181105
11
5.3219015748031495
21
-2.5350354330708664
0
LINE
8
CYAN2
6
CONTINUOUS
10
5.3219015748031495
20
-2.5350354330708664
11
5.3242834645669292
21
-2.5302755905511813
0
LINE
8
CYAN2
6
CONTINUOUS
10
5.3242834645669292
20
-2.5302755905511813
11
5.3290472440944887
21
-2.5255118110236223
0
LINE
8
CYAN2
6
CONTINUOUS
10
5.3290472440944887
20
-2.5255118110236223
11
5.3361889763779526
21
-2.5231299212598426
0
LINE
8
CYAN2
6
CONTINUOUS
10
5.3361889763779526
20
-2.5231299212598426
11
5.3409488188976377
21
-2.5231299212598426
0
LINE
8
CYAN2
6
CONTINUOUS
10
5.3409488188976377
20
-2.5231299212598426
11
5.3480944881889769
21
-2.5255118110236223
0
LINE
8
CYAN2
6
CONTINUOUS
10
5.3480944881889769
20
-2.5255118110236223
11
5.3504724409448823
21
-2.5278937007874016
0
LINE
8
RED3
6
CONTINUOUS
10
5.4904763779527563
20
-2.5398779527559054
11
5.4619055118110236
21
-2.5398779527559054
0
LINE
8
RED3
6
CONTINUOUS
10
5.4761889763779532
20
-2.5398779527559054
11
5.4761889763779532
21
-2.4898779527559056
0
LINE
8
RED3
6
CONTINUOUS
10
5.4761889763779532
20
-2.4898779527559056
11
5.4714291338582681
21
-2.4970236220472444
0
LINE
8
RED3
6
CONTINUOUS
10
5.4714291338582681
20
-2.4970236220472444
11
5.4666653543307087
21
-2.501783464566929
0
LINE
8
RED3
6
CONTINUOUS
10
5.4666653543307087
20
-2.501783464566929
11
5.4619055118110236
21
-2.5041653543307087
0
LINE
8
RED3
6
CONTINUOUS
10
5.5333307086614179
20
-2.4898779527559056
11
5.5238070866141733
21
-2.4898779527559056
0
LINE
8
RED3
6
CONTINUOUS
10
5.5238070866141733
20
-2.4898779527559056
11
5.5190472440944882
21
-2.4922598425196854
0
LINE
8
RED3
6
CONTINUOUS
10
5.5190472440944882
20
-2.4922598425196854
11
5.5166653543307085
21
-2.4946417322834646
0
LINE
8
RED3
6
CONTINUOUS
10
5.5166653543307085
20
-2.4946417322834646
11
5.5119015748031499
21
-2.501783464566929
0
LINE
8
RED3
6
CONTINUOUS
10
5.5119015748031499
20
-2.501783464566929
11
5.5095236220472446
21
-2.5113070866141731
0
LINE
8
RED3
6
CONTINUOUS
10
5.5095236220472446
20
-2.5113070866141731
11
5.5095236220472446
21
-2.5303543307086613
0
LINE
8
RED3
6
CONTINUOUS
10
5.5095236220472446
20
-2.5303543307086613
11
5.5119015748031499
21
-2.5351181102362204
0
LINE
8
RED3
6
CONTINUOUS
10
5.5119015748031499
20
-2.5351181102362204
11
5.5142834645669296
21
-2.5375000000000001
0
LINE
8
RED3
6
CONTINUOUS
10
5.5142834645669296
20
-2.5375000000000001
11
5.5190472440944882
21
-2.5398779527559054
0
LINE
8
RED3
6
CONTINUOUS
10
5.5190472440944882
20
-2.5398779527559054
11
5.5285708661417328
21
-2.5398779527559054
0
LINE
8
RED3
6
CONTINUOUS
10
5.5285708661417328
20
-2.5398779527559054
11
5.5333307086614179
21
-2.5375000000000001
0
LINE
8
RED3
6
CONTINUOUS
10
5.5333307086614179
20
-2.5375000000000001
11
5.5357125984251967
21
-2.5351181102362204
0
LINE
8
RED3
6
CONTINUOUS
10
5.5357125984251967
20
-2.5351181102362204
11
5.5380944881889764
21
-2.5303543307086613
0
LINE
8
RED3
6
CONTINUOUS
10
5.5380944881889764
20
-2.5303543307086613
11
5.5380944881889764
21
-2.5184488188976379
0
LINE
8
RED3
6
CONTINUOUS
10
5.5380944881889764
20
-2.5184488188976379
11
5.5357125984251967
21
-2.5136889763779529
0
LINE
8
RED3
6
CONTINUOUS
10
5.5357125984251967
20
-2.5136889763779529
11
5.5333307086614179
21
-2.5113070866141731
0
LINE
8
RED3
6
CONTINUOUS
10
5.5333307086614179
20
-2.5113070866141731
11
5.5285708661417328
21
-2.5089251968503938
0
LINE
8
RED3
6
CONTINUOUS
10
5.5285708661417328
20
-2.5089251968503938
11
5.5190472440944882
21
-2.5089251968503938
0
LINE
8
RED3
6
CONTINUOUS
10
5.5190472440944882
20
-2.5089251968503938
11
5.5142834645669296
21
-2.5113070866141731
0
LINE
8
RED3
6
CONTINUOUS
10
5.5142834645669296
20
-2.5113070866141731
11
5.5119015748031499
21
-2.5136889763779529
0
LINE
8
RED3
6
CONTINUOUS
10
5.5119015748031499
20
-2.5136889763779529
11
5.5095236220472446
21
-2.5184488188976379
0
LINE
8
RED2
6
CONTINUOUS
10
4.
20
-2.5500000000000003
11
3.8000000000000003
21
-2.5500000000000003
0
LINE
8
CYAN2
6
CONTINUOUS
10
4.0780944881889765
20
-2.5255118110236223
11
4.0733307086614179
21
-2.5231299212598426
0
LINE
8
CYAN2
6
CONTINUOUS
10
4.0733307086614179
20
-2.5231299212598426
11
4.0661889763779531
21
-2.5231299212598426
0
LINE
8
CYAN2
6
CONTINUOUS
10
4.0661889763779531
20
-2.5231299212598426
11
4.0590472440944882
21
-2.5255118110236223
0
LINE
8
CYAN2
6
CONTINUOUS
10
4.0590472440944882
20
-2.5255118110236223
11
4.0542834645669297
21
-2.5302755905511813
0
LINE
8
CYAN2
6
CONTINUOUS
10
4.0542834645669297
20
-2.5302755905511813
11
4.0519015748031499
21
-2.5350354330708664
0
LINE
8
CYAN2
6
CONTINUOUS
10
4.0519015748031499
20
-2.5350354330708664
11
4.0495236220472446
21
-2.5445590551181105
0
LINE
8
CYAN2
6
CONTINUOUS
10
4.0495236220472446
20
-2.5445590551181105
11
4.0495236220472446
21
-2.5517007874015749
0
LINE
8
CYAN2
6
CONTINUOUS
10
4.0495236220472446
20
-2.5517007874015749
11
4.0519015748031499
21
-2.561224409448819
0
LINE
8
CYAN2
6
CONTINUOUS
10
4.0519015748031499
20
-2.561224409448819
11
4.0542834645669297
21
-2.565988188976378
0
LINE
8
CYAN2
6
CONTINUOUS
10
4.0542834645669297
20
-2.565988188976378
11
4.0590472440944882
21
-2.5707519685039371
0
LINE
8
CYAN2
6
CONTINUOUS
10
4.0590472440944882
20
-2.5707519685039371
11
4.0661889763779531
21
-2.5731299212598424
0
LINE
8
CYAN2
6
CONTINUOUS
10
4.0661889763779531
20
-2.5731299212598424
11
4.0709488188976382
21
-2.5731299212598424
0
LINE
8
CYAN2
6
CONTINUOUS
10
4.0709488188976382
20
-2.5731299212598424
11
4.0780944881889765
21
-2.5707519685039371
0
LINE
8
CYAN2
6
CONTINUOUS
10
4.0780944881889765
20
-2.5707519685039371
11
4.0804724409448818
21
-2.5683700787401578
0
LINE
8
CYAN2
6
CONTINUOUS
10
4.0804724409448818
20
-2.5683700787401578
11
4.0804724409448818
21
-2.5517007874015749
0
LINE
8
CYAN2
6
CONTINUOUS
10
4.0804724409448818
20
-2.5517007874015749
11
4.0709488188976382
21
-2.5517007874015749
0
LINE
8
CYAN2
6
CONTINUOUS
10
4.1019015748031498
20
-2.5731299212598424
11
4.1019015748031498
21
-2.5231299212598426
0
LINE
8
CYAN2
6
CONTINUOUS
10
4.1019015748031498
20
-2.5231299212598426
11
4.1304724409448816
21
-2.5731299212598424
0
LINE
8
CYAN2
6
CONTINUOUS
10
4.1304724409448816
20
-2.5731299212598424
11
4.1304724409448816
21
-2.5231299212598426
0
LINE
8
CYAN2
6
CONTINUOUS
10
4.1542834645669293
20
-2.5731299212598424
11
4.1542834645669293
21
-2.5231299212598426
0
LINE
8
CYAN2
6
CONTINUOUS
10
4.1542834645669293
20
-2.5231299212598426
11
4.1661889763779527
21
-2.5231299212598426
0
LINE
8
CYAN2
6
CONTINUOUS
10
4.1661889763779527
20
-2.5231299212598426
11
4.1733307086614175
21
-2.5255118110236223
0
LINE
8
CYAN2
6
CONTINUOUS
10
4.1733307086614175
20
-2.5255118110236223
11
4.1780944881889761
21
-2.5302755905511813
0
LINE
8
CYAN2
6
CONTINUOUS
10
4.1780944881889761
20
-2.5302755905511813
11
4.1804763779527558
21
-2.5350354330708664
0
LINE
8
CYAN2
6
CONTINUOUS
10
4.1804763779527558
20
-2.5350354330708664
11
4.1828543307086612
21
-2.5445590551181105
0
LINE
8
CYAN2
6
CONTINUOUS
10
4.1828543307086612
20
-2.5445590551181105
11
4.1828543307086612
21
-2.5517007874015749
0
LINE
8
CYAN2
6
CONTINUOUS
10
4.1828543307086612
20
-2.5517007874015749
11
4.1804763779527558
21
-2.561224409448819
0
LINE
8
CYAN2
6
CONTINUOUS
10
4.1804763779527558
20
-2.561224409448819
11
4.1780944881889761
21
-2.565988188976378
0
LINE
8
CYAN2
6
CONTINUOUS
10
4.1780944881889761
20
-2.565988188976378
11
4.1733307086614175
21
-2.5707519685039371
0
LINE
8
CYAN2
6
CONTINUOUS
10
4.1733307086614175
20
-2.5707519685039371
11
4.1661889763779527
21
-2.5731299212598424
0
LINE
8
CYAN2
6
CONTINUOUS
10
4.1661889763779527
20
-2.5731299212598424
11
4.1542834645669293
21
-2.5731299212598424
0
LINE
8
RED3
6
CONTINUOUS
10
3.8952401574803153
20
-2.5113070866141731
11
3.8904763779527562
21
-2.5089251968503938
0
LINE
8
RED3
6
CONTINUOUS
10
3.8904763779527562
20
-2.5089251968503938
11
3.8880944881889765
21
-2.5065472440944885
0
LINE
8
RED3
6
CONTINUOUS
10
3.8880944881889765
20
-2.5065472440944885
11
3.8857165354330712
21
-2.501783464566929
0
LINE
8
RED3
6
CONTINUOUS
10
3.8857165354330712
20
-2.501783464566929
11
3.8857165354330712
21
-2.4994015748031497
0
LINE
8
RED3
6
CONTINUOUS
10
3.8857165354330712
20
-2.4994015748031497
11
3.8880944881889765
21
-2.4946417322834646
0
LINE
8
RED3
6
CONTINUOUS
10
3.8880944881889765
20
-2.4946417322834646
11
3.8904763779527562
21
-2.4922598425196854
0
LINE
8
RED3
6
CONTINUOUS
10
3.8904763779527562
20
-2.4922598425196854
11
3.8952401574803153
21
-2.4898779527559056
0
LINE
8
RED3
6
CONTINUOUS
10
3.8952401574803153
20
-2.4898779527559056
11
3.9047637795275594
21
-2.4898779527559056
0
LINE
8
RED3
6
CONTINUOUS
10
3.9047637795275594
20
-2.4898779527559056
11
3.9095236220472445
21
-2.4922598425196854
0
LINE
8
RED3
6
CONTINUOUS
10
3.9095236220472445
20
-2.4922598425196854
11
3.9119055118110238
21
-2.4946417322834646
0
LINE
8
RED3
6
CONTINUOUS
10
3.9119055118110238
20
-2.4946417322834646
11
3.9142874015748035
21
-2.4994015748031497
0
LINE
8
RED3
6
CONTINUOUS
10
3.9142874015748035
20
-2.4994015748031497
11
3.9142874015748035
21
-2.501783464566929
0
LINE
8
RED3
6
CONTINUOUS
10
3.9142874015748035
20
-2.501783464566929
11
3.9119055118110238
21
-2.5065472440944885
0
LINE
8
RED3
6
CONTINUOUS
10
3.9119055118110238
20
-2.5065472440944885
11
3.9095236220472445
21
-2.5089251968503938
0
LINE
8
RED3
6
CONTINUOUS
10
3.9095236220472445
20
-2.5089251968503938
11
3.9047637795275594
21
-2.5113070866141731
0
LINE
8
RED3
6
CONTINUOUS
10
3.9047637795275594
20
-2.5113070866141731
11
3.8952401574803153
21
-2.5113070866141731
0
LINE
8
RED3
6
CONTINUOUS
10
3.8952401574803153
20
-2.5113070866141731
11
3.8904763779527562
21
-2.5136889763779529
0
LINE
8
RED3
6
CONTINUOUS
10
3.8904763779527562
20
-2.5136889763779529
11
3.8880944881889765
21
-2.5160708661417326
0
LINE
8
RED3
6
CONTINUOUS
10
3.8880944881889765
20
-2.5160708661417326
11
3.8857165354330712
21
-2.5208307086614172
0
LINE
8
RED3
6
CONTINUOUS
10
3.8857165354330712
20
-2.5208307086614172
11
3.8857165354330712
21
-2.5303543307086613
0
LINE
8
RED3
6
CONTINUOUS
10
3.8857165354330712
20
-2.5303543307086613
11
3.8880944881889765
21
-2.5351181102362204
0
LINE
8
RED3
6
CONTINUOUS
10
3.8880944881889765
20
-2.5351181102362204
11
3.8904763779527562
21
-2.5375000000000001
0
LINE
8
RED3
6
CONTINUOUS
10
3.8904763779527562
20
-2.5375000000000001
11
3.8952401574803153
21
-2.5398779527559054
0
LINE
8
RED3
6
CONTINUOUS
10
3.8952401574803153
20
-2.5398779527559054
11
3.9047637795275594
21
-2.5398779527559054
0
LINE
8
RED3
6
CONTINUOUS
10
3.9047637795275594
20
-2.5398779527559054
11
3.9095236220472445
21
-2.5375000000000001
0
LINE
8
RED3
6
CONTINUOUS
10
3.9095236220472445
20
-2.5375000000000001
11
3.9119055118110238
21
-2.5351181102362204
0
LINE
8
RED3
6
CONTINUOUS
10
3.9119055118110238
20
-2.5351181102362204
11
3.9142874015748035
21
-2.5303543307086613
0
LINE
8
RED3
6
CONTINUOUS
10
3.9142874015748035
20
-2.5303543307086613
11
3.9142874015748035
21
-2.5208307086614172
0
LINE
8
RED3
6
CONTINUOUS
10
3.9142874015748035
20
-2.5208307086614172
11
3.9119055118110238
21
-2.5160708661417326
0
LINE
8
RED3
6
CONTINUOUS
10
3.9119055118110238
20
-2.5160708661417326
11
3.9095236220472445
21
-2.5136889763779529
0
LINE
8
RED3
6
CONTINUOUS
10
3.9095236220472445
20
-2.5136889763779529
11
3.9047637795275594
21
-2.5113070866141731
0
LINE
8
RED2
6
CONTINUOUS
10
5.2999999999999998
20
-2.8500000000000001
11
5.2999999999999998
21
-3.0500000000000003
0
LINE
8
CYAN2
6
CONTINUOUS
10
5.3278937007874019
20
-2.7647598425196853
11
5.3255118110236221
21
-2.7695236220472443
0
LINE
8
CYAN2
6
CONTINUOUS
10
5.3255118110236221
20
-2.7695236220472443
11
5.3207519685039371
21
-2.7742834645669294
0
LINE
8
CYAN2
6
CONTINUOUS
10
5.3207519685039371
20
-2.7742834645669294
11
5.3136062992125987
21
-2.7814251968503938
0
LINE
8
CYAN2
6
CONTINUOUS
10
5.3136062992125987
20
-2.7814251968503938
11
5.311224409448819
21
-2.7861889763779528
0
LINE
8
CYAN2
6
CONTINUOUS
10
5.311224409448819
20
-2.7861889763779528
11
5.311224409448819
21
-2.7909488188976379
0
LINE
8
CYAN2
6
CONTINUOUS
10
5.3231299212598424
20
-2.7885708661417326
11
5.3207519685039371
21
-2.7933307086614176
0
LINE
8
CYAN2
6
CONTINUOUS
10
5.3207519685039371
20
-2.7933307086614176
11
5.3159881889763785
21
-2.7980944881889767
0
LINE
8
CYAN2
6
CONTINUOUS
10
5.3159881889763785
20
-2.7980944881889767
11
5.3064645669291339
21
-2.800472440944882
0
LINE
8
CYAN2
6
CONTINUOUS
10
5.3064645669291339
20
-2.800472440944882
11
5.2897992125984254
21
-2.800472440944882
0
LINE
8
CYAN2
6
CONTINUOUS
10
5.2897992125984254
20
-2.800472440944882
11
5.2802755905511809
21
-2.7980944881889767
0
LINE
8
CYAN2
6
CONTINUOUS
10
5.2802755905511809
20
-2.7980944881889767
11
5.2755118110236223
21
-2.7933307086614176
0
LINE
8
CYAN2
6
CONTINUOUS
10
5.2755118110236223
20
-2.7933307086614176
11
5.2731299212598426
21
-2.7885708661417326
0
LINE
8
CYAN2
6
CONTINUOUS
10
5.2731299212598426
20
-2.7885708661417326
11
5.2731299212598426
21
-2.7790472440944884
0
LINE
8
CYAN2
6
CONTINUOUS
10
5.2731299212598426
20
-2.7790472440944884
11
5.2755118110236223
21
-2.7742834645669294
0
LINE
8
CYAN2
6
CONTINUOUS
10
5.2755118110236223
20
-2.7742834645669294
11
5.2802755905511809
21
-2.7695236220472443
0
LINE
8
CYAN2
6
CONTINUOUS
10
5.2802755905511809
20
-2.7695236220472443
11
5.2897992125984254
21
-2.7671417322834646
0
LINE
8
CYAN2
6
CONTINUOUS
10
5.2897992125984254
20
-2.7671417322834646
11
5.3064645669291339
21
-2.7671417322834646
0
LINE
8
CYAN2
6
CONTINUOUS
10
5.3064645669291339
20
-2.7671417322834646
11
5.3159881889763785
21
-2.7695236220472443
0
LINE
8
CYAN2
6
CONTINUOUS
10
5.3159881889763785
20
-2.7695236220472443
11
5.3207519685039371
21
-2.7742834645669294
0
LINE
8
CYAN2
6
CONTINUOUS
10
5.3207519685039371
20
-2.7742834645669294
11
5.3231299212598424
21
-2.7790472440944884
0
LINE
8
CYAN2
6
CONTINUOUS
10
5.3231299212598424
20
-2.7790472440944884
11
5.3231299212598424
21
-2.7885708661417326
0
LINE
8
CYAN2
6
CONTINUOUS
10
5.2731299212598426
20
-2.736188976377953
11
5.2731299212598426
21
-2.731425196850394
0
LINE
8
CYAN2
6
CONTINUOUS
10
5.2731299212598426
20
-2.731425196850394
11
5.2755118110236223
21
-2.7266653543307089
0
LINE
8
CYAN2
6
CONTINUOUS
10
5.2755118110236223
20
-2.7266653543307089
11
5.2778937007874021
21
-2.7242834645669292
0
LINE
8
CYAN2
6
CONTINUOUS
10
5.2778937007874021
20
-2.7242834645669292
11
5.2826535433070871
21
-2.7219015748031499
0
LINE
8
CYAN2
6
CONTINUOUS
10
5.2826535433070871
20
-2.7219015748031499
11
5.2921771653543308
21
-2.7195196850393701
0
LINE
8
CYAN2
6
CONTINUOUS
10
5.2921771653543308
20
-2.7195196850393701
11
5.3040826771653542
21
-2.7195196850393701
0
LINE
8
CYAN2
6
CONTINUOUS
10
5.3040826771653542
20
-2.7195196850393701
11
5.3136062992125987
21
-2.7219015748031499
0
LINE
8
CYAN2
6
CONTINUOUS
10
5.3136062992125987
20
-2.7219015748031499
11
5.3183700787401573
21
-2.7242834645669292
0
LINE
8
CYAN2
6
CONTINUOUS
10
5.3183700787401573
20
-2.7242834645669292
11
5.3207519685039371
21
-2.7266653543307089
0
LINE
8
CYAN2
6
CONTINUOUS
10
5.3207519685039371
20
-2.7266653543307089
11
5.3231299212598424
21
-2.731425196850394
0
LINE
8
CYAN2
6
CONTINUOUS
10
5.3231299212598424
20
-2.731425196850394
11
5.3231299212598424
21
-2.736188976377953
0
LINE
8
CYAN2
6
CONTINUOUS
10
5.3231299212598424
20
-2.736188976377953
11
5.3207519685039371
21
-2.7409488188976381
0
LINE
8
CYAN2
6
CONTINUOUS
10
5.3207519685039371
20
-2.7409488188976381
11
5.3183700787401573
21
-2.7433307086614174
0
LINE
8
CYAN2
6
CONTINUOUS
10
5.3183700787401573
20
-2.7433307086614174
11
5.3136062992125987
21
-2.7457125984251971
0
LINE
8
CYAN2
6
CONTINUOUS
10
5.3136062992125987
20
-2.7457125984251971
11
5.3040826771653542
21
-2.7480905511811025
0
LINE
8
CYAN2
6
CONTINUOUS
10
5.3040826771653542
20
-2.7480905511811025
11
5.2921771653543308
21
-2.7480905511811025
0
LINE
8
CYAN2
6
CONTINUOUS
10
5.2921771653543308
20
-2.7480905511811025
11
5.2826535433070871
21
-2.7457125984251971
0
LINE
8
CYAN2
6
CONTINUOUS
10
5.2826535433070871
20
-2.7457125984251971
11
5.2778937007874021
21
-2.7433307086614174
0
LINE
8
CYAN2
6
CONTINUOUS
10
5.2778937007874021
20
-2.7433307086614174
11
5.2755118110236223
21
-2.7409488188976381
0
LINE
8
CYAN2
6
CONTINUOUS
10
5.2755118110236223
20
-2.7409488188976381
11
5.2731299212598426
21
-2.736188976377953
0
LINE
8
RED3
6
CONTINUOUS
10
5.2398779527559061
20
-2.9666614173228347
11
5.2398779527559061
21
-2.9357086614173231
0
LINE
8
RED3
6
CONTINUOUS
10
5.2398779527559061
20
-2.9357086614173231
11
5.2589251968503943
21
-2.9523779527559055
0
LINE
8
RED3
6
CONTINUOUS
10
5.2589251968503943
20
-2.9523779527559055
11
5.2589251968503943
21
-2.9452322834645672
0
LINE
8
RED3
6
CONTINUOUS
10
5.2589251968503943
20
-2.9452322834645672
11
5.2613070866141731
21
-2.9404724409448821
0
LINE
8
RED3
6
CONTINUOUS
10
5.2613070866141731
20
-2.9404724409448821
11
5.2636889763779529
21
-2.9380905511811024
0
LINE
8
RED3
6
CONTINUOUS
10
5.2636889763779529
20
-2.9380905511811024
11
5.2684488188976379
21
-2.9357086614173231
0
LINE
8
RED3
6
CONTINUOUS
10
5.2684488188976379
20
-2.9357086614173231
11
5.2803543307086613
21
-2.9357086614173231
0
LINE
8
RED3
6
CONTINUOUS
10
5.2803543307086613
20
-2.9357086614173231
11
5.2851181102362208
21
-2.9380905511811024
0
LINE
8
RED3
6
CONTINUOUS
10
5.2851181102362208
20
-2.9380905511811024
11
5.2875000000000005
21
-2.9404724409448821
0
LINE
8
RED3
6
CONTINUOUS
10
5.2875000000000005
20
-2.9404724409448821
11
5.2898779527559059
21
-2.9452322834645672
0
LINE
8
RED3
6
CONTINUOUS
10
5.2898779527559059
20
-2.9452322834645672
11
5.2898779527559059
21
-2.9595196850393704
0
LINE
8
RED3
6
CONTINUOUS
10
5.2898779527559059
20
-2.9595196850393704
11
5.2875000000000005
21
-2.9642795275590554
0
LINE
8
RED3
6
CONTINUOUS
10
5.2875000000000005
20
-2.9642795275590554
11
5.2851181102362208
21
-2.9666614173228347
0
LINE
8
RED2
6
CONTINUOUS
10
5.2000000000000002
20
-2.8500000000000001
11
5.2000000000000002
21
-3.0500000000000003
0
LINE
8
CYAN2
6
CONTINUOUS
10
5.2278937007874013
20
-2.7647598425196853
11
5.2255118110236225
21
-2.7695236220472443
0
LINE
8
CYAN2
6
CONTINUOUS
10
5.2255118110236225
20
-2.7695236220472443
11
5.2207519685039374
21
-2.7742834645669294
0
LINE
8
CYAN2
6
CONTINUOUS
10
5.2207519685039374
20
-2.7742834645669294
11
5.2136062992125982
21
-2.7814251968503938
0
LINE
8
CYAN2
6
CONTINUOUS
10
5.2136062992125982
20
-2.7814251968503938
11
5.2112244094488194
21
-2.7861889763779528
0
LINE
8
CYAN2
6
CONTINUOUS
10
5.2112244094488194
20
-2.7861889763779528
11
5.2112244094488194
21
-2.7909488188976379
0
LINE
8
CYAN2
6
CONTINUOUS
10
5.2231299212598428
20
-2.7885708661417326
11
5.2207519685039374
21
-2.7933307086614176
0
LINE
8
CYAN2
6
CONTINUOUS
10
5.2207519685039374
20
-2.7933307086614176
11
5.2159881889763779
21
-2.7980944881889767
0
LINE
8
CYAN2
6
CONTINUOUS
10
5.2159881889763779
20
-2.7980944881889767
11
5.2064645669291343
21
-2.800472440944882
0
LINE
8
CYAN2
6
CONTINUOUS
10
5.2064645669291343
20
-2.800472440944882
11
5.1897992125984258
21
-2.800472440944882
0
LINE
8
CYAN2
6
CONTINUOUS
10
5.1897992125984258
20
-2.800472440944882
11
5.1802755905511813
21
-2.7980944881889767
0
LINE
8
CYAN2
6
CONTINUOUS
10
5.1802755905511813
20
-2.7980944881889767
11
5.1755118110236227
21
-2.7933307086614176
0
LINE
8
CYAN2
6
CONTINUOUS
10
5.1755118110236227
20
-2.7933307086614176
11
5.1731299212598429
21
-2.7885708661417326
0
LINE
8
CYAN2
6
CONTINUOUS
10
5.1731299212598429
20
-2.7885708661417326
11
5.1731299212598429
21
-2.7790472440944884
0
LINE
8
CYAN2
6
CONTINUOUS
10
5.1731299212598429
20
-2.7790472440944884
11
5.1755118110236227
21
-2.7742834645669294
0
LINE
8
CYAN2
6
CONTINUOUS
10
5.1755118110236227
20
-2.7742834645669294
11
5.1802755905511813
21
-2.7695236220472443
0
LINE
8
CYAN2
6
CONTINUOUS
10
5.1802755905511813
20
-2.7695236220472443
11
5.1897992125984258
21
-2.7671417322834646
0
LINE
8
CYAN2
6
CONTINUOUS
10
5.1897992125984258
20
-2.7671417322834646
11
5.2064645669291343
21
-2.7671417322834646
0
LINE
8
CYAN2
6
CONTINUOUS
10
5.2064645669291343
20
-2.7671417322834646
11
5.2159881889763779
21
-2.7695236220472443
0
LINE
8
CYAN2
6
CONTINUOUS
10
5.2159881889763779
20
-2.7695236220472443
11
5.2207519685039374
21
-2.7742834645669294
0
LINE
8
CYAN2
6
CONTINUOUS
10
5.2207519685039374
20
-2.7742834645669294
11
5.2231299212598428
21
-2.7790472440944884
0
LINE
8
CYAN2
6
CONTINUOUS
10
5.2231299212598428
20
-2.7790472440944884
11
5.2231299212598428
21
-2.7885708661417326
0
LINE
8
CYAN2
6
CONTINUOUS
10
5.2231299212598428
20
-2.7195196850393701
11
5.2231299212598428
21
-2.7480905511811025
0
LINE
8
CYAN2
6
CONTINUOUS
10
5.2231299212598428
20
-2.7338070866141733
11
5.1731299212598429
21
-2.7338070866141733
0
LINE
8
CYAN2
6
CONTINUOUS
10
5.1731299212598429
20
-2.7338070866141733
11
5.1802755905511813
21
-2.7385669291338584
0
LINE
8
CYAN2
6
CONTINUOUS
10
5.1802755905511813
20
-2.7385669291338584
11
5.1850354330708663
21
-2.7433307086614174
0
LINE
8
CYAN2
6
CONTINUOUS
10
5.1850354330708663
20
-2.7433307086614174
11
5.1874173228346461
21
-2.7480905511811025
0
LINE
8
RED3
6
CONTINUOUS
10
5.1565472440944884
20
-2.9404724409448821
11
5.1898779527559054
21
-2.9404724409448821
0
LINE
8
RED3
6
CONTINUOUS
10
5.1375000000000002
20
-2.9523779527559055
11
5.1732125984251969
21
-2.9642795275590554
0
LINE
8
RED3
6
CONTINUOUS
10
5.1732125984251969
20
-2.9642795275590554
11
5.1732125984251969
21
-2.9333307086614173
0
LINE
8
RED2
6
CONTINUOUS
10
5.1000000000000005
20
-2.8500000000000001
11
5.1000000000000005
21
-3.0500000000000003
0
LINE
8
CYAN2
6
CONTINUOUS
10
5.1278937007874017
20
-2.7647598425196853
11
5.125511811023622
21
-2.7695236220472443
0
LINE
8
CYAN2
6
CONTINUOUS
10
5.125511811023622
20
-2.7695236220472443
11
5.1207519685039369
21
-2.7742834645669294
0
LINE
8
CYAN2
6
CONTINUOUS
10
5.1207519685039369
20
-2.7742834645669294
11
5.1136062992125986
21
-2.7814251968503938
0
LINE
8
CYAN2
6
CONTINUOUS
10
5.1136062992125986
20
-2.7814251968503938
11
5.1112244094488188
21
-2.7861889763779528
0
LINE
8
CYAN2
6
CONTINUOUS
10
5.1112244094488188
20
-2.7861889763779528
11
5.1112244094488188
21
-2.7909488188976379
0
LINE
8
CYAN2
6
CONTINUOUS
10
5.1231299212598431
20
-2.7885708661417326
11
5.1207519685039369
21
-2.7933307086614176
0
LINE
8
CYAN2
6
CONTINUOUS
10
5.1207519685039369
20
-2.7933307086614176
11
5.1159881889763783
21
-2.7980944881889767
0
LINE
8
CYAN2
6
CONTINUOUS
10
5.1159881889763783
20
-2.7980944881889767
11
5.1064645669291338
21
-2.800472440944882
0
LINE
8
CYAN2
6
CONTINUOUS
10
5.1064645669291338
20
-2.800472440944882
11
5.0897992125984253
21
-2.800472440944882
0
LINE
8
CYAN2
6
CONTINUOUS
10
5.0897992125984253
20
-2.800472440944882
11
5.0802755905511816
21
-2.7980944881889767
0
LINE
8
CYAN2
6
CONTINUOUS
10
5.0802755905511816
20
-2.7980944881889767
11
5.0755118110236221
21
-2.7933307086614176
0
LINE
8
CYAN2
6
CONTINUOUS
10
5.0755118110236221
20
-2.7933307086614176
11
5.0731299212598424
21
-2.7885708661417326
0
LINE
8
CYAN2
6
CONTINUOUS
10
5.0731299212598424
20
-2.7885708661417326
11
5.0731299212598424
21
-2.7790472440944884
0
LINE
8
CYAN2
6
CONTINUOUS
10
5.0731299212598424
20
-2.7790472440944884
11
5.0755118110236221
21
-2.7742834645669294
0
LINE
8
CYAN2
6
CONTINUOUS
10
5.0755118110236221
20
-2.7742834645669294
11
5.0802755905511816
21
-2.7695236220472443
0
LINE
8
CYAN2
6
CONTINUOUS
10
5.0802755905511816
20
-2.7695236220472443
11
5.0897992125984253
21
-2.7671417322834646
0
LINE
8
CYAN2
6
CONTINUOUS
10
5.0897992125984253
20
-2.7671417322834646
11
5.1064645669291338
21
-2.7671417322834646
0
LINE
8
CYAN2
6
CONTINUOUS
10
5.1064645669291338
20
-2.7671417322834646
11
5.1159881889763783
21
-2.7695236220472443
0
LINE
8
CYAN2
6
CONTINUOUS
10
5.1159881889763783
20
-2.7695236220472443
11
5.1207519685039369
21
-2.7742834645669294
0
LINE
8
CYAN2
6
CONTINUOUS
10
5.1207519685039369
20
-2.7742834645669294
11
5.1231299212598431
21
-2.7790472440944884
0
LINE
8
CYAN2
6
CONTINUOUS
10
5.1231299212598431
20
-2.7790472440944884
11
5.1231299212598431
21
-2.7885708661417326
0
LINE
8
CYAN2
6
CONTINUOUS
10
5.0778937007874019
20
-2.7480905511811025
11
5.0755118110236221
21
-2.7457125984251971
0
LINE
8
CYAN2
6
CONTINUOUS
10
5.0755118110236221
20
-2.7457125984251971
11
5.0731299212598424
21
-2.7409488188976381
0
LINE
8
CYAN2
6
CONTINUOUS
10
5.0731299212598424
20
-2.7409488188976381
11
5.0731299212598424
21
-2.7290433070866142
0
LINE
8
CYAN2
6
CONTINUOUS
10
5.0731299212598424
20
-2.7290433070866142
11
5.0755118110236221
21
-2.7242834645669292
0
LINE
8
CYAN2
6
CONTINUOUS
10
5.0755118110236221
20
-2.7242834645669292
11
5.0778937007874019
21
-2.7219015748031499
0
LINE
8
CYAN2
6
CONTINUOUS
10
5.0778937007874019
20
-2.7219015748031499
11
5.082653543307087
21
-2.7195196850393701
0
LINE
8
CYAN2
6
CONTINUOUS
10
5.082653543307087
20
-2.7195196850393701
11
5.0874173228346455
21
-2.7195196850393701
0
LINE
8
CYAN2
6
CONTINUOUS
10
5.0874173228346455
20
-2.7195196850393701
11
5.0945590551181104
21
-2.7219015748031499
0
LINE
8
CYAN2
6
CONTINUOUS
10
5.0945590551181104
20
-2.7219015748031499
11
5.1231299212598431
21
-2.7504724409448822
0
LINE
8
CYAN2
6
CONTINUOUS
10
5.1231299212598431
20
-2.7504724409448822
11
5.1231299212598431
21
-2.7195196850393701
0
LINE
8
RED3
6
CONTINUOUS
10
5.0398779527559059
20
-2.9380905511811024
11
5.0398779527559059
21
-2.9619015748031496
0
LINE
8
RED3
6
CONTINUOUS
10
5.0398779527559059
20
-2.9619015748031496
11
5.0636889763779527
21
-2.9642795275590554
0
LINE
8
RED3
6
CONTINUOUS
10
5.0636889763779527
20
-2.9642795275590554
11
5.0613070866141738
21
-2.9619015748031496
0
LINE
8
RED3
6
CONTINUOUS
10
5.0613070866141738
20
-2.9619015748031496
11
5.0589251968503941
21
-2.9571377952755906
0
LINE
8
RED3
6
CONTINUOUS
10
5.0589251968503941
20
-2.9571377952755906
11
5.0589251968503941
21
-2.9452322834645672
0
LINE
8
RED3
6
CONTINUOUS
10
5.0589251968503941
20
-2.9452322834645672
11
5.0613070866141738
21
-2.9404724409448821
0
LINE
8
RED3
6
CONTINUOUS
10
5.0613070866141738
20
-2.9404724409448821
11
5.0636889763779527
21
-2.9380905511811024
0
LINE
8
RED3
6
CONTINUOUS
10
5.0636889763779527
20
-2.9380905511811024
11
5.0684488188976378
21
-2.9357086614173231
0
LINE
8
RED3
6
CONTINUOUS
10
5.0684488188976378
20
-2.9357086614173231
11
5.080354330708662
21
-2.9357086614173231
0
LINE
8
RED3
6
CONTINUOUS
10
5.080354330708662
20
-2.9357086614173231
11
5.0851181102362206
21
-2.9380905511811024
0
LINE
8
RED3
6
CONTINUOUS
10
5.0851181102362206
20
-2.9380905511811024
11
5.0875000000000004
21
-2.9404724409448821
0
LINE
8
RED3
6
CONTINUOUS
10
5.0875000000000004
20
-2.9404724409448821
11
5.0898779527559057
21
-2.9452322834645672
0
LINE
8
RED3
6
CONTINUOUS
10
5.0898779527559057
20
-2.9452322834645672
11
5.0898779527559057
21
-2.9571377952755906
0
LINE
8
RED3
6
CONTINUOUS
10
5.0898779527559057
20
-2.9571377952755906
11
5.0875000000000004
21
-2.9619015748031496
0
LINE
8
RED3
6
CONTINUOUS
10
5.0875000000000004
20
-2.9619015748031496
11
5.0851181102362206
21
-2.9642795275590554
0
LINE
8
RED2
6
CONTINUOUS
10
5.
20
-2.8500000000000001
11
5.
21
-3.0500000000000003
0
LINE
8
CYAN2
6
CONTINUOUS
10
5.0278937007874021
20
-2.7647598425196853
11
5.0255118110236223
21
-2.7695236220472443
0
LINE
8
CYAN2
6
CONTINUOUS
10
5.0255118110236223
20
-2.7695236220472443
11
5.0207519685039372
21
-2.7742834645669294
0
LINE
8
CYAN2
6
CONTINUOUS
10
5.0207519685039372
20
-2.7742834645669294
11
5.0136062992125989
21
-2.7814251968503938
0
LINE
8
CYAN2
6
CONTINUOUS
10
5.0136062992125989
20
-2.7814251968503938
11
5.0112244094488192
21
-2.7861889763779528
0
LINE
8
CYAN2
6
CONTINUOUS
10
5.0112244094488192
20
-2.7861889763779528
11
5.0112244094488192
21
-2.7909488188976379
0
LINE
8
CYAN2
6
CONTINUOUS
10
5.0231299212598426
20
-2.7885708661417326
11
5.0207519685039372
21
-2.7933307086614176
0
LINE
8
CYAN2
6
CONTINUOUS
10
5.0207519685039372
20
-2.7933307086614176
11
5.0159881889763778
21
-2.7980944881889767
0
LINE
8
CYAN2
6
CONTINUOUS
10
5.0159881889763778
20
-2.7980944881889767
11
5.0064645669291341
21
-2.800472440944882
0
LINE
8
CYAN2
6
CONTINUOUS
10
5.0064645669291341
20
-2.800472440944882
11
4.9897992125984256
21
-2.800472440944882
0
LINE
8
CYAN2
6
CONTINUOUS
10
4.9897992125984256
20
-2.800472440944882
11
4.9802755905511811
21
-2.7980944881889767
0
LINE
8
CYAN2
6
CONTINUOUS
10
4.9802755905511811
20
-2.7980944881889767
11
4.9755118110236225
21
-2.7933307086614176
0
LINE
8
CYAN2
6
CONTINUOUS
10
4.9755118110236225
20
-2.7933307086614176
11
4.9731299212598428
21
-2.7885708661417326
0
LINE
8
CYAN2
6
CONTINUOUS
10
4.9731299212598428
20
-2.7885708661417326
11
4.9731299212598428
21
-2.7790472440944884
0
LINE
8
CYAN2
6
CONTINUOUS
10
4.9731299212598428
20
-2.7790472440944884
11
4.9755118110236225
21
-2.7742834645669294
0
LINE
8
CYAN2
6
CONTINUOUS
10
4.9755118110236225
20
-2.7742834645669294
11
4.9802755905511811
21
-2.7695236220472443
0
LINE
8
CYAN2
6
CONTINUOUS
10
4.9802755905511811
20
-2.7695236220472443
11
4.9897992125984256
21
-2.7671417322834646
0
LINE
8
CYAN2
6
CONTINUOUS
10
4.9897992125984256
20
-2.7671417322834646
11
5.0064645669291341
21
-2.7671417322834646
0
LINE
8
CYAN2
6
CONTINUOUS
10
5.0064645669291341
20
-2.7671417322834646
11
5.0159881889763778
21
-2.7695236220472443
0
LINE
8
CYAN2
6
CONTINUOUS
10
5.0159881889763778
20
-2.7695236220472443
11
5.0207519685039372
21
-2.7742834645669294
0
LINE
8
CYAN2
6
CONTINUOUS
10
5.0207519685039372
20
-2.7742834645669294
11
5.0231299212598426
21
-2.7790472440944884
0
LINE
8
CYAN2
6
CONTINUOUS
10
5.0231299212598426
20
-2.7790472440944884
11
5.0231299212598426
21
-2.7885708661417326
0
LINE
8
CYAN2
6
CONTINUOUS
10
4.9731299212598428
20
-2.7504724409448822
11
4.9731299212598428
21
-2.7195196850393701
0
LINE
8
CYAN2
6
CONTINUOUS
10
4.9731299212598428
20
-2.7195196850393701
11
4.992177165354331
21
-2.736188976377953
0
LINE
8
CYAN2
6
CONTINUOUS
10
4.992177165354331
20
-2.736188976377953
11
4.992177165354331
21
-2.7290433070866142
0
LINE
8
CYAN2
6
CONTINUOUS
10
4.992177165354331
20
-2.7290433070866142
11
4.9945590551181107
21
-2.7242834645669292
0
LINE
8
CYAN2
6
CONTINUOUS
10
4.9945590551181107
20
-2.7242834645669292
11
4.9969409448818896
21
-2.7219015748031499
0
LINE
8
CYAN2
6
CONTINUOUS
10
4.9969409448818896
20
-2.7219015748031499
11
5.0017007874015746
21
-2.7195196850393701
0
LINE
8
CYAN2
6
CONTINUOUS
10
5.0017007874015746
20
-2.7195196850393701
11
5.0136062992125989
21
-2.7195196850393701
0
LINE
8
CYAN2
6
CONTINUOUS
10
5.0136062992125989
20
-2.7195196850393701
11
5.0183700787401575
21
-2.7219015748031499
0
LINE
8
CYAN2
6
CONTINUOUS
10
5.0183700787401575
20
-2.7219015748031499
11
5.0207519685039372
21
-2.7242834645669292
0
LINE
8
CYAN2
6
CONTINUOUS
10
5.0207519685039372
20
-2.7242834645669292
11
5.0231299212598426
21
-2.7290433070866142
0
LINE
8
CYAN2
6
CONTINUOUS
10
5.0231299212598426
20
-2.7290433070866142
11
5.0231299212598426
21
-2.7433307086614174
0
LINE
8
CYAN2
6
CONTINUOUS
10
5.0231299212598426
20
-2.7433307086614174
11
5.0207519685039372
21
-2.7480905511811025
0
LINE
8
CYAN2
6
CONTINUOUS
10
5.0207519685039372
20
-2.7480905511811025
11
5.0183700787401575
21
-2.7504724409448822
0
LINE
8
RED3
6
CONTINUOUS
10
4.9398779527559054
20
-2.9404724409448821
11
4.9398779527559054
21
-2.9499960629921262
0
LINE
8
RED3
6
CONTINUOUS
10
4.9398779527559054
20
-2.9499960629921262
11
4.9422598425196851
21
-2.9547559055118113
0
LINE
8
RED3
6
CONTINUOUS
10
4.9422598425196851
20
-2.9547559055118113
11
4.9446417322834648
21
-2.9571377952755906
0
LINE
8
RED3
6
CONTINUOUS
10
4.9446417322834648
20
-2.9571377952755906
11
4.9517834645669296
21
-2.9619015748031496
0
LINE
8
RED3
6
CONTINUOUS
10
4.9517834645669296
20
-2.9619015748031496
11
4.9613070866141733
21
-2.9642795275590554
0
LINE
8
RED3
6
CONTINUOUS
10
4.9613070866141733
20
-2.9642795275590554
11
4.9803543307086615
21
-2.9642795275590554
0
LINE
8
RED3
6
CONTINUOUS
10
4.9803543307086615
20
-2.9642795275590554
11
4.985118110236221
21
-2.9619015748031496
0
LINE
8
RED3
6
CONTINUOUS
10
4.985118110236221
20
-2.9619015748031496
11
4.9874999999999998
21
-2.9595196850393704
0
LINE
8
RED3
6
CONTINUOUS
10
4.9874999999999998
20
-2.9595196850393704
11
4.9898779527559061
21
-2.9547559055118113
0
LINE
8
RED3
6
CONTINUOUS
10
4.9898779527559061
20
-2.9547559055118113
11
4.9898779527559061
21
-2.9452322834645672
0
LINE
8
RED3
6
CONTINUOUS
10
4.9898779527559061
20
-2.9452322834645672
11
4.9874999999999998
21
-2.9404724409448821
0
LINE
8
RED3
6
CONTINUOUS
10
4.9874999999999998
20
-2.9404724409448821
11
4.985118110236221
21
-2.9380905511811024
0
LINE
8
RED3
6
CONTINUOUS
10
4.985118110236221
20
-2.9380905511811024
11
4.9803543307086615
21
-2.9357086614173231
0
LINE
8
RED3
6
CONTINUOUS
10
4.9803543307086615
20
-2.9357086614173231
11
4.9684488188976381
21
-2.9357086614173231
0
LINE
8
RED3
6
CONTINUOUS
10
4.9684488188976381
20
-2.9357086614173231
11
4.963688976377953
21
-2.9380905511811024
0
LINE
8
RED3
6
CONTINUOUS
10
4.963688976377953
20
-2.9380905511811024
11
4.9613070866141733
21
-2.9404724409448821
0
LINE
8
RED3
6
CONTINUOUS
10
4.9613070866141733
20
-2.9404724409448821
11
4.9589251968503936
21
-2.9452322834645672
0
LINE
8
RED3
6
CONTINUOUS
10
4.9589251968503936
20
-2.9452322834645672
11
4.9589251968503936
21
-2.9547559055118113
0
LINE
8
RED3
6
CONTINUOUS
10
4.9589251968503936
20
-2.9547559055118113
11
4.9613070866141733
21
-2.9595196850393704
0
LINE
8
RED3
6
CONTINUOUS
10
4.9613070866141733
20
-2.9595196850393704
11
4.963688976377953
21
-2.9619015748031496
0
LINE
8
RED3
6
CONTINUOUS
10
4.963688976377953
20
-2.9619015748031496
11
4.9684488188976381
21
-2.9642795275590554
0
LINE
8
CYAN2
6
CONTINUOUS
10
5.4080944881889765
20
-2.3828031496062994
11
5.4080944881889765
21
-2.4232795275590551
0
LINE
8
CYAN2
6
CONTINUOUS
10
5.4080944881889765
20
-2.4232795275590551
11
5.4104763779527563
21
-2.4280433070866141
0
LINE
8
CYAN2
6
CONTINUOUS
10
5.4104763779527563
20
-2.4280433070866141
11
5.412858267716536
21
-2.4304251968503938
0
LINE
8
CYAN2
6
CONTINUOUS
10
5.412858267716536
20
-2.4304251968503938
11
5.4176181102362211
21
-2.4328031496062992
0
LINE
8
CYAN2
6
CONTINUOUS
10
5.4176181102362211
20
-2.4328031496062992
11
5.4271417322834647
21
-2.4328031496062992
0
LINE
8
CYAN2
6
CONTINUOUS
10
5.4271417322834647
20
-2.4328031496062992
11
5.4319055118110242
21
-2.4304251968503938
0
LINE
8
CYAN2
6
CONTINUOUS
10
5.4319055118110242
20
-2.4304251968503938
11
5.4342874015748031
21
-2.4280433070866141
0
LINE
8
CYAN2
6
CONTINUOUS
10
5.4342874015748031
20
-2.4280433070866141
11
5.4366653543307093
21
-2.4232795275590551
0
LINE
8
CYAN2
6
CONTINUOUS
10
5.4366653543307093
20
-2.4232795275590551
11
5.4366653543307093
21
-2.3828031496062994
0
LINE
8
CYAN2
6
CONTINUOUS
10
5.4580984251968507
20
-2.3875669291338584
11
5.4604763779527561
21
-2.3851850393700786
0
LINE
8
CYAN2
6
CONTINUOUS
10
5.4604763779527561
20
-2.3851850393700786
11
5.4652401574803156
21
-2.3828031496062994
0
LINE
8
CYAN2
6
CONTINUOUS
10
5.4652401574803156
20
-2.3828031496062994
11
5.4771456692913389
21
-2.3828031496062994
0
LINE
8
CYAN2
6
CONTINUOUS
10
5.4771456692913389
20
-2.3828031496062994
11
5.481905511811024
21
-2.3851850393700786
0
LINE
8
CYAN2
6
CONTINUOUS
10
5.481905511811024
20
-2.3851850393700786
11
5.4842874015748038
21
-2.3875669291338584
0
LINE
8
CYAN2
6
CONTINUOUS
10
5.4842874015748038
20
-2.3875669291338584
11
5.4866692913385826
21
-2.3923267716535435
0
LINE
8
CYAN2
6
CONTINUOUS
10
5.4866692913385826
20
-2.3923267716535435
11
5.4866692913385826
21
-2.3970905511811025
0
LINE
8
CYAN2
6
CONTINUOUS
10
5.4866692913385826
20
-2.3970905511811025
11
5.4842874015748038
21
-2.4042322834645669
0
LINE
8
CYAN2
6
CONTINUOUS
10
5.4842874015748038
20
-2.4042322834645669
11
5.455716535433071
21
-2.4328031496062992
0
LINE
8
CYAN2
6
CONTINUOUS
10
5.455716535433071
20
-2.4328031496062992
11
5.4866692913385826
21
-2.4328031496062992
0
LINE
8
CYAN2
6
CONTINUOUS
10
5.5319055118110239
20
-2.3828031496062994
11
5.5080944881889762
21
-2.3828031496062994
0
LINE
8
CYAN2
6
CONTINUOUS
10
5.5080944881889762
20
-2.3828031496062994
11
5.5057165354330708
21
-2.4066141732283466
0
LINE
8
CYAN2
6
CONTINUOUS
10
5.5057165354330708
20
-2.4066141732283466
11
5.5080944881889762
21
-2.4042322834645669
0
LINE
8
CYAN2
6
CONTINUOUS
10
5.5080944881889762
20
-2.4042322834645669
11
5.5128582677165356
21
-2.4018503937007876
0
LINE
8
CYAN2
6
CONTINUOUS
10
5.5128582677165356
20
-2.4018503937007876
11
5.524763779527559
21
-2.4018503937007876
0
LINE
8
CYAN2
6
CONTINUOUS
10
5.524763779527559
20
-2.4018503937007876
11
5.5295236220472441
21
-2.4042322834645669
0
LINE
8
CYAN2
6
CONTINUOUS
10
5.5295236220472441
20
-2.4042322834645669
11
5.5319055118110239
21
-2.4066141732283466
0
LINE
8
CYAN2
6
CONTINUOUS
10
5.5319055118110239
20
-2.4066141732283466
11
5.5342874015748036
21
-2.4113740157480317
0
LINE
8
CYAN2
6
CONTINUOUS
10
5.5342874015748036
20
-2.4113740157480317
11
5.5342874015748036
21
-2.4232795275590551
0
LINE
8
CYAN2
6
CONTINUOUS
10
5.5342874015748036
20
-2.4232795275590551
11
5.5319055118110239
21
-2.4280433070866141
0
LINE
8
CYAN2
6
CONTINUOUS
10
5.5319055118110239
20
-2.4280433070866141
11
5.5295236220472441
21
-2.4304251968503938
0
LINE
8
CYAN2
6
CONTINUOUS
10
5.5295236220472441
20
-2.4304251968503938
11
5.524763779527559
21
-2.4328031496062992
0
LINE
8
CYAN2
6
CONTINUOUS
10
5.524763779527559
20
-2.4328031496062992
11
5.5128582677165356
21
-2.4328031496062992
0
LINE
8
CYAN2
6
CONTINUOUS
10
5.5128582677165356
20
-2.4328031496062992
11
5.5080944881889762
21
-2.4304251968503938
0
LINE
8
CYAN2
6
CONTINUOUS
10
5.5080944881889762
20
-2.4304251968503938
11
5.5057165354330708
21
-2.4280433070866141
0
LINE
8
CYAN2
6
CONTINUOUS
10
4.4878582677165353
20
-2.5928031496062993
11
4.5211889763779531
21
-2.5928031496062993
0
LINE
8
CYAN2
6
CONTINUOUS
10
4.5211889763779531
20
-2.5928031496062993
11
4.4997637795275596
21
-2.6428031496062991
0
LINE
8
CYAN2
6
CONTINUOUS
10
4.5616653543307084
20
-2.6094724409448822
11
4.5616653543307084
21
-2.6428031496062991
0
LINE
8
CYAN2
6
CONTINUOUS
10
4.549759842519685
20
-2.590425196850394
11
4.537858267716536
21
-2.6261377952755907
0
LINE
8
CYAN2
6
CONTINUOUS
10
4.537858267716536
20
-2.6261377952755907
11
4.5688070866141732
21
-2.6261377952755907
0
LINE
8
CYAN2
6
CONTINUOUS
10
4.5878543307086614
20
-2.6428031496062991
11
4.5878543307086614
21
-2.5928031496062993
0
LINE
8
CYAN2
6
CONTINUOUS
10
4.5878543307086614
20
-2.6166141732283466
11
4.6164251968503942
21
-2.6166141732283466
0
LINE
8
CYAN2
6
CONTINUOUS
10
4.6164251968503942
20
-2.6428031496062991
11
4.6164251968503942
21
-2.5928031496062993
0
LINE
8
CYAN2
6
CONTINUOUS
10
4.6688070866141738
20
-2.6380433070866141
11
4.6664291338582675
21
-2.6404251968503938
0
LINE
8
CYAN2
6
CONTINUOUS
10
4.6664291338582675
20
-2.6404251968503938
11
4.6592834645669292
21
-2.6428031496062991
0
LINE
8
CYAN2
6
CONTINUOUS
10
4.6592834645669292
20
-2.6428031496062991
11
4.6545236220472441
21
-2.6428031496062991
0
LINE
8
CYAN2
6
CONTINUOUS
10
4.6545236220472441
20
-2.6428031496062991
11
4.6473818897637793
21
-2.6404251968503938
0
LINE
8
CYAN2
6
CONTINUOUS
10
4.6473818897637793
20
-2.6404251968503938
11
4.6426181102362207
21
-2.6356614173228348
0
LINE
8
CYAN2
6
CONTINUOUS
10
4.6426181102362207
20
-2.6356614173228348
11
4.640236220472441
21
-2.6308976377952757
0
LINE
8
CYAN2
6
CONTINUOUS
10
4.640236220472441
20
-2.6308976377952757
11
4.6378582677165356
21
-2.6213740157480316
0
LINE
8
CYAN2
6
CONTINUOUS
10
4.6378582677165356
20
-2.6213740157480316
11
4.6378582677165356
21
-2.6142322834645668
0
LINE
8
CYAN2
6
CONTINUOUS
10
4.6378582677165356
20
-2.6142322834645668
11
4.640236220472441
21
-2.6047086614173227
0
LINE
8
CYAN2
6
CONTINUOUS
10
4.640236220472441
20
-2.6047086614173227
11
4.6426181102362207
21
-2.5999488188976381
0
LINE
8
CYAN2
6
CONTINUOUS
10
4.6426181102362207
20
-2.5999488188976381
11
4.6473818897637793
21
-2.595185039370079
0
LINE
8
CYAN2
6
CONTINUOUS
10
4.6473818897637793
20
-2.595185039370079
11
4.6545236220472441
21
-2.5928031496062993
0
LINE
8
CYAN2
6
CONTINUOUS
10
4.6545236220472441
20
-2.5928031496062993
11
4.6592834645669292
21
-2.5928031496062993
0
LINE
8
CYAN2
6
CONTINUOUS
10
4.6592834645669292
20
-2.5928031496062993
11
4.6664291338582675
21
-2.595185039370079
0
LINE
8
CYAN2
6
CONTINUOUS
10
4.6664291338582675
20
-2.595185039370079
11
4.6688070866141738
21
-2.5975669291338583
0
LINE
8
CYAN2
6
CONTINUOUS
10
4.6830944881889769
20
-2.5928031496062993
11
4.7116653543307088
21
-2.5928031496062993
0
LINE
8
CYAN2
6
CONTINUOUS
10
4.69738188976378
20
-2.6428031496062991
11
4.69738188976378
21
-2.5928031496062993
0
LINE
8
CYAN2
6
CONTINUOUS
10
4.7545236220472447
20
-2.6428031496062991
11
4.7259527559055119
21
-2.6428031496062991
0
LINE
8
CYAN2
6
CONTINUOUS
10
4.7402362204724415
20
-2.6428031496062991
11
4.7402362204724415
21
-2.5928031496062993
0
LINE
8
CYAN2
6
CONTINUOUS
10
4.7402362204724415
20
-2.5928031496062993
11
4.7354763779527564
21
-2.5999488188976381
0
LINE
8
CYAN2
6
CONTINUOUS
10
4.7354763779527564
20
-2.5999488188976381
11
4.730712598425197
21
-2.6047086614173227
0
LINE
8
CYAN2
6
CONTINUOUS
10
4.730712598425197
20
-2.6047086614173227
11
4.7259527559055119
21
-2.6070905511811024
0
LINE
8
CYAN2
6
CONTINUOUS
10
4.7711889763779531
20
-2.5928031496062993
11
4.8045196850393701
21
-2.5928031496062993
0
LINE
8
CYAN2
6
CONTINUOUS
10
4.8045196850393701
20
-2.5928031496062993
11
4.7830944881889765
21
-2.6428031496062991
0
LINE
8
CYAN2
6
CONTINUOUS
10
4.8188070866141732
20
-2.5928031496062993
11
4.8497598425196848
21
-2.5928031496062993
0
LINE
8
CYAN2
6
CONTINUOUS
10
4.8497598425196848
20
-2.5928031496062993
11
4.8330905511811029
21
-2.6118503937007875
0
LINE
8
CYAN2
6
CONTINUOUS
10
4.8330905511811029
20
-2.6118503937007875
11
4.8402362204724412
21
-2.6118503937007875
0
LINE
8
CYAN2
6
CONTINUOUS
10
4.8402362204724412
20
-2.6118503937007875
11
4.8449960629921263
21
-2.6142322834645668
0
LINE
8
CYAN2
6
CONTINUOUS
10
4.8449960629921263
20
-2.6142322834645668
11
4.847377952755906
21
-2.6166141732283466
0
LINE
8
CYAN2
6
CONTINUOUS
10
4.847377952755906
20
-2.6166141732283466
11
4.8497598425196848
21
-2.6213740157480316
0
LINE
8
CYAN2
6
CONTINUOUS
10
4.8497598425196848
20
-2.6213740157480316
11
4.8497598425196848
21
-2.633279527559055
0
LINE
8
CYAN2
6
CONTINUOUS
10
4.8497598425196848
20
-2.633279527559055
11
4.847377952755906
21
-2.6380433070866141
0
LINE
8
CYAN2
6
CONTINUOUS
10
4.847377952755906
20
-2.6380433070866141
11
4.8449960629921263
21
-2.6404251968503938
0
LINE
8
CYAN2
6
CONTINUOUS
10
4.8449960629921263
20
-2.6404251968503938
11
4.8402362204724412
21
-2.6428031496062991
0
LINE
8
CYAN2
6
CONTINUOUS
10
4.8402362204724412
20
-2.6428031496062991
11
4.825948818897638
21
-2.6428031496062991
0
LINE
8
CYAN2
6
CONTINUOUS
10
4.825948818897638
20
-2.6428031496062991
11
4.821188976377953
21
-2.6404251968503938
0
LINE
8
CYAN2
6
CONTINUOUS
10
4.821188976377953
20
-2.6404251968503938
11
4.8188070866141732
21
-2.6380433070866141
0
LINE
8
RED2
6
CONTINUOUS
10
3.7600000000000002
20
-3.5
11
3.7600000000000002
21
-3.3000000000000003
0
LINE
8
RED2
6
CONTINUOUS
10
3.7600000000000002
20
-3.3000000000000003
11
3.8400000000000003
21
-3.3000000000000003
0
LINE
8
RED2
6
CONTINUOUS
10
3.8400000000000003
20
-3.3000000000000003
11
3.8400000000000003
21
-3.5
0
LINE
8
RED2
6
CONTINUOUS
10
3.8400000000000003
20
-3.5
11
3.7600000000000002
21
-3.5
0
LINE
8
RED2
6
CONTINUOUS
10
3.8000000000000003
20
-3.3000000000000003
11
3.8000000000000003
21
-3.25
0
LINE
8
RED2
6
CONTINUOUS
10
3.8000000000000003
20
-3.5
11
3.8000000000000003
21
-3.5500000000000003
0
LINE
8
CYAN2
6
CONTINUOUS
10
3.9448503937007877
20
-3.3727992125984252
11
3.9281850393700788
21
-3.3489921259842519
0
LINE
8
CYAN2
6
CONTINUOUS
10
3.9162795275590554
20
-3.3727992125984252
11
3.9162795275590554
21
-3.3227992125984254
0
LINE
8
CYAN2
6
CONTINUOUS
10
3.9162795275590554
20
-3.3227992125984254
11
3.9353267716535436
21
-3.3227992125984254
0
LINE
8
CYAN2
6
CONTINUOUS
10
3.9353267716535436
20
-3.3227992125984254
11
3.9400905511811026
21
-3.3251811023622047
0
LINE
8
CYAN2
6
CONTINUOUS
10
3.9400905511811026
20
-3.3251811023622047
11
3.9424724409448819
21
-3.3275629921259844
0
LINE
8
CYAN2
6
CONTINUOUS
10
3.9424724409448819
20
-3.3275629921259844
11
3.9448503937007877
21
-3.3323228346456695
0
LINE
8
CYAN2
6
CONTINUOUS
10
3.9448503937007877
20
-3.3323228346456695
11
3.9448503937007877
21
-3.3394685039370078
0
LINE
8
CYAN2
6
CONTINUOUS
10
3.9448503937007877
20
-3.3394685039370078
11
3.9424724409448819
21
-3.3442283464566929
0
LINE
8
CYAN2
6
CONTINUOUS
10
3.9424724409448819
20
-3.3442283464566929
11
3.9400905511811026
21
-3.3466102362204726
0
LINE
8
CYAN2
6
CONTINUOUS
10
3.9400905511811026
20
-3.3466102362204726
11
3.9353267716535436
21
-3.3489921259842519
0
LINE
8
CYAN2
6
CONTINUOUS
10
3.9353267716535436
20
-3.3489921259842519
11
3.9162795275590554
21
-3.3489921259842519
0
LINE
8
CYAN2
6
CONTINUOUS
10
3.9900905511811025
20
-3.3227992125984254
11
3.9662795275590552
21
-3.3227992125984254
0
LINE
8
CYAN2
6
CONTINUOUS
10
3.9662795275590552
20
-3.3227992125984254
11
3.9639015748031499
21
-3.3466102362204726
0
LINE
8
CYAN2
6
CONTINUOUS
10
3.9639015748031499
20
-3.3466102362204726
11
3.9662795275590552
21
-3.3442283464566929
0
LINE
8
CYAN2
6
CONTINUOUS
10
3.9662795275590552
20
-3.3442283464566929
11
3.9710433070866142
21
-3.3418464566929136
0
LINE
8
CYAN2
6
CONTINUOUS
10
3.9710433070866142
20
-3.3418464566929136
11
3.9829488188976381
21
-3.3418464566929136
0
LINE
8
CYAN2
6
CONTINUOUS
10
3.9829488188976381
20
-3.3418464566929136
11
3.9877086614173232
21
-3.3442283464566929
0
LINE
8
CYAN2
6
CONTINUOUS
10
3.9877086614173232
20
-3.3442283464566929
11
3.9900905511811025
21
-3.3466102362204726
0
LINE
8
CYAN2
6
CONTINUOUS
10
3.9900905511811025
20
-3.3466102362204726
11
3.9924724409448822
21
-3.3513700787401577
0
LINE
8
CYAN2
6
CONTINUOUS
10
3.9924724409448822
20
-3.3513700787401577
11
3.9924724409448822
21
-3.3632755905511811
0
LINE
8
CYAN2
6
CONTINUOUS
10
3.9924724409448822
20
-3.3632755905511811
11
3.9900905511811025
21
-3.3680393700787401
0
LINE
8
CYAN2
6
CONTINUOUS
10
3.9900905511811025
20
-3.3680393700787401
11
3.9877086614173232
21
-3.3704212598425198
0
LINE
8
CYAN2
6
CONTINUOUS
10
3.9877086614173232
20
-3.3704212598425198
11
3.9829488188976381
21
-3.3727992125984252
0
LINE
8
CYAN2
6
CONTINUOUS
10
3.9829488188976381
20
-3.3727992125984252
11
3.9710433070866142
21
-3.3727992125984252
0
LINE
8
CYAN2
6
CONTINUOUS
10
3.9710433070866142
20
-3.3727992125984252
11
3.9662795275590552
21
-3.3704212598425198
0
LINE
8
CYAN2
6
CONTINUOUS
10
3.9662795275590552
20
-3.3704212598425198
11
3.9639015748031499
21
-3.3680393700787401
0
LINE
8
CYAN2
6
CONTINUOUS
10
4.037708661417323
20
-3.3227992125984254
11
4.0138976377952753
21
-3.3227992125984254
0
LINE
8
CYAN2
6
CONTINUOUS
10
4.0138976377952753
20
-3.3227992125984254
11
4.01151968503937
21
-3.3466102362204726
0
LINE
8
CYAN2
6
CONTINUOUS
10
4.01151968503937
20
-3.3466102362204726
11
4.0138976377952753
21
-3.3442283464566929
0
LINE
8
CYAN2
6
CONTINUOUS
10
4.0138976377952753
20
-3.3442283464566929
11
4.0186614173228348
21
-3.3418464566929136
0
LINE
8
CYAN2
6
CONTINUOUS
10
4.0186614173228348
20
-3.3418464566929136
11
4.0305669291338582
21
-3.3418464566929136
0
LINE
8
CYAN2
6
CONTINUOUS
10
4.0305669291338582
20
-3.3418464566929136
11
4.0353267716535433
21
-3.3442283464566929
0
LINE
8
CYAN2
6
CONTINUOUS
10
4.0353267716535433
20
-3.3442283464566929
11
4.037708661417323
21
-3.3466102362204726
0
LINE
8
CYAN2
6
CONTINUOUS
10
4.037708661417323
20
-3.3466102362204726
11
4.0400905511811027
21
-3.3513700787401577
0
LINE
8
CYAN2
6
CONTINUOUS
10
4.0400905511811027
20
-3.3513700787401577
11
4.0400905511811027
21
-3.3632755905511811
0
LINE
8
CYAN2
6
CONTINUOUS
10
4.0400905511811027
20
-3.3632755905511811
11
4.037708661417323
21
-3.3680393700787401
0
LINE
8
CYAN2
6
CONTINUOUS
10
4.037708661417323
20
-3.3680393700787401
11
4.0353267716535433
21
-3.3704212598425198
0
LINE
8
CYAN2
6
CONTINUOUS
10
4.0353267716535433
20
-3.3704212598425198
11
4.0305669291338582
21
-3.3727992125984252
0
LINE
8
CYAN2
6
CONTINUOUS
10
4.0305669291338582
20
-3.3727992125984252
11
4.0186614173228348
21
-3.3727992125984252
0
LINE
8
CYAN2
6
CONTINUOUS
10
4.0186614173228348
20
-3.3727992125984252
11
4.0138976377952753
21
-3.3704212598425198
0
LINE
8
CYAN2
6
CONTINUOUS
10
4.0138976377952753
20
-3.3704212598425198
11
4.01151968503937
21
-3.3680393700787401
0
LINE
8
CYAN2
6
CONTINUOUS
10
3.9424724409448819
20
-3.4727992125984253
11
3.9139015748031496
21
-3.4727992125984253
0
LINE
8
CYAN2
6
CONTINUOUS
10
3.9281850393700788
20
-3.4727992125984253
11
3.9281850393700788
21
-3.4227992125984255
0
LINE
8
CYAN2
6
CONTINUOUS
10
3.9281850393700788
20
-3.4227992125984255
11
3.9234251968503937
21
-3.4299448818897638
0
LINE
8
CYAN2
6
CONTINUOUS
10
3.9234251968503937
20
-3.4299448818897638
11
3.9186614173228347
21
-3.4347047244094489
0
LINE
8
CYAN2
6
CONTINUOUS
10
3.9186614173228347
20
-3.4347047244094489
11
3.9139015748031496
21
-3.4370866141732286
0
LINE
8
CYAN2
6
CONTINUOUS
10
3.9638976377952759
20
-3.4727992125984253
11
3.9638976377952759
21
-3.4227992125984255
0
LINE
8
CYAN2
6
CONTINUOUS
10
3.9924685039370078
20
-3.4727992125984253
11
3.9710433070866142
21
-3.444228346456693
0
LINE
8
CYAN2
6
CONTINUOUS
10
3.9924685039370078
20
-3.4227992125984255
11
3.9638976377952759
21
-3.4513700787401578
0
LINE
8
RED2
6
CONTINUOUS
10
5.8700000000000001
20
-2.4500000000000002
11
5.9000000000000004
21
-2.3999999999999999
0
LINE
8
RED2
6
CONTINUOUS
10
5.9000000000000004
20
-2.3999999999999999
11
5.9300000000000006
21
-2.4500000000000002
0
LINE
8
RED2
6
CONTINUOUS
10
5.9000000000000004
20
-2.5
11
5.9000000000000004
21
-2.3999999999999999
0
LINE
8
CYAN2
6
CONTINUOUS
10
5.8333307086614177
20
-2.2728031496062995
11
5.8499960629921262
21
-2.3228031496062993
0
LINE
8
CYAN2
6
CONTINUOUS
10
5.8499960629921262
20
-2.3228031496062993
11
5.866665354330709
21
-2.2728031496062995
0
LINE
8
CYAN2
6
CONTINUOUS
10
5.9119015748031503
20
-2.3180433070866142
11
5.909523622047244
21
-2.3204251968503939
0
LINE
8
CYAN2
6
CONTINUOUS
10
5.909523622047244
20
-2.3204251968503939
11
5.9023779527559057
21
-2.3228031496062993
0
LINE
8
CYAN2
6
CONTINUOUS
10
5.9023779527559057
20
-2.3228031496062993
11
5.8976181102362206
21
-2.3228031496062993
0
LINE
8
CYAN2
6
CONTINUOUS
10
5.8976181102362206
20
-2.3228031496062993
11
5.8904763779527558
21
-2.3204251968503939
0
LINE
8
CYAN2
6
CONTINUOUS
10
5.8904763779527558
20
-2.3204251968503939
11
5.8857125984251972
21
-2.3156614173228349
0
LINE
8
CYAN2
6
CONTINUOUS
10
5.8857125984251972
20
-2.3156614173228349
11
5.8833307086614175
21
-2.3108976377952755
0
LINE
8
CYAN2
6
CONTINUOUS
10
5.8833307086614175
20
-2.3108976377952755
11
5.8809527559055121
21
-2.3013740157480318
0
LINE
8
CYAN2
6
CONTINUOUS
10
5.8809527559055121
20
-2.3013740157480318
11
5.8809527559055121
21
-2.294232283464567
0
LINE
8
CYAN2
6
CONTINUOUS
10
5.8809527559055121
20
-2.294232283464567
11
5.8833307086614175
21
-2.2847086614173229
0
LINE
8
CYAN2
6
CONTINUOUS
10
5.8833307086614175
20
-2.2847086614173229
11
5.8857125984251972
21
-2.2799488188976378
0
LINE
8
CYAN2
6
CONTINUOUS
10
5.8857125984251972
20
-2.2799488188976378
11
5.8904763779527558
21
-2.2751850393700788
0
LINE
8
CYAN2
6
CONTINUOUS
10
5.8904763779527558
20
-2.2751850393700788
11
5.8976181102362206
21
-2.2728031496062995
0
LINE
8
CYAN2
6
CONTINUOUS
10
5.8976181102362206
20
-2.2728031496062995
11
5.9023779527559057
21
-2.2728031496062995
0
LINE
8
CYAN2
6
CONTINUOUS
10
5.9023779527559057
20
-2.2728031496062995
11
5.909523622047244
21
-2.2751850393700788
0
LINE
8
CYAN2
6
CONTINUOUS
10
5.909523622047244
20
-2.2751850393700788
11
5.9119015748031503
21
-2.2775669291338585
0
LINE
8
CYAN2
6
CONTINUOUS
10
5.9619015748031501
20
-2.3180433070866142
11
5.9595236220472447
21
-2.3204251968503939
0
LINE
8
CYAN2
6
CONTINUOUS
10
5.9595236220472447
20
-2.3204251968503939
11
5.9523779527559055
21
-2.3228031496062993
0
LINE
8
CYAN2
6
CONTINUOUS
10
5.9523779527559055
20
-2.3228031496062993
11
5.9476181102362204
21
-2.3228031496062993
0
LINE
8
CYAN2
6
CONTINUOUS
10
5.9476181102362204
20
-2.3228031496062993
11
5.9404763779527565
21
-2.3204251968503939
0
LINE
8
CYAN2
6
CONTINUOUS
10
5.9404763779527565
20
-2.3204251968503939
11
5.9357125984251971
21
-2.3156614173228349
0
LINE
8
CYAN2
6
CONTINUOUS
10
5.9357125984251971
20
-2.3156614173228349
11
5.9333307086614173
21
-2.3108976377952755
0
LINE
8
CYAN2
6
CONTINUOUS
10
5.9333307086614173
20
-2.3108976377952755
11
5.930952755905512
21
-2.3013740157480318
0
LINE
8
CYAN2
6
CONTINUOUS
10
5.930952755905512
20
-2.3013740157480318
11
5.930952755905512
21
-2.294232283464567
0
LINE
8
CYAN2
6
CONTINUOUS
10
5.930952755905512
20
-2.294232283464567
11
5.9333307086614173
21
-2.2847086614173229
0
LINE
8
CYAN2
6
CONTINUOUS
10
5.9333307086614173
20
-2.2847086614173229
11
5.9357125984251971
21
-2.2799488188976378
0
LINE
8
CYAN2
6
CONTINUOUS
10
5.9357125984251971
20
-2.2799488188976378
11
5.9404763779527565
21
-2.2751850393700788
0
LINE
8
CYAN2
6
CONTINUOUS
10
5.9404763779527565
20
-2.2751850393700788
11
5.9476181102362204
21
-2.2728031496062995
0
LINE
8
CYAN2
6
CONTINUOUS
10
5.9476181102362204
20
-2.2728031496062995
11
5.9523779527559055
21
-2.2728031496062995
0
LINE
8
CYAN2
6
CONTINUOUS
10
5.9523779527559055
20
-2.2728031496062995
11
5.9595236220472447
21
-2.2751850393700788
0
LINE
8
CYAN2
6
CONTINUOUS
10
5.9595236220472447
20
-2.2751850393700788
11
5.9619015748031501
21
-2.2775669291338585
0
LINE
8
RED2
6
CONTINUOUS
10
3.5700000000000003
20
-3.1499999999999999
11
3.6000000000000001
21
-3.1000000000000001
0
LINE
8
RED2
6
CONTINUOUS
10
3.6000000000000001
20
-3.1000000000000001
11
3.6300000000000003
21
-3.1499999999999999
0
LINE
8
RED2
6
CONTINUOUS
10
3.6000000000000001
20
-3.2000000000000002
11
3.6000000000000001
21
-3.1000000000000001
0
LINE
8
CYAN2
6
CONTINUOUS
10
3.5333307086614174
20
-2.9728031496062992
11
3.5499960629921263
21
-3.0228031496062995
0
LINE
8
CYAN2
6
CONTINUOUS
10
3.5499960629921263
20
-3.0228031496062995
11
3.5666653543307087
21
-2.9728031496062992
0
LINE
8
CYAN2
6
CONTINUOUS
10
3.6119015748031496
20
-3.0180433070866144
11
3.6095236220472442
21
-3.0204251968503937
0
LINE
8
CYAN2
6
CONTINUOUS
10
3.6095236220472442
20
-3.0204251968503937
11
3.6023779527559054
21
-3.0228031496062995
0
LINE
8
CYAN2
6
CONTINUOUS
10
3.6023779527559054
20
-3.0228031496062995
11
3.5976181102362208
21
-3.0228031496062995
0
LINE
8
CYAN2
6
CONTINUOUS
10
3.5976181102362208
20
-3.0228031496062995
11
3.590476377952756
21
-3.0204251968503937
0
LINE
8
CYAN2
6
CONTINUOUS
10
3.590476377952756
20
-3.0204251968503937
11
3.585712598425197
21
-3.0156614173228347
0
LINE
8
CYAN2
6
CONTINUOUS
10
3.585712598425197
20
-3.0156614173228347
11
3.5833307086614177
21
-3.0108976377952756
0
LINE
8
CYAN2
6
CONTINUOUS
10
3.5833307086614177
20
-3.0108976377952756
11
3.5809527559055119
21
-3.0013740157480315
0
LINE
8
CYAN2
6
CONTINUOUS
10
3.5809527559055119
20
-3.0013740157480315
11
3.5809527559055119
21
-2.9942322834645672
0
LINE
8
CYAN2
6
CONTINUOUS
10
3.5809527559055119
20
-2.9942322834645672
11
3.5833307086614177
21
-2.9847086614173231
0
LINE
8
CYAN2
6
CONTINUOUS
10
3.5833307086614177
20
-2.9847086614173231
11
3.585712598425197
21
-2.979948818897638
0
LINE
8
CYAN2
6
CONTINUOUS
10
3.585712598425197
20
-2.979948818897638
11
3.590476377952756
21
-2.9751850393700789
0
LINE
8
CYAN2
6
CONTINUOUS
10
3.590476377952756
20
-2.9751850393700789
11
3.5976181102362208
21
-2.9728031496062992
0
LINE
8
CYAN2
6
CONTINUOUS
10
3.5976181102362208
20
-2.9728031496062992
11
3.6023779527559054
21
-2.9728031496062992
0
LINE
8
CYAN2
6
CONTINUOUS
10
3.6023779527559054
20
-2.9728031496062992
11
3.6095236220472442
21
-2.9751850393700789
0
LINE
8
CYAN2
6
CONTINUOUS
10
3.6095236220472442
20
-2.9751850393700789
11
3.6119015748031496
21
-2.9775669291338582
0
LINE
8
CYAN2
6
CONTINUOUS
10
3.6619015748031498
20
-3.0180433070866144
11
3.659523622047244
21
-3.0204251968503937
0
LINE
8
CYAN2
6
CONTINUOUS
10
3.659523622047244
20
-3.0204251968503937
11
3.6523779527559057
21
-3.0228031496062995
0
LINE
8
CYAN2
6
CONTINUOUS
10
3.6523779527559057
20
-3.0228031496062995
11
3.6476181102362206
21
-3.0228031496062995
0
LINE
8
CYAN2
6
CONTINUOUS
10
3.6476181102362206
20
-3.0228031496062995
11
3.6404763779527562
21
-3.0204251968503937
0
LINE
8
CYAN2
6
CONTINUOUS
10
3.6404763779527562
20
-3.0204251968503937
11
3.6357125984251968
21
-3.0156614173228347
0
LINE
8
CYAN2
6
CONTINUOUS
10
3.6357125984251968
20
-3.0156614173228347
11
3.6333307086614175
21
-3.0108976377952756
0
LINE
8
CYAN2
6
CONTINUOUS
10
3.6333307086614175
20
-3.0108976377952756
11
3.6309527559055121
21
-3.0013740157480315
0
LINE
8
CYAN2
6
CONTINUOUS
10
3.6309527559055121
20
-3.0013740157480315
11
3.6309527559055121
21
-2.9942322834645672
0
LINE
8
CYAN2
6
CONTINUOUS
10
3.6309527559055121
20
-2.9942322834645672
11
3.6333307086614175
21
-2.9847086614173231
0
LINE
8
CYAN2
6
CONTINUOUS
10
3.6333307086614175
20
-2.9847086614173231
11
3.6357125984251968
21
-2.979948818897638
0
LINE
8
CYAN2
6
CONTINUOUS
10
3.6357125984251968
20
-2.979948818897638
11
3.6404763779527562
21
-2.9751850393700789
0
LINE
8
CYAN2
6
CONTINUOUS
10
3.6404763779527562
20
-2.9751850393700789
11
3.6476181102362206
21
-2.9728031496062992
0
LINE
8
CYAN2
6
CONTINUOUS
10
3.6476181102362206
20
-2.9728031496062992
11
3.6523779527559057
21
-2.9728031496062992
0
LINE
8
CYAN2
6
CONTINUOUS
10
3.6523779527559057
20
-2.9728031496062992
11
3.659523622047244
21
-2.9751850393700789
0
LINE
8
CYAN2
6
CONTINUOUS
10
3.659523622047244
20
-2.9751850393700789
11
3.6619015748031498
21
-2.9775669291338582
0
LINE
8
RED2
6
CONTINUOUS
10
3.3100000000000001
20
-3.5
11
3.3100000000000001
21
-3.3000000000000003
0
LINE
8
RED2
6
CONTINUOUS
10
3.3100000000000001
20
-3.3000000000000003
11
3.3900000000000001
21
-3.3000000000000003
0
LINE
8
RED2
6
CONTINUOUS
10
3.3900000000000001
20
-3.3000000000000003
11
3.3900000000000001
21
-3.5
0
LINE
8
RED2
6
CONTINUOUS
10
3.3900000000000001
20
-3.5
11
3.3100000000000001
21
-3.5
0
LINE
8
RED2
6
CONTINUOUS
10
3.3500000000000001
20
-3.3000000000000003
11
3.3500000000000001
21
-3.25
0
LINE
8
RED2
6
CONTINUOUS
10
3.3500000000000001
20
-3.5
11
3.3500000000000001
21
-3.5500000000000003
0
LINE
8
CYAN2
6
CONTINUOUS
10
3.4948503937007875
20
-3.3727992125984252
11
3.4781850393700791
21
-3.3489921259842519
0
LINE
8
CYAN2
6
CONTINUOUS
10
3.4662795275590552
20
-3.3727992125984252
11
3.4662795275590552
21
-3.3227992125984254
0
LINE
8
CYAN2
6
CONTINUOUS
10
3.4662795275590552
20
-3.3227992125984254
11
3.4853267716535434
21
-3.3227992125984254
0
LINE
8
CYAN2
6
CONTINUOUS
10
3.4853267716535434
20
-3.3227992125984254
11
3.4900905511811025
21
-3.3251811023622047
0
LINE
8
CYAN2
6
CONTINUOUS
10
3.4900905511811025
20
-3.3251811023622047
11
3.4924724409448822
21
-3.3275629921259844
0
LINE
8
CYAN2
6
CONTINUOUS
10
3.4924724409448822
20
-3.3275629921259844
11
3.4948503937007875
21
-3.3323228346456695
0
LINE
8
CYAN2
6
CONTINUOUS
10
3.4948503937007875
20
-3.3323228346456695
11
3.4948503937007875
21
-3.3394685039370078
0
LINE
8
CYAN2
6
CONTINUOUS
10
3.4948503937007875
20
-3.3394685039370078
11
3.4924724409448822
21
-3.3442283464566929
0
LINE
8
CYAN2
6
CONTINUOUS
10
3.4924724409448822
20
-3.3442283464566929
11
3.4900905511811025
21
-3.3466102362204726
0
LINE
8
CYAN2
6
CONTINUOUS
10
3.4900905511811025
20
-3.3466102362204726
11
3.4853267716535434
21
-3.3489921259842519
0
LINE
8
CYAN2
6
CONTINUOUS
10
3.4853267716535434
20
-3.3489921259842519
11
3.4662795275590552
21
-3.3489921259842519
0
LINE
8
CYAN2
6
CONTINUOUS
10
3.5400905511811023
20
-3.3227992125984254
11
3.516279527559055
21
-3.3227992125984254
0
LINE
8
CYAN2
6
CONTINUOUS
10
3.516279527559055
20
-3.3227992125984254
11
3.5139015748031497
21
-3.3466102362204726
0
LINE
8
CYAN2
6
CONTINUOUS
10
3.5139015748031497
20
-3.3466102362204726
11
3.516279527559055
21
-3.3442283464566929
0
LINE
8
CYAN2
6
CONTINUOUS
10
3.516279527559055
20
-3.3442283464566929
11
3.5210433070866145
21
-3.3418464566929136
0
LINE
8
CYAN2
6
CONTINUOUS
10
3.5210433070866145
20
-3.3418464566929136
11
3.5329488188976379
21
-3.3418464566929136
0
LINE
8
CYAN2
6
CONTINUOUS
10
3.5329488188976379
20
-3.3418464566929136
11
3.537708661417323
21
-3.3442283464566929
0
LINE
8
CYAN2
6
CONTINUOUS
10
3.537708661417323
20
-3.3442283464566929
11
3.5400905511811023
21
-3.3466102362204726
0
LINE
8
CYAN2
6
CONTINUOUS
10
3.5400905511811023
20
-3.3466102362204726
11
3.542472440944882
21
-3.3513700787401577
0
LINE
8
CYAN2
6
CONTINUOUS
10
3.542472440944882
20
-3.3513700787401577
11
3.542472440944882
21
-3.3632755905511811
0
LINE
8
CYAN2
6
CONTINUOUS
10
3.542472440944882
20
-3.3632755905511811
11
3.5400905511811023
21
-3.3680393700787401
0
LINE
8
CYAN2
6
CONTINUOUS
10
3.5400905511811023
20
-3.3680393700787401
11
3.537708661417323
21
-3.3704212598425198
0
LINE
8
CYAN2
6
CONTINUOUS
10
3.537708661417323
20
-3.3704212598425198
11
3.5329488188976379
21
-3.3727992125984252
0
LINE
8
CYAN2
6
CONTINUOUS
10
3.5329488188976379
20
-3.3727992125984252
11
3.5210433070866145
21
-3.3727992125984252
0
LINE
8
CYAN2
6
CONTINUOUS
10
3.5210433070866145
20
-3.3727992125984252
11
3.516279527559055
21
-3.3704212598425198
0
LINE
8
CYAN2
6
CONTINUOUS
10
3.516279527559055
20
-3.3704212598425198
11
3.5139015748031497
21
-3.3680393700787401
0
LINE
8
CYAN2
6
CONTINUOUS
10
3.5853267716535435
20
-3.3394685039370078
11
3.5853267716535435
21
-3.3727992125984252
0
LINE
8
CYAN2
6
CONTINUOUS
10
3.5734212598425197
20
-3.32042125984252
11
3.5615196850393702
21
-3.3561338582677167
0
LINE
8
CYAN2
6
CONTINUOUS
10
3.5615196850393702
20
-3.3561338582677167
11
3.5924685039370079
21
-3.3561338582677167
0
LINE
8
CYAN2
6
CONTINUOUS
10
3.4924724409448822
20
-3.4727992125984253
11
3.4639015748031499
21
-3.4727992125984253
0
LINE
8
CYAN2
6
CONTINUOUS
10
3.4781850393700791
20
-3.4727992125984253
11
3.4781850393700791
21
-3.4227992125984255
0
LINE
8
CYAN2
6
CONTINUOUS
10
3.4781850393700791
20
-3.4227992125984255
11
3.473425196850394
21
-3.4299448818897638
0
LINE
8
CYAN2
6
CONTINUOUS
10
3.473425196850394
20
-3.4299448818897638
11
3.468661417322835
21
-3.4347047244094489
0
LINE
8
CYAN2
6
CONTINUOUS
10
3.468661417322835
20
-3.4347047244094489
11
3.4639015748031499
21
-3.4370866141732286
0
LINE
8
CYAN2
6
CONTINUOUS
10
3.5138976377952758
20
-3.4727992125984253
11
3.5138976377952758
21
-3.4227992125984255
0
LINE
8
CYAN2
6
CONTINUOUS
10
3.5424685039370081
20
-3.4727992125984253
11
3.5210433070866145
21
-3.444228346456693
0
LINE
8
CYAN2
6
CONTINUOUS
10
3.5424685039370081
20
-3.4227992125984255
11
3.5138976377952758
21
-3.4513700787401578
0
LINE
8
RED2
6
CONTINUOUS
10
6.3500000000000005
20
-1.3500000000000001
11
6.3500000000000005
21
-1.4000000000000001
0
LINE
8
RED2
6
CONTINUOUS
10
6.3500000000000005
20
-1.4000000000000001
11
6.4000000000000004
21
-1.4000000000000001
0
LINE
8
RED2
6
CONTINUOUS
10
6.4000000000000004
20
-1.4000000000000001
11
6.3500000000000005
21
-1.45
0
LINE
8
RED2
6
CONTINUOUS
10
6.3500000000000005
20
-1.45
11
6.2999999999999998
21
-1.4000000000000001
0
LINE
8
RED2
6
CONTINUOUS
10
6.2999999999999998
20
-1.4000000000000001
11
6.3500000000000005
21
-1.4000000000000001
0
LINE
8
CYAN2
6
CONTINUOUS
10
6.3119055118110241
20
-1.5251850393700788
11
6.3071417322834646
21
-1.5228031496062993
0
LINE
8
CYAN2
6
CONTINUOUS
10
6.3071417322834646
20
-1.5228031496062993
11
6.2999999999999998
21
-1.5228031496062993
0
LINE
8
CYAN2
6
CONTINUOUS
10
6.2999999999999998
20
-1.5228031496062993
11
6.2928582677165359
21
-1.5251850393700788
0
LINE
8
CYAN2
6
CONTINUOUS
10
6.2928582677165359
20
-1.5251850393700788
11
6.2880944881889764
21
-1.5299488188976378
0
LINE
8
CYAN2
6
CONTINUOUS
10
6.2880944881889764
20
-1.5299488188976378
11
6.2857125984251967
21
-1.5347086614173229
0
LINE
8
CYAN2
6
CONTINUOUS
10
6.2857125984251967
20
-1.5347086614173229
11
6.2833346456692913
21
-1.544232283464567
0
LINE
8
CYAN2
6
CONTINUOUS
10
6.2833346456692913
20
-1.544232283464567
11
6.2833346456692913
21
-1.5513740157480316
0
LINE
8
CYAN2
6
CONTINUOUS
10
6.2833346456692913
20
-1.5513740157480316
11
6.2857125984251967
21
-1.5608976377952757
0
LINE
8
CYAN2
6
CONTINUOUS
10
6.2857125984251967
20
-1.5608976377952757
11
6.2880944881889764
21
-1.5656614173228347
0
LINE
8
CYAN2
6
CONTINUOUS
10
6.2880944881889764
20
-1.5656614173228347
11
6.2928582677165359
21
-1.5704251968503937
0
LINE
8
CYAN2
6
CONTINUOUS
10
6.2928582677165359
20
-1.5704251968503937
11
6.2999999999999998
21
-1.5728031496062993
0
LINE
8
CYAN2
6
CONTINUOUS
10
6.2999999999999998
20
-1.5728031496062993
11
6.3047598425196849
21
-1.5728031496062993
0
LINE
8
CYAN2
6
CONTINUOUS
10
6.3047598425196849
20
-1.5728031496062993
11
6.3119055118110241
21
-1.5704251968503937
0
LINE
8
CYAN2
6
CONTINUOUS
10
6.3119055118110241
20
-1.5704251968503937
11
6.3142834645669295
21
-1.5680433070866142
0
LINE
8
CYAN2
6
CONTINUOUS
10
6.3142834645669295
20
-1.5680433070866142
11
6.3142834645669295
21
-1.5513740157480316
0
LINE
8
CYAN2
6
CONTINUOUS
10
6.3142834645669295
20
-1.5513740157480316
11
6.3047598425196849
21
-1.5513740157480316
0
LINE
8
CYAN2
6
CONTINUOUS
10
6.3357125984251974
20
-1.5728031496062993
11
6.3357125984251974
21
-1.5228031496062993
0
LINE
8
CYAN2
6
CONTINUOUS
10
6.3357125984251974
20
-1.5228031496062993
11
6.3642834645669293
21
-1.5728031496062993
0
LINE
8
CYAN2
6
CONTINUOUS
10
6.3642834645669293
20
-1.5728031496062993
11
6.3642834645669293
21
-1.5228031496062993
0
LINE
8
CYAN2
6
CONTINUOUS
10
6.388094488188977
20
-1.5728031496062993
11
6.388094488188977
21
-1.5228031496062993
0
LINE
8
CYAN2
6
CONTINUOUS
10
6.388094488188977
20
-1.5228031496062993
11
6.4000000000000004
21
-1.5228031496062993
0
LINE
8
CYAN2
6
CONTINUOUS
10
6.4000000000000004
20
-1.5228031496062993
11
6.4071417322834652
21
-1.5251850393700788
0
LINE
8
CYAN2
6
CONTINUOUS
10
6.4071417322834652
20
-1.5251850393700788
11
6.4119055118110238
21
-1.5299488188976378
0
LINE
8
CYAN2
6
CONTINUOUS
10
6.4119055118110238
20
-1.5299488188976378
11
6.4142874015748035
21
-1.5347086614173229
0
LINE
8
CYAN2
6
CONTINUOUS
10
6.4142874015748035
20
-1.5347086614173229
11
6.4166653543307088
21
-1.544232283464567
0
LINE
8
CYAN2
6
CONTINUOUS
10
6.4166653543307088
20
-1.544232283464567
11
6.4166653543307088
21
-1.5513740157480316
0
LINE
8
CYAN2
6
CONTINUOUS
10
6.4166653543307088
20
-1.5513740157480316
11
6.4142874015748035
21
-1.5608976377952757
0
LINE
8
CYAN2
6
CONTINUOUS
10
6.4142874015748035
20
-1.5608976377952757
11
6.4119055118110238
21
-1.5656614173228347
0
LINE
8
CYAN2
6
CONTINUOUS
10
6.4119055118110238
20
-1.5656614173228347
11
6.4071417322834652
21
-1.5704251968503937
0
LINE
8
CYAN2
6
CONTINUOUS
10
6.4071417322834652
20
-1.5704251968503937
11
6.4000000000000004
21
-1.5728031496062993
0
LINE
8
CYAN2
6
CONTINUOUS
10
6.4000000000000004
20
-1.5728031496062993
11
6.388094488188977
21
-1.5728031496062993
0
LINE
8
RED2
6
CONTINUOUS
10
3.3800000000000003
20
-3.8700000000000001
11
3.4399999999999999
21
-3.9300000000000002
0
LINE
8
RED2
6
CONTINUOUS
10
3.4399999999999999
20
-3.9300000000000002
11
3.4399999999999999
21
-3.9000000000000004
0
LINE
8
RED2
6
CONTINUOUS
10
3.4399999999999999
20
-3.9000000000000004
11
3.4399999999999999
21
-3.9300000000000002
0
LINE
8
RED2
6
CONTINUOUS
10
3.4399999999999999
20
-3.9300000000000002
11
3.4100000000000001
21
-3.9300000000000002
0
LINE
8
RED2
6
CONTINUOUS
10
3.3800000000000003
20
-3.8200000000000003
11
3.4399999999999999
21
-3.8800000000000003
0
LINE
8
RED2
6
CONTINUOUS
10
3.4399999999999999
20
-3.8800000000000003
11
3.4399999999999999
21
-3.8500000000000001
0
LINE
8
RED2
6
CONTINUOUS
10
3.4399999999999999
20
-3.8500000000000001
11
3.4399999999999999
21
-3.8800000000000003
0
LINE
8
RED2
6
CONTINUOUS
10
3.4399999999999999
20
-3.8800000000000003
11
3.4100000000000001
21
-3.8800000000000003
0
LINE
8
RED2
6
CONTINUOUS
10
3.3500000000000001
20
-3.8000000000000003
11
3.3500000000000001
21
-3.7000000000000002
0
LINE
8
RED2
6
CONTINUOUS
10
3.3999999999999999
20
-3.8000000000000003
11
3.3000000000000003
21
-3.8000000000000003
0
LINE
8
RED2
6
CONTINUOUS
10
3.3999999999999999
20
-3.7000000000000002
11
3.3000000000000003
21
-3.7000000000000002
0
LINE
8
RED2
6
CONTINUOUS
10
3.3000000000000003
20
-3.7000000000000002
11
3.3500000000000001
21
-3.8000000000000003
0
LINE
8
RED2
6
CONTINUOUS
10
3.3500000000000001
20
-3.8000000000000003
11
3.3999999999999999
21
-3.7000000000000002
0
LINE
8
RED2
6
CONTINUOUS
10
3.3500000000000001
20
-3.8000000000000003
11
3.3500000000000001
21
-3.9000000000000004
0
LINE
8
RED2
6
CONTINUOUS
10
3.3500000000000001
20
-3.7000000000000002
11
3.3500000000000001
21
-3.6000000000000001
0
LINE
8
CYAN2
6
CONTINUOUS
10
3.516279527559055
20
-3.7852952755905513
11
3.516279527559055
21
-3.7352952755905515
0
LINE
8
CYAN2
6
CONTINUOUS
10
3.516279527559055
20
-3.7352952755905515
11
3.5281850393700789
21
-3.7352952755905515
0
LINE
8
CYAN2
6
CONTINUOUS
10
3.5281850393700789
20
-3.7352952755905515
11
3.5353267716535433
21
-3.7376771653543308
0
LINE
8
CYAN2
6
CONTINUOUS
10
3.5353267716535433
20
-3.7376771653543308
11
3.5400905511811023
21
-3.7424409448818898
0
LINE
8
CYAN2
6
CONTINUOUS
10
3.5400905511811023
20
-3.7424409448818898
11
3.542472440944882
21
-3.7472007874015749
0
LINE
8
CYAN2
6
CONTINUOUS
10
3.542472440944882
20
-3.7472007874015749
11
3.5448503937007874
21
-3.756724409448819
0
LINE
8
CYAN2
6
CONTINUOUS
10
3.5448503937007874
20
-3.756724409448819
11
3.5448503937007874
21
-3.7638661417322834
0
LINE
8
CYAN2
6
CONTINUOUS
10
3.5448503937007874
20
-3.7638661417322834
11
3.542472440944882
21
-3.7733897637795275
0
LINE
8
CYAN2
6
CONTINUOUS
10
3.542472440944882
20
-3.7733897637795275
11
3.5400905511811023
21
-3.778153543307087
0
LINE
8
CYAN2
6
CONTINUOUS
10
3.5400905511811023
20
-3.778153543307087
11
3.5353267716535433
21
-3.782917322834646
0
LINE
8
CYAN2
6
CONTINUOUS
10
3.5353267716535433
20
-3.782917322834646
11
3.5281850393700789
21
-3.7852952755905513
0
LINE
8
CYAN2
6
CONTINUOUS
10
3.5281850393700789
20
-3.7852952755905513
11
3.516279527559055
21
-3.7852952755905513
0
LINE
8
CYAN2
6
CONTINUOUS
10
3.5877086614173228
20
-3.7519645669291339
11
3.5877086614173228
21
-3.7852952755905513
0
LINE
8
CYAN2
6
CONTINUOUS
10
3.5758031496062994
20
-3.7329173228346457
11
3.56390157480315
21
-3.7686299212598429
0
LINE
8
CYAN2
6
CONTINUOUS
10
3.56390157480315
20
-3.7686299212598429
11
3.5948503937007876
21
-3.7686299212598429
0
LINE
8
CYAN2
6
CONTINUOUS
10
3.6234212598425199
20
-3.7352952755905515
11
3.628185039370079
21
-3.7352952755905515
0
LINE
8
CYAN2
6
CONTINUOUS
10
3.628185039370079
20
-3.7352952755905515
11
3.6329448818897641
21
-3.7376771653543308
0
LINE
8
CYAN2
6
CONTINUOUS
10
3.6329448818897641
20
-3.7376771653543308
11
3.6353267716535433
21
-3.7400590551181105
0
LINE
8
CYAN2
6
CONTINUOUS
10
3.6353267716535433
20
-3.7400590551181105
11
3.6377086614173231
21
-3.7448188976377956
0
LINE
8
CYAN2
6
CONTINUOUS
10
3.6377086614173231
20
-3.7448188976377956
11
3.6400905511811024
21
-3.7543425196850393
0
LINE
8
CYAN2
6
CONTINUOUS
10
3.6400905511811024
20
-3.7543425196850393
11
3.6400905511811024
21
-3.7662480314960631
0
LINE
8
CYAN2
6
CONTINUOUS
10
3.6400905511811024
20
-3.7662480314960631
11
3.6377086614173231
21
-3.7757716535433072
0
LINE
8
CYAN2
6
CONTINUOUS
10
3.6377086614173231
20
-3.7757716535433072
11
3.6353267716535433
21
-3.7805354330708663
0
LINE
8
CYAN2
6
CONTINUOUS
10
3.6353267716535433
20
-3.7805354330708663
11
3.6329448818897641
21
-3.782917322834646
0
LINE
8
CYAN2
6
CONTINUOUS
10
3.6329448818897641
20
-3.782917322834646
11
3.628185039370079
21
-3.7852952755905513
0
LINE
8
CYAN2
6
CONTINUOUS
10
3.628185039370079
20
-3.7852952755905513
11
3.6234212598425199
21
-3.7852952755905513
0
LINE
8
CYAN2
6
CONTINUOUS
10
3.6234212598425199
20
-3.7852952755905513
11
3.6186614173228349
21
-3.782917322834646
0
LINE
8
CYAN2
6
CONTINUOUS
10
3.6186614173228349
20
-3.782917322834646
11
3.6162795275590551
21
-3.7805354330708663
0
LINE
8
CYAN2
6
CONTINUOUS
10
3.6162795275590551
20
-3.7805354330708663
11
3.6138976377952758
21
-3.7757716535433072
0
LINE
8
CYAN2
6
CONTINUOUS
10
3.6138976377952758
20
-3.7757716535433072
11
3.61151968503937
21
-3.7662480314960631
0
LINE
8
CYAN2
6
CONTINUOUS
10
3.61151968503937
20
-3.7662480314960631
11
3.61151968503937
21
-3.7543425196850393
0
LINE
8
CYAN2
6
CONTINUOUS
10
3.61151968503937
20
-3.7543425196850393
11
3.6138976377952758
21
-3.7448188976377956
0
LINE
8
CYAN2
6
CONTINUOUS
10
3.6138976377952758
20
-3.7448188976377956
11
3.6162795275590551
21
-3.7400590551181105
0
LINE
8
CYAN2
6
CONTINUOUS
10
3.6162795275590551
20
-3.7400590551181105
11
3.6186614173228349
21
-3.7376771653543308
0
LINE
8
CYAN2
6
CONTINUOUS
10
3.6186614173228349
20
-3.7376771653543308
11
3.6234212598425199
21
-3.7352952755905515
0
LINE
8
CYAN2
6
CONTINUOUS
10
3.542472440944882
20
-3.8376771653543309
11
3.537708661417323
21
-3.8352952755905512
0
LINE
8
CYAN2
6
CONTINUOUS
10
3.537708661417323
20
-3.8352952755905512
11
3.5305669291338586
21
-3.8352952755905512
0
LINE
8
CYAN2
6
CONTINUOUS
10
3.5305669291338586
20
-3.8352952755905512
11
3.5234251968503938
21
-3.8376771653543309
0
LINE
8
CYAN2
6
CONTINUOUS
10
3.5234251968503938
20
-3.8376771653543309
11
3.5186614173228348
21
-3.8424409448818899
0
LINE
8
CYAN2
6
CONTINUOUS
10
3.5186614173228348
20
-3.8424409448818899
11
3.516279527559055
21
-3.847200787401575
0
LINE
8
CYAN2
6
CONTINUOUS
10
3.516279527559055
20
-3.847200787401575
11
3.5139015748031497
21
-3.8567244094488191
0
LINE
8
CYAN2
6
CONTINUOUS
10
3.5139015748031497
20
-3.8567244094488191
11
3.5139015748031497
21
-3.8638661417322835
0
LINE
8
CYAN2
6
CONTINUOUS
10
3.5139015748031497
20
-3.8638661417322835
11
3.516279527559055
21
-3.8733897637795276
0
LINE
8
CYAN2
6
CONTINUOUS
10
3.516279527559055
20
-3.8733897637795276
11
3.5186614173228348
21
-3.8781535433070866
0
LINE
8
CYAN2
6
CONTINUOUS
10
3.5186614173228348
20
-3.8781535433070866
11
3.5234251968503938
21
-3.8829173228346456
0
LINE
8
CYAN2
6
CONTINUOUS
10
3.5234251968503938
20
-3.8829173228346456
11
3.5305669291338586
21
-3.8852952755905514
0
LINE
8
CYAN2
6
CONTINUOUS
10
3.5305669291338586
20
-3.8852952755905514
11
3.5353267716535433
21
-3.8852952755905514
0
LINE
8
CYAN2
6
CONTINUOUS
10
3.5353267716535433
20
-3.8852952755905514
11
3.542472440944882
21
-3.8829173228346456
0
LINE
8
CYAN2
6
CONTINUOUS
10
3.542472440944882
20
-3.8829173228346456
11
3.5448503937007874
21
-3.8805354330708663
0
LINE
8
CYAN2
6
CONTINUOUS
10
3.5448503937007874
20
-3.8805354330708663
11
3.5448503937007874
21
-3.8638661417322835
0
LINE
8
CYAN2
6
CONTINUOUS
10
3.5448503937007874
20
-3.8638661417322835
11
3.5353267716535433
21
-3.8638661417322835
0
LINE
8
CYAN2
6
CONTINUOUS
10
3.5948503937007876
20
-3.8852952755905514
11
3.5781850393700787
21
-3.8614881889763781
0
LINE
8
CYAN2
6
CONTINUOUS
10
3.5662795275590553
20
-3.8852952755905514
11
3.5662795275590553
21
-3.8352952755905512
0
LINE
8
CYAN2
6
CONTINUOUS
10
3.5662795275590553
20
-3.8352952755905512
11
3.5853267716535435
21
-3.8352952755905512
0
LINE
8
CYAN2
6
CONTINUOUS
10
3.5853267716535435
20
-3.8352952755905512
11
3.5900905511811025
21
-3.8376771653543309
0
LINE
8
CYAN2
6
CONTINUOUS
10
3.5900905511811025
20
-3.8376771653543309
11
3.5924724409448818
21
-3.8400590551181102
0
LINE
8
CYAN2
6
CONTINUOUS
10
3.5924724409448818
20
-3.8400590551181102
11
3.5948503937007876
21
-3.8448188976377953
0
LINE
8
CYAN2
6
CONTINUOUS
10
3.5948503937007876
20
-3.8448188976377953
11
3.5948503937007876
21
-3.851964566929134
0
LINE
8
CYAN2
6
CONTINUOUS
10
3.5948503937007876
20
-3.851964566929134
11
3.5924724409448818
21
-3.8567244094488191
0
LINE
8
CYAN2
6
CONTINUOUS
10
3.5924724409448818
20
-3.8567244094488191
11
3.5900905511811025
21
-3.8591062992125984
0
LINE
8
CYAN2
6
CONTINUOUS
10
3.5900905511811025
20
-3.8591062992125984
11
3.5853267716535435
21
-3.8614881889763781
0
LINE
8
CYAN2
6
CONTINUOUS
10
3.5853267716535435
20
-3.8614881889763781
11
3.5662795275590553
21
-3.8614881889763781
0
LINE
8
CYAN2
6
CONTINUOUS
10
3.6162795275590551
20
-3.8591062992125984
11
3.632948818897638
21
-3.8591062992125984
0
LINE
8
CYAN2
6
CONTINUOUS
10
3.6400905511811024
20
-3.8852952755905514
11
3.6162795275590551
21
-3.8852952755905514
0
LINE
8
CYAN2
6
CONTINUOUS
10
3.6162795275590551
20
-3.8852952755905514
11
3.6162795275590551
21
-3.8352952755905512
0
LINE
8
CYAN2
6
CONTINUOUS
10
3.6162795275590551
20
-3.8352952755905512
11
3.6400905511811024
21
-3.8352952755905512
0
LINE
8
CYAN2
6
CONTINUOUS
10
3.6615157480314964
20
-3.8591062992125984
11
3.6781850393700788
21
-3.8591062992125984
0
LINE
8
CYAN2
6
CONTINUOUS
10
3.6853267716535436
20
-3.8852952755905514
11
3.6615157480314964
21
-3.8852952755905514
0
LINE
8
CYAN2
6
CONTINUOUS
10
3.6615157480314964
20
-3.8852952755905514
11
3.6615157480314964
21
-3.8352952755905512
0
LINE
8
CYAN2
6
CONTINUOUS
10
3.6615157480314964
20
-3.8352952755905512
11
3.6853267716535436
21
-3.8352952755905512
0
LINE
8
CYAN2
6
CONTINUOUS
10
3.7067519685039372
20
-3.8852952755905514
11
3.7067519685039372
21
-3.8352952755905512
0
LINE
8
CYAN2
6
CONTINUOUS
10
3.7067519685039372
20
-3.8352952755905512
11
3.7353228346456695
21
-3.8852952755905514
0
LINE
8
CYAN2
6
CONTINUOUS
10
3.7353228346456695
20
-3.8852952755905514
11
3.7353228346456695
21
-3.8352952755905512
0
LINE
8
RED2
6
CONTINUOUS
10
3.5500000000000003
20
-4.6000000000000005
11
3.5500000000000003
21
-4.6500000000000004
0
LINE
8
RED2
6
CONTINUOUS
10
3.5500000000000003
20
-4.6500000000000004
11
3.6000000000000001
21
-4.6500000000000004
0
LINE
8
RED2
6
CONTINUOUS
10
3.6000000000000001
20
-4.6500000000000004
11
3.5500000000000003
21
-4.7000000000000002
0
LINE
8
RED2
6
CONTINUOUS
10
3.5500000000000003
20
-4.7000000000000002
11
3.5
21
-4.6500000000000004
0
LINE
8
RED2
6
CONTINUOUS
10
3.5
20
-4.6500000000000004
11
3.5500000000000003
21
-4.6500000000000004
0
LINE
8
CYAN2
6
CONTINUOUS
10
3.5119055118110238
20
-4.7751850393700792
11
3.5071417322834648
21
-4.7728031496062995
0
LINE
8
CYAN2
6
CONTINUOUS
10
3.5071417322834648
20
-4.7728031496062995
11
3.5
21
-4.7728031496062995
0
LINE
8
CYAN2
6
CONTINUOUS
10
3.5
20
-4.7728031496062995
11
3.4928582677165356
21
-4.7751850393700792
0
LINE
8
CYAN2
6
CONTINUOUS
10
3.4928582677165356
20
-4.7751850393700792
11
3.4880944881889766
21
-4.7799488188976378
0
LINE
8
CYAN2
6
CONTINUOUS
10
3.4880944881889766
20
-4.7799488188976378
11
3.4857125984251969
21
-4.7847086614173229
0
LINE
8
CYAN2
6
CONTINUOUS
10
3.4857125984251969
20
-4.7847086614173229
11
3.4833346456692915
21
-4.7942322834645674
0
LINE
8
CYAN2
6
CONTINUOUS
10
3.4833346456692915
20
-4.7942322834645674
11
3.4833346456692915
21
-4.8013740157480314
0
LINE
8
CYAN2
6
CONTINUOUS
10
3.4833346456692915
20
-4.8013740157480314
11
3.4857125984251969
21
-4.8108976377952759
0
LINE
8
CYAN2
6
CONTINUOUS
10
3.4857125984251969
20
-4.8108976377952759
11
3.4880944881889766
21
-4.8156614173228345
0
LINE
8
CYAN2
6
CONTINUOUS
10
3.4880944881889766
20
-4.8156614173228345
11
3.4928582677165356
21
-4.8204251968503939
0
LINE
8
CYAN2
6
CONTINUOUS
10
3.4928582677165356
20
-4.8204251968503939
11
3.5
21
-4.8228031496062993
0
LINE
8
CYAN2
6
CONTINUOUS
10
3.5
20
-4.8228031496062993
11
3.5047598425196851
21
-4.8228031496062993
0
LINE
8
CYAN2
6
CONTINUOUS
10
3.5047598425196851
20
-4.8228031496062993
11
3.5119055118110238
21
-4.8204251968503939
0
LINE
8
CYAN2
6
CONTINUOUS
10
3.5119055118110238
20
-4.8204251968503939
11
3.5142834645669292
21
-4.8180433070866142
0
LINE
8
CYAN2
6
CONTINUOUS
10
3.5142834645669292
20
-4.8180433070866142
11
3.5142834645669292
21
-4.8013740157480314
0
LINE
8
CYAN2
6
CONTINUOUS
10
3.5142834645669292
20
-4.8013740157480314
11
3.5047598425196851
21
-4.8013740157480314
0
LINE
8
CYAN2
6
CONTINUOUS
10
3.5357125984251971
20
-4.8228031496062993
11
3.5357125984251971
21
-4.7728031496062995
0
LINE
8
CYAN2
6
CONTINUOUS
10
3.5357125984251971
20
-4.7728031496062995
11
3.5642834645669295
21
-4.8228031496062993
0
LINE
8
CYAN2
6
CONTINUOUS
10
3.5642834645669295
20
-4.8228031496062993
11
3.5642834645669295
21
-4.7728031496062995
0
LINE
8
CYAN2
6
CONTINUOUS
10
3.5880944881889767
20
-4.8228031496062993
11
3.5880944881889767
21
-4.7728031496062995
0
LINE
8
CYAN2
6
CONTINUOUS
10
3.5880944881889767
20
-4.7728031496062995
11
3.6000000000000001
21
-4.7728031496062995
0
LINE
8
CYAN2
6
CONTINUOUS
10
3.6000000000000001
20
-4.7728031496062995
11
3.6071417322834649
21
-4.7751850393700792
0
LINE
8
CYAN2
6
CONTINUOUS
10
3.6071417322834649
20
-4.7751850393700792
11
3.6119055118110239
21
-4.7799488188976378
0
LINE
8
CYAN2
6
CONTINUOUS
10
3.6119055118110239
20
-4.7799488188976378
11
3.6142874015748032
21
-4.7847086614173229
0
LINE
8
CYAN2
6
CONTINUOUS
10
3.6142874015748032
20
-4.7847086614173229
11
3.616665354330709
21
-4.7942322834645674
0
LINE
8
CYAN2
6
CONTINUOUS
10
3.616665354330709
20
-4.7942322834645674
11
3.616665354330709
21
-4.8013740157480314
0
LINE
8
CYAN2
6
CONTINUOUS
10
3.616665354330709
20
-4.8013740157480314
11
3.6142874015748032
21
-4.8108976377952759
0
LINE
8
CYAN2
6
CONTINUOUS
10
3.6142874015748032
20
-4.8108976377952759
11
3.6119055118110239
21
-4.8156614173228345
0
LINE
8
CYAN2
6
CONTINUOUS
10
3.6119055118110239
20
-4.8156614173228345
11
3.6071417322834649
21
-4.8204251968503939
0
LINE
8
CYAN2
6
CONTINUOUS
10
3.6071417322834649
20
-4.8204251968503939
11
3.6000000000000001
21
-4.8228031496062993
0
LINE
8
CYAN2
6
CONTINUOUS
10
3.6000000000000001
20
-4.8228031496062993
11
3.5880944881889767
21
-4.8228031496062993
0
LINE
8
RED2
6
CONTINUOUS
10
4.4000000000000004
20
-6.5
11
4.4000000000000004
21
-6.5499999999999998
0
LINE
8
RED2
6
CONTINUOUS
10
4.4000000000000004
20
-6.5499999999999998
11
4.4500000000000002
21
-6.5499999999999998
0
LINE
8
RED2
6
CONTINUOUS
10
4.4500000000000002
20
-6.5499999999999998
11
4.4000000000000004
21
-6.6000000000000005
0
LINE
8
RED2
6
CONTINUOUS
10
4.4000000000000004
20
-6.6000000000000005
11
4.3500000000000005
21
-6.5499999999999998
0
LINE
8
RED2
6
CONTINUOUS
10
4.3500000000000005
20
-6.5499999999999998
11
4.4000000000000004
21
-6.5499999999999998
0
LINE
8
CYAN2
6
CONTINUOUS
10
4.3619055118110239
20
-6.6751850393700787
11
4.3571417322834645
21
-6.6728031496062998
0
LINE
8
CYAN2
6
CONTINUOUS
10
4.3571417322834645
20
-6.6728031496062998
11
4.3500000000000005
21
-6.6728031496062998
0
LINE
8
CYAN2
6
CONTINUOUS
10
4.3500000000000005
20
-6.6728031496062998
11
4.3428582677165357
21
-6.6751850393700787
0
LINE
8
CYAN2
6
CONTINUOUS
10
4.3428582677165357
20
-6.6751850393700787
11
4.3380944881889762
21
-6.6799488188976381
0
LINE
8
CYAN2
6
CONTINUOUS
10
4.3380944881889762
20
-6.6799488188976381
11
4.3357125984251974
21
-6.6847086614173232
0
LINE
8
CYAN2
6
CONTINUOUS
10
4.3357125984251974
20
-6.6847086614173232
11
4.3333346456692912
21
-6.6942322834645669
0
LINE
8
CYAN2
6
CONTINUOUS
10
4.3333346456692912
20
-6.6942322834645669
11
4.3333346456692912
21
-6.7013740157480317
0
LINE
8
CYAN2
6
CONTINUOUS
10
4.3333346456692912
20
-6.7013740157480317
11
4.3357125984251974
21
-6.7108976377952763
0
LINE
8
CYAN2
6
CONTINUOUS
10
4.3357125984251974
20
-6.7108976377952763
11
4.3380944881889762
21
-6.7156614173228348
0
LINE
8
CYAN2
6
CONTINUOUS
10
4.3380944881889762
20
-6.7156614173228348
11
4.3428582677165357
21
-6.7204251968503943
0
LINE
8
CYAN2
6
CONTINUOUS
10
4.3428582677165357
20
-6.7204251968503943
11
4.3500000000000005
21
-6.7228031496062997
0
LINE
8
CYAN2
6
CONTINUOUS
10
4.3500000000000005
20
-6.7228031496062997
11
4.3547598425196856
21
-6.7228031496062997
0
LINE
8
CYAN2
6
CONTINUOUS
10
4.3547598425196856
20
-6.7228031496062997
11
4.3619055118110239
21
-6.7204251968503943
0
LINE
8
CYAN2
6
CONTINUOUS
10
4.3619055118110239
20
-6.7204251968503943
11
4.3642834645669293
21
-6.7180433070866146
0
LINE
8
CYAN2
6
CONTINUOUS
10
4.3642834645669293
20
-6.7180433070866146
11
4.3642834645669293
21
-6.7013740157480317
0
LINE
8
CYAN2
6
CONTINUOUS
10
4.3642834645669293
20
-6.7013740157480317
11
4.3547598425196856
21
-6.7013740157480317
0
LINE
8
CYAN2
6
CONTINUOUS
10
4.3857125984251972
20
-6.7228031496062997
11
4.3857125984251972
21
-6.6728031496062998
0
LINE
8
CYAN2
6
CONTINUOUS
10
4.3857125984251972
20
-6.6728031496062998
11
4.4142834645669291
21
-6.7228031496062997
0
LINE
8
CYAN2
6
CONTINUOUS
10
4.4142834645669291
20
-6.7228031496062997
11
4.4142834645669291
21
-6.6728031496062998
0
LINE
8
CYAN2
6
CONTINUOUS
10
4.4380944881889768
20
-6.7228031496062997
11
4.4380944881889768
21
-6.6728031496062998
0
LINE
8
CYAN2
6
CONTINUOUS
10
4.4380944881889768
20
-6.6728031496062998
11
4.4500000000000002
21
-6.6728031496062998
0
LINE
8
CYAN2
6
CONTINUOUS
10
4.4500000000000002
20
-6.6728031496062998
11
4.457141732283465
21
-6.6751850393700787
0
LINE
8
CYAN2
6
CONTINUOUS
10
4.457141732283465
20
-6.6751850393700787
11
4.4619055118110236
21
-6.6799488188976381
0
LINE
8
CYAN2
6
CONTINUOUS
10
4.4619055118110236
20
-6.6799488188976381
11
4.4642874015748033
21
-6.6847086614173232
0
LINE
8
CYAN2
6
CONTINUOUS
10
4.4642874015748033
20
-6.6847086614173232
11
4.4666653543307087
21
-6.6942322834645669
0
LINE
8
CYAN2
6
CONTINUOUS
10
4.4666653543307087
20
-6.6942322834645669
11
4.4666653543307087
21
-6.7013740157480317
0
LINE
8
CYAN2
6
CONTINUOUS
10
4.4666653543307087
20
-6.7013740157480317
11
4.4642874015748033
21
-6.7108976377952763
0
LINE
8
CYAN2
6
CONTINUOUS
10
4.4642874015748033
20
-6.7108976377952763
11
4.4619055118110236
21
-6.7156614173228348
0
LINE
8
CYAN2
6
CONTINUOUS
10
4.4619055118110236
20
-6.7156614173228348
11
4.457141732283465
21
-6.7204251968503943
0
LINE
8
CYAN2
6
CONTINUOUS
10
4.457141732283465
20
-6.7204251968503943
11
4.4500000000000002
21
-6.7228031496062997
0
LINE
8
CYAN2
6
CONTINUOUS
10
4.4500000000000002
20
-6.7228031496062997
11
4.4380944881889768
21
-6.7228031496062997
0
LINE
8
RED2
6
CONTINUOUS
10
5.1299999999999999
20
-6.2300000000000004
11
5.0700000000000003
21
-6.29
0
LINE
8
RED2
6
CONTINUOUS
10
5.0700000000000003
20
-6.29
11
5.1000000000000005
21
-6.29
0
LINE
8
RED2
6
CONTINUOUS
10
5.1000000000000005
20
-6.29
11
5.0700000000000003
21
-6.29
0
LINE
8
RED2
6
CONTINUOUS
10
5.0700000000000003
20
-6.29
11
5.0700000000000003
21
-6.2600000000000007
0
LINE
8
RED2
6
CONTINUOUS
10
5.1800000000000006
20
-6.2300000000000004
11
5.1200000000000001
21
-6.29
0
LINE
8
RED2
6
CONTINUOUS
10
5.1200000000000001
20
-6.29
11
5.1500000000000004
21
-6.29
0
LINE
8
RED2
6
CONTINUOUS
10
5.1500000000000004
20
-6.29
11
5.1200000000000001
21
-6.29
0
LINE
8
RED2
6
CONTINUOUS
10
5.1200000000000001
20
-6.29
11
5.1200000000000001
21
-6.2600000000000007
0
LINE
8
RED2
6
CONTINUOUS
10
5.2000000000000002
20
-6.2000000000000002
11
5.2999999999999998
21
-6.2000000000000002
0
LINE
8
RED2
6
CONTINUOUS
10
5.2000000000000002
20
-6.25
11
5.2000000000000002
21
-6.1500000000000004
0
LINE
8
RED2
6
CONTINUOUS
10
5.2999999999999998
20
-6.25
11
5.2999999999999998
21
-6.1500000000000004
0
LINE
8
RED2
6
CONTINUOUS
10
5.2999999999999998
20
-6.1500000000000004
11
5.2000000000000002
21
-6.2000000000000002
0
LINE
8
RED2
6
CONTINUOUS
10
5.2000000000000002
20
-6.2000000000000002
11
5.2999999999999998
21
-6.25
0
LINE
8
RED2
6
CONTINUOUS
10
5.2000000000000002
20
-6.2000000000000002
11
5.1000000000000005
21
-6.2000000000000002
0
LINE
8
RED2
6
CONTINUOUS
10
5.2999999999999998
20
-6.2000000000000002
11
5.4000000000000004
21
-6.2000000000000002
0
LINE
8
CYAN2
6
CONTINUOUS
10
5.2992834645669289
20
-6.1528031496062994
11
5.2992834645669289
21
-6.1028031496062995
0
LINE
8
CYAN2
6
CONTINUOUS
10
5.2992834645669289
20
-6.1028031496062995
11
5.3111889763779532
21
-6.1028031496062995
0
LINE
8
CYAN2
6
CONTINUOUS
10
5.3111889763779532
20
-6.1028031496062995
11
5.3183307086614171
21
-6.1051850393700793
0
LINE
8
CYAN2
6
CONTINUOUS
10
5.3183307086614171
20
-6.1051850393700793
11
5.3230944881889766
21
-6.1099488188976379
0
LINE
8
CYAN2
6
CONTINUOUS
10
5.3230944881889766
20
-6.1099488188976379
11
5.3254763779527563
21
-6.1147086614173229
0
LINE
8
CYAN2
6
CONTINUOUS
10
5.3254763779527563
20
-6.1147086614173229
11
5.3278543307086617
21
-6.1242322834645675
0
LINE
8
CYAN2
6
CONTINUOUS
10
5.3278543307086617
20
-6.1242322834645675
11
5.3278543307086617
21
-6.1313740157480314
0
LINE
8
CYAN2
6
CONTINUOUS
10
5.3278543307086617
20
-6.1313740157480314
11
5.3254763779527563
21
-6.140897637795276
0
LINE
8
CYAN2
6
CONTINUOUS
10
5.3254763779527563
20
-6.140897637795276
11
5.3230944881889766
21
-6.1456614173228346
0
LINE
8
CYAN2
6
CONTINUOUS
10
5.3230944881889766
20
-6.1456614173228346
11
5.3183307086614171
21
-6.150425196850394
0
LINE
8
CYAN2
6
CONTINUOUS
10
5.3183307086614171
20
-6.150425196850394
11
5.3111889763779532
21
-6.1528031496062994
0
LINE
8
CYAN2
6
CONTINUOUS
10
5.3111889763779532
20
-6.1528031496062994
11
5.2992834645669289
21
-6.1528031496062994
0
LINE
8
CYAN2
6
CONTINUOUS
10
5.3707125984251967
20
-6.1194724409448824
11
5.3707125984251967
21
-6.1528031496062994
0
LINE
8
CYAN2
6
CONTINUOUS
10
5.3588070866141733
20
-6.1004251968503942
11
5.3469055118110242
21
-6.1361377952755909
0
LINE
8
CYAN2
6
CONTINUOUS
10
5.3469055118110242
20
-6.1361377952755909
11
5.3778543307086615
21
-6.1361377952755909
0
LINE
8
CYAN2
6
CONTINUOUS
10
5.4183307086614176
20
-6.1194724409448824
11
5.4183307086614176
21
-6.1528031496062994
0
LINE
8
CYAN2
6
CONTINUOUS
10
5.4064251968503942
20
-6.1004251968503942
11
5.3945236220472443
21
-6.1361377952755909
0
LINE
8
CYAN2
6
CONTINUOUS
10
5.3945236220472443
20
-6.1361377952755909
11
5.4254724409448825
21
-6.1361377952755909
0
LINE
8
CYAN2
6
CONTINUOUS
10
5.1021417322834646
20
-6.2689960629921266
11
5.1021417322834646
21
-6.2928031496062991
0
LINE
8
CYAN2
6
CONTINUOUS
10
5.0854763779527561
20
-6.2428031496062992
11
5.1021417322834646
21
-6.2689960629921266
0
LINE
8
CYAN2
6
CONTINUOUS
10
5.1021417322834646
20
-6.2689960629921266
11
5.1188110236220474
21
-6.2428031496062992
0
LINE
8
CYAN2
6
CONTINUOUS
10
5.1354763779527559
20
-6.2666141732283469
11
5.1521456692913388
21
-6.2666141732283469
0
LINE
8
CYAN2
6
CONTINUOUS
10
5.1592874015748036
20
-6.2928031496062991
11
5.1354763779527559
21
-6.2928031496062991
0
LINE
8
CYAN2
6
CONTINUOUS
10
5.1354763779527559
20
-6.2928031496062991
11
5.1354763779527559
21
-6.2428031496062992
0
LINE
8
CYAN2
6
CONTINUOUS
10
5.1354763779527559
20
-6.2428031496062992
11
5.1592874015748036
21
-6.2428031496062992
0
LINE
8
CYAN2
6
CONTINUOUS
10
5.2045236220472439
20
-6.2928031496062991
11
5.1807125984251972
21
-6.2928031496062991
0
LINE
8
CYAN2
6
CONTINUOUS
10
5.1807125984251972
20
-6.2928031496062991
11
5.1807125984251972
21
-6.2428031496062992
0
LINE
8
CYAN2
6
CONTINUOUS
10
5.2450000000000001
20
-6.2928031496062991
11
5.2211889763779533
21
-6.2928031496062991
0
LINE
8
CYAN2
6
CONTINUOUS
10
5.2211889763779533
20
-6.2928031496062991
11
5.2211889763779533
21
-6.2428031496062992
0
LINE
8
CYAN2
6
CONTINUOUS
10
5.2711889763779531
20
-6.2428031496062992
11
5.2807125984251968
21
-6.2428031496062992
0
LINE
8
CYAN2
6
CONTINUOUS
10
5.2807125984251968
20
-6.2428031496062992
11
5.2854763779527563
21
-6.245185039370079
0
LINE
8
CYAN2
6
CONTINUOUS
10
5.2854763779527563
20
-6.245185039370079
11
5.2902362204724414
21
-6.2499488188976384
0
LINE
8
CYAN2
6
CONTINUOUS
10
5.2902362204724414
20
-6.2499488188976384
11
5.2926181102362211
21
-6.2594724409448821
0
LINE
8
CYAN2
6
CONTINUOUS
10
5.2926181102362211
20
-6.2594724409448821
11
5.2926181102362211
21
-6.2761377952755906
0
LINE
8
CYAN2
6
CONTINUOUS
10
5.2926181102362211
20
-6.2761377952755906
11
5.2902362204724414
21
-6.2856614173228351
0
LINE
8
CYAN2
6
CONTINUOUS
10
5.2902362204724414
20
-6.2856614173228351
11
5.2854763779527563
21
-6.2904251968503937
0
LINE
8
CYAN2
6
CONTINUOUS
10
5.2854763779527563
20
-6.2904251968503937
11
5.2807125984251968
21
-6.2928031496062991
0
LINE
8
CYAN2
6
CONTINUOUS
10
5.2807125984251968
20
-6.2928031496062991
11
5.2711889763779531
21
-6.2928031496062991
0
LINE
8
CYAN2
6
CONTINUOUS
10
5.2711889763779531
20
-6.2928031496062991
11
5.2664291338582681
21
-6.2904251968503937
0
LINE
8
CYAN2
6
CONTINUOUS
10
5.2664291338582681
20
-6.2904251968503937
11
5.2616653543307086
21
-6.2856614173228351
0
LINE
8
CYAN2
6
CONTINUOUS
10
5.2616653543307086
20
-6.2856614173228351
11
5.2592874015748032
21
-6.2761377952755906
0
LINE
8
CYAN2
6
CONTINUOUS
10
5.2592874015748032
20
-6.2761377952755906
11
5.2592874015748032
21
-6.2594724409448821
0
LINE
8
CYAN2
6
CONTINUOUS
10
5.2592874015748032
20
-6.2594724409448821
11
5.2616653543307086
21
-6.2499488188976384
0
LINE
8
CYAN2
6
CONTINUOUS
10
5.2616653543307086
20
-6.2499488188976384
11
5.2664291338582681
21
-6.245185039370079
0
LINE
8
CYAN2
6
CONTINUOUS
10
5.2664291338582681
20
-6.245185039370079
11
5.2711889763779531
21
-6.2428031496062992
0
LINE
8
CYAN2
6
CONTINUOUS
10
5.3092874015748031
20
-6.2428031496062992
11
5.3211929133858273
21
-6.2928031496062991
0
LINE
8
CYAN2
6
CONTINUOUS
10
5.3211929133858273
20
-6.2928031496062991
11
5.330716535433071
21
-6.2570905511811024
0
LINE
8
CYAN2
6
CONTINUOUS
10
5.330716535433071
20
-6.2570905511811024
11
5.3402401574803156
21
-6.2928031496062991
0
LINE
8
CYAN2
6
CONTINUOUS
10
5.3402401574803156
20
-6.2928031496062991
11
5.3521456692913389
21
-6.2428031496062992
0
LINE
8
RED2
6
CONTINUOUS
10
5.1299999999999999
20
-6.0800000000000001
11
5.0700000000000003
21
-6.1400000000000006
0
LINE
8
RED2
6
CONTINUOUS
10
5.0700000000000003
20
-6.1400000000000006
11
5.1000000000000005
21
-6.1400000000000006
0
LINE
8
RED2
6
CONTINUOUS
10
5.1000000000000005
20
-6.1400000000000006
11
5.0700000000000003
21
-6.1400000000000006
0
LINE
8
RED2
6
CONTINUOUS
10
5.0700000000000003
20
-6.1400000000000006
11
5.0700000000000003
21
-6.1100000000000003
0
LINE
8
RED2
6
CONTINUOUS
10
5.1800000000000006
20
-6.0800000000000001
11
5.1200000000000001
21
-6.1400000000000006
0
LINE
8
RED2
6
CONTINUOUS
10
5.1200000000000001
20
-6.1400000000000006
11
5.1500000000000004
21
-6.1400000000000006
0
LINE
8
RED2
6
CONTINUOUS
10
5.1500000000000004
20
-6.1400000000000006
11
5.1200000000000001
21
-6.1400000000000006
0
LINE
8
RED2
6
CONTINUOUS
10
5.1200000000000001
20
-6.1400000000000006
11
5.1200000000000001
21
-6.1100000000000003
0
LINE
8
RED2
6
CONTINUOUS
10
5.2000000000000002
20
-6.0499999999999998
11
5.2999999999999998
21
-6.0499999999999998
0
LINE
8
RED2
6
CONTINUOUS
10
5.2000000000000002
20
-6.1000000000000005
11
5.2000000000000002
21
-6.
0
LINE
8
RED2
6
CONTINUOUS
10
5.2999999999999998
20
-6.1000000000000005
11
5.2999999999999998
21
-6.
0
LINE
8
RED2
6
CONTINUOUS
10
5.2999999999999998
20
-6.
11
5.2000000000000002
21
-6.0499999999999998
0
LINE
8
RED2
6
CONTINUOUS
10
5.2000000000000002
20
-6.0499999999999998
11
5.2999999999999998
21
-6.1000000000000005
0
LINE
8
RED2
6
CONTINUOUS
10
5.2000000000000002
20
-6.0499999999999998
11
5.1000000000000005
21
-6.0499999999999998
0
LINE
8
RED2
6
CONTINUOUS
10
5.2999999999999998
20
-6.0499999999999998
11
5.4000000000000004
21
-6.0499999999999998
0
LINE
8
CYAN2
6
CONTINUOUS
10
5.3092834645669296
20
-6.0128031496062997
11
5.3092834645669296
21
-5.9628031496062999
0
LINE
8
CYAN2
6
CONTINUOUS
10
5.3092834645669296
20
-5.9628031496062999
11
5.321188976377953
21
-5.9628031496062999
0
LINE
8
CYAN2
6
CONTINUOUS
10
5.321188976377953
20
-5.9628031496062999
11
5.3283307086614178
21
-5.9651850393700787
0
LINE
8
CYAN2
6
CONTINUOUS
10
5.3283307086614178
20
-5.9651850393700787
11
5.3330944881889764
21
-5.9699488188976382
0
LINE
8
CYAN2
6
CONTINUOUS
10
5.3330944881889764
20
-5.9699488188976382
11
5.3354763779527561
21
-5.9747086614173233
0
LINE
8
CYAN2
6
CONTINUOUS
10
5.3354763779527561
20
-5.9747086614173233
11
5.3378543307086614
21
-5.9842322834645669
0
LINE
8
CYAN2
6
CONTINUOUS
10
5.3378543307086614
20
-5.9842322834645669
11
5.3378543307086614
21
-5.9913740157480317
0
LINE
8
CYAN2
6
CONTINUOUS
10
5.3378543307086614
20
-5.9913740157480317
11
5.3354763779527561
21
-6.0008976377952754
0
LINE
8
CYAN2
6
CONTINUOUS
10
5.3354763779527561
20
-6.0008976377952754
11
5.3330944881889764
21
-6.0056614173228349
0
LINE
8
CYAN2
6
CONTINUOUS
10
5.3330944881889764
20
-6.0056614173228349
11
5.3283307086614178
21
-6.0104251968503943
0
LINE
8
CYAN2
6
CONTINUOUS
10
5.3283307086614178
20
-6.0104251968503943
11
5.321188976377953
21
-6.0128031496062997
0
LINE
8
CYAN2
6
CONTINUOUS
10
5.321188976377953
20
-6.0128031496062997
11
5.3092834645669296
21
-6.0128031496062997
0
LINE
8
CYAN2
6
CONTINUOUS
10
5.3807125984251973
20
-5.9794724409448818
11
5.3807125984251973
21
-6.0128031496062997
0
LINE
8
CYAN2
6
CONTINUOUS
10
5.3688070866141731
20
-5.9604251968503936
11
5.356905511811024
21
-5.9961377952755912
0
LINE
8
CYAN2
6
CONTINUOUS
10
5.356905511811024
20
-5.9961377952755912
11
5.3878543307086613
21
-5.9961377952755912
0
LINE
8
CYAN2
6
CONTINUOUS
10
5.4021417322834644
20
-5.9628031496062999
11
5.4330944881889769
21
-5.9628031496062999
0
LINE
8
CYAN2
6
CONTINUOUS
10
5.4330944881889769
20
-5.9628031496062999
11
5.416425196850394
21
-5.9818503937007872
0
LINE
8
CYAN2
6
CONTINUOUS
10
5.416425196850394
20
-5.9818503937007872
11
5.4235708661417323
21
-5.9818503937007872
0
LINE
8
CYAN2
6
CONTINUOUS
10
5.4235708661417323
20
-5.9818503937007872
11
5.4283307086614174
21
-5.9842322834645669
0
LINE
8
CYAN2
6
CONTINUOUS
10
5.4283307086614174
20
-5.9842322834645669
11
5.4307125984251972
21
-5.9866141732283467
0
LINE
8
CYAN2
6
CONTINUOUS
10
5.4307125984251972
20
-5.9866141732283467
11
5.4330944881889769
21
-5.9913740157480317
0
LINE
8
CYAN2
6
CONTINUOUS
10
5.4330944881889769
20
-5.9913740157480317
11
5.4330944881889769
21
-6.0032795275590551
0
LINE
8
CYAN2
6
CONTINUOUS
10
5.4330944881889769
20
-6.0032795275590551
11
5.4307125984251972
21
-6.0080433070866146
0
LINE
8
CYAN2
6
CONTINUOUS
10
5.4307125984251972
20
-6.0080433070866146
11
5.4283307086614174
21
-6.0104251968503943
0
LINE
8
CYAN2
6
CONTINUOUS
10
5.4283307086614174
20
-6.0104251968503943
11
5.4235708661417323
21
-6.0128031496062997
0
LINE
8
CYAN2
6
CONTINUOUS
10
5.4235708661417323
20
-6.0128031496062997
11
5.4092834645669292
21
-6.0128031496062997
0
LINE
8
CYAN2
6
CONTINUOUS
10
5.4092834645669292
20
-6.0128031496062997
11
5.4045236220472441
21
-6.0104251968503943
0
LINE
8
CYAN2
6
CONTINUOUS
10
5.4045236220472441
20
-6.0104251968503943
11
5.4021417322834644
21
-6.0080433070866146
0
LINE
8
CYAN2
6
CONTINUOUS
10
5.0921417322834648
20
-6.1089960629921265
11
5.0921417322834648
21
-6.1328031496062998
0
LINE
8
CYAN2
6
CONTINUOUS
10
5.0754763779527563
20
-6.0828031496062991
11
5.0921417322834648
21
-6.1089960629921265
0
LINE
8
CYAN2
6
CONTINUOUS
10
5.0921417322834648
20
-6.1089960629921265
11
5.1088110236220476
21
-6.0828031496062991
0
LINE
8
CYAN2
6
CONTINUOUS
10
5.1254763779527561
20
-6.1066141732283468
11
5.142145669291339
21
-6.1066141732283468
0
LINE
8
CYAN2
6
CONTINUOUS
10
5.1492874015748029
20
-6.1328031496062998
11
5.1254763779527561
21
-6.1328031496062998
0
LINE
8
CYAN2
6
CONTINUOUS
10
5.1254763779527561
20
-6.1328031496062998
11
5.1254763779527561
21
-6.0828031496062991
0
LINE
8
CYAN2
6
CONTINUOUS
10
5.1254763779527561
20
-6.0828031496062991
11
5.1492874015748029
21
-6.0828031496062991
0
LINE
8
CYAN2
6
CONTINUOUS
10
5.1945236220472442
20
-6.1328031496062998
11
5.1707125984251974
21
-6.1328031496062998
0
LINE
8
CYAN2
6
CONTINUOUS
10
5.1707125984251974
20
-6.1328031496062998
11
5.1707125984251974
21
-6.0828031496062991
0
LINE
8
CYAN2
6
CONTINUOUS
10
5.2350000000000003
20
-6.1328031496062998
11
5.2111889763779526
21
-6.1328031496062998
0
LINE
8
CYAN2
6
CONTINUOUS
10
5.2111889763779526
20
-6.1328031496062998
11
5.2111889763779526
21
-6.0828031496062991
0
LINE
8
CYAN2
6
CONTINUOUS
10
5.2611889763779534
20
-6.0828031496062991
11
5.270712598425197
21
-6.0828031496062991
0
LINE
8
CYAN2
6
CONTINUOUS
10
5.270712598425197
20
-6.0828031496062991
11
5.2754763779527565
21
-6.0851850393700788
0
LINE
8
CYAN2
6
CONTINUOUS
10
5.2754763779527565
20
-6.0851850393700788
11
5.2802362204724416
21
-6.0899488188976383
0
LINE
8
CYAN2
6
CONTINUOUS
10
5.2802362204724416
20
-6.0899488188976383
11
5.2826181102362204
21
-6.0994724409448819
0
LINE
8
CYAN2
6
CONTINUOUS
10
5.2826181102362204
20
-6.0994724409448819
11
5.2826181102362204
21
-6.1161377952755904
0
LINE
8
CYAN2
6
CONTINUOUS
10
5.2826181102362204
20
-6.1161377952755904
11
5.2802362204724416
21
-6.125661417322835
0
LINE
8
CYAN2
6
CONTINUOUS
10
5.2802362204724416
20
-6.125661417322835
11
5.2754763779527565
21
-6.1304251968503936
0
LINE
8
CYAN2
6
CONTINUOUS
10
5.2754763779527565
20
-6.1304251968503936
11
5.270712598425197
21
-6.1328031496062998
0
LINE
8
CYAN2
6
CONTINUOUS
10
5.270712598425197
20
-6.1328031496062998
11
5.2611889763779534
21
-6.1328031496062998
0
LINE
8
CYAN2
6
CONTINUOUS
10
5.2611889763779534
20
-6.1328031496062998
11
5.2564291338582683
21
-6.1304251968503936
0
LINE
8
CYAN2
6
CONTINUOUS
10
5.2564291338582683
20
-6.1304251968503936
11
5.2516653543307088
21
-6.125661417322835
0
LINE
8
CYAN2
6
CONTINUOUS
10
5.2516653543307088
20
-6.125661417322835
11
5.2492874015748034
21
-6.1161377952755904
0
LINE
8
CYAN2
6
CONTINUOUS
10
5.2492874015748034
20
-6.1161377952755904
11
5.2492874015748034
21
-6.0994724409448819
0
LINE
8
CYAN2
6
CONTINUOUS
10
5.2492874015748034
20
-6.0994724409448819
11
5.2516653543307088
21
-6.0899488188976383
0
LINE
8
CYAN2
6
CONTINUOUS
10
5.2516653543307088
20
-6.0899488188976383
11
5.2564291338582683
21
-6.0851850393700788
0
LINE
8
CYAN2
6
CONTINUOUS
10
5.2564291338582683
20
-6.0851850393700788
11
5.2611889763779534
21
-6.0828031496062991
0
LINE
8
CYAN2
6
CONTINUOUS
10
5.2992874015748033
20
-6.0828031496062991
11
5.3111929133858267
21
-6.1328031496062998
0
LINE
8
CYAN2
6
CONTINUOUS
10
5.3111929133858267
20
-6.1328031496062998
11
5.3207165354330712
21
-6.0970905511811022
0
LINE
8
CYAN2
6
CONTINUOUS
10
5.3207165354330712
20
-6.0970905511811022
11
5.3302401574803149
21
-6.1328031496062998
0
LINE
8
CYAN2
6
CONTINUOUS
10
5.3302401574803149
20
-6.1328031496062998
11
5.3421456692913392
21
-6.0828031496062991
0
LINE
8
RED2
6
CONTINUOUS
10
5.1299999999999999
20
-6.3799999999999999
11
5.0700000000000003
21
-6.4400000000000004
0
LINE
8
RED2
6
CONTINUOUS
10
5.0700000000000003
20
-6.4400000000000004
11
5.1000000000000005
21
-6.4400000000000004
0
LINE
8
RED2
6
CONTINUOUS
10
5.1000000000000005
20
-6.4400000000000004
11
5.0700000000000003
21
-6.4400000000000004
0
LINE
8
RED2
6
CONTINUOUS
10
5.0700000000000003
20
-6.4400000000000004
11
5.0700000000000003
21
-6.4100000000000001
0
LINE
8
RED2
6
CONTINUOUS
10
5.1800000000000006
20
-6.3799999999999999
11
5.1200000000000001
21
-6.4400000000000004
0
LINE
8
RED2
6
CONTINUOUS
10
5.1200000000000001
20
-6.4400000000000004
11
5.1500000000000004
21
-6.4400000000000004
0
LINE
8
RED2
6
CONTINUOUS
10
5.1500000000000004
20
-6.4400000000000004
11
5.1200000000000001
21
-6.4400000000000004
0
LINE
8
RED2
6
CONTINUOUS
10
5.1200000000000001
20
-6.4400000000000004
11
5.1200000000000001
21
-6.4100000000000001
0
LINE
8
RED2
6
CONTINUOUS
10
5.2000000000000002
20
-6.3500000000000005
11
5.2999999999999998
21
-6.3500000000000005
0
LINE
8
RED2
6
CONTINUOUS
10
5.2000000000000002
20
-6.4000000000000004
11
5.2000000000000002
21
-6.2999999999999998
0
LINE
8
RED2
6
CONTINUOUS
10
5.2999999999999998
20
-6.4000000000000004
11
5.2999999999999998
21
-6.2999999999999998
0
LINE
8
RED2
6
CONTINUOUS
10
5.2999999999999998
20
-6.2999999999999998
11
5.2000000000000002
21
-6.3500000000000005
0
LINE
8
RED2
6
CONTINUOUS
10
5.2000000000000002
20
-6.3500000000000005
11
5.2999999999999998
21
-6.4000000000000004
0
LINE
8
RED2
6
CONTINUOUS
10
5.2000000000000002
20
-6.3500000000000005
11
5.1000000000000005
21
-6.3500000000000005
0
LINE
8
RED2
6
CONTINUOUS
10
5.2999999999999998
20
-6.3500000000000005
11
5.4000000000000004
21
-6.3500000000000005
0
LINE
8
CYAN2
6
CONTINUOUS
10
5.2492834645669291
20
-6.4528031496062992
11
5.2492834645669291
21
-6.4028031496062994
0
LINE
8
CYAN2
6
CONTINUOUS
10
5.2492834645669291
20
-6.4028031496062994
11
5.2611889763779534
21
-6.4028031496062994
0
LINE
8
CYAN2
6
CONTINUOUS
10
5.2611889763779534
20
-6.4028031496062994
11
5.2683307086614173
21
-6.4051850393700791
0
LINE
8
CYAN2
6
CONTINUOUS
10
5.2683307086614173
20
-6.4051850393700791
11
5.2730944881889767
21
-6.4099488188976377
0
LINE
8
CYAN2
6
CONTINUOUS
10
5.2730944881889767
20
-6.4099488188976377
11
5.2754763779527565
21
-6.4147086614173228
0
LINE
8
CYAN2
6
CONTINUOUS
10
5.2754763779527565
20
-6.4147086614173228
11
5.2778543307086618
21
-6.4242322834645673
0
LINE
8
CYAN2
6
CONTINUOUS
10
5.2778543307086618
20
-6.4242322834645673
11
5.2778543307086618
21
-6.4313740157480321
0
LINE
8
CYAN2
6
CONTINUOUS
10
5.2778543307086618
20
-6.4313740157480321
11
5.2754763779527565
21
-6.4408976377952758
0
LINE
8
CYAN2
6
CONTINUOUS
10
5.2754763779527565
20
-6.4408976377952758
11
5.2730944881889767
21
-6.4456614173228353
0
LINE
8
CYAN2
6
CONTINUOUS
10
5.2730944881889767
20
-6.4456614173228353
11
5.2683307086614173
21
-6.4504251968503938
0
LINE
8
CYAN2
6
CONTINUOUS
10
5.2683307086614173
20
-6.4504251968503938
11
5.2611889763779534
21
-6.4528031496062992
0
LINE
8
CYAN2
6
CONTINUOUS
10
5.2611889763779534
20
-6.4528031496062992
11
5.2492834645669291
21
-6.4528031496062992
0
LINE
8
CYAN2
6
CONTINUOUS
10
5.3207125984251968
20
-6.4194724409448822
11
5.3207125984251968
21
-6.4528031496062992
0
LINE
8
CYAN2
6
CONTINUOUS
10
5.3088070866141734
20
-6.400425196850394
11
5.2969055118110235
21
-6.4361377952755907
0
LINE
8
CYAN2
6
CONTINUOUS
10
5.2969055118110235
20
-6.4361377952755907
11
5.3278543307086617
21
-6.4361377952755907
0
LINE
8
CYAN2
6
CONTINUOUS
10
5.3707125984251967
20
-6.4028031496062994
11
5.3469015748031499
21
-6.4028031496062994
0
LINE
8
CYAN2
6
CONTINUOUS
10
5.3469015748031499
20
-6.4028031496062994
11
5.3445236220472445
21
-6.426614173228347
0
LINE
8
CYAN2
6
CONTINUOUS
10
5.3445236220472445
20
-6.426614173228347
11
5.3469015748031499
21
-6.4242322834645673
0
LINE
8
CYAN2
6
CONTINUOUS
10
5.3469015748031499
20
-6.4242322834645673
11
5.3516653543307084
21
-6.4218503937007876
0
LINE
8
CYAN2
6
CONTINUOUS
10
5.3516653543307084
20
-6.4218503937007876
11
5.3635708661417327
21
-6.4218503937007876
0
LINE
8
CYAN2
6
CONTINUOUS
10
5.3635708661417327
20
-6.4218503937007876
11
5.3683307086614178
21
-6.4242322834645673
0
LINE
8
CYAN2
6
CONTINUOUS
10
5.3683307086614178
20
-6.4242322834645673
11
5.3707125984251967
21
-6.426614173228347
0
LINE
8
CYAN2
6
CONTINUOUS
10
5.3707125984251967
20
-6.426614173228347
11
5.3730944881889764
21
-6.4313740157480321
0
LINE
8
CYAN2
6
CONTINUOUS
10
5.3730944881889764
20
-6.4313740157480321
11
5.3730944881889764
21
-6.4432795275590555
0
LINE
8
CYAN2
6
CONTINUOUS
10
5.3730944881889764
20
-6.4432795275590555
11
5.3707125984251967
21
-6.4480433070866141
0
LINE
8
CYAN2
6
CONTINUOUS
10
5.3707125984251967
20
-6.4480433070866141
11
5.3683307086614178
21
-6.4504251968503938
0
LINE
8
CYAN2
6
CONTINUOUS
10
5.3683307086614178
20
-6.4504251968503938
11
5.3635708661417327
21
-6.4528031496062992
0
LINE
8
CYAN2
6
CONTINUOUS
10
5.3635708661417327
20
-6.4528031496062992
11
5.3516653543307084
21
-6.4528031496062992
0
LINE
8
CYAN2
6
CONTINUOUS
10
5.3516653543307084
20
-6.4528031496062992
11
5.3469015748031499
21
-6.4504251968503938
0
LINE
8
CYAN2
6
CONTINUOUS
10
5.3469015748031499
20
-6.4504251968503938
11
5.3445236220472445
21
-6.4480433070866141
0
LINE
8
CYAN2
6
CONTINUOUS
10
5.0921417322834648
20
-6.4889960629921264
11
5.0921417322834648
21
-6.5128031496062997
0
LINE
8
CYAN2
6
CONTINUOUS
10
5.0754763779527563
20
-6.4628031496062999
11
5.0921417322834648
21
-6.4889960629921264
0
LINE
8
CYAN2
6
CONTINUOUS
10
5.0921417322834648
20
-6.4889960629921264
11
5.1088110236220476
21
-6.4628031496062999
0
LINE
8
CYAN2
6
CONTINUOUS
10
5.1254763779527561
20
-6.4866141732283467
11
5.142145669291339
21
-6.4866141732283467
0
LINE
8
CYAN2
6
CONTINUOUS
10
5.1492874015748029
20
-6.5128031496062997
11
5.1254763779527561
21
-6.5128031496062997
0
LINE
8
CYAN2
6
CONTINUOUS
10
5.1254763779527561
20
-6.5128031496062997
11
5.1254763779527561
21
-6.4628031496062999
0
LINE
8
CYAN2
6
CONTINUOUS
10
5.1254763779527561
20
-6.4628031496062999
11
5.1492874015748029
21
-6.4628031496062999
0
LINE
8
CYAN2
6
CONTINUOUS
10
5.1945236220472442
20
-6.5128031496062997
11
5.1707125984251974
21
-6.5128031496062997
0
LINE
8
CYAN2
6
CONTINUOUS
10
5.1707125984251974
20
-6.5128031496062997
11
5.1707125984251974
21
-6.4628031496062999
0
LINE
8
CYAN2
6
CONTINUOUS
10
5.2350000000000003
20
-6.5128031496062997
11
5.2111889763779526
21
-6.5128031496062997
0
LINE
8
CYAN2
6
CONTINUOUS
10
5.2111889763779526
20
-6.5128031496062997
11
5.2111889763779526
21
-6.4628031496062999
0
LINE
8
CYAN2
6
CONTINUOUS
10
5.2611889763779534
20
-6.4628031496062999
11
5.270712598425197
21
-6.4628031496062999
0
LINE
8
CYAN2
6
CONTINUOUS
10
5.270712598425197
20
-6.4628031496062999
11
5.2754763779527565
21
-6.4651850393700787
0
LINE
8
CYAN2
6
CONTINUOUS
10
5.2754763779527565
20
-6.4651850393700787
11
5.2802362204724416
21
-6.4699488188976382
0
LINE
8
CYAN2
6
CONTINUOUS
10
5.2802362204724416
20
-6.4699488188976382
11
5.2826181102362204
21
-6.4794724409448818
0
LINE
8
CYAN2
6
CONTINUOUS
10
5.2826181102362204
20
-6.4794724409448818
11
5.2826181102362204
21
-6.4961377952755912
0
LINE
8
CYAN2
6
CONTINUOUS
10
5.2826181102362204
20
-6.4961377952755912
11
5.2802362204724416
21
-6.5056614173228349
0
LINE
8
CYAN2
6
CONTINUOUS
10
5.2802362204724416
20
-6.5056614173228349
11
5.2754763779527565
21
-6.5104251968503943
0
LINE
8
CYAN2
6
CONTINUOUS
10
5.2754763779527565
20
-6.5104251968503943
11
5.270712598425197
21
-6.5128031496062997
0
LINE
8
CYAN2
6
CONTINUOUS
10
5.270712598425197
20
-6.5128031496062997
11
5.2611889763779534
21
-6.5128031496062997
0
LINE
8
CYAN2
6
CONTINUOUS
10
5.2611889763779534
20
-6.5128031496062997
11
5.2564291338582683
21
-6.5104251968503943
0
LINE
8
CYAN2
6
CONTINUOUS
10
5.2564291338582683
20
-6.5104251968503943
11
5.2516653543307088
21
-6.5056614173228349
0
LINE
8
CYAN2
6
CONTINUOUS
10
5.2516653543307088
20
-6.5056614173228349
11
5.2492874015748034
21
-6.4961377952755912
0
LINE
8
CYAN2
6
CONTINUOUS
10
5.2492874015748034
20
-6.4961377952755912
11
5.2492874015748034
21
-6.4794724409448818
0
LINE
8
CYAN2
6
CONTINUOUS
10
5.2492874015748034
20
-6.4794724409448818
11
5.2516653543307088
21
-6.4699488188976382
0
LINE
8
CYAN2
6
CONTINUOUS
10
5.2516653543307088
20
-6.4699488188976382
11
5.2564291338582683
21
-6.4651850393700787
0
LINE
8
CYAN2
6
CONTINUOUS
10
5.2564291338582683
20
-6.4651850393700787
11
5.2611889763779534
21
-6.4628031496062999
0
LINE
8
CYAN2
6
CONTINUOUS
10
5.2992874015748033
20
-6.4628031496062999
11
5.3111929133858267
21
-6.5128031496062997
0
LINE
8
CYAN2
6
CONTINUOUS
10
5.3111929133858267
20
-6.5128031496062997
11
5.3207165354330712
21
-6.477090551181103
0
LINE
8
CYAN2
6
CONTINUOUS
10
5.3207165354330712
20
-6.477090551181103
11
5.3302401574803149
21
-6.5128031496062997
0
LINE
8
CYAN2
6
CONTINUOUS
10
5.3302401574803149
20
-6.5128031496062997
11
5.3421456692913392
21
-6.4628031496062999
0
LINE
8
RED2
6
CONTINUOUS
10
4.8500000000000005
20
-6.2400000000000002
11
4.8500000000000005
21
-6.1600000000000001
0
LINE
8
RED2
6
CONTINUOUS
10
4.8500000000000005
20
-6.1600000000000001
11
4.6500000000000004
21
-6.1600000000000001
0
LINE
8
RED2
6
CONTINUOUS
10
4.6500000000000004
20
-6.1600000000000001
11
4.6500000000000004
21
-6.2400000000000002
0
LINE
8
RED2
6
CONTINUOUS
10
4.6500000000000004
20
-6.2400000000000002
11
4.8500000000000005
21
-6.2400000000000002
0
LINE
8
RED2
6
CONTINUOUS
10
4.6500000000000004
20
-6.2000000000000002
11
4.6000000000000005
21
-6.2000000000000002
0
LINE
8
RED2
6
CONTINUOUS
10
4.8500000000000005
20
-6.2000000000000002
11
4.9000000000000004
21
-6.2000000000000002
0
LINE
8
CYAN2
6
CONTINUOUS
10
4.5478543307086614
20
-6.152799212598425
11
4.5311889763779529
21
-6.1289921259842526
0
LINE
8
CYAN2
6
CONTINUOUS
10
4.5192834645669295
20
-6.152799212598425
11
4.5192834645669295
21
-6.1027992125984252
0
LINE
8
CYAN2
6
CONTINUOUS
10
4.5192834645669295
20
-6.1027992125984252
11
4.5383307086614177
21
-6.1027992125984252
0
LINE
8
CYAN2
6
CONTINUOUS
10
4.5383307086614177
20
-6.1027992125984252
11
4.5430944881889763
21
-6.1051811023622049
0
LINE
8
CYAN2
6
CONTINUOUS
10
4.5430944881889763
20
-6.1051811023622049
11
4.5454763779527561
21
-6.1075629921259846
0
LINE
8
CYAN2
6
CONTINUOUS
10
4.5454763779527561
20
-6.1075629921259846
11
4.5478543307086614
21
-6.1123228346456697
0
LINE
8
CYAN2
6
CONTINUOUS
10
4.5478543307086614
20
-6.1123228346456697
11
4.5478543307086614
21
-6.119468503937008
0
LINE
8
CYAN2
6
CONTINUOUS
10
4.5478543307086614
20
-6.119468503937008
11
4.5454763779527561
21
-6.1242283464566931
0
LINE
8
CYAN2
6
CONTINUOUS
10
4.5454763779527561
20
-6.1242283464566931
11
4.5430944881889763
21
-6.1266102362204728
0
LINE
8
CYAN2
6
CONTINUOUS
10
4.5430944881889763
20
-6.1266102362204728
11
4.5383307086614177
21
-6.1289921259842526
0
LINE
8
CYAN2
6
CONTINUOUS
10
4.5383307086614177
20
-6.1289921259842526
11
4.5192834645669295
21
-6.1289921259842526
0
LINE
8
CYAN2
6
CONTINUOUS
10
4.5930944881889761
20
-6.1027992125984252
11
4.5692834645669294
21
-6.1027992125984252
0
LINE
8
CYAN2
6
CONTINUOUS
10
4.5692834645669294
20
-6.1027992125984252
11
4.566905511811024
21
-6.1266102362204728
0
LINE
8
CYAN2
6
CONTINUOUS
10
4.566905511811024
20
-6.1266102362204728
11
4.5692834645669294
21
-6.1242283464566931
0
LINE
8
CYAN2
6
CONTINUOUS
10
4.5692834645669294
20
-6.1242283464566931
11
4.5740472440944879
21
-6.1218464566929134
0
LINE
8
CYAN2
6
CONTINUOUS
10
4.5740472440944879
20
-6.1218464566929134
11
4.5859527559055122
21
-6.1218464566929134
0
LINE
8
CYAN2
6
CONTINUOUS
10
4.5859527559055122
20
-6.1218464566929134
11
4.5907125984251973
21
-6.1242283464566931
0
LINE
8
CYAN2
6
CONTINUOUS
10
4.5907125984251973
20
-6.1242283464566931
11
4.5930944881889761
21
-6.1266102362204728
0
LINE
8
CYAN2
6
CONTINUOUS
10
4.5930944881889761
20
-6.1266102362204728
11
4.5954763779527559
21
-6.1313700787401579
0
LINE
8
CYAN2
6
CONTINUOUS
10
4.5954763779527559
20
-6.1313700787401579
11
4.5954763779527559
21
-6.1432755905511813
0
LINE
8
CYAN2
6
CONTINUOUS
10
4.5954763779527559
20
-6.1432755905511813
11
4.5930944881889761
21
-6.1480393700787408
0
LINE
8
CYAN2
6
CONTINUOUS
10
4.5930944881889761
20
-6.1480393700787408
11
4.5907125984251973
21
-6.1504212598425196
0
LINE
8
CYAN2
6
CONTINUOUS
10
4.5907125984251973
20
-6.1504212598425196
11
4.5859527559055122
21
-6.152799212598425
0
LINE
8
CYAN2
6
CONTINUOUS
10
4.5859527559055122
20
-6.152799212598425
11
4.5740472440944879
21
-6.152799212598425
0
LINE
8
CYAN2
6
CONTINUOUS
10
4.5740472440944879
20
-6.152799212598425
11
4.5692834645669294
21
-6.1504212598425196
0
LINE
8
CYAN2
6
CONTINUOUS
10
4.5692834645669294
20
-6.1504212598425196
11
4.566905511811024
21
-6.1480393700787408
0
LINE
8
CYAN2
6
CONTINUOUS
10
4.6240472440944886
20
-6.1242283464566931
11
4.6192834645669292
21
-6.1218464566929134
0
LINE
8
CYAN2
6
CONTINUOUS
10
4.6192834645669292
20
-6.1218464566929134
11
4.6169015748031494
21
-6.119468503937008
0
LINE
8
CYAN2
6
CONTINUOUS
10
4.6169015748031494
20
-6.119468503937008
11
4.6145236220472441
21
-6.1147047244094495
0
LINE
8
CYAN2
6
CONTINUOUS
10
4.6145236220472441
20
-6.1147047244094495
11
4.6145236220472441
21
-6.1123228346456697
0
LINE
8
CYAN2
6
CONTINUOUS
10
4.6145236220472441
20
-6.1123228346456697
11
4.6169015748031494
21
-6.1075629921259846
0
LINE
8
CYAN2
6
CONTINUOUS
10
4.6169015748031494
20
-6.1075629921259846
11
4.6192834645669292
21
-6.1051811023622049
0
LINE
8
CYAN2
6
CONTINUOUS
10
4.6192834645669292
20
-6.1051811023622049
11
4.6240472440944886
21
-6.1027992125984252
0
LINE
8
CYAN2
6
CONTINUOUS
10
4.6240472440944886
20
-6.1027992125984252
11
4.6335708661417323
21
-6.1027992125984252
0
LINE
8
CYAN2
6
CONTINUOUS
10
4.6335708661417323
20
-6.1027992125984252
11
4.6383307086614174
21
-6.1051811023622049
0
LINE
8
CYAN2
6
CONTINUOUS
10
4.6383307086614174
20
-6.1051811023622049
11
4.6407125984251971
21
-6.1075629921259846
0
LINE
8
CYAN2
6
CONTINUOUS
10
4.6407125984251971
20
-6.1075629921259846
11
4.6430944881889769
21
-6.1123228346456697
0
LINE
8
CYAN2
6
CONTINUOUS
10
4.6430944881889769
20
-6.1123228346456697
11
4.6430944881889769
21
-6.1147047244094495
0
LINE
8
CYAN2
6
CONTINUOUS
10
4.6430944881889769
20
-6.1147047244094495
11
4.6407125984251971
21
-6.119468503937008
0
LINE
8
CYAN2
6
CONTINUOUS
10
4.6407125984251971
20
-6.119468503937008
11
4.6383307086614174
21
-6.1218464566929134
0
LINE
8
CYAN2
6
CONTINUOUS
10
4.6383307086614174
20
-6.1218464566929134
11
4.6335708661417323
21
-6.1242283464566931
0
LINE
8
CYAN2
6
CONTINUOUS
10
4.6335708661417323
20
-6.1242283464566931
11
4.6240472440944886
21
-6.1242283464566931
0
LINE
8
CYAN2
6
CONTINUOUS
10
4.6240472440944886
20
-6.1242283464566931
11
4.6192834645669292
21
-6.1266102362204728
0
LINE
8
CYAN2
6
CONTINUOUS
10
4.6192834645669292
20
-6.1266102362204728
11
4.6169015748031494
21
-6.1289921259842526
0
LINE
8
CYAN2
6
CONTINUOUS
10
4.6169015748031494
20
-6.1289921259842526
11
4.6145236220472441
21
-6.1337519685039377
0
LINE
8
CYAN2
6
CONTINUOUS
10
4.6145236220472441
20
-6.1337519685039377
11
4.6145236220472441
21
-6.1432755905511813
0
LINE
8
CYAN2
6
CONTINUOUS
10
4.6145236220472441
20
-6.1432755905511813
11
4.6169015748031494
21
-6.1480393700787408
0
LINE
8
CYAN2
6
CONTINUOUS
10
4.6169015748031494
20
-6.1480393700787408
11
4.6192834645669292
21
-6.1504212598425196
0
LINE
8
CYAN2
6
CONTINUOUS
10
4.6192834645669292
20
-6.1504212598425196
11
4.6240472440944886
21
-6.152799212598425
0
LINE
8
CYAN2
6
CONTINUOUS
10
4.6240472440944886
20
-6.152799212598425
11
4.6335708661417323
21
-6.152799212598425
0
LINE
8
CYAN2
6
CONTINUOUS
10
4.6335708661417323
20
-6.152799212598425
11
4.6383307086614174
21
-6.1504212598425196
0
LINE
8
CYAN2
6
CONTINUOUS
10
4.6383307086614174
20
-6.1504212598425196
11
4.6407125984251971
21
-6.1480393700787408
0
LINE
8
CYAN2
6
CONTINUOUS
10
4.6407125984251971
20
-6.1480393700787408
11
4.6430944881889769
21
-6.1432755905511813
0
LINE
8
CYAN2
6
CONTINUOUS
10
4.6430944881889769
20
-6.1432755905511813
11
4.6430944881889769
21
-6.1337519685039377
0
LINE
8
CYAN2
6
CONTINUOUS
10
4.6430944881889769
20
-6.1337519685039377
11
4.6407125984251971
21
-6.1289921259842526
0
LINE
8
CYAN2
6
CONTINUOUS
10
4.6407125984251971
20
-6.1289921259842526
11
4.6383307086614174
21
-6.1266102362204728
0
LINE
8
CYAN2
6
CONTINUOUS
10
4.6383307086614174
20
-6.1266102362204728
11
4.6335708661417323
21
-6.1242283464566931
0
LINE
8
CYAN2
6
CONTINUOUS
10
4.6880944881889768
20
-6.1875629921259847
11
4.6904724409448821
21
-6.185181102362205
0
LINE
8
CYAN2
6
CONTINUOUS
10
4.6904724409448821
20
-6.185181102362205
11
4.6952362204724407
21
-6.1827992125984252
0
LINE
8
CYAN2
6
CONTINUOUS
10
4.6952362204724407
20
-6.1827992125984252
11
4.707141732283465
21
-6.1827992125984252
0
LINE
8
CYAN2
6
CONTINUOUS
10
4.707141732283465
20
-6.1827992125984252
11
4.7119015748031501
21
-6.185181102362205
0
LINE
8
CYAN2
6
CONTINUOUS
10
4.7119015748031501
20
-6.185181102362205
11
4.7142834645669289
21
-6.1875629921259847
0
LINE
8
CYAN2
6
CONTINUOUS
10
4.7142834645669289
20
-6.1875629921259847
11
4.7166653543307087
21
-6.1923228346456698
0
LINE
8
CYAN2
6
CONTINUOUS
10
4.7166653543307087
20
-6.1923228346456698
11
4.7166653543307087
21
-6.1970866141732284
0
LINE
8
CYAN2
6
CONTINUOUS
10
4.7166653543307087
20
-6.1970866141732284
11
4.7142834645669289
21
-6.2042283464566932
0
LINE
8
CYAN2
6
CONTINUOUS
10
4.7142834645669289
20
-6.2042283464566932
11
4.6857125984251971
21
-6.2327992125984251
0
LINE
8
CYAN2
6
CONTINUOUS
10
4.6857125984251971
20
-6.2327992125984251
11
4.7166653543307087
21
-6.2327992125984251
0
LINE
8
CYAN2
6
CONTINUOUS
10
4.7357125984251969
20
-6.1875629921259847
11
4.7380905511811022
21
-6.185181102362205
0
LINE
8
CYAN2
6
CONTINUOUS
10
4.7380905511811022
20
-6.185181102362205
11
4.7428543307086617
21
-6.1827992125984252
0
LINE
8
CYAN2
6
CONTINUOUS
10
4.7428543307086617
20
-6.1827992125984252
11
4.7547598425196851
21
-6.1827992125984252
0
LINE
8
CYAN2
6
CONTINUOUS
10
4.7547598425196851
20
-6.1827992125984252
11
4.7595196850393702
21
-6.185181102362205
0
LINE
8
CYAN2
6
CONTINUOUS
10
4.7595196850393702
20
-6.185181102362205
11
4.7619015748031499
21
-6.1875629921259847
0
LINE
8
CYAN2
6
CONTINUOUS
10
4.7619015748031499
20
-6.1875629921259847
11
4.7642834645669296
21
-6.1923228346456698
0
LINE
8
CYAN2
6
CONTINUOUS
10
4.7642834645669296
20
-6.1923228346456698
11
4.7642834645669296
21
-6.1970866141732284
0
LINE
8
CYAN2
6
CONTINUOUS
10
4.7642834645669296
20
-6.1970866141732284
11
4.7619015748031499
21
-6.2042283464566932
0
LINE
8
CYAN2
6
CONTINUOUS
10
4.7619015748031499
20
-6.2042283464566932
11
4.7333307086614171
21
-6.2327992125984251
0
LINE
8
CYAN2
6
CONTINUOUS
10
4.7333307086614171
20
-6.2327992125984251
11
4.7642834645669296
21
-6.2327992125984251
0
LINE
8
CYAN2
6
CONTINUOUS
10
4.7952322834645669
20
-6.1827992125984252
11
4.7999960629921263
21
-6.1827992125984252
0
LINE
8
CYAN2
6
CONTINUOUS
10
4.7999960629921263
20
-6.1827992125984252
11
4.8047559055118114
21
-6.185181102362205
0
LINE
8
CYAN2
6
CONTINUOUS
10
4.8047559055118114
20
-6.185181102362205
11
4.8071377952755912
21
-6.1875629921259847
0
LINE
8
CYAN2
6
CONTINUOUS
10
4.8071377952755912
20
-6.1875629921259847
11
4.80951968503937
21
-6.1923228346456698
0
LINE
8
CYAN2
6
CONTINUOUS
10
4.80951968503937
20
-6.1923228346456698
11
4.8119015748031497
21
-6.2018464566929135
0
LINE
8
CYAN2
6
CONTINUOUS
10
4.8119015748031497
20
-6.2018464566929135
11
4.8119015748031497
21
-6.2137519685039369
0
LINE
8
CYAN2
6
CONTINUOUS
10
4.8119015748031497
20
-6.2137519685039369
11
4.80951968503937
21
-6.2232755905511814
0
LINE
8
CYAN2
6
CONTINUOUS
10
4.80951968503937
20
-6.2232755905511814
11
4.8071377952755912
21
-6.22803937007874
0
LINE
8
CYAN2
6
CONTINUOUS
10
4.8071377952755912
20
-6.22803937007874
11
4.8047559055118114
21
-6.2304212598425197
0
LINE
8
CYAN2
6
CONTINUOUS
10
4.8047559055118114
20
-6.2304212598425197
11
4.7999960629921263
21
-6.2327992125984251
0
LINE
8
CYAN2
6
CONTINUOUS
10
4.7999960629921263
20
-6.2327992125984251
11
4.7952322834645669
21
-6.2327992125984251
0
LINE
8
CYAN2
6
CONTINUOUS
10
4.7952322834645669
20
-6.2327992125984251
11
4.7904724409448818
21
-6.2304212598425197
0
LINE
8
CYAN2
6
CONTINUOUS
10
4.7904724409448818
20
-6.2304212598425197
11
4.7880905511811029
21
-6.22803937007874
0
LINE
8
CYAN2
6
CONTINUOUS
10
4.7880905511811029
20
-6.22803937007874
11
4.7857086614173232
21
-6.2232755905511814
0
LINE
8
CYAN2
6
CONTINUOUS
10
4.7857086614173232
20
-6.2232755905511814
11
4.7833307086614179
21
-6.2137519685039369
0
LINE
8
CYAN2
6
CONTINUOUS
10
4.7833307086614179
20
-6.2137519685039369
11
4.7833307086614179
21
-6.2018464566929135
0
LINE
8
CYAN2
6
CONTINUOUS
10
4.7833307086614179
20
-6.2018464566929135
11
4.7857086614173232
21
-6.1923228346456698
0
LINE
8
CYAN2
6
CONTINUOUS
10
4.7857086614173232
20
-6.1923228346456698
11
4.7880905511811029
21
-6.1875629921259847
0
LINE
8
CYAN2
6
CONTINUOUS
10
4.7880905511811029
20
-6.1875629921259847
11
4.7904724409448818
21
-6.185181102362205
0
LINE
8
CYAN2
6
CONTINUOUS
10
4.7904724409448818
20
-6.185181102362205
11
4.7952322834645669
21
-6.1827992125984252
0
LINE
8
RED2
6
CONTINUOUS
10
4.8500000000000005
20
-6.3900000000000006
11
4.8500000000000005
21
-6.3100000000000005
0
LINE
8
RED2
6
CONTINUOUS
10
4.8500000000000005
20
-6.3100000000000005
11
4.6500000000000004
21
-6.3100000000000005
0
LINE
8
RED2
6
CONTINUOUS
10
4.6500000000000004
20
-6.3100000000000005
11
4.6500000000000004
21
-6.3900000000000006
0
LINE
8
RED2
6
CONTINUOUS
10
4.6500000000000004
20
-6.3900000000000006
11
4.8500000000000005
21
-6.3900000000000006
0
LINE
8
RED2
6
CONTINUOUS
10
4.6500000000000004
20
-6.3500000000000005
11
4.6000000000000005
21
-6.3500000000000005
0
LINE
8
RED2
6
CONTINUOUS
10
4.8500000000000005
20
-6.3500000000000005
11
4.9000000000000004
21
-6.3500000000000005
0
LINE
8
CYAN2
6
CONTINUOUS
10
4.6778543307086613
20
-6.4727992125984253
11
4.6611889763779528
21
-6.448992125984252
0
LINE
8
CYAN2
6
CONTINUOUS
10
4.6492834645669294
20
-6.4727992125984253
11
4.6492834645669294
21
-6.4227992125984255
0
LINE
8
CYAN2
6
CONTINUOUS
10
4.6492834645669294
20
-6.4227992125984255
11
4.6683307086614176
21
-6.4227992125984255
0
LINE
8
CYAN2
6
CONTINUOUS
10
4.6683307086614176
20
-6.4227992125984255
11
4.6730944881889762
21
-6.4251811023622052
0
LINE
8
CYAN2
6
CONTINUOUS
10
4.6730944881889762
20
-6.4251811023622052
11
4.6754763779527559
21
-6.4275629921259849
0
LINE
8
CYAN2
6
CONTINUOUS
10
4.6754763779527559
20
-6.4275629921259849
11
4.6778543307086613
21
-6.4323228346456691
0
LINE
8
CYAN2
6
CONTINUOUS
10
4.6778543307086613
20
-6.4323228346456691
11
4.6778543307086613
21
-6.4394685039370083
0
LINE
8
CYAN2
6
CONTINUOUS
10
4.6778543307086613
20
-6.4394685039370083
11
4.6754763779527559
21
-6.4442283464566934
0
LINE
8
CYAN2
6
CONTINUOUS
10
4.6754763779527559
20
-6.4442283464566934
11
4.6730944881889762
21
-6.4466102362204722
0
LINE
8
CYAN2
6
CONTINUOUS
10
4.6730944881889762
20
-6.4466102362204722
11
4.6683307086614176
21
-6.448992125984252
0
LINE
8
CYAN2
6
CONTINUOUS
10
4.6683307086614176
20
-6.448992125984252
11
4.6492834645669294
21
-6.448992125984252
0
LINE
8
CYAN2
6
CONTINUOUS
10
4.7230944881889769
20
-6.4227992125984255
11
4.6992834645669292
21
-6.4227992125984255
0
LINE
8
CYAN2
6
CONTINUOUS
10
4.6992834645669292
20
-6.4227992125984255
11
4.6969055118110239
21
-6.4466102362204722
0
LINE
8
CYAN2
6
CONTINUOUS
10
4.6969055118110239
20
-6.4466102362204722
11
4.6992834645669292
21
-6.4442283464566934
0
LINE
8
CYAN2
6
CONTINUOUS
10
4.6992834645669292
20
-6.4442283464566934
11
4.7040472440944887
21
-6.4418464566929137
0
LINE
8
CYAN2
6
CONTINUOUS
10
4.7040472440944887
20
-6.4418464566929137
11
4.7159527559055121
21
-6.4418464566929137
0
LINE
8
CYAN2
6
CONTINUOUS
10
4.7159527559055121
20
-6.4418464566929137
11
4.7207125984251972
21
-6.4442283464566934
0
LINE
8
CYAN2
6
CONTINUOUS
10
4.7207125984251972
20
-6.4442283464566934
11
4.7230944881889769
21
-6.4466102362204722
0
LINE
8
CYAN2
6
CONTINUOUS
10
4.7230944881889769
20
-6.4466102362204722
11
4.7254763779527558
21
-6.4513700787401573
0
LINE
8
CYAN2
6
CONTINUOUS
10
4.7254763779527558
20
-6.4513700787401573
11
4.7254763779527558
21
-6.4632755905511816
0
LINE
8
CYAN2
6
CONTINUOUS
10
4.7254763779527558
20
-6.4632755905511816
11
4.7230944881889769
21
-6.4680393700787402
0
LINE
8
CYAN2
6
CONTINUOUS
10
4.7230944881889769
20
-6.4680393700787402
11
4.7207125984251972
21
-6.4704212598425199
0
LINE
8
CYAN2
6
CONTINUOUS
10
4.7207125984251972
20
-6.4704212598425199
11
4.7159527559055121
21
-6.4727992125984253
0
LINE
8
CYAN2
6
CONTINUOUS
10
4.7159527559055121
20
-6.4727992125984253
11
4.7040472440944887
21
-6.4727992125984253
0
LINE
8
CYAN2
6
CONTINUOUS
10
4.7040472440944887
20
-6.4727992125984253
11
4.6992834645669292
21
-6.4704212598425199
0
LINE
8
CYAN2
6
CONTINUOUS
10
4.6992834645669292
20
-6.4704212598425199
11
4.6969055118110239
21
-6.4680393700787402
0
LINE
8
CYAN2
6
CONTINUOUS
10
4.7492834645669291
20
-6.4727992125984253
11
4.7588070866141736
21
-6.4727992125984253
0
LINE
8
CYAN2
6
CONTINUOUS
10
4.7588070866141736
20
-6.4727992125984253
11
4.7635708661417322
21
-6.4704212598425199
0
LINE
8
CYAN2
6
CONTINUOUS
10
4.7635708661417322
20
-6.4704212598425199
11
4.7659488188976376
21
-6.4680393700787402
0
LINE
8
CYAN2
6
CONTINUOUS
10
4.7659488188976376
20
-6.4680393700787402
11
4.770712598425197
21
-6.4608937007874019
0
LINE
8
CYAN2
6
CONTINUOUS
10
4.770712598425197
20
-6.4608937007874019
11
4.7730944881889767
21
-6.4513700787401573
0
LINE
8
CYAN2
6
CONTINUOUS
10
4.7730944881889767
20
-6.4513700787401573
11
4.7730944881889767
21
-6.4323228346456691
0
LINE
8
CYAN2
6
CONTINUOUS
10
4.7730944881889767
20
-6.4323228346456691
11
4.770712598425197
21
-6.4275629921259849
0
LINE
8
CYAN2
6
CONTINUOUS
10
4.770712598425197
20
-6.4275629921259849
11
4.7683307086614173
21
-6.4251811023622052
0
LINE
8
CYAN2
6
CONTINUOUS
10
4.7683307086614173
20
-6.4251811023622052
11
4.7635708661417322
21
-6.4227992125984255
0
LINE
8
CYAN2
6
CONTINUOUS
10
4.7635708661417322
20
-6.4227992125984255
11
4.7540472440944885
21
-6.4227992125984255
0
LINE
8
CYAN2
6
CONTINUOUS
10
4.7540472440944885
20
-6.4227992125984255
11
4.7492834645669291
21
-6.4251811023622052
0
LINE
8
CYAN2
6
CONTINUOUS
10
4.7492834645669291
20
-6.4251811023622052
11
4.7469015748031502
21
-6.4275629921259849
0
LINE
8
CYAN2
6
CONTINUOUS
10
4.7469015748031502
20
-6.4275629921259849
11
4.744523622047244
21
-6.4323228346456691
0
LINE
8
CYAN2
6
CONTINUOUS
10
4.744523622047244
20
-6.4323228346456691
11
4.744523622047244
21
-6.4442283464566934
0
LINE
8
CYAN2
6
CONTINUOUS
10
4.744523622047244
20
-6.4442283464566934
11
4.7469015748031502
21
-6.448992125984252
0
LINE
8
CYAN2
6
CONTINUOUS
10
4.7469015748031502
20
-6.448992125984252
11
4.7492834645669291
21
-6.4513700787401573
0
LINE
8
CYAN2
6
CONTINUOUS
10
4.7492834645669291
20
-6.4513700787401573
11
4.7540472440944885
21
-6.4537519685039371
0
LINE
8
CYAN2
6
CONTINUOUS
10
4.7540472440944885
20
-6.4537519685039371
11
4.7635708661417322
21
-6.4537519685039371
0
LINE
8
CYAN2
6
CONTINUOUS
10
4.7635708661417322
20
-6.4537519685039371
11
4.7683307086614173
21
-6.4513700787401573
0
LINE
8
CYAN2
6
CONTINUOUS
10
4.7683307086614173
20
-6.4513700787401573
11
4.770712598425197
21
-6.448992125984252
0
LINE
8
CYAN2
6
CONTINUOUS
10
4.770712598425197
20
-6.448992125984252
11
4.7730944881889767
21
-6.4442283464566934
0
LINE
8
CYAN2
6
CONTINUOUS
10
4.6980944881889766
20
-6.3375629921259842
11
4.7004724409448819
21
-6.3351811023622053
0
LINE
8
CYAN2
6
CONTINUOUS
10
4.7004724409448819
20
-6.3351811023622053
11
4.7052362204724414
21
-6.3327992125984256
0
LINE
8
CYAN2
6
CONTINUOUS
10
4.7052362204724414
20
-6.3327992125984256
11
4.7171417322834648
21
-6.3327992125984256
0
LINE
8
CYAN2
6
CONTINUOUS
10
4.7171417322834648
20
-6.3327992125984256
11
4.7219015748031499
21
-6.3351811023622053
0
LINE
8
CYAN2
6
CONTINUOUS
10
4.7219015748031499
20
-6.3351811023622053
11
4.7242834645669296
21
-6.3375629921259842
0
LINE
8
CYAN2
6
CONTINUOUS
10
4.7242834645669296
20
-6.3375629921259842
11
4.7266653543307084
21
-6.3423228346456693
0
LINE
8
CYAN2
6
CONTINUOUS
10
4.7266653543307084
20
-6.3423228346456693
11
4.7266653543307084
21
-6.3470866141732287
0
LINE
8
CYAN2
6
CONTINUOUS
10
4.7266653543307084
20
-6.3470866141732287
11
4.7242834645669296
21
-6.3542283464566935
0
LINE
8
CYAN2
6
CONTINUOUS
10
4.7242834645669296
20
-6.3542283464566935
11
4.6957125984251968
21
-6.3827992125984254
0
LINE
8
CYAN2
6
CONTINUOUS
10
4.6957125984251968
20
-6.3827992125984254
11
4.7266653543307084
21
-6.3827992125984254
0
LINE
8
CYAN2
6
CONTINUOUS
10
4.7457125984251967
20
-6.3375629921259842
11
4.7480905511811029
21
-6.3351811023622053
0
LINE
8
CYAN2
6
CONTINUOUS
10
4.7480905511811029
20
-6.3351811023622053
11
4.7528543307086615
21
-6.3327992125984256
0
LINE
8
CYAN2
6
CONTINUOUS
10
4.7528543307086615
20
-6.3327992125984256
11
4.7647598425196849
21
-6.3327992125984256
0
LINE
8
CYAN2
6
CONTINUOUS
10
4.7647598425196849
20
-6.3327992125984256
11
4.76951968503937
21
-6.3351811023622053
0
LINE
8
CYAN2
6
CONTINUOUS
10
4.76951968503937
20
-6.3351811023622053
11
4.7719015748031497
21
-6.3375629921259842
0
LINE
8
CYAN2
6
CONTINUOUS
10
4.7719015748031497
20
-6.3375629921259842
11
4.7742834645669294
21
-6.3423228346456693
0
LINE
8
CYAN2
6
CONTINUOUS
10
4.7742834645669294
20
-6.3423228346456693
11
4.7742834645669294
21
-6.3470866141732287
0
LINE
8
CYAN2
6
CONTINUOUS
10
4.7742834645669294
20
-6.3470866141732287
11
4.7719015748031497
21
-6.3542283464566935
0
LINE
8
CYAN2
6
CONTINUOUS
10
4.7719015748031497
20
-6.3542283464566935
11
4.7433307086614178
21
-6.3827992125984254
0
LINE
8
CYAN2
6
CONTINUOUS
10
4.7433307086614178
20
-6.3827992125984254
11
4.7742834645669294
21
-6.3827992125984254
0
LINE
8
CYAN2
6
CONTINUOUS
10
4.8052322834645675
20
-6.3327992125984256
11
4.8099960629921261
21
-6.3327992125984256
0
LINE
8
CYAN2
6
CONTINUOUS
10
4.8099960629921261
20
-6.3327992125984256
11
4.8147559055118112
21
-6.3351811023622053
0
LINE
8
CYAN2
6
CONTINUOUS
10
4.8147559055118112
20
-6.3351811023622053
11
4.8171377952755909
21
-6.3375629921259842
0
LINE
8
CYAN2
6
CONTINUOUS
10
4.8171377952755909
20
-6.3375629921259842
11
4.8195196850393707
21
-6.3423228346456693
0
LINE
8
CYAN2
6
CONTINUOUS
10
4.8195196850393707
20
-6.3423228346456693
11
4.8219015748031495
21
-6.3518464566929138
0
LINE
8
CYAN2
6
CONTINUOUS
10
4.8219015748031495
20
-6.3518464566929138
11
4.8219015748031495
21
-6.3637519685039372
0
LINE
8
CYAN2
6
CONTINUOUS
10
4.8219015748031495
20
-6.3637519685039372
11
4.8195196850393707
21
-6.3732755905511818
0
LINE
8
CYAN2
6
CONTINUOUS
10
4.8195196850393707
20
-6.3732755905511818
11
4.8171377952755909
21
-6.3780393700787403
0
LINE
8
CYAN2
6
CONTINUOUS
10
4.8171377952755909
20
-6.3780393700787403
11
4.8147559055118112
21
-6.3804212598425201
0
LINE
8
CYAN2
6
CONTINUOUS
10
4.8147559055118112
20
-6.3804212598425201
11
4.8099960629921261
21
-6.3827992125984254
0
LINE
8
CYAN2
6
CONTINUOUS
10
4.8099960629921261
20
-6.3827992125984254
11
4.8052322834645675
21
-6.3827992125984254
0
LINE
8
CYAN2
6
CONTINUOUS
10
4.8052322834645675
20
-6.3827992125984254
11
4.8004724409448825
21
-6.3804212598425201
0
LINE
8
CYAN2
6
CONTINUOUS
10
4.8004724409448825
20
-6.3804212598425201
11
4.7980905511811027
21
-6.3780393700787403
0
LINE
8
CYAN2
6
CONTINUOUS
10
4.7980905511811027
20
-6.3780393700787403
11
4.795708661417323
21
-6.3732755905511818
0
LINE
8
CYAN2
6
CONTINUOUS
10
4.795708661417323
20
-6.3732755905511818
11
4.7933307086614176
21
-6.3637519685039372
0
LINE
8
CYAN2
6
CONTINUOUS
10
4.7933307086614176
20
-6.3637519685039372
11
4.7933307086614176
21
-6.3518464566929138
0
LINE
8
CYAN2
6
CONTINUOUS
10
4.7933307086614176
20
-6.3518464566929138
11
4.795708661417323
21
-6.3423228346456693
0
LINE
8
CYAN2
6
CONTINUOUS
10
4.795708661417323
20
-6.3423228346456693
11
4.7980905511811027
21
-6.3375629921259842
0
LINE
8
CYAN2
6
CONTINUOUS
10
4.7980905511811027
20
-6.3375629921259842
11
4.8004724409448825
21
-6.3351811023622053
0
LINE
8
CYAN2
6
CONTINUOUS
10
4.8004724409448825
20
-6.3351811023622053
11
4.8052322834645675
21
-6.3327992125984256
0
LINE
8
RED2
6
CONTINUOUS
10
4.8500000000000005
20
-6.0899999999999999
11
4.8500000000000005
21
-6.0099999999999998
0
LINE
8
RED2
6
CONTINUOUS
10
4.8500000000000005
20
-6.0099999999999998
11
4.6500000000000004
21
-6.0099999999999998
0
LINE
8
RED2
6
CONTINUOUS
10
4.6500000000000004
20
-6.0099999999999998
11
4.6500000000000004
21
-6.0899999999999999
0
LINE
8
RED2
6
CONTINUOUS
10
4.6500000000000004
20
-6.0899999999999999
11
4.8500000000000005
21
-6.0899999999999999
0
LINE
8
RED2
6
CONTINUOUS
10
4.6500000000000004
20
-6.0499999999999998
11
4.6000000000000005
21
-6.0499999999999998
0
LINE
8
RED2
6
CONTINUOUS
10
4.8500000000000005
20
-6.0499999999999998
11
4.9000000000000004
21
-6.0499999999999998
0
LINE
8
CYAN2
6
CONTINUOUS
10
4.5378543307086616
20
-6.0127992125984253
11
4.5211889763779531
21
-5.988992125984252
0
LINE
8
CYAN2
6
CONTINUOUS
10
4.5092834645669297
20
-6.0127992125984253
11
4.5092834645669297
21
-5.9627992125984255
0
LINE
8
CYAN2
6
CONTINUOUS
10
4.5092834645669297
20
-5.9627992125984255
11
4.5283307086614171
21
-5.9627992125984255
0
LINE
8
CYAN2
6
CONTINUOUS
10
4.5283307086614171
20
-5.9627992125984255
11
4.5330944881889765
21
-5.9651811023622052
0
LINE
8
CYAN2
6
CONTINUOUS
10
4.5330944881889765
20
-5.9651811023622052
11
4.5354763779527563
21
-5.9675629921259841
0
LINE
8
CYAN2
6
CONTINUOUS
10
4.5354763779527563
20
-5.9675629921259841
11
4.5378543307086616
21
-5.9723228346456692
0
LINE
8
CYAN2
6
CONTINUOUS
10
4.5378543307086616
20
-5.9723228346456692
11
4.5378543307086616
21
-5.9794685039370084
0
LINE
8
CYAN2
6
CONTINUOUS
10
4.5378543307086616
20
-5.9794685039370084
11
4.5354763779527563
21
-5.9842283464566934
0
LINE
8
CYAN2
6
CONTINUOUS
10
4.5354763779527563
20
-5.9842283464566934
11
4.5330944881889765
21
-5.9866102362204723
0
LINE
8
CYAN2
6
CONTINUOUS
10
4.5330944881889765
20
-5.9866102362204723
11
4.5283307086614171
21
-5.988992125984252
0
LINE
8
CYAN2
6
CONTINUOUS
10
4.5283307086614171
20
-5.988992125984252
11
4.5092834645669297
21
-5.988992125984252
0
LINE
8
CYAN2
6
CONTINUOUS
10
4.5830944881889764
20
-5.9627992125984255
11
4.5592834645669296
21
-5.9627992125984255
0
LINE
8
CYAN2
6
CONTINUOUS
10
4.5592834645669296
20
-5.9627992125984255
11
4.5569055118110242
21
-5.9866102362204723
0
LINE
8
CYAN2
6
CONTINUOUS
10
4.5569055118110242
20
-5.9866102362204723
11
4.5592834645669296
21
-5.9842283464566934
0
LINE
8
CYAN2
6
CONTINUOUS
10
4.5592834645669296
20
-5.9842283464566934
11
4.5640472440944881
21
-5.9818464566929137
0
LINE
8
CYAN2
6
CONTINUOUS
10
4.5640472440944881
20
-5.9818464566929137
11
4.5759527559055124
21
-5.9818464566929137
0
LINE
8
CYAN2
6
CONTINUOUS
10
4.5759527559055124
20
-5.9818464566929137
11
4.5807125984251966
21
-5.9842283464566934
0
LINE
8
CYAN2
6
CONTINUOUS
10
4.5807125984251966
20
-5.9842283464566934
11
4.5830944881889764
21
-5.9866102362204723
0
LINE
8
CYAN2
6
CONTINUOUS
10
4.5830944881889764
20
-5.9866102362204723
11
4.5854763779527561
21
-5.9913700787401574
0
LINE
8
CYAN2
6
CONTINUOUS
10
4.5854763779527561
20
-5.9913700787401574
11
4.5854763779527561
21
-6.0032755905511817
0
LINE
8
CYAN2
6
CONTINUOUS
10
4.5854763779527561
20
-6.0032755905511817
11
4.5830944881889764
21
-6.0080393700787402
0
LINE
8
CYAN2
6
CONTINUOUS
10
4.5830944881889764
20
-6.0080393700787402
11
4.5807125984251966
21
-6.01042125984252
0
LINE
8
CYAN2
6
CONTINUOUS
10
4.5807125984251966
20
-6.01042125984252
11
4.5759527559055124
21
-6.0127992125984253
0
LINE
8
CYAN2
6
CONTINUOUS
10
4.5759527559055124
20
-6.0127992125984253
11
4.5640472440944881
21
-6.0127992125984253
0
LINE
8
CYAN2
6
CONTINUOUS
10
4.5640472440944881
20
-6.0127992125984253
11
4.5592834645669296
21
-6.01042125984252
0
LINE
8
CYAN2
6
CONTINUOUS
10
4.5592834645669296
20
-6.01042125984252
11
4.5569055118110242
21
-6.0080393700787402
0
LINE
8
CYAN2
6
CONTINUOUS
10
4.6021417322834646
20
-5.9627992125984255
11
4.6354724409448824
21
-5.9627992125984255
0
LINE
8
CYAN2
6
CONTINUOUS
10
4.6354724409448824
20
-5.9627992125984255
11
4.614047244094488
21
-6.0127992125984253
0
LINE
8
CYAN2
6
CONTINUOUS
10
4.6880944881889768
20
-6.0275629921259846
11
4.6904724409448821
21
-6.0251811023622048
0
LINE
8
CYAN2
6
CONTINUOUS
10
4.6904724409448821
20
-6.0251811023622048
11
4.6952362204724407
21
-6.0227992125984251
0
LINE
8
CYAN2
6
CONTINUOUS
10
4.6952362204724407
20
-6.0227992125984251
11
4.707141732283465
21
-6.0227992125984251
0
LINE
8
CYAN2
6
CONTINUOUS
10
4.707141732283465
20
-6.0227992125984251
11
4.7119015748031501
21
-6.0251811023622048
0
LINE
8
CYAN2
6
CONTINUOUS
10
4.7119015748031501
20
-6.0251811023622048
11
4.7142834645669289
21
-6.0275629921259846
0
LINE
8
CYAN2
6
CONTINUOUS
10
4.7142834645669289
20
-6.0275629921259846
11
4.7166653543307087
21
-6.0323228346456697
0
LINE
8
CYAN2
6
CONTINUOUS
10
4.7166653543307087
20
-6.0323228346456697
11
4.7166653543307087
21
-6.0370866141732282
0
LINE
8
CYAN2
6
CONTINUOUS
10
4.7166653543307087
20
-6.0370866141732282
11
4.7142834645669289
21
-6.044228346456693
0
LINE
8
CYAN2
6
CONTINUOUS
10
4.7142834645669289
20
-6.044228346456693
11
4.6857125984251971
21
-6.0727992125984258
0
LINE
8
CYAN2
6
CONTINUOUS
10
4.6857125984251971
20
-6.0727992125984258
11
4.7166653543307087
21
-6.0727992125984258
0
LINE
8
CYAN2
6
CONTINUOUS
10
4.7357125984251969
20
-6.0275629921259846
11
4.7380905511811022
21
-6.0251811023622048
0
LINE
8
CYAN2
6
CONTINUOUS
10
4.7380905511811022
20
-6.0251811023622048
11
4.7428543307086617
21
-6.0227992125984251
0
LINE
8
CYAN2
6
CONTINUOUS
10
4.7428543307086617
20
-6.0227992125984251
11
4.7547598425196851
21
-6.0227992125984251
0
LINE
8
CYAN2
6
CONTINUOUS
10
4.7547598425196851
20
-6.0227992125984251
11
4.7595196850393702
21
-6.0251811023622048
0
LINE
8
CYAN2
6
CONTINUOUS
10
4.7595196850393702
20
-6.0251811023622048
11
4.7619015748031499
21
-6.0275629921259846
0
LINE
8
CYAN2
6
CONTINUOUS
10
4.7619015748031499
20
-6.0275629921259846
11
4.7642834645669296
21
-6.0323228346456697
0
LINE
8
CYAN2
6
CONTINUOUS
10
4.7642834645669296
20
-6.0323228346456697
11
4.7642834645669296
21
-6.0370866141732282
0
LINE
8
CYAN2
6
CONTINUOUS
10
4.7642834645669296
20
-6.0370866141732282
11
4.7619015748031499
21
-6.044228346456693
0
LINE
8
CYAN2
6
CONTINUOUS
10
4.7619015748031499
20
-6.044228346456693
11
4.7333307086614171
21
-6.0727992125984258
0
LINE
8
CYAN2
6
CONTINUOUS
10
4.7333307086614171
20
-6.0727992125984258
11
4.7642834645669296
21
-6.0727992125984258
0
LINE
8
CYAN2
6
CONTINUOUS
10
4.7952322834645669
20
-6.0227992125984251
11
4.7999960629921263
21
-6.0227992125984251
0
LINE
8
CYAN2
6
CONTINUOUS
10
4.7999960629921263
20
-6.0227992125984251
11
4.8047559055118114
21
-6.0251811023622048
0
LINE
8
CYAN2
6
CONTINUOUS
10
4.8047559055118114
20
-6.0251811023622048
11
4.8071377952755912
21
-6.0275629921259846
0
LINE
8
CYAN2
6
CONTINUOUS
10
4.8071377952755912
20
-6.0275629921259846
11
4.80951968503937
21
-6.0323228346456697
0
LINE
8
CYAN2
6
CONTINUOUS
10
4.80951968503937
20
-6.0323228346456697
11
4.8119015748031497
21
-6.0418464566929133
0
LINE
8
CYAN2
6
CONTINUOUS
10
4.8119015748031497
20
-6.0418464566929133
11
4.8119015748031497
21
-6.0537519685039376
0
LINE
8
CYAN2
6
CONTINUOUS
10
4.8119015748031497
20
-6.0537519685039376
11
4.80951968503937
21
-6.0632755905511813
0
LINE
8
CYAN2
6
CONTINUOUS
10
4.80951968503937
20
-6.0632755905511813
11
4.8071377952755912
21
-6.0680393700787407
0
LINE
8
CYAN2
6
CONTINUOUS
10
4.8071377952755912
20
-6.0680393700787407
11
4.8047559055118114
21
-6.0704212598425196
0
LINE
8
CYAN2
6
CONTINUOUS
10
4.8047559055118114
20
-6.0704212598425196
11
4.7999960629921263
21
-6.0727992125984258
0
LINE
8
CYAN2
6
CONTINUOUS
10
4.7999960629921263
20
-6.0727992125984258
11
4.7952322834645669
21
-6.0727992125984258
0
LINE
8
CYAN2
6
CONTINUOUS
10
4.7952322834645669
20
-6.0727992125984258
11
4.7904724409448818
21
-6.0704212598425196
0
LINE
8
CYAN2
6
CONTINUOUS
10
4.7904724409448818
20
-6.0704212598425196
11
4.7880905511811029
21
-6.0680393700787407
0
LINE
8
CYAN2
6
CONTINUOUS
10
4.7880905511811029
20
-6.0680393700787407
11
4.7857086614173232
21
-6.0632755905511813
0
LINE
8
CYAN2
6
CONTINUOUS
10
4.7857086614173232
20
-6.0632755905511813
11
4.7833307086614179
21
-6.0537519685039376
0
LINE
8
CYAN2
6
CONTINUOUS
10
4.7833307086614179
20
-6.0537519685039376
11
4.7833307086614179
21
-6.0418464566929133
0
LINE
8
CYAN2
6
CONTINUOUS
10
4.7833307086614179
20
-6.0418464566929133
11
4.7857086614173232
21
-6.0323228346456697
0
LINE
8
CYAN2
6
CONTINUOUS
10
4.7857086614173232
20
-6.0323228346456697
11
4.7880905511811029
21
-6.0275629921259846
0
LINE
8
CYAN2
6
CONTINUOUS
10
4.7880905511811029
20
-6.0275629921259846
11
4.7904724409448818
21
-6.0251811023622048
0
LINE
8
CYAN2
6
CONTINUOUS
10
4.7904724409448818
20
-6.0251811023622048
11
4.7952322834645669
21
-6.0227992125984251
0
LINE
8
RED2
6
CONTINUOUS
10
4.8500000000000005
20
-5.9400000000000004
11
4.8500000000000005
21
-5.8600000000000003
0
LINE
8
RED2
6
CONTINUOUS
10
4.8500000000000005
20
-5.8600000000000003
11
4.6500000000000004
21
-5.8600000000000003
0
LINE
8
RED2
6
CONTINUOUS
10
4.6500000000000004
20
-5.8600000000000003
11
4.6500000000000004
21
-5.9400000000000004
0
LINE
8
RED2
6
CONTINUOUS
10
4.6500000000000004
20
-5.9400000000000004
11
4.8500000000000005
21
-5.9400000000000004
0
LINE
8
RED2
6
CONTINUOUS
10
4.6500000000000004
20
-5.9000000000000004
11
4.6000000000000005
21
-5.9000000000000004
0
LINE
8
RED2
6
CONTINUOUS
10
4.8500000000000005
20
-5.9000000000000004
11
4.9000000000000004
21
-5.9000000000000004
0
LINE
8
CYAN2
6
CONTINUOUS
10
4.5478543307086614
20
-5.8427992125984254
11
4.5311889763779529
21
-5.8189921259842521
0
LINE
8
CYAN2
6
CONTINUOUS
10
4.5192834645669295
20
-5.8427992125984254
11
4.5192834645669295
21
-5.7927992125984256
0
LINE
8
CYAN2
6
CONTINUOUS
10
4.5192834645669295
20
-5.7927992125984256
11
4.5383307086614177
21
-5.7927992125984256
0
LINE
8
CYAN2
6
CONTINUOUS
10
4.5383307086614177
20
-5.7927992125984256
11
4.5430944881889763
21
-5.7951811023622053
0
LINE
8
CYAN2
6
CONTINUOUS
10
4.5430944881889763
20
-5.7951811023622053
11
4.5454763779527561
21
-5.7975629921259841
0
LINE
8
CYAN2
6
CONTINUOUS
10
4.5454763779527561
20
-5.7975629921259841
11
4.5478543307086614
21
-5.8023228346456692
0
LINE
8
CYAN2
6
CONTINUOUS
10
4.5478543307086614
20
-5.8023228346456692
11
4.5478543307086614
21
-5.8094685039370084
0
LINE
8
CYAN2
6
CONTINUOUS
10
4.5478543307086614
20
-5.8094685039370084
11
4.5454763779527561
21
-5.8142283464566935
0
LINE
8
CYAN2
6
CONTINUOUS
10
4.5454763779527561
20
-5.8142283464566935
11
4.5430944881889763
21
-5.8166102362204724
0
LINE
8
CYAN2
6
CONTINUOUS
10
4.5430944881889763
20
-5.8166102362204724
11
4.5383307086614177
21
-5.8189921259842521
0
LINE
8
CYAN2
6
CONTINUOUS
10
4.5383307086614177
20
-5.8189921259842521
11
4.5192834645669295
21
-5.8189921259842521
0
LINE
8
CYAN2
6
CONTINUOUS
10
4.5930944881889761
20
-5.7927992125984256
11
4.5692834645669294
21
-5.7927992125984256
0
LINE
8
CYAN2
6
CONTINUOUS
10
4.5692834645669294
20
-5.7927992125984256
11
4.566905511811024
21
-5.8166102362204724
0
LINE
8
CYAN2
6
CONTINUOUS
10
4.566905511811024
20
-5.8166102362204724
11
4.5692834645669294
21
-5.8142283464566935
0
LINE
8
CYAN2
6
CONTINUOUS
10
4.5692834645669294
20
-5.8142283464566935
11
4.5740472440944879
21
-5.8118464566929138
0
LINE
8
CYAN2
6
CONTINUOUS
10
4.5740472440944879
20
-5.8118464566929138
11
4.5859527559055122
21
-5.8118464566929138
0
LINE
8
CYAN2
6
CONTINUOUS
10
4.5859527559055122
20
-5.8118464566929138
11
4.5907125984251973
21
-5.8142283464566935
0
LINE
8
CYAN2
6
CONTINUOUS
10
4.5907125984251973
20
-5.8142283464566935
11
4.5930944881889761
21
-5.8166102362204724
0
LINE
8
CYAN2
6
CONTINUOUS
10
4.5930944881889761
20
-5.8166102362204724
11
4.5954763779527559
21
-5.8213700787401574
0
LINE
8
CYAN2
6
CONTINUOUS
10
4.5954763779527559
20
-5.8213700787401574
11
4.5954763779527559
21
-5.8332755905511817
0
LINE
8
CYAN2
6
CONTINUOUS
10
4.5954763779527559
20
-5.8332755905511817
11
4.5930944881889761
21
-5.8380393700787403
0
LINE
8
CYAN2
6
CONTINUOUS
10
4.5930944881889761
20
-5.8380393700787403
11
4.5907125984251973
21
-5.84042125984252
0
LINE
8
CYAN2
6
CONTINUOUS
10
4.5907125984251973
20
-5.84042125984252
11
4.5859527559055122
21
-5.8427992125984254
0
LINE
8
CYAN2
6
CONTINUOUS
10
4.5859527559055122
20
-5.8427992125984254
11
4.5740472440944879
21
-5.8427992125984254
0
LINE
8
CYAN2
6
CONTINUOUS
10
4.5740472440944879
20
-5.8427992125984254
11
4.5692834645669294
21
-5.84042125984252
0
LINE
8
CYAN2
6
CONTINUOUS
10
4.5692834645669294
20
-5.84042125984252
11
4.566905511811024
21
-5.8380393700787403
0
LINE
8
CYAN2
6
CONTINUOUS
10
4.6383307086614174
20
-5.7927992125984256
11
4.6288070866141737
21
-5.7927992125984256
0
LINE
8
CYAN2
6
CONTINUOUS
10
4.6288070866141737
20
-5.7927992125984256
11
4.6240472440944886
21
-5.7951811023622053
0
LINE
8
CYAN2
6
CONTINUOUS
10
4.6240472440944886
20
-5.7951811023622053
11
4.6216653543307089
21
-5.7975629921259841
0
LINE
8
CYAN2
6
CONTINUOUS
10
4.6216653543307089
20
-5.7975629921259841
11
4.6169015748031494
21
-5.804704724409449
0
LINE
8
CYAN2
6
CONTINUOUS
10
4.6169015748031494
20
-5.804704724409449
11
4.6145236220472441
21
-5.8142283464566935
0
LINE
8
CYAN2
6
CONTINUOUS
10
4.6145236220472441
20
-5.8142283464566935
11
4.6145236220472441
21
-5.8332755905511817
0
LINE
8
CYAN2
6
CONTINUOUS
10
4.6145236220472441
20
-5.8332755905511817
11
4.6169015748031494
21
-5.8380393700787403
0
LINE
8
CYAN2
6
CONTINUOUS
10
4.6169015748031494
20
-5.8380393700787403
11
4.6192834645669292
21
-5.84042125984252
0
LINE
8
CYAN2
6
CONTINUOUS
10
4.6192834645669292
20
-5.84042125984252
11
4.6240472440944886
21
-5.8427992125984254
0
LINE
8
CYAN2
6
CONTINUOUS
10
4.6240472440944886
20
-5.8427992125984254
11
4.6335708661417323
21
-5.8427992125984254
0
LINE
8
CYAN2
6
CONTINUOUS
10
4.6335708661417323
20
-5.8427992125984254
11
4.6383307086614174
21
-5.84042125984252
0
LINE
8
CYAN2
6
CONTINUOUS
10
4.6383307086614174
20
-5.84042125984252
11
4.6407125984251971
21
-5.8380393700787403
0
LINE
8
CYAN2
6
CONTINUOUS
10
4.6407125984251971
20
-5.8380393700787403
11
4.6430944881889769
21
-5.8332755905511817
0
LINE
8
CYAN2
6
CONTINUOUS
10
4.6430944881889769
20
-5.8332755905511817
11
4.6430944881889769
21
-5.8213700787401574
0
LINE
8
CYAN2
6
CONTINUOUS
10
4.6430944881889769
20
-5.8213700787401574
11
4.6407125984251971
21
-5.8166102362204724
0
LINE
8
CYAN2
6
CONTINUOUS
10
4.6407125984251971
20
-5.8166102362204724
11
4.6383307086614174
21
-5.8142283464566935
0
LINE
8
CYAN2
6
CONTINUOUS
10
4.6383307086614174
20
-5.8142283464566935
11
4.6335708661417323
21
-5.8118464566929138
0
LINE
8
CYAN2
6
CONTINUOUS
10
4.6335708661417323
20
-5.8118464566929138
11
4.6240472440944886
21
-5.8118464566929138
0
LINE
8
CYAN2
6
CONTINUOUS
10
4.6240472440944886
20
-5.8118464566929138
11
4.6192834645669292
21
-5.8142283464566935
0
LINE
8
CYAN2
6
CONTINUOUS
10
4.6192834645669292
20
-5.8142283464566935
11
4.6169015748031494
21
-5.8166102362204724
0
LINE
8
CYAN2
6
CONTINUOUS
10
4.6169015748031494
20
-5.8166102362204724
11
4.6145236220472441
21
-5.8213700787401574
0
LINE
8
CYAN2
6
CONTINUOUS
10
4.6880944881889768
20
-5.8875629921259849
11
4.6904724409448821
21
-5.8851811023622052
0
LINE
8
CYAN2
6
CONTINUOUS
10
4.6904724409448821
20
-5.8851811023622052
11
4.6952362204724407
21
-5.8827992125984254
0
LINE
8
CYAN2
6
CONTINUOUS
10
4.6952362204724407
20
-5.8827992125984254
11
4.707141732283465
21
-5.8827992125984254
0
LINE
8
CYAN2
6
CONTINUOUS
10
4.707141732283465
20
-5.8827992125984254
11
4.7119015748031501
21
-5.8851811023622052
0
LINE
8
CYAN2
6
CONTINUOUS
10
4.7119015748031501
20
-5.8851811023622052
11
4.7142834645669289
21
-5.8875629921259849
0
LINE
8
CYAN2
6
CONTINUOUS
10
4.7142834645669289
20
-5.8875629921259849
11
4.7166653543307087
21
-5.8923228346456691
0
LINE
8
CYAN2
6
CONTINUOUS
10
4.7166653543307087
20
-5.8923228346456691
11
4.7166653543307087
21
-5.8970866141732285
0
LINE
8
CYAN2
6
CONTINUOUS
10
4.7166653543307087
20
-5.8970866141732285
11
4.7142834645669289
21
-5.9042283464566934
0
LINE
8
CYAN2
6
CONTINUOUS
10
4.7142834645669289
20
-5.9042283464566934
11
4.6857125984251971
21
-5.9327992125984252
0
LINE
8
CYAN2
6
CONTINUOUS
10
4.6857125984251971
20
-5.9327992125984252
11
4.7166653543307087
21
-5.9327992125984252
0
LINE
8
CYAN2
6
CONTINUOUS
10
4.7357125984251969
20
-5.8875629921259849
11
4.7380905511811022
21
-5.8851811023622052
0
LINE
8
CYAN2
6
CONTINUOUS
10
4.7380905511811022
20
-5.8851811023622052
11
4.7428543307086617
21
-5.8827992125984254
0
LINE
8
CYAN2
6
CONTINUOUS
10
4.7428543307086617
20
-5.8827992125984254
11
4.7547598425196851
21
-5.8827992125984254
0
LINE
8
CYAN2
6
CONTINUOUS
10
4.7547598425196851
20
-5.8827992125984254
11
4.7595196850393702
21
-5.8851811023622052
0
LINE
8
CYAN2
6
CONTINUOUS
10
4.7595196850393702
20
-5.8851811023622052
11
4.7619015748031499
21
-5.8875629921259849
0
LINE
8
CYAN2
6
CONTINUOUS
10
4.7619015748031499
20
-5.8875629921259849
11
4.7642834645669296
21
-5.8923228346456691
0
LINE
8
CYAN2
6
CONTINUOUS
10
4.7642834645669296
20
-5.8923228346456691
11
4.7642834645669296
21
-5.8970866141732285
0
LINE
8
CYAN2
6
CONTINUOUS
10
4.7642834645669296
20
-5.8970866141732285
11
4.7619015748031499
21
-5.9042283464566934
0
LINE
8
CYAN2
6
CONTINUOUS
10
4.7619015748031499
20
-5.9042283464566934
11
4.7333307086614171
21
-5.9327992125984252
0
LINE
8
CYAN2
6
CONTINUOUS
10
4.7333307086614171
20
-5.9327992125984252
11
4.7642834645669296
21
-5.9327992125984252
0
LINE
8
CYAN2
6
CONTINUOUS
10
4.7952322834645669
20
-5.8827992125984254
11
4.7999960629921263
21
-5.8827992125984254
0
LINE
8
CYAN2
6
CONTINUOUS
10
4.7999960629921263
20
-5.8827992125984254
11
4.8047559055118114
21
-5.8851811023622052
0
LINE
8
CYAN2
6
CONTINUOUS
10
4.8047559055118114
20
-5.8851811023622052
11
4.8071377952755912
21
-5.8875629921259849
0
LINE
8
CYAN2
6
CONTINUOUS
10
4.8071377952755912
20
-5.8875629921259849
11
4.80951968503937
21
-5.8923228346456691
0
LINE
8
CYAN2
6
CONTINUOUS
10
4.80951968503937
20
-5.8923228346456691
11
4.8119015748031497
21
-5.9018464566929136
0
LINE
8
CYAN2
6
CONTINUOUS
10
4.8119015748031497
20
-5.9018464566929136
11
4.8119015748031497
21
-5.913751968503937
0
LINE
8
CYAN2
6
CONTINUOUS
10
4.8119015748031497
20
-5.913751968503937
11
4.80951968503937
21
-5.9232755905511816
0
LINE
8
CYAN2
6
CONTINUOUS
10
4.80951968503937
20
-5.9232755905511816
11
4.8071377952755912
21
-5.9280393700787402
0
LINE
8
CYAN2
6
CONTINUOUS
10
4.8071377952755912
20
-5.9280393700787402
11
4.8047559055118114
21
-5.9304212598425199
0
LINE
8
CYAN2
6
CONTINUOUS
10
4.8047559055118114
20
-5.9304212598425199
11
4.7999960629921263
21
-5.9327992125984252
0
LINE
8
CYAN2
6
CONTINUOUS
10
4.7999960629921263
20
-5.9327992125984252
11
4.7952322834645669
21
-5.9327992125984252
0
LINE
8
CYAN2
6
CONTINUOUS
10
4.7952322834645669
20
-5.9327992125984252
11
4.7904724409448818
21
-5.9304212598425199
0
LINE
8
CYAN2
6
CONTINUOUS
10
4.7904724409448818
20
-5.9304212598425199
11
4.7880905511811029
21
-5.9280393700787402
0
LINE
8
CYAN2
6
CONTINUOUS
10
4.7880905511811029
20
-5.9280393700787402
11
4.7857086614173232
21
-5.9232755905511816
0
LINE
8
CYAN2
6
CONTINUOUS
10
4.7857086614173232
20
-5.9232755905511816
11
4.7833307086614179
21
-5.913751968503937
0
LINE
8
CYAN2
6
CONTINUOUS
10
4.7833307086614179
20
-5.913751968503937
11
4.7833307086614179
21
-5.9018464566929136
0
LINE
8
CYAN2
6
CONTINUOUS
10
4.7833307086614179
20
-5.9018464566929136
11
4.7857086614173232
21
-5.8923228346456691
0
LINE
8
CYAN2
6
CONTINUOUS
10
4.7857086614173232
20
-5.8923228346456691
11
4.7880905511811029
21
-5.8875629921259849
0
LINE
8
CYAN2
6
CONTINUOUS
10
4.7880905511811029
20
-5.8875629921259849
11
4.7904724409448818
21
-5.8851811023622052
0
LINE
8
CYAN2
6
CONTINUOUS
10
4.7904724409448818
20
-5.8851811023622052
11
4.7952322834645669
21
-5.8827992125984254
0
LINE
8
RED2
6
CONTINUOUS
10
5.1299999999999999
20
-5.9300000000000006
11
5.0700000000000003
21
-5.9900000000000002
0
LINE
8
RED2
6
CONTINUOUS
10
5.0700000000000003
20
-5.9900000000000002
11
5.1000000000000005
21
-5.9900000000000002
0
LINE
8
RED2
6
CONTINUOUS
10
5.1000000000000005
20
-5.9900000000000002
11
5.0700000000000003
21
-5.9900000000000002
0
LINE
8
RED2
6
CONTINUOUS
10
5.0700000000000003
20
-5.9900000000000002
11
5.0700000000000003
21
-5.96
0
LINE
8
RED2
6
CONTINUOUS
10
5.1800000000000006
20
-5.9300000000000006
11
5.1200000000000001
21
-5.9900000000000002
0
LINE
8
RED2
6
CONTINUOUS
10
5.1200000000000001
20
-5.9900000000000002
11
5.1500000000000004
21
-5.9900000000000002
0
LINE
8
RED2
6
CONTINUOUS
10
5.1500000000000004
20
-5.9900000000000002
11
5.1200000000000001
21
-5.9900000000000002
0
LINE
8
RED2
6
CONTINUOUS
10
5.1200000000000001
20
-5.9900000000000002
11
5.1200000000000001
21
-5.96
0
LINE
8
RED2
6
CONTINUOUS
10
5.2000000000000002
20
-5.9000000000000004
11
5.2999999999999998
21
-5.9000000000000004
0
LINE
8
RED2
6
CONTINUOUS
10
5.2000000000000002
20
-5.9500000000000002
11
5.2000000000000002
21
-5.8500000000000005
0
LINE
8
RED2
6
CONTINUOUS
10
5.2999999999999998
20
-5.9500000000000002
11
5.2999999999999998
21
-5.8500000000000005
0
LINE
8
RED2
6
CONTINUOUS
10
5.2999999999999998
20
-5.8500000000000005
11
5.2000000000000002
21
-5.9000000000000004
0
LINE
8
RED2
6
CONTINUOUS
10
5.2000000000000002
20
-5.9000000000000004
11
5.2999999999999998
21
-5.9500000000000002
0
LINE
8
RED2
6
CONTINUOUS
10
5.2000000000000002
20
-5.9000000000000004
11
5.1000000000000005
21
-5.9000000000000004
0
LINE
8
RED2
6
CONTINUOUS
10
5.2999999999999998
20
-5.9000000000000004
11
5.4000000000000004
21
-5.9000000000000004
0
LINE
8
CYAN2
6
CONTINUOUS
10
5.2992834645669289
20
-5.8328031496062991
11
5.2992834645669289
21
-5.7828031496062993
0
LINE
8
CYAN2
6
CONTINUOUS
10
5.2992834645669289
20
-5.7828031496062993
11
5.3111889763779532
21
-5.7828031496062993
0
LINE
8
CYAN2
6
CONTINUOUS
10
5.3111889763779532
20
-5.7828031496062993
11
5.3183307086614171
21
-5.785185039370079
0
LINE
8
CYAN2
6
CONTINUOUS
10
5.3183307086614171
20
-5.785185039370079
11
5.3230944881889766
21
-5.7899488188976376
0
LINE
8
CYAN2
6
CONTINUOUS
10
5.3230944881889766
20
-5.7899488188976376
11
5.3254763779527563
21
-5.7947086614173227
0
LINE
8
CYAN2
6
CONTINUOUS
10
5.3254763779527563
20
-5.7947086614173227
11
5.3278543307086617
21
-5.8042322834645672
0
LINE
8
CYAN2
6
CONTINUOUS
10
5.3278543307086617
20
-5.8042322834645672
11
5.3278543307086617
21
-5.811374015748032
0
LINE
8
CYAN2
6
CONTINUOUS
10
5.3278543307086617
20
-5.811374015748032
11
5.3254763779527563
21
-5.8208976377952757
0
LINE
8
CYAN2
6
CONTINUOUS
10
5.3254763779527563
20
-5.8208976377952757
11
5.3230944881889766
21
-5.8256614173228352
0
LINE
8
CYAN2
6
CONTINUOUS
10
5.3230944881889766
20
-5.8256614173228352
11
5.3183307086614171
21
-5.8304251968503937
0
LINE
8
CYAN2
6
CONTINUOUS
10
5.3183307086614171
20
-5.8304251968503937
11
5.3111889763779532
21
-5.8328031496062991
0
LINE
8
CYAN2
6
CONTINUOUS
10
5.3111889763779532
20
-5.8328031496062991
11
5.2992834645669289
21
-5.8328031496062991
0
LINE
8
CYAN2
6
CONTINUOUS
10
5.3707125984251967
20
-5.7994724409448821
11
5.3707125984251967
21
-5.8328031496062991
0
LINE
8
CYAN2
6
CONTINUOUS
10
5.3588070866141733
20
-5.7804251968503939
11
5.3469055118110242
21
-5.8161377952755906
0
LINE
8
CYAN2
6
CONTINUOUS
10
5.3469055118110242
20
-5.8161377952755906
11
5.3778543307086615
21
-5.8161377952755906
0
LINE
8
CYAN2
6
CONTINUOUS
10
5.3945236220472443
20
-5.7875669291338587
11
5.3969015748031497
21
-5.785185039370079
0
LINE
8
CYAN2
6
CONTINUOUS
10
5.3969015748031497
20
-5.785185039370079
11
5.4016653543307092
21
-5.7828031496062993
0
LINE
8
CYAN2
6
CONTINUOUS
10
5.4016653543307092
20
-5.7828031496062993
11
5.4135708661417326
21
-5.7828031496062993
0
LINE
8
CYAN2
6
CONTINUOUS
10
5.4135708661417326
20
-5.7828031496062993
11
5.4183307086614176
21
-5.785185039370079
0
LINE
8
CYAN2
6
CONTINUOUS
10
5.4183307086614176
20
-5.785185039370079
11
5.4207125984251974
21
-5.7875669291338587
0
LINE
8
CYAN2
6
CONTINUOUS
10
5.4207125984251974
20
-5.7875669291338587
11
5.4230944881889762
21
-5.7923267716535438
0
LINE
8
CYAN2
6
CONTINUOUS
10
5.4230944881889762
20
-5.7923267716535438
11
5.4230944881889762
21
-5.7970905511811024
0
LINE
8
CYAN2
6
CONTINUOUS
10
5.4230944881889762
20
-5.7970905511811024
11
5.4207125984251974
21
-5.8042322834645672
0
LINE
8
CYAN2
6
CONTINUOUS
10
5.4207125984251974
20
-5.8042322834645672
11
5.3921417322834646
21
-5.8328031496062991
0
LINE
8
CYAN2
6
CONTINUOUS
10
5.3921417322834646
20
-5.8328031496062991
11
5.4230944881889762
21
-5.8328031496062991
0
LINE
8
CYAN2
6
CONTINUOUS
10
5.0721417322834643
20
-5.9589960629921261
11
5.0721417322834643
21
-5.9828031496062994
0
LINE
8
CYAN2
6
CONTINUOUS
10
5.0554763779527558
20
-5.9328031496062996
11
5.0721417322834643
21
-5.9589960629921261
0
LINE
8
CYAN2
6
CONTINUOUS
10
5.0721417322834643
20
-5.9589960629921261
11
5.0888110236220472
21
-5.9328031496062996
0
LINE
8
CYAN2
6
CONTINUOUS
10
5.1054763779527557
20
-5.9566141732283464
11
5.1221456692913385
21
-5.9566141732283464
0
LINE
8
CYAN2
6
CONTINUOUS
10
5.1292874015748033
20
-5.9828031496062994
11
5.1054763779527557
21
-5.9828031496062994
0
LINE
8
CYAN2
6
CONTINUOUS
10
5.1054763779527557
20
-5.9828031496062994
11
5.1054763779527557
21
-5.9328031496062996
0
LINE
8
CYAN2
6
CONTINUOUS
10
5.1054763779527557
20
-5.9328031496062996
11
5.1292874015748033
21
-5.9328031496062996
0
LINE
8
CYAN2
6
CONTINUOUS
10
5.1745236220472446
20
-5.9828031496062994
11
5.1507125984251969
21
-5.9828031496062994
0
LINE
8
CYAN2
6
CONTINUOUS
10
5.1507125984251969
20
-5.9828031496062994
11
5.1507125984251969
21
-5.9328031496062996
0
LINE
8
CYAN2
6
CONTINUOUS
10
5.2149999999999999
20
-5.9828031496062994
11
5.1911889763779531
21
-5.9828031496062994
0
LINE
8
CYAN2
6
CONTINUOUS
10
5.1911889763779531
20
-5.9828031496062994
11
5.1911889763779531
21
-5.9328031496062996
0
LINE
8
CYAN2
6
CONTINUOUS
10
5.2411889763779529
20
-5.9328031496062996
11
5.2507125984251974
21
-5.9328031496062996
0
LINE
8
CYAN2
6
CONTINUOUS
10
5.2507125984251974
20
-5.9328031496062996
11
5.255476377952756
21
-5.9351850393700794
0
LINE
8
CYAN2
6
CONTINUOUS
10
5.255476377952756
20
-5.9351850393700794
11
5.2602362204724411
21
-5.9399488188976379
0
LINE
8
CYAN2
6
CONTINUOUS
10
5.2602362204724411
20
-5.9399488188976379
11
5.2626181102362208
21
-5.9494724409448825
0
LINE
8
CYAN2
6
CONTINUOUS
10
5.2626181102362208
20
-5.9494724409448825
11
5.2626181102362208
21
-5.966137795275591
0
LINE
8
CYAN2
6
CONTINUOUS
10
5.2626181102362208
20
-5.966137795275591
11
5.2602362204724411
21
-5.9756614173228346
0
LINE
8
CYAN2
6
CONTINUOUS
10
5.2602362204724411
20
-5.9756614173228346
11
5.255476377952756
21
-5.9804251968503941
0
LINE
8
CYAN2
6
CONTINUOUS
10
5.255476377952756
20
-5.9804251968503941
11
5.2507125984251974
21
-5.9828031496062994
0
LINE
8
CYAN2
6
CONTINUOUS
10
5.2507125984251974
20
-5.9828031496062994
11
5.2411889763779529
21
-5.9828031496062994
0
LINE
8
CYAN2
6
CONTINUOUS
10
5.2411889763779529
20
-5.9828031496062994
11
5.2364291338582678
21
-5.9804251968503941
0
LINE
8
CYAN2
6
CONTINUOUS
10
5.2364291338582678
20
-5.9804251968503941
11
5.2316653543307092
21
-5.9756614173228346
0
LINE
8
CYAN2
6
CONTINUOUS
10
5.2316653543307092
20
-5.9756614173228346
11
5.229287401574803
21
-5.966137795275591
0
LINE
8
CYAN2
6
CONTINUOUS
10
5.229287401574803
20
-5.966137795275591
11
5.229287401574803
21
-5.9494724409448825
0
LINE
8
CYAN2
6
CONTINUOUS
10
5.229287401574803
20
-5.9494724409448825
11
5.2316653543307092
21
-5.9399488188976379
0
LINE
8
CYAN2
6
CONTINUOUS
10
5.2316653543307092
20
-5.9399488188976379
11
5.2364291338582678
21
-5.9351850393700794
0
LINE
8
CYAN2
6
CONTINUOUS
10
5.2364291338582678
20
-5.9351850393700794
11
5.2411889763779529
21
-5.9328031496062996
0
LINE
8
CYAN2
6
CONTINUOUS
10
5.2792874015748037
20
-5.9328031496062996
11
5.2911929133858271
21
-5.9828031496062994
0
LINE
8
CYAN2
6
CONTINUOUS
10
5.2911929133858271
20
-5.9828031496062994
11
5.3007165354330708
21
-5.9470905511811027
0
LINE
8
CYAN2
6
CONTINUOUS
10
5.3007165354330708
20
-5.9470905511811027
11
5.3102401574803153
21
-5.9828031496062994
0
LINE
8
CYAN2
6
CONTINUOUS
10
5.3102401574803153
20
-5.9828031496062994
11
5.3221456692913387
21
-5.9328031496062996
0
LINE
8
LYELLOW
6
CONTINUOUS
10
4.2999999999999998
20
-4.3500000000000005
11
4.2999999999999998
21
-5.3500000000000005
0
LINE
8
LYELLOW
6
CONTINUOUS
10
4.2999999999999998
20
-5.3500000000000005
11
6.1000000000000005
21
-5.3500000000000005
0
LINE
8
LYELLOW
6
CONTINUOUS
10
6.1000000000000005
20
-5.3500000000000005
11
6.1000000000000005
21
-4.3500000000000005
0
LINE
8
LYELLOW
6
CONTINUOUS
10
6.1000000000000005
20
-4.3500000000000005
11
4.2999999999999998
21
-4.3500000000000005
0
LINE
8
RED2
6
CONTINUOUS
10
4.2999999999999998
20
-4.3500000000000005
11
4.2999999999999998
21
-5.3500000000000005
0
LINE
8
RED2
6
CONTINUOUS
10
4.2999999999999998
20
-5.3500000000000005
11
6.1000000000000005
21
-5.3500000000000005
0
LINE
8
RED2
6
CONTINUOUS
10
6.1000000000000005
20
-5.3500000000000005
11
6.1000000000000005
21
-4.3500000000000005
0
LINE
8
RED2
6
CONTINUOUS
10
6.1000000000000005
20
-4.3500000000000005
11
4.2999999999999998
21
-4.3500000000000005
0
LINE
8
RED2
6
CONTINUOUS
10
5.9000000000000004
20
-4.3500000000000005
11
5.9000000000000004
21
-4.1500000000000004
0
LINE
8
CYAN2
6
CONTINUOUS
10
5.8785039370078742
20
-4.5004763779527561
11
5.9185039370078742
21
-4.4871417322834644
0
LINE
8
CYAN2
6
CONTINUOUS
10
5.9185039370078742
20
-4.4871417322834644
11
5.8785039370078742
21
-4.4738110236220479
0
LINE
8
CYAN2
6
CONTINUOUS
10
5.9146968503937014
20
-4.4376181102362207
11
5.916602362204725
21
-4.4395236220472443
0
LINE
8
CYAN2
6
CONTINUOUS
10
5.916602362204725
20
-4.4395236220472443
11
5.9185039370078742
21
-4.4452362204724407
0
LINE
8
CYAN2
6
CONTINUOUS
10
5.9185039370078742
20
-4.4452362204724407
11
5.9185039370078742
21
-4.4490472440944879
0
LINE
8
CYAN2
6
CONTINUOUS
10
5.9185039370078742
20
-4.4490472440944879
11
5.916602362204725
21
-4.4547598425196853
0
LINE
8
CYAN2
6
CONTINUOUS
10
5.916602362204725
20
-4.4547598425196853
11
5.9127913385826778
21
-4.4585708661417325
0
LINE
8
CYAN2
6
CONTINUOUS
10
5.9127913385826778
20
-4.4585708661417325
11
5.9089803149606306
21
-4.4604724409448817
0
LINE
8
CYAN2
6
CONTINUOUS
10
5.9089803149606306
20
-4.4604724409448817
11
5.9013622047244096
21
-4.4623779527559053
0
LINE
8
CYAN2
6
CONTINUOUS
10
5.9013622047244096
20
-4.4623779527559053
11
5.8956496062992132
21
-4.4623779527559053
0
LINE
8
CYAN2
6
CONTINUOUS
10
5.8956496062992132
20
-4.4623779527559053
11
5.8880275590551188
21
-4.4604724409448817
0
LINE
8
CYAN2
6
CONTINUOUS
10
5.8880275590551188
20
-4.4604724409448817
11
5.884220472440945
21
-4.4585708661417325
0
LINE
8
CYAN2
6
CONTINUOUS
10
5.884220472440945
20
-4.4585708661417325
11
5.8804094488188978
21
-4.4547598425196853
0
LINE
8
CYAN2
6
CONTINUOUS
10
5.8804094488188978
20
-4.4547598425196853
11
5.8785039370078742
21
-4.4490472440944879
0
LINE
8
CYAN2
6
CONTINUOUS
10
5.8785039370078742
20
-4.4490472440944879
11
5.8785039370078742
21
-4.4452362204724407
0
LINE
8
CYAN2
6
CONTINUOUS
10
5.8785039370078742
20
-4.4452362204724407
11
5.8804094488188978
21
-4.4395236220472443
0
LINE
8
CYAN2
6
CONTINUOUS
10
5.8804094488188978
20
-4.4395236220472443
11
5.8823149606299214
21
-4.4376181102362207
0
LINE
8
CYAN2
6
CONTINUOUS
10
5.9146968503937014
20
-4.3976181102362206
11
5.916602362204725
21
-4.3995236220472442
0
LINE
8
CYAN2
6
CONTINUOUS
10
5.916602362204725
20
-4.3995236220472442
11
5.9185039370078742
21
-4.4052362204724407
0
LINE
8
CYAN2
6
CONTINUOUS
10
5.9185039370078742
20
-4.4052362204724407
11
5.9185039370078742
21
-4.4090472440944888
0
LINE
8
CYAN2
6
CONTINUOUS
10
5.9185039370078742
20
-4.4090472440944888
11
5.916602362204725
21
-4.4147598425196852
0
LINE
8
CYAN2
6
CONTINUOUS
10
5.916602362204725
20
-4.4147598425196852
11
5.9127913385826778
21
-4.4185708661417324
0
LINE
8
CYAN2
6
CONTINUOUS
10
5.9127913385826778
20
-4.4185708661417324
11
5.9089803149606306
21
-4.4204724409448817
0
LINE
8
CYAN2
6
CONTINUOUS
10
5.9089803149606306
20
-4.4204724409448817
11
5.9013622047244096
21
-4.4223779527559053
0
LINE
8
CYAN2
6
CONTINUOUS
10
5.9013622047244096
20
-4.4223779527559053
11
5.8956496062992132
21
-4.4223779527559053
0
LINE
8
CYAN2
6
CONTINUOUS
10
5.8956496062992132
20
-4.4223779527559053
11
5.8880275590551188
21
-4.4204724409448817
0
LINE
8
CYAN2
6
CONTINUOUS
10
5.8880275590551188
20
-4.4204724409448817
11
5.884220472440945
21
-4.4185708661417324
0
LINE
8
CYAN2
6
CONTINUOUS
10
5.884220472440945
20
-4.4185708661417324
11
5.8804094488188978
21
-4.4147598425196852
0
LINE
8
CYAN2
6
CONTINUOUS
10
5.8804094488188978
20
-4.4147598425196852
11
5.8785039370078742
21
-4.4090472440944888
0
LINE
8
CYAN2
6
CONTINUOUS
10
5.8785039370078742
20
-4.4090472440944888
11
5.8785039370078742
21
-4.4052362204724407
0
LINE
8
CYAN2
6
CONTINUOUS
10
5.8785039370078742
20
-4.4052362204724407
11
5.8804094488188978
21
-4.3995236220472442
0
LINE
8
CYAN2
6
CONTINUOUS
10
5.8804094488188978
20
-4.3995236220472442
11
5.8823149606299214
21
-4.3976181102362206
0
LINE
8
RED3
6
CONTINUOUS
10
5.8911023622047249
20
-4.2576181102362209
11
5.8911023622047249
21
-4.280472440944882
0
LINE
8
RED3
6
CONTINUOUS
10
5.8911023622047249
20
-4.2690433070866147
11
5.8511023622047249
21
-4.2690433070866147
0
LINE
8
RED3
6
CONTINUOUS
10
5.8511023622047249
20
-4.2690433070866147
11
5.8568188976377957
21
-4.2728543307086619
0
LINE
8
RED3
6
CONTINUOUS
10
5.8568188976377957
20
-4.2728543307086619
11
5.8606259842519686
21
-4.2766653543307092
0
LINE
8
RED3
6
CONTINUOUS
10
5.8606259842519686
20
-4.2766653543307092
11
5.8625314960629922
21
-4.280472440944882
0
LINE
8
RED3
6
CONTINUOUS
10
5.8511023622047249
20
-4.2233307086614174
11
5.8511023622047249
21
-4.2309488188976383
0
LINE
8
RED3
6
CONTINUOUS
10
5.8511023622047249
20
-4.2309488188976383
11
5.8530078740157485
21
-4.2347598425196855
0
LINE
8
RED3
6
CONTINUOUS
10
5.8530078740157485
20
-4.2347598425196855
11
5.8549133858267721
21
-4.2366653543307091
0
LINE
8
RED3
6
CONTINUOUS
10
5.8549133858267721
20
-4.2366653543307091
11
5.8606259842519686
21
-4.240472440944882
0
LINE
8
RED3
6
CONTINUOUS
10
5.8606259842519686
20
-4.240472440944882
11
5.868248031496063
21
-4.2423779527559056
0
LINE
8
RED3
6
CONTINUOUS
10
5.868248031496063
20
-4.2423779527559056
11
5.883484251968504
21
-4.2423779527559056
0
LINE
8
RED3
6
CONTINUOUS
10
5.883484251968504
20
-4.2423779527559056
11
5.8872952755905512
21
-4.240472440944882
0
LINE
8
RED3
6
CONTINUOUS
10
5.8872952755905512
20
-4.240472440944882
11
5.8892007874015748
21
-4.2385708661417327
0
LINE
8
RED3
6
CONTINUOUS
10
5.8892007874015748
20
-4.2385708661417327
11
5.8911023622047249
21
-4.2347598425196855
0
LINE
8
RED3
6
CONTINUOUS
10
5.8911023622047249
20
-4.2347598425196855
11
5.8911023622047249
21
-4.2271417322834646
0
LINE
8
RED3
6
CONTINUOUS
10
5.8911023622047249
20
-4.2271417322834646
11
5.8892007874015748
21
-4.2233307086614174
0
LINE
8
RED3
6
CONTINUOUS
10
5.8892007874015748
20
-4.2233307086614174
11
5.8872952755905512
21
-4.2214251968503937
0
LINE
8
RED3
6
CONTINUOUS
10
5.8872952755905512
20
-4.2214251968503937
11
5.883484251968504
21
-4.2195236220472445
0
LINE
8
RED3
6
CONTINUOUS
10
5.883484251968504
20
-4.2195236220472445
11
5.8739606299212603
21
-4.2195236220472445
0
LINE
8
RED3
6
CONTINUOUS
10
5.8739606299212603
20
-4.2195236220472445
11
5.8701496062992131
21
-4.2214251968503937
0
LINE
8
RED3
6
CONTINUOUS
10
5.8701496062992131
20
-4.2214251968503937
11
5.868248031496063
21
-4.2233307086614174
0
LINE
8
RED3
6
CONTINUOUS
10
5.868248031496063
20
-4.2233307086614174
11
5.8663425196850394
21
-4.2271417322834646
0
LINE
8
RED3
6
CONTINUOUS
10
5.8663425196850394
20
-4.2271417322834646
11
5.8663425196850394
21
-4.2347598425196855
0
LINE
8
RED3
6
CONTINUOUS
10
5.8663425196850394
20
-4.2347598425196855
11
5.868248031496063
21
-4.2385708661417327
0
LINE
8
RED3
6
CONTINUOUS
10
5.868248031496063
20
-4.2385708661417327
11
5.8701496062992131
21
-4.240472440944882
0
LINE
8
RED3
6
CONTINUOUS
10
5.8701496062992131
20
-4.240472440944882
11
5.8739606299212603
21
-4.2423779527559056
0
LINE
8
RED2
6
CONTINUOUS
10
5.7000000000000002
20
-4.3500000000000005
11
5.7000000000000002
21
-4.1500000000000004
0
LINE
8
CYAN2
6
CONTINUOUS
10
5.7032677165354331
20
-4.450948818897638
11
5.7013622047244095
21
-4.4490433070866144
0
LINE
8
CYAN2
6
CONTINUOUS
10
5.7013622047244095
20
-4.4490433070866144
11
5.6994566929133859
21
-4.4452322834645672
0
LINE
8
CYAN2
6
CONTINUOUS
10
5.6994566929133859
20
-4.4452322834645672
11
5.7032677165354331
21
-4.4376141732283463
0
LINE
8
CYAN2
6
CONTINUOUS
10
5.7032677165354331
20
-4.4376141732283463
11
5.7013622047244095
21
-4.4338070866141734
0
LINE
8
CYAN2
6
CONTINUOUS
10
5.7013622047244095
20
-4.4338070866141734
11
5.6994566929133859
21
-4.4319015748031498
0
LINE
8
CYAN2
6
CONTINUOUS
10
5.6975511811023622
20
-4.4166614173228345
11
5.6975511811023622
21
-4.4033307086614171
0
LINE
8
CYAN2
6
CONTINUOUS
10
5.7185039370078741
20
-4.3976141732283462
11
5.7185039370078741
21
-4.4166614173228345
0
LINE
8
CYAN2
6
CONTINUOUS
10
5.7185039370078741
20
-4.4166614173228345
11
5.678503937007874
21
-4.4166614173228345
0
LINE
8
CYAN2
6
CONTINUOUS
10
5.678503937007874
20
-4.4166614173228345
11
5.678503937007874
21
-4.3976141732283462
0
LINE
8
RED3
6
CONTINUOUS
10
5.6911023622047248
20
-4.2576181102362209
11
5.6911023622047248
21
-4.280472440944882
0
LINE
8
RED3
6
CONTINUOUS
10
5.6911023622047248
20
-4.2690433070866147
11
5.6511023622047247
21
-4.2690433070866147
0
LINE
8
RED3
6
CONTINUOUS
10
5.6511023622047247
20
-4.2690433070866147
11
5.6568188976377956
21
-4.2728543307086619
0
LINE
8
RED3
6
CONTINUOUS
10
5.6568188976377956
20
-4.2728543307086619
11
5.6606259842519684
21
-4.2766653543307092
0
LINE
8
RED3
6
CONTINUOUS
10
5.6606259842519684
20
-4.2766653543307092
11
5.662531496062992
21
-4.280472440944882
0
LINE
8
RED3
6
CONTINUOUS
10
5.6511023622047247
20
-4.2214251968503937
11
5.6511023622047247
21
-4.240472440944882
0
LINE
8
RED3
6
CONTINUOUS
10
5.6511023622047247
20
-4.240472440944882
11
5.6701496062992129
21
-4.2423779527559056
0
LINE
8
RED3
6
CONTINUOUS
10
5.6701496062992129
20
-4.2423779527559056
11
5.6682480314960628
21
-4.240472440944882
0
LINE
8
RED3
6
CONTINUOUS
10
5.6682480314960628
20
-4.240472440944882
11
5.6663425196850392
21
-4.2366653543307091
0
LINE
8
RED3
6
CONTINUOUS
10
5.6663425196850392
20
-4.2366653543307091
11
5.6663425196850392
21
-4.2271417322834646
0
LINE
8
RED3
6
CONTINUOUS
10
5.6663425196850392
20
-4.2271417322834646
11
5.6682480314960628
21
-4.2233307086614174
0
LINE
8
RED3
6
CONTINUOUS
10
5.6682480314960628
20
-4.2233307086614174
11
5.6701496062992129
21
-4.2214251968503937
0
LINE
8
RED3
6
CONTINUOUS
10
5.6701496062992129
20
-4.2214251968503937
11
5.6739606299212602
21
-4.2195236220472445
0
LINE
8
RED3
6
CONTINUOUS
10
5.6739606299212602
20
-4.2195236220472445
11
5.6834842519685038
21
-4.2195236220472445
0
LINE
8
RED3
6
CONTINUOUS
10
5.6834842519685038
20
-4.2195236220472445
11
5.687295275590551
21
-4.2214251968503937
0
LINE
8
RED3
6
CONTINUOUS
10
5.687295275590551
20
-4.2214251968503937
11
5.6892007874015746
21
-4.2233307086614174
0
LINE
8
RED3
6
CONTINUOUS
10
5.6892007874015746
20
-4.2233307086614174
11
5.6911023622047248
21
-4.2271417322834646
0
LINE
8
RED3
6
CONTINUOUS
10
5.6911023622047248
20
-4.2271417322834646
11
5.6911023622047248
21
-4.2366653543307091
0
LINE
8
RED3
6
CONTINUOUS
10
5.6911023622047248
20
-4.2366653543307091
11
5.6892007874015746
21
-4.240472440944882
0
LINE
8
RED3
6
CONTINUOUS
10
5.6892007874015746
20
-4.240472440944882
11
5.687295275590551
21
-4.2423779527559056
0
LINE
8
RED2
6
CONTINUOUS
10
5.6000000000000005
20
-4.3500000000000005
11
5.6000000000000005
21
-4.1500000000000004
0
LINE
8
CYAN2
6
CONTINUOUS
10
5.6166023622047243
20
-4.4204724409448817
11
5.6185039370078744
21
-4.4147598425196852
0
LINE
8
CYAN2
6
CONTINUOUS
10
5.6185039370078744
20
-4.4147598425196852
11
5.6185039370078744
21
-4.4052362204724407
0
LINE
8
CYAN2
6
CONTINUOUS
10
5.6185039370078744
20
-4.4052362204724407
11
5.6166023622047243
21
-4.4014251968503935
0
LINE
8
CYAN2
6
CONTINUOUS
10
5.6166023622047243
20
-4.4014251968503935
11
5.6146968503937007
21
-4.3995196850393699
0
LINE
8
CYAN2
6
CONTINUOUS
10
5.6146968503937007
20
-4.3995196850393699
11
5.6108858267716535
21
-4.3976181102362206
0
LINE
8
CYAN2
6
CONTINUOUS
10
5.6108858267716535
20
-4.3976181102362206
11
5.6070748031496063
21
-4.3976181102362206
0
LINE
8
CYAN2
6
CONTINUOUS
10
5.6070748031496063
20
-4.3976181102362206
11
5.6032677165354334
21
-4.3995196850393699
0
LINE
8
CYAN2
6
CONTINUOUS
10
5.6032677165354334
20
-4.3995196850393699
11
5.6013622047244098
21
-4.4014251968503935
0
LINE
8
CYAN2
6
CONTINUOUS
10
5.6013622047244098
20
-4.4014251968503935
11
5.5994566929133862
21
-4.4052362204724407
0
LINE
8
CYAN2
6
CONTINUOUS
10
5.5994566929133862
20
-4.4052362204724407
11
5.5975511811023626
21
-4.4128543307086616
0
LINE
8
CYAN2
6
CONTINUOUS
10
5.5975511811023626
20
-4.4128543307086616
11
5.5956496062992125
21
-4.4166653543307088
0
LINE
8
CYAN2
6
CONTINUOUS
10
5.5956496062992125
20
-4.4166653543307088
11
5.5937440944881889
21
-4.4185669291338581
0
LINE
8
CYAN2
6
CONTINUOUS
10
5.5937440944881889
20
-4.4185669291338581
11
5.5899330708661417
21
-4.4204724409448817
0
LINE
8
CYAN2
6
CONTINUOUS
10
5.5899330708661417
20
-4.4204724409448817
11
5.5861259842519688
21
-4.4204724409448817
0
LINE
8
CYAN2
6
CONTINUOUS
10
5.5861259842519688
20
-4.4204724409448817
11
5.5823149606299216
21
-4.4185669291338581
0
LINE
8
CYAN2
6
CONTINUOUS
10
5.5823149606299216
20
-4.4185669291338581
11
5.580409448818898
21
-4.4166653543307088
0
LINE
8
CYAN2
6
CONTINUOUS
10
5.580409448818898
20
-4.4166653543307088
11
5.5785039370078744
21
-4.4128543307086616
0
LINE
8
CYAN2
6
CONTINUOUS
10
5.5785039370078744
20
-4.4128543307086616
11
5.5785039370078744
21
-4.4033307086614171
0
LINE
8
CYAN2
6
CONTINUOUS
10
5.5785039370078744
20
-4.4033307086614171
11
5.580409448818898
21
-4.3976181102362206
0
LINE
8
RED3
6
CONTINUOUS
10
5.5911023622047242
20
-4.2385708661417327
11
5.5911023622047242
21
-4.2614251968503938
0
LINE
8
RED3
6
CONTINUOUS
10
5.5911023622047242
20
-4.2499960629921265
11
5.5511023622047242
21
-4.2499960629921265
0
LINE
8
RED3
6
CONTINUOUS
10
5.5511023622047242
20
-4.2499960629921265
11
5.5568188976377959
21
-4.2538070866141737
0
LINE
8
RED3
6
CONTINUOUS
10
5.5568188976377959
20
-4.2538070866141737
11
5.5606259842519687
21
-4.2576181102362209
0
LINE
8
RED3
6
CONTINUOUS
10
5.5606259842519687
20
-4.2576181102362209
11
5.5625314960629924
21
-4.2614251968503938
0
LINE
8
RED2
6
CONTINUOUS
10
5.4000000000000004
20
-4.3500000000000005
11
5.4000000000000004
21
-4.1500000000000004
0
LINE
8
CYAN2
6
CONTINUOUS
10
5.4185039370078742
20
-4.4547598425196853
11
5.4185039370078742
21
-4.4776141732283463
0
LINE
8
CYAN2
6
CONTINUOUS
10
5.4185039370078742
20
-4.466185039370079
11
5.3785039370078742
21
-4.466185039370079
0
LINE
8
CYAN2
6
CONTINUOUS
10
5.3785039370078742
20
-4.466185039370079
11
5.384220472440945
21
-4.4699960629921263
0
LINE
8
CYAN2
6
CONTINUOUS
10
5.384220472440945
20
-4.4699960629921263
11
5.3880275590551179
21
-4.4738070866141735
0
LINE
8
CYAN2
6
CONTINUOUS
10
5.3880275590551179
20
-4.4738070866141735
11
5.3899330708661424
21
-4.4776141732283463
0
LINE
8
CYAN2
6
CONTINUOUS
10
5.4185039370078742
20
-4.4376141732283463
11
5.3785039370078742
21
-4.4376141732283463
0
LINE
8
CYAN2
6
CONTINUOUS
10
5.3785039370078742
20
-4.410948818897638
11
5.3785039370078742
21
-4.4071417322834652
0
LINE
8
CYAN2
6
CONTINUOUS
10
5.3785039370078742
20
-4.4071417322834652
11
5.3804094488188978
21
-4.4033307086614171
0
LINE
8
CYAN2
6
CONTINUOUS
10
5.3804094488188978
20
-4.4033307086614171
11
5.3823149606299214
21
-4.4014251968503935
0
LINE
8
CYAN2
6
CONTINUOUS
10
5.3823149606299214
20
-4.4014251968503935
11
5.3861259842519686
21
-4.3995196850393699
0
LINE
8
CYAN2
6
CONTINUOUS
10
5.3861259842519686
20
-4.3995196850393699
11
5.3937440944881896
21
-4.3976181102362206
0
LINE
8
CYAN2
6
CONTINUOUS
10
5.3937440944881896
20
-4.3976181102362206
11
5.4032677165354333
21
-4.3976181102362206
0
LINE
8
CYAN2
6
CONTINUOUS
10
5.4032677165354333
20
-4.3976181102362206
11
5.4108858267716533
21
-4.3995196850393699
0
LINE
8
CYAN2
6
CONTINUOUS
10
5.4108858267716533
20
-4.3995196850393699
11
5.4146968503937014
21
-4.4014251968503935
0
LINE
8
CYAN2
6
CONTINUOUS
10
5.4146968503937014
20
-4.4014251968503935
11
5.416602362204725
21
-4.4033307086614171
0
LINE
8
CYAN2
6
CONTINUOUS
10
5.416602362204725
20
-4.4033307086614171
11
5.4185039370078742
21
-4.4071417322834652
0
LINE
8
CYAN2
6
CONTINUOUS
10
5.4185039370078742
20
-4.4071417322834652
11
5.4185039370078742
21
-4.410948818897638
0
LINE
8
CYAN2
6
CONTINUOUS
10
5.4185039370078742
20
-4.410948818897638
11
5.416602362204725
21
-4.4147598425196852
0
LINE
8
CYAN2
6
CONTINUOUS
10
5.416602362204725
20
-4.4147598425196852
11
5.4146968503937014
21
-4.4166653543307088
0
LINE
8
CYAN2
6
CONTINUOUS
10
5.4146968503937014
20
-4.4166653543307088
11
5.4108858267716533
21
-4.4185669291338581
0
LINE
8
CYAN2
6
CONTINUOUS
10
5.4108858267716533
20
-4.4185669291338581
11
5.4032677165354333
21
-4.4204724409448817
0
LINE
8
CYAN2
6
CONTINUOUS
10
5.4032677165354333
20
-4.4204724409448817
11
5.3937440944881896
21
-4.4204724409448817
0
LINE
8
CYAN2
6
CONTINUOUS
10
5.3937440944881896
20
-4.4204724409448817
11
5.3861259842519686
21
-4.4185669291338581
0
LINE
8
CYAN2
6
CONTINUOUS
10
5.3861259842519686
20
-4.4185669291338581
11
5.3823149606299214
21
-4.4166653543307088
0
LINE
8
CYAN2
6
CONTINUOUS
10
5.3823149606299214
20
-4.4166653543307088
11
5.3804094488188978
21
-4.4147598425196852
0
LINE
8
CYAN2
6
CONTINUOUS
10
5.3804094488188978
20
-4.4147598425196852
11
5.3785039370078742
21
-4.410948818897638
0
LINE
8
RED3
6
CONTINUOUS
10
5.3549133858267721
20
-4.2614251968503938
11
5.3530078740157485
21
-4.2595196850393702
0
LINE
8
RED3
6
CONTINUOUS
10
5.3530078740157485
20
-4.2595196850393702
11
5.3511023622047249
21
-4.2557125984251973
0
LINE
8
RED3
6
CONTINUOUS
10
5.3511023622047249
20
-4.2557125984251973
11
5.3511023622047249
21
-4.2461889763779528
0
LINE
8
RED3
6
CONTINUOUS
10
5.3511023622047249
20
-4.2461889763779528
11
5.3530078740157485
21
-4.2423779527559056
0
LINE
8
RED3
6
CONTINUOUS
10
5.3530078740157485
20
-4.2423779527559056
11
5.3549133858267721
21
-4.240472440944882
0
LINE
8
RED3
6
CONTINUOUS
10
5.3549133858267721
20
-4.240472440944882
11
5.3587244094488193
21
-4.2385708661417327
0
LINE
8
RED3
6
CONTINUOUS
10
5.3587244094488193
20
-4.2385708661417327
11
5.3625314960629922
21
-4.2385708661417327
0
LINE
8
RED3
6
CONTINUOUS
10
5.3625314960629922
20
-4.2385708661417327
11
5.368248031496063
21
-4.240472440944882
0
LINE
8
RED3
6
CONTINUOUS
10
5.368248031496063
20
-4.240472440944882
11
5.3911023622047249
21
-4.2633307086614174
0
LINE
8
RED3
6
CONTINUOUS
10
5.3911023622047249
20
-4.2633307086614174
11
5.3911023622047249
21
-4.2385708661417327
0
LINE
8
RED2
6
CONTINUOUS
10
5.2999999999999998
20
-4.3500000000000005
11
5.2999999999999998
21
-4.1500000000000004
0
LINE
8
CYAN2
6
CONTINUOUS
10
5.3185039370078746
20
-4.4547598425196853
11
5.3185039370078746
21
-4.4776141732283463
0
LINE
8
CYAN2
6
CONTINUOUS
10
5.3185039370078746
20
-4.466185039370079
11
5.2785039370078746
21
-4.466185039370079
0
LINE
8
CYAN2
6
CONTINUOUS
10
5.2785039370078746
20
-4.466185039370079
11
5.2842204724409454
21
-4.4699960629921263
0
LINE
8
CYAN2
6
CONTINUOUS
10
5.2842204724409454
20
-4.4699960629921263
11
5.2880275590551182
21
-4.4738070866141735
0
LINE
8
CYAN2
6
CONTINUOUS
10
5.2880275590551182
20
-4.4738070866141735
11
5.2899330708661418
21
-4.4776141732283463
0
LINE
8
CYAN2
6
CONTINUOUS
10
5.3185039370078746
20
-4.4376141732283463
11
5.2785039370078746
21
-4.4376141732283463
0
LINE
8
CYAN2
6
CONTINUOUS
10
5.3185039370078746
20
-4.3976181102362206
11
5.3185039370078746
21
-4.4204724409448817
0
LINE
8
CYAN2
6
CONTINUOUS
10
5.3185039370078746
20
-4.4090433070866144
11
5.2785039370078746
21
-4.4090433070866144
0
LINE
8
CYAN2
6
CONTINUOUS
10
5.2785039370078746
20
-4.4090433070866144
11
5.2842204724409454
21
-4.4128543307086616
0
LINE
8
CYAN2
6
CONTINUOUS
10
5.2842204724409454
20
-4.4128543307086616
11
5.2880275590551182
21
-4.4166653543307088
0
LINE
8
CYAN2
6
CONTINUOUS
10
5.2880275590551182
20
-4.4166653543307088
11
5.2899330708661418
21
-4.4204724409448817
0
LINE
8
RED3
6
CONTINUOUS
10
5.2511023622047244
20
-4.2633307086614174
11
5.2511023622047244
21
-4.2385708661417327
0
LINE
8
RED3
6
CONTINUOUS
10
5.2511023622047244
20
-4.2385708661417327
11
5.2663425196850397
21
-4.2519015748031501
0
LINE
8
RED3
6
CONTINUOUS
10
5.2663425196850397
20
-4.2519015748031501
11
5.2663425196850397
21
-4.2461889763779528
0
LINE
8
RED3
6
CONTINUOUS
10
5.2663425196850397
20
-4.2461889763779528
11
5.2682480314960634
21
-4.2423779527559056
0
LINE
8
RED3
6
CONTINUOUS
10
5.2682480314960634
20
-4.2423779527559056
11
5.2701496062992126
21
-4.240472440944882
0
LINE
8
RED3
6
CONTINUOUS
10
5.2701496062992126
20
-4.240472440944882
11
5.2739606299212598
21
-4.2385708661417327
0
LINE
8
RED3
6
CONTINUOUS
10
5.2739606299212598
20
-4.2385708661417327
11
5.2834842519685044
21
-4.2385708661417327
0
LINE
8
RED3
6
CONTINUOUS
10
5.2834842519685044
20
-4.2385708661417327
11
5.2872952755905516
21
-4.240472440944882
0
LINE
8
RED3
6
CONTINUOUS
10
5.2872952755905516
20
-4.240472440944882
11
5.2892007874015752
21
-4.2423779527559056
0
LINE
8
RED3
6
CONTINUOUS
10
5.2892007874015752
20
-4.2423779527559056
11
5.2911023622047244
21
-4.2461889763779528
0
LINE
8
RED3
6
CONTINUOUS
10
5.2911023622047244
20
-4.2461889763779528
11
5.2911023622047244
21
-4.2576181102362209
0
LINE
8
RED3
6
CONTINUOUS
10
5.2911023622047244
20
-4.2576181102362209
11
5.2892007874015752
21
-4.2614251968503938
0
LINE
8
RED3
6
CONTINUOUS
10
5.2892007874015752
20
-4.2614251968503938
11
5.2872952755905516
21
-4.2633307086614174
0
LINE
8
RED2
6
CONTINUOUS
10
5.2000000000000002
20
-4.3500000000000005
11
5.2000000000000002
21
-4.1500000000000004
0
LINE
8
CYAN2
6
CONTINUOUS
10
5.1823149606299213
20
-4.4776141732283463
11
5.1804094488188976
21
-4.4757086614173227
0
LINE
8
CYAN2
6
CONTINUOUS
10
5.1804094488188976
20
-4.4757086614173227
11
5.178503937007874
21
-4.4719015748031499
0
LINE
8
CYAN2
6
CONTINUOUS
10
5.178503937007874
20
-4.4719015748031499
11
5.178503937007874
21
-4.4623779527559053
0
LINE
8
CYAN2
6
CONTINUOUS
10
5.178503937007874
20
-4.4623779527559053
11
5.1804094488188976
21
-4.4585669291338581
0
LINE
8
CYAN2
6
CONTINUOUS
10
5.1804094488188976
20
-4.4585669291338581
11
5.1823149606299213
21
-4.4566614173228345
0
LINE
8
CYAN2
6
CONTINUOUS
10
5.1823149606299213
20
-4.4566614173228345
11
5.1861259842519685
21
-4.4547598425196853
0
LINE
8
CYAN2
6
CONTINUOUS
10
5.1861259842519685
20
-4.4547598425196853
11
5.1899330708661422
21
-4.4547598425196853
0
LINE
8
CYAN2
6
CONTINUOUS
10
5.1899330708661422
20
-4.4547598425196853
11
5.195649606299213
21
-4.4566614173228345
0
LINE
8
CYAN2
6
CONTINUOUS
10
5.195649606299213
20
-4.4566614173228345
11
5.2185039370078741
21
-4.4795196850393699
0
LINE
8
CYAN2
6
CONTINUOUS
10
5.2185039370078741
20
-4.4795196850393699
11
5.2185039370078741
21
-4.4547598425196853
0
LINE
8
CYAN2
6
CONTINUOUS
10
5.2185039370078741
20
-4.4376141732283463
11
5.178503937007874
21
-4.4376141732283463
0
LINE
8
CYAN2
6
CONTINUOUS
10
5.178503937007874
20
-4.410948818897638
11
5.178503937007874
21
-4.4071417322834652
0
LINE
8
CYAN2
6
CONTINUOUS
10
5.178503937007874
20
-4.4071417322834652
11
5.1804094488188976
21
-4.4033307086614171
0
LINE
8
CYAN2
6
CONTINUOUS
10
5.1804094488188976
20
-4.4033307086614171
11
5.1823149606299213
21
-4.4014251968503935
0
LINE
8
CYAN2
6
CONTINUOUS
10
5.1823149606299213
20
-4.4014251968503935
11
5.1861259842519685
21
-4.3995196850393699
0
LINE
8
CYAN2
6
CONTINUOUS
10
5.1861259842519685
20
-4.3995196850393699
11
5.1937440944881894
21
-4.3976181102362206
0
LINE
8
CYAN2
6
CONTINUOUS
10
5.1937440944881894
20
-4.3976181102362206
11
5.2032677165354331
21
-4.3976181102362206
0
LINE
8
CYAN2
6
CONTINUOUS
10
5.2032677165354331
20
-4.3976181102362206
11
5.210885826771654
21
-4.3995196850393699
0
LINE
8
CYAN2
6
CONTINUOUS
10
5.210885826771654
20
-4.3995196850393699
11
5.2146968503937012
21
-4.4014251968503935
0
LINE
8
CYAN2
6
CONTINUOUS
10
5.2146968503937012
20
-4.4014251968503935
11
5.2166023622047248
21
-4.4033307086614171
0
LINE
8
CYAN2
6
CONTINUOUS
10
5.2166023622047248
20
-4.4033307086614171
11
5.2185039370078741
21
-4.4071417322834652
0
LINE
8
CYAN2
6
CONTINUOUS
10
5.2185039370078741
20
-4.4071417322834652
11
5.2185039370078741
21
-4.410948818897638
0
LINE
8
CYAN2
6
CONTINUOUS
10
5.2185039370078741
20
-4.410948818897638
11
5.2166023622047248
21
-4.4147598425196852
0
LINE
8
CYAN2
6
CONTINUOUS
10
5.2166023622047248
20
-4.4147598425196852
11
5.2146968503937012
21
-4.4166653543307088
0
LINE
8
CYAN2
6
CONTINUOUS
10
5.2146968503937012
20
-4.4166653543307088
11
5.210885826771654
21
-4.4185669291338581
0
LINE
8
CYAN2
6
CONTINUOUS
10
5.210885826771654
20
-4.4185669291338581
11
5.2032677165354331
21
-4.4204724409448817
0
LINE
8
CYAN2
6
CONTINUOUS
10
5.2032677165354331
20
-4.4204724409448817
11
5.1937440944881894
21
-4.4204724409448817
0
LINE
8
CYAN2
6
CONTINUOUS
10
5.1937440944881894
20
-4.4204724409448817
11
5.1861259842519685
21
-4.4185669291338581
0
LINE
8
CYAN2
6
CONTINUOUS
10
5.1861259842519685
20
-4.4185669291338581
11
5.1823149606299213
21
-4.4166653543307088
0
LINE
8
CYAN2
6
CONTINUOUS
10
5.1823149606299213
20
-4.4166653543307088
11
5.1804094488188976
21
-4.4147598425196852
0
LINE
8
CYAN2
6
CONTINUOUS
10
5.1804094488188976
20
-4.4147598425196852
11
5.178503937007874
21
-4.410948818897638
0
LINE
8
RED3
6
CONTINUOUS
10
5.1511023622047247
20
-4.240472440944882
11
5.1511023622047247
21
-4.2595196850393702
0
LINE
8
RED3
6
CONTINUOUS
10
5.1511023622047247
20
-4.2595196850393702
11
5.1701496062992129
21
-4.2614251968503938
0
LINE
8
RED3
6
CONTINUOUS
10
5.1701496062992129
20
-4.2614251968503938
11
5.1682480314960628
21
-4.2595196850393702
0
LINE
8
RED3
6
CONTINUOUS
10
5.1682480314960628
20
-4.2595196850393702
11
5.1663425196850392
21
-4.2557125984251973
0
LINE
8
RED3
6
CONTINUOUS
10
5.1663425196850392
20
-4.2557125984251973
11
5.1663425196850392
21
-4.2461889763779528
0
LINE
8
RED3
6
CONTINUOUS
10
5.1663425196850392
20
-4.2461889763779528
11
5.1682480314960628
21
-4.2423779527559056
0
LINE
8
RED3
6
CONTINUOUS
10
5.1682480314960628
20
-4.2423779527559056
11
5.1701496062992129
21
-4.240472440944882
0
LINE
8
RED3
6
CONTINUOUS
10
5.1701496062992129
20
-4.240472440944882
11
5.1739606299212602
21
-4.2385708661417327
0
LINE
8
RED3
6
CONTINUOUS
10
5.1739606299212602
20
-4.2385708661417327
11
5.1834842519685038
21
-4.2385708661417327
0
LINE
8
RED3
6
CONTINUOUS
10
5.1834842519685038
20
-4.2385708661417327
11
5.187295275590551
21
-4.240472440944882
0
LINE
8
RED3
6
CONTINUOUS
10
5.187295275590551
20
-4.240472440944882
11
5.1892007874015746
21
-4.2423779527559056
0
LINE
8
RED3
6
CONTINUOUS
10
5.1892007874015746
20
-4.2423779527559056
11
5.1911023622047248
21
-4.2461889763779528
0
LINE
8
RED3
6
CONTINUOUS
10
5.1911023622047248
20
-4.2461889763779528
11
5.1911023622047248
21
-4.2557125984251973
0
LINE
8
RED3
6
CONTINUOUS
10
5.1911023622047248
20
-4.2557125984251973
11
5.1892007874015746
21
-4.2595196850393702
0
LINE
8
RED3
6
CONTINUOUS
10
5.1892007874015746
20
-4.2595196850393702
11
5.187295275590551
21
-4.2614251968503938
0
LINE
8
RED2
6
CONTINUOUS
10
5.1000000000000005
20
-4.3500000000000005
11
5.1000000000000005
21
-4.1500000000000004
0
LINE
8
CYAN2
6
CONTINUOUS
10
5.0823149606299216
20
-4.4776141732283463
11
5.080409448818898
21
-4.4757086614173227
0
LINE
8
CYAN2
6
CONTINUOUS
10
5.080409448818898
20
-4.4757086614173227
11
5.0785039370078744
21
-4.4719015748031499
0
LINE
8
CYAN2
6
CONTINUOUS
10
5.0785039370078744
20
-4.4719015748031499
11
5.0785039370078744
21
-4.4623779527559053
0
LINE
8
CYAN2
6
CONTINUOUS
10
5.0785039370078744
20
-4.4623779527559053
11
5.080409448818898
21
-4.4585669291338581
0
LINE
8
CYAN2
6
CONTINUOUS
10
5.080409448818898
20
-4.4585669291338581
11
5.0823149606299216
21
-4.4566614173228345
0
LINE
8
CYAN2
6
CONTINUOUS
10
5.0823149606299216
20
-4.4566614173228345
11
5.0861259842519688
21
-4.4547598425196853
0
LINE
8
CYAN2
6
CONTINUOUS
10
5.0861259842519688
20
-4.4547598425196853
11
5.0899330708661417
21
-4.4547598425196853
0
LINE
8
CYAN2
6
CONTINUOUS
10
5.0899330708661417
20
-4.4547598425196853
11
5.0956496062992125
21
-4.4566614173228345
0
LINE
8
CYAN2
6
CONTINUOUS
10
5.0956496062992125
20
-4.4566614173228345
11
5.1185039370078744
21
-4.4795196850393699
0
LINE
8
CYAN2
6
CONTINUOUS
10
5.1185039370078744
20
-4.4795196850393699
11
5.1185039370078744
21
-4.4547598425196853
0
LINE
8
CYAN2
6
CONTINUOUS
10
5.1185039370078744
20
-4.4376141732283463
11
5.0785039370078744
21
-4.4376141732283463
0
LINE
8
CYAN2
6
CONTINUOUS
10
5.1185039370078744
20
-4.3976181102362206
11
5.1185039370078744
21
-4.4204724409448817
0
LINE
8
CYAN2
6
CONTINUOUS
10
5.1185039370078744
20
-4.4090433070866144
11
5.0785039370078744
21
-4.4090433070866144
0
LINE
8
CYAN2
6
CONTINUOUS
10
5.0785039370078744
20
-4.4090433070866144
11
5.0842204724409452
21
-4.4128543307086616
0
LINE
8
CYAN2
6
CONTINUOUS
10
5.0842204724409452
20
-4.4128543307086616
11
5.0880275590551181
21
-4.4166653543307088
0
LINE
8
CYAN2
6
CONTINUOUS
10
5.0880275590551181
20
-4.4166653543307088
11
5.0899330708661417
21
-4.4204724409448817
0
LINE
8
RED3
6
CONTINUOUS
10
5.0511023622047242
20
-4.2423779527559056
11
5.0511023622047242
21
-4.2499960629921265
0
LINE
8
RED3
6
CONTINUOUS
10
5.0511023622047242
20
-4.2499960629921265
11
5.0530078740157478
21
-4.2538070866141737
0
LINE
8
RED3
6
CONTINUOUS
10
5.0530078740157478
20
-4.2538070866141737
11
5.0549133858267714
21
-4.2557125984251973
0
LINE
8
RED3
6
CONTINUOUS
10
5.0549133858267714
20
-4.2557125984251973
11
5.0606259842519687
21
-4.2595196850393702
0
LINE
8
RED3
6
CONTINUOUS
10
5.0606259842519687
20
-4.2595196850393702
11
5.0682480314960632
21
-4.2614251968503938
0
LINE
8
RED3
6
CONTINUOUS
10
5.0682480314960632
20
-4.2614251968503938
11
5.0834842519685042
21
-4.2614251968503938
0
LINE
8
RED3
6
CONTINUOUS
10
5.0834842519685042
20
-4.2614251968503938
11
5.0872952755905514
21
-4.2595196850393702
0
LINE
8
RED3
6
CONTINUOUS
10
5.0872952755905514
20
-4.2595196850393702
11
5.089200787401575
21
-4.2576181102362209
0
LINE
8
RED3
6
CONTINUOUS
10
5.089200787401575
20
-4.2576181102362209
11
5.0911023622047242
21
-4.2538070866141737
0
LINE
8
RED3
6
CONTINUOUS
10
5.0911023622047242
20
-4.2538070866141737
11
5.0911023622047242
21
-4.2461889763779528
0
LINE
8
RED3
6
CONTINUOUS
10
5.0911023622047242
20
-4.2461889763779528
11
5.089200787401575
21
-4.2423779527559056
0
LINE
8
RED3
6
CONTINUOUS
10
5.089200787401575
20
-4.2423779527559056
11
5.0872952755905514
21
-4.240472440944882
0
LINE
8
RED3
6
CONTINUOUS
10
5.0872952755905514
20
-4.240472440944882
11
5.0834842519685042
21
-4.2385708661417327
0
LINE
8
RED3
6
CONTINUOUS
10
5.0834842519685042
20
-4.2385708661417327
11
5.0739606299212596
21
-4.2385708661417327
0
LINE
8
RED3
6
CONTINUOUS
10
5.0739606299212596
20
-4.2385708661417327
11
5.0701496062992124
21
-4.240472440944882
0
LINE
8
RED3
6
CONTINUOUS
10
5.0701496062992124
20
-4.240472440944882
11
5.0682480314960632
21
-4.2423779527559056
0
LINE
8
RED3
6
CONTINUOUS
10
5.0682480314960632
20
-4.2423779527559056
11
5.0663425196850396
21
-4.2461889763779528
0
LINE
8
RED3
6
CONTINUOUS
10
5.0663425196850396
20
-4.2461889763779528
11
5.0663425196850396
21
-4.2538070866141737
0
LINE
8
RED3
6
CONTINUOUS
10
5.0663425196850396
20
-4.2538070866141737
11
5.0682480314960632
21
-4.2576181102362209
0
LINE
8
RED3
6
CONTINUOUS
10
5.0682480314960632
20
-4.2576181102362209
11
5.0701496062992124
21
-4.2595196850393702
0
LINE
8
RED3
6
CONTINUOUS
10
5.0701496062992124
20
-4.2595196850393702
11
5.0739606299212596
21
-4.2614251968503938
0
LINE
8
RED2
6
CONTINUOUS
10
5.
20
-4.3500000000000005
11
5.
21
-4.1500000000000004
0
LINE
8
CYAN2
6
CONTINUOUS
10
4.9785039370078739
20
-4.4795196850393699
11
4.9785039370078739
21
-4.4547598425196853
0
LINE
8
CYAN2
6
CONTINUOUS
10
4.9785039370078739
20
-4.4547598425196853
11
4.9937440944881892
21
-4.4680905511811027
0
LINE
8
CYAN2
6
CONTINUOUS
10
4.9937440944881892
20
-4.4680905511811027
11
4.9937440944881892
21
-4.4623779527559053
0
LINE
8
CYAN2
6
CONTINUOUS
10
4.9937440944881892
20
-4.4623779527559053
11
4.9956496062992128
21
-4.4585669291338581
0
LINE
8
CYAN2
6
CONTINUOUS
10
4.9956496062992128
20
-4.4585669291338581
11
4.9975511811023621
21
-4.4566614173228345
0
LINE
8
CYAN2
6
CONTINUOUS
10
4.9975511811023621
20
-4.4566614173228345
11
5.0013622047244093
21
-4.4547598425196853
0
LINE
8
CYAN2
6
CONTINUOUS
10
5.0013622047244093
20
-4.4547598425196853
11
5.0108858267716538
21
-4.4547598425196853
0
LINE
8
CYAN2
6
CONTINUOUS
10
5.0108858267716538
20
-4.4547598425196853
11
5.0146968503937011
21
-4.4566614173228345
0
LINE
8
CYAN2
6
CONTINUOUS
10
5.0146968503937011
20
-4.4566614173228345
11
5.0166023622047247
21
-4.4585669291338581
0
LINE
8
CYAN2
6
CONTINUOUS
10
5.0166023622047247
20
-4.4585669291338581
11
5.0185039370078739
21
-4.4623779527559053
0
LINE
8
CYAN2
6
CONTINUOUS
10
5.0185039370078739
20
-4.4623779527559053
11
5.0185039370078739
21
-4.4738070866141735
0
LINE
8
CYAN2
6
CONTINUOUS
10
5.0185039370078739
20
-4.4738070866141735
11
5.0166023622047247
21
-4.4776141732283463
0
LINE
8
CYAN2
6
CONTINUOUS
10
5.0166023622047247
20
-4.4776141732283463
11
5.0146968503937011
21
-4.4795196850393699
0
LINE
8
CYAN2
6
CONTINUOUS
10
5.0185039370078739
20
-4.4376141732283463
11
4.9785039370078739
21
-4.4376141732283463
0
LINE
8
CYAN2
6
CONTINUOUS
10
5.0185039370078739
20
-4.3976181102362206
11
5.0185039370078739
21
-4.4204724409448817
0
LINE
8
CYAN2
6
CONTINUOUS
10
5.0185039370078739
20
-4.4090433070866144
11
4.9785039370078739
21
-4.4090433070866144
0
LINE
8
CYAN2
6
CONTINUOUS
10
4.9785039370078739
20
-4.4090433070866144
11
4.9842204724409447
21
-4.4128543307086616
0
LINE
8
CYAN2
6
CONTINUOUS
10
4.9842204724409447
20
-4.4128543307086616
11
4.9880275590551184
21
-4.4166653543307088
0
LINE
8
CYAN2
6
CONTINUOUS
10
4.9880275590551184
20
-4.4166653543307088
11
4.989933070866142
21
-4.4204724409448817
0
LINE
8
RED3
6
CONTINUOUS
10
4.9911023622047246
20
-4.2576181102362209
11
4.9911023622047246
21
-4.280472440944882
0
LINE
8
RED3
6
CONTINUOUS
10
4.9911023622047246
20
-4.2690433070866147
11
4.9511023622047245
21
-4.2690433070866147
0
LINE
8
RED3
6
CONTINUOUS
10
4.9511023622047245
20
-4.2690433070866147
11
4.9568188976377954
21
-4.2728543307086619
0
LINE
8
RED3
6
CONTINUOUS
10
4.9568188976377954
20
-4.2728543307086619
11
4.9606259842519691
21
-4.2766653543307092
0
LINE
8
RED3
6
CONTINUOUS
10
4.9606259842519691
20
-4.2766653543307092
11
4.9625314960629927
21
-4.280472440944882
0
LINE
8
RED3
6
CONTINUOUS
10
4.9511023622047245
20
-4.2328543307086619
11
4.9511023622047245
21
-4.2290472440944882
0
LINE
8
RED3
6
CONTINUOUS
10
4.9511023622047245
20
-4.2290472440944882
11
4.9530078740157482
21
-4.225236220472441
0
LINE
8
RED3
6
CONTINUOUS
10
4.9530078740157482
20
-4.225236220472441
11
4.9549133858267718
21
-4.2233307086614174
0
LINE
8
RED3
6
CONTINUOUS
10
4.9549133858267718
20
-4.2233307086614174
11
4.958724409448819
21
-4.2214251968503937
0
LINE
8
RED3
6
CONTINUOUS
10
4.958724409448819
20
-4.2214251968503937
11
4.9663425196850399
21
-4.2195236220472445
0
LINE
8
RED3
6
CONTINUOUS
10
4.9663425196850399
20
-4.2195236220472445
11
4.9758661417322836
21
-4.2195236220472445
0
LINE
8
RED3
6
CONTINUOUS
10
4.9758661417322836
20
-4.2195236220472445
11
4.9834842519685045
21
-4.2214251968503937
0
LINE
8
RED3
6
CONTINUOUS
10
4.9834842519685045
20
-4.2214251968503937
11
4.9872952755905517
21
-4.2233307086614174
0
LINE
8
RED3
6
CONTINUOUS
10
4.9872952755905517
20
-4.2233307086614174
11
4.9892007874015754
21
-4.225236220472441
0
LINE
8
RED3
6
CONTINUOUS
10
4.9892007874015754
20
-4.225236220472441
11
4.9911023622047246
21
-4.2290472440944882
0
LINE
8
RED3
6
CONTINUOUS
10
4.9911023622047246
20
-4.2290472440944882
11
4.9911023622047246
21
-4.2328543307086619
0
LINE
8
RED3
6
CONTINUOUS
10
4.9911023622047246
20
-4.2328543307086619
11
4.9892007874015754
21
-4.2366653543307091
0
LINE
8
RED3
6
CONTINUOUS
10
4.9892007874015754
20
-4.2366653543307091
11
4.9872952755905517
21
-4.2385708661417327
0
LINE
8
RED3
6
CONTINUOUS
10
4.9872952755905517
20
-4.2385708661417327
11
4.9834842519685045
21
-4.240472440944882
0
LINE
8
RED3
6
CONTINUOUS
10
4.9834842519685045
20
-4.240472440944882
11
4.9758661417322836
21
-4.2423779527559056
0
LINE
8
RED3
6
CONTINUOUS
10
4.9758661417322836
20
-4.2423779527559056
11
4.9663425196850399
21
-4.2423779527559056
0
LINE
8
RED3
6
CONTINUOUS
10
4.9663425196850399
20
-4.2423779527559056
11
4.958724409448819
21
-4.240472440944882
0
LINE
8
RED3
6
CONTINUOUS
10
4.958724409448819
20
-4.240472440944882
11
4.9549133858267718
21
-4.2385708661417327
0
LINE
8
RED3
6
CONTINUOUS
10
4.9549133858267718
20
-4.2385708661417327
11
4.9530078740157482
21
-4.2366653543307091
0
LINE
8
RED3
6
CONTINUOUS
10
4.9530078740157482
20
-4.2366653543307091
11
4.9511023622047245
21
-4.2328543307086619
0
LINE
8
RED2
6
CONTINUOUS
10
4.9000000000000004
20
-4.3500000000000005
11
4.9000000000000004
21
-4.1500000000000004
0
LINE
8
CYAN2
6
CONTINUOUS
10
4.8785039370078742
20
-4.4795196850393699
11
4.8785039370078742
21
-4.4547598425196853
0
LINE
8
CYAN2
6
CONTINUOUS
10
4.8785039370078742
20
-4.4547598425196853
11
4.8937440944881896
21
-4.4680905511811027
0
LINE
8
CYAN2
6
CONTINUOUS
10
4.8937440944881896
20
-4.4680905511811027
11
4.8937440944881896
21
-4.4623779527559053
0
LINE
8
CYAN2
6
CONTINUOUS
10
4.8937440944881896
20
-4.4623779527559053
11
4.8956496062992132
21
-4.4585669291338581
0
LINE
8
CYAN2
6
CONTINUOUS
10
4.8956496062992132
20
-4.4585669291338581
11
4.8975511811023624
21
-4.4566614173228345
0
LINE
8
CYAN2
6
CONTINUOUS
10
4.8975511811023624
20
-4.4566614173228345
11
4.9013622047244096
21
-4.4547598425196853
0
LINE
8
CYAN2
6
CONTINUOUS
10
4.9013622047244096
20
-4.4547598425196853
11
4.9108858267716533
21
-4.4547598425196853
0
LINE
8
CYAN2
6
CONTINUOUS
10
4.9108858267716533
20
-4.4547598425196853
11
4.9146968503937014
21
-4.4566614173228345
0
LINE
8
CYAN2
6
CONTINUOUS
10
4.9146968503937014
20
-4.4566614173228345
11
4.916602362204725
21
-4.4585669291338581
0
LINE
8
CYAN2
6
CONTINUOUS
10
4.916602362204725
20
-4.4585669291338581
11
4.9185039370078742
21
-4.4623779527559053
0
LINE
8
CYAN2
6
CONTINUOUS
10
4.9185039370078742
20
-4.4623779527559053
11
4.9185039370078742
21
-4.4738070866141735
0
LINE
8
CYAN2
6
CONTINUOUS
10
4.9185039370078742
20
-4.4738070866141735
11
4.916602362204725
21
-4.4776141732283463
0
LINE
8
CYAN2
6
CONTINUOUS
10
4.916602362204725
20
-4.4776141732283463
11
4.9146968503937014
21
-4.4795196850393699
0
LINE
8
CYAN2
6
CONTINUOUS
10
4.9185039370078742
20
-4.4376141732283463
11
4.8785039370078742
21
-4.4376141732283463
0
LINE
8
CYAN2
6
CONTINUOUS
10
4.8785039370078742
20
-4.410948818897638
11
4.8785039370078742
21
-4.4071417322834652
0
LINE
8
CYAN2
6
CONTINUOUS
10
4.8785039370078742
20
-4.4071417322834652
11
4.8804094488188978
21
-4.4033307086614171
0
LINE
8
CYAN2
6
CONTINUOUS
10
4.8804094488188978
20
-4.4033307086614171
11
4.8823149606299214
21
-4.4014251968503935
0
LINE
8
CYAN2
6
CONTINUOUS
10
4.8823149606299214
20
-4.4014251968503935
11
4.8861259842519686
21
-4.3995196850393699
0
LINE
8
CYAN2
6
CONTINUOUS
10
4.8861259842519686
20
-4.3995196850393699
11
4.8937440944881896
21
-4.3976181102362206
0
LINE
8
CYAN2
6
CONTINUOUS
10
4.8937440944881896
20
-4.3976181102362206
11
4.9032677165354333
21
-4.3976181102362206
0
LINE
8
CYAN2
6
CONTINUOUS
10
4.9032677165354333
20
-4.3976181102362206
11
4.9108858267716533
21
-4.3995196850393699
0
LINE
8
CYAN2
6
CONTINUOUS
10
4.9108858267716533
20
-4.3995196850393699
11
4.9146968503937014
21
-4.4014251968503935
0
LINE
8
CYAN2
6
CONTINUOUS
10
4.9146968503937014
20
-4.4014251968503935
11
4.916602362204725
21
-4.4033307086614171
0
LINE
8
CYAN2
6
CONTINUOUS
10
4.916602362204725
20
-4.4033307086614171
11
4.9185039370078742
21
-4.4071417322834652
0
LINE
8
CYAN2
6
CONTINUOUS
10
4.9185039370078742
20
-4.4071417322834652
11
4.9185039370078742
21
-4.410948818897638
0
LINE
8
CYAN2
6
CONTINUOUS
10
4.9185039370078742
20
-4.410948818897638
11
4.916602362204725
21
-4.4147598425196852
0
LINE
8
CYAN2
6
CONTINUOUS
10
4.916602362204725
20
-4.4147598425196852
11
4.9146968503937014
21
-4.4166653543307088
0
LINE
8
CYAN2
6
CONTINUOUS
10
4.9146968503937014
20
-4.4166653543307088
11
4.9108858267716533
21
-4.4185669291338581
0
LINE
8
CYAN2
6
CONTINUOUS
10
4.9108858267716533
20
-4.4185669291338581
11
4.9032677165354333
21
-4.4204724409448817
0
LINE
8
CYAN2
6
CONTINUOUS
10
4.9032677165354333
20
-4.4204724409448817
11
4.8937440944881896
21
-4.4204724409448817
0
LINE
8
CYAN2
6
CONTINUOUS
10
4.8937440944881896
20
-4.4204724409448817
11
4.8861259842519686
21
-4.4185669291338581
0
LINE
8
CYAN2
6
CONTINUOUS
10
4.8861259842519686
20
-4.4185669291338581
11
4.8823149606299214
21
-4.4166653543307088
0
LINE
8
CYAN2
6
CONTINUOUS
10
4.8823149606299214
20
-4.4166653543307088
11
4.8804094488188978
21
-4.4147598425196852
0
LINE
8
CYAN2
6
CONTINUOUS
10
4.8804094488188978
20
-4.4147598425196852
11
4.8785039370078742
21
-4.410948818897638
0
LINE
8
RED3
6
CONTINUOUS
10
4.8911023622047249
20
-4.2576181102362209
11
4.8911023622047249
21
-4.280472440944882
0
LINE
8
RED3
6
CONTINUOUS
10
4.8911023622047249
20
-4.2690433070866147
11
4.8511023622047249
21
-4.2690433070866147
0
LINE
8
RED3
6
CONTINUOUS
10
4.8511023622047249
20
-4.2690433070866147
11
4.8568188976377957
21
-4.2728543307086619
0
LINE
8
RED3
6
CONTINUOUS
10
4.8568188976377957
20
-4.2728543307086619
11
4.8606259842519686
21
-4.2766653543307092
0
LINE
8
RED3
6
CONTINUOUS
10
4.8606259842519686
20
-4.2766653543307092
11
4.8625314960629922
21
-4.280472440944882
0
LINE
8
RED3
6
CONTINUOUS
10
4.8911023622047249
20
-4.2195236220472445
11
4.8911023622047249
21
-4.2423779527559056
0
LINE
8
RED3
6
CONTINUOUS
10
4.8911023622047249
20
-4.2309488188976383
11
4.8511023622047249
21
-4.2309488188976383
0
LINE
8
RED3
6
CONTINUOUS
10
4.8511023622047249
20
-4.2309488188976383
11
4.8568188976377957
21
-4.2347598425196855
0
LINE
8
RED3
6
CONTINUOUS
10
4.8568188976377957
20
-4.2347598425196855
11
4.8606259842519686
21
-4.2385708661417327
0
LINE
8
RED3
6
CONTINUOUS
10
4.8606259842519686
20
-4.2385708661417327
11
4.8625314960629922
21
-4.2423779527559056
0
LINE
8
RED2
6
CONTINUOUS
10
4.7999999999999998
20
-4.3500000000000005
11
4.7999999999999998
21
-4.1500000000000004
0
LINE
8
CYAN2
6
CONTINUOUS
10
4.7918385826771654
20
-4.4585669291338581
11
4.8185039370078746
21
-4.4585669291338581
0
LINE
8
CYAN2
6
CONTINUOUS
10
4.7766023622047245
20
-4.4680905511811027
11
4.8051732283464572
21
-4.4776141732283463
0
LINE
8
CYAN2
6
CONTINUOUS
10
4.8051732283464572
20
-4.4776141732283463
11
4.8051732283464572
21
-4.4528543307086617
0
LINE
8
CYAN2
6
CONTINUOUS
10
4.8185039370078746
20
-4.4376141732283463
11
4.7785039370078746
21
-4.4376141732283463
0
LINE
8
CYAN2
6
CONTINUOUS
10
4.8185039370078746
20
-4.3976181102362206
11
4.8185039370078746
21
-4.4204724409448817
0
LINE
8
CYAN2
6
CONTINUOUS
10
4.8185039370078746
20
-4.4090433070866144
11
4.7785039370078746
21
-4.4090433070866144
0
LINE
8
CYAN2
6
CONTINUOUS
10
4.7785039370078746
20
-4.4090433070866144
11
4.7842204724409454
21
-4.4128543307086616
0
LINE
8
CYAN2
6
CONTINUOUS
10
4.7842204724409454
20
-4.4128543307086616
11
4.7880275590551182
21
-4.4166653543307088
0
LINE
8
CYAN2
6
CONTINUOUS
10
4.7880275590551182
20
-4.4166653543307088
11
4.7899330708661418
21
-4.4204724409448817
0
LINE
8
RED3
6
CONTINUOUS
10
4.7911023622047244
20
-4.2576181102362209
11
4.7911023622047244
21
-4.280472440944882
0
LINE
8
RED3
6
CONTINUOUS
10
4.7911023622047244
20
-4.2690433070866147
11
4.7511023622047244
21
-4.2690433070866147
0
LINE
8
RED3
6
CONTINUOUS
10
4.7511023622047244
20
-4.2690433070866147
11
4.7568188976377952
21
-4.2728543307086619
0
LINE
8
RED3
6
CONTINUOUS
10
4.7568188976377952
20
-4.2728543307086619
11
4.7606259842519689
21
-4.2766653543307092
0
LINE
8
RED3
6
CONTINUOUS
10
4.7606259842519689
20
-4.2766653543307092
11
4.7625314960629925
21
-4.280472440944882
0
LINE
8
RED3
6
CONTINUOUS
10
4.7511023622047244
20
-4.2442834645669292
11
4.7511023622047244
21
-4.2195236220472445
0
LINE
8
RED3
6
CONTINUOUS
10
4.7511023622047244
20
-4.2195236220472445
11
4.7663425196850397
21
-4.2328543307086619
0
LINE
8
RED3
6
CONTINUOUS
10
4.7663425196850397
20
-4.2328543307086619
11
4.7663425196850397
21
-4.2271417322834646
0
LINE
8
RED3
6
CONTINUOUS
10
4.7663425196850397
20
-4.2271417322834646
11
4.7682480314960634
21
-4.2233307086614174
0
LINE
8
RED3
6
CONTINUOUS
10
4.7682480314960634
20
-4.2233307086614174
11
4.7701496062992126
21
-4.2214251968503937
0
LINE
8
RED3
6
CONTINUOUS
10
4.7701496062992126
20
-4.2214251968503937
11
4.7739606299212598
21
-4.2195236220472445
0
LINE
8
RED3
6
CONTINUOUS
10
4.7739606299212598
20
-4.2195236220472445
11
4.7834842519685044
21
-4.2195236220472445
0
LINE
8
RED3
6
CONTINUOUS
10
4.7834842519685044
20
-4.2195236220472445
11
4.7872952755905516
21
-4.2214251968503937
0
LINE
8
RED3
6
CONTINUOUS
10
4.7872952755905516
20
-4.2214251968503937
11
4.7892007874015752
21
-4.2233307086614174
0
LINE
8
RED3
6
CONTINUOUS
10
4.7892007874015752
20
-4.2233307086614174
11
4.7911023622047244
21
-4.2271417322834646
0
LINE
8
RED3
6
CONTINUOUS
10
4.7911023622047244
20
-4.2271417322834646
11
4.7911023622047244
21
-4.2385708661417327
0
LINE
8
RED3
6
CONTINUOUS
10
4.7911023622047244
20
-4.2385708661417327
11
4.7892007874015752
21
-4.2423779527559056
0
LINE
8
RED3
6
CONTINUOUS
10
4.7892007874015752
20
-4.2423779527559056
11
4.7872952755905516
21
-4.2442834645669292
0
LINE
8
RED2
6
CONTINUOUS
10
4.7000000000000002
20
-4.3500000000000005
11
4.7000000000000002
21
-4.1500000000000004
0
LINE
8
CYAN2
6
CONTINUOUS
10
4.6918385826771658
20
-4.4585669291338581
11
4.7185039370078741
21
-4.4585669291338581
0
LINE
8
CYAN2
6
CONTINUOUS
10
4.6766023622047248
20
-4.4680905511811027
11
4.7051732283464567
21
-4.4776141732283463
0
LINE
8
CYAN2
6
CONTINUOUS
10
4.7051732283464567
20
-4.4776141732283463
11
4.7051732283464567
21
-4.4528543307086617
0
LINE
8
CYAN2
6
CONTINUOUS
10
4.7185039370078741
20
-4.4376141732283463
11
4.678503937007874
21
-4.4376141732283463
0
LINE
8
CYAN2
6
CONTINUOUS
10
4.678503937007874
20
-4.410948818897638
11
4.678503937007874
21
-4.4071417322834652
0
LINE
8
CYAN2
6
CONTINUOUS
10
4.678503937007874
20
-4.4071417322834652
11
4.6804094488188976
21
-4.4033307086614171
0
LINE
8
CYAN2
6
CONTINUOUS
10
4.6804094488188976
20
-4.4033307086614171
11
4.6823149606299213
21
-4.4014251968503935
0
LINE
8
CYAN2
6
CONTINUOUS
10
4.6823149606299213
20
-4.4014251968503935
11
4.6861259842519685
21
-4.3995196850393699
0
LINE
8
CYAN2
6
CONTINUOUS
10
4.6861259842519685
20
-4.3995196850393699
11
4.6937440944881894
21
-4.3976181102362206
0
LINE
8
CYAN2
6
CONTINUOUS
10
4.6937440944881894
20
-4.3976181102362206
11
4.7032677165354331
21
-4.3976181102362206
0
LINE
8
CYAN2
6
CONTINUOUS
10
4.7032677165354331
20
-4.3976181102362206
11
4.710885826771654
21
-4.3995196850393699
0
LINE
8
CYAN2
6
CONTINUOUS
10
4.710885826771654
20
-4.3995196850393699
11
4.7146968503937012
21
-4.4014251968503935
0
LINE
8
CYAN2
6
CONTINUOUS
10
4.7146968503937012
20
-4.4014251968503935
11
4.7166023622047248
21
-4.4033307086614171
0
LINE
8
CYAN2
6
CONTINUOUS
10
4.7166023622047248
20
-4.4033307086614171
11
4.7185039370078741
21
-4.4071417322834652
0
LINE
8
CYAN2
6
CONTINUOUS
10
4.7185039370078741
20
-4.4071417322834652
11
4.7185039370078741
21
-4.410948818897638
0
LINE
8
CYAN2
6
CONTINUOUS
10
4.7185039370078741
20
-4.410948818897638
11
4.7166023622047248
21
-4.4147598425196852
0
LINE
8
CYAN2
6
CONTINUOUS
10
4.7166023622047248
20
-4.4147598425196852
11
4.7146968503937012
21
-4.4166653543307088
0
LINE
8
CYAN2
6
CONTINUOUS
10
4.7146968503937012
20
-4.4166653543307088
11
4.710885826771654
21
-4.4185669291338581
0
LINE
8
CYAN2
6
CONTINUOUS
10
4.710885826771654
20
-4.4185669291338581
11
4.7032677165354331
21
-4.4204724409448817
0
LINE
8
CYAN2
6
CONTINUOUS
10
4.7032677165354331
20
-4.4204724409448817
11
4.6937440944881894
21
-4.4204724409448817
0
LINE
8
CYAN2
6
CONTINUOUS
10
4.6937440944881894
20
-4.4204724409448817
11
4.6861259842519685
21
-4.4185669291338581
0
LINE
8
CYAN2
6
CONTINUOUS
10
4.6861259842519685
20
-4.4185669291338581
11
4.6823149606299213
21
-4.4166653543307088
0
LINE
8
CYAN2
6
CONTINUOUS
10
4.6823149606299213
20
-4.4166653543307088
11
4.6804094488188976
21
-4.4147598425196852
0
LINE
8
CYAN2
6
CONTINUOUS
10
4.6804094488188976
20
-4.4147598425196852
11
4.678503937007874
21
-4.410948818897638
0
LINE
8
RED3
6
CONTINUOUS
10
4.6911023622047248
20
-4.2576181102362209
11
4.6911023622047248
21
-4.280472440944882
0
LINE
8
RED3
6
CONTINUOUS
10
4.6911023622047248
20
-4.2690433070866147
11
4.6511023622047247
21
-4.2690433070866147
0
LINE
8
RED3
6
CONTINUOUS
10
4.6511023622047247
20
-4.2690433070866147
11
4.6568188976377956
21
-4.2728543307086619
0
LINE
8
RED3
6
CONTINUOUS
10
4.6568188976377956
20
-4.2728543307086619
11
4.6606259842519684
21
-4.2766653543307092
0
LINE
8
RED3
6
CONTINUOUS
10
4.6606259842519684
20
-4.2766653543307092
11
4.662531496062992
21
-4.280472440944882
0
LINE
8
RED3
6
CONTINUOUS
10
4.6644370078740156
20
-4.2233307086614174
11
4.6911023622047248
21
-4.2233307086614174
0
LINE
8
RED3
6
CONTINUOUS
10
4.6492007874015746
20
-4.2328543307086619
11
4.6777716535433074
21
-4.2423779527559056
0
LINE
8
RED3
6
CONTINUOUS
10
4.6777716535433074
20
-4.2423779527559056
11
4.6777716535433074
21
-4.2176181102362209
0
LINE
8
RED2
6
CONTINUOUS
10
4.5
20
-4.3500000000000005
11
4.5
21
-4.1500000000000004
0
LINE
8
CYAN2
6
CONTINUOUS
10
4.4804094488188975
20
-4.4814291338582679
11
4.4785039370078739
21
-4.4852362204724407
0
LINE
8
CYAN2
6
CONTINUOUS
10
4.4785039370078739
20
-4.4852362204724407
11
4.4785039370078739
21
-4.4909527559055116
0
LINE
8
CYAN2
6
CONTINUOUS
10
4.4785039370078739
20
-4.4909527559055116
11
4.4804094488188975
21
-4.4966653543307089
0
LINE
8
CYAN2
6
CONTINUOUS
10
4.4804094488188975
20
-4.4966653543307089
11
4.4842204724409447
21
-4.5004763779527561
0
LINE
8
CYAN2
6
CONTINUOUS
10
4.4842204724409447
20
-4.5004763779527561
11
4.4880275590551184
21
-4.5023779527559054
0
LINE
8
CYAN2
6
CONTINUOUS
10
4.4880275590551184
20
-4.5023779527559054
11
4.4956496062992128
21
-4.504283464566929
0
LINE
8
CYAN2
6
CONTINUOUS
10
4.4956496062992128
20
-4.504283464566929
11
4.5013622047244093
21
-4.504283464566929
0
LINE
8
CYAN2
6
CONTINUOUS
10
4.5013622047244093
20
-4.504283464566929
11
4.5089803149606302
21
-4.5023779527559054
0
LINE
8
CYAN2
6
CONTINUOUS
10
4.5089803149606302
20
-4.5023779527559054
11
4.5127913385826774
21
-4.5004763779527561
0
LINE
8
CYAN2
6
CONTINUOUS
10
4.5127913385826774
20
-4.5004763779527561
11
4.5166023622047247
21
-4.4966653543307089
0
LINE
8
CYAN2
6
CONTINUOUS
10
4.5166023622047247
20
-4.4966653543307089
11
4.5185039370078739
21
-4.4909527559055116
0
LINE
8
CYAN2
6
CONTINUOUS
10
4.5185039370078739
20
-4.4909527559055116
11
4.5185039370078739
21
-4.4871417322834644
0
LINE
8
CYAN2
6
CONTINUOUS
10
4.5185039370078739
20
-4.4871417322834644
11
4.5166023622047247
21
-4.4814291338582679
0
LINE
8
CYAN2
6
CONTINUOUS
10
4.5166023622047247
20
-4.4814291338582679
11
4.5146968503937011
21
-4.4795236220472443
0
LINE
8
CYAN2
6
CONTINUOUS
10
4.5146968503937011
20
-4.4795236220472443
11
4.5013622047244093
21
-4.4795236220472443
0
LINE
8
CYAN2
6
CONTINUOUS
10
4.5013622047244093
20
-4.4795236220472443
11
4.5013622047244093
21
-4.4871417322834644
0
LINE
8
CYAN2
6
CONTINUOUS
10
4.5185039370078739
20
-4.4623779527559053
11
4.4785039370078739
21
-4.4623779527559053
0
LINE
8
CYAN2
6
CONTINUOUS
10
4.4785039370078739
20
-4.4623779527559053
11
4.5185039370078739
21
-4.4395236220472443
0
LINE
8
CYAN2
6
CONTINUOUS
10
4.5185039370078739
20
-4.4395236220472443
11
4.4785039370078739
21
-4.4395236220472443
0
LINE
8
CYAN2
6
CONTINUOUS
10
4.5185039370078739
20
-4.4204724409448817
11
4.4785039370078739
21
-4.4204724409448817
0
LINE
8
CYAN2
6
CONTINUOUS
10
4.4785039370078739
20
-4.4204724409448817
11
4.4785039370078739
21
-4.410948818897638
0
LINE
8
CYAN2
6
CONTINUOUS
10
4.4785039370078739
20
-4.410948818897638
11
4.4804094488188975
21
-4.4052362204724407
0
LINE
8
CYAN2
6
CONTINUOUS
10
4.4804094488188975
20
-4.4052362204724407
11
4.4842204724409447
21
-4.4014251968503935
0
LINE
8
CYAN2
6
CONTINUOUS
10
4.4842204724409447
20
-4.4014251968503935
11
4.4880275590551184
21
-4.3995236220472442
0
LINE
8
CYAN2
6
CONTINUOUS
10
4.4880275590551184
20
-4.3995236220472442
11
4.4956496062992128
21
-4.3976181102362206
0
LINE
8
CYAN2
6
CONTINUOUS
10
4.4956496062992128
20
-4.3976181102362206
11
4.5013622047244093
21
-4.3976181102362206
0
LINE
8
CYAN2
6
CONTINUOUS
10
4.5013622047244093
20
-4.3976181102362206
11
4.5089803149606302
21
-4.3995236220472442
0
LINE
8
CYAN2
6
CONTINUOUS
10
4.5089803149606302
20
-4.3995236220472442
11
4.5127913385826774
21
-4.4014251968503935
0
LINE
8
CYAN2
6
CONTINUOUS
10
4.5127913385826774
20
-4.4014251968503935
11
4.5166023622047247
21
-4.4052362204724407
0
LINE
8
CYAN2
6
CONTINUOUS
10
4.5166023622047247
20
-4.4052362204724407
11
4.5185039370078739
21
-4.410948818897638
0
LINE
8
CYAN2
6
CONTINUOUS
10
4.5185039370078739
20
-4.410948818897638
11
4.5185039370078739
21
-4.4204724409448817
0
LINE
8
RED3
6
CONTINUOUS
10
4.4682480314960635
20
-4.2538070866141737
11
4.4663425196850399
21
-4.2576181102362209
0
LINE
8
RED3
6
CONTINUOUS
10
4.4663425196850399
20
-4.2576181102362209
11
4.4644370078740163
21
-4.2595196850393702
0
LINE
8
RED3
6
CONTINUOUS
10
4.4644370078740163
20
-4.2595196850393702
11
4.4606259842519691
21
-4.2614251968503938
0
LINE
8
RED3
6
CONTINUOUS
10
4.4606259842519691
20
-4.2614251968503938
11
4.458724409448819
21
-4.2614251968503938
0
LINE
8
RED3
6
CONTINUOUS
10
4.458724409448819
20
-4.2614251968503938
11
4.4549133858267718
21
-4.2595196850393702
0
LINE
8
RED3
6
CONTINUOUS
10
4.4549133858267718
20
-4.2595196850393702
11
4.4530078740157482
21
-4.2576181102362209
0
LINE
8
RED3
6
CONTINUOUS
10
4.4530078740157482
20
-4.2576181102362209
11
4.4511023622047245
21
-4.2538070866141737
0
LINE
8
RED3
6
CONTINUOUS
10
4.4511023622047245
20
-4.2538070866141737
11
4.4511023622047245
21
-4.2461889763779528
0
LINE
8
RED3
6
CONTINUOUS
10
4.4511023622047245
20
-4.2461889763779528
11
4.4530078740157482
21
-4.2423779527559056
0
LINE
8
RED3
6
CONTINUOUS
10
4.4530078740157482
20
-4.2423779527559056
11
4.4549133858267718
21
-4.240472440944882
0
LINE
8
RED3
6
CONTINUOUS
10
4.4549133858267718
20
-4.240472440944882
11
4.458724409448819
21
-4.2385708661417327
0
LINE
8
RED3
6
CONTINUOUS
10
4.458724409448819
20
-4.2385708661417327
11
4.4606259842519691
21
-4.2385708661417327
0
LINE
8
RED3
6
CONTINUOUS
10
4.4606259842519691
20
-4.2385708661417327
11
4.4644370078740163
21
-4.240472440944882
0
LINE
8
RED3
6
CONTINUOUS
10
4.4644370078740163
20
-4.240472440944882
11
4.4663425196850399
21
-4.2423779527559056
0
LINE
8
RED3
6
CONTINUOUS
10
4.4663425196850399
20
-4.2423779527559056
11
4.4682480314960635
21
-4.2461889763779528
0
LINE
8
RED3
6
CONTINUOUS
10
4.4682480314960635
20
-4.2461889763779528
11
4.4682480314960635
21
-4.2538070866141737
0
LINE
8
RED3
6
CONTINUOUS
10
4.4682480314960635
20
-4.2538070866141737
11
4.4701496062992128
21
-4.2576181102362209
0
LINE
8
RED3
6
CONTINUOUS
10
4.4701496062992128
20
-4.2576181102362209
11
4.4720551181102364
21
-4.2595196850393702
0
LINE
8
RED3
6
CONTINUOUS
10
4.4720551181102364
20
-4.2595196850393702
11
4.4758661417322836
21
-4.2614251968503938
0
LINE
8
RED3
6
CONTINUOUS
10
4.4758661417322836
20
-4.2614251968503938
11
4.4834842519685045
21
-4.2614251968503938
0
LINE
8
RED3
6
CONTINUOUS
10
4.4834842519685045
20
-4.2614251968503938
11
4.4872952755905517
21
-4.2595196850393702
0
LINE
8
RED3
6
CONTINUOUS
10
4.4872952755905517
20
-4.2595196850393702
11
4.4892007874015754
21
-4.2576181102362209
0
LINE
8
RED3
6
CONTINUOUS
10
4.4892007874015754
20
-4.2576181102362209
11
4.4911023622047246
21
-4.2538070866141737
0
LINE
8
RED3
6
CONTINUOUS
10
4.4911023622047246
20
-4.2538070866141737
11
4.4911023622047246
21
-4.2461889763779528
0
LINE
8
RED3
6
CONTINUOUS
10
4.4911023622047246
20
-4.2461889763779528
11
4.4892007874015754
21
-4.2423779527559056
0
LINE
8
RED3
6
CONTINUOUS
10
4.4892007874015754
20
-4.2423779527559056
11
4.4872952755905517
21
-4.240472440944882
0
LINE
8
RED3
6
CONTINUOUS
10
4.4872952755905517
20
-4.240472440944882
11
4.4834842519685045
21
-4.2385708661417327
0
LINE
8
RED3
6
CONTINUOUS
10
4.4834842519685045
20
-4.2385708661417327
11
4.4758661417322836
21
-4.2385708661417327
0
LINE
8
RED3
6
CONTINUOUS
10
4.4758661417322836
20
-4.2385708661417327
11
4.4720551181102364
21
-4.240472440944882
0
LINE
8
RED3
6
CONTINUOUS
10
4.4720551181102364
20
-4.240472440944882
11
4.4701496062992128
21
-4.2423779527559056
0
LINE
8
RED3
6
CONTINUOUS
10
4.4701496062992128
20
-4.2423779527559056
11
4.4682480314960635
21
-4.2461889763779528
0
LINE
8
RED2
6
CONTINUOUS
10
5.9000000000000004
20
-5.3500000000000005
11
5.9000000000000004
21
-5.5499999999999998
0
LINE
8
CYAN2
6
CONTINUOUS
10
5.9185039370078742
20
-5.2795236220472441
11
5.9185039370078742
21
-5.3023779527559061
0
LINE
8
CYAN2
6
CONTINUOUS
10
5.9185039370078742
20
-5.2909488188976379
11
5.8785039370078742
21
-5.2909488188976379
0
LINE
8
CYAN2
6
CONTINUOUS
10
5.8785039370078742
20
-5.2909488188976379
11
5.884220472440945
21
-5.2947598425196851
0
LINE
8
CYAN2
6
CONTINUOUS
10
5.884220472440945
20
-5.2947598425196851
11
5.8880275590551188
21
-5.2985708661417323
0
LINE
8
CYAN2
6
CONTINUOUS
10
5.8880275590551188
20
-5.2985708661417323
11
5.8899330708661424
21
-5.3023779527559061
0
LINE
8
CYAN2
6
CONTINUOUS
10
5.899456692913386
20
-5.2547598425196851
11
5.9185039370078742
21
-5.2547598425196851
0
LINE
8
CYAN2
6
CONTINUOUS
10
5.8785039370078742
20
-5.2680944881889769
11
5.899456692913386
21
-5.2547598425196851
0
LINE
8
CYAN2
6
CONTINUOUS
10
5.899456692913386
20
-5.2547598425196851
11
5.8785039370078742
21
-5.2414291338582677
0
LINE
8
RED3
6
CONTINUOUS
10
5.8644370078740158
20
-5.4423779527559057
11
5.8911023622047249
21
-5.4423779527559057
0
LINE
8
RED3
6
CONTINUOUS
10
5.8492007874015748
20
-5.4519015748031494
11
5.8777716535433076
21
-5.461425196850394
0
LINE
8
RED3
6
CONTINUOUS
10
5.8777716535433076
20
-5.461425196850394
11
5.8777716535433076
21
-5.4366653543307093
0
LINE
8
RED2
6
CONTINUOUS
10
5.7999999999999998
20
-5.3500000000000005
11
5.7999999999999998
21
-5.5499999999999998
0
LINE
8
CYAN2
6
CONTINUOUS
10
5.7823149606299218
20
-5.3023779527559061
11
5.7804094488188982
21
-5.3004724409448825
0
LINE
8
CYAN2
6
CONTINUOUS
10
5.7804094488188982
20
-5.3004724409448825
11
5.7785039370078746
21
-5.2966653543307087
0
LINE
8
CYAN2
6
CONTINUOUS
10
5.7785039370078746
20
-5.2966653543307087
11
5.7785039370078746
21
-5.2871417322834651
0
LINE
8
CYAN2
6
CONTINUOUS
10
5.7785039370078746
20
-5.2871417322834651
11
5.7804094488188982
21
-5.2833307086614179
0
LINE
8
CYAN2
6
CONTINUOUS
10
5.7804094488188982
20
-5.2833307086614179
11
5.7823149606299218
21
-5.2814251968503942
0
LINE
8
CYAN2
6
CONTINUOUS
10
5.7823149606299218
20
-5.2814251968503942
11
5.786125984251969
21
-5.2795236220472441
0
LINE
8
CYAN2
6
CONTINUOUS
10
5.786125984251969
20
-5.2795236220472441
11
5.7899330708661418
21
-5.2795236220472441
0
LINE
8
CYAN2
6
CONTINUOUS
10
5.7899330708661418
20
-5.2795236220472441
11
5.7956496062992127
21
-5.2814251968503942
0
LINE
8
CYAN2
6
CONTINUOUS
10
5.7956496062992127
20
-5.2814251968503942
11
5.8185039370078746
21
-5.3042834645669297
0
LINE
8
CYAN2
6
CONTINUOUS
10
5.8185039370078746
20
-5.3042834645669297
11
5.8185039370078746
21
-5.2795236220472441
0
LINE
8
CYAN2
6
CONTINUOUS
10
5.7994566929133864
20
-5.2547598425196851
11
5.8185039370078746
21
-5.2547598425196851
0
LINE
8
CYAN2
6
CONTINUOUS
10
5.7785039370078746
20
-5.2680944881889769
11
5.7994566929133864
21
-5.2547598425196851
0
LINE
8
CYAN2
6
CONTINUOUS
10
5.7994566929133864
20
-5.2547598425196851
11
5.7785039370078746
21
-5.2414291338582677
0
LINE
8
RED3
6
CONTINUOUS
10
5.7511023622047244
20
-5.4633307086614176
11
5.7511023622047244
21
-5.4366653543307093
0
LINE
8
RED3
6
CONTINUOUS
10
5.7511023622047244
20
-5.4366653543307093
11
5.7911023622047244
21
-5.453807086614173
0
LINE
8
RED2
6
CONTINUOUS
10
5.7000000000000002
20
-5.3500000000000005
11
5.7000000000000002
21
-5.5499999999999998
0
LINE
8
CYAN2
6
CONTINUOUS
10
5.678503937007874
20
-5.3042834645669297
11
5.678503937007874
21
-5.2795236220472441
0
LINE
8
CYAN2
6
CONTINUOUS
10
5.678503937007874
20
-5.2795236220472441
11
5.6937440944881894
21
-5.2928543307086615
0
LINE
8
CYAN2
6
CONTINUOUS
10
5.6937440944881894
20
-5.2928543307086615
11
5.6937440944881894
21
-5.2871417322834651
0
LINE
8
CYAN2
6
CONTINUOUS
10
5.6937440944881894
20
-5.2871417322834651
11
5.695649606299213
21
-5.2833307086614179
0
LINE
8
CYAN2
6
CONTINUOUS
10
5.695649606299213
20
-5.2833307086614179
11
5.6975511811023622
21
-5.2814251968503942
0
LINE
8
CYAN2
6
CONTINUOUS
10
5.6975511811023622
20
-5.2814251968503942
11
5.7013622047244095
21
-5.2795236220472441
0
LINE
8
CYAN2
6
CONTINUOUS
10
5.7013622047244095
20
-5.2795236220472441
11
5.710885826771654
21
-5.2795236220472441
0
LINE
8
CYAN2
6
CONTINUOUS
10
5.710885826771654
20
-5.2795236220472441
11
5.7146968503937012
21
-5.2814251968503942
0
LINE
8
CYAN2
6
CONTINUOUS
10
5.7146968503937012
20
-5.2814251968503942
11
5.7166023622047248
21
-5.2833307086614179
0
LINE
8
CYAN2
6
CONTINUOUS
10
5.7166023622047248
20
-5.2833307086614179
11
5.7185039370078741
21
-5.2871417322834651
0
LINE
8
CYAN2
6
CONTINUOUS
10
5.7185039370078741
20
-5.2871417322834651
11
5.7185039370078741
21
-5.2985708661417323
0
LINE
8
CYAN2
6
CONTINUOUS
10
5.7185039370078741
20
-5.2985708661417323
11
5.7166023622047248
21
-5.3023779527559061
0
LINE
8
CYAN2
6
CONTINUOUS
10
5.7166023622047248
20
-5.3023779527559061
11
5.7146968503937012
21
-5.3042834645669297
0
LINE
8
CYAN2
6
CONTINUOUS
10
5.6994566929133859
20
-5.2547598425196851
11
5.7185039370078741
21
-5.2547598425196851
0
LINE
8
CYAN2
6
CONTINUOUS
10
5.678503937007874
20
-5.2680944881889769
11
5.6994566929133859
21
-5.2547598425196851
0
LINE
8
CYAN2
6
CONTINUOUS
10
5.6994566929133859
20
-5.2547598425196851
11
5.678503937007874
21
-5.2414291338582677
0
LINE
8
RED3
6
CONTINUOUS
10
5.6911023622047248
20
-5.4576181102362211
11
5.6911023622047248
21
-5.4499960629921258
0
LINE
8
RED3
6
CONTINUOUS
10
5.6911023622047248
20
-5.4499960629921258
11
5.6892007874015746
21
-5.446188976377953
0
LINE
8
RED3
6
CONTINUOUS
10
5.6892007874015746
20
-5.446188976377953
11
5.687295275590551
21
-5.4442834645669294
0
LINE
8
RED3
6
CONTINUOUS
10
5.687295275590551
20
-5.4442834645669294
11
5.6815787401574802
21
-5.4404724409448821
0
LINE
8
RED3
6
CONTINUOUS
10
5.6815787401574802
20
-5.4404724409448821
11
5.6739606299212602
21
-5.4385708661417329
0
LINE
8
RED3
6
CONTINUOUS
10
5.6739606299212602
20
-5.4385708661417329
11
5.6587244094488192
21
-5.4385708661417329
0
LINE
8
RED3
6
CONTINUOUS
10
5.6587244094488192
20
-5.4385708661417329
11
5.6549133858267719
21
-5.4404724409448821
0
LINE
8
RED3
6
CONTINUOUS
10
5.6549133858267719
20
-5.4404724409448821
11
5.6530078740157483
21
-5.4423779527559057
0
LINE
8
RED3
6
CONTINUOUS
10
5.6530078740157483
20
-5.4423779527559057
11
5.6511023622047247
21
-5.446188976377953
0
LINE
8
RED3
6
CONTINUOUS
10
5.6511023622047247
20
-5.446188976377953
11
5.6511023622047247
21
-5.453807086614173
0
LINE
8
RED3
6
CONTINUOUS
10
5.6511023622047247
20
-5.453807086614173
11
5.6530078740157483
21
-5.4576181102362211
0
LINE
8
RED3
6
CONTINUOUS
10
5.6530078740157483
20
-5.4576181102362211
11
5.6549133858267719
21
-5.4595196850393704
0
LINE
8
RED3
6
CONTINUOUS
10
5.6549133858267719
20
-5.4595196850393704
11
5.6587244094488192
21
-5.461425196850394
0
LINE
8
RED3
6
CONTINUOUS
10
5.6587244094488192
20
-5.461425196850394
11
5.6682480314960628
21
-5.461425196850394
0
LINE
8
RED3
6
CONTINUOUS
10
5.6682480314960628
20
-5.461425196850394
11
5.6720551181102365
21
-5.4595196850393704
0
LINE
8
RED3
6
CONTINUOUS
10
5.6720551181102365
20
-5.4595196850393704
11
5.6739606299212602
21
-5.4576181102362211
0
LINE
8
RED3
6
CONTINUOUS
10
5.6739606299212602
20
-5.4576181102362211
11
5.6758661417322838
21
-5.453807086614173
0
LINE
8
RED3
6
CONTINUOUS
10
5.6758661417322838
20
-5.453807086614173
11
5.6758661417322838
21
-5.446188976377953
0
LINE
8
RED3
6
CONTINUOUS
10
5.6758661417322838
20
-5.446188976377953
11
5.6739606299212602
21
-5.4423779527559057
0
LINE
8
RED3
6
CONTINUOUS
10
5.6739606299212602
20
-5.4423779527559057
11
5.6720551181102365
21
-5.4404724409448821
0
LINE
8
RED3
6
CONTINUOUS
10
5.6720551181102365
20
-5.4404724409448821
11
5.6682480314960628
21
-5.4385708661417329
0
LINE
8
RED2
6
CONTINUOUS
10
5.6000000000000005
20
-5.3500000000000005
11
5.6000000000000005
21
-5.5499999999999998
0
LINE
8
CYAN2
6
CONTINUOUS
10
5.5918385826771653
20
-5.2833307086614179
11
5.6185039370078744
21
-5.2833307086614179
0
LINE
8
CYAN2
6
CONTINUOUS
10
5.5766023622047243
20
-5.2928543307086615
11
5.605173228346457
21
-5.3023779527559061
0
LINE
8
CYAN2
6
CONTINUOUS
10
5.605173228346457
20
-5.3023779527559061
11
5.605173228346457
21
-5.2776181102362205
0
LINE
8
CYAN2
6
CONTINUOUS
10
5.5994566929133862
20
-5.2547598425196851
11
5.6185039370078744
21
-5.2547598425196851
0
LINE
8
CYAN2
6
CONTINUOUS
10
5.5785039370078744
20
-5.2680944881889769
11
5.5994566929133862
21
-5.2547598425196851
0
LINE
8
CYAN2
6
CONTINUOUS
10
5.5994566929133862
20
-5.2547598425196851
11
5.5785039370078744
21
-5.2414291338582677
0
LINE
8
RED3
6
CONTINUOUS
10
5.5911023622047242
20
-5.4576181102362211
11
5.5911023622047242
21
-5.4804724409448822
0
LINE
8
RED3
6
CONTINUOUS
10
5.5911023622047242
20
-5.469043307086614
11
5.5511023622047242
21
-5.469043307086614
0
LINE
8
RED3
6
CONTINUOUS
10
5.5511023622047242
20
-5.469043307086614
11
5.5568188976377959
21
-5.4728543307086612
0
LINE
8
RED3
6
CONTINUOUS
10
5.5568188976377959
20
-5.4728543307086612
11
5.5606259842519687
21
-5.4766653543307084
0
LINE
8
RED3
6
CONTINUOUS
10
5.5606259842519687
20
-5.4766653543307084
11
5.5625314960629924
21
-5.4804724409448822
0
LINE
8
RED3
6
CONTINUOUS
10
5.5549133858267723
20
-5.4423779527559057
11
5.5530078740157478
21
-5.4404724409448821
0
LINE
8
RED3
6
CONTINUOUS
10
5.5530078740157478
20
-5.4404724409448821
11
5.5511023622047242
21
-5.4366653543307093
0
LINE
8
RED3
6
CONTINUOUS
10
5.5511023622047242
20
-5.4366653543307093
11
5.5511023622047242
21
-5.4271417322834647
0
LINE
8
RED3
6
CONTINUOUS
10
5.5511023622047242
20
-5.4271417322834647
11
5.5530078740157478
21
-5.4233307086614175
0
LINE
8
RED3
6
CONTINUOUS
10
5.5530078740157478
20
-5.4233307086614175
11
5.5549133858267723
21
-5.4214251968503939
0
LINE
8
RED3
6
CONTINUOUS
10
5.5549133858267723
20
-5.4214251968503939
11
5.5587244094488195
21
-5.4195236220472447
0
LINE
8
RED3
6
CONTINUOUS
10
5.5587244094488195
20
-5.4195236220472447
11
5.5625314960629924
21
-5.4195236220472447
0
LINE
8
RED3
6
CONTINUOUS
10
5.5625314960629924
20
-5.4195236220472447
11
5.5682480314960632
21
-5.4214251968503939
0
LINE
8
RED3
6
CONTINUOUS
10
5.5682480314960632
20
-5.4214251968503939
11
5.5911023622047242
21
-5.4442834645669294
0
LINE
8
RED3
6
CONTINUOUS
10
5.5911023622047242
20
-5.4442834645669294
11
5.5911023622047242
21
-5.4195236220472447
0
LINE
8
CYAN2
6
CONTINUOUS
10
6.1662795275590554
20
-4.7727992125984251
11
6.1662795275590554
21
-4.8132755905511813
0
LINE
8
CYAN2
6
CONTINUOUS
10
6.1662795275590554
20
-4.8132755905511813
11
6.1686614173228351
21
-4.8180393700787407
0
LINE
8
CYAN2
6
CONTINUOUS
10
6.1686614173228351
20
-4.8180393700787407
11
6.171043307086614
21
-4.8204212598425196
0
LINE
8
CYAN2
6
CONTINUOUS
10
6.171043307086614
20
-4.8204212598425196
11
6.1758031496062991
21
-4.8227992125984258
0
LINE
8
CYAN2
6
CONTINUOUS
10
6.1758031496062991
20
-4.8227992125984258
11
6.1853267716535436
21
-4.8227992125984258
0
LINE
8
CYAN2
6
CONTINUOUS
10
6.1853267716535436
20
-4.8227992125984258
11
6.1900905511811022
21
-4.8204212598425196
0
LINE
8
CYAN2
6
CONTINUOUS
10
6.1900905511811022
20
-4.8204212598425196
11
6.1924724409448819
21
-4.8180393700787407
0
LINE
8
CYAN2
6
CONTINUOUS
10
6.1924724409448819
20
-4.8180393700787407
11
6.1948503937007873
21
-4.8132755905511813
0
LINE
8
CYAN2
6
CONTINUOUS
10
6.1948503937007873
20
-4.8132755905511813
11
6.1948503937007873
21
-4.7727992125984251
0
LINE
8
CYAN2
6
CONTINUOUS
10
6.2162834645669296
20
-4.7775629921259846
11
6.218661417322835
21
-4.7751811023622048
0
LINE
8
CYAN2
6
CONTINUOUS
10
6.218661417322835
20
-4.7751811023622048
11
6.2234251968503935
21
-4.7727992125984251
0
LINE
8
CYAN2
6
CONTINUOUS
10
6.2234251968503935
20
-4.7727992125984251
11
6.2353307086614178
21
-4.7727992125984251
0
LINE
8
CYAN2
6
CONTINUOUS
10
6.2353307086614178
20
-4.7727992125984251
11
6.2400905511811029
21
-4.7751811023622048
0
LINE
8
CYAN2
6
CONTINUOUS
10
6.2400905511811029
20
-4.7751811023622048
11
6.2424724409448817
21
-4.7775629921259846
0
LINE
8
CYAN2
6
CONTINUOUS
10
6.2424724409448817
20
-4.7775629921259846
11
6.2448543307086615
21
-4.7823228346456697
0
LINE
8
CYAN2
6
CONTINUOUS
10
6.2448543307086615
20
-4.7823228346456697
11
6.2448543307086615
21
-4.7870866141732282
0
LINE
8
CYAN2
6
CONTINUOUS
10
6.2448543307086615
20
-4.7870866141732282
11
6.2424724409448817
21
-4.794228346456693
0
LINE
8
CYAN2
6
CONTINUOUS
10
6.2424724409448817
20
-4.794228346456693
11
6.2139015748031499
21
-4.8227992125984258
0
LINE
8
CYAN2
6
CONTINUOUS
10
6.2139015748031499
20
-4.8227992125984258
11
6.2448543307086615
21
-4.8227992125984258
0
LINE
8
CYAN2
6
CONTINUOUS
10
6.287708661417323
20
-4.7727992125984251
11
6.2781850393700793
21
-4.7727992125984251
0
LINE
8
CYAN2
6
CONTINUOUS
10
6.2781850393700793
20
-4.7727992125984251
11
6.2734251968503942
21
-4.7751811023622048
0
LINE
8
CYAN2
6
CONTINUOUS
10
6.2734251968503942
20
-4.7751811023622048
11
6.2710433070866145
21
-4.7775629921259846
0
LINE
8
CYAN2
6
CONTINUOUS
10
6.2710433070866145
20
-4.7775629921259846
11
6.266279527559055
21
-4.7847047244094494
0
LINE
8
CYAN2
6
CONTINUOUS
10
6.266279527559055
20
-4.7847047244094494
11
6.2639015748031497
21
-4.794228346456693
0
LINE
8
CYAN2
6
CONTINUOUS
10
6.2639015748031497
20
-4.794228346456693
11
6.2639015748031497
21
-4.8132755905511813
0
LINE
8
CYAN2
6
CONTINUOUS
10
6.2639015748031497
20
-4.8132755905511813
11
6.266279527559055
21
-4.8180393700787407
0
LINE
8
CYAN2
6
CONTINUOUS
10
6.266279527559055
20
-4.8180393700787407
11
6.2686614173228348
21
-4.8204212598425196
0
LINE
8
CYAN2
6
CONTINUOUS
10
6.2686614173228348
20
-4.8204212598425196
11
6.2734251968503942
21
-4.8227992125984258
0
LINE
8
CYAN2
6
CONTINUOUS
10
6.2734251968503942
20
-4.8227992125984258
11
6.2829488188976379
21
-4.8227992125984258
0
LINE
8
CYAN2
6
CONTINUOUS
10
6.2829488188976379
20
-4.8227992125984258
11
6.287708661417323
21
-4.8204212598425196
0
LINE
8
CYAN2
6
CONTINUOUS
10
6.287708661417323
20
-4.8204212598425196
11
6.2900905511811027
21
-4.8180393700787407
0
LINE
8
CYAN2
6
CONTINUOUS
10
6.2900905511811027
20
-4.8180393700787407
11
6.2924724409448825
21
-4.8132755905511813
0
LINE
8
CYAN2
6
CONTINUOUS
10
6.2924724409448825
20
-4.8132755905511813
11
6.2924724409448825
21
-4.8013700787401579
0
LINE
8
CYAN2
6
CONTINUOUS
10
6.2924724409448825
20
-4.8013700787401579
11
6.2900905511811027
21
-4.7966102362204728
0
LINE
8
CYAN2
6
CONTINUOUS
10
6.2900905511811027
20
-4.7966102362204728
11
6.287708661417323
21
-4.794228346456693
0
LINE
8
CYAN2
6
CONTINUOUS
10
6.287708661417323
20
-4.794228346456693
11
6.2829488188976379
21
-4.7918464566929133
0
LINE
8
CYAN2
6
CONTINUOUS
10
6.2829488188976379
20
-4.7918464566929133
11
6.2734251968503942
21
-4.7918464566929133
0
LINE
8
CYAN2
6
CONTINUOUS
10
6.2734251968503942
20
-4.7918464566929133
11
6.2686614173228348
21
-4.794228346456693
0
LINE
8
CYAN2
6
CONTINUOUS
10
6.2686614173228348
20
-4.794228346456693
11
6.266279527559055
21
-4.7966102362204728
0
LINE
8
CYAN2
6
CONTINUOUS
10
6.266279527559055
20
-4.7966102362204728
11
6.2639015748031497
21
-4.8013700787401579
0
LINE
8
CYAN2
6
CONTINUOUS
10
6.1615196850393703
20
-4.8727992125984256
11
6.1948503937007873
21
-4.8727992125984256
0
LINE
8
CYAN2
6
CONTINUOUS
10
6.1948503937007873
20
-4.8727992125984256
11
6.1734251968503937
21
-4.9227992125984255
0
LINE
8
CYAN2
6
CONTINUOUS
10
6.2353267716535434
20
-4.8894685039370085
11
6.2353267716535434
21
-4.9227992125984255
0
LINE
8
CYAN2
6
CONTINUOUS
10
6.22342125984252
20
-4.8704212598425203
11
6.2115196850393701
21
-4.906133858267717
0
LINE
8
CYAN2
6
CONTINUOUS
10
6.2115196850393701
20
-4.906133858267717
11
6.2424685039370083
21
-4.906133858267717
0
LINE
8
CYAN2
6
CONTINUOUS
10
6.2615157480314965
20
-4.9227992125984255
11
6.2615157480314965
21
-4.8727992125984256
0
LINE
8
CYAN2
6
CONTINUOUS
10
6.2615157480314965
20
-4.8966102362204724
11
6.2900866141732283
21
-4.8966102362204724
0
LINE
8
CYAN2
6
CONTINUOUS
10
6.2900866141732283
20
-4.9227992125984255
11
6.2900866141732283
21
-4.8727992125984256
0
LINE
8
CYAN2
6
CONTINUOUS
10
6.3424685039370079
20
-4.9180393700787404
11
6.3400905511811025
21
-4.9204212598425201
0
LINE
8
CYAN2
6
CONTINUOUS
10
6.3400905511811025
20
-4.9204212598425201
11
6.3329448818897642
21
-4.9227992125984255
0
LINE
8
CYAN2
6
CONTINUOUS
10
6.3329448818897642
20
-4.9227992125984255
11
6.3281850393700791
21
-4.9227992125984255
0
LINE
8
CYAN2
6
CONTINUOUS
10
6.3281850393700791
20
-4.9227992125984255
11
6.3210433070866143
21
-4.9204212598425201
0
LINE
8
CYAN2
6
CONTINUOUS
10
6.3210433070866143
20
-4.9204212598425201
11
6.3162795275590558
21
-4.9156574803149606
0
LINE
8
CYAN2
6
CONTINUOUS
10
6.3162795275590558
20
-4.9156574803149606
11
6.313897637795276
21
-4.9108937007874021
0
LINE
8
CYAN2
6
CONTINUOUS
10
6.313897637795276
20
-4.9108937007874021
11
6.3115196850393707
21
-4.9013700787401575
0
LINE
8
CYAN2
6
CONTINUOUS
10
6.3115196850393707
20
-4.9013700787401575
11
6.3115196850393707
21
-4.8942283464566927
0
LINE
8
CYAN2
6
CONTINUOUS
10
6.3115196850393707
20
-4.8942283464566927
11
6.313897637795276
21
-4.884704724409449
0
LINE
8
CYAN2
6
CONTINUOUS
10
6.313897637795276
20
-4.884704724409449
11
6.3162795275590558
21
-4.8799448818897639
0
LINE
8
CYAN2
6
CONTINUOUS
10
6.3162795275590558
20
-4.8799448818897639
11
6.3210433070866143
21
-4.8751811023622045
0
LINE
8
CYAN2
6
CONTINUOUS
10
6.3210433070866143
20
-4.8751811023622045
11
6.3281850393700791
21
-4.8727992125984256
0
LINE
8
CYAN2
6
CONTINUOUS
10
6.3281850393700791
20
-4.8727992125984256
11
6.3329448818897642
21
-4.8727992125984256
0
LINE
8
CYAN2
6
CONTINUOUS
10
6.3329448818897642
20
-4.8727992125984256
11
6.3400905511811025
21
-4.8751811023622045
0
LINE
8
CYAN2
6
CONTINUOUS
10
6.3400905511811025
20
-4.8751811023622045
11
6.3424685039370079
21
-4.8775629921259842
0
LINE
8
CYAN2
6
CONTINUOUS
10
6.356755905511811
20
-4.8727992125984256
11
6.3853267716535438
21
-4.8727992125984256
0
LINE
8
CYAN2
6
CONTINUOUS
10
6.3710433070866141
20
-4.9227992125984255
11
6.3710433070866141
21
-4.8727992125984256
0
LINE
8
CYAN2
6
CONTINUOUS
10
6.4281850393700788
20
-4.9227992125984255
11
6.3996141732283469
21
-4.9227992125984255
0
LINE
8
CYAN2
6
CONTINUOUS
10
6.4138976377952757
20
-4.9227992125984255
11
6.4138976377952757
21
-4.8727992125984256
0
LINE
8
CYAN2
6
CONTINUOUS
10
6.4138976377952757
20
-4.8727992125984256
11
6.4091377952755906
21
-4.8799448818897639
0
LINE
8
CYAN2
6
CONTINUOUS
10
6.4091377952755906
20
-4.8799448818897639
11
6.404374015748032
21
-4.884704724409449
0
LINE
8
CYAN2
6
CONTINUOUS
10
6.404374015748032
20
-4.884704724409449
11
6.3996141732283469
21
-4.8870866141732288
0
LINE
8
CYAN2
6
CONTINUOUS
10
6.47342125984252
20
-4.8727992125984256
11
6.4496102362204724
21
-4.8727992125984256
0
LINE
8
CYAN2
6
CONTINUOUS
10
6.4496102362204724
20
-4.8727992125984256
11
6.447232283464567
21
-4.8966102362204724
0
LINE
8
CYAN2
6
CONTINUOUS
10
6.447232283464567
20
-4.8966102362204724
11
6.4496102362204724
21
-4.8942283464566927
0
LINE
8
CYAN2
6
CONTINUOUS
10
6.4496102362204724
20
-4.8942283464566927
11
6.4543740157480318
21
-4.8918464566929138
0
LINE
8
CYAN2
6
CONTINUOUS
10
6.4543740157480318
20
-4.8918464566929138
11
6.4662795275590552
21
-4.8918464566929138
0
LINE
8
CYAN2
6
CONTINUOUS
10
6.4662795275590552
20
-4.8918464566929138
11
6.4710393700787403
21
-4.8942283464566927
0
LINE
8
CYAN2
6
CONTINUOUS
10
6.4710393700787403
20
-4.8942283464566927
11
6.47342125984252
21
-4.8966102362204724
0
LINE
8
CYAN2
6
CONTINUOUS
10
6.47342125984252
20
-4.8966102362204724
11
6.4758031496062998
21
-4.9013700787401575
0
LINE
8
CYAN2
6
CONTINUOUS
10
6.4758031496062998
20
-4.9013700787401575
11
6.4758031496062998
21
-4.9132755905511809
0
LINE
8
CYAN2
6
CONTINUOUS
10
6.4758031496062998
20
-4.9132755905511809
11
6.47342125984252
21
-4.9180393700787404
0
LINE
8
CYAN2
6
CONTINUOUS
10
6.47342125984252
20
-4.9180393700787404
11
6.4710393700787403
21
-4.9204212598425201
0
LINE
8
CYAN2
6
CONTINUOUS
10
6.4710393700787403
20
-4.9204212598425201
11
6.4662795275590552
21
-4.9227992125984255
0
LINE
8
CYAN2
6
CONTINUOUS
10
6.4662795275590552
20
-4.9227992125984255
11
6.4543740157480318
21
-4.9227992125984255
0
LINE
8
CYAN2
6
CONTINUOUS
10
6.4543740157480318
20
-4.9227992125984255
11
6.4496102362204724
21
-4.9204212598425201
0
LINE
8
CYAN2
6
CONTINUOUS
10
6.4496102362204724
20
-4.9204212598425201
11
6.447232283464567
21
-4.9180393700787404
0
LINE
8
CYAN2
6
CONTINUOUS
10
6.4924685039370083
20
-4.8727992125984256
11
6.5257992125984252
21
-4.8727992125984256
0
LINE
8
CYAN2
6
CONTINUOUS
10
6.5257992125984252
20
-4.8727992125984256
11
6.5043740157480316
21
-4.9227992125984255
0
LINE
8
CYAN2
6
CONTINUOUS
10
6.5448464566929134
20
-4.9227992125984255
11
6.5448464566929134
21
-4.8727992125984256
0
LINE
8
CYAN2
6
CONTINUOUS
10
6.5448464566929134
20
-4.8727992125984256
11
6.5567519685039368
21
-4.8727992125984256
0
LINE
8
CYAN2
6
CONTINUOUS
10
6.5567519685039368
20
-4.8727992125984256
11
6.5638937007874016
21
-4.8751811023622045
0
LINE
8
CYAN2
6
CONTINUOUS
10
6.5638937007874016
20
-4.8751811023622045
11
6.5686574803149611
21
-4.8799448818897639
0
LINE
8
CYAN2
6
CONTINUOUS
10
6.5686574803149611
20
-4.8799448818897639
11
6.5710393700787408
21
-4.884704724409449
0
LINE
8
CYAN2
6
CONTINUOUS
10
6.5710393700787408
20
-4.884704724409449
11
6.5734173228346462
21
-4.8942283464566927
0
LINE
8
CYAN2
6
CONTINUOUS
10
6.5734173228346462
20
-4.8942283464566927
11
6.5734173228346462
21
-4.9013700787401575
0
LINE
8
CYAN2
6
CONTINUOUS
10
6.5734173228346462
20
-4.9013700787401575
11
6.5710393700787408
21
-4.9108937007874021
0
LINE
8
CYAN2
6
CONTINUOUS
10
6.5710393700787408
20
-4.9108937007874021
11
6.5686574803149611
21
-4.9156574803149606
0
LINE
8
CYAN2
6
CONTINUOUS
10
6.5686574803149611
20
-4.9156574803149606
11
6.5638937007874016
21
-4.9204212598425201
0
LINE
8
CYAN2
6
CONTINUOUS
10
6.5638937007874016
20
-4.9204212598425201
11
6.5567519685039368
21
-4.9227992125984255
0
LINE
8
CYAN2
6
CONTINUOUS
10
6.5567519685039368
20
-4.9227992125984255
11
6.5448464566929134
21
-4.9227992125984255
0
LINE
8
RED2
6
CONTINUOUS
10
6.9500000000000002
20
-4.1000000000000005
11
6.9500000000000002
21
-4.1500000000000004
0
LINE
8
RED2
6
CONTINUOUS
10
6.9500000000000002
20
-4.1500000000000004
11
7.
21
-4.1500000000000004
0
LINE
8
RED2
6
CONTINUOUS
10
7.
20
-4.1500000000000004
11
6.9500000000000002
21
-4.2000000000000002
0
LINE
8
RED2
6
CONTINUOUS
10
6.9500000000000002
20
-4.2000000000000002
11
6.9000000000000004
21
-4.1500000000000004
0
LINE
8
RED2
6
CONTINUOUS
10
6.9000000000000004
20
-4.1500000000000004
11
6.9500000000000002
21
-4.1500000000000004
0
LINE
8
CYAN2
6
CONTINUOUS
10
6.9119055118110238
20
-4.2751850393700792
11
6.9071417322834652
21
-4.2728031496062995
0
LINE
8
CYAN2
6
CONTINUOUS
10
6.9071417322834652
20
-4.2728031496062995
11
6.9000000000000004
21
-4.2728031496062995
0
LINE
8
CYAN2
6
CONTINUOUS
10
6.9000000000000004
20
-4.2728031496062995
11
6.8928582677165355
21
-4.2751850393700792
0
LINE
8
CYAN2
6
CONTINUOUS
10
6.8928582677165355
20
-4.2751850393700792
11
6.888094488188977
21
-4.2799488188976378
0
LINE
8
CYAN2
6
CONTINUOUS
10
6.888094488188977
20
-4.2799488188976378
11
6.8857125984251972
21
-4.2847086614173229
0
LINE
8
CYAN2
6
CONTINUOUS
10
6.8857125984251972
20
-4.2847086614173229
11
6.8833346456692919
21
-4.2942322834645674
0
LINE
8
CYAN2
6
CONTINUOUS
10
6.8833346456692919
20
-4.2942322834645674
11
6.8833346456692919
21
-4.3013740157480314
0
LINE
8
CYAN2
6
CONTINUOUS
10
6.8833346456692919
20
-4.3013740157480314
11
6.8857125984251972
21
-4.3108976377952759
0
LINE
8
CYAN2
6
CONTINUOUS
10
6.8857125984251972
20
-4.3108976377952759
11
6.888094488188977
21
-4.3156614173228345
0
LINE
8
CYAN2
6
CONTINUOUS
10
6.888094488188977
20
-4.3156614173228345
11
6.8928582677165355
21
-4.3204251968503939
0
LINE
8
CYAN2
6
CONTINUOUS
10
6.8928582677165355
20
-4.3204251968503939
11
6.9000000000000004
21
-4.3228031496062993
0
LINE
8
CYAN2
6
CONTINUOUS
10
6.9000000000000004
20
-4.3228031496062993
11
6.9047598425196854
21
-4.3228031496062993
0
LINE
8
CYAN2
6
CONTINUOUS
10
6.9047598425196854
20
-4.3228031496062993
11
6.9119055118110238
21
-4.3204251968503939
0
LINE
8
CYAN2
6
CONTINUOUS
10
6.9119055118110238
20
-4.3204251968503939
11
6.9142834645669291
21
-4.3180433070866142
0
LINE
8
CYAN2
6
CONTINUOUS
10
6.9142834645669291
20
-4.3180433070866142
11
6.9142834645669291
21
-4.3013740157480314
0
LINE
8
CYAN2
6
CONTINUOUS
10
6.9142834645669291
20
-4.3013740157480314
11
6.9047598425196854
21
-4.3013740157480314
0
LINE
8
CYAN2
6
CONTINUOUS
10
6.9357125984251971
20
-4.3228031496062993
11
6.9357125984251971
21
-4.2728031496062995
0
LINE
8
CYAN2
6
CONTINUOUS
10
6.9357125984251971
20
-4.2728031496062995
11
6.9642834645669298
21
-4.3228031496062993
0
LINE
8
CYAN2
6
CONTINUOUS
10
6.9642834645669298
20
-4.3228031496062993
11
6.9642834645669298
21
-4.2728031496062995
0
LINE
8
CYAN2
6
CONTINUOUS
10
6.9880944881889766
20
-4.3228031496062993
11
6.9880944881889766
21
-4.2728031496062995
0
LINE
8
CYAN2
6
CONTINUOUS
10
6.9880944881889766
20
-4.2728031496062995
11
7.
21
-4.2728031496062995
0
LINE
8
CYAN2
6
CONTINUOUS
10
7.
20
-4.2728031496062995
11
7.0071417322834648
21
-4.2751850393700792
0
LINE
8
CYAN2
6
CONTINUOUS
10
7.0071417322834648
20
-4.2751850393700792
11
7.0119055118110243
21
-4.2799488188976378
0
LINE
8
CYAN2
6
CONTINUOUS
10
7.0119055118110243
20
-4.2799488188976378
11
7.0142874015748031
21
-4.2847086614173229
0
LINE
8
CYAN2
6
CONTINUOUS
10
7.0142874015748031
20
-4.2847086614173229
11
7.0166653543307094
21
-4.2942322834645674
0
LINE
8
CYAN2
6
CONTINUOUS
10
7.0166653543307094
20
-4.2942322834645674
11
7.0166653543307094
21
-4.3013740157480314
0
LINE
8
CYAN2
6
CONTINUOUS
10
7.0166653543307094
20
-4.3013740157480314
11
7.0142874015748031
21
-4.3108976377952759
0
LINE
8
CYAN2
6
CONTINUOUS
10
7.0142874015748031
20
-4.3108976377952759
11
7.0119055118110243
21
-4.3156614173228345
0
LINE
8
CYAN2
6
CONTINUOUS
10
7.0119055118110243
20
-4.3156614173228345
11
7.0071417322834648
21
-4.3204251968503939
0
LINE
8
CYAN2
6
CONTINUOUS
10
7.0071417322834648
20
-4.3204251968503939
11
7.
21
-4.3228031496062993
0
LINE
8
CYAN2
6
CONTINUOUS
10
7.
20
-4.3228031496062993
11
6.9880944881889766
21
-4.3228031496062993
0
LINE
8
LYELLOW
6
CONTINUOUS
10
6.5499999999999998
20
-3.7000000000000002
11
6.5499999999999998
21
-3.3999999999999999
0
LINE
8
LYELLOW
6
CONTINUOUS
10
6.5499999999999998
20
-3.3999999999999999
11
7.0499999999999998
21
-3.3999999999999999
0
LINE
8
LYELLOW
6
CONTINUOUS
10
7.0499999999999998
20
-3.3999999999999999
11
7.0499999999999998
21
-3.7000000000000002
0
LINE
8
LYELLOW
6
CONTINUOUS
10
7.0499999999999998
20
-3.7000000000000002
11
6.5499999999999998
21
-3.7000000000000002
0
CIRCLE
8
RED2
10
6.6500000000000004
20
-3.6300000000000003
40
0.02
0
CIRCLE
8
RED2
10
6.75
20
-3.6300000000000003
40
0.02
0
CIRCLE
8
RED2
10
6.8500000000000005
20
-3.6300000000000003
40
0.02
0
CIRCLE
8
RED2
10
6.9500000000000002
20
-3.6300000000000003
40
0.02
0
LINE
8
RED2
6
CONTINUOUS
10
6.6450000000000005
20
-3.6100000000000003
11
6.6040000000000001
21
-3.4570000000000003
0
LINE
8
RED2
6
CONTINUOUS
10
6.7450000000000001
20
-3.6100000000000003
11
6.7040000000000006
21
-3.4570000000000003
0
LINE
8
RED2
6
CONTINUOUS
10
6.8450000000000006
20
-3.6100000000000003
11
6.8040000000000003
21
-3.4570000000000003
0
LINE
8
RED2
6
CONTINUOUS
10
6.944
20
-3.6100000000000003
11
6.9030000000000005
21
-3.4570000000000003
0
CIRCLE
8
RED2
10
6.6500000000000004
20
-3.4700000000000002
40
0.02
0
CIRCLE
8
RED2
10
6.75
20
-3.4700000000000002
40
0.02
0
CIRCLE
8
RED2
10
6.8500000000000005
20
-3.4700000000000002
40
0.02
0
CIRCLE
8
RED2
10
6.9500000000000002
20
-3.4700000000000002
40
0.02
0
LINE
8
RED2
6
CONTINUOUS
10
6.5499999999999998
20
-3.7000000000000002
11
6.5499999999999998
21
-3.3999999999999999
0
LINE
8
RED2
6
CONTINUOUS
10
6.5499999999999998
20
-3.3999999999999999
11
7.0499999999999998
21
-3.3999999999999999
0
LINE
8
RED2
6
CONTINUOUS
10
7.0499999999999998
20
-3.3999999999999999
11
7.0499999999999998
21
-3.7000000000000002
0
LINE
8
RED2
6
CONTINUOUS
10
7.0499999999999998
20
-3.7000000000000002
11
6.5499999999999998
21
-3.7000000000000002
0
LINE
8
RED2
6
CONTINUOUS
10
6.6500000000000004
20
-3.6500000000000004
11
6.6500000000000004
21
-3.8500000000000001
0
LINE
8
RED3
6
CONTINUOUS
10
6.6398779527559055
20
-3.7357086614173229
11
6.6398779527559055
21
-3.7642795275590553
0
LINE
8
RED3
6
CONTINUOUS
10
6.6398779527559055
20
-3.7499960629921261
11
6.5898779527559057
21
-3.7499960629921261
0
LINE
8
RED3
6
CONTINUOUS
10
6.5898779527559057
20
-3.7499960629921261
11
6.597023622047244
21
-3.7547559055118112
0
LINE
8
RED3
6
CONTINUOUS
10
6.597023622047244
20
-3.7547559055118112
11
6.6017834645669291
21
-3.7595196850393702
0
LINE
8
RED3
6
CONTINUOUS
10
6.6017834645669291
20
-3.7595196850393702
11
6.6041653543307088
21
-3.7642795275590553
0
LINE
8
RED2
6
CONTINUOUS
10
6.75
20
-3.6500000000000004
11
6.75
21
-3.8500000000000001
0
LINE
8
RED3
6
CONTINUOUS
10
6.6946417322834648
20
-3.7642795275590553
11
6.6922598425196851
21
-3.7619015748031499
0
LINE
8
RED3
6
CONTINUOUS
10
6.6922598425196851
20
-3.7619015748031499
11
6.6898779527559054
21
-3.7571377952755909
0
LINE
8
RED3
6
CONTINUOUS
10
6.6898779527559054
20
-3.7571377952755909
11
6.6898779527559054
21
-3.745232283464567
0
LINE
8
RED3
6
CONTINUOUS
10
6.6898779527559054
20
-3.745232283464567
11
6.6922598425196851
21
-3.740472440944882
0
LINE
8
RED3
6
CONTINUOUS
10
6.6922598425196851
20
-3.740472440944882
11
6.6946417322834648
21
-3.7380905511811027
0
LINE
8
RED3
6
CONTINUOUS
10
6.6946417322834648
20
-3.7380905511811027
11
6.6994015748031499
21
-3.7357086614173229
0
LINE
8
RED3
6
CONTINUOUS
10
6.6994015748031499
20
-3.7357086614173229
11
6.7041653543307085
21
-3.7357086614173229
0
LINE
8
RED3
6
CONTINUOUS
10
6.7041653543307085
20
-3.7357086614173229
11
6.7113070866141733
21
-3.7380905511811027
0
LINE
8
RED3
6
CONTINUOUS
10
6.7113070866141733
20
-3.7380905511811027
11
6.7398779527559061
21
-3.766661417322835
0
LINE
8
RED3
6
CONTINUOUS
10
6.7398779527559061
20
-3.766661417322835
11
6.7398779527559061
21
-3.7357086614173229
0
LINE
8
RED2
6
CONTINUOUS
10
6.8500000000000005
20
-3.6500000000000004
11
6.8500000000000005
21
-3.8500000000000001
0
LINE
8
RED3
6
CONTINUOUS
10
6.7898779527559059
20
-3.766661417322835
11
6.7898779527559059
21
-3.7357086614173229
0
LINE
8
RED3
6
CONTINUOUS
10
6.7898779527559059
20
-3.7357086614173229
11
6.8089251968503941
21
-3.7523779527559058
0
LINE
8
RED3
6
CONTINUOUS
10
6.8089251968503941
20
-3.7523779527559058
11
6.8089251968503941
21
-3.745232283464567
0
LINE
8
RED3
6
CONTINUOUS
10
6.8089251968503941
20
-3.745232283464567
11
6.8113070866141738
21
-3.740472440944882
0
LINE
8
RED3
6
CONTINUOUS
10
6.8113070866141738
20
-3.740472440944882
11
6.8136889763779527
21
-3.7380905511811027
0
LINE
8
RED3
6
CONTINUOUS
10
6.8136889763779527
20
-3.7380905511811027
11
6.8184488188976378
21
-3.7357086614173229
0
LINE
8
RED3
6
CONTINUOUS
10
6.8184488188976378
20
-3.7357086614173229
11
6.830354330708662
21
-3.7357086614173229
0
LINE
8
RED3
6
CONTINUOUS
10
6.830354330708662
20
-3.7357086614173229
11
6.8351181102362206
21
-3.7380905511811027
0
LINE
8
RED3
6
CONTINUOUS
10
6.8351181102362206
20
-3.7380905511811027
11
6.8375000000000004
21
-3.740472440944882
0
LINE
8
RED3
6
CONTINUOUS
10
6.8375000000000004
20
-3.740472440944882
11
6.8398779527559057
21
-3.745232283464567
0
LINE
8
RED3
6
CONTINUOUS
10
6.8398779527559057
20
-3.745232283464567
11
6.8398779527559057
21
-3.7595196850393702
0
LINE
8
RED3
6
CONTINUOUS
10
6.8398779527559057
20
-3.7595196850393702
11
6.8375000000000004
21
-3.7642795275590553
0
LINE
8
RED3
6
CONTINUOUS
10
6.8375000000000004
20
-3.7642795275590553
11
6.8351181102362206
21
-3.766661417322835
0
LINE
8
RED2
6
CONTINUOUS
10
6.9500000000000002
20
-3.6500000000000004
11
6.9500000000000002
21
-3.8500000000000001
0
LINE
8
RED3
6
CONTINUOUS
10
6.9065472440944884
20
-3.740472440944882
11
6.9398779527559054
21
-3.740472440944882
0
LINE
8
RED3
6
CONTINUOUS
10
6.8875000000000002
20
-3.7523779527559058
11
6.9232125984251969
21
-3.7642795275590553
0
LINE
8
RED3
6
CONTINUOUS
10
6.9232125984251969
20
-3.7642795275590553
11
6.9232125984251969
21
-3.7333307086614176
0
LINE
8
RED2
6
CONTINUOUS
10
6.6500000000000004
20
-3.4500000000000002
11
6.6500000000000004
21
-3.25
0
LINE
8
RED3
6
CONTINUOUS
10
6.6113070866141737
20
-3.3547559055118112
11
6.6089251968503939
21
-3.3595196850393703
0
LINE
8
RED3
6
CONTINUOUS
10
6.6089251968503939
20
-3.3595196850393703
11
6.6065472440944886
21
-3.3619015748031496
0
LINE
8
RED3
6
CONTINUOUS
10
6.6065472440944886
20
-3.3619015748031496
11
6.6017834645669291
21
-3.3642795275590553
0
LINE
8
RED3
6
CONTINUOUS
10
6.6017834645669291
20
-3.3642795275590553
11
6.5994015748031503
21
-3.3642795275590553
0
LINE
8
RED3
6
CONTINUOUS
10
6.5994015748031503
20
-3.3642795275590553
11
6.5946417322834652
21
-3.3619015748031496
0
LINE
8
RED3
6
CONTINUOUS
10
6.5946417322834652
20
-3.3619015748031496
11
6.5922598425196854
21
-3.3595196850393703
0
LINE
8
RED3
6
CONTINUOUS
10
6.5922598425196854
20
-3.3595196850393703
11
6.5898779527559057
21
-3.3547559055118112
0
LINE
8
RED3
6
CONTINUOUS
10
6.5898779527559057
20
-3.3547559055118112
11
6.5898779527559057
21
-3.3452322834645671
0
LINE
8
RED3
6
CONTINUOUS
10
6.5898779527559057
20
-3.3452322834645671
11
6.5922598425196854
21
-3.340472440944882
0
LINE
8
RED3
6
CONTINUOUS
10
6.5922598425196854
20
-3.340472440944882
11
6.5946417322834652
21
-3.3380905511811023
0
LINE
8
RED3
6
CONTINUOUS
10
6.5946417322834652
20
-3.3380905511811023
11
6.5994015748031503
21
-3.335708661417323
0
LINE
8
RED3
6
CONTINUOUS
10
6.5994015748031503
20
-3.335708661417323
11
6.6017834645669291
21
-3.335708661417323
0
LINE
8
RED3
6
CONTINUOUS
10
6.6017834645669291
20
-3.335708661417323
11
6.6065472440944886
21
-3.3380905511811023
0
LINE
8
RED3
6
CONTINUOUS
10
6.6065472440944886
20
-3.3380905511811023
11
6.6089251968503939
21
-3.340472440944882
0
LINE
8
RED3
6
CONTINUOUS
10
6.6089251968503939
20
-3.340472440944882
11
6.6113070866141737
21
-3.3452322834645671
0
LINE
8
RED3
6
CONTINUOUS
10
6.6113070866141737
20
-3.3452322834645671
11
6.6113070866141737
21
-3.3547559055118112
0
LINE
8
RED3
6
CONTINUOUS
10
6.6113070866141737
20
-3.3547559055118112
11
6.6136889763779534
21
-3.3595196850393703
0
LINE
8
RED3
6
CONTINUOUS
10
6.6136889763779534
20
-3.3595196850393703
11
6.6160708661417322
21
-3.3619015748031496
0
LINE
8
RED3
6
CONTINUOUS
10
6.6160708661417322
20
-3.3619015748031496
11
6.6208307086614173
21
-3.3642795275590553
0
LINE
8
RED3
6
CONTINUOUS
10
6.6208307086614173
20
-3.3642795275590553
11
6.6303543307086619
21
-3.3642795275590553
0
LINE
8
RED3
6
CONTINUOUS
10
6.6303543307086619
20
-3.3642795275590553
11
6.6351181102362204
21
-3.3619015748031496
0
LINE
8
RED3
6
CONTINUOUS
10
6.6351181102362204
20
-3.3619015748031496
11
6.6375000000000002
21
-3.3595196850393703
0
LINE
8
RED3
6
CONTINUOUS
10
6.6375000000000002
20
-3.3595196850393703
11
6.6398779527559055
21
-3.3547559055118112
0
LINE
8
RED3
6
CONTINUOUS
10
6.6398779527559055
20
-3.3547559055118112
11
6.6398779527559055
21
-3.3452322834645671
0
LINE
8
RED3
6
CONTINUOUS
10
6.6398779527559055
20
-3.3452322834645671
11
6.6375000000000002
21
-3.340472440944882
0
LINE
8
RED3
6
CONTINUOUS
10
6.6375000000000002
20
-3.340472440944882
11
6.6351181102362204
21
-3.3380905511811023
0
LINE
8
RED3
6
CONTINUOUS
10
6.6351181102362204
20
-3.3380905511811023
11
6.6303543307086619
21
-3.335708661417323
0
LINE
8
RED3
6
CONTINUOUS
10
6.6303543307086619
20
-3.335708661417323
11
6.6208307086614173
21
-3.335708661417323
0
LINE
8
RED3
6
CONTINUOUS
10
6.6208307086614173
20
-3.335708661417323
11
6.6160708661417322
21
-3.3380905511811023
0
LINE
8
RED3
6
CONTINUOUS
10
6.6160708661417322
20
-3.3380905511811023
11
6.6136889763779534
21
-3.340472440944882
0
LINE
8
RED3
6
CONTINUOUS
10
6.6136889763779534
20
-3.340472440944882
11
6.6113070866141737
21
-3.3452322834645671
0
LINE
8
RED2
6
CONTINUOUS
10
6.75
20
-3.4500000000000002
11
6.75
21
-3.25
0
LINE
8
RED3
6
CONTINUOUS
10
6.6898779527559054
20
-3.3666614173228346
11
6.6898779527559054
21
-3.3333307086614172
0
LINE
8
RED3
6
CONTINUOUS
10
6.6898779527559054
20
-3.3333307086614172
11
6.7398779527559061
21
-3.3547559055118112
0
LINE
8
RED2
6
CONTINUOUS
10
6.8500000000000005
20
-3.4500000000000002
11
6.8500000000000005
21
-3.25
0
LINE
8
RED3
6
CONTINUOUS
10
6.7898779527559059
20
-3.340472440944882
11
6.7898779527559059
21
-3.3499960629921262
0
LINE
8
RED3
6
CONTINUOUS
10
6.7898779527559059
20
-3.3499960629921262
11
6.7922598425196856
21
-3.3547559055118112
0
LINE
8
RED3
6
CONTINUOUS
10
6.7922598425196856
20
-3.3547559055118112
11
6.7946417322834645
21
-3.3571377952755905
0
LINE
8
RED3
6
CONTINUOUS
10
6.7946417322834645
20
-3.3571377952755905
11
6.8017834645669293
21
-3.3619015748031496
0
LINE
8
RED3
6
CONTINUOUS
10
6.8017834645669293
20
-3.3619015748031496
11
6.8113070866141738
21
-3.3642795275590553
0
LINE
8
RED3
6
CONTINUOUS
10
6.8113070866141738
20
-3.3642795275590553
11
6.830354330708662
21
-3.3642795275590553
0
LINE
8
RED3
6
CONTINUOUS
10
6.830354330708662
20
-3.3642795275590553
11
6.8351181102362206
21
-3.3619015748031496
0
LINE
8
RED3
6
CONTINUOUS
10
6.8351181102362206
20
-3.3619015748031496
11
6.8375000000000004
21
-3.3595196850393703
0
LINE
8
RED3
6
CONTINUOUS
10
6.8375000000000004
20
-3.3595196850393703
11
6.8398779527559057
21
-3.3547559055118112
0
LINE
8
RED3
6
CONTINUOUS
10
6.8398779527559057
20
-3.3547559055118112
11
6.8398779527559057
21
-3.3452322834645671
0
LINE
8
RED3
6
CONTINUOUS
10
6.8398779527559057
20
-3.3452322834645671
11
6.8375000000000004
21
-3.340472440944882
0
LINE
8
RED3
6
CONTINUOUS
10
6.8375000000000004
20
-3.340472440944882
11
6.8351181102362206
21
-3.3380905511811023
0
LINE
8
RED3
6
CONTINUOUS
10
6.8351181102362206
20
-3.3380905511811023
11
6.830354330708662
21
-3.335708661417323
0
LINE
8
RED3
6
CONTINUOUS
10
6.830354330708662
20
-3.335708661417323
11
6.8184488188976378
21
-3.335708661417323
0
LINE
8
RED3
6
CONTINUOUS
10
6.8184488188976378
20
-3.335708661417323
11
6.8136889763779527
21
-3.3380905511811023
0
LINE
8
RED3
6
CONTINUOUS
10
6.8136889763779527
20
-3.3380905511811023
11
6.8113070866141738
21
-3.340472440944882
0
LINE
8
RED3
6
CONTINUOUS
10
6.8113070866141738
20
-3.340472440944882
11
6.8089251968503941
21
-3.3452322834645671
0
LINE
8
RED3
6
CONTINUOUS
10
6.8089251968503941
20
-3.3452322834645671
11
6.8089251968503941
21
-3.3547559055118112
0
LINE
8
RED3
6
CONTINUOUS
10
6.8089251968503941
20
-3.3547559055118112
11
6.8113070866141738
21
-3.3595196850393703
0
LINE
8
RED3
6
CONTINUOUS
10
6.8113070866141738
20
-3.3595196850393703
11
6.8136889763779527
21
-3.3619015748031496
0
LINE
8
RED3
6
CONTINUOUS
10
6.8136889763779527
20
-3.3619015748031496
11
6.8184488188976378
21
-3.3642795275590553
0
LINE
8
RED2
6
CONTINUOUS
10
6.9500000000000002
20
-3.4500000000000002
11
6.9500000000000002
21
-3.25
0
LINE
8
RED3
6
CONTINUOUS
10
6.8898779527559055
20
-3.3380905511811023
11
6.8898779527559055
21
-3.3619015748031496
0
LINE
8
RED3
6
CONTINUOUS
10
6.8898779527559055
20
-3.3619015748031496
11
6.9136889763779532
21
-3.3642795275590553
0
LINE
8
RED3
6
CONTINUOUS
10
6.9136889763779532
20
-3.3642795275590553
11
6.9113070866141735
21
-3.3619015748031496
0
LINE
8
RED3
6
CONTINUOUS
10
6.9113070866141735
20
-3.3619015748031496
11
6.9089251968503937
21
-3.3571377952755905
0
LINE
8
RED3
6
CONTINUOUS
10
6.9089251968503937
20
-3.3571377952755905
11
6.9089251968503937
21
-3.3452322834645671
0
LINE
8
RED3
6
CONTINUOUS
10
6.9089251968503937
20
-3.3452322834645671
11
6.9113070866141735
21
-3.340472440944882
0
LINE
8
RED3
6
CONTINUOUS
10
6.9113070866141735
20
-3.340472440944882
11
6.9136889763779532
21
-3.3380905511811023
0
LINE
8
RED3
6
CONTINUOUS
10
6.9136889763779532
20
-3.3380905511811023
11
6.9184488188976383
21
-3.335708661417323
0
LINE
8
RED3
6
CONTINUOUS
10
6.9184488188976383
20
-3.335708661417323
11
6.9303543307086617
21
-3.335708661417323
0
LINE
8
RED3
6
CONTINUOUS
10
6.9303543307086617
20
-3.335708661417323
11
6.9351181102362212
21
-3.3380905511811023
0
LINE
8
RED3
6
CONTINUOUS
10
6.9351181102362212
20
-3.3380905511811023
11
6.9375
21
-3.340472440944882
0
LINE
8
RED3
6
CONTINUOUS
10
6.9375
20
-3.340472440944882
11
6.9398779527559054
21
-3.3452322834645671
0
LINE
8
RED3
6
CONTINUOUS
10
6.9398779527559054
20
-3.3452322834645671
11
6.9398779527559054
21
-3.3571377952755905
0
LINE
8
RED3
6
CONTINUOUS
10
6.9398779527559054
20
-3.3571377952755905
11
6.9375
21
-3.3619015748031496
0
LINE
8
RED3
6
CONTINUOUS
10
6.9375
20
-3.3619015748031496
11
6.9351181102362212
21
-3.3642795275590553
0
LINE
8
CYAN2
6
CONTINUOUS
10
7.1139015748031502
20
-3.5204173228346458
11
7.1210433070866141
21
-3.5227952755905512
0
LINE
8
CYAN2
6
CONTINUOUS
10
7.1210433070866141
20
-3.5227952755905512
11
7.1329488188976384
21
-3.5227952755905512
0
LINE
8
CYAN2
6
CONTINUOUS
10
7.1329488188976384
20
-3.5227952755905512
11
7.1377086614173235
21
-3.5204173228346458
0
LINE
8
CYAN2
6
CONTINUOUS
10
7.1377086614173235
20
-3.5204173228346458
11
7.1400905511811024
21
-3.5180354330708661
0
LINE
8
CYAN2
6
CONTINUOUS
10
7.1400905511811024
20
-3.5180354330708661
11
7.1424724409448821
21
-3.5132716535433071
0
LINE
8
CYAN2
6
CONTINUOUS
10
7.1424724409448821
20
-3.5132716535433071
11
7.1424724409448821
21
-3.508511811023622
0
LINE
8
CYAN2
6
CONTINUOUS
10
7.1424724409448821
20
-3.508511811023622
11
7.1400905511811024
21
-3.503748031496063
0
LINE
8
CYAN2
6
CONTINUOUS
10
7.1400905511811024
20
-3.503748031496063
11
7.1377086614173235
21
-3.5013661417322837
0
LINE
8
CYAN2
6
CONTINUOUS
10
7.1377086614173235
20
-3.5013661417322837
11
7.1329488188976384
21
-3.4989881889763779
0
LINE
8
CYAN2
6
CONTINUOUS
10
7.1329488188976384
20
-3.4989881889763779
11
7.1234251968503939
21
-3.4966062992125986
0
LINE
8
CYAN2
6
CONTINUOUS
10
7.1234251968503939
20
-3.4966062992125986
11
7.1186614173228353
21
-3.4942244094488188
0
LINE
8
CYAN2
6
CONTINUOUS
10
7.1186614173228353
20
-3.4942244094488188
11
7.1162795275590556
21
-3.4918425196850396
0
LINE
8
CYAN2
6
CONTINUOUS
10
7.1162795275590556
20
-3.4918425196850396
11
7.1139015748031502
21
-3.4870826771653545
0
LINE
8
CYAN2
6
CONTINUOUS
10
7.1139015748031502
20
-3.4870826771653545
11
7.1139015748031502
21
-3.4823188976377955
0
LINE
8
CYAN2
6
CONTINUOUS
10
7.1139015748031502
20
-3.4823188976377955
11
7.1162795275590556
21
-3.4775590551181104
0
LINE
8
CYAN2
6
CONTINUOUS
10
7.1162795275590556
20
-3.4775590551181104
11
7.1186614173228353
21
-3.4751771653543306
0
LINE
8
CYAN2
6
CONTINUOUS
10
7.1186614173228353
20
-3.4751771653543306
11
7.1234251968503939
21
-3.4727952755905513
0
LINE
8
CYAN2
6
CONTINUOUS
10
7.1234251968503939
20
-3.4727952755905513
11
7.1353267716535438
21
-3.4727952755905513
0
LINE
8
CYAN2
6
CONTINUOUS
10
7.1353267716535438
20
-3.4727952755905513
11
7.1424724409448821
21
-3.4751771653543306
0
LINE
8
CYAN2
6
CONTINUOUS
10
7.1591377952755906
20
-3.4727952755905513
11
7.1710433070866149
21
-3.5227952755905512
0
LINE
8
CYAN2
6
CONTINUOUS
10
7.1710433070866149
20
-3.5227952755905512
11
7.1805669291338585
21
-3.4870826771653545
0
LINE
8
CYAN2
6
CONTINUOUS
10
7.1805669291338585
20
-3.4870826771653545
11
7.1900905511811031
21
-3.5227952755905512
0
LINE
8
CYAN2
6
CONTINUOUS
10
7.1900905511811031
20
-3.5227952755905512
11
7.2019960629921265
21
-3.4727952755905513
0
LINE
8
CYAN2
6
CONTINUOUS
10
7.2424685039370083
20
-3.4894645669291342
11
7.2424685039370083
21
-3.5227952755905512
0
LINE
8
CYAN2
6
CONTINUOUS
10
7.2305629921259849
20
-3.470417322834646
11
7.218661417322835
21
-3.5061299212598427
0
LINE
8
CYAN2
6
CONTINUOUS
10
7.218661417322835
20
-3.5061299212598427
11
7.2496102362204731
21
-3.5061299212598427
0
LINE
8
CYAN2
6
CONTINUOUS
10
7.1139015748031502
20
-3.6204173228346459
11
7.1210433070866141
21
-3.6227952755905513
0
LINE
8
CYAN2
6
CONTINUOUS
10
7.1210433070866141
20
-3.6227952755905513
11
7.1329488188976384
21
-3.6227952755905513
0
LINE
8
CYAN2
6
CONTINUOUS
10
7.1329488188976384
20
-3.6227952755905513
11
7.1377086614173235
21
-3.6204173228346459
0
LINE
8
CYAN2
6
CONTINUOUS
10
7.1377086614173235
20
-3.6204173228346459
11
7.1400905511811024
21
-3.6180354330708662
0
LINE
8
CYAN2
6
CONTINUOUS
10
7.1400905511811024
20
-3.6180354330708662
11
7.1424724409448821
21
-3.6132716535433071
0
LINE
8
CYAN2
6
CONTINUOUS
10
7.1424724409448821
20
-3.6132716535433071
11
7.1424724409448821
21
-3.6085118110236221
0
LINE
8
CYAN2
6
CONTINUOUS
10
7.1424724409448821
20
-3.6085118110236221
11
7.1400905511811024
21
-3.603748031496063
0
LINE
8
CYAN2
6
CONTINUOUS
10
7.1400905511811024
20
-3.603748031496063
11
7.1377086614173235
21
-3.6013661417322838
0
LINE
8
CYAN2
6
CONTINUOUS
10
7.1377086614173235
20
-3.6013661417322838
11
7.1329488188976384
21
-3.598988188976378
0
LINE
8
CYAN2
6
CONTINUOUS
10
7.1329488188976384
20
-3.598988188976378
11
7.1234251968503939
21
-3.5966062992125987
0
LINE
8
CYAN2
6
CONTINUOUS
10
7.1234251968503939
20
-3.5966062992125987
11
7.1186614173228353
21
-3.5942244094488189
0
LINE
8
CYAN2
6
CONTINUOUS
10
7.1186614173228353
20
-3.5942244094488189
11
7.1162795275590556
21
-3.5918425196850396
0
LINE
8
CYAN2
6
CONTINUOUS
10
7.1162795275590556
20
-3.5918425196850396
11
7.1139015748031502
21
-3.5870826771653546
0
LINE
8
CYAN2
6
CONTINUOUS
10
7.1139015748031502
20
-3.5870826771653546
11
7.1139015748031502
21
-3.5823188976377955
0
LINE
8
CYAN2
6
CONTINUOUS
10
7.1139015748031502
20
-3.5823188976377955
11
7.1162795275590556
21
-3.5775590551181105
0
LINE
8
CYAN2
6
CONTINUOUS
10
7.1162795275590556
20
-3.5775590551181105
11
7.1186614173228353
21
-3.5751771653543307
0
LINE
8
CYAN2
6
CONTINUOUS
10
7.1186614173228353
20
-3.5751771653543307
11
7.1234251968503939
21
-3.5727952755905514
0
LINE
8
CYAN2
6
CONTINUOUS
10
7.1234251968503939
20
-3.5727952755905514
11
7.1353267716535438
21
-3.5727952755905514
0
LINE
8
CYAN2
6
CONTINUOUS
10
7.1353267716535438
20
-3.5727952755905514
11
7.1424724409448821
21
-3.5751771653543307
0
LINE
8
CYAN2
6
CONTINUOUS
10
7.1591377952755906
20
-3.5727952755905514
11
7.1710433070866149
21
-3.6227952755905513
0
LINE
8
CYAN2
6
CONTINUOUS
10
7.1710433070866149
20
-3.6227952755905513
11
7.1805669291338585
21
-3.5870826771653546
0
LINE
8
CYAN2
6
CONTINUOUS
10
7.1805669291338585
20
-3.5870826771653546
11
7.1900905511811031
21
-3.6227952755905513
0
LINE
8
CYAN2
6
CONTINUOUS
10
7.1900905511811031
20
-3.6227952755905513
11
7.2019960629921265
21
-3.5727952755905514
0
LINE
8
CYAN2
6
CONTINUOUS
10
7.2091377952755904
20
-3.6275590551181103
11
7.2472322834645668
21
-3.6275590551181103
0
LINE
8
CYAN2
6
CONTINUOUS
10
7.2591338582677167
20
-3.6227952755905513
11
7.2591338582677167
21
-3.5727952755905514
0
LINE
8
CYAN2
6
CONTINUOUS
10
7.2591338582677167
20
-3.5727952755905514
11
7.2710393700787401
21
-3.5727952755905514
0
LINE
8
CYAN2
6
CONTINUOUS
10
7.2710393700787401
20
-3.5727952755905514
11
7.2781811023622049
21
-3.5751771653543307
0
LINE
8
CYAN2
6
CONTINUOUS
10
7.2781811023622049
20
-3.5751771653543307
11
7.2829448818897644
21
-3.5799409448818897
0
LINE
8
CYAN2
6
CONTINUOUS
10
7.2829448818897644
20
-3.5799409448818897
11
7.2853267716535433
21
-3.5847007874015748
0
LINE
8
CYAN2
6
CONTINUOUS
10
7.2853267716535433
20
-3.5847007874015748
11
7.2877047244094495
21
-3.5942244094488189
0
LINE
8
CYAN2
6
CONTINUOUS
10
7.2877047244094495
20
-3.5942244094488189
11
7.2877047244094495
21
-3.6013661417322838
0
LINE
8
CYAN2
6
CONTINUOUS
10
7.2877047244094495
20
-3.6013661417322838
11
7.2853267716535433
21
-3.6108897637795279
0
LINE
8
CYAN2
6
CONTINUOUS
10
7.2853267716535433
20
-3.6108897637795279
11
7.2829448818897644
21
-3.6156535433070869
0
LINE
8
CYAN2
6
CONTINUOUS
10
7.2829448818897644
20
-3.6156535433070869
11
7.2781811023622049
21
-3.6204173228346459
0
LINE
8
CYAN2
6
CONTINUOUS
10
7.2781811023622049
20
-3.6204173228346459
11
7.2710393700787401
21
-3.6227952755905513
0
LINE
8
CYAN2
6
CONTINUOUS
10
7.2710393700787401
20
-3.6227952755905513
11
7.2591338582677167
21
-3.6227952755905513
0
LINE
8
CYAN2
6
CONTINUOUS
10
7.3091338582677166
20
-3.6227952755905513
11
7.3091338582677166
21
-3.5727952755905514
0
LINE
8
CYAN2
6
CONTINUOUS
10
7.3329448818897642
20
-3.6227952755905513
11
7.3329448818897642
21
-3.5727952755905514
0
LINE
8
CYAN2
6
CONTINUOUS
10
7.3329448818897642
20
-3.5727952755905514
11
7.3519921259842524
21
-3.5727952755905514
0
LINE
8
CYAN2
6
CONTINUOUS
10
7.3519921259842524
20
-3.5727952755905514
11
7.356755905511811
21
-3.5751771653543307
0
LINE
8
CYAN2
6
CONTINUOUS
10
7.356755905511811
20
-3.5751771653543307
11
7.3591377952755908
21
-3.5775590551181105
0
LINE
8
CYAN2
6
CONTINUOUS
10
7.3591377952755908
20
-3.5775590551181105
11
7.3615157480314961
21
-3.5823188976377955
0
LINE
8
CYAN2
6
CONTINUOUS
10
7.3615157480314961
20
-3.5823188976377955
11
7.3615157480314961
21
-3.5894645669291338
0
LINE
8
CYAN2
6
CONTINUOUS
10
7.3615157480314961
20
-3.5894645669291338
11
7.3591377952755908
21
-3.5942244094488189
0
LINE
8
CYAN2
6
CONTINUOUS
10
7.3591377952755908
20
-3.5942244094488189
11
7.356755905511811
21
-3.5966062992125987
0
LINE
8
CYAN2
6
CONTINUOUS
10
7.356755905511811
20
-3.5966062992125987
11
7.3519921259842524
21
-3.598988188976378
0
LINE
8
CYAN2
6
CONTINUOUS
10
7.3519921259842524
20
-3.598988188976378
11
7.3329448818897642
21
-3.598988188976378
0
LINE
8
CYAN2
6
CONTINUOUS
10
7.3710433070866141
20
-3.6275590551181103
11
7.4091377952755906
21
-3.6275590551181103
0
LINE
8
CYAN2
6
CONTINUOUS
10
7.4162795275590554
20
-3.6227952755905513
11
7.4424685039370084
21
-3.5894645669291338
0
LINE
8
CYAN2
6
CONTINUOUS
10
7.4162795275590554
20
-3.5894645669291338
11
7.4424685039370084
21
-3.6227952755905513
0
LINE
8
CYAN2
6
CONTINUOUS
10
7.4710393700787403
20
-3.5727952755905514
11
7.4758031496062998
21
-3.5727952755905514
0
LINE
8
CYAN2
6
CONTINUOUS
10
7.4758031496062998
20
-3.5727952755905514
11
7.4805629921259849
21
-3.5751771653543307
0
LINE
8
CYAN2
6
CONTINUOUS
10
7.4805629921259849
20
-3.5751771653543307
11
7.4829448818897637
21
-3.5775590551181105
0
LINE
8
CYAN2
6
CONTINUOUS
10
7.4829448818897637
20
-3.5775590551181105
11
7.4853267716535434
21
-3.5823188976377955
0
LINE
8
CYAN2
6
CONTINUOUS
10
7.4853267716535434
20
-3.5823188976377955
11
7.4877086614173232
21
-3.5918425196850396
0
LINE
8
CYAN2
6
CONTINUOUS
10
7.4877086614173232
20
-3.5918425196850396
11
7.4877086614173232
21
-3.603748031496063
0
LINE
8
CYAN2
6
CONTINUOUS
10
7.4877086614173232
20
-3.603748031496063
11
7.4853267716535434
21
-3.6132716535433071
0
LINE
8
CYAN2
6
CONTINUOUS
10
7.4853267716535434
20
-3.6132716535433071
11
7.4829448818897637
21
-3.6180354330708662
0
LINE
8
CYAN2
6
CONTINUOUS
10
7.4829448818897637
20
-3.6180354330708662
11
7.4805629921259849
21
-3.6204173228346459
0
LINE
8
CYAN2
6
CONTINUOUS
10
7.4805629921259849
20
-3.6204173228346459
11
7.4758031496062998
21
-3.6227952755905513
0
LINE
8
CYAN2
6
CONTINUOUS
10
7.4758031496062998
20
-3.6227952755905513
11
7.4710393700787403
21
-3.6227952755905513
0
LINE
8
CYAN2
6
CONTINUOUS
10
7.4710393700787403
20
-3.6227952755905513
11
7.4662795275590552
21
-3.6204173228346459
0
LINE
8
CYAN2
6
CONTINUOUS
10
7.4662795275590552
20
-3.6204173228346459
11
7.4638976377952755
21
-3.6180354330708662
0
LINE
8
CYAN2
6
CONTINUOUS
10
7.4638976377952755
20
-3.6180354330708662
11
7.4615157480314966
21
-3.6132716535433071
0
LINE
8
CYAN2
6
CONTINUOUS
10
7.4615157480314966
20
-3.6132716535433071
11
7.4591377952755904
21
-3.603748031496063
0
LINE
8
CYAN2
6
CONTINUOUS
10
7.4591377952755904
20
-3.603748031496063
11
7.4591377952755904
21
-3.5918425196850396
0
LINE
8
CYAN2
6
CONTINUOUS
10
7.4591377952755904
20
-3.5918425196850396
11
7.4615157480314966
21
-3.5823188976377955
0
LINE
8
CYAN2
6
CONTINUOUS
10
7.4615157480314966
20
-3.5823188976377955
11
7.4638976377952755
21
-3.5775590551181105
0
LINE
8
CYAN2
6
CONTINUOUS
10
7.4638976377952755
20
-3.5775590551181105
11
7.4662795275590552
21
-3.5751771653543307
0
LINE
8
CYAN2
6
CONTINUOUS
10
7.4662795275590552
20
-3.5751771653543307
11
7.4710393700787403
21
-3.5727952755905514
0
LINE
8
CYAN2
6
CONTINUOUS
10
7.5305629921259847
20
-3.5894645669291338
11
7.5305629921259847
21
-3.6227952755905513
0
LINE
8
CYAN2
6
CONTINUOUS
10
7.5186574803149613
20
-3.5704173228346456
11
7.5067559055118114
21
-3.6061299212598428
0
LINE
8
CYAN2
6
CONTINUOUS
10
7.5067559055118114
20
-3.6061299212598428
11
7.5377047244094495
21
-3.6061299212598428
0
LINE
8
RED2
6
CONTINUOUS
10
9.8000000000000007
20
-2.7000000000000002
11
9.8000000000000007
21
-2.75
0
LINE
8
RED2
6
CONTINUOUS
10
9.8000000000000007
20
-2.75
11
9.8499999999999996
21
-2.75
0
LINE
8
RED2
6
CONTINUOUS
10
9.8499999999999996
20
-2.75
11
9.8000000000000007
21
-2.8000000000000003
0
LINE
8
RED2
6
CONTINUOUS
10
9.8000000000000007
20
-2.8000000000000003
11
9.75
21
-2.75
0
LINE
8
RED2
6
CONTINUOUS
10
9.75
20
-2.75
11
9.8000000000000007
21
-2.75
0
LINE
8
CYAN2
6
CONTINUOUS
10
9.7619055118110243
20
-2.8751850393700789
11
9.7571417322834648
21
-2.8728031496062991
0
LINE
8
CYAN2
6
CONTINUOUS
10
9.7571417322834648
20
-2.8728031496062991
11
9.75
21
-2.8728031496062991
0
LINE
8
CYAN2
6
CONTINUOUS
10
9.75
20
-2.8728031496062991
11
9.7428582677165352
21
-2.8751850393700789
0
LINE
8
CYAN2
6
CONTINUOUS
10
9.7428582677165352
20
-2.8751850393700789
11
9.7380944881889775
21
-2.8799488188976379
0
LINE
8
CYAN2
6
CONTINUOUS
10
9.7380944881889775
20
-2.8799488188976379
11
9.7357125984251969
21
-2.884708661417323
0
LINE
8
CYAN2
6
CONTINUOUS
10
9.7357125984251969
20
-2.884708661417323
11
9.7333346456692915
21
-2.8942322834645671
0
LINE
8
CYAN2
6
CONTINUOUS
10
9.7333346456692915
20
-2.8942322834645671
11
9.7333346456692915
21
-2.9013740157480314
0
LINE
8
CYAN2
6
CONTINUOUS
10
9.7333346456692915
20
-2.9013740157480314
11
9.7357125984251969
21
-2.9108976377952755
0
LINE
8
CYAN2
6
CONTINUOUS
10
9.7357125984251969
20
-2.9108976377952755
11
9.7380944881889775
21
-2.9156614173228346
0
LINE
8
CYAN2
6
CONTINUOUS
10
9.7380944881889775
20
-2.9156614173228346
11
9.7428582677165352
21
-2.9204251968503936
0
LINE
8
CYAN2
6
CONTINUOUS
10
9.7428582677165352
20
-2.9204251968503936
11
9.75
21
-2.9228031496062994
0
LINE
8
CYAN2
6
CONTINUOUS
10
9.75
20
-2.9228031496062994
11
9.754759842519686
21
-2.9228031496062994
0
LINE
8
CYAN2
6
CONTINUOUS
10
9.754759842519686
20
-2.9228031496062994
11
9.7619055118110243
21
-2.9204251968503936
0
LINE
8
CYAN2
6
CONTINUOUS
10
9.7619055118110243
20
-2.9204251968503936
11
9.7642834645669296
21
-2.9180433070866143
0
LINE
8
CYAN2
6
CONTINUOUS
10
9.7642834645669296
20
-2.9180433070866143
11
9.7642834645669296
21
-2.9013740157480314
0
LINE
8
CYAN2
6
CONTINUOUS
10
9.7642834645669296
20
-2.9013740157480314
11
9.754759842519686
21
-2.9013740157480314
0
LINE
8
CYAN2
6
CONTINUOUS
10
9.7857125984251976
20
-2.9228031496062994
11
9.7857125984251976
21
-2.8728031496062991
0
LINE
8
CYAN2
6
CONTINUOUS
10
9.7857125984251976
20
-2.8728031496062991
11
9.8142834645669303
21
-2.9228031496062994
0
LINE
8
CYAN2
6
CONTINUOUS
10
9.8142834645669303
20
-2.9228031496062994
11
9.8142834645669303
21
-2.8728031496062991
0
LINE
8
CYAN2
6
CONTINUOUS
10
9.8380944881889771
20
-2.9228031496062994
11
9.8380944881889771
21
-2.8728031496062991
0
LINE
8
CYAN2
6
CONTINUOUS
10
9.8380944881889771
20
-2.8728031496062991
11
9.8499999999999996
21
-2.8728031496062991
0
LINE
8
CYAN2
6
CONTINUOUS
10
9.8499999999999996
20
-2.8728031496062991
11
9.8571417322834645
21
-2.8751850393700789
0
LINE
8
CYAN2
6
CONTINUOUS
10
9.8571417322834645
20
-2.8751850393700789
11
9.8619055118110239
21
-2.8799488188976379
0
LINE
8
CYAN2
6
CONTINUOUS
10
9.8619055118110239
20
-2.8799488188976379
11
9.8642874015748028
21
-2.884708661417323
0
LINE
8
CYAN2
6
CONTINUOUS
10
9.8642874015748028
20
-2.884708661417323
11
9.8666653543307099
21
-2.8942322834645671
0
LINE
8
CYAN2
6
CONTINUOUS
10
9.8666653543307099
20
-2.8942322834645671
11
9.8666653543307099
21
-2.9013740157480314
0
LINE
8
CYAN2
6
CONTINUOUS
10
9.8666653543307099
20
-2.9013740157480314
11
9.8642874015748028
21
-2.9108976377952755
0
LINE
8
CYAN2
6
CONTINUOUS
10
9.8642874015748028
20
-2.9108976377952755
11
9.8619055118110239
21
-2.9156614173228346
0
LINE
8
CYAN2
6
CONTINUOUS
10
9.8619055118110239
20
-2.9156614173228346
11
9.8571417322834645
21
-2.9204251968503936
0
LINE
8
CYAN2
6
CONTINUOUS
10
9.8571417322834645
20
-2.9204251968503936
11
9.8499999999999996
21
-2.9228031496062994
0
LINE
8
CYAN2
6
CONTINUOUS
10
9.8499999999999996
20
-2.9228031496062994
11
9.8380944881889771
21
-2.9228031496062994
0
LINE
8
RED2
6
CONTINUOUS
10
9.7200000000000006
20
-2.52
11
9.8800000000000008
21
-2.52
0
LINE
8
RED2
6
CONTINUOUS
10
9.7200000000000006
20
-2.5800000000000001
11
9.8800000000000008
21
-2.5800000000000001
0
LINE
8
RED2
6
CONTINUOUS
10
9.8000000000000007
20
-2.5100000000000002
11
9.8000000000000007
21
-2.3999999999999999
0
LINE
8
RED2
6
CONTINUOUS
10
9.8000000000000007
20
-2.5900000000000003
11
9.8000000000000007
21
-2.7000000000000002
0
LINE
8
CYAN2
6
CONTINUOUS
10
9.9948503937007871
20
-2.5180393700787405
11
9.9924724409448817
21
-2.5204212598425197
0
LINE
8
CYAN2
6
CONTINUOUS
10
9.9924724409448817
20
-2.5204212598425197
11
9.9853267716535434
21
-2.5227992125984251
0
LINE
8
CYAN2
6
CONTINUOUS
10
9.9853267716535434
20
-2.5227992125984251
11
9.9805669291338592
21
-2.5227992125984251
0
LINE
8
CYAN2
6
CONTINUOUS
10
9.9805669291338592
20
-2.5227992125984251
11
9.9734251968503944
21
-2.5204212598425197
0
LINE
8
CYAN2
6
CONTINUOUS
10
9.9734251968503944
20
-2.5204212598425197
11
9.968661417322835
21
-2.5156574803149607
0
LINE
8
CYAN2
6
CONTINUOUS
10
9.968661417322835
20
-2.5156574803149607
11
9.9662795275590561
21
-2.5108937007874017
0
LINE
8
CYAN2
6
CONTINUOUS
10
9.9662795275590561
20
-2.5108937007874017
11
9.9639015748031508
21
-2.5013700787401576
0
LINE
8
CYAN2
6
CONTINUOUS
10
9.9639015748031508
20
-2.5013700787401576
11
9.9639015748031508
21
-2.4942283464566932
0
LINE
8
CYAN2
6
CONTINUOUS
10
9.9639015748031508
20
-2.4942283464566932
11
9.9662795275590561
21
-2.4847047244094491
0
LINE
8
CYAN2
6
CONTINUOUS
10
9.9662795275590561
20
-2.4847047244094491
11
9.968661417322835
21
-2.479944881889764
0
LINE
8
CYAN2
6
CONTINUOUS
10
9.968661417322835
20
-2.479944881889764
11
9.9734251968503944
21
-2.475181102362205
0
LINE
8
CYAN2
6
CONTINUOUS
10
9.9734251968503944
20
-2.475181102362205
11
9.9805669291338592
21
-2.4727992125984253
0
LINE
8
CYAN2
6
CONTINUOUS
10
9.9805669291338592
20
-2.4727992125984253
11
9.9853267716535434
21
-2.4727992125984253
0
LINE
8
CYAN2
6
CONTINUOUS
10
9.9853267716535434
20
-2.4727992125984253
11
9.9924724409448817
21
-2.475181102362205
0
LINE
8
CYAN2
6
CONTINUOUS
10
9.9924724409448817
20
-2.475181102362205
11
9.9948503937007871
21
-2.4775629921259843
0
LINE
8
CYAN2
6
CONTINUOUS
10
10.0424724409448825
20
-2.5227992125984251
11
10.0139015748031497
21
-2.5227992125984251
0
LINE
8
CYAN2
6
CONTINUOUS
10
10.0281850393700793
20
-2.5227992125984251
11
10.0281850393700793
21
-2.4727992125984253
0
LINE
8
CYAN2
6
CONTINUOUS
10
10.0281850393700793
20
-2.4727992125984253
11
10.0234251968503933
21
-2.479944881889764
0
LINE
8
CYAN2
6
CONTINUOUS
10
10.0234251968503933
20
-2.479944881889764
11
10.0186614173228357
21
-2.4847047244094491
0
LINE
8
CYAN2
6
CONTINUOUS
10
10.0186614173228357
20
-2.4847047244094491
11
10.0139015748031497
21
-2.4870866141732284
0
LINE
8
CYAN2
6
CONTINUOUS
10
10.0900905511811025
20
-2.5227992125984251
11
10.0615196850393698
21
-2.5227992125984251
0
LINE
8
CYAN2
6
CONTINUOUS
10
10.0758031496062994
20
-2.5227992125984251
11
10.0758031496062994
21
-2.4727992125984253
0
LINE
8
CYAN2
6
CONTINUOUS
10
10.0758031496062994
20
-2.4727992125984253
11
10.0710433070866152
21
-2.479944881889764
0
LINE
8
CYAN2
6
CONTINUOUS
10
10.0710433070866152
20
-2.479944881889764
11
10.0662795275590558
21
-2.4847047244094491
0
LINE
8
CYAN2
6
CONTINUOUS
10
10.0662795275590558
20
-2.4847047244094491
11
10.0615196850393698
21
-2.4870866141732284
0
LINE
8
CYAN2
6
CONTINUOUS
10
9.9948503937007871
20
-2.6180393700787401
11
9.9924724409448817
21
-2.6204212598425198
0
LINE
8
CYAN2
6
CONTINUOUS
10
9.9924724409448817
20
-2.6204212598425198
11
9.9853267716535434
21
-2.6227992125984252
0
LINE
8
CYAN2
6
CONTINUOUS
10
9.9853267716535434
20
-2.6227992125984252
11
9.9805669291338592
21
-2.6227992125984252
0
LINE
8
CYAN2
6
CONTINUOUS
10
9.9805669291338592
20
-2.6227992125984252
11
9.9734251968503944
21
-2.6204212598425198
0
LINE
8
CYAN2
6
CONTINUOUS
10
9.9734251968503944
20
-2.6204212598425198
11
9.968661417322835
21
-2.6156574803149608
0
LINE
8
CYAN2
6
CONTINUOUS
10
9.968661417322835
20
-2.6156574803149608
11
9.9662795275590561
21
-2.6108937007874018
0
LINE
8
CYAN2
6
CONTINUOUS
10
9.9662795275590561
20
-2.6108937007874018
11
9.9639015748031508
21
-2.6013700787401577
0
LINE
8
CYAN2
6
CONTINUOUS
10
9.9639015748031508
20
-2.6013700787401577
11
9.9639015748031508
21
-2.5942283464566929
0
LINE
8
CYAN2
6
CONTINUOUS
10
9.9639015748031508
20
-2.5942283464566929
11
9.9662795275590561
21
-2.5847047244094488
0
LINE
8
CYAN2
6
CONTINUOUS
10
9.9662795275590561
20
-2.5847047244094488
11
9.968661417322835
21
-2.5799448818897637
0
LINE
8
CYAN2
6
CONTINUOUS
10
9.968661417322835
20
-2.5799448818897637
11
9.9734251968503944
21
-2.5751811023622047
0
LINE
8
CYAN2
6
CONTINUOUS
10
9.9734251968503944
20
-2.5751811023622047
11
9.9805669291338592
21
-2.5727992125984254
0
LINE
8
CYAN2
6
CONTINUOUS
10
9.9805669291338592
20
-2.5727992125984254
11
9.9853267716535434
21
-2.5727992125984254
0
LINE
8
CYAN2
6
CONTINUOUS
10
9.9853267716535434
20
-2.5727992125984254
11
9.9924724409448817
21
-2.5751811023622047
0
LINE
8
CYAN2
6
CONTINUOUS
10
9.9924724409448817
20
-2.5751811023622047
11
9.9948503937007871
21
-2.5775629921259844
0
LINE
8
BROWN2
6
CONTINUOUS
10
5.9520826771653548
20
-1.0680433070866142
11
5.9497047244094494
21
-1.0704251968503937
0
LINE
8
BROWN2
6
CONTINUOUS
10
5.9497047244094494
20
-1.0704251968503937
11
5.9425590551181102
21
-1.0728031496062993
0
LINE
8
BROWN2
6
CONTINUOUS
10
5.9425590551181102
20
-1.0728031496062993
11
5.9377992125984251
21
-1.0728031496062993
0
LINE
8
BROWN2
6
CONTINUOUS
10
5.9377992125984251
20
-1.0728031496062993
11
5.9306574803149612
21
-1.0704251968503937
0
LINE
8
BROWN2
6
CONTINUOUS
10
5.9306574803149612
20
-1.0704251968503937
11
5.9258937007874017
21
-1.0656614173228347
0
LINE
8
BROWN2
6
CONTINUOUS
10
5.9258937007874017
20
-1.0656614173228347
11
5.923511811023622
21
-1.0608976377952757
0
LINE
8
BROWN2
6
CONTINUOUS
10
5.923511811023622
20
-1.0608976377952757
11
5.9211338582677167
21
-1.0513740157480316
0
LINE
8
BROWN2
6
CONTINUOUS
10
5.9211338582677167
20
-1.0513740157480316
11
5.9211338582677167
21
-1.044232283464567
0
LINE
8
BROWN2
6
CONTINUOUS
10
5.9211338582677167
20
-1.044232283464567
11
5.923511811023622
21
-1.0347086614173229
0
LINE
8
BROWN2
6
CONTINUOUS
10
5.923511811023622
20
-1.0347086614173229
11
5.9258937007874017
21
-1.0299488188976378
0
LINE
8
BROWN2
6
CONTINUOUS
10
5.9258937007874017
20
-1.0299488188976378
11
5.9306574803149612
21
-1.0251850393700788
0
LINE
8
BROWN2
6
CONTINUOUS
10
5.9306574803149612
20
-1.0251850393700788
11
5.9377992125984251
21
-1.0228031496062993
0
LINE
8
BROWN2
6
CONTINUOUS
10
5.9377992125984251
20
-1.0228031496062993
11
5.9425590551181102
21
-1.0228031496062993
0
LINE
8
BROWN2
6
CONTINUOUS
10
5.9425590551181102
20
-1.0228031496062993
11
5.9497047244094494
21
-1.0251850393700788
0
LINE
8
BROWN2
6
CONTINUOUS
10
5.9497047244094494
20
-1.0251850393700788
11
5.9520826771653548
21
-1.0275669291338583
0
LINE
8
BROWN2
6
CONTINUOUS
10
5.9973228346456695
20
-1.0728031496062993
11
5.9735118110236218
21
-1.0728031496062993
0
LINE
8
BROWN2
6
CONTINUOUS
10
5.9735118110236218
20
-1.0728031496062993
11
5.9735118110236218
21
-1.0228031496062993
0
LINE
8
BROWN2
6
CONTINUOUS
10
6.013988188976378
20
-1.0728031496062993
11
6.013988188976378
21
-1.0228031496062993
0
LINE
8
BROWN2
6
CONTINUOUS
10
6.0425590551181108
20
-1.0728031496062993
11
6.0211338582677172
21
-1.044232283464567
0
LINE
8
BROWN2
6
CONTINUOUS
10
6.0425590551181108
20
-1.0228031496062993
11
6.013988188976378
21
-1.0513740157480316
0
LINE
8
BROWN2
6
CONTINUOUS
10
5.8500000000000005
20
-1.05
11
5.875
21
-1.075
0
LINE
8
BROWN2
6
CONTINUOUS
10
5.875
20
-1.075
11
5.9000000000000004
21
-1.075
0
LINE
8
BROWN2
6
CONTINUOUS
10
5.9000000000000004
20
-1.075
11
5.9000000000000004
21
-1.0250000000000001
0
LINE
8
BROWN2
6
CONTINUOUS
10
5.9000000000000004
20
-1.0250000000000001
11
5.875
21
-1.0250000000000001
0
LINE
8
BROWN2
6
CONTINUOUS
10
5.875
20
-1.0250000000000001
11
5.8500000000000005
21
-1.05
0
LINE
8
BROWN2
6
CONTINUOUS
10
4.173511811023622
20
-5.5228031496062995
11
4.173511811023622
21
-5.4728031496062997
0
LINE
8
BROWN2
6
CONTINUOUS
10
4.173511811023622
20
-5.4728031496062997
11
4.1925590551181102
21
-5.4728031496062997
0
LINE
8
BROWN2
6
CONTINUOUS
10
4.1925590551181102
20
-5.4728031496062997
11
4.1973228346456697
21
-5.4751850393700794
0
LINE
8
BROWN2
6
CONTINUOUS
10
4.1973228346456697
20
-5.4751850393700794
11
4.1997047244094494
21
-5.4775669291338582
0
LINE
8
BROWN2
6
CONTINUOUS
10
4.1997047244094494
20
-5.4775669291338582
11
4.2020826771653548
21
-5.4823267716535433
0
LINE
8
BROWN2
6
CONTINUOUS
10
4.2020826771653548
20
-5.4823267716535433
11
4.2020826771653548
21
-5.4894724409448825
0
LINE
8
BROWN2
6
CONTINUOUS
10
4.2020826771653548
20
-5.4894724409448825
11
4.1997047244094494
21
-5.4942322834645667
0
LINE
8
BROWN2
6
CONTINUOUS
10
4.1997047244094494
20
-5.4942322834645667
11
4.1973228346456697
21
-5.4966141732283464
0
LINE
8
BROWN2
6
CONTINUOUS
10
4.1973228346456697
20
-5.4966141732283464
11
4.1925590551181102
21
-5.4989960629921262
0
LINE
8
BROWN2
6
CONTINUOUS
10
4.1925590551181102
20
-5.4989960629921262
11
4.173511811023622
21
-5.4989960629921262
0
LINE
8
BROWN2
6
CONTINUOUS
10
4.2235118110236218
20
-5.5228031496062995
11
4.2235118110236218
21
-5.4894724409448825
0
LINE
8
BROWN2
6
CONTINUOUS
10
4.2235118110236218
20
-5.4989960629921262
11
4.2258937007874016
21
-5.4942322834645667
0
LINE
8
BROWN2
6
CONTINUOUS
10
4.2258937007874016
20
-5.4942322834645667
11
4.2282755905511813
21
-5.4918503937007879
0
LINE
8
BROWN2
6
CONTINUOUS
10
4.2282755905511813
20
-5.4918503937007879
11
4.2330354330708664
21
-5.4894724409448825
0
LINE
8
BROWN2
6
CONTINUOUS
10
4.2330354330708664
20
-5.4894724409448825
11
4.237799212598425
21
-5.4894724409448825
0
LINE
8
BROWN2
6
CONTINUOUS
10
4.2616102362204726
20
-5.5228031496062995
11
4.2568464566929132
21
-5.5204251968503941
0
LINE
8
BROWN2
6
CONTINUOUS
10
4.2568464566929132
20
-5.5204251968503941
11
4.2544645669291343
21
-5.5180433070866144
0
LINE
8
BROWN2
6
CONTINUOUS
10
4.2544645669291343
20
-5.5180433070866144
11
4.2520866141732281
21
-5.5132795275590549
0
LINE
8
BROWN2
6
CONTINUOUS
10
4.2520866141732281
20
-5.5132795275590549
11
4.2520866141732281
21
-5.4989960629921262
0
LINE
8
BROWN2
6
CONTINUOUS
10
4.2520866141732281
20
-5.4989960629921262
11
4.2544645669291343
21
-5.4942322834645667
0
LINE
8
BROWN2
6
CONTINUOUS
10
4.2544645669291343
20
-5.4942322834645667
11
4.2568464566929132
21
-5.4918503937007879
0
LINE
8
BROWN2
6
CONTINUOUS
10
4.2568464566929132
20
-5.4918503937007879
11
4.2616102362204726
21
-5.4894724409448825
0
LINE
8
BROWN2
6
CONTINUOUS
10
4.2616102362204726
20
-5.4894724409448825
11
4.2687519685039375
21
-5.4894724409448825
0
LINE
8
BROWN2
6
CONTINUOUS
10
4.2687519685039375
20
-5.4894724409448825
11
4.2735118110236225
21
-5.4918503937007879
0
LINE
8
BROWN2
6
CONTINUOUS
10
4.2735118110236225
20
-5.4918503937007879
11
4.2758937007874014
21
-5.4942322834645667
0
LINE
8
BROWN2
6
CONTINUOUS
10
4.2758937007874014
20
-5.4942322834645667
11
4.2782755905511811
21
-5.4989960629921262
0
LINE
8
BROWN2
6
CONTINUOUS
10
4.2782755905511811
20
-5.4989960629921262
11
4.2782755905511811
21
-5.5132795275590549
0
LINE
8
BROWN2
6
CONTINUOUS
10
4.2782755905511811
20
-5.5132795275590549
11
4.2758937007874014
21
-5.5180433070866144
0
LINE
8
BROWN2
6
CONTINUOUS
10
4.2758937007874014
20
-5.5180433070866144
11
4.2735118110236225
21
-5.5204251968503941
0
LINE
8
BROWN2
6
CONTINUOUS
10
4.2735118110236225
20
-5.5204251968503941
11
4.2687519685039375
21
-5.5228031496062995
0
LINE
8
BROWN2
6
CONTINUOUS
10
4.2687519685039375
20
-5.5228031496062995
11
4.2616102362204726
21
-5.5228031496062995
0
LINE
8
BROWN2
6
CONTINUOUS
10
4.3211299212598426
20
-5.4894724409448825
11
4.3211299212598426
21
-5.5299488188976378
0
LINE
8
BROWN2
6
CONTINUOUS
10
4.3211299212598426
20
-5.5299488188976378
11
4.3187480314960629
21
-5.5347086614173229
0
LINE
8
BROWN2
6
CONTINUOUS
10
4.3187480314960629
20
-5.5347086614173229
11
4.3163700787401575
21
-5.5370905511811026
0
LINE
8
BROWN2
6
CONTINUOUS
10
4.3163700787401575
20
-5.5370905511811026
11
4.311606299212599
21
-5.5394724409448823
0
LINE
8
BROWN2
6
CONTINUOUS
10
4.311606299212599
20
-5.5394724409448823
11
4.3044645669291342
21
-5.5394724409448823
0
LINE
8
BROWN2
6
CONTINUOUS
10
4.3044645669291342
20
-5.5394724409448823
11
4.2997007874015747
21
-5.5370905511811026
0
LINE
8
BROWN2
6
CONTINUOUS
10
4.3211299212598426
20
-5.5204251968503941
11
4.3163700787401575
21
-5.5228031496062995
0
LINE
8
BROWN2
6
CONTINUOUS
10
4.3163700787401575
20
-5.5228031496062995
11
4.3068464566929139
21
-5.5228031496062995
0
LINE
8
BROWN2
6
CONTINUOUS
10
4.3068464566929139
20
-5.5228031496062995
11
4.3020826771653544
21
-5.5204251968503941
0
LINE
8
BROWN2
6
CONTINUOUS
10
4.3020826771653544
20
-5.5204251968503941
11
4.2997007874015747
21
-5.5180433070866144
0
LINE
8
BROWN2
6
CONTINUOUS
10
4.2997007874015747
20
-5.5180433070866144
11
4.2973228346456693
21
-5.5132795275590549
0
LINE
8
BROWN2
6
CONTINUOUS
10
4.2973228346456693
20
-5.5132795275590549
11
4.2973228346456693
21
-5.4989960629921262
0
LINE
8
BROWN2
6
CONTINUOUS
10
4.2973228346456693
20
-5.4989960629921262
11
4.2997007874015747
21
-5.4942322834645667
0
LINE
8
BROWN2
6
CONTINUOUS
10
4.2997007874015747
20
-5.4942322834645667
11
4.3020826771653544
21
-5.4918503937007879
0
LINE
8
BROWN2
6
CONTINUOUS
10
4.3020826771653544
20
-5.4918503937007879
11
4.3068464566929139
21
-5.4894724409448825
0
LINE
8
BROWN2
6
CONTINUOUS
10
4.3068464566929139
20
-5.4894724409448825
11
4.3163700787401575
21
-5.4894724409448825
0
LINE
8
BROWN2
6
CONTINUOUS
10
4.3163700787401575
20
-5.4894724409448825
11
4.3211299212598426
21
-5.4918503937007879
0
LINE
8
BROWN2
6
CONTINUOUS
10
4.1500000000000004
20
-5.5
11
4.125
21
-5.4750000000000005
0
LINE
8
BROWN2
6
CONTINUOUS
10
4.125
20
-5.4750000000000005
11
4.1000000000000005
21
-5.4750000000000005
0
LINE
8
BROWN2
6
CONTINUOUS
10
4.1000000000000005
20
-5.4750000000000005
11
4.1000000000000005
21
-5.5250000000000004
0
LINE
8
BROWN2
6
CONTINUOUS
10
4.1000000000000005
20
-5.5250000000000004
11
4.125
21
-5.5250000000000004
0
LINE
8
BROWN2
6
CONTINUOUS
10
4.125
20
-5.5250000000000004
11
4.1500000000000004
21
-5.5
0
LINE
8
BROWN2
6
CONTINUOUS
10
5.890181102362205
20
-1.7966141732283465
11
5.8973228346456699
21
-1.798996062992126
0
LINE
8
BROWN2
6
CONTINUOUS
10
5.8973228346456699
20
-1.798996062992126
11
5.8997047244094487
21
-1.8013740157480316
0
LINE
8
BROWN2
6
CONTINUOUS
10
5.8997047244094487
20
-1.8013740157480316
11
5.902082677165355
21
-1.8061377952755906
0
LINE
8
BROWN2
6
CONTINUOUS
10
5.902082677165355
20
-1.8061377952755906
11
5.902082677165355
21
-1.8132795275590552
0
LINE
8
BROWN2
6
CONTINUOUS
10
5.902082677165355
20
-1.8132795275590552
11
5.8997047244094487
21
-1.8180433070866142
0
LINE
8
BROWN2
6
CONTINUOUS
10
5.8997047244094487
20
-1.8180433070866142
11
5.8973228346456699
21
-1.8204251968503937
0
LINE
8
BROWN2
6
CONTINUOUS
10
5.8973228346456699
20
-1.8204251968503937
11
5.8925590551181104
21
-1.8228031496062993
0
LINE
8
BROWN2
6
CONTINUOUS
10
5.8925590551181104
20
-1.8228031496062993
11
5.8735118110236222
21
-1.8228031496062993
0
LINE
8
BROWN2
6
CONTINUOUS
10
5.8735118110236222
20
-1.8228031496062993
11
5.8735118110236222
21
-1.7728031496062993
0
LINE
8
BROWN2
6
CONTINUOUS
10
5.8735118110236222
20
-1.7728031496062993
11
5.890181102362205
21
-1.7728031496062993
0
LINE
8
BROWN2
6
CONTINUOUS
10
5.890181102362205
20
-1.7728031496062993
11
5.8949409448818901
21
-1.7751850393700788
0
LINE
8
BROWN2
6
CONTINUOUS
10
5.8949409448818901
20
-1.7751850393700788
11
5.8973228346456699
21
-1.7775669291338583
0
LINE
8
BROWN2
6
CONTINUOUS
10
5.8973228346456699
20
-1.7775669291338583
11
5.8997047244094487
21
-1.7823267716535434
0
LINE
8
BROWN2
6
CONTINUOUS
10
5.8997047244094487
20
-1.7823267716535434
11
5.8997047244094487
21
-1.7870905511811024
0
LINE
8
BROWN2
6
CONTINUOUS
10
5.8997047244094487
20
-1.7870905511811024
11
5.8973228346456699
21
-1.7918503937007875
0
LINE
8
BROWN2
6
CONTINUOUS
10
5.8973228346456699
20
-1.7918503937007875
11
5.8949409448818901
21
-1.794232283464567
0
LINE
8
BROWN2
6
CONTINUOUS
10
5.8949409448818901
20
-1.794232283464567
11
5.890181102362205
21
-1.7966141732283465
0
LINE
8
BROWN2
6
CONTINUOUS
10
5.890181102362205
20
-1.7966141732283465
11
5.8735118110236222
21
-1.7966141732283465
0
LINE
8
BROWN2
6
CONTINUOUS
10
5.923511811023622
20
-1.7728031496062993
11
5.923511811023622
21
-1.8132795275590552
0
LINE
8
BROWN2
6
CONTINUOUS
10
5.923511811023622
20
-1.8132795275590552
11
5.9258937007874017
21
-1.8180433070866142
0
LINE
8
BROWN2
6
CONTINUOUS
10
5.9258937007874017
20
-1.8180433070866142
11
5.9282755905511815
21
-1.8204251968503937
0
LINE
8
BROWN2
6
CONTINUOUS
10
5.9282755905511815
20
-1.8204251968503937
11
5.9330354330708666
21
-1.8228031496062993
0
LINE
8
BROWN2
6
CONTINUOUS
10
5.9330354330708666
20
-1.8228031496062993
11
5.9425590551181102
21
-1.8228031496062993
0
LINE
8
BROWN2
6
CONTINUOUS
10
5.9425590551181102
20
-1.8228031496062993
11
5.9473228346456697
21
-1.8204251968503937
0
LINE
8
BROWN2
6
CONTINUOUS
10
5.9473228346456697
20
-1.8204251968503937
11
5.9497047244094494
21
-1.8180433070866142
0
LINE
8
BROWN2
6
CONTINUOUS
10
5.9497047244094494
20
-1.8180433070866142
11
5.9520826771653548
21
-1.8132795275590552
0
LINE
8
BROWN2
6
CONTINUOUS
10
5.9520826771653548
20
-1.8132795275590552
11
5.9520826771653548
21
-1.7728031496062993
0
LINE
8
BROWN2
6
CONTINUOUS
10
5.9735157480314962
20
-1.8204251968503937
11
5.980657480314961
21
-1.8228031496062993
0
LINE
8
BROWN2
6
CONTINUOUS
10
5.980657480314961
20
-1.8228031496062993
11
5.9925629921259844
21
-1.8228031496062993
0
LINE
8
BROWN2
6
CONTINUOUS
10
5.9925629921259844
20
-1.8228031496062993
11
5.9973228346456695
21
-1.8204251968503937
0
LINE
8
BROWN2
6
CONTINUOUS
10
5.9973228346456695
20
-1.8204251968503937
11
5.9997047244094492
21
-1.8180433070866142
0
LINE
8
BROWN2
6
CONTINUOUS
10
5.9997047244094492
20
-1.8180433070866142
11
6.002086614173229
21
-1.8132795275590552
0
LINE
8
BROWN2
6
CONTINUOUS
10
6.002086614173229
20
-1.8132795275590552
11
6.002086614173229
21
-1.8085196850393701
0
LINE
8
BROWN2
6
CONTINUOUS
10
6.002086614173229
20
-1.8085196850393701
11
5.9997047244094492
21
-1.8037559055118111
0
LINE
8
BROWN2
6
CONTINUOUS
10
5.9997047244094492
20
-1.8037559055118111
11
5.9973228346456695
21
-1.8013740157480316
0
LINE
8
BROWN2
6
CONTINUOUS
10
5.9973228346456695
20
-1.8013740157480316
11
5.9925629921259844
21
-1.798996062992126
0
LINE
8
BROWN2
6
CONTINUOUS
10
5.9925629921259844
20
-1.798996062992126
11
5.9830393700787408
21
-1.7966141732283465
0
LINE
8
BROWN2
6
CONTINUOUS
10
5.9830393700787408
20
-1.7966141732283465
11
5.9782755905511813
21
-1.794232283464567
0
LINE
8
BROWN2
6
CONTINUOUS
10
5.9782755905511813
20
-1.794232283464567
11
5.9758937007874016
21
-1.7918503937007875
0
LINE
8
BROWN2
6
CONTINUOUS
10
5.9758937007874016
20
-1.7918503937007875
11
5.9735157480314962
21
-1.7870905511811024
0
LINE
8
BROWN2
6
CONTINUOUS
10
5.9735157480314962
20
-1.7870905511811024
11
5.9735157480314962
21
-1.7823267716535434
0
LINE
8
BROWN2
6
CONTINUOUS
10
5.9735157480314962
20
-1.7823267716535434
11
5.9758937007874016
21
-1.7775669291338583
0
LINE
8
BROWN2
6
CONTINUOUS
10
5.9758937007874016
20
-1.7775669291338583
11
5.9782755905511813
21
-1.7751850393700788
0
LINE
8
BROWN2
6
CONTINUOUS
10
5.9782755905511813
20
-1.7751850393700788
11
5.9830393700787408
21
-1.7728031496062993
0
LINE
8
BROWN2
6
CONTINUOUS
10
5.9830393700787408
20
-1.7728031496062993
11
5.9949409448818898
21
-1.7728031496062993
0
LINE
8
BROWN2
6
CONTINUOUS
10
5.9949409448818898
20
-1.7728031496062993
11
6.002086614173229
21
-1.7751850393700788
0
LINE
8
BROWN2
6
CONTINUOUS
10
6.0116102362204726
20
-1.8275669291338583
11
6.0497047244094491
21
-1.8275669291338583
0
LINE
8
BROWN2
6
CONTINUOUS
10
6.0592283464566927
20
-1.7775669291338583
11
6.061606299212599
21
-1.7751850393700788
0
LINE
8
BROWN2
6
CONTINUOUS
10
6.061606299212599
20
-1.7751850393700788
11
6.0663700787401575
21
-1.7728031496062993
0
LINE
8
BROWN2
6
CONTINUOUS
10
6.0663700787401575
20
-1.7728031496062993
11
6.0782755905511809
21
-1.7728031496062993
0
LINE
8
BROWN2
6
CONTINUOUS
10
6.0782755905511809
20
-1.7728031496062993
11
6.083035433070866
21
-1.7751850393700788
0
LINE
8
BROWN2
6
CONTINUOUS
10
6.083035433070866
20
-1.7751850393700788
11
6.0854173228346458
21
-1.7775669291338583
0
LINE
8
BROWN2
6
CONTINUOUS
10
6.0854173228346458
20
-1.7775669291338583
11
6.0877992125984255
21
-1.7823267716535434
0
LINE
8
BROWN2
6
CONTINUOUS
10
6.0877992125984255
20
-1.7823267716535434
11
6.0877992125984255
21
-1.7870905511811024
0
LINE
8
BROWN2
6
CONTINUOUS
10
6.0877992125984255
20
-1.7870905511811024
11
6.0854173228346458
21
-1.794232283464567
0
LINE
8
BROWN2
6
CONTINUOUS
10
6.0854173228346458
20
-1.794232283464567
11
6.0568464566929139
21
-1.8228031496062993
0
LINE
8
BROWN2
6
CONTINUOUS
10
6.0568464566929139
20
-1.8228031496062993
11
6.0877992125984255
21
-1.8228031496062993
0
LINE
8
BROWN2
6
CONTINUOUS
10
5.7999999999999998
20
-1.8
11
5.8250000000000002
21
-1.7750000000000001
0
LINE
8
BROWN2
6
CONTINUOUS
10
5.8250000000000002
20
-1.7750000000000001
11
5.8500000000000005
21
-1.8
0
LINE
8
BROWN2
6
CONTINUOUS
10
5.8500000000000005
20
-1.8
11
5.8250000000000002
21
-1.8250000000000002
0
LINE
8
BROWN2
6
CONTINUOUS
10
5.8250000000000002
20
-1.8250000000000002
11
5.7999999999999998
21
-1.8
0
LINE
8
BROWN2
6
CONTINUOUS
10
5.923511811023622
20
-1.2728031496062993
11
5.923511811023622
21
-1.2228031496062992
0
LINE
8
BROWN2
6
CONTINUOUS
10
5.923511811023622
20
-1.2228031496062992
11
5.9401811023622049
21
-1.2585196850393701
0
LINE
8
BROWN2
6
CONTINUOUS
10
5.9401811023622049
20
-1.2585196850393701
11
5.9568464566929133
21
-1.2228031496062992
0
LINE
8
BROWN2
6
CONTINUOUS
10
5.9568464566929133
20
-1.2228031496062992
11
5.9568464566929133
21
-1.2728031496062993
0
LINE
8
BROWN2
6
CONTINUOUS
10
5.9806535433070867
20
-1.2728031496062993
11
5.9806535433070867
21
-1.2228031496062992
0
LINE
8
BROWN2
6
CONTINUOUS
10
5.9166102362204729
20
-1.2089251968503938
11
5.9875629921259845
21
-1.2089251968503938
0
LINE
8
BROWN2
6
CONTINUOUS
10
5.8500000000000005
20
-1.25
11
5.875
21
-1.2750000000000001
0
LINE
8
BROWN2
6
CONTINUOUS
10
5.875
20
-1.2750000000000001
11
5.9000000000000004
21
-1.2750000000000001
0
LINE
8
BROWN2
6
CONTINUOUS
10
5.9000000000000004
20
-1.2750000000000001
11
5.9000000000000004
21
-1.2250000000000001
0
LINE
8
BROWN2
6
CONTINUOUS
10
5.9000000000000004
20
-1.2250000000000001
11
5.875
21
-1.2250000000000001
0
LINE
8
BROWN2
6
CONTINUOUS
10
5.875
20
-1.2250000000000001
11
5.8500000000000005
21
-1.25
0
LINE
8
BROWN2
6
CONTINUOUS
10
6.5211338582677172
20
-6.0585196850393706
11
6.5449409448818896
21
-6.0585196850393706
0
LINE
8
BROWN2
6
CONTINUOUS
10
6.5163700787401577
20
-6.0728031496062993
11
6.5330354330708662
21
-6.0228031496062995
0
LINE
8
BROWN2
6
CONTINUOUS
10
6.5330354330708662
20
-6.0228031496062995
11
6.5497047244094491
21
-6.0728031496062993
0
LINE
8
BROWN2
6
CONTINUOUS
10
6.5925629921259841
20
-6.0728031496062993
11
6.5639921259842522
21
-6.0728031496062993
0
LINE
8
BROWN2
6
CONTINUOUS
10
6.5782755905511809
20
-6.0728031496062993
11
6.5782755905511809
21
-6.0228031496062995
0
LINE
8
BROWN2
6
CONTINUOUS
10
6.5782755905511809
20
-6.0228031496062995
11
6.5735157480314967
21
-6.0299488188976378
0
LINE
8
BROWN2
6
CONTINUOUS
10
6.5735157480314967
20
-6.0299488188976378
11
6.5687519685039373
21
-6.0347086614173229
0
LINE
8
BROWN2
6
CONTINUOUS
10
6.5687519685039373
20
-6.0347086614173229
11
6.5639921259842522
21
-6.0370905511811026
0
LINE
8
BROWN2
6
CONTINUOUS
10
6.5
20
-6.0499999999999998
11
6.4750000000000005
21
-6.0250000000000004
0
LINE
8
BROWN2
6
CONTINUOUS
10
6.4750000000000005
20
-6.0250000000000004
11
6.4500000000000002
21
-6.0250000000000004
0
LINE
8
BROWN2
6
CONTINUOUS
10
6.4500000000000002
20
-6.0250000000000004
11
6.4500000000000002
21
-6.0750000000000002
0
LINE
8
BROWN2
6
CONTINUOUS
10
6.4500000000000002
20
-6.0750000000000002
11
6.4750000000000005
21
-6.0750000000000002
0
LINE
8
BROWN2
6
CONTINUOUS
10
6.4750000000000005
20
-6.0750000000000002
11
6.5
21
-6.0499999999999998
0
LINE
8
BROWN2
6
CONTINUOUS
10
6.5211338582677172
20
-6.3585196850393704
11
6.5449409448818896
21
-6.3585196850393704
0
LINE
8
BROWN2
6
CONTINUOUS
10
6.5163700787401577
20
-6.3728031496062991
11
6.5330354330708662
21
-6.3228031496062993
0
LINE
8
BROWN2
6
CONTINUOUS
10
6.5330354330708662
20
-6.3228031496062993
11
6.5497047244094491
21
-6.3728031496062991
0
LINE
8
BROWN2
6
CONTINUOUS
10
6.5616102362204725
20
-6.3228031496062993
11
6.5925629921259841
21
-6.3228031496062993
0
LINE
8
BROWN2
6
CONTINUOUS
10
6.5925629921259841
20
-6.3228031496062993
11
6.5758937007874021
21
-6.3418503937007875
0
LINE
8
BROWN2
6
CONTINUOUS
10
6.5758937007874021
20
-6.3418503937007875
11
6.5830393700787404
21
-6.3418503937007875
0
LINE
8
BROWN2
6
CONTINUOUS
10
6.5830393700787404
20
-6.3418503937007875
11
6.5877992125984255
21
-6.3442322834645672
0
LINE
8
BROWN2
6
CONTINUOUS
10
6.5877992125984255
20
-6.3442322834645672
11
6.5901811023622052
21
-6.346614173228347
0
LINE
8
BROWN2
6
CONTINUOUS
10
6.5901811023622052
20
-6.346614173228347
11
6.5925629921259841
21
-6.3513740157480321
0
LINE
8
BROWN2
6
CONTINUOUS
10
6.5925629921259841
20
-6.3513740157480321
11
6.5925629921259841
21
-6.3632795275590555
0
LINE
8
BROWN2
6
CONTINUOUS
10
6.5925629921259841
20
-6.3632795275590555
11
6.5901811023622052
21
-6.368043307086614
0
LINE
8
BROWN2
6
CONTINUOUS
10
6.5901811023622052
20
-6.368043307086614
11
6.5877992125984255
21
-6.3704251968503938
0
LINE
8
BROWN2
6
CONTINUOUS
10
6.5877992125984255
20
-6.3704251968503938
11
6.5830393700787404
21
-6.3728031496062991
0
LINE
8
BROWN2
6
CONTINUOUS
10
6.5830393700787404
20
-6.3728031496062991
11
6.5687519685039373
21
-6.3728031496062991
0
LINE
8
BROWN2
6
CONTINUOUS
10
6.5687519685039373
20
-6.3728031496062991
11
6.5639921259842522
21
-6.3704251968503938
0
LINE
8
BROWN2
6
CONTINUOUS
10
6.5639921259842522
20
-6.3704251968503938
11
6.5616102362204725
21
-6.368043307086614
0
LINE
8
BROWN2
6
CONTINUOUS
10
6.5
20
-6.3500000000000005
11
6.4750000000000005
21
-6.3250000000000002
0
LINE
8
BROWN2
6
CONTINUOUS
10
6.4750000000000005
20
-6.3250000000000002
11
6.4500000000000002
21
-6.3250000000000002
0
LINE
8
BROWN2
6
CONTINUOUS
10
6.4500000000000002
20
-6.3250000000000002
11
6.4500000000000002
21
-6.375
0
LINE
8
BROWN2
6
CONTINUOUS
10
6.4500000000000002
20
-6.375
11
6.4750000000000005
21
-6.375
0
LINE
8
BROWN2
6
CONTINUOUS
10
6.4750000000000005
20
-6.375
11
6.5
21
-6.3500000000000005
0
LINE
8
BROWN2
6
CONTINUOUS
10
6.5211338582677172
20
-5.9085196850393702
11
6.5449409448818896
21
-5.9085196850393702
0
LINE
8
BROWN2
6
CONTINUOUS
10
6.5163700787401577
20
-5.9228031496062998
11
6.5330354330708662
21
-5.8728031496062991
0
LINE
8
BROWN2
6
CONTINUOUS
10
6.5330354330708662
20
-5.8728031496062991
11
6.5497047244094491
21
-5.9228031496062998
0
LINE
8
BROWN2
6
CONTINUOUS
10
6.5758937007874021
20
-5.8728031496062991
11
6.5806574803149607
21
-5.8728031496062991
0
LINE
8
BROWN2
6
CONTINUOUS
10
6.5806574803149607
20
-5.8728031496062991
11
6.5854173228346458
21
-5.8751850393700789
0
LINE
8
BROWN2
6
CONTINUOUS
10
6.5854173228346458
20
-5.8751850393700789
11
6.5877992125984255
21
-5.8775669291338586
0
LINE
8
BROWN2
6
CONTINUOUS
10
6.5877992125984255
20
-5.8775669291338586
11
6.5901811023622052
21
-5.8823267716535437
0
LINE
8
BROWN2
6
CONTINUOUS
10
6.5901811023622052
20
-5.8823267716535437
11
6.5925629921259841
21
-5.8918503937007873
0
LINE
8
BROWN2
6
CONTINUOUS
10
6.5925629921259841
20
-5.8918503937007873
11
6.5925629921259841
21
-5.9037559055118116
0
LINE
8
BROWN2
6
CONTINUOUS
10
6.5925629921259841
20
-5.9037559055118116
11
6.5901811023622052
21
-5.9132795275590553
0
LINE
8
BROWN2
6
CONTINUOUS
10
6.5901811023622052
20
-5.9132795275590553
11
6.5877992125984255
21
-5.9180433070866147
0
LINE
8
BROWN2
6
CONTINUOUS
10
6.5877992125984255
20
-5.9180433070866147
11
6.5854173228346458
21
-5.9204251968503936
0
LINE
8
BROWN2
6
CONTINUOUS
10
6.5854173228346458
20
-5.9204251968503936
11
6.5806574803149607
21
-5.9228031496062998
0
LINE
8
BROWN2
6
CONTINUOUS
10
6.5806574803149607
20
-5.9228031496062998
11
6.5758937007874021
21
-5.9228031496062998
0
LINE
8
BROWN2
6
CONTINUOUS
10
6.5758937007874021
20
-5.9228031496062998
11
6.571133858267717
21
-5.9204251968503936
0
LINE
8
BROWN2
6
CONTINUOUS
10
6.571133858267717
20
-5.9204251968503936
11
6.5687519685039373
21
-5.9180433070866147
0
LINE
8
BROWN2
6
CONTINUOUS
10
6.5687519685039373
20
-5.9180433070866147
11
6.5663700787401575
21
-5.9132795275590553
0
LINE
8
BROWN2
6
CONTINUOUS
10
6.5663700787401575
20
-5.9132795275590553
11
6.5639921259842522
21
-5.9037559055118116
0
LINE
8
BROWN2
6
CONTINUOUS
10
6.5639921259842522
20
-5.9037559055118116
11
6.5639921259842522
21
-5.8918503937007873
0
LINE
8
BROWN2
6
CONTINUOUS
10
6.5639921259842522
20
-5.8918503937007873
11
6.5663700787401575
21
-5.8823267716535437
0
LINE
8
BROWN2
6
CONTINUOUS
10
6.5663700787401575
20
-5.8823267716535437
11
6.5687519685039373
21
-5.8775669291338586
0
LINE
8
BROWN2
6
CONTINUOUS
10
6.5687519685039373
20
-5.8775669291338586
11
6.571133858267717
21
-5.8751850393700789
0
LINE
8
BROWN2
6
CONTINUOUS
10
6.571133858267717
20
-5.8751850393700789
11
6.5758937007874021
21
-5.8728031496062991
0
LINE
8
BROWN2
6
CONTINUOUS
10
6.5
20
-5.9000000000000004
11
6.4750000000000005
21
-5.875
0
LINE
8
BROWN2
6
CONTINUOUS
10
6.4750000000000005
20
-5.875
11
6.4500000000000002
21
-5.875
0
LINE
8
BROWN2
6
CONTINUOUS
10
6.4500000000000002
20
-5.875
11
6.4500000000000002
21
-5.9249999999999998
0
LINE
8
BROWN2
6
CONTINUOUS
10
6.4500000000000002
20
-5.9249999999999998
11
6.4750000000000005
21
-5.9249999999999998
0
LINE
8
BROWN2
6
CONTINUOUS
10
6.4750000000000005
20
-5.9249999999999998
11
6.5
21
-5.9000000000000004
0
LINE
8
BROWN2
6
CONTINUOUS
10
6.5211338582677172
20
-6.20851968503937
11
6.5449409448818896
21
-6.20851968503937
0
LINE
8
BROWN2
6
CONTINUOUS
10
6.5163700787401577
20
-6.2228031496062997
11
6.5330354330708662
21
-6.1728031496062998
0
LINE
8
BROWN2
6
CONTINUOUS
10
6.5330354330708662
20
-6.1728031496062998
11
6.5497047244094491
21
-6.2228031496062997
0
LINE
8
BROWN2
6
CONTINUOUS
10
6.5639921259842522
20
-6.1775669291338584
11
6.5663700787401575
21
-6.1751850393700787
0
LINE
8
BROWN2
6
CONTINUOUS
10
6.5663700787401575
20
-6.1751850393700787
11
6.571133858267717
21
-6.1728031496062998
0
LINE
8
BROWN2
6
CONTINUOUS
10
6.571133858267717
20
-6.1728031496062998
11
6.5830393700787404
21
-6.1728031496062998
0
LINE
8
BROWN2
6
CONTINUOUS
10
6.5830393700787404
20
-6.1728031496062998
11
6.5877992125984255
21
-6.1751850393700787
0
LINE
8
BROWN2
6
CONTINUOUS
10
6.5877992125984255
20
-6.1751850393700787
11
6.5901811023622052
21
-6.1775669291338584
0
LINE
8
BROWN2
6
CONTINUOUS
10
6.5901811023622052
20
-6.1775669291338584
11
6.5925629921259841
21
-6.1823267716535435
0
LINE
8
BROWN2
6
CONTINUOUS
10
6.5925629921259841
20
-6.1823267716535435
11
6.5925629921259841
21
-6.187090551181103
0
LINE
8
BROWN2
6
CONTINUOUS
10
6.5925629921259841
20
-6.187090551181103
11
6.5901811023622052
21
-6.1942322834645669
0
LINE
8
BROWN2
6
CONTINUOUS
10
6.5901811023622052
20
-6.1942322834645669
11
6.5616102362204725
21
-6.2228031496062997
0
LINE
8
BROWN2
6
CONTINUOUS
10
6.5616102362204725
20
-6.2228031496062997
11
6.5925629921259841
21
-6.2228031496062997
0
LINE
8
BROWN2
6
CONTINUOUS
10
6.5
20
-6.2000000000000002
11
6.4750000000000005
21
-6.1749999999999998
0
LINE
8
BROWN2
6
CONTINUOUS
10
6.4750000000000005
20
-6.1749999999999998
11
6.4500000000000002
21
-6.1749999999999998
0
LINE
8
BROWN2
6
CONTINUOUS
10
6.4500000000000002
20
-6.1749999999999998
11
6.4500000000000002
21
-6.2250000000000005
0
LINE
8
BROWN2
6
CONTINUOUS
10
6.4500000000000002
20
-6.2250000000000005
11
6.4750000000000005
21
-6.2250000000000005
0
LINE
8
BROWN2
6
CONTINUOUS
10
6.4750000000000005
20
-6.2250000000000005
11
6.5
21
-6.2000000000000002
0
LINE
8
BROWN2
6
CONTINUOUS
10
5.890181102362205
20
-1.4966141732283464
11
5.8973228346456699
21
-1.498996062992126
0
LINE
8
BROWN2
6
CONTINUOUS
10
5.8973228346456699
20
-1.498996062992126
11
5.8997047244094487
21
-1.5013740157480315
0
LINE
8
BROWN2
6
CONTINUOUS
10
5.8997047244094487
20
-1.5013740157480315
11
5.902082677165355
21
-1.5061377952755906
0
LINE
8
BROWN2
6
CONTINUOUS
10
5.902082677165355
20
-1.5061377952755906
11
5.902082677165355
21
-1.5132795275590551
0
LINE
8
BROWN2
6
CONTINUOUS
10
5.902082677165355
20
-1.5132795275590551
11
5.8997047244094487
21
-1.5180433070866142
0
LINE
8
BROWN2
6
CONTINUOUS
10
5.8997047244094487
20
-1.5180433070866142
11
5.8973228346456699
21
-1.5204251968503937
0
LINE
8
BROWN2
6
CONTINUOUS
10
5.8973228346456699
20
-1.5204251968503937
11
5.8925590551181104
21
-1.5228031496062993
0
LINE
8
BROWN2
6
CONTINUOUS
10
5.8925590551181104
20
-1.5228031496062993
11
5.8735118110236222
21
-1.5228031496062993
0
LINE
8
BROWN2
6
CONTINUOUS
10
5.8735118110236222
20
-1.5228031496062993
11
5.8735118110236222
21
-1.4728031496062992
0
LINE
8
BROWN2
6
CONTINUOUS
10
5.8735118110236222
20
-1.4728031496062992
11
5.890181102362205
21
-1.4728031496062992
0
LINE
8
BROWN2
6
CONTINUOUS
10
5.890181102362205
20
-1.4728031496062992
11
5.8949409448818901
21
-1.4751850393700787
0
LINE
8
BROWN2
6
CONTINUOUS
10
5.8949409448818901
20
-1.4751850393700787
11
5.8973228346456699
21
-1.4775669291338582
0
LINE
8
BROWN2
6
CONTINUOUS
10
5.8973228346456699
20
-1.4775669291338582
11
5.8997047244094487
21
-1.4823267716535433
0
LINE
8
BROWN2
6
CONTINUOUS
10
5.8997047244094487
20
-1.4823267716535433
11
5.8997047244094487
21
-1.4870905511811023
0
LINE
8
BROWN2
6
CONTINUOUS
10
5.8997047244094487
20
-1.4870905511811023
11
5.8973228346456699
21
-1.4918503937007874
0
LINE
8
BROWN2
6
CONTINUOUS
10
5.8973228346456699
20
-1.4918503937007874
11
5.8949409448818901
21
-1.4942322834645669
0
LINE
8
BROWN2
6
CONTINUOUS
10
5.8949409448818901
20
-1.4942322834645669
11
5.890181102362205
21
-1.4966141732283464
0
LINE
8
BROWN2
6
CONTINUOUS
10
5.890181102362205
20
-1.4966141732283464
11
5.8735118110236222
21
-1.4966141732283464
0
LINE
8
BROWN2
6
CONTINUOUS
10
5.923511811023622
20
-1.4728031496062992
11
5.923511811023622
21
-1.5132795275590551
0
LINE
8
BROWN2
6
CONTINUOUS
10
5.923511811023622
20
-1.5132795275590551
11
5.9258937007874017
21
-1.5180433070866142
0
LINE
8
BROWN2
6
CONTINUOUS
10
5.9258937007874017
20
-1.5180433070866142
11
5.9282755905511815
21
-1.5204251968503937
0
LINE
8
BROWN2
6
CONTINUOUS
10
5.9282755905511815
20
-1.5204251968503937
11
5.9330354330708666
21
-1.5228031496062993
0
LINE
8
BROWN2
6
CONTINUOUS
10
5.9330354330708666
20
-1.5228031496062993
11
5.9425590551181102
21
-1.5228031496062993
0
LINE
8
BROWN2
6
CONTINUOUS
10
5.9425590551181102
20
-1.5228031496062993
11
5.9473228346456697
21
-1.5204251968503937
0
LINE
8
BROWN2
6
CONTINUOUS
10
5.9473228346456697
20
-1.5204251968503937
11
5.9497047244094494
21
-1.5180433070866142
0
LINE
8
BROWN2
6
CONTINUOUS
10
5.9497047244094494
20
-1.5180433070866142
11
5.9520826771653548
21
-1.5132795275590551
0
LINE
8
BROWN2
6
CONTINUOUS
10
5.9520826771653548
20
-1.5132795275590551
11
5.9520826771653548
21
-1.4728031496062992
0
LINE
8
BROWN2
6
CONTINUOUS
10
5.9735157480314962
20
-1.5204251968503937
11
5.980657480314961
21
-1.5228031496062993
0
LINE
8
BROWN2
6
CONTINUOUS
10
5.980657480314961
20
-1.5228031496062993
11
5.9925629921259844
21
-1.5228031496062993
0
LINE
8
BROWN2
6
CONTINUOUS
10
5.9925629921259844
20
-1.5228031496062993
11
5.9973228346456695
21
-1.5204251968503937
0
LINE
8
BROWN2
6
CONTINUOUS
10
5.9973228346456695
20
-1.5204251968503937
11
5.9997047244094492
21
-1.5180433070866142
0
LINE
8
BROWN2
6
CONTINUOUS
10
5.9997047244094492
20
-1.5180433070866142
11
6.002086614173229
21
-1.5132795275590551
0
LINE
8
BROWN2
6
CONTINUOUS
10
6.002086614173229
20
-1.5132795275590551
11
6.002086614173229
21
-1.5085196850393701
0
LINE
8
BROWN2
6
CONTINUOUS
10
6.002086614173229
20
-1.5085196850393701
11
5.9997047244094492
21
-1.503755905511811
0
LINE
8
BROWN2
6
CONTINUOUS
10
5.9997047244094492
20
-1.503755905511811
11
5.9973228346456695
21
-1.5013740157480315
0
LINE
8
BROWN2
6
CONTINUOUS
10
5.9973228346456695
20
-1.5013740157480315
11
5.9925629921259844
21
-1.498996062992126
0
LINE
8
BROWN2
6
CONTINUOUS
10
5.9925629921259844
20
-1.498996062992126
11
5.9830393700787408
21
-1.4966141732283464
0
LINE
8
BROWN2
6
CONTINUOUS
10
5.9830393700787408
20
-1.4966141732283464
11
5.9782755905511813
21
-1.4942322834645669
0
LINE
8
BROWN2
6
CONTINUOUS
10
5.9782755905511813
20
-1.4942322834645669
11
5.9758937007874016
21
-1.4918503937007874
0
LINE
8
BROWN2
6
CONTINUOUS
10
5.9758937007874016
20
-1.4918503937007874
11
5.9735157480314962
21
-1.4870905511811023
0
LINE
8
BROWN2
6
CONTINUOUS
10
5.9735157480314962
20
-1.4870905511811023
11
5.9735157480314962
21
-1.4823267716535433
0
LINE
8
BROWN2
6
CONTINUOUS
10
5.9735157480314962
20
-1.4823267716535433
11
5.9758937007874016
21
-1.4775669291338582
0
LINE
8
BROWN2
6
CONTINUOUS
10
5.9758937007874016
20
-1.4775669291338582
11
5.9782755905511813
21
-1.4751850393700787
0
LINE
8
BROWN2
6
CONTINUOUS
10
5.9782755905511813
20
-1.4751850393700787
11
5.9830393700787408
21
-1.4728031496062992
0
LINE
8
BROWN2
6
CONTINUOUS
10
5.9830393700787408
20
-1.4728031496062992
11
5.9949409448818898
21
-1.4728031496062992
0
LINE
8
BROWN2
6
CONTINUOUS
10
5.9949409448818898
20
-1.4728031496062992
11
6.002086614173229
21
-1.4751850393700787
0
LINE
8
BROWN2
6
CONTINUOUS
10
6.0116102362204726
20
-1.5275669291338583
11
6.0497047244094491
21
-1.5275669291338583
0
LINE
8
BROWN2
6
CONTINUOUS
10
6.0711299212598426
20
-1.4728031496062992
11
6.0758937007874021
21
-1.4728031496062992
0
LINE
8
BROWN2
6
CONTINUOUS
10
6.0758937007874021
20
-1.4728031496062992
11
6.0806535433070872
21
-1.4751850393700787
0
LINE
8
BROWN2
6
CONTINUOUS
10
6.0806535433070872
20
-1.4751850393700787
11
6.083035433070866
21
-1.4775669291338582
0
LINE
8
BROWN2
6
CONTINUOUS
10
6.083035433070866
20
-1.4775669291338582
11
6.0854173228346458
21
-1.4823267716535433
0
LINE
8
BROWN2
6
CONTINUOUS
10
6.0854173228346458
20
-1.4823267716535433
11
6.0877992125984255
21
-1.4918503937007874
0
LINE
8
BROWN2
6
CONTINUOUS
10
6.0877992125984255
20
-1.4918503937007874
11
6.0877992125984255
21
-1.503755905511811
0
LINE
8
BROWN2
6
CONTINUOUS
10
6.0877992125984255
20
-1.503755905511811
11
6.0854173228346458
21
-1.5132795275590551
0
LINE
8
BROWN2
6
CONTINUOUS
10
6.0854173228346458
20
-1.5132795275590551
11
6.083035433070866
21
-1.5180433070866142
0
LINE
8
BROWN2
6
CONTINUOUS
10
6.083035433070866
20
-1.5180433070866142
11
6.0806535433070872
21
-1.5204251968503937
0
LINE
8
BROWN2
6
CONTINUOUS
10
6.0806535433070872
20
-1.5204251968503937
11
6.0758937007874021
21
-1.5228031496062993
0
LINE
8
BROWN2
6
CONTINUOUS
10
6.0758937007874021
20
-1.5228031496062993
11
6.0711299212598426
21
-1.5228031496062993
0
LINE
8
BROWN2
6
CONTINUOUS
10
6.0711299212598426
20
-1.5228031496062993
11
6.0663700787401575
21
-1.5204251968503937
0
LINE
8
BROWN2
6
CONTINUOUS
10
6.0663700787401575
20
-1.5204251968503937
11
6.0639881889763778
21
-1.5180433070866142
0
LINE
8
BROWN2
6
CONTINUOUS
10
6.0639881889763778
20
-1.5180433070866142
11
6.061606299212599
21
-1.5132795275590551
0
LINE
8
BROWN2
6
CONTINUOUS
10
6.061606299212599
20
-1.5132795275590551
11
6.0592283464566927
21
-1.503755905511811
0
LINE
8
BROWN2
6
CONTINUOUS
10
6.0592283464566927
20
-1.503755905511811
11
6.0592283464566927
21
-1.4918503937007874
0
LINE
8
BROWN2
6
CONTINUOUS
10
6.0592283464566927
20
-1.4918503937007874
11
6.061606299212599
21
-1.4823267716535433
0
LINE
8
BROWN2
6
CONTINUOUS
10
6.061606299212599
20
-1.4823267716535433
11
6.0639881889763778
21
-1.4775669291338582
0
LINE
8
BROWN2
6
CONTINUOUS
10
6.0639881889763778
20
-1.4775669291338582
11
6.0663700787401575
21
-1.4751850393700787
0
LINE
8
BROWN2
6
CONTINUOUS
10
6.0663700787401575
20
-1.4751850393700787
11
6.0711299212598426
21
-1.4728031496062992
0
LINE
8
BROWN2
6
CONTINUOUS
10
5.7999999999999998
20
-1.5
11
5.8250000000000002
21
-1.4750000000000001
0
LINE
8
BROWN2
6
CONTINUOUS
10
5.8250000000000002
20
-1.4750000000000001
11
5.8500000000000005
21
-1.5
0
LINE
8
BROWN2
6
CONTINUOUS
10
5.8500000000000005
20
-1.5
11
5.8250000000000002
21
-1.5250000000000001
0
LINE
8
BROWN2
6
CONTINUOUS
10
5.8250000000000002
20
-1.5250000000000001
11
5.7999999999999998
21
-1.5
0
LINE
8
BROWN2
6
CONTINUOUS
10
5.9520826771653548
20
-0.8180433070866142
11
5.9497047244094494
21
-0.8204251968503937
0
LINE
8
BROWN2
6
CONTINUOUS
10
5.9497047244094494
20
-0.8204251968503937
11
5.9425590551181102
21
-0.8228031496062992
0
LINE
8
BROWN2
6
CONTINUOUS
10
5.9425590551181102
20
-0.8228031496062992
11
5.9377992125984251
21
-0.8228031496062992
0
LINE
8
BROWN2
6
CONTINUOUS
10
5.9377992125984251
20
-0.8228031496062992
11
5.9306574803149612
21
-0.8204251968503937
0
LINE
8
BROWN2
6
CONTINUOUS
10
5.9306574803149612
20
-0.8204251968503937
11
5.9258937007874017
21
-0.8156614173228347
0
LINE
8
BROWN2
6
CONTINUOUS
10
5.9258937007874017
20
-0.8156614173228347
11
5.923511811023622
21
-0.8108976377952756
0
LINE
8
BROWN2
6
CONTINUOUS
10
5.923511811023622
20
-0.8108976377952756
11
5.9211338582677167
21
-0.8013740157480316
0
LINE
8
BROWN2
6
CONTINUOUS
10
5.9211338582677167
20
-0.8013740157480316
11
5.9211338582677167
21
-0.794232283464567
0
LINE
8
BROWN2
6
CONTINUOUS
10
5.9211338582677167
20
-0.794232283464567
11
5.923511811023622
21
-0.7847086614173229
0
LINE
8
BROWN2
6
CONTINUOUS
10
5.923511811023622
20
-0.7847086614173229
11
5.9258937007874017
21
-0.7799488188976378
0
LINE
8
BROWN2
6
CONTINUOUS
10
5.9258937007874017
20
-0.7799488188976378
11
5.9306574803149612
21
-0.7751850393700788
0
LINE
8
BROWN2
6
CONTINUOUS
10
5.9306574803149612
20
-0.7751850393700788
11
5.9377992125984251
21
-0.7728031496062993
0
LINE
8
BROWN2
6
CONTINUOUS
10
5.9377992125984251
20
-0.7728031496062993
11
5.9425590551181102
21
-0.7728031496062993
0
LINE
8
BROWN2
6
CONTINUOUS
10
5.9425590551181102
20
-0.7728031496062993
11
5.9497047244094494
21
-0.7751850393700788
0
LINE
8
BROWN2
6
CONTINUOUS
10
5.9497047244094494
20
-0.7751850393700788
11
5.9520826771653548
21
-0.7775669291338583
0
LINE
8
BROWN2
6
CONTINUOUS
10
5.9973228346456695
20
-0.8228031496062992
11
5.9735118110236218
21
-0.8228031496062992
0
LINE
8
BROWN2
6
CONTINUOUS
10
5.9735118110236218
20
-0.8228031496062992
11
5.9735118110236218
21
-0.7728031496062993
0
LINE
8
BROWN2
6
CONTINUOUS
10
6.0425590551181108
20
-0.8228031496062992
11
6.0258937007874014
21
-0.798996062992126
0
LINE
8
BROWN2
6
CONTINUOUS
10
6.013988188976378
20
-0.8228031496062992
11
6.013988188976378
21
-0.7728031496062993
0
LINE
8
BROWN2
6
CONTINUOUS
10
6.013988188976378
20
-0.7728031496062993
11
6.0330354330708662
21
-0.7728031496062993
0
LINE
8
BROWN2
6
CONTINUOUS
10
6.0330354330708662
20
-0.7728031496062993
11
6.0377992125984257
21
-0.7751850393700788
0
LINE
8
BROWN2
6
CONTINUOUS
10
6.0377992125984257
20
-0.7751850393700788
11
6.0401811023622045
21
-0.7775669291338583
0
LINE
8
BROWN2
6
CONTINUOUS
10
6.0401811023622045
20
-0.7775669291338583
11
6.0425590551181108
21
-0.7823267716535434
0
LINE
8
BROWN2
6
CONTINUOUS
10
6.0425590551181108
20
-0.7823267716535434
11
6.0425590551181108
21
-0.7894724409448819
0
LINE
8
BROWN2
6
CONTINUOUS
10
6.0425590551181108
20
-0.7894724409448819
11
6.0401811023622045
21
-0.794232283464567
0
LINE
8
BROWN2
6
CONTINUOUS
10
6.0401811023622045
20
-0.794232283464567
11
6.0377992125984257
21
-0.7966141732283465
0
LINE
8
BROWN2
6
CONTINUOUS
10
6.0377992125984257
20
-0.7966141732283465
11
6.0330354330708662
21
-0.798996062992126
0
LINE
8
BROWN2
6
CONTINUOUS
10
6.0330354330708662
20
-0.798996062992126
11
6.013988188976378
21
-0.798996062992126
0
LINE
8
BROWN2
6
CONTINUOUS
10
5.8500000000000005
20
-0.8
11
5.875
21
-0.8250000000000001
0
LINE
8
BROWN2
6
CONTINUOUS
10
5.875
20
-0.8250000000000001
11
5.9000000000000004
21
-0.8250000000000001
0
LINE
8
BROWN2
6
CONTINUOUS
10
5.9000000000000004
20
-0.8250000000000001
11
5.9000000000000004
21
-0.775
0
LINE
8
BROWN2
6
CONTINUOUS
10
5.9000000000000004
20
-0.775
11
5.875
21
-0.775
0
LINE
8
BROWN2
6
CONTINUOUS
10
5.875
20
-0.775
11
5.8500000000000005
21
-0.8
0
LINE
8
BROWN2
6
CONTINUOUS
10
5.890181102362205
20
-1.9466141732283466
11
5.8973228346456699
21
-1.9489960629921261
0
LINE
8
BROWN2
6
CONTINUOUS
10
5.8973228346456699
20
-1.9489960629921261
11
5.8997047244094487
21
-1.9513740157480315
0
LINE
8
BROWN2
6
CONTINUOUS
10
5.8997047244094487
20
-1.9513740157480315
11
5.902082677165355
21
-1.9561377952755907
0
LINE
8
BROWN2
6
CONTINUOUS
10
5.902082677165355
20
-1.9561377952755907
11
5.902082677165355
21
-1.9632795275590551
0
LINE
8
BROWN2
6
CONTINUOUS
10
5.902082677165355
20
-1.9632795275590551
11
5.8997047244094487
21
-1.9680433070866143
0
LINE
8
BROWN2
6
CONTINUOUS
10
5.8997047244094487
20
-1.9680433070866143
11
5.8973228346456699
21
-1.9704251968503939
0
LINE
8
BROWN2
6
CONTINUOUS
10
5.8973228346456699
20
-1.9704251968503939
11
5.8925590551181104
21
-1.9728031496062992
0
LINE
8
BROWN2
6
CONTINUOUS
10
5.8925590551181104
20
-1.9728031496062992
11
5.8735118110236222
21
-1.9728031496062992
0
LINE
8
BROWN2
6
CONTINUOUS
10
5.8735118110236222
20
-1.9728031496062992
11
5.8735118110236222
21
-1.9228031496062994
0
LINE
8
BROWN2
6
CONTINUOUS
10
5.8735118110236222
20
-1.9228031496062994
11
5.890181102362205
21
-1.9228031496062994
0
LINE
8
BROWN2
6
CONTINUOUS
10
5.890181102362205
20
-1.9228031496062994
11
5.8949409448818901
21
-1.9251850393700789
0
LINE
8
BROWN2
6
CONTINUOUS
10
5.8949409448818901
20
-1.9251850393700789
11
5.8973228346456699
21
-1.9275669291338584
0
LINE
8
BROWN2
6
CONTINUOUS
10
5.8973228346456699
20
-1.9275669291338584
11
5.8997047244094487
21
-1.9323267716535433
0
LINE
8
BROWN2
6
CONTINUOUS
10
5.8997047244094487
20
-1.9323267716535433
11
5.8997047244094487
21
-1.9370905511811025
0
LINE
8
BROWN2
6
CONTINUOUS
10
5.8997047244094487
20
-1.9370905511811025
11
5.8973228346456699
21
-1.9418503937007874
0
LINE
8
BROWN2
6
CONTINUOUS
10
5.8973228346456699
20
-1.9418503937007874
11
5.8949409448818901
21
-1.9442322834645671
0
LINE
8
BROWN2
6
CONTINUOUS
10
5.8949409448818901
20
-1.9442322834645671
11
5.890181102362205
21
-1.9466141732283466
0
LINE
8
BROWN2
6
CONTINUOUS
10
5.890181102362205
20
-1.9466141732283466
11
5.8735118110236222
21
-1.9466141732283466
0
LINE
8
BROWN2
6
CONTINUOUS
10
5.923511811023622
20
-1.9228031496062994
11
5.923511811023622
21
-1.9632795275590551
0
LINE
8
BROWN2
6
CONTINUOUS
10
5.923511811023622
20
-1.9632795275590551
11
5.9258937007874017
21
-1.9680433070866143
0
LINE
8
BROWN2
6
CONTINUOUS
10
5.9258937007874017
20
-1.9680433070866143
11
5.9282755905511815
21
-1.9704251968503939
0
LINE
8
BROWN2
6
CONTINUOUS
10
5.9282755905511815
20
-1.9704251968503939
11
5.9330354330708666
21
-1.9728031496062992
0
LINE
8
BROWN2
6
CONTINUOUS
10
5.9330354330708666
20
-1.9728031496062992
11
5.9425590551181102
21
-1.9728031496062992
0
LINE
8
BROWN2
6
CONTINUOUS
10
5.9425590551181102
20
-1.9728031496062992
11
5.9473228346456697
21
-1.9704251968503939
0
LINE
8
BROWN2
6
CONTINUOUS
10
5.9473228346456697
20
-1.9704251968503939
11
5.9497047244094494
21
-1.9680433070866143
0
LINE
8
BROWN2
6
CONTINUOUS
10
5.9497047244094494
20
-1.9680433070866143
11
5.9520826771653548
21
-1.9632795275590551
0
LINE
8
BROWN2
6
CONTINUOUS
10
5.9520826771653548
20
-1.9632795275590551
11
5.9520826771653548
21
-1.9228031496062994
0
LINE
8
BROWN2
6
CONTINUOUS
10
5.9735157480314962
20
-1.9704251968503939
11
5.980657480314961
21
-1.9728031496062992
0
LINE
8
BROWN2
6
CONTINUOUS
10
5.980657480314961
20
-1.9728031496062992
11
5.9925629921259844
21
-1.9728031496062992
0
LINE
8
BROWN2
6
CONTINUOUS
10
5.9925629921259844
20
-1.9728031496062992
11
5.9973228346456695
21
-1.9704251968503939
0
LINE
8
BROWN2
6
CONTINUOUS
10
5.9973228346456695
20
-1.9704251968503939
11
5.9997047244094492
21
-1.9680433070866143
0
LINE
8
BROWN2
6
CONTINUOUS
10
5.9997047244094492
20
-1.9680433070866143
11
6.002086614173229
21
-1.9632795275590551
0
LINE
8
BROWN2
6
CONTINUOUS
10
6.002086614173229
20
-1.9632795275590551
11
6.002086614173229
21
-1.9585196850393702
0
LINE
8
BROWN2
6
CONTINUOUS
10
6.002086614173229
20
-1.9585196850393702
11
5.9997047244094492
21
-1.953755905511811
0
LINE
8
BROWN2
6
CONTINUOUS
10
5.9997047244094492
20
-1.953755905511811
11
5.9973228346456695
21
-1.9513740157480315
0
LINE
8
BROWN2
6
CONTINUOUS
10
5.9973228346456695
20
-1.9513740157480315
11
5.9925629921259844
21
-1.9489960629921261
0
LINE
8
BROWN2
6
CONTINUOUS
10
5.9925629921259844
20
-1.9489960629921261
11
5.9830393700787408
21
-1.9466141732283466
0
LINE
8
BROWN2
6
CONTINUOUS
10
5.9830393700787408
20
-1.9466141732283466
11
5.9782755905511813
21
-1.9442322834645671
0
LINE
8
BROWN2
6
CONTINUOUS
10
5.9782755905511813
20
-1.9442322834645671
11
5.9758937007874016
21
-1.9418503937007874
0
LINE
8
BROWN2
6
CONTINUOUS
10
5.9758937007874016
20
-1.9418503937007874
11
5.9735157480314962
21
-1.9370905511811025
0
LINE
8
BROWN2
6
CONTINUOUS
10
5.9735157480314962
20
-1.9370905511811025
11
5.9735157480314962
21
-1.9323267716535433
0
LINE
8
BROWN2
6
CONTINUOUS
10
5.9735157480314962
20
-1.9323267716535433
11
5.9758937007874016
21
-1.9275669291338584
0
LINE
8
BROWN2
6
CONTINUOUS
10
5.9758937007874016
20
-1.9275669291338584
11
5.9782755905511813
21
-1.9251850393700789
0
LINE
8
BROWN2
6
CONTINUOUS
10
5.9782755905511813
20
-1.9251850393700789
11
5.9830393700787408
21
-1.9228031496062994
0
LINE
8
BROWN2
6
CONTINUOUS
10
5.9830393700787408
20
-1.9228031496062994
11
5.9949409448818898
21
-1.9228031496062994
0
LINE
8
BROWN2
6
CONTINUOUS
10
5.9949409448818898
20
-1.9228031496062994
11
6.002086614173229
21
-1.9251850393700789
0
LINE
8
BROWN2
6
CONTINUOUS
10
6.0116102362204726
20
-1.9775669291338585
11
6.0497047244094491
21
-1.9775669291338585
0
LINE
8
BROWN2
6
CONTINUOUS
10
6.0568464566929139
20
-1.9228031496062994
11
6.0877992125984255
21
-1.9228031496062994
0
LINE
8
BROWN2
6
CONTINUOUS
10
6.0877992125984255
20
-1.9228031496062994
11
6.0711299212598426
21
-1.9418503937007874
0
LINE
8
BROWN2
6
CONTINUOUS
10
6.0711299212598426
20
-1.9418503937007874
11
6.0782755905511809
21
-1.9418503937007874
0
LINE
8
BROWN2
6
CONTINUOUS
10
6.0782755905511809
20
-1.9418503937007874
11
6.083035433070866
21
-1.9442322834645671
0
LINE
8
BROWN2
6
CONTINUOUS
10
6.083035433070866
20
-1.9442322834645671
11
6.0854173228346458
21
-1.9466141732283466
0
LINE
8
BROWN2
6
CONTINUOUS
10
6.0854173228346458
20
-1.9466141732283466
11
6.0877992125984255
21
-1.9513740157480315
0
LINE
8
BROWN2
6
CONTINUOUS
10
6.0877992125984255
20
-1.9513740157480315
11
6.0877992125984255
21
-1.9632795275590551
0
LINE
8
BROWN2
6
CONTINUOUS
10
6.0877992125984255
20
-1.9632795275590551
11
6.0854173228346458
21
-1.9680433070866143
0
LINE
8
BROWN2
6
CONTINUOUS
10
6.0854173228346458
20
-1.9680433070866143
11
6.083035433070866
21
-1.9704251968503939
0
LINE
8
BROWN2
6
CONTINUOUS
10
6.083035433070866
20
-1.9704251968503939
11
6.0782755905511809
21
-1.9728031496062992
0
LINE
8
BROWN2
6
CONTINUOUS
10
6.0782755905511809
20
-1.9728031496062992
11
6.0639881889763778
21
-1.9728031496062992
0
LINE
8
BROWN2
6
CONTINUOUS
10
6.0639881889763778
20
-1.9728031496062992
11
6.0592283464566927
21
-1.9704251968503939
0
LINE
8
BROWN2
6
CONTINUOUS
10
6.0592283464566927
20
-1.9704251968503939
11
6.0568464566929139
21
-1.9680433070866143
0
LINE
8
BROWN2
6
CONTINUOUS
10
5.7999999999999998
20
-1.9500000000000002
11
5.8250000000000002
21
-1.925
0
LINE
8
BROWN2
6
CONTINUOUS
10
5.8250000000000002
20
-1.925
11
5.8500000000000005
21
-1.9500000000000002
0
LINE
8
BROWN2
6
CONTINUOUS
10
5.8500000000000005
20
-1.9500000000000002
11
5.8250000000000002
21
-1.9750000000000001
0
LINE
8
BROWN2
6
CONTINUOUS
10
5.8250000000000002
20
-1.9750000000000001
11
5.7999999999999998
21
-1.9500000000000002
0
LINE
8
BROWN2
6
CONTINUOUS
10
5.890181102362205
20
-1.6466141732283466
11
5.8973228346456699
21
-1.6489960629921261
0
LINE
8
BROWN2
6
CONTINUOUS
10
5.8973228346456699
20
-1.6489960629921261
11
5.8997047244094487
21
-1.6513740157480317
0
LINE
8
BROWN2
6
CONTINUOUS
10
5.8997047244094487
20
-1.6513740157480317
11
5.902082677165355
21
-1.6561377952755907
0
LINE
8
BROWN2
6
CONTINUOUS
10
5.902082677165355
20
-1.6561377952755907
11
5.902082677165355
21
-1.6632795275590553
0
LINE
8
BROWN2
6
CONTINUOUS
10
5.902082677165355
20
-1.6632795275590553
11
5.8997047244094487
21
-1.6680433070866143
0
LINE
8
BROWN2
6
CONTINUOUS
10
5.8997047244094487
20
-1.6680433070866143
11
5.8973228346456699
21
-1.6704251968503938
0
LINE
8
BROWN2
6
CONTINUOUS
10
5.8973228346456699
20
-1.6704251968503938
11
5.8925590551181104
21
-1.6728031496062992
0
LINE
8
BROWN2
6
CONTINUOUS
10
5.8925590551181104
20
-1.6728031496062992
11
5.8735118110236222
21
-1.6728031496062992
0
LINE
8
BROWN2
6
CONTINUOUS
10
5.8735118110236222
20
-1.6728031496062992
11
5.8735118110236222
21
-1.6228031496062993
0
LINE
8
BROWN2
6
CONTINUOUS
10
5.8735118110236222
20
-1.6228031496062993
11
5.890181102362205
21
-1.6228031496062993
0
LINE
8
BROWN2
6
CONTINUOUS
10
5.890181102362205
20
-1.6228031496062993
11
5.8949409448818901
21
-1.6251850393700789
0
LINE
8
BROWN2
6
CONTINUOUS
10
5.8949409448818901
20
-1.6251850393700789
11
5.8973228346456699
21
-1.6275669291338584
0
LINE
8
BROWN2
6
CONTINUOUS
10
5.8973228346456699
20
-1.6275669291338584
11
5.8997047244094487
21
-1.6323267716535435
0
LINE
8
BROWN2
6
CONTINUOUS
10
5.8997047244094487
20
-1.6323267716535435
11
5.8997047244094487
21
-1.6370905511811025
0
LINE
8
BROWN2
6
CONTINUOUS
10
5.8997047244094487
20
-1.6370905511811025
11
5.8973228346456699
21
-1.6418503937007876
0
LINE
8
BROWN2
6
CONTINUOUS
10
5.8973228346456699
20
-1.6418503937007876
11
5.8949409448818901
21
-1.6442322834645671
0
LINE
8
BROWN2
6
CONTINUOUS
10
5.8949409448818901
20
-1.6442322834645671
11
5.890181102362205
21
-1.6466141732283466
0
LINE
8
BROWN2
6
CONTINUOUS
10
5.890181102362205
20
-1.6466141732283466
11
5.8735118110236222
21
-1.6466141732283466
0
LINE
8
BROWN2
6
CONTINUOUS
10
5.923511811023622
20
-1.6228031496062993
11
5.923511811023622
21
-1.6632795275590553
0
LINE
8
BROWN2
6
CONTINUOUS
10
5.923511811023622
20
-1.6632795275590553
11
5.9258937007874017
21
-1.6680433070866143
0
LINE
8
BROWN2
6
CONTINUOUS
10
5.9258937007874017
20
-1.6680433070866143
11
5.9282755905511815
21
-1.6704251968503938
0
LINE
8
BROWN2
6
CONTINUOUS
10
5.9282755905511815
20
-1.6704251968503938
11
5.9330354330708666
21
-1.6728031496062992
0
LINE
8
BROWN2
6
CONTINUOUS
10
5.9330354330708666
20
-1.6728031496062992
11
5.9425590551181102
21
-1.6728031496062992
0
LINE
8
BROWN2
6
CONTINUOUS
10
5.9425590551181102
20
-1.6728031496062992
11
5.9473228346456697
21
-1.6704251968503938
0
LINE
8
BROWN2
6
CONTINUOUS
10
5.9473228346456697
20
-1.6704251968503938
11
5.9497047244094494
21
-1.6680433070866143
0
LINE
8
BROWN2
6
CONTINUOUS
10
5.9497047244094494
20
-1.6680433070866143
11
5.9520826771653548
21
-1.6632795275590553
0
LINE
8
BROWN2
6
CONTINUOUS
10
5.9520826771653548
20
-1.6632795275590553
11
5.9520826771653548
21
-1.6228031496062993
0
LINE
8
BROWN2
6
CONTINUOUS
10
5.9735157480314962
20
-1.6704251968503938
11
5.980657480314961
21
-1.6728031496062992
0
LINE
8
BROWN2
6
CONTINUOUS
10
5.980657480314961
20
-1.6728031496062992
11
5.9925629921259844
21
-1.6728031496062992
0
LINE
8
BROWN2
6
CONTINUOUS
10
5.9925629921259844
20
-1.6728031496062992
11
5.9973228346456695
21
-1.6704251968503938
0
LINE
8
BROWN2
6
CONTINUOUS
10
5.9973228346456695
20
-1.6704251968503938
11
5.9997047244094492
21
-1.6680433070866143
0
LINE
8
BROWN2
6
CONTINUOUS
10
5.9997047244094492
20
-1.6680433070866143
11
6.002086614173229
21
-1.6632795275590553
0
LINE
8
BROWN2
6
CONTINUOUS
10
6.002086614173229
20
-1.6632795275590553
11
6.002086614173229
21
-1.6585196850393702
0
LINE
8
BROWN2
6
CONTINUOUS
10
6.002086614173229
20
-1.6585196850393702
11
5.9997047244094492
21
-1.6537559055118112
0
LINE
8
BROWN2
6
CONTINUOUS
10
5.9997047244094492
20
-1.6537559055118112
11
5.9973228346456695
21
-1.6513740157480317
0
LINE
8
BROWN2
6
CONTINUOUS
10
5.9973228346456695
20
-1.6513740157480317
11
5.9925629921259844
21
-1.6489960629921261
0
LINE
8
BROWN2
6
CONTINUOUS
10
5.9925629921259844
20
-1.6489960629921261
11
5.9830393700787408
21
-1.6466141732283466
0
LINE
8
BROWN2
6
CONTINUOUS
10
5.9830393700787408
20
-1.6466141732283466
11
5.9782755905511813
21
-1.6442322834645671
0
LINE
8
BROWN2
6
CONTINUOUS
10
5.9782755905511813
20
-1.6442322834645671
11
5.9758937007874016
21
-1.6418503937007876
0
LINE
8
BROWN2
6
CONTINUOUS
10
5.9758937007874016
20
-1.6418503937007876
11
5.9735157480314962
21
-1.6370905511811025
0
LINE
8
BROWN2
6
CONTINUOUS
10
5.9735157480314962
20
-1.6370905511811025
11
5.9735157480314962
21
-1.6323267716535435
0
LINE
8
BROWN2
6
CONTINUOUS
10
5.9735157480314962
20
-1.6323267716535435
11
5.9758937007874016
21
-1.6275669291338584
0
LINE
8
BROWN2
6
CONTINUOUS
10
5.9758937007874016
20
-1.6275669291338584
11
5.9782755905511813
21
-1.6251850393700789
0
LINE
8
BROWN2
6
CONTINUOUS
10
5.9782755905511813
20
-1.6251850393700789
11
5.9830393700787408
21
-1.6228031496062993
0
LINE
8
BROWN2
6
CONTINUOUS
10
5.9830393700787408
20
-1.6228031496062993
11
5.9949409448818898
21
-1.6228031496062993
0
LINE
8
BROWN2
6
CONTINUOUS
10
5.9949409448818898
20
-1.6228031496062993
11
6.002086614173229
21
-1.6251850393700789
0
LINE
8
BROWN2
6
CONTINUOUS
10
6.0116102362204726
20
-1.6775669291338584
11
6.0497047244094491
21
-1.6775669291338584
0
LINE
8
BROWN2
6
CONTINUOUS
10
6.0877992125984255
20
-1.6728031496062992
11
6.0592283464566927
21
-1.6728031496062992
0
LINE
8
BROWN2
6
CONTINUOUS
10
6.0735118110236224
20
-1.6728031496062992
11
6.0735118110236224
21
-1.6228031496062993
0
LINE
8
BROWN2
6
CONTINUOUS
10
6.0735118110236224
20
-1.6228031496062993
11
6.0687519685039373
21
-1.6299488188976379
0
LINE
8
BROWN2
6
CONTINUOUS
10
6.0687519685039373
20
-1.6299488188976379
11
6.0639881889763778
21
-1.634708661417323
0
LINE
8
BROWN2
6
CONTINUOUS
10
6.0639881889763778
20
-1.634708661417323
11
6.0592283464566927
21
-1.6370905511811025
0
LINE
8
BROWN2
6
CONTINUOUS
10
5.7999999999999998
20
-1.6500000000000001
11
5.8250000000000002
21
-1.625
0
LINE
8
BROWN2
6
CONTINUOUS
10
5.8250000000000002
20
-1.625
11
5.8500000000000005
21
-1.6500000000000001
0
LINE
8
BROWN2
6
CONTINUOUS
10
5.8500000000000005
20
-1.6500000000000001
11
5.8250000000000002
21
-1.675
0
LINE
8
BROWN2
6
CONTINUOUS
10
5.8250000000000002
20
-1.675
11
5.7999999999999998
21
-1.6500000000000001
0
LINE
8
GREEN3
6
CONTINUOUS
10
4.5
20
-1.9000000000000001
11
4.5
21
-2.0500000000000003
0
LINE
8
GREEN3
6
CONTINUOUS
10
4.4500000000000002
20
-1.9000000000000001
11
4.5
21
-1.9000000000000001
0
LINE
8
GREEN3
6
CONTINUOUS
10
4.2999999999999998
20
-2.0500000000000003
11
4.2999999999999998
21
-1.05
0
LINE
8
GREEN3
6
CONTINUOUS
10
4.1000000000000005
20
-0.8
11
4.1000000000000005
21
-2.0500000000000003
0
LINE
8
GREEN3
6
CONTINUOUS
10
4.4500000000000002
20
-1.25
11
4.4500000000000002
21
-1.9000000000000001
0
LINE
8
GREEN3
6
CONTINUOUS
10
5.2000000000000002
20
-1.8
11
5.7999999999999998
21
-1.8
0
LINE
8
GREEN3
6
CONTINUOUS
10
5.1000000000000005
20
-1.6500000000000001
11
5.7999999999999998
21
-1.6500000000000001
0
LINE
8
GREEN3
6
CONTINUOUS
10
6.3500000000000005
20
-1.3500000000000001
11
4.75
21
-1.3500000000000001
0
LINE
8
GREEN3
6
CONTINUOUS
10
5.
20
-1.5
11
5.7999999999999998
21
-1.5
0
LINE
8
GREEN3
6
CONTINUOUS
10
3.6000000000000001
20
-3.25
11
3.8000000000000003
21
-3.25
0
LINE
8
GREEN3
6
CONTINUOUS
10
3.6000000000000001
20
-3.2000000000000002
11
3.6000000000000001
21
-3.25
0
LINE
8
GREEN3
6
CONTINUOUS
10
3.8000000000000003
20
-3.5500000000000003
11
3.8000000000000003
21
-3.6000000000000001
0
LINE
8
GREEN3
6
CONTINUOUS
10
3.3500000000000001
20
-3.25
11
3.6000000000000001
21
-3.25
0
LINE
8
GREEN3
6
CONTINUOUS
10
3.5500000000000003
20
-4.4500000000000002
11
3.5500000000000003
21
-4.6000000000000005
0
LINE
8
GREEN3
6
CONTINUOUS
10
3.6500000000000004
20
-4.0499999999999998
11
3.8000000000000003
21
-4.0499999999999998
0
LINE
8
GREEN3
6
CONTINUOUS
10
4.
20
-5.5
11
4.
21
-4.0499999999999998
0
LINE
8
GREEN3
6
CONTINUOUS
10
4.1000000000000005
20
-5.5
11
4.
21
-5.5
0
LINE
8
GREEN3
6
CONTINUOUS
10
3.8000000000000003
20
-4.0499999999999998
11
4.
21
-4.0499999999999998
0
LINE
8
GREEN3
6
CONTINUOUS
10
4.4000000000000004
20
-5.9000000000000004
11
4.4000000000000004
21
-6.0499999999999998
0
LINE
8
GREEN3
6
CONTINUOUS
10
4.4000000000000004
20
-6.0499999999999998
11
4.6000000000000005
21
-6.0499999999999998
0
LINE
8
GREEN3
6
CONTINUOUS
10
4.4000000000000004
20
-6.0499999999999998
11
4.4000000000000004
21
-6.2000000000000002
0
LINE
8
GREEN3
6
CONTINUOUS
10
4.6000000000000005
20
-5.9000000000000004
11
4.4000000000000004
21
-5.9000000000000004
0
LINE
8
GREEN3
6
CONTINUOUS
10
4.4000000000000004
20
-6.2000000000000002
11
4.6000000000000005
21
-6.2000000000000002
0
LINE
8
GREEN3
6
CONTINUOUS
10
3.3500000000000001
20
-3.9000000000000004
11
3.3500000000000001
21
-4.0499999999999998
0
LINE
8
GREEN3
6
CONTINUOUS
10
3.3500000000000001
20
-3.5500000000000003
11
3.3500000000000001
21
-3.6000000000000001
0
LINE
8
GREEN3
6
CONTINUOUS
10
3.8000000000000003
20
-3.9000000000000004
11
3.8000000000000003
21
-4.0499999999999998
0
LINE
8
GREEN3
6
CONTINUOUS
10
3.3500000000000001
20
-4.0499999999999998
11
3.4500000000000002
21
-4.0499999999999998
0
LINE
8
GREEN3
6
CONTINUOUS
10
5.7000000000000002
20
-4.
11
6.8500000000000005
21
-4.
0
LINE
8
GREEN3
6
CONTINUOUS
10
6.6500000000000004
20
-3.8500000000000001
11
4.9000000000000004
21
-3.8500000000000001
0
LINE
8
GREEN3
6
CONTINUOUS
10
6.75
20
-3.9500000000000002
11
4.7000000000000002
21
-3.9500000000000002
0
LINE
8
GREEN3
6
CONTINUOUS
10
6.75
20
-3.8500000000000001
11
6.75
21
-3.9500000000000002
0
LINE
8
GREEN3
6
CONTINUOUS
10
5.9000000000000004
20
-4.1500000000000004
11
6.1500000000000004
21
-4.1500000000000004
0
LINE
8
GREEN3
6
CONTINUOUS
10
4.7999999999999998
20
-4.1500000000000004
11
4.7999999999999998
21
-3.2000000000000002
0
LINE
8
GREEN3
6
CONTINUOUS
10
5.9000000000000004
20
-2.5500000000000003
11
5.9000000000000004
21
-2.5
0
LINE
8
GREEN3
6
CONTINUOUS
10
5.25
20
-3.1499999999999999
11
5.25
21
-3.4500000000000002
0
LINE
8
GREEN3
6
CONTINUOUS
10
5.4000000000000004
20
-3.
11
5.4000000000000004
21
-4.1500000000000004
0
LINE
8
GREEN3
6
CONTINUOUS
10
5.2999999999999998
20
-3.0500000000000003
11
5.2999999999999998
21
-4.1500000000000004
0
LINE
8
GREEN3
6
CONTINUOUS
10
5.1000000000000005
20
-4.1500000000000004
11
5.1000000000000005
21
-3.3000000000000003
0
LINE
8
GREEN3
6
CONTINUOUS
10
5.25
20
-3.4500000000000002
11
5.2000000000000002
21
-3.4500000000000002
0
LINE
8
GREEN3
6
CONTINUOUS
10
4.9000000000000004
20
-3.8500000000000001
11
4.9000000000000004
21
-4.1500000000000004
0
LINE
8
GREEN3
6
CONTINUOUS
10
4.5
20
-4.1500000000000004
11
4.5
21
-4.
0
LINE
8
GREEN3
6
CONTINUOUS
10
4.7000000000000002
20
-3.9500000000000002
11
4.7000000000000002
21
-4.1500000000000004
0
LINE
8
GREEN3
6
CONTINUOUS
10
4.
20
-4.0499999999999998
11
5.6000000000000005
21
-4.0499999999999998
0
LINE
8
GREEN3
6
CONTINUOUS
10
5.2000000000000002
20
-3.4500000000000002
11
5.2000000000000002
21
-4.1500000000000004
0
LINE
8
GREEN3
6
CONTINUOUS
10
4.7999999999999998
20
-3.2000000000000002
11
5.
21
-3.2000000000000002
0
LINE
8
GREEN3
6
CONTINUOUS
10
4.5
20
-4.
11
5.7000000000000002
21
-4.
0
LINE
8
GREEN3
6
CONTINUOUS
10
5.6000000000000005
20
-4.1500000000000004
11
5.6000000000000005
21
-4.0499999999999998
0
LINE
8
GREEN3
6
CONTINUOUS
10
5.7000000000000002
20
-3.25
11
5.7000000000000002
21
-4.
0
LINE
8
GREEN3
6
CONTINUOUS
10
5.1000000000000005
20
-3.0500000000000003
11
5.1000000000000005
21
-3.25
0
LINE
8
GREEN3
6
CONTINUOUS
10
5.
20
-3.2000000000000002
11
5.
21
-3.0500000000000003
0
LINE
8
GREEN3
6
CONTINUOUS
10
5.1000000000000005
20
-3.25
11
5.
21
-3.25
0
LINE
8
GREEN3
6
CONTINUOUS
10
5.1000000000000005
20
-3.3000000000000003
11
5.2000000000000002
21
-3.3000000000000003
0
LINE
8
GREEN3
6
CONTINUOUS
10
5.7000000000000002
20
-6.0499999999999998
11
6.4500000000000002
21
-6.0499999999999998
0
LINE
8
GREEN3
6
CONTINUOUS
10
5.9000000000000004
20
-6.3500000000000005
11
6.4500000000000002
21
-6.3500000000000005
0
LINE
8
GREEN3
6
CONTINUOUS
10
5.7999999999999998
20
-6.2000000000000002
11
6.4500000000000002
21
-6.2000000000000002
0
LINE
8
GREEN3
6
CONTINUOUS
10
5.2000000000000002
20
-3.0500000000000003
11
5.2000000000000002
21
-3.3000000000000003
0
LINE
8
GREEN3
6
CONTINUOUS
10
5.2000000000000002
20
-2.0500000000000003
11
5.2000000000000002
21
-1.8
0
LINE
8
GREEN3
6
CONTINUOUS
10
5.2999999999999998
20
-1.9500000000000002
11
5.7999999999999998
21
-1.9500000000000002
0
LINE
8
GREEN3
6
CONTINUOUS
10
5.6000000000000005
20
-2.5500000000000003
11
5.9000000000000004
21
-2.5500000000000003
0
LINE
8
GREEN3
6
CONTINUOUS
10
5.6000000000000005
20
-5.9000000000000004
11
6.4500000000000002
21
-5.9000000000000004
0
LINE
8
GREEN3
6
CONTINUOUS
10
4.4000000000000004
20
-6.2000000000000002
11
4.4000000000000004
21
-6.3500000000000005
0
LINE
8
GREEN3
6
CONTINUOUS
10
4.4000000000000004
20
-6.3500000000000005
11
4.4000000000000004
21
-6.5
0
LINE
8
GREEN3
6
CONTINUOUS
10
4.4000000000000004
20
-6.3500000000000005
11
4.6000000000000005
21
-6.3500000000000005
0
LINE
8
GREEN3
6
CONTINUOUS
10
5.2999999999999998
20
-2.0500000000000003
11
5.2999999999999998
21
-1.9500000000000002
0
LINE
8
GREEN3
6
CONTINUOUS
10
5.4000000000000004
20
-6.0499999999999998
11
5.7000000000000002
21
-6.0499999999999998
0
LINE
8
GREEN3
6
CONTINUOUS
10
5.4000000000000004
20
-6.2000000000000002
11
5.7999999999999998
21
-6.2000000000000002
0
LINE
8
GREEN3
6
CONTINUOUS
10
5.4000000000000004
20
-6.3500000000000005
11
5.9000000000000004
21
-6.3500000000000005
0
LINE
8
GREEN3
6
CONTINUOUS
10
5.4000000000000004
20
-5.9000000000000004
11
5.6000000000000005
21
-5.9000000000000004
0
LINE
8
GREEN3
6
CONTINUOUS
10
4.75
20
-1.9000000000000001
11
4.7999999999999998
21
-1.9000000000000001
0
LINE
8
GREEN3
6
CONTINUOUS
10
5.1000000000000005
20
-2.0500000000000003
11
5.1000000000000005
21
-1.6500000000000001
0
LINE
8
GREEN3
6
CONTINUOUS
10
4.75
20
-1.3500000000000001
11
4.75
21
-1.9000000000000001
0
LINE
8
GREEN3
6
CONTINUOUS
10
4.9000000000000004
20
-6.3500000000000005
11
5.1000000000000005
21
-6.3500000000000005
0
LINE
8
GREEN3
6
CONTINUOUS
10
4.9000000000000004
20
-5.9000000000000004
11
5.1000000000000005
21
-5.9000000000000004
0
LINE
8
GREEN3
6
CONTINUOUS
10
4.9000000000000004
20
-6.2000000000000002
11
5.1000000000000005
21
-6.2000000000000002
0
LINE
8
GREEN3
6
CONTINUOUS
10
4.9000000000000004
20
-6.0499999999999998
11
5.1000000000000005
21
-6.0499999999999998
0
LINE
8
GREEN3
6
CONTINUOUS
10
5.
20
-2.0500000000000003
11
5.
21
-1.5
0
LINE
8
GREEN3
6
CONTINUOUS
10
4.7999999999999998
20
-1.9000000000000001
11
4.7999999999999998
21
-2.0500000000000003
0
LINE
8
GREEN3
6
CONTINUOUS
10
4.7000000000000002
20
-2.0500000000000003
11
4.7000000000000002
21
-1.9000000000000001
0
LINE
8
GREEN3
6
CONTINUOUS
10
5.7999999999999998
20
-6.2000000000000002
11
5.7999999999999998
21
-5.5499999999999998
0
LINE
8
GREEN3
6
CONTINUOUS
10
5.7000000000000002
20
-6.0499999999999998
11
5.7000000000000002
21
-5.5499999999999998
0
LINE
8
GREEN3
6
CONTINUOUS
10
5.9000000000000004
20
-6.3500000000000005
11
5.9000000000000004
21
-5.5499999999999998
0
LINE
8
GREEN3
6
CONTINUOUS
10
4.7000000000000002
20
-1.9000000000000001
11
4.75
21
-1.9000000000000001
0
LINE
8
GREEN3
6
CONTINUOUS
10
5.6000000000000005
20
-5.9000000000000004
11
5.6000000000000005
21
-5.5499999999999998
0
LINE
8
GREEN3
6
CONTINUOUS
10
5.8500000000000005
20
-1.25
11
4.4500000000000002
21
-1.25
0
LINE
8
GREEN3
6
CONTINUOUS
10
5.8500000000000005
20
-0.8
11
4.1000000000000005
21
-0.8
0
LINE
8
GREEN3
6
CONTINUOUS
10
6.9500000000000002
20
-4.
11
6.8500000000000005
21
-4.
0
LINE
8
GREEN3
6
CONTINUOUS
10
5.
20
-3.25
11
5.
21
-4.1500000000000004
0
LINE
8
GREEN3
6
CONTINUOUS
10
4.2999999999999998
20
-1.05
11
5.8500000000000005
21
-1.05
0
LINE
8
GREEN3
6
CONTINUOUS
10
3.8000000000000003
20
-2.5500000000000003
11
3.6500000000000004
21
-2.5500000000000003
0
LINE
8
GREEN3
6
CONTINUOUS
10
6.6500000000000004
20
-3.25
11
5.7000000000000002
21
-3.25
0
LINE
8
GREEN3
6
CONTINUOUS
10
6.9500000000000002
20
-3.
11
6.9500000000000002
21
-3.25
0
LINE
8
GREEN3
6
CONTINUOUS
10
6.8500000000000005
20
-3.1499999999999999
11
5.25
21
-3.1499999999999999
0
LINE
8
GREEN3
6
CONTINUOUS
10
6.6500000000000004
20
-3.25
11
6.75
21
-3.25
0
LINE
8
GREEN3
6
CONTINUOUS
10
6.8500000000000005
20
-3.25
11
6.8500000000000005
21
-3.1499999999999999
0
LINE
8
GREEN3
6
CONTINUOUS
10
6.9500000000000002
20
-3.
11
5.4000000000000004
21
-3.
0
LINE
8
GREEN3
6
CONTINUOUS
10
6.9500000000000002
20
-4.
11
6.9500000000000002
21
-4.1000000000000005
0
LINE
8
GREEN3
6
CONTINUOUS
10
6.9500000000000002
20
-3.8500000000000001
11
6.9500000000000002
21
-4.
0
LINE
8
GREEN3
6
CONTINUOUS
10
4.4000000000000004
20
-2.0500000000000003
11
4.4000000000000004
21
-1.9000000000000001
0
LINE
8
GREEN3
6
CONTINUOUS
10
4.4000000000000004
20
-1.9000000000000001
11
4.4500000000000002
21
-1.9000000000000001
0
LINE
8
GREEN3
6
CONTINUOUS
10
3.6500000000000004
20
-2.5500000000000003
11
3.6500000000000004
21
-2.6000000000000001
0
LINE
8
GREEN3
6
CONTINUOUS
10
6.1500000000000004
20
-4.2999999999999998
11
6.3500000000000005
21
-4.2999999999999998
0
LINE
8
GREEN3
6
CONTINUOUS
10
6.1500000000000004
20
-4.1500000000000004
11
6.1500000000000004
21
-4.2999999999999998
0
LINE
8
GREEN3
6
CONTINUOUS
10
5.7000000000000002
20
-4.1500000000000004
11
5.7000000000000002
21
-4.
0
LINE
8
GREEN3
6
CONTINUOUS
10
6.3500000000000005
20
-4.2999999999999998
11
6.3500000000000005
21
-4.25
0
LINE
8
GREEN3
6
CONTINUOUS
10
6.8500000000000005
20
-4.
11
6.8500000000000005
21
-3.8500000000000001
0
LINE
8
CYAN2
6
CONTINUOUS
10
3.9662795275590552
20
-3.7852952755905513
11
3.9662795275590552
21
-3.7352952755905515
0
LINE
8
CYAN2
6
CONTINUOUS
10
3.9662795275590552
20
-3.7352952755905515
11
3.9781850393700791
21
-3.7352952755905515
0
LINE
8
CYAN2
6
CONTINUOUS
10
3.9781850393700791
20
-3.7352952755905515
11
3.9853267716535434
21
-3.7376771653543308
0
LINE
8
CYAN2
6
CONTINUOUS
10
3.9853267716535434
20
-3.7376771653543308
11
3.9900905511811025
21
-3.7424409448818898
0
LINE
8
CYAN2
6
CONTINUOUS
10
3.9900905511811025
20
-3.7424409448818898
11
3.9924724409448822
21
-3.7472007874015749
0
LINE
8
CYAN2
6
CONTINUOUS
10
3.9924724409448822
20
-3.7472007874015749
11
3.9948503937007875
21
-3.756724409448819
0
LINE
8
CYAN2
6
CONTINUOUS
10
3.9948503937007875
20
-3.756724409448819
11
3.9948503937007875
21
-3.7638661417322834
0
LINE
8
CYAN2
6
CONTINUOUS
10
3.9948503937007875
20
-3.7638661417322834
11
3.9924724409448822
21
-3.7733897637795275
0
LINE
8
CYAN2
6
CONTINUOUS
10
3.9924724409448822
20
-3.7733897637795275
11
3.9900905511811025
21
-3.778153543307087
0
LINE
8
CYAN2
6
CONTINUOUS
10
3.9900905511811025
20
-3.778153543307087
11
3.9853267716535434
21
-3.782917322834646
0
LINE
8
CYAN2
6
CONTINUOUS
10
3.9853267716535434
20
-3.782917322834646
11
3.9781850393700791
21
-3.7852952755905513
0
LINE
8
CYAN2
6
CONTINUOUS
10
3.9781850393700791
20
-3.7852952755905513
11
3.9662795275590552
21
-3.7852952755905513
0
LINE
8
CYAN2
6
CONTINUOUS
10
4.037708661417323
20
-3.7519645669291339
11
4.037708661417323
21
-3.7852952755905513
0
LINE
8
CYAN2
6
CONTINUOUS
10
4.0258031496062996
20
-3.7329173228346457
11
4.0139015748031497
21
-3.7686299212598429
0
LINE
8
CYAN2
6
CONTINUOUS
10
4.0139015748031497
20
-3.7686299212598429
11
4.0448503937007878
21
-3.7686299212598429
0
LINE
8
CYAN2
6
CONTINUOUS
10
4.0900905511811025
20
-3.7852952755905513
11
4.0615196850393707
21
-3.7852952755905513
0
LINE
8
CYAN2
6
CONTINUOUS
10
4.0758031496062994
20
-3.7852952755905513
11
4.0758031496062994
21
-3.7352952755905515
0
LINE
8
CYAN2
6
CONTINUOUS
10
4.0758031496062994
20
-3.7352952755905515
11
4.0710433070866143
21
-3.7424409448818898
0
LINE
8
CYAN2
6
CONTINUOUS
10
4.0710433070866143
20
-3.7424409448818898
11
4.0662795275590549
21
-3.7472007874015749
0
LINE
8
CYAN2
6
CONTINUOUS
10
4.0662795275590549
20
-3.7472007874015749
11
4.0615196850393707
21
-3.7495826771653546
0
LINE
8
CYAN2
6
CONTINUOUS
10
3.9948503937007875
20
-3.8852952755905514
11
3.9781850393700791
21
-3.8614881889763781
0
LINE
8
CYAN2
6
CONTINUOUS
10
3.9662795275590552
20
-3.8852952755905514
11
3.9662795275590552
21
-3.8352952755905512
0
LINE
8
CYAN2
6
CONTINUOUS
10
3.9662795275590552
20
-3.8352952755905512
11
3.9853267716535434
21
-3.8352952755905512
0
LINE
8
CYAN2
6
CONTINUOUS
10
3.9853267716535434
20
-3.8352952755905512
11
3.9900905511811025
21
-3.8376771653543309
0
LINE
8
CYAN2
6
CONTINUOUS
10
3.9900905511811025
20
-3.8376771653543309
11
3.9924724409448822
21
-3.8400590551181102
0
LINE
8
CYAN2
6
CONTINUOUS
10
3.9924724409448822
20
-3.8400590551181102
11
3.9948503937007875
21
-3.8448188976377953
0
LINE
8
CYAN2
6
CONTINUOUS
10
3.9948503937007875
20
-3.8448188976377953
11
3.9948503937007875
21
-3.851964566929134
0
LINE
8
CYAN2
6
CONTINUOUS
10
3.9948503937007875
20
-3.851964566929134
11
3.9924724409448822
21
-3.8567244094488191
0
LINE
8
CYAN2
6
CONTINUOUS
10
3.9924724409448822
20
-3.8567244094488191
11
3.9900905511811025
21
-3.8591062992125984
0
LINE
8
CYAN2
6
CONTINUOUS
10
3.9900905511811025
20
-3.8591062992125984
11
3.9853267716535434
21
-3.8614881889763781
0
LINE
8
CYAN2
6
CONTINUOUS
10
3.9853267716535434
20
-3.8614881889763781
11
3.9662795275590552
21
-3.8614881889763781
0
LINE
8
CYAN2
6
CONTINUOUS
10
4.016279527559055
20
-3.8591062992125984
11
4.0329488188976379
21
-3.8591062992125984
0
LINE
8
CYAN2
6
CONTINUOUS
10
4.0400905511811027
20
-3.8852952755905514
11
4.016279527559055
21
-3.8852952755905514
0
LINE
8
CYAN2
6
CONTINUOUS
10
4.016279527559055
20
-3.8852952755905514
11
4.016279527559055
21
-3.8352952755905512
0
LINE
8
CYAN2
6
CONTINUOUS
10
4.016279527559055
20
-3.8352952755905512
11
4.0400905511811027
21
-3.8352952755905512
0
LINE
8
CYAN2
6
CONTINUOUS
10
4.0615157480314963
20
-3.8852952755905514
11
4.0615157480314963
21
-3.8352952755905512
0
LINE
8
CYAN2
6
CONTINUOUS
10
4.0615157480314963
20
-3.8352952755905512
11
4.0734212598425197
21
-3.8352952755905512
0
LINE
8
CYAN2
6
CONTINUOUS
10
4.0734212598425197
20
-3.8352952755905512
11
4.0805629921259845
21
-3.8376771653543309
0
LINE
8
CYAN2
6
CONTINUOUS
10
4.0805629921259845
20
-3.8376771653543309
11
4.0853267716535431
21
-3.8424409448818899
0
LINE
8
CYAN2
6
CONTINUOUS
10
4.0853267716535431
20
-3.8424409448818899
11
4.0877086614173228
21
-3.847200787401575
0
LINE
8
CYAN2
6
CONTINUOUS
10
4.0877086614173228
20
-3.847200787401575
11
4.0900866141732282
21
-3.8567244094488191
0
LINE
8
CYAN2
6
CONTINUOUS
10
4.0900866141732282
20
-3.8567244094488191
11
4.0900866141732282
21
-3.8638661417322835
0
LINE
8
CYAN2
6
CONTINUOUS
10
4.0900866141732282
20
-3.8638661417322835
11
4.0877086614173228
21
-3.8733897637795276
0
LINE
8
CYAN2
6
CONTINUOUS
10
4.0877086614173228
20
-3.8733897637795276
11
4.0853267716535431
21
-3.8781535433070866
0
LINE
8
CYAN2
6
CONTINUOUS
10
4.0853267716535431
20
-3.8781535433070866
11
4.0805629921259845
21
-3.8829173228346456
0
LINE
8
CYAN2
6
CONTINUOUS
10
4.0805629921259845
20
-3.8829173228346456
11
4.0734212598425197
21
-3.8852952755905514
0
LINE
8
CYAN2
6
CONTINUOUS
10
4.0734212598425197
20
-3.8852952755905514
11
4.0615157480314963
21
-3.8852952755905514
0
LINE
8
RED2
6
CONTINUOUS
10
3.8000000000000003
20
-3.8000000000000003
11
3.8000000000000003
21
-3.9000000000000004
0
LINE
8
RED2
6
CONTINUOUS
10
3.8000000000000003
20
-3.7000000000000002
11
3.8000000000000003
21
-3.6000000000000001
0
LINE
8
CYAN2
6
CONTINUOUS
10
3.516279527559055
20
-3.7852952755905513
11
3.516279527559055
21
-3.7352952755905515
0
LINE
8
CYAN2
6
CONTINUOUS
10
3.516279527559055
20
-3.7352952755905515
11
3.5281850393700789
21
-3.7352952755905515
0
LINE
8
CYAN2
6
CONTINUOUS
10
3.5281850393700789
20
-3.7352952755905515
11
3.5353267716535433
21
-3.7376771653543308
0
LINE
8
CYAN2
6
CONTINUOUS
10
3.5353267716535433
20
-3.7376771653543308
11
3.5400905511811023
21
-3.7424409448818898
0
LINE
8
CYAN2
6
CONTINUOUS
10
3.5400905511811023
20
-3.7424409448818898
11
3.542472440944882
21
-3.7472007874015749
0
LINE
8
CYAN2
6
CONTINUOUS
10
3.542472440944882
20
-3.7472007874015749
11
3.5448503937007874
21
-3.756724409448819
0
LINE
8
CYAN2
6
CONTINUOUS
10
3.5448503937007874
20
-3.756724409448819
11
3.5448503937007874
21
-3.7638661417322834
0
LINE
8
CYAN2
6
CONTINUOUS
10
3.5448503937007874
20
-3.7638661417322834
11
3.542472440944882
21
-3.7733897637795275
0
LINE
8
CYAN2
6
CONTINUOUS
10
3.542472440944882
20
-3.7733897637795275
11
3.5400905511811023
21
-3.778153543307087
0
LINE
8
CYAN2
6
CONTINUOUS
10
3.5400905511811023
20
-3.778153543307087
11
3.5353267716535433
21
-3.782917322834646
0
LINE
8
CYAN2
6
CONTINUOUS
10
3.5353267716535433
20
-3.782917322834646
11
3.5281850393700789
21
-3.7852952755905513
0
LINE
8
CYAN2
6
CONTINUOUS
10
3.5281850393700789
20
-3.7852952755905513
11
3.516279527559055
21
-3.7852952755905513
0
LINE
8
CYAN2
6
CONTINUOUS
10
3.5877086614173228
20
-3.7519645669291339
11
3.5877086614173228
21
-3.7852952755905513
0
LINE
8
CYAN2
6
CONTINUOUS
10
3.5758031496062994
20
-3.7329173228346457
11
3.56390157480315
21
-3.7686299212598429
0
LINE
8
CYAN2
6
CONTINUOUS
10
3.56390157480315
20
-3.7686299212598429
11
3.5948503937007876
21
-3.7686299212598429
0
LINE
8
CYAN2
6
CONTINUOUS
10
3.6234212598425199
20
-3.7352952755905515
11
3.628185039370079
21
-3.7352952755905515
0
LINE
8
CYAN2
6
CONTINUOUS
10
3.628185039370079
20
-3.7352952755905515
11
3.6329448818897641
21
-3.7376771653543308
0
LINE
8
CYAN2
6
CONTINUOUS
10
3.6329448818897641
20
-3.7376771653543308
11
3.6353267716535433
21
-3.7400590551181105
0
LINE
8
CYAN2
6
CONTINUOUS
10
3.6353267716535433
20
-3.7400590551181105
11
3.6377086614173231
21
-3.7448188976377956
0
LINE
8
CYAN2
6
CONTINUOUS
10
3.6377086614173231
20
-3.7448188976377956
11
3.6400905511811024
21
-3.7543425196850393
0
LINE
8
CYAN2
6
CONTINUOUS
10
3.6400905511811024
20
-3.7543425196850393
11
3.6400905511811024
21
-3.7662480314960631
0
LINE
8
CYAN2
6
CONTINUOUS
10
3.6400905511811024
20
-3.7662480314960631
11
3.6377086614173231
21
-3.7757716535433072
0
LINE
8
CYAN2
6
CONTINUOUS
10
3.6377086614173231
20
-3.7757716535433072
11
3.6353267716535433
21
-3.7805354330708663
0
LINE
8
CYAN2
6
CONTINUOUS
10
3.6353267716535433
20
-3.7805354330708663
11
3.6329448818897641
21
-3.782917322834646
0
LINE
8
CYAN2
6
CONTINUOUS
10
3.6329448818897641
20
-3.782917322834646
11
3.628185039370079
21
-3.7852952755905513
0
LINE
8
CYAN2
6
CONTINUOUS
10
3.628185039370079
20
-3.7852952755905513
11
3.6234212598425199
21
-3.7852952755905513
0
LINE
8
CYAN2
6
CONTINUOUS
10
3.6234212598425199
20
-3.7852952755905513
11
3.6186614173228349
21
-3.782917322834646
0
LINE
8
CYAN2
6
CONTINUOUS
10
3.6186614173228349
20
-3.782917322834646
11
3.6162795275590551
21
-3.7805354330708663
0
LINE
8
CYAN2
6
CONTINUOUS
10
3.6162795275590551
20
-3.7805354330708663
11
3.6138976377952758
21
-3.7757716535433072
0
LINE
8
CYAN2
6
CONTINUOUS
10
3.6138976377952758
20
-3.7757716535433072
11
3.61151968503937
21
-3.7662480314960631
0
LINE
8
CYAN2
6
CONTINUOUS
10
3.61151968503937
20
-3.7662480314960631
11
3.61151968503937
21
-3.7543425196850393
0
LINE
8
CYAN2
6
CONTINUOUS
10
3.61151968503937
20
-3.7543425196850393
11
3.6138976377952758
21
-3.7448188976377956
0
LINE
8
CYAN2
6
CONTINUOUS
10
3.6138976377952758
20
-3.7448188976377956
11
3.6162795275590551
21
-3.7400590551181105
0
LINE
8
CYAN2
6
CONTINUOUS
10
3.6162795275590551
20
-3.7400590551181105
11
3.6186614173228349
21
-3.7376771653543308
0
LINE
8
CYAN2
6
CONTINUOUS
10
3.6186614173228349
20
-3.7376771653543308
11
3.6234212598425199
21
-3.7352952755905515
0
LINE
8
CYAN2
6
CONTINUOUS
10
3.542472440944882
20
-3.8376771653543309
11
3.537708661417323
21
-3.8352952755905512
0
LINE
8
CYAN2
6
CONTINUOUS
10
3.537708661417323
20
-3.8352952755905512
11
3.5305669291338586
21
-3.8352952755905512
0
LINE
8
CYAN2
6
CONTINUOUS
10
3.5305669291338586
20
-3.8352952755905512
11
3.5234251968503938
21
-3.8376771653543309
0
LINE
8
CYAN2
6
CONTINUOUS
10
3.5234251968503938
20
-3.8376771653543309
11
3.5186614173228348
21
-3.8424409448818899
0
LINE
8
CYAN2
6
CONTINUOUS
10
3.5186614173228348
20
-3.8424409448818899
11
3.516279527559055
21
-3.847200787401575
0
LINE
8
CYAN2
6
CONTINUOUS
10
3.516279527559055
20
-3.847200787401575
11
3.5139015748031497
21
-3.8567244094488191
0
LINE
8
CYAN2
6
CONTINUOUS
10
3.5139015748031497
20
-3.8567244094488191
11
3.5139015748031497
21
-3.8638661417322835
0
LINE
8
CYAN2
6
CONTINUOUS
10
3.5139015748031497
20
-3.8638661417322835
11
3.516279527559055
21
-3.8733897637795276
0
LINE
8
CYAN2
6
CONTINUOUS
10
3.516279527559055
20
-3.8733897637795276
11
3.5186614173228348
21
-3.8781535433070866
0
LINE
8
CYAN2
6
CONTINUOUS
10
3.5186614173228348
20
-3.8781535433070866
11
3.5234251968503938
21
-3.8829173228346456
0
LINE
8
CYAN2
6
CONTINUOUS
10
3.5234251968503938
20
-3.8829173228346456
11
3.5305669291338586
21
-3.8852952755905514
0
LINE
8
CYAN2
6
CONTINUOUS
10
3.5305669291338586
20
-3.8852952755905514
11
3.5353267716535433
21
-3.8852952755905514
0
LINE
8
CYAN2
6
CONTINUOUS
10
3.5353267716535433
20
-3.8852952755905514
11
3.542472440944882
21
-3.8829173228346456
0
LINE
8
CYAN2
6
CONTINUOUS
10
3.542472440944882
20
-3.8829173228346456
11
3.5448503937007874
21
-3.8805354330708663
0
LINE
8
CYAN2
6
CONTINUOUS
10
3.5448503937007874
20
-3.8805354330708663
11
3.5448503937007874
21
-3.8638661417322835
0
LINE
8
CYAN2
6
CONTINUOUS
10
3.5448503937007874
20
-3.8638661417322835
11
3.5353267716535433
21
-3.8638661417322835
0
LINE
8
CYAN2
6
CONTINUOUS
10
3.5948503937007876
20
-3.8852952755905514
11
3.5781850393700787
21
-3.8614881889763781
0
LINE
8
CYAN2
6
CONTINUOUS
10
3.5662795275590553
20
-3.8852952755905514
11
3.5662795275590553
21
-3.8352952755905512
0
LINE
8
CYAN2
6
CONTINUOUS
10
3.5662795275590553
20
-3.8352952755905512
11
3.5853267716535435
21
-3.8352952755905512
0
LINE
8
CYAN2
6
CONTINUOUS
10
3.5853267716535435
20
-3.8352952755905512
11
3.5900905511811025
21
-3.8376771653543309
0
LINE
8
CYAN2
6
CONTINUOUS
10
3.5900905511811025
20
-3.8376771653543309
11
3.5924724409448818
21
-3.8400590551181102
0
LINE
8
CYAN2
6
CONTINUOUS
10
3.5924724409448818
20
-3.8400590551181102
11
3.5948503937007876
21
-3.8448188976377953
0
LINE
8
CYAN2
6
CONTINUOUS
10
3.5948503937007876
20
-3.8448188976377953
11
3.5948503937007876
21
-3.851964566929134
0
LINE
8
CYAN2
6
CONTINUOUS
10
3.5948503937007876
20
-3.851964566929134
11
3.5924724409448818
21
-3.8567244094488191
0
LINE
8
CYAN2
6
CONTINUOUS
10
3.5924724409448818
20
-3.8567244094488191
11
3.5900905511811025
21
-3.8591062992125984
0
LINE
8
CYAN2
6
CONTINUOUS
10
3.5900905511811025
20
-3.8591062992125984
11
3.5853267716535435
21
-3.8614881889763781
0
LINE
8
CYAN2
6
CONTINUOUS
10
3.5853267716535435
20
-3.8614881889763781
11
3.5662795275590553
21
-3.8614881889763781
0
LINE
8
CYAN2
6
CONTINUOUS
10
3.6162795275590551
20
-3.8591062992125984
11
3.632948818897638
21
-3.8591062992125984
0
LINE
8
CYAN2
6
CONTINUOUS
10
3.6400905511811024
20
-3.8852952755905514
11
3.6162795275590551
21
-3.8852952755905514
0
LINE
8
CYAN2
6
CONTINUOUS
10
3.6162795275590551
20
-3.8852952755905514
11
3.6162795275590551
21
-3.8352952755905512
0
LINE
8
CYAN2
6
CONTINUOUS
10
3.6162795275590551
20
-3.8352952755905512
11
3.6400905511811024
21
-3.8352952755905512
0
LINE
8
CYAN2
6
CONTINUOUS
10
3.6615157480314964
20
-3.8591062992125984
11
3.6781850393700788
21
-3.8591062992125984
0
LINE
8
CYAN2
6
CONTINUOUS
10
3.6853267716535436
20
-3.8852952755905514
11
3.6615157480314964
21
-3.8852952755905514
0
LINE
8
CYAN2
6
CONTINUOUS
10
3.6615157480314964
20
-3.8852952755905514
11
3.6615157480314964
21
-3.8352952755905512
0
LINE
8
CYAN2
6
CONTINUOUS
10
3.6615157480314964
20
-3.8352952755905512
11
3.6853267716535436
21
-3.8352952755905512
0
LINE
8
CYAN2
6
CONTINUOUS
10
3.7067519685039372
20
-3.8852952755905514
11
3.7067519685039372
21
-3.8352952755905512
0
LINE
8
CYAN2
6
CONTINUOUS
10
3.7067519685039372
20
-3.8352952755905512
11
3.7353228346456695
21
-3.8852952755905514
0
LINE
8
CYAN2
6
CONTINUOUS
10
3.7353228346456695
20
-3.8852952755905514
11
3.7353228346456695
21
-3.8352952755905512
0
LINE
8
RED2
6
CONTINUOUS
10
3.3500000000000001
20
-3.8000000000000003
11
3.3500000000000001
21
-3.9000000000000004
0
LINE
8
RED2
6
CONTINUOUS
10
3.3500000000000001
20
-3.7000000000000002
11
3.3500000000000001
21
-3.6000000000000001
0
LINE
8
CYAN2
6
CONTINUOUS
10
5.2992834645669289
20
-6.1528031496062994
11
5.2992834645669289
21
-6.1028031496062995
0
LINE
8
CYAN2
6
CONTINUOUS
10
5.2992834645669289
20
-6.1028031496062995
11
5.3111889763779532
21
-6.1028031496062995
0
LINE
8
CYAN2
6
CONTINUOUS
10
5.3111889763779532
20
-6.1028031496062995
11
5.3183307086614171
21
-6.1051850393700793
0
LINE
8
CYAN2
6
CONTINUOUS
10
5.3183307086614171
20
-6.1051850393700793
11
5.3230944881889766
21
-6.1099488188976379
0
LINE
8
CYAN2
6
CONTINUOUS
10
5.3230944881889766
20
-6.1099488188976379
11
5.3254763779527563
21
-6.1147086614173229
0
LINE
8
CYAN2
6
CONTINUOUS
10
5.3254763779527563
20
-6.1147086614173229
11
5.3278543307086617
21
-6.1242322834645675
0
LINE
8
CYAN2
6
CONTINUOUS
10
5.3278543307086617
20
-6.1242322834645675
11
5.3278543307086617
21
-6.1313740157480314
0
LINE
8
CYAN2
6
CONTINUOUS
10
5.3278543307086617
20
-6.1313740157480314
11
5.3254763779527563
21
-6.140897637795276
0
LINE
8
CYAN2
6
CONTINUOUS
10
5.3254763779527563
20
-6.140897637795276
11
5.3230944881889766
21
-6.1456614173228346
0
LINE
8
CYAN2
6
CONTINUOUS
10
5.3230944881889766
20
-6.1456614173228346
11
5.3183307086614171
21
-6.150425196850394
0
LINE
8
CYAN2
6
CONTINUOUS
10
5.3183307086614171
20
-6.150425196850394
11
5.3111889763779532
21
-6.1528031496062994
0
LINE
8
CYAN2
6
CONTINUOUS
10
5.3111889763779532
20
-6.1528031496062994
11
5.2992834645669289
21
-6.1528031496062994
0
LINE
8
CYAN2
6
CONTINUOUS
10
5.3707125984251967
20
-6.1194724409448824
11
5.3707125984251967
21
-6.1528031496062994
0
LINE
8
CYAN2
6
CONTINUOUS
10
5.3588070866141733
20
-6.1004251968503942
11
5.3469055118110242
21
-6.1361377952755909
0
LINE
8
CYAN2
6
CONTINUOUS
10
5.3469055118110242
20
-6.1361377952755909
11
5.3778543307086615
21
-6.1361377952755909
0
LINE
8
CYAN2
6
CONTINUOUS
10
5.4183307086614176
20
-6.1194724409448824
11
5.4183307086614176
21
-6.1528031496062994
0
LINE
8
CYAN2
6
CONTINUOUS
10
5.4064251968503942
20
-6.1004251968503942
11
5.3945236220472443
21
-6.1361377952755909
0
LINE
8
CYAN2
6
CONTINUOUS
10
5.3945236220472443
20
-6.1361377952755909
11
5.4254724409448825
21
-6.1361377952755909
0
LINE
8
CYAN2
6
CONTINUOUS
10
5.1021417322834646
20
-6.2689960629921266
11
5.1021417322834646
21
-6.2928031496062991
0
LINE
8
CYAN2
6
CONTINUOUS
10
5.0854763779527561
20
-6.2428031496062992
11
5.1021417322834646
21
-6.2689960629921266
0
LINE
8
CYAN2
6
CONTINUOUS
10
5.1021417322834646
20
-6.2689960629921266
11
5.1188110236220474
21
-6.2428031496062992
0
LINE
8
CYAN2
6
CONTINUOUS
10
5.1354763779527559
20
-6.2666141732283469
11
5.1521456692913388
21
-6.2666141732283469
0
LINE
8
CYAN2
6
CONTINUOUS
10
5.1592874015748036
20
-6.2928031496062991
11
5.1354763779527559
21
-6.2928031496062991
0
LINE
8
CYAN2
6
CONTINUOUS
10
5.1354763779527559
20
-6.2928031496062991
11
5.1354763779527559
21
-6.2428031496062992
0
LINE
8
CYAN2
6
CONTINUOUS
10
5.1354763779527559
20
-6.2428031496062992
11
5.1592874015748036
21
-6.2428031496062992
0
LINE
8
CYAN2
6
CONTINUOUS
10
5.2045236220472439
20
-6.2928031496062991
11
5.1807125984251972
21
-6.2928031496062991
0
LINE
8
CYAN2
6
CONTINUOUS
10
5.1807125984251972
20
-6.2928031496062991
11
5.1807125984251972
21
-6.2428031496062992
0
LINE
8
CYAN2
6
CONTINUOUS
10
5.2450000000000001
20
-6.2928031496062991
11
5.2211889763779533
21
-6.2928031496062991
0
LINE
8
CYAN2
6
CONTINUOUS
10
5.2211889763779533
20
-6.2928031496062991
11
5.2211889763779533
21
-6.2428031496062992
0
LINE
8
CYAN2
6
CONTINUOUS
10
5.2711889763779531
20
-6.2428031496062992
11
5.2807125984251968
21
-6.2428031496062992
0
LINE
8
CYAN2
6
CONTINUOUS
10
5.2807125984251968
20
-6.2428031496062992
11
5.2854763779527563
21
-6.245185039370079
0
LINE
8
CYAN2
6
CONTINUOUS
10
5.2854763779527563
20
-6.245185039370079
11
5.2902362204724414
21
-6.2499488188976384
0
LINE
8
CYAN2
6
CONTINUOUS
10
5.2902362204724414
20
-6.2499488188976384
11
5.2926181102362211
21
-6.2594724409448821
0
LINE
8
CYAN2
6
CONTINUOUS
10
5.2926181102362211
20
-6.2594724409448821
11
5.2926181102362211
21
-6.2761377952755906
0
LINE
8
CYAN2
6
CONTINUOUS
10
5.2926181102362211
20
-6.2761377952755906
11
5.2902362204724414
21
-6.2856614173228351
0
LINE
8
CYAN2
6
CONTINUOUS
10
5.2902362204724414
20
-6.2856614173228351
11
5.2854763779527563
21
-6.2904251968503937
0
LINE
8
CYAN2
6
CONTINUOUS
10
5.2854763779527563
20
-6.2904251968503937
11
5.2807125984251968
21
-6.2928031496062991
0
LINE
8
CYAN2
6
CONTINUOUS
10
5.2807125984251968
20
-6.2928031496062991
11
5.2711889763779531
21
-6.2928031496062991
0
LINE
8
CYAN2
6
CONTINUOUS
10
5.2711889763779531
20
-6.2928031496062991
11
5.2664291338582681
21
-6.2904251968503937
0
LINE
8
CYAN2
6
CONTINUOUS
10
5.2664291338582681
20
-6.2904251968503937
11
5.2616653543307086
21
-6.2856614173228351
0
LINE
8
CYAN2
6
CONTINUOUS
10
5.2616653543307086
20
-6.2856614173228351
11
5.2592874015748032
21
-6.2761377952755906
0
LINE
8
CYAN2
6
CONTINUOUS
10
5.2592874015748032
20
-6.2761377952755906
11
5.2592874015748032
21
-6.2594724409448821
0
LINE
8
CYAN2
6
CONTINUOUS
10
5.2592874015748032
20
-6.2594724409448821
11
5.2616653543307086
21
-6.2499488188976384
0
LINE
8
CYAN2
6
CONTINUOUS
10
5.2616653543307086
20
-6.2499488188976384
11
5.2664291338582681
21
-6.245185039370079
0
LINE
8
CYAN2
6
CONTINUOUS
10
5.2664291338582681
20
-6.245185039370079
11
5.2711889763779531
21
-6.2428031496062992
0
LINE
8
CYAN2
6
CONTINUOUS
10
5.3092874015748031
20
-6.2428031496062992
11
5.3211929133858273
21
-6.2928031496062991
0
LINE
8
CYAN2
6
CONTINUOUS
10
5.3211929133858273
20
-6.2928031496062991
11
5.330716535433071
21
-6.2570905511811024
0
LINE
8
CYAN2
6
CONTINUOUS
10
5.330716535433071
20
-6.2570905511811024
11
5.3402401574803156
21
-6.2928031496062991
0
LINE
8
CYAN2
6
CONTINUOUS
10
5.3402401574803156
20
-6.2928031496062991
11
5.3521456692913389
21
-6.2428031496062992
0
LINE
8
RED2
6
CONTINUOUS
10
5.2000000000000002
20
-6.2000000000000002
11
5.1000000000000005
21
-6.2000000000000002
0
LINE
8
RED2
6
CONTINUOUS
10
5.2999999999999998
20
-6.2000000000000002
11
5.4000000000000004
21
-6.2000000000000002
0
LINE
8
CYAN2
6
CONTINUOUS
10
5.3092834645669296
20
-6.0128031496062997
11
5.3092834645669296
21
-5.9628031496062999
0
LINE
8
CYAN2
6
CONTINUOUS
10
5.3092834645669296
20
-5.9628031496062999
11
5.321188976377953
21
-5.9628031496062999
0
LINE
8
CYAN2
6
CONTINUOUS
10
5.321188976377953
20
-5.9628031496062999
11
5.3283307086614178
21
-5.9651850393700787
0
LINE
8
CYAN2
6
CONTINUOUS
10
5.3283307086614178
20
-5.9651850393700787
11
5.3330944881889764
21
-5.9699488188976382
0
LINE
8
CYAN2
6
CONTINUOUS
10
5.3330944881889764
20
-5.9699488188976382
11
5.3354763779527561
21
-5.9747086614173233
0
LINE
8
CYAN2
6
CONTINUOUS
10
5.3354763779527561
20
-5.9747086614173233
11
5.3378543307086614
21
-5.9842322834645669
0
LINE
8
CYAN2
6
CONTINUOUS
10
5.3378543307086614
20
-5.9842322834645669
11
5.3378543307086614
21
-5.9913740157480317
0
LINE
8
CYAN2
6
CONTINUOUS
10
5.3378543307086614
20
-5.9913740157480317
11
5.3354763779527561
21
-6.0008976377952754
0
LINE
8
CYAN2
6
CONTINUOUS
10
5.3354763779527561
20
-6.0008976377952754
11
5.3330944881889764
21
-6.0056614173228349
0
LINE
8
CYAN2
6
CONTINUOUS
10
5.3330944881889764
20
-6.0056614173228349
11
5.3283307086614178
21
-6.0104251968503943
0
LINE
8
CYAN2
6
CONTINUOUS
10
5.3283307086614178
20
-6.0104251968503943
11
5.321188976377953
21
-6.0128031496062997
0
LINE
8
CYAN2
6
CONTINUOUS
10
5.321188976377953
20
-6.0128031496062997
11
5.3092834645669296
21
-6.0128031496062997
0
LINE
8
CYAN2
6
CONTINUOUS
10
5.3807125984251973
20
-5.9794724409448818
11
5.3807125984251973
21
-6.0128031496062997
0
LINE
8
CYAN2
6
CONTINUOUS
10
5.3688070866141731
20
-5.9604251968503936
11
5.356905511811024
21
-5.9961377952755912
0
LINE
8
CYAN2
6
CONTINUOUS
10
5.356905511811024
20
-5.9961377952755912
11
5.3878543307086613
21
-5.9961377952755912
0
LINE
8
CYAN2
6
CONTINUOUS
10
5.4021417322834644
20
-5.9628031496062999
11
5.4330944881889769
21
-5.9628031496062999
0
LINE
8
CYAN2
6
CONTINUOUS
10
5.4330944881889769
20
-5.9628031496062999
11
5.416425196850394
21
-5.9818503937007872
0
LINE
8
CYAN2
6
CONTINUOUS
10
5.416425196850394
20
-5.9818503937007872
11
5.4235708661417323
21
-5.9818503937007872
0
LINE
8
CYAN2
6
CONTINUOUS
10
5.4235708661417323
20
-5.9818503937007872
11
5.4283307086614174
21
-5.9842322834645669
0
LINE
8
CYAN2
6
CONTINUOUS
10
5.4283307086614174
20
-5.9842322834645669
11
5.4307125984251972
21
-5.9866141732283467
0
LINE
8
CYAN2
6
CONTINUOUS
10
5.4307125984251972
20
-5.9866141732283467
11
5.4330944881889769
21
-5.9913740157480317
0
LINE
8
CYAN2
6
CONTINUOUS
10
5.4330944881889769
20
-5.9913740157480317
11
5.4330944881889769
21
-6.0032795275590551
0
LINE
8
CYAN2
6
CONTINUOUS
10
5.4330944881889769
20
-6.0032795275590551
11
5.4307125984251972
21
-6.0080433070866146
0
LINE
8
CYAN2
6
CONTINUOUS
10
5.4307125984251972
20
-6.0080433070866146
11
5.4283307086614174
21
-6.0104251968503943
0
LINE
8
CYAN2
6
CONTINUOUS
10
5.4283307086614174
20
-6.0104251968503943
11
5.4235708661417323
21
-6.0128031496062997
0
LINE
8
CYAN2
6
CONTINUOUS
10
5.4235708661417323
20
-6.0128031496062997
11
5.4092834645669292
21
-6.0128031496062997
0
LINE
8
CYAN2
6
CONTINUOUS
10
5.4092834645669292
20
-6.0128031496062997
11
5.4045236220472441
21
-6.0104251968503943
0
LINE
8
CYAN2
6
CONTINUOUS
10
5.4045236220472441
20
-6.0104251968503943
11
5.4021417322834644
21
-6.0080433070866146
0
LINE
8
CYAN2
6
CONTINUOUS
10
5.0921417322834648
20
-6.1089960629921265
11
5.0921417322834648
21
-6.1328031496062998
0
LINE
8
CYAN2
6
CONTINUOUS
10
5.0754763779527563
20
-6.0828031496062991
11
5.0921417322834648
21
-6.1089960629921265
0
LINE
8
CYAN2
6
CONTINUOUS
10
5.0921417322834648
20
-6.1089960629921265
11
5.1088110236220476
21
-6.0828031496062991
0
LINE
8
CYAN2
6
CONTINUOUS
10
5.1254763779527561
20
-6.1066141732283468
11
5.142145669291339
21
-6.1066141732283468
0
LINE
8
CYAN2
6
CONTINUOUS
10
5.1492874015748029
20
-6.1328031496062998
11
5.1254763779527561
21
-6.1328031496062998
0
LINE
8
CYAN2
6
CONTINUOUS
10
5.1254763779527561
20
-6.1328031496062998
11
5.1254763779527561
21
-6.0828031496062991
0
LINE
8
CYAN2
6
CONTINUOUS
10
5.1254763779527561
20
-6.0828031496062991
11
5.1492874015748029
21
-6.0828031496062991
0
LINE
8
CYAN2
6
CONTINUOUS
10
5.1945236220472442
20
-6.1328031496062998
11
5.1707125984251974
21
-6.1328031496062998
0
LINE
8
CYAN2
6
CONTINUOUS
10
5.1707125984251974
20
-6.1328031496062998
11
5.1707125984251974
21
-6.0828031496062991
0
LINE
8
CYAN2
6
CONTINUOUS
10
5.2350000000000003
20
-6.1328031496062998
11
5.2111889763779526
21
-6.1328031496062998
0
LINE
8
CYAN2
6
CONTINUOUS
10
5.2111889763779526
20
-6.1328031496062998
11
5.2111889763779526
21
-6.0828031496062991
0
LINE
8
CYAN2
6
CONTINUOUS
10
5.2611889763779534
20
-6.0828031496062991
11
5.270712598425197
21
-6.0828031496062991
0
LINE
8
CYAN2
6
CONTINUOUS
10
5.270712598425197
20
-6.0828031496062991
11
5.2754763779527565
21
-6.0851850393700788
0
LINE
8
CYAN2
6
CONTINUOUS
10
5.2754763779527565
20
-6.0851850393700788
11
5.2802362204724416
21
-6.0899488188976383
0
LINE
8
CYAN2
6
CONTINUOUS
10
5.2802362204724416
20
-6.0899488188976383
11
5.2826181102362204
21
-6.0994724409448819
0
LINE
8
CYAN2
6
CONTINUOUS
10
5.2826181102362204
20
-6.0994724409448819
11
5.2826181102362204
21
-6.1161377952755904
0
LINE
8
CYAN2
6
CONTINUOUS
10
5.2826181102362204
20
-6.1161377952755904
11
5.2802362204724416
21
-6.125661417322835
0
LINE
8
CYAN2
6
CONTINUOUS
10
5.2802362204724416
20
-6.125661417322835
11
5.2754763779527565
21
-6.1304251968503936
0
LINE
8
CYAN2
6
CONTINUOUS
10
5.2754763779527565
20
-6.1304251968503936
11
5.270712598425197
21
-6.1328031496062998
0
LINE
8
CYAN2
6
CONTINUOUS
10
5.270712598425197
20
-6.1328031496062998
11
5.2611889763779534
21
-6.1328031496062998
0
LINE
8
CYAN2
6
CONTINUOUS
10
5.2611889763779534
20
-6.1328031496062998
11
5.2564291338582683
21
-6.1304251968503936
0
LINE
8
CYAN2
6
CONTINUOUS
10
5.2564291338582683
20
-6.1304251968503936
11
5.2516653543307088
21
-6.125661417322835
0
LINE
8
CYAN2
6
CONTINUOUS
10
5.2516653543307088
20
-6.125661417322835
11
5.2492874015748034
21
-6.1161377952755904
0
LINE
8
CYAN2
6
CONTINUOUS
10
5.2492874015748034
20
-6.1161377952755904
11
5.2492874015748034
21
-6.0994724409448819
0
LINE
8
CYAN2
6
CONTINUOUS
10
5.2492874015748034
20
-6.0994724409448819
11
5.2516653543307088
21
-6.0899488188976383
0
LINE
8
CYAN2
6
CONTINUOUS
10
5.2516653543307088
20
-6.0899488188976383
11
5.2564291338582683
21
-6.0851850393700788
0
LINE
8
CYAN2
6
CONTINUOUS
10
5.2564291338582683
20
-6.0851850393700788
11
5.2611889763779534
21
-6.0828031496062991
0
LINE
8
CYAN2
6
CONTINUOUS
10
5.2992874015748033
20
-6.0828031496062991
11
5.3111929133858267
21
-6.1328031496062998
0
LINE
8
CYAN2
6
CONTINUOUS
10
5.3111929133858267
20
-6.1328031496062998
11
5.3207165354330712
21
-6.0970905511811022
0
LINE
8
CYAN2
6
CONTINUOUS
10
5.3207165354330712
20
-6.0970905511811022
11
5.3302401574803149
21
-6.1328031496062998
0
LINE
8
CYAN2
6
CONTINUOUS
10
5.3302401574803149
20
-6.1328031496062998
11
5.3421456692913392
21
-6.0828031496062991
0
LINE
8
RED2
6
CONTINUOUS
10
5.2000000000000002
20
-6.0499999999999998
11
5.1000000000000005
21
-6.0499999999999998
0
LINE
8
RED2
6
CONTINUOUS
10
5.2999999999999998
20
-6.0499999999999998
11
5.4000000000000004
21
-6.0499999999999998
0
LINE
8
CYAN2
6
CONTINUOUS
10
5.2492834645669291
20
-6.4528031496062992
11
5.2492834645669291
21
-6.4028031496062994
0
LINE
8
CYAN2
6
CONTINUOUS
10
5.2492834645669291
20
-6.4028031496062994
11
5.2611889763779534
21
-6.4028031496062994
0
LINE
8
CYAN2
6
CONTINUOUS
10
5.2611889763779534
20
-6.4028031496062994
11
5.2683307086614173
21
-6.4051850393700791
0
LINE
8
CYAN2
6
CONTINUOUS
10
5.2683307086614173
20
-6.4051850393700791
11
5.2730944881889767
21
-6.4099488188976377
0
LINE
8
CYAN2
6
CONTINUOUS
10
5.2730944881889767
20
-6.4099488188976377
11
5.2754763779527565
21
-6.4147086614173228
0
LINE
8
CYAN2
6
CONTINUOUS
10
5.2754763779527565
20
-6.4147086614173228
11
5.2778543307086618
21
-6.4242322834645673
0
LINE
8
CYAN2
6
CONTINUOUS
10
5.2778543307086618
20
-6.4242322834645673
11
5.2778543307086618
21
-6.4313740157480321
0
LINE
8
CYAN2
6
CONTINUOUS
10
5.2778543307086618
20
-6.4313740157480321
11
5.2754763779527565
21
-6.4408976377952758
0
LINE
8
CYAN2
6
CONTINUOUS
10
5.2754763779527565
20
-6.4408976377952758
11
5.2730944881889767
21
-6.4456614173228353
0
LINE
8
CYAN2
6
CONTINUOUS
10
5.2730944881889767
20
-6.4456614173228353
11
5.2683307086614173
21
-6.4504251968503938
0
LINE
8
CYAN2
6
CONTINUOUS
10
5.2683307086614173
20
-6.4504251968503938
11
5.2611889763779534
21
-6.4528031496062992
0
LINE
8
CYAN2
6
CONTINUOUS
10
5.2611889763779534
20
-6.4528031496062992
11
5.2492834645669291
21
-6.4528031496062992
0
LINE
8
CYAN2
6
CONTINUOUS
10
5.3207125984251968
20
-6.4194724409448822
11
5.3207125984251968
21
-6.4528031496062992
0
LINE
8
CYAN2
6
CONTINUOUS
10
5.3088070866141734
20
-6.400425196850394
11
5.2969055118110235
21
-6.4361377952755907
0
LINE
8
CYAN2
6
CONTINUOUS
10
5.2969055118110235
20
-6.4361377952755907
11
5.3278543307086617
21
-6.4361377952755907
0
LINE
8
CYAN2
6
CONTINUOUS
10
5.3707125984251967
20
-6.4028031496062994
11
5.3469015748031499
21
-6.4028031496062994
0
LINE
8
CYAN2
6
CONTINUOUS
10
5.3469015748031499
20
-6.4028031496062994
11
5.3445236220472445
21
-6.426614173228347
0
LINE
8
CYAN2
6
CONTINUOUS
10
5.3445236220472445
20
-6.426614173228347
11
5.3469015748031499
21
-6.4242322834645673
0
LINE
8
CYAN2
6
CONTINUOUS
10
5.3469015748031499
20
-6.4242322834645673
11
5.3516653543307084
21
-6.4218503937007876
0
LINE
8
CYAN2
6
CONTINUOUS
10
5.3516653543307084
20
-6.4218503937007876
11
5.3635708661417327
21
-6.4218503937007876
0
LINE
8
CYAN2
6
CONTINUOUS
10
5.3635708661417327
20
-6.4218503937007876
11
5.3683307086614178
21
-6.4242322834645673
0
LINE
8
CYAN2
6
CONTINUOUS
10
5.3683307086614178
20
-6.4242322834645673
11
5.3707125984251967
21
-6.426614173228347
0
LINE
8
CYAN2
6
CONTINUOUS
10
5.3707125984251967
20
-6.426614173228347
11
5.3730944881889764
21
-6.4313740157480321
0
LINE
8
CYAN2
6
CONTINUOUS
10
5.3730944881889764
20
-6.4313740157480321
11
5.3730944881889764
21
-6.4432795275590555
0
LINE
8
CYAN2
6
CONTINUOUS
10
5.3730944881889764
20
-6.4432795275590555
11
5.3707125984251967
21
-6.4480433070866141
0
LINE
8
CYAN2
6
CONTINUOUS
10
5.3707125984251967
20
-6.4480433070866141
11
5.3683307086614178
21
-6.4504251968503938
0
LINE
8
CYAN2
6
CONTINUOUS
10
5.3683307086614178
20
-6.4504251968503938
11
5.3635708661417327
21
-6.4528031496062992
0
LINE
8
CYAN2
6
CONTINUOUS
10
5.3635708661417327
20
-6.4528031496062992
11
5.3516653543307084
21
-6.4528031496062992
0
LINE
8
CYAN2
6
CONTINUOUS
10
5.3516653543307084
20
-6.4528031496062992
11
5.3469015748031499
21
-6.4504251968503938
0
LINE
8
CYAN2
6
CONTINUOUS
10
5.3469015748031499
20
-6.4504251968503938
11
5.3445236220472445
21
-6.4480433070866141
0
LINE
8
CYAN2
6
CONTINUOUS
10
5.0921417322834648
20
-6.4889960629921264
11
5.0921417322834648
21
-6.5128031496062997
0
LINE
8
CYAN2
6
CONTINUOUS
10
5.0754763779527563
20
-6.4628031496062999
11
5.0921417322834648
21
-6.4889960629921264
0
LINE
8
CYAN2
6
CONTINUOUS
10
5.0921417322834648
20
-6.4889960629921264
11
5.1088110236220476
21
-6.4628031496062999
0
LINE
8
CYAN2
6
CONTINUOUS
10
5.1254763779527561
20
-6.4866141732283467
11
5.142145669291339
21
-6.4866141732283467
0
LINE
8
CYAN2
6
CONTINUOUS
10
5.1492874015748029
20
-6.5128031496062997
11
5.1254763779527561
21
-6.5128031496062997
0
LINE
8
CYAN2
6
CONTINUOUS
10
5.1254763779527561
20
-6.5128031496062997
11
5.1254763779527561
21
-6.4628031496062999
0
LINE
8
CYAN2
6
CONTINUOUS
10
5.1254763779527561
20
-6.4628031496062999
11
5.1492874015748029
21
-6.4628031496062999
0
LINE
8
CYAN2
6
CONTINUOUS
10
5.1945236220472442
20
-6.5128031496062997
11
5.1707125984251974
21
-6.5128031496062997
0
LINE
8
CYAN2
6
CONTINUOUS
10
5.1707125984251974
20
-6.5128031496062997
11
5.1707125984251974
21
-6.4628031496062999
0
LINE
8
CYAN2
6
CONTINUOUS
10
5.2350000000000003
20
-6.5128031496062997
11
5.2111889763779526
21
-6.5128031496062997
0
LINE
8
CYAN2
6
CONTINUOUS
10
5.2111889763779526
20
-6.5128031496062997
11
5.2111889763779526
21
-6.4628031496062999
0
LINE
8
CYAN2
6
CONTINUOUS
10
5.2611889763779534
20
-6.4628031496062999
11
5.270712598425197
21
-6.4628031496062999
0
LINE
8
CYAN2
6
CONTINUOUS
10
5.270712598425197
20
-6.4628031496062999
11
5.2754763779527565
21
-6.4651850393700787
0
LINE
8
CYAN2
6
CONTINUOUS
10
5.2754763779527565
20
-6.4651850393700787
11
5.2802362204724416
21
-6.4699488188976382
0
LINE
8
CYAN2
6
CONTINUOUS
10
5.2802362204724416
20
-6.4699488188976382
11
5.2826181102362204
21
-6.4794724409448818
0
LINE
8
CYAN2
6
CONTINUOUS
10
5.2826181102362204
20
-6.4794724409448818
11
5.2826181102362204
21
-6.4961377952755912
0
LINE
8
CYAN2
6
CONTINUOUS
10
5.2826181102362204
20
-6.4961377952755912
11
5.2802362204724416
21
-6.5056614173228349
0
LINE
8
CYAN2
6
CONTINUOUS
10
5.2802362204724416
20
-6.5056614173228349
11
5.2754763779527565
21
-6.5104251968503943
0
LINE
8
CYAN2
6
CONTINUOUS
10
5.2754763779527565
20
-6.5104251968503943
11
5.270712598425197
21
-6.5128031496062997
0
LINE
8
CYAN2
6
CONTINUOUS
10
5.270712598425197
20
-6.5128031496062997
11
5.2611889763779534
21
-6.5128031496062997
0
LINE
8
CYAN2
6
CONTINUOUS
10
5.2611889763779534
20
-6.5128031496062997
11
5.2564291338582683
21
-6.5104251968503943
0
LINE
8
CYAN2
6
CONTINUOUS
10
5.2564291338582683
20
-6.5104251968503943
11
5.2516653543307088
21
-6.5056614173228349
0
LINE
8
CYAN2
6
CONTINUOUS
10
5.2516653543307088
20
-6.5056614173228349
11
5.2492874015748034
21
-6.4961377952755912
0
LINE
8
CYAN2
6
CONTINUOUS
10
5.2492874015748034
20
-6.4961377952755912
11
5.2492874015748034
21
-6.4794724409448818
0
LINE
8
CYAN2
6
CONTINUOUS
10
5.2492874015748034
20
-6.4794724409448818
11
5.2516653543307088
21
-6.4699488188976382
0
LINE
8
CYAN2
6
CONTINUOUS
10
5.2516653543307088
20
-6.4699488188976382
11
5.2564291338582683
21
-6.4651850393700787
0
LINE
8
CYAN2
6
CONTINUOUS
10
5.2564291338582683
20
-6.4651850393700787
11
5.2611889763779534
21
-6.4628031496062999
0
LINE
8
CYAN2
6
CONTINUOUS
10
5.2992874015748033
20
-6.4628031496062999
11
5.3111929133858267
21
-6.5128031496062997
0
LINE
8
CYAN2
6
CONTINUOUS
10
5.3111929133858267
20
-6.5128031496062997
11
5.3207165354330712
21
-6.477090551181103
0
LINE
8
CYAN2
6
CONTINUOUS
10
5.3207165354330712
20
-6.477090551181103
11
5.3302401574803149
21
-6.5128031496062997
0
LINE
8
CYAN2
6
CONTINUOUS
10
5.3302401574803149
20
-6.5128031496062997
11
5.3421456692913392
21
-6.4628031496062999
0
LINE
8
RED2
6
CONTINUOUS
10
5.2000000000000002
20
-6.3500000000000005
11
5.1000000000000005
21
-6.3500000000000005
0
LINE
8
RED2
6
CONTINUOUS
10
5.2999999999999998
20
-6.3500000000000005
11
5.4000000000000004
21
-6.3500000000000005
0
LINE
8
CYAN2
6
CONTINUOUS
10
4.5478543307086614
20
-6.152799212598425
11
4.5311889763779529
21
-6.1289921259842526
0
LINE
8
CYAN2
6
CONTINUOUS
10
4.5192834645669295
20
-6.152799212598425
11
4.5192834645669295
21
-6.1027992125984252
0
LINE
8
CYAN2
6
CONTINUOUS
10
4.5192834645669295
20
-6.1027992125984252
11
4.5383307086614177
21
-6.1027992125984252
0
LINE
8
CYAN2
6
CONTINUOUS
10
4.5383307086614177
20
-6.1027992125984252
11
4.5430944881889763
21
-6.1051811023622049
0
LINE
8
CYAN2
6
CONTINUOUS
10
4.5430944881889763
20
-6.1051811023622049
11
4.5454763779527561
21
-6.1075629921259846
0
LINE
8
CYAN2
6
CONTINUOUS
10
4.5454763779527561
20
-6.1075629921259846
11
4.5478543307086614
21
-6.1123228346456697
0
LINE
8
CYAN2
6
CONTINUOUS
10
4.5478543307086614
20
-6.1123228346456697
11
4.5478543307086614
21
-6.119468503937008
0
LINE
8
CYAN2
6
CONTINUOUS
10
4.5478543307086614
20
-6.119468503937008
11
4.5454763779527561
21
-6.1242283464566931
0
LINE
8
CYAN2
6
CONTINUOUS
10
4.5454763779527561
20
-6.1242283464566931
11
4.5430944881889763
21
-6.1266102362204728
0
LINE
8
CYAN2
6
CONTINUOUS
10
4.5430944881889763
20
-6.1266102362204728
11
4.5383307086614177
21
-6.1289921259842526
0
LINE
8
CYAN2
6
CONTINUOUS
10
4.5383307086614177
20
-6.1289921259842526
11
4.5192834645669295
21
-6.1289921259842526
0
LINE
8
CYAN2
6
CONTINUOUS
10
4.5930944881889761
20
-6.1027992125984252
11
4.5692834645669294
21
-6.1027992125984252
0
LINE
8
CYAN2
6
CONTINUOUS
10
4.5692834645669294
20
-6.1027992125984252
11
4.566905511811024
21
-6.1266102362204728
0
LINE
8
CYAN2
6
CONTINUOUS
10
4.566905511811024
20
-6.1266102362204728
11
4.5692834645669294
21
-6.1242283464566931
0
LINE
8
CYAN2
6
CONTINUOUS
10
4.5692834645669294
20
-6.1242283464566931
11
4.5740472440944879
21
-6.1218464566929134
0
LINE
8
CYAN2
6
CONTINUOUS
10
4.5740472440944879
20
-6.1218464566929134
11
4.5859527559055122
21
-6.1218464566929134
0
LINE
8
CYAN2
6
CONTINUOUS
10
4.5859527559055122
20
-6.1218464566929134
11
4.5907125984251973
21
-6.1242283464566931
0
LINE
8
CYAN2
6
CONTINUOUS
10
4.5907125984251973
20
-6.1242283464566931
11
4.5930944881889761
21
-6.1266102362204728
0
LINE
8
CYAN2
6
CONTINUOUS
10
4.5930944881889761
20
-6.1266102362204728
11
4.5954763779527559
21
-6.1313700787401579
0
LINE
8
CYAN2
6
CONTINUOUS
10
4.5954763779527559
20
-6.1313700787401579
11
4.5954763779527559
21
-6.1432755905511813
0
LINE
8
CYAN2
6
CONTINUOUS
10
4.5954763779527559
20
-6.1432755905511813
11
4.5930944881889761
21
-6.1480393700787408
0
LINE
8
CYAN2
6
CONTINUOUS
10
4.5930944881889761
20
-6.1480393700787408
11
4.5907125984251973
21
-6.1504212598425196
0
LINE
8
CYAN2
6
CONTINUOUS
10
4.5907125984251973
20
-6.1504212598425196
11
4.5859527559055122
21
-6.152799212598425
0
LINE
8
CYAN2
6
CONTINUOUS
10
4.5859527559055122
20
-6.152799212598425
11
4.5740472440944879
21
-6.152799212598425
0
LINE
8
CYAN2
6
CONTINUOUS
10
4.5740472440944879
20
-6.152799212598425
11
4.5692834645669294
21
-6.1504212598425196
0
LINE
8
CYAN2
6
CONTINUOUS
10
4.5692834645669294
20
-6.1504212598425196
11
4.566905511811024
21
-6.1480393700787408
0
LINE
8
CYAN2
6
CONTINUOUS
10
4.6240472440944886
20
-6.1242283464566931
11
4.6192834645669292
21
-6.1218464566929134
0
LINE
8
CYAN2
6
CONTINUOUS
10
4.6192834645669292
20
-6.1218464566929134
11
4.6169015748031494
21
-6.119468503937008
0
LINE
8
CYAN2
6
CONTINUOUS
10
4.6169015748031494
20
-6.119468503937008
11
4.6145236220472441
21
-6.1147047244094495
0
LINE
8
CYAN2
6
CONTINUOUS
10
4.6145236220472441
20
-6.1147047244094495
11
4.6145236220472441
21
-6.1123228346456697
0
LINE
8
CYAN2
6
CONTINUOUS
10
4.6145236220472441
20
-6.1123228346456697
11
4.6169015748031494
21
-6.1075629921259846
0
LINE
8
CYAN2
6
CONTINUOUS
10
4.6169015748031494
20
-6.1075629921259846
11
4.6192834645669292
21
-6.1051811023622049
0
LINE
8
CYAN2
6
CONTINUOUS
10
4.6192834645669292
20
-6.1051811023622049
11
4.6240472440944886
21
-6.1027992125984252
0
LINE
8
CYAN2
6
CONTINUOUS
10
4.6240472440944886
20
-6.1027992125984252
11
4.6335708661417323
21
-6.1027992125984252
0
LINE
8
CYAN2
6
CONTINUOUS
10
4.6335708661417323
20
-6.1027992125984252
11
4.6383307086614174
21
-6.1051811023622049
0
LINE
8
CYAN2
6
CONTINUOUS
10
4.6383307086614174
20
-6.1051811023622049
11
4.6407125984251971
21
-6.1075629921259846
0
LINE
8
CYAN2
6
CONTINUOUS
10
4.6407125984251971
20
-6.1075629921259846
11
4.6430944881889769
21
-6.1123228346456697
0
LINE
8
CYAN2
6
CONTINUOUS
10
4.6430944881889769
20
-6.1123228346456697
11
4.6430944881889769
21
-6.1147047244094495
0
LINE
8
CYAN2
6
CONTINUOUS
10
4.6430944881889769
20
-6.1147047244094495
11
4.6407125984251971
21
-6.119468503937008
0
LINE
8
CYAN2
6
CONTINUOUS
10
4.6407125984251971
20
-6.119468503937008
11
4.6383307086614174
21
-6.1218464566929134
0
LINE
8
CYAN2
6
CONTINUOUS
10
4.6383307086614174
20
-6.1218464566929134
11
4.6335708661417323
21
-6.1242283464566931
0
LINE
8
CYAN2
6
CONTINUOUS
10
4.6335708661417323
20
-6.1242283464566931
11
4.6240472440944886
21
-6.1242283464566931
0
LINE
8
CYAN2
6
CONTINUOUS
10
4.6240472440944886
20
-6.1242283464566931
11
4.6192834645669292
21
-6.1266102362204728
0
LINE
8
CYAN2
6
CONTINUOUS
10
4.6192834645669292
20
-6.1266102362204728
11
4.6169015748031494
21
-6.1289921259842526
0
LINE
8
CYAN2
6
CONTINUOUS
10
4.6169015748031494
20
-6.1289921259842526
11
4.6145236220472441
21
-6.1337519685039377
0
LINE
8
CYAN2
6
CONTINUOUS
10
4.6145236220472441
20
-6.1337519685039377
11
4.6145236220472441
21
-6.1432755905511813
0
LINE
8
CYAN2
6
CONTINUOUS
10
4.6145236220472441
20
-6.1432755905511813
11
4.6169015748031494
21
-6.1480393700787408
0
LINE
8
CYAN2
6
CONTINUOUS
10
4.6169015748031494
20
-6.1480393700787408
11
4.6192834645669292
21
-6.1504212598425196
0
LINE
8
CYAN2
6
CONTINUOUS
10
4.6192834645669292
20
-6.1504212598425196
11
4.6240472440944886
21
-6.152799212598425
0
LINE
8
CYAN2
6
CONTINUOUS
10
4.6240472440944886
20
-6.152799212598425
11
4.6335708661417323
21
-6.152799212598425
0
LINE
8
CYAN2
6
CONTINUOUS
10
4.6335708661417323
20
-6.152799212598425
11
4.6383307086614174
21
-6.1504212598425196
0
LINE
8
CYAN2
6
CONTINUOUS
10
4.6383307086614174
20
-6.1504212598425196
11
4.6407125984251971
21
-6.1480393700787408
0
LINE
8
CYAN2
6
CONTINUOUS
10
4.6407125984251971
20
-6.1480393700787408
11
4.6430944881889769
21
-6.1432755905511813
0
LINE
8
CYAN2
6
CONTINUOUS
10
4.6430944881889769
20
-6.1432755905511813
11
4.6430944881889769
21
-6.1337519685039377
0
LINE
8
CYAN2
6
CONTINUOUS
10
4.6430944881889769
20
-6.1337519685039377
11
4.6407125984251971
21
-6.1289921259842526
0
LINE
8
CYAN2
6
CONTINUOUS
10
4.6407125984251971
20
-6.1289921259842526
11
4.6383307086614174
21
-6.1266102362204728
0
LINE
8
CYAN2
6
CONTINUOUS
10
4.6383307086614174
20
-6.1266102362204728
11
4.6335708661417323
21
-6.1242283464566931
0
LINE
8
CYAN2
6
CONTINUOUS
10
4.6880944881889768
20
-6.1875629921259847
11
4.6904724409448821
21
-6.185181102362205
0
LINE
8
CYAN2
6
CONTINUOUS
10
4.6904724409448821
20
-6.185181102362205
11
4.6952362204724407
21
-6.1827992125984252
0
LINE
8
CYAN2
6
CONTINUOUS
10
4.6952362204724407
20
-6.1827992125984252
11
4.707141732283465
21
-6.1827992125984252
0
LINE
8
CYAN2
6
CONTINUOUS
10
4.707141732283465
20
-6.1827992125984252
11
4.7119015748031501
21
-6.185181102362205
0
LINE
8
CYAN2
6
CONTINUOUS
10
4.7119015748031501
20
-6.185181102362205
11
4.7142834645669289
21
-6.1875629921259847
0
LINE
8
CYAN2
6
CONTINUOUS
10
4.7142834645669289
20
-6.1875629921259847
11
4.7166653543307087
21
-6.1923228346456698
0
LINE
8
CYAN2
6
CONTINUOUS
10
4.7166653543307087
20
-6.1923228346456698
11
4.7166653543307087
21
-6.1970866141732284
0
LINE
8
CYAN2
6
CONTINUOUS
10
4.7166653543307087
20
-6.1970866141732284
11
4.7142834645669289
21
-6.2042283464566932
0
LINE
8
CYAN2
6
CONTINUOUS
10
4.7142834645669289
20
-6.2042283464566932
11
4.6857125984251971
21
-6.2327992125984251
0
LINE
8
CYAN2
6
CONTINUOUS
10
4.6857125984251971
20
-6.2327992125984251
11
4.7166653543307087
21
-6.2327992125984251
0
LINE
8
CYAN2
6
CONTINUOUS
10
4.7357125984251969
20
-6.1875629921259847
11
4.7380905511811022
21
-6.185181102362205
0
LINE
8
CYAN2
6
CONTINUOUS
10
4.7380905511811022
20
-6.185181102362205
11
4.7428543307086617
21
-6.1827992125984252
0
LINE
8
CYAN2
6
CONTINUOUS
10
4.7428543307086617
20
-6.1827992125984252
11
4.7547598425196851
21
-6.1827992125984252
0
LINE
8
CYAN2
6
CONTINUOUS
10
4.7547598425196851
20
-6.1827992125984252
11
4.7595196850393702
21
-6.185181102362205
0
LINE
8
CYAN2
6
CONTINUOUS
10
4.7595196850393702
20
-6.185181102362205
11
4.7619015748031499
21
-6.1875629921259847
0
LINE
8
CYAN2
6
CONTINUOUS
10
4.7619015748031499
20
-6.1875629921259847
11
4.7642834645669296
21
-6.1923228346456698
0
LINE
8
CYAN2
6
CONTINUOUS
10
4.7642834645669296
20
-6.1923228346456698
11
4.7642834645669296
21
-6.1970866141732284
0
LINE
8
CYAN2
6
CONTINUOUS
10
4.7642834645669296
20
-6.1970866141732284
11
4.7619015748031499
21
-6.2042283464566932
0
LINE
8
CYAN2
6
CONTINUOUS
10
4.7619015748031499
20
-6.2042283464566932
11
4.7333307086614171
21
-6.2327992125984251
0
LINE
8
CYAN2
6
CONTINUOUS
10
4.7333307086614171
20
-6.2327992125984251
11
4.7642834645669296
21
-6.2327992125984251
0
LINE
8
CYAN2
6
CONTINUOUS
10
4.7952322834645669
20
-6.1827992125984252
11
4.7999960629921263
21
-6.1827992125984252
0
LINE
8
CYAN2
6
CONTINUOUS
10
4.7999960629921263
20
-6.1827992125984252
11
4.8047559055118114
21
-6.185181102362205
0
LINE
8
CYAN2
6
CONTINUOUS
10
4.8047559055118114
20
-6.185181102362205
11
4.8071377952755912
21
-6.1875629921259847
0
LINE
8
CYAN2
6
CONTINUOUS
10
4.8071377952755912
20
-6.1875629921259847
11
4.80951968503937
21
-6.1923228346456698
0
LINE
8
CYAN2
6
CONTINUOUS
10
4.80951968503937
20
-6.1923228346456698
11
4.8119015748031497
21
-6.2018464566929135
0
LINE
8
CYAN2
6
CONTINUOUS
10
4.8119015748031497
20
-6.2018464566929135
11
4.8119015748031497
21
-6.2137519685039369
0
LINE
8
CYAN2
6
CONTINUOUS
10
4.8119015748031497
20
-6.2137519685039369
11
4.80951968503937
21
-6.2232755905511814
0
LINE
8
CYAN2
6
CONTINUOUS
10
4.80951968503937
20
-6.2232755905511814
11
4.8071377952755912
21
-6.22803937007874
0
LINE
8
CYAN2
6
CONTINUOUS
10
4.8071377952755912
20
-6.22803937007874
11
4.8047559055118114
21
-6.2304212598425197
0
LINE
8
CYAN2
6
CONTINUOUS
10
4.8047559055118114
20
-6.2304212598425197
11
4.7999960629921263
21
-6.2327992125984251
0
LINE
8
CYAN2
6
CONTINUOUS
10
4.7999960629921263
20
-6.2327992125984251
11
4.7952322834645669
21
-6.2327992125984251
0
LINE
8
CYAN2
6
CONTINUOUS
10
4.7952322834645669
20
-6.2327992125984251
11
4.7904724409448818
21
-6.2304212598425197
0
LINE
8
CYAN2
6
CONTINUOUS
10
4.7904724409448818
20
-6.2304212598425197
11
4.7880905511811029
21
-6.22803937007874
0
LINE
8
CYAN2
6
CONTINUOUS
10
4.7880905511811029
20
-6.22803937007874
11
4.7857086614173232
21
-6.2232755905511814
0
LINE
8
CYAN2
6
CONTINUOUS
10
4.7857086614173232
20
-6.2232755905511814
11
4.7833307086614179
21
-6.2137519685039369
0
LINE
8
CYAN2
6
CONTINUOUS
10
4.7833307086614179
20
-6.2137519685039369
11
4.7833307086614179
21
-6.2018464566929135
0
LINE
8
CYAN2
6
CONTINUOUS
10
4.7833307086614179
20
-6.2018464566929135
11
4.7857086614173232
21
-6.1923228346456698
0
LINE
8
CYAN2
6
CONTINUOUS
10
4.7857086614173232
20
-6.1923228346456698
11
4.7880905511811029
21
-6.1875629921259847
0
LINE
8
CYAN2
6
CONTINUOUS
10
4.7880905511811029
20
-6.1875629921259847
11
4.7904724409448818
21
-6.185181102362205
0
LINE
8
CYAN2
6
CONTINUOUS
10
4.7904724409448818
20
-6.185181102362205
11
4.7952322834645669
21
-6.1827992125984252
0
LINE
8
RED2
6
CONTINUOUS
10
4.6500000000000004
20
-6.2000000000000002
11
4.6000000000000005
21
-6.2000000000000002
0
LINE
8
RED2
6
CONTINUOUS
10
4.8500000000000005
20
-6.2000000000000002
11
4.9000000000000004
21
-6.2000000000000002
0
LINE
8
CYAN2
6
CONTINUOUS
10
4.5378543307086616
20
-6.0127992125984253
11
4.5211889763779531
21
-5.988992125984252
0
LINE
8
CYAN2
6
CONTINUOUS
10
4.5092834645669297
20
-6.0127992125984253
11
4.5092834645669297
21
-5.9627992125984255
0
LINE
8
CYAN2
6
CONTINUOUS
10
4.5092834645669297
20
-5.9627992125984255
11
4.5283307086614171
21
-5.9627992125984255
0
LINE
8
CYAN2
6
CONTINUOUS
10
4.5283307086614171
20
-5.9627992125984255
11
4.5330944881889765
21
-5.9651811023622052
0
LINE
8
CYAN2
6
CONTINUOUS
10
4.5330944881889765
20
-5.9651811023622052
11
4.5354763779527563
21
-5.9675629921259841
0
LINE
8
CYAN2
6
CONTINUOUS
10
4.5354763779527563
20
-5.9675629921259841
11
4.5378543307086616
21
-5.9723228346456692
0
LINE
8
CYAN2
6
CONTINUOUS
10
4.5378543307086616
20
-5.9723228346456692
11
4.5378543307086616
21
-5.9794685039370084
0
LINE
8
CYAN2
6
CONTINUOUS
10
4.5378543307086616
20
-5.9794685039370084
11
4.5354763779527563
21
-5.9842283464566934
0
LINE
8
CYAN2
6
CONTINUOUS
10
4.5354763779527563
20
-5.9842283464566934
11
4.5330944881889765
21
-5.9866102362204723
0
LINE
8
CYAN2
6
CONTINUOUS
10
4.5330944881889765
20
-5.9866102362204723
11
4.5283307086614171
21
-5.988992125984252
0
LINE
8
CYAN2
6
CONTINUOUS
10
4.5283307086614171
20
-5.988992125984252
11
4.5092834645669297
21
-5.988992125984252
0
LINE
8
CYAN2
6
CONTINUOUS
10
4.5830944881889764
20
-5.9627992125984255
11
4.5592834645669296
21
-5.9627992125984255
0
LINE
8
CYAN2
6
CONTINUOUS
10
4.5592834645669296
20
-5.9627992125984255
11
4.5569055118110242
21
-5.9866102362204723
0
LINE
8
CYAN2
6
CONTINUOUS
10
4.5569055118110242
20
-5.9866102362204723
11
4.5592834645669296
21
-5.9842283464566934
0
LINE
8
CYAN2
6
CONTINUOUS
10
4.5592834645669296
20
-5.9842283464566934
11
4.5640472440944881
21
-5.9818464566929137
0
LINE
8
CYAN2
6
CONTINUOUS
10
4.5640472440944881
20
-5.9818464566929137
11
4.5759527559055124
21
-5.9818464566929137
0
LINE
8
CYAN2
6
CONTINUOUS
10
4.5759527559055124
20
-5.9818464566929137
11
4.5807125984251966
21
-5.9842283464566934
0
LINE
8
CYAN2
6
CONTINUOUS
10
4.5807125984251966
20
-5.9842283464566934
11
4.5830944881889764
21
-5.9866102362204723
0
LINE
8
CYAN2
6
CONTINUOUS
10
4.5830944881889764
20
-5.9866102362204723
11
4.5854763779527561
21
-5.9913700787401574
0
LINE
8
CYAN2
6
CONTINUOUS
10
4.5854763779527561
20
-5.9913700787401574
11
4.5854763779527561
21
-6.0032755905511817
0
LINE
8
CYAN2
6
CONTINUOUS
10
4.5854763779527561
20
-6.0032755905511817
11
4.5830944881889764
21
-6.0080393700787402
0
LINE
8
CYAN2
6
CONTINUOUS
10
4.5830944881889764
20
-6.0080393700787402
11
4.5807125984251966
21
-6.01042125984252
0
LINE
8
CYAN2
6
CONTINUOUS
10
4.5807125984251966
20
-6.01042125984252
11
4.5759527559055124
21
-6.0127992125984253
0
LINE
8
CYAN2
6
CONTINUOUS
10
4.5759527559055124
20
-6.0127992125984253
11
4.5640472440944881
21
-6.0127992125984253
0
LINE
8
CYAN2
6
CONTINUOUS
10
4.5640472440944881
20
-6.0127992125984253
11
4.5592834645669296
21
-6.01042125984252
0
LINE
8
CYAN2
6
CONTINUOUS
10
4.5592834645669296
20
-6.01042125984252
11
4.5569055118110242
21
-6.0080393700787402
0
LINE
8
CYAN2
6
CONTINUOUS
10
4.6021417322834646
20
-5.9627992125984255
11
4.6354724409448824
21
-5.9627992125984255
0
LINE
8
CYAN2
6
CONTINUOUS
10
4.6354724409448824
20
-5.9627992125984255
11
4.614047244094488
21
-6.0127992125984253
0
LINE
8
CYAN2
6
CONTINUOUS
10
4.6880944881889768
20
-6.0275629921259846
11
4.6904724409448821
21
-6.0251811023622048
0
LINE
8
CYAN2
6
CONTINUOUS
10
4.6904724409448821
20
-6.0251811023622048
11
4.6952362204724407
21
-6.0227992125984251
0
LINE
8
CYAN2
6
CONTINUOUS
10
4.6952362204724407
20
-6.0227992125984251
11
4.707141732283465
21
-6.0227992125984251
0
LINE
8
CYAN2
6
CONTINUOUS
10
4.707141732283465
20
-6.0227992125984251
11
4.7119015748031501
21
-6.0251811023622048
0
LINE
8
CYAN2
6
CONTINUOUS
10
4.7119015748031501
20
-6.0251811023622048
11
4.7142834645669289
21
-6.0275629921259846
0
LINE
8
CYAN2
6
CONTINUOUS
10
4.7142834645669289
20
-6.0275629921259846
11
4.7166653543307087
21
-6.0323228346456697
0
LINE
8
CYAN2
6
CONTINUOUS
10
4.7166653543307087
20
-6.0323228346456697
11
4.7166653543307087
21
-6.0370866141732282
0
LINE
8
CYAN2
6
CONTINUOUS
10
4.7166653543307087
20
-6.0370866141732282
11
4.7142834645669289
21
-6.044228346456693
0
LINE
8
CYAN2
6
CONTINUOUS
10
4.7142834645669289
20
-6.044228346456693
11
4.6857125984251971
21
-6.0727992125984258
0
LINE
8
CYAN2
6
CONTINUOUS
10
4.6857125984251971
20
-6.0727992125984258
11
4.7166653543307087
21
-6.0727992125984258
0
LINE
8
CYAN2
6
CONTINUOUS
10
4.7357125984251969
20
-6.0275629921259846
11
4.7380905511811022
21
-6.0251811023622048
0
LINE
8
CYAN2
6
CONTINUOUS
10
4.7380905511811022
20
-6.0251811023622048
11
4.7428543307086617
21
-6.0227992125984251
0
LINE
8
CYAN2
6
CONTINUOUS
10
4.7428543307086617
20
-6.0227992125984251
11
4.7547598425196851
21
-6.0227992125984251
0
LINE
8
CYAN2
6
CONTINUOUS
10
4.7547598425196851
20
-6.0227992125984251
11
4.7595196850393702
21
-6.0251811023622048
0
LINE
8
CYAN2
6
CONTINUOUS
10
4.7595196850393702
20
-6.0251811023622048
11
4.7619015748031499
21
-6.0275629921259846
0
LINE
8
CYAN2
6
CONTINUOUS
10
4.7619015748031499
20
-6.0275629921259846
11
4.7642834645669296
21
-6.0323228346456697
0
LINE
8
CYAN2
6
CONTINUOUS
10
4.7642834645669296
20
-6.0323228346456697
11
4.7642834645669296
21
-6.0370866141732282
0
LINE
8
CYAN2
6
CONTINUOUS
10
4.7642834645669296
20
-6.0370866141732282
11
4.7619015748031499
21
-6.044228346456693
0
LINE
8
CYAN2
6
CONTINUOUS
10
4.7619015748031499
20
-6.044228346456693
11
4.7333307086614171
21
-6.0727992125984258
0
LINE
8
CYAN2
6
CONTINUOUS
10
4.7333307086614171
20
-6.0727992125984258
11
4.7642834645669296
21
-6.0727992125984258
0
LINE
8
CYAN2
6
CONTINUOUS
10
4.7952322834645669
20
-6.0227992125984251
11
4.7999960629921263
21
-6.0227992125984251
0
LINE
8
CYAN2
6
CONTINUOUS
10
4.7999960629921263
20
-6.0227992125984251
11
4.8047559055118114
21
-6.0251811023622048
0
LINE
8
CYAN2
6
CONTINUOUS
10
4.8047559055118114
20
-6.0251811023622048
11
4.8071377952755912
21
-6.0275629921259846
0
LINE
8
CYAN2
6
CONTINUOUS
10
4.8071377952755912
20
-6.0275629921259846
11
4.80951968503937
21
-6.0323228346456697
0
LINE
8
CYAN2
6
CONTINUOUS
10
4.80951968503937
20
-6.0323228346456697
11
4.8119015748031497
21
-6.0418464566929133
0
LINE
8
CYAN2
6
CONTINUOUS
10
4.8119015748031497
20
-6.0418464566929133
11
4.8119015748031497
21
-6.0537519685039376
0
LINE
8
CYAN2
6
CONTINUOUS
10
4.8119015748031497
20
-6.0537519685039376
11
4.80951968503937
21
-6.0632755905511813
0
LINE
8
CYAN2
6
CONTINUOUS
10
4.80951968503937
20
-6.0632755905511813
11
4.8071377952755912
21
-6.0680393700787407
0
LINE
8
CYAN2
6
CONTINUOUS
10
4.8071377952755912
20
-6.0680393700787407
11
4.8047559055118114
21
-6.0704212598425196
0
LINE
8
CYAN2
6
CONTINUOUS
10
4.8047559055118114
20
-6.0704212598425196
11
4.7999960629921263
21
-6.0727992125984258
0
LINE
8
CYAN2
6
CONTINUOUS
10
4.7999960629921263
20
-6.0727992125984258
11
4.7952322834645669
21
-6.0727992125984258
0
LINE
8
CYAN2
6
CONTINUOUS
10
4.7952322834645669
20
-6.0727992125984258
11
4.7904724409448818
21
-6.0704212598425196
0
LINE
8
CYAN2
6
CONTINUOUS
10
4.7904724409448818
20
-6.0704212598425196
11
4.7880905511811029
21
-6.0680393700787407
0
LINE
8
CYAN2
6
CONTINUOUS
10
4.7880905511811029
20
-6.0680393700787407
11
4.7857086614173232
21
-6.0632755905511813
0
LINE
8
CYAN2
6
CONTINUOUS
10
4.7857086614173232
20
-6.0632755905511813
11
4.7833307086614179
21
-6.0537519685039376
0
LINE
8
CYAN2
6
CONTINUOUS
10
4.7833307086614179
20
-6.0537519685039376
11
4.7833307086614179
21
-6.0418464566929133
0
LINE
8
CYAN2
6
CONTINUOUS
10
4.7833307086614179
20
-6.0418464566929133
11
4.7857086614173232
21
-6.0323228346456697
0
LINE
8
CYAN2
6
CONTINUOUS
10
4.7857086614173232
20
-6.0323228346456697
11
4.7880905511811029
21
-6.0275629921259846
0
LINE
8
CYAN2
6
CONTINUOUS
10
4.7880905511811029
20
-6.0275629921259846
11
4.7904724409448818
21
-6.0251811023622048
0
LINE
8
CYAN2
6
CONTINUOUS
10
4.7904724409448818
20
-6.0251811023622048
11
4.7952322834645669
21
-6.0227992125984251
0
LINE
8
RED2
6
CONTINUOUS
10
4.6500000000000004
20
-6.0499999999999998
11
4.6000000000000005
21
-6.0499999999999998
0
LINE
8
RED2
6
CONTINUOUS
10
4.8500000000000005
20
-6.0499999999999998
11
4.9000000000000004
21
-6.0499999999999998
0
LINE
8
CYAN2
6
CONTINUOUS
10
4.5478543307086614
20
-5.8427992125984254
11
4.5311889763779529
21
-5.8189921259842521
0
LINE
8
CYAN2
6
CONTINUOUS
10
4.5192834645669295
20
-5.8427992125984254
11
4.5192834645669295
21
-5.7927992125984256
0
LINE
8
CYAN2
6
CONTINUOUS
10
4.5192834645669295
20
-5.7927992125984256
11
4.5383307086614177
21
-5.7927992125984256
0
LINE
8
CYAN2
6
CONTINUOUS
10
4.5383307086614177
20
-5.7927992125984256
11
4.5430944881889763
21
-5.7951811023622053
0
LINE
8
CYAN2
6
CONTINUOUS
10
4.5430944881889763
20
-5.7951811023622053
11
4.5454763779527561
21
-5.7975629921259841
0
LINE
8
CYAN2
6
CONTINUOUS
10
4.5454763779527561
20
-5.7975629921259841
11
4.5478543307086614
21
-5.8023228346456692
0
LINE
8
CYAN2
6
CONTINUOUS
10
4.5478543307086614
20
-5.8023228346456692
11
4.5478543307086614
21
-5.8094685039370084
0
LINE
8
CYAN2
6
CONTINUOUS
10
4.5478543307086614
20
-5.8094685039370084
11
4.5454763779527561
21
-5.8142283464566935
0
LINE
8
CYAN2
6
CONTINUOUS
10
4.5454763779527561
20
-5.8142283464566935
11
4.5430944881889763
21
-5.8166102362204724
0
LINE
8
CYAN2
6
CONTINUOUS
10
4.5430944881889763
20
-5.8166102362204724
11
4.5383307086614177
21
-5.8189921259842521
0
LINE
8
CYAN2
6
CONTINUOUS
10
4.5383307086614177
20
-5.8189921259842521
11
4.5192834645669295
21
-5.8189921259842521
0
LINE
8
CYAN2
6
CONTINUOUS
10
4.5930944881889761
20
-5.7927992125984256
11
4.5692834645669294
21
-5.7927992125984256
0
LINE
8
CYAN2
6
CONTINUOUS
10
4.5692834645669294
20
-5.7927992125984256
11
4.566905511811024
21
-5.8166102362204724
0
LINE
8
CYAN2
6
CONTINUOUS
10
4.566905511811024
20
-5.8166102362204724
11
4.5692834645669294
21
-5.8142283464566935
0
LINE
8
CYAN2
6
CONTINUOUS
10
4.5692834645669294
20
-5.8142283464566935
11
4.5740472440944879
21
-5.8118464566929138
0
LINE
8
CYAN2
6
CONTINUOUS
10
4.5740472440944879
20
-5.8118464566929138
11
4.5859527559055122
21
-5.8118464566929138
0
LINE
8
CYAN2
6
CONTINUOUS
10
4.5859527559055122
20
-5.8118464566929138
11
4.5907125984251973
21
-5.8142283464566935
0
LINE
8
CYAN2
6
CONTINUOUS
10
4.5907125984251973
20
-5.8142283464566935
11
4.5930944881889761
21
-5.8166102362204724
0
LINE
8
CYAN2
6
CONTINUOUS
10
4.5930944881889761
20
-5.8166102362204724
11
4.5954763779527559
21
-5.8213700787401574
0
LINE
8
CYAN2
6
CONTINUOUS
10
4.5954763779527559
20
-5.8213700787401574
11
4.5954763779527559
21
-5.8332755905511817
0
LINE
8
CYAN2
6
CONTINUOUS
10
4.5954763779527559
20
-5.8332755905511817
11
4.5930944881889761
21
-5.8380393700787403
0
LINE
8
CYAN2
6
CONTINUOUS
10
4.5930944881889761
20
-5.8380393700787403
11
4.5907125984251973
21
-5.84042125984252
0
LINE
8
CYAN2
6
CONTINUOUS
10
4.5907125984251973
20
-5.84042125984252
11
4.5859527559055122
21
-5.8427992125984254
0
LINE
8
CYAN2
6
CONTINUOUS
10
4.5859527559055122
20
-5.8427992125984254
11
4.5740472440944879
21
-5.8427992125984254
0
LINE
8
CYAN2
6
CONTINUOUS
10
4.5740472440944879
20
-5.8427992125984254
11
4.5692834645669294
21
-5.84042125984252
0
LINE
8
CYAN2
6
CONTINUOUS
10
4.5692834645669294
20
-5.84042125984252
11
4.566905511811024
21
-5.8380393700787403
0
LINE
8
CYAN2
6
CONTINUOUS
10
4.6383307086614174
20
-5.7927992125984256
11
4.6288070866141737
21
-5.7927992125984256
0
LINE
8
CYAN2
6
CONTINUOUS
10
4.6288070866141737
20
-5.7927992125984256
11
4.6240472440944886
21
-5.7951811023622053
0
LINE
8
CYAN2
6
CONTINUOUS
10
4.6240472440944886
20
-5.7951811023622053
11
4.6216653543307089
21
-5.7975629921259841
0
LINE
8
CYAN2
6
CONTINUOUS
10
4.6216653543307089
20
-5.7975629921259841
11
4.6169015748031494
21
-5.804704724409449
0
LINE
8
CYAN2
6
CONTINUOUS
10
4.6169015748031494
20
-5.804704724409449
11
4.6145236220472441
21
-5.8142283464566935
0
LINE
8
CYAN2
6
CONTINUOUS
10
4.6145236220472441
20
-5.8142283464566935
11
4.6145236220472441
21
-5.8332755905511817
0
LINE
8
CYAN2
6
CONTINUOUS
10
4.6145236220472441
20
-5.8332755905511817
11
4.6169015748031494
21
-5.8380393700787403
0
LINE
8
CYAN2
6
CONTINUOUS
10
4.6169015748031494
20
-5.8380393700787403
11
4.6192834645669292
21
-5.84042125984252
0
LINE
8
CYAN2
6
CONTINUOUS
10
4.6192834645669292
20
-5.84042125984252
11
4.6240472440944886
21
-5.8427992125984254
0
LINE
8
CYAN2
6
CONTINUOUS
10
4.6240472440944886
20
-5.8427992125984254
11
4.6335708661417323
21
-5.8427992125984254
0
LINE
8
CYAN2
6
CONTINUOUS
10
4.6335708661417323
20
-5.8427992125984254
11
4.6383307086614174
21
-5.84042125984252
0
LINE
8
CYAN2
6
CONTINUOUS
10
4.6383307086614174
20
-5.84042125984252
11
4.6407125984251971
21
-5.8380393700787403
0
LINE
8
CYAN2
6
CONTINUOUS
10
4.6407125984251971
20
-5.8380393700787403
11
4.6430944881889769
21
-5.8332755905511817
0
LINE
8
CYAN2
6
CONTINUOUS
10
4.6430944881889769
20
-5.8332755905511817
11
4.6430944881889769
21
-5.8213700787401574
0
LINE
8
CYAN2
6
CONTINUOUS
10
4.6430944881889769
20
-5.8213700787401574
11
4.6407125984251971
21
-5.8166102362204724
0
LINE
8
CYAN2
6
CONTINUOUS
10
4.6407125984251971
20
-5.8166102362204724
11
4.6383307086614174
21
-5.8142283464566935
0
LINE
8
CYAN2
6
CONTINUOUS
10
4.6383307086614174
20
-5.8142283464566935
11
4.6335708661417323
21
-5.8118464566929138
0
LINE
8
CYAN2
6
CONTINUOUS
10
4.6335708661417323
20
-5.8118464566929138
11
4.6240472440944886
21
-5.8118464566929138
0
LINE
8
CYAN2
6
CONTINUOUS
10
4.6240472440944886
20
-5.8118464566929138
11
4.6192834645669292
21
-5.8142283464566935
0
LINE
8
CYAN2
6
CONTINUOUS
10
4.6192834645669292
20
-5.8142283464566935
11
4.6169015748031494
21
-5.8166102362204724
0
LINE
8
CYAN2
6
CONTINUOUS
10
4.6169015748031494
20
-5.8166102362204724
11
4.6145236220472441
21
-5.8213700787401574
0
LINE
8
CYAN2
6
CONTINUOUS
10
4.6880944881889768
20
-5.8875629921259849
11
4.6904724409448821
21
-5.8851811023622052
0
LINE
8
CYAN2
6
CONTINUOUS
10
4.6904724409448821
20
-5.8851811023622052
11
4.6952362204724407
21
-5.8827992125984254
0
LINE
8
CYAN2
6
CONTINUOUS
10
4.6952362204724407
20
-5.8827992125984254
11
4.707141732283465
21
-5.8827992125984254
0
LINE
8
CYAN2
6
CONTINUOUS
10
4.707141732283465
20
-5.8827992125984254
11
4.7119015748031501
21
-5.8851811023622052
0
LINE
8
CYAN2
6
CONTINUOUS
10
4.7119015748031501
20
-5.8851811023622052
11
4.7142834645669289
21
-5.8875629921259849
0
LINE
8
CYAN2
6
CONTINUOUS
10
4.7142834645669289
20
-5.8875629921259849
11
4.7166653543307087
21
-5.8923228346456691
0
LINE
8
CYAN2
6
CONTINUOUS
10
4.7166653543307087
20
-5.8923228346456691
11
4.7166653543307087
21
-5.8970866141732285
0
LINE
8
CYAN2
6
CONTINUOUS
10
4.7166653543307087
20
-5.8970866141732285
11
4.7142834645669289
21
-5.9042283464566934
0
LINE
8
CYAN2
6
CONTINUOUS
10
4.7142834645669289
20
-5.9042283464566934
11
4.6857125984251971
21
-5.9327992125984252
0
LINE
8
CYAN2
6
CONTINUOUS
10
4.6857125984251971
20
-5.9327992125984252
11
4.7166653543307087
21
-5.9327992125984252
0
LINE
8
CYAN2
6
CONTINUOUS
10
4.7357125984251969
20
-5.8875629921259849
11
4.7380905511811022
21
-5.8851811023622052
0
LINE
8
CYAN2
6
CONTINUOUS
10
4.7380905511811022
20
-5.8851811023622052
11
4.7428543307086617
21
-5.8827992125984254
0
LINE
8
CYAN2
6
CONTINUOUS
10
4.7428543307086617
20
-5.8827992125984254
11
4.7547598425196851
21
-5.8827992125984254
0
LINE
8
CYAN2
6
CONTINUOUS
10
4.7547598425196851
20
-5.8827992125984254
11
4.7595196850393702
21
-5.8851811023622052
0
LINE
8
CYAN2
6
CONTINUOUS
10
4.7595196850393702
20
-5.8851811023622052
11
4.7619015748031499
21
-5.8875629921259849
0
LINE
8
CYAN2
6
CONTINUOUS
10
4.7619015748031499
20
-5.8875629921259849
11
4.7642834645669296
21
-5.8923228346456691
0
LINE
8
CYAN2
6
CONTINUOUS
10
4.7642834645669296
20
-5.8923228346456691
11
4.7642834645669296
21
-5.8970866141732285
0
LINE
8
CYAN2
6
CONTINUOUS
10
4.7642834645669296
20
-5.8970866141732285
11
4.7619015748031499
21
-5.9042283464566934
0
LINE
8
CYAN2
6
CONTINUOUS
10
4.7619015748031499
20
-5.9042283464566934
11
4.7333307086614171
21
-5.9327992125984252
0
LINE
8
CYAN2
6
CONTINUOUS
10
4.7333307086614171
20
-5.9327992125984252
11
4.7642834645669296
21
-5.9327992125984252
0
LINE
8
CYAN2
6
CONTINUOUS
10
4.7952322834645669
20
-5.8827992125984254
11
4.7999960629921263
21
-5.8827992125984254
0
LINE
8
CYAN2
6
CONTINUOUS
10
4.7999960629921263
20
-5.8827992125984254
11
4.8047559055118114
21
-5.8851811023622052
0
LINE
8
CYAN2
6
CONTINUOUS
10
4.8047559055118114
20
-5.8851811023622052
11
4.8071377952755912
21
-5.8875629921259849
0
LINE
8
CYAN2
6
CONTINUOUS
10
4.8071377952755912
20
-5.8875629921259849
11
4.80951968503937
21
-5.8923228346456691
0
LINE
8
CYAN2
6
CONTINUOUS
10
4.80951968503937
20
-5.8923228346456691
11
4.8119015748031497
21
-5.9018464566929136
0
LINE
8
CYAN2
6
CONTINUOUS
10
4.8119015748031497
20
-5.9018464566929136
11
4.8119015748031497
21
-5.913751968503937
0
LINE
8
CYAN2
6
CONTINUOUS
10
4.8119015748031497
20
-5.913751968503937
11
4.80951968503937
21
-5.9232755905511816
0
LINE
8
CYAN2
6
CONTINUOUS
10
4.80951968503937
20
-5.9232755905511816
11
4.8071377952755912
21
-5.9280393700787402
0
LINE
8
CYAN2
6
CONTINUOUS
10
4.8071377952755912
20
-5.9280393700787402
11
4.8047559055118114
21
-5.9304212598425199
0
LINE
8
CYAN2
6
CONTINUOUS
10
4.8047559055118114
20
-5.9304212598425199
11
4.7999960629921263
21
-5.9327992125984252
0
LINE
8
CYAN2
6
CONTINUOUS
10
4.7999960629921263
20
-5.9327992125984252
11
4.7952322834645669
21
-5.9327992125984252
0
LINE
8
CYAN2
6
CONTINUOUS
10
4.7952322834645669
20
-5.9327992125984252
11
4.7904724409448818
21
-5.9304212598425199
0
LINE
8
CYAN2
6
CONTINUOUS
10
4.7904724409448818
20
-5.9304212598425199
11
4.7880905511811029
21
-5.9280393700787402
0
LINE
8
CYAN2
6
CONTINUOUS
10
4.7880905511811029
20
-5.9280393700787402
11
4.7857086614173232
21
-5.9232755905511816
0
LINE
8
CYAN2
6
CONTINUOUS
10
4.7857086614173232
20
-5.9232755905511816
11
4.7833307086614179
21
-5.913751968503937
0
LINE
8
CYAN2
6
CONTINUOUS
10
4.7833307086614179
20
-5.913751968503937
11
4.7833307086614179
21
-5.9018464566929136
0
LINE
8
CYAN2
6
CONTINUOUS
10
4.7833307086614179
20
-5.9018464566929136
11
4.7857086614173232
21
-5.8923228346456691
0
LINE
8
CYAN2
6
CONTINUOUS
10
4.7857086614173232
20
-5.8923228346456691
11
4.7880905511811029
21
-5.8875629921259849
0
LINE
8
CYAN2
6
CONTINUOUS
10
4.7880905511811029
20
-5.8875629921259849
11
4.7904724409448818
21
-5.8851811023622052
0
LINE
8
CYAN2
6
CONTINUOUS
10
4.7904724409448818
20
-5.8851811023622052
11
4.7952322834645669
21
-5.8827992125984254
0
LINE
8
RED2
6
CONTINUOUS
10
4.6500000000000004
20
-5.9000000000000004
11
4.6000000000000005
21
-5.9000000000000004
0
LINE
8
RED2
6
CONTINUOUS
10
4.8500000000000005
20
-5.9000000000000004
11
4.9000000000000004
21
-5.9000000000000004
0
LINE
8
CYAN2
6
CONTINUOUS
10
5.2992834645669289
20
-5.8328031496062991
11
5.2992834645669289
21
-5.7828031496062993
0
LINE
8
CYAN2
6
CONTINUOUS
10
5.2992834645669289
20
-5.7828031496062993
11
5.3111889763779532
21
-5.7828031496062993
0
LINE
8
CYAN2
6
CONTINUOUS
10
5.3111889763779532
20
-5.7828031496062993
11
5.3183307086614171
21
-5.785185039370079
0
LINE
8
CYAN2
6
CONTINUOUS
10
5.3183307086614171
20
-5.785185039370079
11
5.3230944881889766
21
-5.7899488188976376
0
LINE
8
CYAN2
6
CONTINUOUS
10
5.3230944881889766
20
-5.7899488188976376
11
5.3254763779527563
21
-5.7947086614173227
0
LINE
8
CYAN2
6
CONTINUOUS
10
5.3254763779527563
20
-5.7947086614173227
11
5.3278543307086617
21
-5.8042322834645672
0
LINE
8
CYAN2
6
CONTINUOUS
10
5.3278543307086617
20
-5.8042322834645672
11
5.3278543307086617
21
-5.811374015748032
0
LINE
8
CYAN2
6
CONTINUOUS
10
5.3278543307086617
20
-5.811374015748032
11
5.3254763779527563
21
-5.8208976377952757
0
LINE
8
CYAN2
6
CONTINUOUS
10
5.3254763779527563
20
-5.8208976377952757
11
5.3230944881889766
21
-5.8256614173228352
0
LINE
8
CYAN2
6
CONTINUOUS
10
5.3230944881889766
20
-5.8256614173228352
11
5.3183307086614171
21
-5.8304251968503937
0
LINE
8
CYAN2
6
CONTINUOUS
10
5.3183307086614171
20
-5.8304251968503937
11
5.3111889763779532
21
-5.8328031496062991
0
LINE
8
CYAN2
6
CONTINUOUS
10
5.3111889763779532
20
-5.8328031496062991
11
5.2992834645669289
21
-5.8328031496062991
0
LINE
8
CYAN2
6
CONTINUOUS
10
5.3707125984251967
20
-5.7994724409448821
11
5.3707125984251967
21
-5.8328031496062991
0
LINE
8
CYAN2
6
CONTINUOUS
10
5.3588070866141733
20
-5.7804251968503939
11
5.3469055118110242
21
-5.8161377952755906
0
LINE
8
CYAN2
6
CONTINUOUS
10
5.3469055118110242
20
-5.8161377952755906
11
5.3778543307086615
21
-5.8161377952755906
0
LINE
8
CYAN2
6
CONTINUOUS
10
5.3945236220472443
20
-5.7875669291338587
11
5.3969015748031497
21
-5.785185039370079
0
LINE
8
CYAN2
6
CONTINUOUS
10
5.3969015748031497
20
-5.785185039370079
11
5.4016653543307092
21
-5.7828031496062993
0
LINE
8
CYAN2
6
CONTINUOUS
10
5.4016653543307092
20
-5.7828031496062993
11
5.4135708661417326
21
-5.7828031496062993
0
LINE
8
CYAN2
6
CONTINUOUS
10
5.4135708661417326
20
-5.7828031496062993
11
5.4183307086614176
21
-5.785185039370079
0
LINE
8
CYAN2
6
CONTINUOUS
10
5.4183307086614176
20
-5.785185039370079
11
5.4207125984251974
21
-5.7875669291338587
0
LINE
8
CYAN2
6
CONTINUOUS
10
5.4207125984251974
20
-5.7875669291338587
11
5.4230944881889762
21
-5.7923267716535438
0
LINE
8
CYAN2
6
CONTINUOUS
10
5.4230944881889762
20
-5.7923267716535438
11
5.4230944881889762
21
-5.7970905511811024
0
LINE
8
CYAN2
6
CONTINUOUS
10
5.4230944881889762
20
-5.7970905511811024
11
5.4207125984251974
21
-5.8042322834645672
0
LINE
8
CYAN2
6
CONTINUOUS
10
5.4207125984251974
20
-5.8042322834645672
11
5.3921417322834646
21
-5.8328031496062991
0
LINE
8
CYAN2
6
CONTINUOUS
10
5.3921417322834646
20
-5.8328031496062991
11
5.4230944881889762
21
-5.8328031496062991
0
LINE
8
CYAN2
6
CONTINUOUS
10
5.0721417322834643
20
-5.9589960629921261
11
5.0721417322834643
21
-5.9828031496062994
0
LINE
8
CYAN2
6
CONTINUOUS
10
5.0554763779527558
20
-5.9328031496062996
11
5.0721417322834643
21
-5.9589960629921261
0
LINE
8
CYAN2
6
CONTINUOUS
10
5.0721417322834643
20
-5.9589960629921261
11
5.0888110236220472
21
-5.9328031496062996
0
LINE
8
CYAN2
6
CONTINUOUS
10
5.1054763779527557
20
-5.9566141732283464
11
5.1221456692913385
21
-5.9566141732283464
0
LINE
8
CYAN2
6
CONTINUOUS
10
5.1292874015748033
20
-5.9828031496062994
11
5.1054763779527557
21
-5.9828031496062994
0
LINE
8
CYAN2
6
CONTINUOUS
10
5.1054763779527557
20
-5.9828031496062994
11
5.1054763779527557
21
-5.9328031496062996
0
LINE
8
CYAN2
6
CONTINUOUS
10
5.1054763779527557
20
-5.9328031496062996
11
5.1292874015748033
21
-5.9328031496062996
0
LINE
8
CYAN2
6
CONTINUOUS
10
5.1745236220472446
20
-5.9828031496062994
11
5.1507125984251969
21
-5.9828031496062994
0
LINE
8
CYAN2
6
CONTINUOUS
10
5.1507125984251969
20
-5.9828031496062994
11
5.1507125984251969
21
-5.9328031496062996
0
LINE
8
CYAN2
6
CONTINUOUS
10
5.2149999999999999
20
-5.9828031496062994
11
5.1911889763779531
21
-5.9828031496062994
0
LINE
8
CYAN2
6
CONTINUOUS
10
5.1911889763779531
20
-5.9828031496062994
11
5.1911889763779531
21
-5.9328031496062996
0
LINE
8
CYAN2
6
CONTINUOUS
10
5.2411889763779529
20
-5.9328031496062996
11
5.2507125984251974
21
-5.9328031496062996
0
LINE
8
CYAN2
6
CONTINUOUS
10
5.2507125984251974
20
-5.9328031496062996
11
5.255476377952756
21
-5.9351850393700794
0
LINE
8
CYAN2
6
CONTINUOUS
10
5.255476377952756
20
-5.9351850393700794
11
5.2602362204724411
21
-5.9399488188976379
0
LINE
8
CYAN2
6
CONTINUOUS
10
5.2602362204724411
20
-5.9399488188976379
11
5.2626181102362208
21
-5.9494724409448825
0
LINE
8
CYAN2
6
CONTINUOUS
10
5.2626181102362208
20
-5.9494724409448825
11
5.2626181102362208
21
-5.966137795275591
0
LINE
8
CYAN2
6
CONTINUOUS
10
5.2626181102362208
20
-5.966137795275591
11
5.2602362204724411
21
-5.9756614173228346
0
LINE
8
CYAN2
6
CONTINUOUS
10
5.2602362204724411
20
-5.9756614173228346
11
5.255476377952756
21
-5.9804251968503941
0
LINE
8
CYAN2
6
CONTINUOUS
10
5.255476377952756
20
-5.9804251968503941
11
5.2507125984251974
21
-5.9828031496062994
0
LINE
8
CYAN2
6
CONTINUOUS
10
5.2507125984251974
20
-5.9828031496062994
11
5.2411889763779529
21
-5.9828031496062994
0
LINE
8
CYAN2
6
CONTINUOUS
10
5.2411889763779529
20
-5.9828031496062994
11
5.2364291338582678
21
-5.9804251968503941
0
LINE
8
CYAN2
6
CONTINUOUS
10
5.2364291338582678
20
-5.9804251968503941
11
5.2316653543307092
21
-5.9756614173228346
0
LINE
8
CYAN2
6
CONTINUOUS
10
5.2316653543307092
20
-5.9756614173228346
11
5.229287401574803
21
-5.966137795275591
0
LINE
8
CYAN2
6
CONTINUOUS
10
5.229287401574803
20
-5.966137795275591
11
5.229287401574803
21
-5.9494724409448825
0
LINE
8
CYAN2
6
CONTINUOUS
10
5.229287401574803
20
-5.9494724409448825
11
5.2316653543307092
21
-5.9399488188976379
0
LINE
8
CYAN2
6
CONTINUOUS
10
5.2316653543307092
20
-5.9399488188976379
11
5.2364291338582678
21
-5.9351850393700794
0
LINE
8
CYAN2
6
CONTINUOUS
10
5.2364291338582678
20
-5.9351850393700794
11
5.2411889763779529
21
-5.9328031496062996
0
LINE
8
CYAN2
6
CONTINUOUS
10
5.2792874015748037
20
-5.9328031496062996
11
5.2911929133858271
21
-5.9828031496062994
0
LINE
8
CYAN2
6
CONTINUOUS
10
5.2911929133858271
20
-5.9828031496062994
11
5.3007165354330708
21
-5.9470905511811027
0
LINE
8
CYAN2
6
CONTINUOUS
10
5.3007165354330708
20
-5.9470905511811027
11
5.3102401574803153
21
-5.9828031496062994
0
LINE
8
CYAN2
6
CONTINUOUS
10
5.3102401574803153
20
-5.9828031496062994
11
5.3221456692913387
21
-5.9328031496062996
0
LINE
8
RED2
6
CONTINUOUS
10
5.2000000000000002
20
-5.9000000000000004
11
5.1000000000000005
21
-5.9000000000000004
0
LINE
8
RED2
6
CONTINUOUS
10
5.2999999999999998
20
-5.9000000000000004
11
5.4000000000000004
21
-5.9000000000000004
0
LINE
8
CYAN2
6
CONTINUOUS
10
6.1662795275590554
20
-4.7727992125984251
11
6.1662795275590554
21
-4.8132755905511813
0
LINE
8
CYAN2
6
CONTINUOUS
10
6.1662795275590554
20
-4.8132755905511813
11
6.1686614173228351
21
-4.8180393700787407
0
LINE
8
CYAN2
6
CONTINUOUS
10
6.1686614173228351
20
-4.8180393700787407
11
6.171043307086614
21
-4.8204212598425196
0
LINE
8
CYAN2
6
CONTINUOUS
10
6.171043307086614
20
-4.8204212598425196
11
6.1758031496062991
21
-4.8227992125984258
0
LINE
8
CYAN2
6
CONTINUOUS
10
6.1758031496062991
20
-4.8227992125984258
11
6.1853267716535436
21
-4.8227992125984258
0
LINE
8
CYAN2
6
CONTINUOUS
10
6.1853267716535436
20
-4.8227992125984258
11
6.1900905511811022
21
-4.8204212598425196
0
LINE
8
CYAN2
6
CONTINUOUS
10
6.1900905511811022
20
-4.8204212598425196
11
6.1924724409448819
21
-4.8180393700787407
0
LINE
8
CYAN2
6
CONTINUOUS
10
6.1924724409448819
20
-4.8180393700787407
11
6.1948503937007873
21
-4.8132755905511813
0
LINE
8
CYAN2
6
CONTINUOUS
10
6.1948503937007873
20
-4.8132755905511813
11
6.1948503937007873
21
-4.7727992125984251
0
LINE
8
CYAN2
6
CONTINUOUS
10
6.2162834645669296
20
-4.7775629921259846
11
6.218661417322835
21
-4.7751811023622048
0
LINE
8
CYAN2
6
CONTINUOUS
10
6.218661417322835
20
-4.7751811023622048
11
6.2234251968503935
21
-4.7727992125984251
0
LINE
8
CYAN2
6
CONTINUOUS
10
6.2234251968503935
20
-4.7727992125984251
11
6.2353307086614178
21
-4.7727992125984251
0
LINE
8
CYAN2
6
CONTINUOUS
10
6.2353307086614178
20
-4.7727992125984251
11
6.2400905511811029
21
-4.7751811023622048
0
LINE
8
CYAN2
6
CONTINUOUS
10
6.2400905511811029
20
-4.7751811023622048
11
6.2424724409448817
21
-4.7775629921259846
0
LINE
8
CYAN2
6
CONTINUOUS
10
6.2424724409448817
20
-4.7775629921259846
11
6.2448543307086615
21
-4.7823228346456697
0
LINE
8
CYAN2
6
CONTINUOUS
10
6.2448543307086615
20
-4.7823228346456697
11
6.2448543307086615
21
-4.7870866141732282
0
LINE
8
CYAN2
6
CONTINUOUS
10
6.2448543307086615
20
-4.7870866141732282
11
6.2424724409448817
21
-4.794228346456693
0
LINE
8
CYAN2
6
CONTINUOUS
10
6.2424724409448817
20
-4.794228346456693
11
6.2139015748031499
21
-4.8227992125984258
0
LINE
8
CYAN2
6
CONTINUOUS
10
6.2139015748031499
20
-4.8227992125984258
11
6.2448543307086615
21
-4.8227992125984258
0
LINE
8
CYAN2
6
CONTINUOUS
10
6.287708661417323
20
-4.7727992125984251
11
6.2781850393700793
21
-4.7727992125984251
0
LINE
8
CYAN2
6
CONTINUOUS
10
6.2781850393700793
20
-4.7727992125984251
11
6.2734251968503942
21
-4.7751811023622048
0
LINE
8
CYAN2
6
CONTINUOUS
10
6.2734251968503942
20
-4.7751811023622048
11
6.2710433070866145
21
-4.7775629921259846
0
LINE
8
CYAN2
6
CONTINUOUS
10
6.2710433070866145
20
-4.7775629921259846
11
6.266279527559055
21
-4.7847047244094494
0
LINE
8
CYAN2
6
CONTINUOUS
10
6.266279527559055
20
-4.7847047244094494
11
6.2639015748031497
21
-4.794228346456693
0
LINE
8
CYAN2
6
CONTINUOUS
10
6.2639015748031497
20
-4.794228346456693
11
6.2639015748031497
21
-4.8132755905511813
0
LINE
8
CYAN2
6
CONTINUOUS
10
6.2639015748031497
20
-4.8132755905511813
11
6.266279527559055
21
-4.8180393700787407
0
LINE
8
CYAN2
6
CONTINUOUS
10
6.266279527559055
20
-4.8180393700787407
11
6.2686614173228348
21
-4.8204212598425196
0
LINE
8
CYAN2
6
CONTINUOUS
10
6.2686614173228348
20
-4.8204212598425196
11
6.2734251968503942
21
-4.8227992125984258
0
LINE
8
CYAN2
6
CONTINUOUS
10
6.2734251968503942
20
-4.8227992125984258
11
6.2829488188976379
21
-4.8227992125984258
0
LINE
8
CYAN2
6
CONTINUOUS
10
6.2829488188976379
20
-4.8227992125984258
11
6.287708661417323
21
-4.8204212598425196
0
LINE
8
CYAN2
6
CONTINUOUS
10
6.287708661417323
20
-4.8204212598425196
11
6.2900905511811027
21
-4.8180393700787407
0
LINE
8
CYAN2
6
CONTINUOUS
10
6.2900905511811027
20
-4.8180393700787407
11
6.2924724409448825
21
-4.8132755905511813
0
LINE
8
CYAN2
6
CONTINUOUS
10
6.2924724409448825
20
-4.8132755905511813
11
6.2924724409448825
21
-4.8013700787401579
0
LINE
8
CYAN2
6
CONTINUOUS
10
6.2924724409448825
20
-4.8013700787401579
11
6.2900905511811027
21
-4.7966102362204728
0
LINE
8
CYAN2
6
CONTINUOUS
10
6.2900905511811027
20
-4.7966102362204728
11
6.287708661417323
21
-4.794228346456693
0
LINE
8
CYAN2
6
CONTINUOUS
10
6.287708661417323
20
-4.794228346456693
11
6.2829488188976379
21
-4.7918464566929133
0
LINE
8
CYAN2
6
CONTINUOUS
10
6.2829488188976379
20
-4.7918464566929133
11
6.2734251968503942
21
-4.7918464566929133
0
LINE
8
CYAN2
6
CONTINUOUS
10
6.2734251968503942
20
-4.7918464566929133
11
6.2686614173228348
21
-4.794228346456693
0
LINE
8
CYAN2
6
CONTINUOUS
10
6.2686614173228348
20
-4.794228346456693
11
6.266279527559055
21
-4.7966102362204728
0
LINE
8
CYAN2
6
CONTINUOUS
10
6.266279527559055
20
-4.7966102362204728
11
6.2639015748031497
21
-4.8013700787401579
0
LINE
8
CYAN2
6
CONTINUOUS
10
6.1615196850393703
20
-4.8727992125984256
11
6.1948503937007873
21
-4.8727992125984256
0
LINE
8
CYAN2
6
CONTINUOUS
10
6.1948503937007873
20
-4.8727992125984256
11
6.1734251968503937
21
-4.9227992125984255
0
LINE
8
CYAN2
6
CONTINUOUS
10
6.2353267716535434
20
-4.8894685039370085
11
6.2353267716535434
21
-4.9227992125984255
0
LINE
8
CYAN2
6
CONTINUOUS
10
6.22342125984252
20
-4.8704212598425203
11
6.2115196850393701
21
-4.906133858267717
0
LINE
8
CYAN2
6
CONTINUOUS
10
6.2115196850393701
20
-4.906133858267717
11
6.2424685039370083
21
-4.906133858267717
0
LINE
8
CYAN2
6
CONTINUOUS
10
6.2615157480314965
20
-4.9227992125984255
11
6.2615157480314965
21
-4.8727992125984256
0
LINE
8
CYAN2
6
CONTINUOUS
10
6.2615157480314965
20
-4.8966102362204724
11
6.2900866141732283
21
-4.8966102362204724
0
LINE
8
CYAN2
6
CONTINUOUS
10
6.2900866141732283
20
-4.9227992125984255
11
6.2900866141732283
21
-4.8727992125984256
0
LINE
8
CYAN2
6
CONTINUOUS
10
6.3424685039370079
20
-4.9180393700787404
11
6.3400905511811025
21
-4.9204212598425201
0
LINE
8
CYAN2
6
CONTINUOUS
10
6.3400905511811025
20
-4.9204212598425201
11
6.3329448818897642
21
-4.9227992125984255
0
LINE
8
CYAN2
6
CONTINUOUS
10
6.3329448818897642
20
-4.9227992125984255
11
6.3281850393700791
21
-4.9227992125984255
0
LINE
8
CYAN2
6
CONTINUOUS
10
6.3281850393700791
20
-4.9227992125984255
11
6.3210433070866143
21
-4.9204212598425201
0
LINE
8
CYAN2
6
CONTINUOUS
10
6.3210433070866143
20
-4.9204212598425201
11
6.3162795275590558
21
-4.9156574803149606
0
LINE
8
CYAN2
6
CONTINUOUS
10
6.3162795275590558
20
-4.9156574803149606
11
6.313897637795276
21
-4.9108937007874021
0
LINE
8
CYAN2
6
CONTINUOUS
10
6.313897637795276
20
-4.9108937007874021
11
6.3115196850393707
21
-4.9013700787401575
0
LINE
8
CYAN2
6
CONTINUOUS
10
6.3115196850393707
20
-4.9013700787401575
11
6.3115196850393707
21
-4.8942283464566927
0
LINE
8
CYAN2
6
CONTINUOUS
10
6.3115196850393707
20
-4.8942283464566927
11
6.313897637795276
21
-4.884704724409449
0
LINE
8
CYAN2
6
CONTINUOUS
10
6.313897637795276
20
-4.884704724409449
11
6.3162795275590558
21
-4.8799448818897639
0
LINE
8
CYAN2
6
CONTINUOUS
10
6.3162795275590558
20
-4.8799448818897639
11
6.3210433070866143
21
-4.8751811023622045
0
LINE
8
CYAN2
6
CONTINUOUS
10
6.3210433070866143
20
-4.8751811023622045
11
6.3281850393700791
21
-4.8727992125984256
0
LINE
8
CYAN2
6
CONTINUOUS
10
6.3281850393700791
20
-4.8727992125984256
11
6.3329448818897642
21
-4.8727992125984256
0
LINE
8
CYAN2
6
CONTINUOUS
10
6.3329448818897642
20
-4.8727992125984256
11
6.3400905511811025
21
-4.8751811023622045
0
LINE
8
CYAN2
6
CONTINUOUS
10
6.3400905511811025
20
-4.8751811023622045
11
6.3424685039370079
21
-4.8775629921259842
0
LINE
8
CYAN2
6
CONTINUOUS
10
6.356755905511811
20
-4.8727992125984256
11
6.3853267716535438
21
-4.8727992125984256
0
LINE
8
CYAN2
6
CONTINUOUS
10
6.3710433070866141
20
-4.9227992125984255
11
6.3710433070866141
21
-4.8727992125984256
0
LINE
8
CYAN2
6
CONTINUOUS
10
6.4281850393700788
20
-4.9227992125984255
11
6.3996141732283469
21
-4.9227992125984255
0
LINE
8
CYAN2
6
CONTINUOUS
10
6.4138976377952757
20
-4.9227992125984255
11
6.4138976377952757
21
-4.8727992125984256
0
LINE
8
CYAN2
6
CONTINUOUS
10
6.4138976377952757
20
-4.8727992125984256
11
6.4091377952755906
21
-4.8799448818897639
0
LINE
8
CYAN2
6
CONTINUOUS
10
6.4091377952755906
20
-4.8799448818897639
11
6.404374015748032
21
-4.884704724409449
0
LINE
8
CYAN2
6
CONTINUOUS
10
6.404374015748032
20
-4.884704724409449
11
6.3996141732283469
21
-4.8870866141732288
0
LINE
8
CYAN2
6
CONTINUOUS
10
6.47342125984252
20
-4.8727992125984256
11
6.4496102362204724
21
-4.8727992125984256
0
LINE
8
CYAN2
6
CONTINUOUS
10
6.4496102362204724
20
-4.8727992125984256
11
6.447232283464567
21
-4.8966102362204724
0
LINE
8
CYAN2
6
CONTINUOUS
10
6.447232283464567
20
-4.8966102362204724
11
6.4496102362204724
21
-4.8942283464566927
0
LINE
8
CYAN2
6
CONTINUOUS
10
6.4496102362204724
20
-4.8942283464566927
11
6.4543740157480318
21
-4.8918464566929138
0
LINE
8
CYAN2
6
CONTINUOUS
10
6.4543740157480318
20
-4.8918464566929138
11
6.4662795275590552
21
-4.8918464566929138
0
LINE
8
CYAN2
6
CONTINUOUS
10
6.4662795275590552
20
-4.8918464566929138
11
6.4710393700787403
21
-4.8942283464566927
0
LINE
8
CYAN2
6
CONTINUOUS
10
6.4710393700787403
20
-4.8942283464566927
11
6.47342125984252
21
-4.8966102362204724
0
LINE
8
CYAN2
6
CONTINUOUS
10
6.47342125984252
20
-4.8966102362204724
11
6.4758031496062998
21
-4.9013700787401575
0
LINE
8
CYAN2
6
CONTINUOUS
10
6.4758031496062998
20
-4.9013700787401575
11
6.4758031496062998
21
-4.9132755905511809
0
LINE
8
CYAN2
6
CONTINUOUS
10
6.4758031496062998
20
-4.9132755905511809
11
6.47342125984252
21
-4.9180393700787404
0
LINE
8
CYAN2
6
CONTINUOUS
10
6.47342125984252
20
-4.9180393700787404
11
6.4710393700787403
21
-4.9204212598425201
0
LINE
8
CYAN2
6
CONTINUOUS
10
6.4710393700787403
20
-4.9204212598425201
11
6.4662795275590552
21
-4.9227992125984255
0
LINE
8
CYAN2
6
CONTINUOUS
10
6.4662795275590552
20
-4.9227992125984255
11
6.4543740157480318
21
-4.9227992125984255
0
LINE
8
CYAN2
6
CONTINUOUS
10
6.4543740157480318
20
-4.9227992125984255
11
6.4496102362204724
21
-4.9204212598425201
0
LINE
8
CYAN2
6
CONTINUOUS
10
6.4496102362204724
20
-4.9204212598425201
11
6.447232283464567
21
-4.9180393700787404
0
LINE
8
CYAN2
6
CONTINUOUS
10
6.4924685039370083
20
-4.8727992125984256
11
6.5257992125984252
21
-4.8727992125984256
0
LINE
8
CYAN2
6
CONTINUOUS
10
6.5257992125984252
20
-4.8727992125984256
11
6.5043740157480316
21
-4.9227992125984255
0
LINE
8
CYAN2
6
CONTINUOUS
10
6.5448464566929134
20
-4.9227992125984255
11
6.5448464566929134
21
-4.8727992125984256
0
LINE
8
CYAN2
6
CONTINUOUS
10
6.5448464566929134
20
-4.8727992125984256
11
6.5567519685039368
21
-4.8727992125984256
0
LINE
8
CYAN2
6
CONTINUOUS
10
6.5567519685039368
20
-4.8727992125984256
11
6.5638937007874016
21
-4.8751811023622045
0
LINE
8
CYAN2
6
CONTINUOUS
10
6.5638937007874016
20
-4.8751811023622045
11
6.5686574803149611
21
-4.8799448818897639
0
LINE
8
CYAN2
6
CONTINUOUS
10
6.5686574803149611
20
-4.8799448818897639
11
6.5710393700787408
21
-4.884704724409449
0
LINE
8
CYAN2
6
CONTINUOUS
10
6.5710393700787408
20
-4.884704724409449
11
6.5734173228346462
21
-4.8942283464566927
0
LINE
8
CYAN2
6
CONTINUOUS
10
6.5734173228346462
20
-4.8942283464566927
11
6.5734173228346462
21
-4.9013700787401575
0
LINE
8
CYAN2
6
CONTINUOUS
10
6.5734173228346462
20
-4.9013700787401575
11
6.5710393700787408
21
-4.9108937007874021
0
LINE
8
CYAN2
6
CONTINUOUS
10
6.5710393700787408
20
-4.9108937007874021
11
6.5686574803149611
21
-4.9156574803149606
0
LINE
8
CYAN2
6
CONTINUOUS
10
6.5686574803149611
20
-4.9156574803149606
11
6.5638937007874016
21
-4.9204212598425201
0
LINE
8
CYAN2
6
CONTINUOUS
10
6.5638937007874016
20
-4.9204212598425201
11
6.5567519685039368
21
-4.9227992125984255
0
LINE
8
CYAN2
6
CONTINUOUS
10
6.5567519685039368
20
-4.9227992125984255
11
6.5448464566929134
21
-4.9227992125984255
0
LINE
8
RED2
6
CONTINUOUS
10
5.9000000000000004
20
-4.3500000000000005
11
5.9000000000000004
21
-4.1500000000000004
0
LINE
8
CYAN2
6
CONTINUOUS
10
5.8785039370078742
20
-4.5004763779527561
11
5.9185039370078742
21
-4.4871417322834644
0
LINE
8
CYAN2
6
CONTINUOUS
10
5.9185039370078742
20
-4.4871417322834644
11
5.8785039370078742
21
-4.4738110236220479
0
LINE
8
CYAN2
6
CONTINUOUS
10
5.9146968503937014
20
-4.4376181102362207
11
5.916602362204725
21
-4.4395236220472443
0
LINE
8
CYAN2
6
CONTINUOUS
10
5.916602362204725
20
-4.4395236220472443
11
5.9185039370078742
21
-4.4452362204724407
0
LINE
8
CYAN2
6
CONTINUOUS
10
5.9185039370078742
20
-4.4452362204724407
11
5.9185039370078742
21
-4.4490472440944879
0
LINE
8
CYAN2
6
CONTINUOUS
10
5.9185039370078742
20
-4.4490472440944879
11
5.916602362204725
21
-4.4547598425196853
0
LINE
8
CYAN2
6
CONTINUOUS
10
5.916602362204725
20
-4.4547598425196853
11
5.9127913385826778
21
-4.4585708661417325
0
LINE
8
CYAN2
6
CONTINUOUS
10
5.9127913385826778
20
-4.4585708661417325
11
5.9089803149606306
21
-4.4604724409448817
0
LINE
8
CYAN2
6
CONTINUOUS
10
5.9089803149606306
20
-4.4604724409448817
11
5.9013622047244096
21
-4.4623779527559053
0
LINE
8
CYAN2
6
CONTINUOUS
10
5.9013622047244096
20
-4.4623779527559053
11
5.8956496062992132
21
-4.4623779527559053
0
LINE
8
CYAN2
6
CONTINUOUS
10
5.8956496062992132
20
-4.4623779527559053
11
5.8880275590551188
21
-4.4604724409448817
0
LINE
8
CYAN2
6
CONTINUOUS
10
5.8880275590551188
20
-4.4604724409448817
11
5.884220472440945
21
-4.4585708661417325
0
LINE
8
CYAN2
6
CONTINUOUS
10
5.884220472440945
20
-4.4585708661417325
11
5.8804094488188978
21
-4.4547598425196853
0
LINE
8
CYAN2
6
CONTINUOUS
10
5.8804094488188978
20
-4.4547598425196853
11
5.8785039370078742
21
-4.4490472440944879
0
LINE
8
CYAN2
6
CONTINUOUS
10
5.8785039370078742
20
-4.4490472440944879
11
5.8785039370078742
21
-4.4452362204724407
0
LINE
8
CYAN2
6
CONTINUOUS
10
5.8785039370078742
20
-4.4452362204724407
11
5.8804094488188978
21
-4.4395236220472443
0
LINE
8
CYAN2
6
CONTINUOUS
10
5.8804094488188978
20
-4.4395236220472443
11
5.8823149606299214
21
-4.4376181102362207
0
LINE
8
CYAN2
6
CONTINUOUS
10
5.9146968503937014
20
-4.3976181102362206
11
5.916602362204725
21
-4.3995236220472442
0
LINE
8
CYAN2
6
CONTINUOUS
10
5.916602362204725
20
-4.3995236220472442
11
5.9185039370078742
21
-4.4052362204724407
0
LINE
8
CYAN2
6
CONTINUOUS
10
5.9185039370078742
20
-4.4052362204724407
11
5.9185039370078742
21
-4.4090472440944888
0
LINE
8
CYAN2
6
CONTINUOUS
10
5.9185039370078742
20
-4.4090472440944888
11
5.916602362204725
21
-4.4147598425196852
0
LINE
8
CYAN2
6
CONTINUOUS
10
5.916602362204725
20
-4.4147598425196852
11
5.9127913385826778
21
-4.4185708661417324
0
LINE
8
CYAN2
6
CONTINUOUS
10
5.9127913385826778
20
-4.4185708661417324
11
5.9089803149606306
21
-4.4204724409448817
0
LINE
8
CYAN2
6
CONTINUOUS
10
5.9089803149606306
20
-4.4204724409448817
11
5.9013622047244096
21
-4.4223779527559053
0
LINE
8
CYAN2
6
CONTINUOUS
10
5.9013622047244096
20
-4.4223779527559053
11
5.8956496062992132
21
-4.4223779527559053
0
LINE
8
CYAN2
6
CONTINUOUS
10
5.8956496062992132
20
-4.4223779527559053
11
5.8880275590551188
21
-4.4204724409448817
0
LINE
8
CYAN2
6
CONTINUOUS
10
5.8880275590551188
20
-4.4204724409448817
11
5.884220472440945
21
-4.4185708661417324
0
LINE
8
CYAN2
6
CONTINUOUS
10
5.884220472440945
20
-4.4185708661417324
11
5.8804094488188978
21
-4.4147598425196852
0
LINE
8
CYAN2
6
CONTINUOUS
10
5.8804094488188978
20
-4.4147598425196852
11
5.8785039370078742
21
-4.4090472440944888
0
LINE
8
CYAN2
6
CONTINUOUS
10
5.8785039370078742
20
-4.4090472440944888
11
5.8785039370078742
21
-4.4052362204724407
0
LINE
8
CYAN2
6
CONTINUOUS
10
5.8785039370078742
20
-4.4052362204724407
11
5.8804094488188978
21
-4.3995236220472442
0
LINE
8
CYAN2
6
CONTINUOUS
10
5.8804094488188978
20
-4.3995236220472442
11
5.8823149606299214
21
-4.3976181102362206
0
LINE
8
RED3
6
CONTINUOUS
10
5.8911023622047249
20
-4.2576181102362209
11
5.8911023622047249
21
-4.280472440944882
0
LINE
8
RED3
6
CONTINUOUS
10
5.8911023622047249
20
-4.2690433070866147
11
5.8511023622047249
21
-4.2690433070866147
0
LINE
8
RED3
6
CONTINUOUS
10
5.8511023622047249
20
-4.2690433070866147
11
5.8568188976377957
21
-4.2728543307086619
0
LINE
8
RED3
6
CONTINUOUS
10
5.8568188976377957
20
-4.2728543307086619
11
5.8606259842519686
21
-4.2766653543307092
0
LINE
8
RED3
6
CONTINUOUS
10
5.8606259842519686
20
-4.2766653543307092
11
5.8625314960629922
21
-4.280472440944882
0
LINE
8
RED3
6
CONTINUOUS
10
5.8511023622047249
20
-4.2233307086614174
11
5.8511023622047249
21
-4.2309488188976383
0
LINE
8
RED3
6
CONTINUOUS
10
5.8511023622047249
20
-4.2309488188976383
11
5.8530078740157485
21
-4.2347598425196855
0
LINE
8
RED3
6
CONTINUOUS
10
5.8530078740157485
20
-4.2347598425196855
11
5.8549133858267721
21
-4.2366653543307091
0
LINE
8
RED3
6
CONTINUOUS
10
5.8549133858267721
20
-4.2366653543307091
11
5.8606259842519686
21
-4.240472440944882
0
LINE
8
RED3
6
CONTINUOUS
10
5.8606259842519686
20
-4.240472440944882
11
5.868248031496063
21
-4.2423779527559056
0
LINE
8
RED3
6
CONTINUOUS
10
5.868248031496063
20
-4.2423779527559056
11
5.883484251968504
21
-4.2423779527559056
0
LINE
8
RED3
6
CONTINUOUS
10
5.883484251968504
20
-4.2423779527559056
11
5.8872952755905512
21
-4.240472440944882
0
LINE
8
RED3
6
CONTINUOUS
10
5.8872952755905512
20
-4.240472440944882
11
5.8892007874015748
21
-4.2385708661417327
0
LINE
8
RED3
6
CONTINUOUS
10
5.8892007874015748
20
-4.2385708661417327
11
5.8911023622047249
21
-4.2347598425196855
0
LINE
8
RED3
6
CONTINUOUS
10
5.8911023622047249
20
-4.2347598425196855
11
5.8911023622047249
21
-4.2271417322834646
0
LINE
8
RED3
6
CONTINUOUS
10
5.8911023622047249
20
-4.2271417322834646
11
5.8892007874015748
21
-4.2233307086614174
0
LINE
8
RED3
6
CONTINUOUS
10
5.8892007874015748
20
-4.2233307086614174
11
5.8872952755905512
21
-4.2214251968503937
0
LINE
8
RED3
6
CONTINUOUS
10
5.8872952755905512
20
-4.2214251968503937
11
5.883484251968504
21
-4.2195236220472445
0
LINE
8
RED3
6
CONTINUOUS
10
5.883484251968504
20
-4.2195236220472445
11
5.8739606299212603
21
-4.2195236220472445
0
LINE
8
RED3
6
CONTINUOUS
10
5.8739606299212603
20
-4.2195236220472445
11
5.8701496062992131
21
-4.2214251968503937
0
LINE
8
RED3
6
CONTINUOUS
10
5.8701496062992131
20
-4.2214251968503937
11
5.868248031496063
21
-4.2233307086614174
0
LINE
8
RED3
6
CONTINUOUS
10
5.868248031496063
20
-4.2233307086614174
11
5.8663425196850394
21
-4.2271417322834646
0
LINE
8
RED3
6
CONTINUOUS
10
5.8663425196850394
20
-4.2271417322834646
11
5.8663425196850394
21
-4.2347598425196855
0
LINE
8
RED3
6
CONTINUOUS
10
5.8663425196850394
20
-4.2347598425196855
11
5.868248031496063
21
-4.2385708661417327
0
LINE
8
RED3
6
CONTINUOUS
10
5.868248031496063
20
-4.2385708661417327
11
5.8701496062992131
21
-4.240472440944882
0
LINE
8
RED3
6
CONTINUOUS
10
5.8701496062992131
20
-4.240472440944882
11
5.8739606299212603
21
-4.2423779527559056
0
LINE
8
RED2
6
CONTINUOUS
10
5.7000000000000002
20
-4.3500000000000005
11
5.7000000000000002
21
-4.1500000000000004
0
LINE
8
CYAN2
6
CONTINUOUS
10
5.7032677165354331
20
-4.450948818897638
11
5.7013622047244095
21
-4.4490433070866144
0
LINE
8
CYAN2
6
CONTINUOUS
10
5.7013622047244095
20
-4.4490433070866144
11
5.6994566929133859
21
-4.4452322834645672
0
LINE
8
CYAN2
6
CONTINUOUS
10
5.6994566929133859
20
-4.4452322834645672
11
5.7032677165354331
21
-4.4376141732283463
0
LINE
8
CYAN2
6
CONTINUOUS
10
5.7032677165354331
20
-4.4376141732283463
11
5.7013622047244095
21
-4.4338070866141734
0
LINE
8
CYAN2
6
CONTINUOUS
10
5.7013622047244095
20
-4.4338070866141734
11
5.6994566929133859
21
-4.4319015748031498
0
LINE
8
CYAN2
6
CONTINUOUS
10
5.6975511811023622
20
-4.4166614173228345
11
5.6975511811023622
21
-4.4033307086614171
0
LINE
8
CYAN2
6
CONTINUOUS
10
5.7185039370078741
20
-4.3976141732283462
11
5.7185039370078741
21
-4.4166614173228345
0
LINE
8
CYAN2
6
CONTINUOUS
10
5.7185039370078741
20
-4.4166614173228345
11
5.678503937007874
21
-4.4166614173228345
0
LINE
8
CYAN2
6
CONTINUOUS
10
5.678503937007874
20
-4.4166614173228345
11
5.678503937007874
21
-4.3976141732283462
0
LINE
8
RED3
6
CONTINUOUS
10
5.6911023622047248
20
-4.2576181102362209
11
5.6911023622047248
21
-4.280472440944882
0
LINE
8
RED3
6
CONTINUOUS
10
5.6911023622047248
20
-4.2690433070866147
11
5.6511023622047247
21
-4.2690433070866147
0
LINE
8
RED3
6
CONTINUOUS
10
5.6511023622047247
20
-4.2690433070866147
11
5.6568188976377956
21
-4.2728543307086619
0
LINE
8
RED3
6
CONTINUOUS
10
5.6568188976377956
20
-4.2728543307086619
11
5.6606259842519684
21
-4.2766653543307092
0
LINE
8
RED3
6
CONTINUOUS
10
5.6606259842519684
20
-4.2766653543307092
11
5.662531496062992
21
-4.280472440944882
0
LINE
8
RED3
6
CONTINUOUS
10
5.6511023622047247
20
-4.2214251968503937
11
5.6511023622047247
21
-4.240472440944882
0
LINE
8
RED3
6
CONTINUOUS
10
5.6511023622047247
20
-4.240472440944882
11
5.6701496062992129
21
-4.2423779527559056
0
LINE
8
RED3
6
CONTINUOUS
10
5.6701496062992129
20
-4.2423779527559056
11
5.6682480314960628
21
-4.240472440944882
0
LINE
8
RED3
6
CONTINUOUS
10
5.6682480314960628
20
-4.240472440944882
11
5.6663425196850392
21
-4.2366653543307091
0
LINE
8
RED3
6
CONTINUOUS
10
5.6663425196850392
20
-4.2366653543307091
11
5.6663425196850392
21
-4.2271417322834646
0
LINE
8
RED3
6
CONTINUOUS
10
5.6663425196850392
20
-4.2271417322834646
11
5.6682480314960628
21
-4.2233307086614174
0
LINE
8
RED3
6
CONTINUOUS
10
5.6682480314960628
20
-4.2233307086614174
11
5.6701496062992129
21
-4.2214251968503937
0
LINE
8
RED3
6
CONTINUOUS
10
5.6701496062992129
20
-4.2214251968503937
11
5.6739606299212602
21
-4.2195236220472445
0
LINE
8
RED3
6
CONTINUOUS
10
5.6739606299212602
20
-4.2195236220472445
11
5.6834842519685038
21
-4.2195236220472445
0
LINE
8
RED3
6
CONTINUOUS
10
5.6834842519685038
20
-4.2195236220472445
11
5.687295275590551
21
-4.2214251968503937
0
LINE
8
RED3
6
CONTINUOUS
10
5.687295275590551
20
-4.2214251968503937
11
5.6892007874015746
21
-4.2233307086614174
0
LINE
8
RED3
6
CONTINUOUS
10
5.6892007874015746
20
-4.2233307086614174
11
5.6911023622047248
21
-4.2271417322834646
0
LINE
8
RED3
6
CONTINUOUS
10
5.6911023622047248
20
-4.2271417322834646
11
5.6911023622047248
21
-4.2366653543307091
0
LINE
8
RED3
6
CONTINUOUS
10
5.6911023622047248
20
-4.2366653543307091
11
5.6892007874015746
21
-4.240472440944882
0
LINE
8
RED3
6
CONTINUOUS
10
5.6892007874015746
20
-4.240472440944882
11
5.687295275590551
21
-4.2423779527559056
0
LINE
8
RED2
6
CONTINUOUS
10
5.6000000000000005
20
-4.3500000000000005
11
5.6000000000000005
21
-4.1500000000000004
0
LINE
8
CYAN2
6
CONTINUOUS
10
5.6166023622047243
20
-4.4204724409448817
11
5.6185039370078744
21
-4.4147598425196852
0
LINE
8
CYAN2
6
CONTINUOUS
10
5.6185039370078744
20
-4.4147598425196852
11
5.6185039370078744
21
-4.4052362204724407
0
LINE
8
CYAN2
6
CONTINUOUS
10
5.6185039370078744
20
-4.4052362204724407
11
5.6166023622047243
21
-4.4014251968503935
0
LINE
8
CYAN2
6
CONTINUOUS
10
5.6166023622047243
20
-4.4014251968503935
11
5.6146968503937007
21
-4.3995196850393699
0
LINE
8
CYAN2
6
CONTINUOUS
10
5.6146968503937007
20
-4.3995196850393699
11
5.6108858267716535
21
-4.3976181102362206
0
LINE
8
CYAN2
6
CONTINUOUS
10
5.6108858267716535
20
-4.3976181102362206
11
5.6070748031496063
21
-4.3976181102362206
0
LINE
8
CYAN2
6
CONTINUOUS
10
5.6070748031496063
20
-4.3976181102362206
11
5.6032677165354334
21
-4.3995196850393699
0
LINE
8
CYAN2
6
CONTINUOUS
10
5.6032677165354334
20
-4.3995196850393699
11
5.6013622047244098
21
-4.4014251968503935
0
LINE
8
CYAN2
6
CONTINUOUS
10
5.6013622047244098
20
-4.4014251968503935
11
5.5994566929133862
21
-4.4052362204724407
0
LINE
8
CYAN2
6
CONTINUOUS
10
5.5994566929133862
20
-4.4052362204724407
11
5.5975511811023626
21
-4.4128543307086616
0
LINE
8
CYAN2
6
CONTINUOUS
10
5.5975511811023626
20
-4.4128543307086616
11
5.5956496062992125
21
-4.4166653543307088
0
LINE
8
CYAN2
6
CONTINUOUS
10
5.5956496062992125
20
-4.4166653543307088
11
5.5937440944881889
21
-4.4185669291338581
0
LINE
8
CYAN2
6
CONTINUOUS
10
5.5937440944881889
20
-4.4185669291338581
11
5.5899330708661417
21
-4.4204724409448817
0
LINE
8
CYAN2
6
CONTINUOUS
10
5.5899330708661417
20
-4.4204724409448817
11
5.5861259842519688
21
-4.4204724409448817
0
LINE
8
CYAN2
6
CONTINUOUS
10
5.5861259842519688
20
-4.4204724409448817
11
5.5823149606299216
21
-4.4185669291338581
0
LINE
8
CYAN2
6
CONTINUOUS
10
5.5823149606299216
20
-4.4185669291338581
11
5.580409448818898
21
-4.4166653543307088
0
LINE
8
CYAN2
6
CONTINUOUS
10
5.580409448818898
20
-4.4166653543307088
11
5.5785039370078744
21
-4.4128543307086616
0
LINE
8
CYAN2
6
CONTINUOUS
10
5.5785039370078744
20
-4.4128543307086616
11
5.5785039370078744
21
-4.4033307086614171
0
LINE
8
CYAN2
6
CONTINUOUS
10
5.5785039370078744
20
-4.4033307086614171
11
5.580409448818898
21
-4.3976181102362206
0
LINE
8
RED3
6
CONTINUOUS
10
5.5911023622047242
20
-4.2385708661417327
11
5.5911023622047242
21
-4.2614251968503938
0
LINE
8
RED3
6
CONTINUOUS
10
5.5911023622047242
20
-4.2499960629921265
11
5.5511023622047242
21
-4.2499960629921265
0
LINE
8
RED3
6
CONTINUOUS
10
5.5511023622047242
20
-4.2499960629921265
11
5.5568188976377959
21
-4.2538070866141737
0
LINE
8
RED3
6
CONTINUOUS
10
5.5568188976377959
20
-4.2538070866141737
11
5.5606259842519687
21
-4.2576181102362209
0
LINE
8
RED3
6
CONTINUOUS
10
5.5606259842519687
20
-4.2576181102362209
11
5.5625314960629924
21
-4.2614251968503938
0
LINE
8
RED2
6
CONTINUOUS
10
5.4000000000000004
20
-4.3500000000000005
11
5.4000000000000004
21
-4.1500000000000004
0
LINE
8
CYAN2
6
CONTINUOUS
10
5.4185039370078742
20
-4.4547598425196853
11
5.4185039370078742
21
-4.4776141732283463
0
LINE
8
CYAN2
6
CONTINUOUS
10
5.4185039370078742
20
-4.466185039370079
11
5.3785039370078742
21
-4.466185039370079
0
LINE
8
CYAN2
6
CONTINUOUS
10
5.3785039370078742
20
-4.466185039370079
11
5.384220472440945
21
-4.4699960629921263
0
LINE
8
CYAN2
6
CONTINUOUS
10
5.384220472440945
20
-4.4699960629921263
11
5.3880275590551179
21
-4.4738070866141735
0
LINE
8
CYAN2
6
CONTINUOUS
10
5.3880275590551179
20
-4.4738070866141735
11
5.3899330708661424
21
-4.4776141732283463
0
LINE
8
CYAN2
6
CONTINUOUS
10
5.4185039370078742
20
-4.4376141732283463
11
5.3785039370078742
21
-4.4376141732283463
0
LINE
8
CYAN2
6
CONTINUOUS
10
5.3785039370078742
20
-4.410948818897638
11
5.3785039370078742
21
-4.4071417322834652
0
LINE
8
CYAN2
6
CONTINUOUS
10
5.3785039370078742
20
-4.4071417322834652
11
5.3804094488188978
21
-4.4033307086614171
0
LINE
8
CYAN2
6
CONTINUOUS
10
5.3804094488188978
20
-4.4033307086614171
11
5.3823149606299214
21
-4.4014251968503935
0
LINE
8
CYAN2
6
CONTINUOUS
10
5.3823149606299214
20
-4.4014251968503935
11
5.3861259842519686
21
-4.3995196850393699
0
LINE
8
CYAN2
6
CONTINUOUS
10
5.3861259842519686
20
-4.3995196850393699
11
5.3937440944881896
21
-4.3976181102362206
0
LINE
8
CYAN2
6
CONTINUOUS
10
5.3937440944881896
20
-4.3976181102362206
11
5.4032677165354333
21
-4.3976181102362206
0
LINE
8
CYAN2
6
CONTINUOUS
10
5.4032677165354333
20
-4.3976181102362206
11
5.4108858267716533
21
-4.3995196850393699
0
LINE
8
CYAN2
6
CONTINUOUS
10
5.4108858267716533
20
-4.3995196850393699
11
5.4146968503937014
21
-4.4014251968503935
0
LINE
8
CYAN2
6
CONTINUOUS
10
5.4146968503937014
20
-4.4014251968503935
11
5.416602362204725
21
-4.4033307086614171
0
LINE
8
CYAN2
6
CONTINUOUS
10
5.416602362204725
20
-4.4033307086614171
11
5.4185039370078742
21
-4.4071417322834652
0
LINE
8
CYAN2
6
CONTINUOUS
10
5.4185039370078742
20
-4.4071417322834652
11
5.4185039370078742
21
-4.410948818897638
0
LINE
8
CYAN2
6
CONTINUOUS
10
5.4185039370078742
20
-4.410948818897638
11
5.416602362204725
21
-4.4147598425196852
0
LINE
8
CYAN2
6
CONTINUOUS
10
5.416602362204725
20
-4.4147598425196852
11
5.4146968503937014
21
-4.4166653543307088
0
LINE
8
CYAN2
6
CONTINUOUS
10
5.4146968503937014
20
-4.4166653543307088
11
5.4108858267716533
21
-4.4185669291338581
0
LINE
8
CYAN2
6
CONTINUOUS
10
5.4108858267716533
20
-4.4185669291338581
11
5.4032677165354333
21
-4.4204724409448817
0
LINE
8
CYAN2
6
CONTINUOUS
10
5.4032677165354333
20
-4.4204724409448817
11
5.3937440944881896
21
-4.4204724409448817
0
LINE
8
CYAN2
6
CONTINUOUS
10
5.3937440944881896
20
-4.4204724409448817
11
5.3861259842519686
21
-4.4185669291338581
0
LINE
8
CYAN2
6
CONTINUOUS
10
5.3861259842519686
20
-4.4185669291338581
11
5.3823149606299214
21
-4.4166653543307088
0
LINE
8
CYAN2
6
CONTINUOUS
10
5.3823149606299214
20
-4.4166653543307088
11
5.3804094488188978
21
-4.4147598425196852
0
LINE
8
CYAN2
6
CONTINUOUS
10
5.3804094488188978
20
-4.4147598425196852
11
5.3785039370078742
21
-4.410948818897638
0
LINE
8
RED3
6
CONTINUOUS
10
5.3549133858267721
20
-4.2614251968503938
11
5.3530078740157485
21
-4.2595196850393702
0
LINE
8
RED3
6
CONTINUOUS
10
5.3530078740157485
20
-4.2595196850393702
11
5.3511023622047249
21
-4.2557125984251973
0
LINE
8
RED3
6
CONTINUOUS
10
5.3511023622047249
20
-4.2557125984251973
11
5.3511023622047249
21
-4.2461889763779528
0
LINE
8
RED3
6
CONTINUOUS
10
5.3511023622047249
20
-4.2461889763779528
11
5.3530078740157485
21
-4.2423779527559056
0
LINE
8
RED3
6
CONTINUOUS
10
5.3530078740157485
20
-4.2423779527559056
11
5.3549133858267721
21
-4.240472440944882
0
LINE
8
RED3
6
CONTINUOUS
10
5.3549133858267721
20
-4.240472440944882
11
5.3587244094488193
21
-4.2385708661417327
0
LINE
8
RED3
6
CONTINUOUS
10
5.3587244094488193
20
-4.2385708661417327
11
5.3625314960629922
21
-4.2385708661417327
0
LINE
8
RED3
6
CONTINUOUS
10
5.3625314960629922
20
-4.2385708661417327
11
5.368248031496063
21
-4.240472440944882
0
LINE
8
RED3
6
CONTINUOUS
10
5.368248031496063
20
-4.240472440944882
11
5.3911023622047249
21
-4.2633307086614174
0
LINE
8
RED3
6
CONTINUOUS
10
5.3911023622047249
20
-4.2633307086614174
11
5.3911023622047249
21
-4.2385708661417327
0
LINE
8
RED2
6
CONTINUOUS
10
5.2999999999999998
20
-4.3500000000000005
11
5.2999999999999998
21
-4.1500000000000004
0
LINE
8
CYAN2
6
CONTINUOUS
10
5.3185039370078746
20
-4.4547598425196853
11
5.3185039370078746
21
-4.4776141732283463
0
LINE
8
CYAN2
6
CONTINUOUS
10
5.3185039370078746
20
-4.466185039370079
11
5.2785039370078746
21
-4.466185039370079
0
LINE
8
CYAN2
6
CONTINUOUS
10
5.2785039370078746
20
-4.466185039370079
11
5.2842204724409454
21
-4.4699960629921263
0
LINE
8
CYAN2
6
CONTINUOUS
10
5.2842204724409454
20
-4.4699960629921263
11
5.2880275590551182
21
-4.4738070866141735
0
LINE
8
CYAN2
6
CONTINUOUS
10
5.2880275590551182
20
-4.4738070866141735
11
5.2899330708661418
21
-4.4776141732283463
0
LINE
8
CYAN2
6
CONTINUOUS
10
5.3185039370078746
20
-4.4376141732283463
11
5.2785039370078746
21
-4.4376141732283463
0
LINE
8
CYAN2
6
CONTINUOUS
10
5.3185039370078746
20
-4.3976181102362206
11
5.3185039370078746
21
-4.4204724409448817
0
LINE
8
CYAN2
6
CONTINUOUS
10
5.3185039370078746
20
-4.4090433070866144
11
5.2785039370078746
21
-4.4090433070866144
0
LINE
8
CYAN2
6
CONTINUOUS
10
5.2785039370078746
20
-4.4090433070866144
11
5.2842204724409454
21
-4.4128543307086616
0
LINE
8
CYAN2
6
CONTINUOUS
10
5.2842204724409454
20
-4.4128543307086616
11
5.2880275590551182
21
-4.4166653543307088
0
LINE
8
CYAN2
6
CONTINUOUS
10
5.2880275590551182
20
-4.4166653543307088
11
5.2899330708661418
21
-4.4204724409448817
0
LINE
8
RED3
6
CONTINUOUS
10
5.2511023622047244
20
-4.2633307086614174
11
5.2511023622047244
21
-4.2385708661417327
0
LINE
8
RED3
6
CONTINUOUS
10
5.2511023622047244
20
-4.2385708661417327
11
5.2663425196850397
21
-4.2519015748031501
0
LINE
8
RED3
6
CONTINUOUS
10
5.2663425196850397
20
-4.2519015748031501
11
5.2663425196850397
21
-4.2461889763779528
0
LINE
8
RED3
6
CONTINUOUS
10
5.2663425196850397
20
-4.2461889763779528
11
5.2682480314960634
21
-4.2423779527559056
0
LINE
8
RED3
6
CONTINUOUS
10
5.2682480314960634
20
-4.2423779527559056
11
5.2701496062992126
21
-4.240472440944882
0
LINE
8
RED3
6
CONTINUOUS
10
5.2701496062992126
20
-4.240472440944882
11
5.2739606299212598
21
-4.2385708661417327
0
LINE
8
RED3
6
CONTINUOUS
10
5.2739606299212598
20
-4.2385708661417327
11
5.2834842519685044
21
-4.2385708661417327
0
LINE
8
RED3
6
CONTINUOUS
10
5.2834842519685044
20
-4.2385708661417327
11
5.2872952755905516
21
-4.240472440944882
0
LINE
8
RED3
6
CONTINUOUS
10
5.2872952755905516
20
-4.240472440944882
11
5.2892007874015752
21
-4.2423779527559056
0
LINE
8
RED3
6
CONTINUOUS
10
5.2892007874015752
20
-4.2423779527559056
11
5.2911023622047244
21
-4.2461889763779528
0
LINE
8
RED3
6
CONTINUOUS
10
5.2911023622047244
20
-4.2461889763779528
11
5.2911023622047244
21
-4.2576181102362209
0
LINE
8
RED3
6
CONTINUOUS
10
5.2911023622047244
20
-4.2576181102362209
11
5.2892007874015752
21
-4.2614251968503938
0
LINE
8
RED3
6
CONTINUOUS
10
5.2892007874015752
20
-4.2614251968503938
11
5.2872952755905516
21
-4.2633307086614174
0
LINE
8
RED2
6
CONTINUOUS
10
5.2000000000000002
20
-4.3500000000000005
11
5.2000000000000002
21
-4.1500000000000004
0
LINE
8
CYAN2
6
CONTINUOUS
10
5.1823149606299213
20
-4.4776141732283463
11
5.1804094488188976
21
-4.4757086614173227
0
LINE
8
CYAN2
6
CONTINUOUS
10
5.1804094488188976
20
-4.4757086614173227
11
5.178503937007874
21
-4.4719015748031499
0
LINE
8
CYAN2
6
CONTINUOUS
10
5.178503937007874
20
-4.4719015748031499
11
5.178503937007874
21
-4.4623779527559053
0
LINE
8
CYAN2
6
CONTINUOUS
10
5.178503937007874
20
-4.4623779527559053
11
5.1804094488188976
21
-4.4585669291338581
0
LINE
8
CYAN2
6
CONTINUOUS
10
5.1804094488188976
20
-4.4585669291338581
11
5.1823149606299213
21
-4.4566614173228345
0
LINE
8
CYAN2
6
CONTINUOUS
10
5.1823149606299213
20
-4.4566614173228345
11
5.1861259842519685
21
-4.4547598425196853
0
LINE
8
CYAN2
6
CONTINUOUS
10
5.1861259842519685
20
-4.4547598425196853
11
5.1899330708661422
21
-4.4547598425196853
0
LINE
8
CYAN2
6
CONTINUOUS
10
5.1899330708661422
20
-4.4547598425196853
11
5.195649606299213
21
-4.4566614173228345
0
LINE
8
CYAN2
6
CONTINUOUS
10
5.195649606299213
20
-4.4566614173228345
11
5.2185039370078741
21
-4.4795196850393699
0
LINE
8
CYAN2
6
CONTINUOUS
10
5.2185039370078741
20
-4.4795196850393699
11
5.2185039370078741
21
-4.4547598425196853
0
LINE
8
CYAN2
6
CONTINUOUS
10
5.2185039370078741
20
-4.4376141732283463
11
5.178503937007874
21
-4.4376141732283463
0
LINE
8
CYAN2
6
CONTINUOUS
10
5.178503937007874
20
-4.410948818897638
11
5.178503937007874
21
-4.4071417322834652
0
LINE
8
CYAN2
6
CONTINUOUS
10
5.178503937007874
20
-4.4071417322834652
11
5.1804094488188976
21
-4.4033307086614171
0
LINE
8
CYAN2
6
CONTINUOUS
10
5.1804094488188976
20
-4.4033307086614171
11
5.1823149606299213
21
-4.4014251968503935
0
LINE
8
CYAN2
6
CONTINUOUS
10
5.1823149606299213
20
-4.4014251968503935
11
5.1861259842519685
21
-4.3995196850393699
0
LINE
8
CYAN2
6
CONTINUOUS
10
5.1861259842519685
20
-4.3995196850393699
11
5.1937440944881894
21
-4.3976181102362206
0
LINE
8
CYAN2
6
CONTINUOUS
10
5.1937440944881894
20
-4.3976181102362206
11
5.2032677165354331
21
-4.3976181102362206
0
LINE
8
CYAN2
6
CONTINUOUS
10
5.2032677165354331
20
-4.3976181102362206
11
5.210885826771654
21
-4.3995196850393699
0
LINE
8
CYAN2
6
CONTINUOUS
10
5.210885826771654
20
-4.3995196850393699
11
5.2146968503937012
21
-4.4014251968503935
0
LINE
8
CYAN2
6
CONTINUOUS
10
5.2146968503937012
20
-4.4014251968503935
11
5.2166023622047248
21
-4.4033307086614171
0
LINE
8
CYAN2
6
CONTINUOUS
10
5.2166023622047248
20
-4.4033307086614171
11
5.2185039370078741
21
-4.4071417322834652
0
LINE
8
CYAN2
6
CONTINUOUS
10
5.2185039370078741
20
-4.4071417322834652
11
5.2185039370078741
21
-4.410948818897638
0
LINE
8
CYAN2
6
CONTINUOUS
10
5.2185039370078741
20
-4.410948818897638
11
5.2166023622047248
21
-4.4147598425196852
0
LINE
8
CYAN2
6
CONTINUOUS
10
5.2166023622047248
20
-4.4147598425196852
11
5.2146968503937012
21
-4.4166653543307088
0
LINE
8
CYAN2
6
CONTINUOUS
10
5.2146968503937012
20
-4.4166653543307088
11
5.210885826771654
21
-4.4185669291338581
0
LINE
8
CYAN2
6
CONTINUOUS
10
5.210885826771654
20
-4.4185669291338581
11
5.2032677165354331
21
-4.4204724409448817
0
LINE
8
CYAN2
6
CONTINUOUS
10
5.2032677165354331
20
-4.4204724409448817
11
5.1937440944881894
21
-4.4204724409448817
0
LINE
8
CYAN2
6
CONTINUOUS
10
5.1937440944881894
20
-4.4204724409448817
11
5.1861259842519685
21
-4.4185669291338581
0
LINE
8
CYAN2
6
CONTINUOUS
10
5.1861259842519685
20
-4.4185669291338581
11
5.1823149606299213
21
-4.4166653543307088
0
LINE
8
CYAN2
6
CONTINUOUS
10
5.1823149606299213
20
-4.4166653543307088
11
5.1804094488188976
21
-4.4147598425196852
0
LINE
8
CYAN2
6
CONTINUOUS
10
5.1804094488188976
20
-4.4147598425196852
11
5.178503937007874
21
-4.410948818897638
0
LINE
8
RED3
6
CONTINUOUS
10
5.1511023622047247
20
-4.240472440944882
11
5.1511023622047247
21
-4.2595196850393702
0
LINE
8
RED3
6
CONTINUOUS
10
5.1511023622047247
20
-4.2595196850393702
11
5.1701496062992129
21
-4.2614251968503938
0
LINE
8
RED3
6
CONTINUOUS
10
5.1701496062992129
20
-4.2614251968503938
11
5.1682480314960628
21
-4.2595196850393702
0
LINE
8
RED3
6
CONTINUOUS
10
5.1682480314960628
20
-4.2595196850393702
11
5.1663425196850392
21
-4.2557125984251973
0
LINE
8
RED3
6
CONTINUOUS
10
5.1663425196850392
20
-4.2557125984251973
11
5.1663425196850392
21
-4.2461889763779528
0
LINE
8
RED3
6
CONTINUOUS
10
5.1663425196850392
20
-4.2461889763779528
11
5.1682480314960628
21
-4.2423779527559056
0
LINE
8
RED3
6
CONTINUOUS
10
5.1682480314960628
20
-4.2423779527559056
11
5.1701496062992129
21
-4.240472440944882
0
LINE
8
RED3
6
CONTINUOUS
10
5.1701496062992129
20
-4.240472440944882
11
5.1739606299212602
21
-4.2385708661417327
0
LINE
8
RED3
6
CONTINUOUS
10
5.1739606299212602
20
-4.2385708661417327
11
5.1834842519685038
21
-4.2385708661417327
0
LINE
8
RED3
6
CONTINUOUS
10
5.1834842519685038
20
-4.2385708661417327
11
5.187295275590551
21
-4.240472440944882
0
LINE
8
RED3
6
CONTINUOUS
10
5.187295275590551
20
-4.240472440944882
11
5.1892007874015746
21
-4.2423779527559056
0
LINE
8
RED3
6
CONTINUOUS
10
5.1892007874015746
20
-4.2423779527559056
11
5.1911023622047248
21
-4.2461889763779528
0
LINE
8
RED3
6
CONTINUOUS
10
5.1911023622047248
20
-4.2461889763779528
11
5.1911023622047248
21
-4.2557125984251973
0
LINE
8
RED3
6
CONTINUOUS
10
5.1911023622047248
20
-4.2557125984251973
11
5.1892007874015746
21
-4.2595196850393702
0
LINE
8
RED3
6
CONTINUOUS
10
5.1892007874015746
20
-4.2595196850393702
11
5.187295275590551
21
-4.2614251968503938
0
LINE
8
RED2
6
CONTINUOUS
10
5.1000000000000005
20
-4.3500000000000005
11
5.1000000000000005
21
-4.1500000000000004
0
LINE
8
CYAN2
6
CONTINUOUS
10
5.0823149606299216
20
-4.4776141732283463
11
5.080409448818898
21
-4.4757086614173227
0
LINE
8
CYAN2
6
CONTINUOUS
10
5.080409448818898
20
-4.4757086614173227
11
5.0785039370078744
21
-4.4719015748031499
0
LINE
8
CYAN2
6
CONTINUOUS
10
5.0785039370078744
20
-4.4719015748031499
11
5.0785039370078744
21
-4.4623779527559053
0
LINE
8
CYAN2
6
CONTINUOUS
10
5.0785039370078744
20
-4.4623779527559053
11
5.080409448818898
21
-4.4585669291338581
0
LINE
8
CYAN2
6
CONTINUOUS
10
5.080409448818898
20
-4.4585669291338581
11
5.0823149606299216
21
-4.4566614173228345
0
LINE
8
CYAN2
6
CONTINUOUS
10
5.0823149606299216
20
-4.4566614173228345
11
5.0861259842519688
21
-4.4547598425196853
0
LINE
8
CYAN2
6
CONTINUOUS
10
5.0861259842519688
20
-4.4547598425196853
11
5.0899330708661417
21
-4.4547598425196853
0
LINE
8
CYAN2
6
CONTINUOUS
10
5.0899330708661417
20
-4.4547598425196853
11
5.0956496062992125
21
-4.4566614173228345
0
LINE
8
CYAN2
6
CONTINUOUS
10
5.0956496062992125
20
-4.4566614173228345
11
5.1185039370078744
21
-4.4795196850393699
0
LINE
8
CYAN2
6
CONTINUOUS
10
5.1185039370078744
20
-4.4795196850393699
11
5.1185039370078744
21
-4.4547598425196853
0
LINE
8
CYAN2
6
CONTINUOUS
10
5.1185039370078744
20
-4.4376141732283463
11
5.0785039370078744
21
-4.4376141732283463
0
LINE
8
CYAN2
6
CONTINUOUS
10
5.1185039370078744
20
-4.3976181102362206
11
5.1185039370078744
21
-4.4204724409448817
0
LINE
8
CYAN2
6
CONTINUOUS
10
5.1185039370078744
20
-4.4090433070866144
11
5.0785039370078744
21
-4.4090433070866144
0
LINE
8
CYAN2
6
CONTINUOUS
10
5.0785039370078744
20
-4.4090433070866144
11
5.0842204724409452
21
-4.4128543307086616
0
LINE
8
CYAN2
6
CONTINUOUS
10
5.0842204724409452
20
-4.4128543307086616
11
5.0880275590551181
21
-4.4166653543307088
0
LINE
8
CYAN2
6
CONTINUOUS
10
5.0880275590551181
20
-4.4166653543307088
11
5.0899330708661417
21
-4.4204724409448817
0
LINE
8
RED3
6
CONTINUOUS
10
5.0511023622047242
20
-4.2423779527559056
11
5.0511023622047242
21
-4.2499960629921265
0
LINE
8
RED3
6
CONTINUOUS
10
5.0511023622047242
20
-4.2499960629921265
11
5.0530078740157478
21
-4.2538070866141737
0
LINE
8
RED3
6
CONTINUOUS
10
5.0530078740157478
20
-4.2538070866141737
11
5.0549133858267714
21
-4.2557125984251973
0
LINE
8
RED3
6
CONTINUOUS
10
5.0549133858267714
20
-4.2557125984251973
11
5.0606259842519687
21
-4.2595196850393702
0
LINE
8
RED3
6
CONTINUOUS
10
5.0606259842519687
20
-4.2595196850393702
11
5.0682480314960632
21
-4.2614251968503938
0
LINE
8
RED3
6
CONTINUOUS
10
5.0682480314960632
20
-4.2614251968503938
11
5.0834842519685042
21
-4.2614251968503938
0
LINE
8
RED3
6
CONTINUOUS
10
5.0834842519685042
20
-4.2614251968503938
11
5.0872952755905514
21
-4.2595196850393702
0
LINE
8
RED3
6
CONTINUOUS
10
5.0872952755905514
20
-4.2595196850393702
11
5.089200787401575
21
-4.2576181102362209
0
LINE
8
RED3
6
CONTINUOUS
10
5.089200787401575
20
-4.2576181102362209
11
5.0911023622047242
21
-4.2538070866141737
0
LINE
8
RED3
6
CONTINUOUS
10
5.0911023622047242
20
-4.2538070866141737
11
5.0911023622047242
21
-4.2461889763779528
0
LINE
8
RED3
6
CONTINUOUS
10
5.0911023622047242
20
-4.2461889763779528
11
5.089200787401575
21
-4.2423779527559056
0
LINE
8
RED3
6
CONTINUOUS
10
5.089200787401575
20
-4.2423779527559056
11
5.0872952755905514
21
-4.240472440944882
0
LINE
8
RED3
6
CONTINUOUS
10
5.0872952755905514
20
-4.240472440944882
11
5.0834842519685042
21
-4.2385708661417327
0
LINE
8
RED3
6
CONTINUOUS
10
5.0834842519685042
20
-4.2385708661417327
11
5.0739606299212596
21
-4.2385708661417327
0
LINE
8
RED3
6
CONTINUOUS
10
5.0739606299212596
20
-4.2385708661417327
11
5.0701496062992124
21
-4.240472440944882
0
LINE
8
RED3
6
CONTINUOUS
10
5.0701496062992124
20
-4.240472440944882
11
5.0682480314960632
21
-4.2423779527559056
0
LINE
8
RED3
6
CONTINUOUS
10
5.0682480314960632
20
-4.2423779527559056
11
5.0663425196850396
21
-4.2461889763779528
0
LINE
8
RED3
6
CONTINUOUS
10
5.0663425196850396
20
-4.2461889763779528
11
5.0663425196850396
21
-4.2538070866141737
0
LINE
8
RED3
6
CONTINUOUS
10
5.0663425196850396
20
-4.2538070866141737
11
5.0682480314960632
21
-4.2576181102362209
0
LINE
8
RED3
6
CONTINUOUS
10
5.0682480314960632
20
-4.2576181102362209
11
5.0701496062992124
21
-4.2595196850393702
0
LINE
8
RED3
6
CONTINUOUS
10
5.0701496062992124
20
-4.2595196850393702
11
5.0739606299212596
21
-4.2614251968503938
0
LINE
8
RED2
6
CONTINUOUS
10
5.
20
-4.3500000000000005
11
5.
21
-4.1500000000000004
0
LINE
8
CYAN2
6
CONTINUOUS
10
4.9785039370078739
20
-4.4795196850393699
11
4.9785039370078739
21
-4.4547598425196853
0
LINE
8
CYAN2
6
CONTINUOUS
10
4.9785039370078739
20
-4.4547598425196853
11
4.9937440944881892
21
-4.4680905511811027
0
LINE
8
CYAN2
6
CONTINUOUS
10
4.9937440944881892
20
-4.4680905511811027
11
4.9937440944881892
21
-4.4623779527559053
0
LINE
8
CYAN2
6
CONTINUOUS
10
4.9937440944881892
20
-4.4623779527559053
11
4.9956496062992128
21
-4.4585669291338581
0
LINE
8
CYAN2
6
CONTINUOUS
10
4.9956496062992128
20
-4.4585669291338581
11
4.9975511811023621
21
-4.4566614173228345
0
LINE
8
CYAN2
6
CONTINUOUS
10
4.9975511811023621
20
-4.4566614173228345
11
5.0013622047244093
21
-4.4547598425196853
0
LINE
8
CYAN2
6
CONTINUOUS
10
5.0013622047244093
20
-4.4547598425196853
11
5.0108858267716538
21
-4.4547598425196853
0
LINE
8
CYAN2
6
CONTINUOUS
10
5.0108858267716538
20
-4.4547598425196853
11
5.0146968503937011
21
-4.4566614173228345
0
LINE
8
CYAN2
6
CONTINUOUS
10
5.0146968503937011
20
-4.4566614173228345
11
5.0166023622047247
21
-4.4585669291338581
0
LINE
8
CYAN2
6
CONTINUOUS
10
5.0166023622047247
20
-4.4585669291338581
11
5.0185039370078739
21
-4.4623779527559053
0
LINE
8
CYAN2
6
CONTINUOUS
10
5.0185039370078739
20
-4.4623779527559053
11
5.0185039370078739
21
-4.4738070866141735
0
LINE
8
CYAN2
6
CONTINUOUS
10
5.0185039370078739
20
-4.4738070866141735
11
5.0166023622047247
21
-4.4776141732283463
0
LINE
8
CYAN2
6
CONTINUOUS
10
5.0166023622047247
20
-4.4776141732283463
11
5.0146968503937011
21
-4.4795196850393699
0
LINE
8
CYAN2
6
CONTINUOUS
10
5.0185039370078739
20
-4.4376141732283463
11
4.9785039370078739
21
-4.4376141732283463
0
LINE
8
CYAN2
6
CONTINUOUS
10
5.0185039370078739
20
-4.3976181102362206
11
5.0185039370078739
21
-4.4204724409448817
0
LINE
8
CYAN2
6
CONTINUOUS
10
5.0185039370078739
20
-4.4090433070866144
11
4.9785039370078739
21
-4.4090433070866144
0
LINE
8
CYAN2
6
CONTINUOUS
10
4.9785039370078739
20
-4.4090433070866144
11
4.9842204724409447
21
-4.4128543307086616
0
LINE
8
CYAN2
6
CONTINUOUS
10
4.9842204724409447
20
-4.4128543307086616
11
4.9880275590551184
21
-4.4166653543307088
0
LINE
8
CYAN2
6
CONTINUOUS
10
4.9880275590551184
20
-4.4166653543307088
11
4.989933070866142
21
-4.4204724409448817
0
LINE
8
RED3
6
CONTINUOUS
10
4.9911023622047246
20
-4.2576181102362209
11
4.9911023622047246
21
-4.280472440944882
0
LINE
8
RED3
6
CONTINUOUS
10
4.9911023622047246
20
-4.2690433070866147
11
4.9511023622047245
21
-4.2690433070866147
0
LINE
8
RED3
6
CONTINUOUS
10
4.9511023622047245
20
-4.2690433070866147
11
4.9568188976377954
21
-4.2728543307086619
0
LINE
8
RED3
6
CONTINUOUS
10
4.9568188976377954
20
-4.2728543307086619
11
4.9606259842519691
21
-4.2766653543307092
0
LINE
8
RED3
6
CONTINUOUS
10
4.9606259842519691
20
-4.2766653543307092
11
4.9625314960629927
21
-4.280472440944882
0
LINE
8
RED3
6
CONTINUOUS
10
4.9511023622047245
20
-4.2328543307086619
11
4.9511023622047245
21
-4.2290472440944882
0
LINE
8
RED3
6
CONTINUOUS
10
4.9511023622047245
20
-4.2290472440944882
11
4.9530078740157482
21
-4.225236220472441
0
LINE
8
RED3
6
CONTINUOUS
10
4.9530078740157482
20
-4.225236220472441
11
4.9549133858267718
21
-4.2233307086614174
0
LINE
8
RED3
6
CONTINUOUS
10
4.9549133858267718
20
-4.2233307086614174
11
4.958724409448819
21
-4.2214251968503937
0
LINE
8
RED3
6
CONTINUOUS
10
4.958724409448819
20
-4.2214251968503937
11
4.9663425196850399
21
-4.2195236220472445
0
LINE
8
RED3
6
CONTINUOUS
10
4.9663425196850399
20
-4.2195236220472445
11
4.9758661417322836
21
-4.2195236220472445
0
LINE
8
RED3
6
CONTINUOUS
10
4.9758661417322836
20
-4.2195236220472445
11
4.9834842519685045
21
-4.2214251968503937
0
LINE
8
RED3
6
CONTINUOUS
10
4.9834842519685045
20
-4.2214251968503937
11
4.9872952755905517
21
-4.2233307086614174
0
LINE
8
RED3
6
CONTINUOUS
10
4.9872952755905517
20
-4.2233307086614174
11
4.9892007874015754
21
-4.225236220472441
0
LINE
8
RED3
6
CONTINUOUS
10
4.9892007874015754
20
-4.225236220472441
11
4.9911023622047246
21
-4.2290472440944882
0
LINE
8
RED3
6
CONTINUOUS
10
4.9911023622047246
20
-4.2290472440944882
11
4.9911023622047246
21
-4.2328543307086619
0
LINE
8
RED3
6
CONTINUOUS
10
4.9911023622047246
20
-4.2328543307086619
11
4.9892007874015754
21
-4.2366653543307091
0
LINE
8
RED3
6
CONTINUOUS
10
4.9892007874015754
20
-4.2366653543307091
11
4.9872952755905517
21
-4.2385708661417327
0
LINE
8
RED3
6
CONTINUOUS
10
4.9872952755905517
20
-4.2385708661417327
11
4.9834842519685045
21
-4.240472440944882
0
LINE
8
RED3
6
CONTINUOUS
10
4.9834842519685045
20
-4.240472440944882
11
4.9758661417322836
21
-4.2423779527559056
0
LINE
8
RED3
6
CONTINUOUS
10
4.9758661417322836
20
-4.2423779527559056
11
4.9663425196850399
21
-4.2423779527559056
0
LINE
8
RED3
6
CONTINUOUS
10
4.9663425196850399
20
-4.2423779527559056
11
4.958724409448819
21
-4.240472440944882
0
LINE
8
RED3
6
CONTINUOUS
10
4.958724409448819
20
-4.240472440944882
11
4.9549133858267718
21
-4.2385708661417327
0
LINE
8
RED3
6
CONTINUOUS
10
4.9549133858267718
20
-4.2385708661417327
11
4.9530078740157482
21
-4.2366653543307091
0
LINE
8
RED3
6
CONTINUOUS
10
4.9530078740157482
20
-4.2366653543307091
11
4.9511023622047245
21
-4.2328543307086619
0
LINE
8
RED2
6
CONTINUOUS
10
4.9000000000000004
20
-4.3500000000000005
11
4.9000000000000004
21
-4.1500000000000004
0
LINE
8
CYAN2
6
CONTINUOUS
10
4.8785039370078742
20
-4.4795196850393699
11
4.8785039370078742
21
-4.4547598425196853
0
LINE
8
CYAN2
6
CONTINUOUS
10
4.8785039370078742
20
-4.4547598425196853
11
4.8937440944881896
21
-4.4680905511811027
0
LINE
8
CYAN2
6
CONTINUOUS
10
4.8937440944881896
20
-4.4680905511811027
11
4.8937440944881896
21
-4.4623779527559053
0
LINE
8
CYAN2
6
CONTINUOUS
10
4.8937440944881896
20
-4.4623779527559053
11
4.8956496062992132
21
-4.4585669291338581
0
LINE
8
CYAN2
6
CONTINUOUS
10
4.8956496062992132
20
-4.4585669291338581
11
4.8975511811023624
21
-4.4566614173228345
0
LINE
8
CYAN2
6
CONTINUOUS
10
4.8975511811023624
20
-4.4566614173228345
11
4.9013622047244096
21
-4.4547598425196853
0
LINE
8
CYAN2
6
CONTINUOUS
10
4.9013622047244096
20
-4.4547598425196853
11
4.9108858267716533
21
-4.4547598425196853
0
LINE
8
CYAN2
6
CONTINUOUS
10
4.9108858267716533
20
-4.4547598425196853
11
4.9146968503937014
21
-4.4566614173228345
0
LINE
8
CYAN2
6
CONTINUOUS
10
4.9146968503937014
20
-4.4566614173228345
11
4.916602362204725
21
-4.4585669291338581
0
LINE
8
CYAN2
6
CONTINUOUS
10
4.916602362204725
20
-4.4585669291338581
11
4.9185039370078742
21
-4.4623779527559053
0
LINE
8
CYAN2
6
CONTINUOUS
10
4.9185039370078742
20
-4.4623779527559053
11
4.9185039370078742
21
-4.4738070866141735
0
LINE
8
CYAN2
6
CONTINUOUS
10
4.9185039370078742
20
-4.4738070866141735
11
4.916602362204725
21
-4.4776141732283463
0
LINE
8
CYAN2
6
CONTINUOUS
10
4.916602362204725
20
-4.4776141732283463
11
4.9146968503937014
21
-4.4795196850393699
0
LINE
8
CYAN2
6
CONTINUOUS
10
4.9185039370078742
20
-4.4376141732283463
11
4.8785039370078742
21
-4.4376141732283463
0
LINE
8
CYAN2
6
CONTINUOUS
10
4.8785039370078742
20
-4.410948818897638
11
4.8785039370078742
21
-4.4071417322834652
0
LINE
8
CYAN2
6
CONTINUOUS
10
4.8785039370078742
20
-4.4071417322834652
11
4.8804094488188978
21
-4.4033307086614171
0
LINE
8
CYAN2
6
CONTINUOUS
10
4.8804094488188978
20
-4.4033307086614171
11
4.8823149606299214
21
-4.4014251968503935
0
LINE
8
CYAN2
6
CONTINUOUS
10
4.8823149606299214
20
-4.4014251968503935
11
4.8861259842519686
21
-4.3995196850393699
0
LINE
8
CYAN2
6
CONTINUOUS
10
4.8861259842519686
20
-4.3995196850393699
11
4.8937440944881896
21
-4.3976181102362206
0
LINE
8
CYAN2
6
CONTINUOUS
10
4.8937440944881896
20
-4.3976181102362206
11
4.9032677165354333
21
-4.3976181102362206
0
LINE
8
CYAN2
6
CONTINUOUS
10
4.9032677165354333
20
-4.3976181102362206
11
4.9108858267716533
21
-4.3995196850393699
0
LINE
8
CYAN2
6
CONTINUOUS
10
4.9108858267716533
20
-4.3995196850393699
11
4.9146968503937014
21
-4.4014251968503935
0
LINE
8
CYAN2
6
CONTINUOUS
10
4.9146968503937014
20
-4.4014251968503935
11
4.916602362204725
21
-4.4033307086614171
0
LINE
8
CYAN2
6
CONTINUOUS
10
4.916602362204725
20
-4.4033307086614171
11
4.9185039370078742
21
-4.4071417322834652
0
LINE
8
CYAN2
6
CONTINUOUS
10
4.9185039370078742
20
-4.4071417322834652
11
4.9185039370078742
21
-4.410948818897638
0
LINE
8
CYAN2
6
CONTINUOUS
10
4.9185039370078742
20
-4.410948818897638
11
4.916602362204725
21
-4.4147598425196852
0
LINE
8
CYAN2
6
CONTINUOUS
10
4.916602362204725
20
-4.4147598425196852
11
4.9146968503937014
21
-4.4166653543307088
0
LINE
8
CYAN2
6
CONTINUOUS
10
4.9146968503937014
20
-4.4166653543307088
11
4.9108858267716533
21
-4.4185669291338581
0
LINE
8
CYAN2
6
CONTINUOUS
10
4.9108858267716533
20
-4.4185669291338581
11
4.9032677165354333
21
-4.4204724409448817
0
LINE
8
CYAN2
6
CONTINUOUS
10
4.9032677165354333
20
-4.4204724409448817
11
4.8937440944881896
21
-4.4204724409448817
0
LINE
8
CYAN2
6
CONTINUOUS
10
4.8937440944881896
20
-4.4204724409448817
11
4.8861259842519686
21
-4.4185669291338581
0
LINE
8
CYAN2
6
CONTINUOUS
10
4.8861259842519686
20
-4.4185669291338581
11
4.8823149606299214
21
-4.4166653543307088
0
LINE
8
CYAN2
6
CONTINUOUS
10
4.8823149606299214
20
-4.4166653543307088
11
4.8804094488188978
21
-4.4147598425196852
0
LINE
8
CYAN2
6
CONTINUOUS
10
4.8804094488188978
20
-4.4147598425196852
11
4.8785039370078742
21
-4.410948818897638
0
LINE
8
RED3
6
CONTINUOUS
10
4.8911023622047249
20
-4.2576181102362209
11
4.8911023622047249
21
-4.280472440944882
0
LINE
8
RED3
6
CONTINUOUS
10
4.8911023622047249
20
-4.2690433070866147
11
4.8511023622047249
21
-4.2690433070866147
0
LINE
8
RED3
6
CONTINUOUS
10
4.8511023622047249
20
-4.2690433070866147
11
4.8568188976377957
21
-4.2728543307086619
0
LINE
8
RED3
6
CONTINUOUS
10
4.8568188976377957
20
-4.2728543307086619
11
4.8606259842519686
21
-4.2766653543307092
0
LINE
8
RED3
6
CONTINUOUS
10
4.8606259842519686
20
-4.2766653543307092
11
4.8625314960629922
21
-4.280472440944882
0
LINE
8
RED3
6
CONTINUOUS
10
4.8911023622047249
20
-4.2195236220472445
11
4.8911023622047249
21
-4.2423779527559056
0
LINE
8
RED3
6
CONTINUOUS
10
4.8911023622047249
20
-4.2309488188976383
11
4.8511023622047249
21
-4.2309488188976383
0
LINE
8
RED3
6
CONTINUOUS
10
4.8511023622047249
20
-4.2309488188976383
11
4.8568188976377957
21
-4.2347598425196855
0
LINE
8
RED3
6
CONTINUOUS
10
4.8568188976377957
20
-4.2347598425196855
11
4.8606259842519686
21
-4.2385708661417327
0
LINE
8
RED3
6
CONTINUOUS
10
4.8606259842519686
20
-4.2385708661417327
11
4.8625314960629922
21
-4.2423779527559056
0
LINE
8
RED2
6
CONTINUOUS
10
4.7999999999999998
20
-4.3500000000000005
11
4.7999999999999998
21
-4.1500000000000004
0
LINE
8
CYAN2
6
CONTINUOUS
10
4.7918385826771654
20
-4.4585669291338581
11
4.8185039370078746
21
-4.4585669291338581
0
LINE
8
CYAN2
6
CONTINUOUS
10
4.7766023622047245
20
-4.4680905511811027
11
4.8051732283464572
21
-4.4776141732283463
0
LINE
8
CYAN2
6
CONTINUOUS
10
4.8051732283464572
20
-4.4776141732283463
11
4.8051732283464572
21
-4.4528543307086617
0
LINE
8
CYAN2
6
CONTINUOUS
10
4.8185039370078746
20
-4.4376141732283463
11
4.7785039370078746
21
-4.4376141732283463
0
LINE
8
CYAN2
6
CONTINUOUS
10
4.8185039370078746
20
-4.3976181102362206
11
4.8185039370078746
21
-4.4204724409448817
0
LINE
8
CYAN2
6
CONTINUOUS
10
4.8185039370078746
20
-4.4090433070866144
11
4.7785039370078746
21
-4.4090433070866144
0
LINE
8
CYAN2
6
CONTINUOUS
10
4.7785039370078746
20
-4.4090433070866144
11
4.7842204724409454
21
-4.4128543307086616
0
LINE
8
CYAN2
6
CONTINUOUS
10
4.7842204724409454
20
-4.4128543307086616
11
4.7880275590551182
21
-4.4166653543307088
0
LINE
8
CYAN2
6
CONTINUOUS
10
4.7880275590551182
20
-4.4166653543307088
11
4.7899330708661418
21
-4.4204724409448817
0
LINE
8
RED3
6
CONTINUOUS
10
4.7911023622047244
20
-4.2576181102362209
11
4.7911023622047244
21
-4.280472440944882
0
LINE
8
RED3
6
CONTINUOUS
10
4.7911023622047244
20
-4.2690433070866147
11
4.7511023622047244
21
-4.2690433070866147
0
LINE
8
RED3
6
CONTINUOUS
10
4.7511023622047244
20
-4.2690433070866147
11
4.7568188976377952
21
-4.2728543307086619
0
LINE
8
RED3
6
CONTINUOUS
10
4.7568188976377952
20
-4.2728543307086619
11
4.7606259842519689
21
-4.2766653543307092
0
LINE
8
RED3
6
CONTINUOUS
10
4.7606259842519689
20
-4.2766653543307092
11
4.7625314960629925
21
-4.280472440944882
0
LINE
8
RED3
6
CONTINUOUS
10
4.7511023622047244
20
-4.2442834645669292
11
4.7511023622047244
21
-4.2195236220472445
0
LINE
8
RED3
6
CONTINUOUS
10
4.7511023622047244
20
-4.2195236220472445
11
4.7663425196850397
21
-4.2328543307086619
0
LINE
8
RED3
6
CONTINUOUS
10
4.7663425196850397
20
-4.2328543307086619
11
4.7663425196850397
21
-4.2271417322834646
0
LINE
8
RED3
6
CONTINUOUS
10
4.7663425196850397
20
-4.2271417322834646
11
4.7682480314960634
21
-4.2233307086614174
0
LINE
8
RED3
6
CONTINUOUS
10
4.7682480314960634
20
-4.2233307086614174
11
4.7701496062992126
21
-4.2214251968503937
0
LINE
8
RED3
6
CONTINUOUS
10
4.7701496062992126
20
-4.2214251968503937
11
4.7739606299212598
21
-4.2195236220472445
0
LINE
8
RED3
6
CONTINUOUS
10
4.7739606299212598
20
-4.2195236220472445
11
4.7834842519685044
21
-4.2195236220472445
0
LINE
8
RED3
6
CONTINUOUS
10
4.7834842519685044
20
-4.2195236220472445
11
4.7872952755905516
21
-4.2214251968503937
0
LINE
8
RED3
6
CONTINUOUS
10
4.7872952755905516
20
-4.2214251968503937
11
4.7892007874015752
21
-4.2233307086614174
0
LINE
8
RED3
6
CONTINUOUS
10
4.7892007874015752
20
-4.2233307086614174
11
4.7911023622047244
21
-4.2271417322834646
0
LINE
8
RED3
6
CONTINUOUS
10
4.7911023622047244
20
-4.2271417322834646
11
4.7911023622047244
21
-4.2385708661417327
0
LINE
8
RED3
6
CONTINUOUS
10
4.7911023622047244
20
-4.2385708661417327
11
4.7892007874015752
21
-4.2423779527559056
0
LINE
8
RED3
6
CONTINUOUS
10
4.7892007874015752
20
-4.2423779527559056
11
4.7872952755905516
21
-4.2442834645669292
0
LINE
8
RED2
6
CONTINUOUS
10
4.7000000000000002
20
-4.3500000000000005
11
4.7000000000000002
21
-4.1500000000000004
0
LINE
8
CYAN2
6
CONTINUOUS
10
4.6918385826771658
20
-4.4585669291338581
11
4.7185039370078741
21
-4.4585669291338581
0
LINE
8
CYAN2
6
CONTINUOUS
10
4.6766023622047248
20
-4.4680905511811027
11
4.7051732283464567
21
-4.4776141732283463
0
LINE
8
CYAN2
6
CONTINUOUS
10
4.7051732283464567
20
-4.4776141732283463
11
4.7051732283464567
21
-4.4528543307086617
0
LINE
8
CYAN2
6
CONTINUOUS
10
4.7185039370078741
20
-4.4376141732283463
11
4.678503937007874
21
-4.4376141732283463
0
LINE
8
CYAN2
6
CONTINUOUS
10
4.678503937007874
20
-4.410948818897638
11
4.678503937007874
21
-4.4071417322834652
0
LINE
8
CYAN2
6
CONTINUOUS
10
4.678503937007874
20
-4.4071417322834652
11
4.6804094488188976
21
-4.4033307086614171
0
LINE
8
CYAN2
6
CONTINUOUS
10
4.6804094488188976
20
-4.4033307086614171
11
4.6823149606299213
21
-4.4014251968503935
0
LINE
8
CYAN2
6
CONTINUOUS
10
4.6823149606299213
20
-4.4014251968503935
11
4.6861259842519685
21
-4.3995196850393699
0
LINE
8
CYAN2
6
CONTINUOUS
10
4.6861259842519685
20
-4.3995196850393699
11
4.6937440944881894
21
-4.3976181102362206
0
LINE
8
CYAN2
6
CONTINUOUS
10
4.6937440944881894
20
-4.3976181102362206
11
4.7032677165354331
21
-4.3976181102362206
0
LINE
8
CYAN2
6
CONTINUOUS
10
4.7032677165354331
20
-4.3976181102362206
11
4.710885826771654
21
-4.3995196850393699
0
LINE
8
CYAN2
6
CONTINUOUS
10
4.710885826771654
20
-4.3995196850393699
11
4.7146968503937012
21
-4.4014251968503935
0
LINE
8
CYAN2
6
CONTINUOUS
10
4.7146968503937012
20
-4.4014251968503935
11
4.7166023622047248
21
-4.4033307086614171
0
LINE
8
CYAN2
6
CONTINUOUS
10
4.7166023622047248
20
-4.4033307086614171
11
4.7185039370078741
21
-4.4071417322834652
0
LINE
8
CYAN2
6
CONTINUOUS
10
4.7185039370078741
20
-4.4071417322834652
11
4.7185039370078741
21
-4.410948818897638
0
LINE
8
CYAN2
6
CONTINUOUS
10
4.7185039370078741
20
-4.410948818897638
11
4.7166023622047248
21
-4.4147598425196852
0
LINE
8
CYAN2
6
CONTINUOUS
10
4.7166023622047248
20
-4.4147598425196852
11
4.7146968503937012
21
-4.4166653543307088
0
LINE
8
CYAN2
6
CONTINUOUS
10
4.7146968503937012
20
-4.4166653543307088
11
4.710885826771654
21
-4.4185669291338581
0
LINE
8
CYAN2
6
CONTINUOUS
10
4.710885826771654
20
-4.4185669291338581
11
4.7032677165354331
21
-4.4204724409448817
0
LINE
8
CYAN2
6
CONTINUOUS
10
4.7032677165354331
20
-4.4204724409448817
11
4.6937440944881894
21
-4.4204724409448817
0
LINE
8
CYAN2
6
CONTINUOUS
10
4.6937440944881894
20
-4.4204724409448817
11
4.6861259842519685
21
-4.4185669291338581
0
LINE
8
CYAN2
6
CONTINUOUS
10
4.6861259842519685
20
-4.4185669291338581
11
4.6823149606299213
21
-4.4166653543307088
0
LINE
8
CYAN2
6
CONTINUOUS
10
4.6823149606299213
20
-4.4166653543307088
11
4.6804094488188976
21
-4.4147598425196852
0
LINE
8
CYAN2
6
CONTINUOUS
10
4.6804094488188976
20
-4.4147598425196852
11
4.678503937007874
21
-4.410948818897638
0
LINE
8
RED3
6
CONTINUOUS
10
4.6911023622047248
20
-4.2576181102362209
11
4.6911023622047248
21
-4.280472440944882
0
LINE
8
RED3
6
CONTINUOUS
10
4.6911023622047248
20
-4.2690433070866147
11
4.6511023622047247
21
-4.2690433070866147
0
LINE
8
RED3
6
CONTINUOUS
10
4.6511023622047247
20
-4.2690433070866147
11
4.6568188976377956
21
-4.2728543307086619
0
LINE
8
RED3
6
CONTINUOUS
10
4.6568188976377956
20
-4.2728543307086619
11
4.6606259842519684
21
-4.2766653543307092
0
LINE
8
RED3
6
CONTINUOUS
10
4.6606259842519684
20
-4.2766653543307092
11
4.662531496062992
21
-4.280472440944882
0
LINE
8
RED3
6
CONTINUOUS
10
4.6644370078740156
20
-4.2233307086614174
11
4.6911023622047248
21
-4.2233307086614174
0
LINE
8
RED3
6
CONTINUOUS
10
4.6492007874015746
20
-4.2328543307086619
11
4.6777716535433074
21
-4.2423779527559056
0
LINE
8
RED3
6
CONTINUOUS
10
4.6777716535433074
20
-4.2423779527559056
11
4.6777716535433074
21
-4.2176181102362209
0
LINE
8
RED2
6
CONTINUOUS
10
4.5
20
-4.3500000000000005
11
4.5
21
-4.1500000000000004
0
LINE
8
CYAN2
6
CONTINUOUS
10
4.4804094488188975
20
-4.4814291338582679
11
4.4785039370078739
21
-4.4852362204724407
0
LINE
8
CYAN2
6
CONTINUOUS
10
4.4785039370078739
20
-4.4852362204724407
11
4.4785039370078739
21
-4.4909527559055116
0
LINE
8
CYAN2
6
CONTINUOUS
10
4.4785039370078739
20
-4.4909527559055116
11
4.4804094488188975
21
-4.4966653543307089
0
LINE
8
CYAN2
6
CONTINUOUS
10
4.4804094488188975
20
-4.4966653543307089
11
4.4842204724409447
21
-4.5004763779527561
0
LINE
8
CYAN2
6
CONTINUOUS
10
4.4842204724409447
20
-4.5004763779527561
11
4.4880275590551184
21
-4.5023779527559054
0
LINE
8
CYAN2
6
CONTINUOUS
10
4.4880275590551184
20
-4.5023779527559054
11
4.4956496062992128
21
-4.504283464566929
0
LINE
8
CYAN2
6
CONTINUOUS
10
4.4956496062992128
20
-4.504283464566929
11
4.5013622047244093
21
-4.504283464566929
0
LINE
8
CYAN2
6
CONTINUOUS
10
4.5013622047244093
20
-4.504283464566929
11
4.5089803149606302
21
-4.5023779527559054
0
LINE
8
CYAN2
6
CONTINUOUS
10
4.5089803149606302
20
-4.5023779527559054
11
4.5127913385826774
21
-4.5004763779527561
0
LINE
8
CYAN2
6
CONTINUOUS
10
4.5127913385826774
20
-4.5004763779527561
11
4.5166023622047247
21
-4.4966653543307089
0
LINE
8
CYAN2
6
CONTINUOUS
10
4.5166023622047247
20
-4.4966653543307089
11
4.5185039370078739
21
-4.4909527559055116
0
LINE
8
CYAN2
6
CONTINUOUS
10
4.5185039370078739
20
-4.4909527559055116
11
4.5185039370078739
21
-4.4871417322834644
0
LINE
8
CYAN2
6
CONTINUOUS
10
4.5185039370078739
20
-4.4871417322834644
11
4.5166023622047247
21
-4.4814291338582679
0
LINE
8
CYAN2
6
CONTINUOUS
10
4.5166023622047247
20
-4.4814291338582679
11
4.5146968503937011
21
-4.4795236220472443
0
LINE
8
CYAN2
6
CONTINUOUS
10
4.5146968503937011
20
-4.4795236220472443
11
4.5013622047244093
21
-4.4795236220472443
0
LINE
8
CYAN2
6
CONTINUOUS
10
4.5013622047244093
20
-4.4795236220472443
11
4.5013622047244093
21
-4.4871417322834644
0
LINE
8
CYAN2
6
CONTINUOUS
10
4.5185039370078739
20
-4.4623779527559053
11
4.4785039370078739
21
-4.4623779527559053
0
LINE
8
CYAN2
6
CONTINUOUS
10
4.4785039370078739
20
-4.4623779527559053
11
4.5185039370078739
21
-4.4395236220472443
0
LINE
8
CYAN2
6
CONTINUOUS
10
4.5185039370078739
20
-4.4395236220472443
11
4.4785039370078739
21
-4.4395236220472443
0
LINE
8
CYAN2
6
CONTINUOUS
10
4.5185039370078739
20
-4.4204724409448817
11
4.4785039370078739
21
-4.4204724409448817
0
LINE
8
CYAN2
6
CONTINUOUS
10
4.4785039370078739
20
-4.4204724409448817
11
4.4785039370078739
21
-4.410948818897638
0
LINE
8
CYAN2
6
CONTINUOUS
10
4.4785039370078739
20
-4.410948818897638
11
4.4804094488188975
21
-4.4052362204724407
0
LINE
8
CYAN2
6
CONTINUOUS
10
4.4804094488188975
20
-4.4052362204724407
11
4.4842204724409447
21
-4.4014251968503935
0
LINE
8
CYAN2
6
CONTINUOUS
10
4.4842204724409447
20
-4.4014251968503935
11
4.4880275590551184
21
-4.3995236220472442
0
LINE
8
CYAN2
6
CONTINUOUS
10
4.4880275590551184
20
-4.3995236220472442
11
4.4956496062992128
21
-4.3976181102362206
0
LINE
8
CYAN2
6
CONTINUOUS
10
4.4956496062992128
20
-4.3976181102362206
11
4.5013622047244093
21
-4.3976181102362206
0
LINE
8
CYAN2
6
CONTINUOUS
10
4.5013622047244093
20
-4.3976181102362206
11
4.5089803149606302
21
-4.3995236220472442
0
LINE
8
CYAN2
6
CONTINUOUS
10
4.5089803149606302
20
-4.3995236220472442
11
4.5127913385826774
21
-4.4014251968503935
0
LINE
8
CYAN2
6
CONTINUOUS
10
4.5127913385826774
20
-4.4014251968503935
11
4.5166023622047247
21
-4.4052362204724407
0
LINE
8
CYAN2
6
CONTINUOUS
10
4.5166023622047247
20
-4.4052362204724407
11
4.5185039370078739
21
-4.410948818897638
0
LINE
8
CYAN2
6
CONTINUOUS
10
4.5185039370078739
20
-4.410948818897638
11
4.5185039370078739
21
-4.4204724409448817
0
LINE
8
RED3
6
CONTINUOUS
10
4.4682480314960635
20
-4.2538070866141737
11
4.4663425196850399
21
-4.2576181102362209
0
LINE
8
RED3
6
CONTINUOUS
10
4.4663425196850399
20
-4.2576181102362209
11
4.4644370078740163
21
-4.2595196850393702
0
LINE
8
RED3
6
CONTINUOUS
10
4.4644370078740163
20
-4.2595196850393702
11
4.4606259842519691
21
-4.2614251968503938
0
LINE
8
RED3
6
CONTINUOUS
10
4.4606259842519691
20
-4.2614251968503938
11
4.458724409448819
21
-4.2614251968503938
0
LINE
8
RED3
6
CONTINUOUS
10
4.458724409448819
20
-4.2614251968503938
11
4.4549133858267718
21
-4.2595196850393702
0
LINE
8
RED3
6
CONTINUOUS
10
4.4549133858267718
20
-4.2595196850393702
11
4.4530078740157482
21
-4.2576181102362209
0
LINE
8
RED3
6
CONTINUOUS
10
4.4530078740157482
20
-4.2576181102362209
11
4.4511023622047245
21
-4.2538070866141737
0
LINE
8
RED3
6
CONTINUOUS
10
4.4511023622047245
20
-4.2538070866141737
11
4.4511023622047245
21
-4.2461889763779528
0
LINE
8
RED3
6
CONTINUOUS
10
4.4511023622047245
20
-4.2461889763779528
11
4.4530078740157482
21
-4.2423779527559056
0
LINE
8
RED3
6
CONTINUOUS
10
4.4530078740157482
20
-4.2423779527559056
11
4.4549133858267718
21
-4.240472440944882
0
LINE
8
RED3
6
CONTINUOUS
10
4.4549133858267718
20
-4.240472440944882
11
4.458724409448819
21
-4.2385708661417327
0
LINE
8
RED3
6
CONTINUOUS
10
4.458724409448819
20
-4.2385708661417327
11
4.4606259842519691
21
-4.2385708661417327
0
LINE
8
RED3
6
CONTINUOUS
10
4.4606259842519691
20
-4.2385708661417327
11
4.4644370078740163
21
-4.240472440944882
0
LINE
8
RED3
6
CONTINUOUS
10
4.4644370078740163
20
-4.240472440944882
11
4.4663425196850399
21
-4.2423779527559056
0
LINE
8
RED3
6
CONTINUOUS
10
4.4663425196850399
20
-4.2423779527559056
11
4.4682480314960635
21
-4.2461889763779528
0
LINE
8
RED3
6
CONTINUOUS
10
4.4682480314960635
20
-4.2461889763779528
11
4.4682480314960635
21
-4.2538070866141737
0
LINE
8
RED3
6
CONTINUOUS
10
4.4682480314960635
20
-4.2538070866141737
11
4.4701496062992128
21
-4.2576181102362209
0
LINE
8
RED3
6
CONTINUOUS
10
4.4701496062992128
20
-4.2576181102362209
11
4.4720551181102364
21
-4.2595196850393702
0
LINE
8
RED3
6
CONTINUOUS
10
4.4720551181102364
20
-4.2595196850393702
11
4.4758661417322836
21
-4.2614251968503938
0
LINE
8
RED3
6
CONTINUOUS
10
4.4758661417322836
20
-4.2614251968503938
11
4.4834842519685045
21
-4.2614251968503938
0
LINE
8
RED3
6
CONTINUOUS
10
4.4834842519685045
20
-4.2614251968503938
11
4.4872952755905517
21
-4.2595196850393702
0
LINE
8
RED3
6
CONTINUOUS
10
4.4872952755905517
20
-4.2595196850393702
11
4.4892007874015754
21
-4.2576181102362209
0
LINE
8
RED3
6
CONTINUOUS
10
4.4892007874015754
20
-4.2576181102362209
11
4.4911023622047246
21
-4.2538070866141737
0
LINE
8
RED3
6
CONTINUOUS
10
4.4911023622047246
20
-4.2538070866141737
11
4.4911023622047246
21
-4.2461889763779528
0
LINE
8
RED3
6
CONTINUOUS
10
4.4911023622047246
20
-4.2461889763779528
11
4.4892007874015754
21
-4.2423779527559056
0
LINE
8
RED3
6
CONTINUOUS
10
4.4892007874015754
20
-4.2423779527559056
11
4.4872952755905517
21
-4.240472440944882
0
LINE
8
RED3
6
CONTINUOUS
10
4.4872952755905517
20
-4.240472440944882
11
4.4834842519685045
21
-4.2385708661417327
0
LINE
8
RED3
6
CONTINUOUS
10
4.4834842519685045
20
-4.2385708661417327
11
4.4758661417322836
21
-4.2385708661417327
0
LINE
8
RED3
6
CONTINUOUS
10
4.4758661417322836
20
-4.2385708661417327
11
4.4720551181102364
21
-4.240472440944882
0
LINE
8
RED3
6
CONTINUOUS
10
4.4720551181102364
20
-4.240472440944882
11
4.4701496062992128
21
-4.2423779527559056
0
LINE
8
RED3
6
CONTINUOUS
10
4.4701496062992128
20
-4.2423779527559056
11
4.4682480314960635
21
-4.2461889763779528
0
LINE
8
RED2
6
CONTINUOUS
10
5.9000000000000004
20
-5.3500000000000005
11
5.9000000000000004
21
-5.5499999999999998
0
LINE
8
CYAN2
6
CONTINUOUS
10
5.9185039370078742
20
-5.2795236220472441
11
5.9185039370078742
21
-5.3023779527559061
0
LINE
8
CYAN2
6
CONTINUOUS
10
5.9185039370078742
20
-5.2909488188976379
11
5.8785039370078742
21
-5.2909488188976379
0
LINE
8
CYAN2
6
CONTINUOUS
10
5.8785039370078742
20
-5.2909488188976379
11
5.884220472440945
21
-5.2947598425196851
0
LINE
8
CYAN2
6
CONTINUOUS
10
5.884220472440945
20
-5.2947598425196851
11
5.8880275590551188
21
-5.2985708661417323
0
LINE
8
CYAN2
6
CONTINUOUS
10
5.8880275590551188
20
-5.2985708661417323
11
5.8899330708661424
21
-5.3023779527559061
0
LINE
8
CYAN2
6
CONTINUOUS
10
5.899456692913386
20
-5.2547598425196851
11
5.9185039370078742
21
-5.2547598425196851
0
LINE
8
CYAN2
6
CONTINUOUS
10
5.8785039370078742
20
-5.2680944881889769
11
5.899456692913386
21
-5.2547598425196851
0
LINE
8
CYAN2
6
CONTINUOUS
10
5.899456692913386
20
-5.2547598425196851
11
5.8785039370078742
21
-5.2414291338582677
0
LINE
8
RED3
6
CONTINUOUS
10
5.8644370078740158
20
-5.4423779527559057
11
5.8911023622047249
21
-5.4423779527559057
0
LINE
8
RED3
6
CONTINUOUS
10
5.8492007874015748
20
-5.4519015748031494
11
5.8777716535433076
21
-5.461425196850394
0
LINE
8
RED3
6
CONTINUOUS
10
5.8777716535433076
20
-5.461425196850394
11
5.8777716535433076
21
-5.4366653543307093
0
LINE
8
RED2
6
CONTINUOUS
10
5.7999999999999998
20
-5.3500000000000005
11
5.7999999999999998
21
-5.5499999999999998
0
LINE
8
CYAN2
6
CONTINUOUS
10
5.7823149606299218
20
-5.3023779527559061
11
5.7804094488188982
21
-5.3004724409448825
0
LINE
8
CYAN2
6
CONTINUOUS
10
5.7804094488188982
20
-5.3004724409448825
11
5.7785039370078746
21
-5.2966653543307087
0
LINE
8
CYAN2
6
CONTINUOUS
10
5.7785039370078746
20
-5.2966653543307087
11
5.7785039370078746
21
-5.2871417322834651
0
LINE
8
CYAN2
6
CONTINUOUS
10
5.7785039370078746
20
-5.2871417322834651
11
5.7804094488188982
21
-5.2833307086614179
0
LINE
8
CYAN2
6
CONTINUOUS
10
5.7804094488188982
20
-5.2833307086614179
11
5.7823149606299218
21
-5.2814251968503942
0
LINE
8
CYAN2
6
CONTINUOUS
10
5.7823149606299218
20
-5.2814251968503942
11
5.786125984251969
21
-5.2795236220472441
0
LINE
8
CYAN2
6
CONTINUOUS
10
5.786125984251969
20
-5.2795236220472441
11
5.7899330708661418
21
-5.2795236220472441
0
LINE
8
CYAN2
6
CONTINUOUS
10
5.7899330708661418
20
-5.2795236220472441
11
5.7956496062992127
21
-5.2814251968503942
0
LINE
8
CYAN2
6
CONTINUOUS
10
5.7956496062992127
20
-5.2814251968503942
11
5.8185039370078746
21
-5.3042834645669297
0
LINE
8
CYAN2
6
CONTINUOUS
10
5.8185039370078746
20
-5.3042834645669297
11
5.8185039370078746
21
-5.2795236220472441
0
LINE
8
CYAN2
6
CONTINUOUS
10
5.7994566929133864
20
-5.2547598425196851
11
5.8185039370078746
21
-5.2547598425196851
0
LINE
8
CYAN2
6
CONTINUOUS
10
5.7785039370078746
20
-5.2680944881889769
11
5.7994566929133864
21
-5.2547598425196851
0
LINE
8
CYAN2
6
CONTINUOUS
10
5.7994566929133864
20
-5.2547598425196851
11
5.7785039370078746
21
-5.2414291338582677
0
LINE
8
RED3
6
CONTINUOUS
10
5.7511023622047244
20
-5.4633307086614176
11
5.7511023622047244
21
-5.4366653543307093
0
LINE
8
RED3
6
CONTINUOUS
10
5.7511023622047244
20
-5.4366653543307093
11
5.7911023622047244
21
-5.453807086614173
0
LINE
8
RED2
6
CONTINUOUS
10
5.7000000000000002
20
-5.3500000000000005
11
5.7000000000000002
21
-5.5499999999999998
0
LINE
8
CYAN2
6
CONTINUOUS
10
5.678503937007874
20
-5.3042834645669297
11
5.678503937007874
21
-5.2795236220472441
0
LINE
8
CYAN2
6
CONTINUOUS
10
5.678503937007874
20
-5.2795236220472441
11
5.6937440944881894
21
-5.2928543307086615
0
LINE
8
CYAN2
6
CONTINUOUS
10
5.6937440944881894
20
-5.2928543307086615
11
5.6937440944881894
21
-5.2871417322834651
0
LINE
8
CYAN2
6
CONTINUOUS
10
5.6937440944881894
20
-5.2871417322834651
11
5.695649606299213
21
-5.2833307086614179
0
LINE
8
CYAN2
6
CONTINUOUS
10
5.695649606299213
20
-5.2833307086614179
11
5.6975511811023622
21
-5.2814251968503942
0
LINE
8
CYAN2
6
CONTINUOUS
10
5.6975511811023622
20
-5.2814251968503942
11
5.7013622047244095
21
-5.2795236220472441
0
LINE
8
CYAN2
6
CONTINUOUS
10
5.7013622047244095
20
-5.2795236220472441
11
5.710885826771654
21
-5.2795236220472441
0
LINE
8
CYAN2
6
CONTINUOUS
10
5.710885826771654
20
-5.2795236220472441
11
5.7146968503937012
21
-5.2814251968503942
0
LINE
8
CYAN2
6
CONTINUOUS
10
5.7146968503937012
20
-5.2814251968503942
11
5.7166023622047248
21
-5.2833307086614179
0
LINE
8
CYAN2
6
CONTINUOUS
10
5.7166023622047248
20
-5.2833307086614179
11
5.7185039370078741
21
-5.2871417322834651
0
LINE
8
CYAN2
6
CONTINUOUS
10
5.7185039370078741
20
-5.2871417322834651
11
5.7185039370078741
21
-5.2985708661417323
0
LINE
8
CYAN2
6
CONTINUOUS
10
5.7185039370078741
20
-5.2985708661417323
11
5.7166023622047248
21
-5.3023779527559061
0
LINE
8
CYAN2
6
CONTINUOUS
10
5.7166023622047248
20
-5.3023779527559061
11
5.7146968503937012
21
-5.3042834645669297
0
LINE
8
CYAN2
6
CONTINUOUS
10
5.6994566929133859
20
-5.2547598425196851
11
5.7185039370078741
21
-5.2547598425196851
0
LINE
8
CYAN2
6
CONTINUOUS
10
5.678503937007874
20
-5.2680944881889769
11
5.6994566929133859
21
-5.2547598425196851
0
LINE
8
CYAN2
6
CONTINUOUS
10
5.6994566929133859
20
-5.2547598425196851
11
5.678503937007874
21
-5.2414291338582677
0
LINE
8
RED3
6
CONTINUOUS
10
5.6911023622047248
20
-5.4576181102362211
11
5.6911023622047248
21
-5.4499960629921258
0
LINE
8
RED3
6
CONTINUOUS
10
5.6911023622047248
20
-5.4499960629921258
11
5.6892007874015746
21
-5.446188976377953
0
LINE
8
RED3
6
CONTINUOUS
10
5.6892007874015746
20
-5.446188976377953
11
5.687295275590551
21
-5.4442834645669294
0
LINE
8
RED3
6
CONTINUOUS
10
5.687295275590551
20
-5.4442834645669294
11
5.6815787401574802
21
-5.4404724409448821
0
LINE
8
RED3
6
CONTINUOUS
10
5.6815787401574802
20
-5.4404724409448821
11
5.6739606299212602
21
-5.4385708661417329
0
LINE
8
RED3
6
CONTINUOUS
10
5.6739606299212602
20
-5.4385708661417329
11
5.6587244094488192
21
-5.4385708661417329
0
LINE
8
RED3
6
CONTINUOUS
10
5.6587244094488192
20
-5.4385708661417329
11
5.6549133858267719
21
-5.4404724409448821
0
LINE
8
RED3
6
CONTINUOUS
10
5.6549133858267719
20
-5.4404724409448821
11
5.6530078740157483
21
-5.4423779527559057
0
LINE
8
RED3
6
CONTINUOUS
10
5.6530078740157483
20
-5.4423779527559057
11
5.6511023622047247
21
-5.446188976377953
0
LINE
8
RED3
6
CONTINUOUS
10
5.6511023622047247
20
-5.446188976377953
11
5.6511023622047247
21
-5.453807086614173
0
LINE
8
RED3
6
CONTINUOUS
10
5.6511023622047247
20
-5.453807086614173
11
5.6530078740157483
21
-5.4576181102362211
0
LINE
8
RED3
6
CONTINUOUS
10
5.6530078740157483
20
-5.4576181102362211
11
5.6549133858267719
21
-5.4595196850393704
0
LINE
8
RED3
6
CONTINUOUS
10
5.6549133858267719
20
-5.4595196850393704
11
5.6587244094488192
21
-5.461425196850394
0
LINE
8
RED3
6
CONTINUOUS
10
5.6587244094488192
20
-5.461425196850394
11
5.6682480314960628
21
-5.461425196850394
0
LINE
8
RED3
6
CONTINUOUS
10
5.6682480314960628
20
-5.461425196850394
11
5.6720551181102365
21
-5.4595196850393704
0
LINE
8
RED3
6
CONTINUOUS
10
5.6720551181102365
20
-5.4595196850393704
11
5.6739606299212602
21
-5.4576181102362211
0
LINE
8
RED3
6
CONTINUOUS
10
5.6739606299212602
20
-5.4576181102362211
11
5.6758661417322838
21
-5.453807086614173
0
LINE
8
RED3
6
CONTINUOUS
10
5.6758661417322838
20
-5.453807086614173
11
5.6758661417322838
21
-5.446188976377953
0
LINE
8
RED3
6
CONTINUOUS
10
5.6758661417322838
20
-5.446188976377953
11
5.6739606299212602
21
-5.4423779527559057
0
LINE
8
RED3
6
CONTINUOUS
10
5.6739606299212602
20
-5.4423779527559057
11
5.6720551181102365
21
-5.4404724409448821
0
LINE
8
RED3
6
CONTINUOUS
10
5.6720551181102365
20
-5.4404724409448821
11
5.6682480314960628
21
-5.4385708661417329
0
LINE
8
RED2
6
CONTINUOUS
10
5.6000000000000005
20
-5.3500000000000005
11
5.6000000000000005
21
-5.5499999999999998
0
LINE
8
CYAN2
6
CONTINUOUS
10
5.5918385826771653
20
-5.2833307086614179
11
5.6185039370078744
21
-5.2833307086614179
0
LINE
8
CYAN2
6
CONTINUOUS
10
5.5766023622047243
20
-5.2928543307086615
11
5.605173228346457
21
-5.3023779527559061
0
LINE
8
CYAN2
6
CONTINUOUS
10
5.605173228346457
20
-5.3023779527559061
11
5.605173228346457
21
-5.2776181102362205
0
LINE
8
CYAN2
6
CONTINUOUS
10
5.5994566929133862
20
-5.2547598425196851
11
5.6185039370078744
21
-5.2547598425196851
0
LINE
8
CYAN2
6
CONTINUOUS
10
5.5785039370078744
20
-5.2680944881889769
11
5.5994566929133862
21
-5.2547598425196851
0
LINE
8
CYAN2
6
CONTINUOUS
10
5.5994566929133862
20
-5.2547598425196851
11
5.5785039370078744
21
-5.2414291338582677
0
LINE
8
RED3
6
CONTINUOUS
10
5.5911023622047242
20
-5.4576181102362211
11
5.5911023622047242
21
-5.4804724409448822
0
LINE
8
RED3
6
CONTINUOUS
10
5.5911023622047242
20
-5.469043307086614
11
5.5511023622047242
21
-5.469043307086614
0
LINE
8
RED3
6
CONTINUOUS
10
5.5511023622047242
20
-5.469043307086614
11
5.5568188976377959
21
-5.4728543307086612
0
LINE
8
RED3
6
CONTINUOUS
10
5.5568188976377959
20
-5.4728543307086612
11
5.5606259842519687
21
-5.4766653543307084
0
LINE
8
RED3
6
CONTINUOUS
10
5.5606259842519687
20
-5.4766653543307084
11
5.5625314960629924
21
-5.4804724409448822
0
LINE
8
RED3
6
CONTINUOUS
10
5.5549133858267723
20
-5.4423779527559057
11
5.5530078740157478
21
-5.4404724409448821
0
LINE
8
RED3
6
CONTINUOUS
10
5.5530078740157478
20
-5.4404724409448821
11
5.5511023622047242
21
-5.4366653543307093
0
LINE
8
RED3
6
CONTINUOUS
10
5.5511023622047242
20
-5.4366653543307093
11
5.5511023622047242
21
-5.4271417322834647
0
LINE
8
RED3
6
CONTINUOUS
10
5.5511023622047242
20
-5.4271417322834647
11
5.5530078740157478
21
-5.4233307086614175
0
LINE
8
RED3
6
CONTINUOUS
10
5.5530078740157478
20
-5.4233307086614175
11
5.5549133858267723
21
-5.4214251968503939
0
LINE
8
RED3
6
CONTINUOUS
10
5.5549133858267723
20
-5.4214251968503939
11
5.5587244094488195
21
-5.4195236220472447
0
LINE
8
RED3
6
CONTINUOUS
10
5.5587244094488195
20
-5.4195236220472447
11
5.5625314960629924
21
-5.4195236220472447
0
LINE
8
RED3
6
CONTINUOUS
10
5.5625314960629924
20
-5.4195236220472447
11
5.5682480314960632
21
-5.4214251968503939
0
LINE
8
RED3
6
CONTINUOUS
10
5.5682480314960632
20
-5.4214251968503939
11
5.5911023622047242
21
-5.4442834645669294
0
LINE
8
RED3
6
CONTINUOUS
10
5.5911023622047242
20
-5.4442834645669294
11
5.5911023622047242
21
-5.4195236220472447
0
LINE
8
CYAN2
6
CONTINUOUS
10
9.7619055118110243
20
-2.8751850393700789
11
9.7571417322834648
21
-2.8728031496062991
0
LINE
8
CYAN2
6
CONTINUOUS
10
9.7571417322834648
20
-2.8728031496062991
11
9.75
21
-2.8728031496062991
0
LINE
8
CYAN2
6
CONTINUOUS
10
9.75
20
-2.8728031496062991
11
9.7428582677165352
21
-2.8751850393700789
0
LINE
8
CYAN2
6
CONTINUOUS
10
9.7428582677165352
20
-2.8751850393700789
11
9.7380944881889775
21
-2.8799488188976379
0
LINE
8
CYAN2
6
CONTINUOUS
10
9.7380944881889775
20
-2.8799488188976379
11
9.7357125984251969
21
-2.884708661417323
0
LINE
8
CYAN2
6
CONTINUOUS
10
9.7357125984251969
20
-2.884708661417323
11
9.7333346456692915
21
-2.8942322834645671
0
LINE
8
CYAN2
6
CONTINUOUS
10
9.7333346456692915
20
-2.8942322834645671
11
9.7333346456692915
21
-2.9013740157480314
0
LINE
8
CYAN2
6
CONTINUOUS
10
9.7333346456692915
20
-2.9013740157480314
11
9.7357125984251969
21
-2.9108976377952755
0
LINE
8
CYAN2
6
CONTINUOUS
10
9.7357125984251969
20
-2.9108976377952755
11
9.7380944881889775
21
-2.9156614173228346
0
LINE
8
CYAN2
6
CONTINUOUS
10
9.7380944881889775
20
-2.9156614173228346
11
9.7428582677165352
21
-2.9204251968503936
0
LINE
8
CYAN2
6
CONTINUOUS
10
9.7428582677165352
20
-2.9204251968503936
11
9.75
21
-2.9228031496062994
0
LINE
8
CYAN2
6
CONTINUOUS
10
9.75
20
-2.9228031496062994
11
9.754759842519686
21
-2.9228031496062994
0
LINE
8
CYAN2
6
CONTINUOUS
10
9.754759842519686
20
-2.9228031496062994
11
9.7619055118110243
21
-2.9204251968503936
0
LINE
8
CYAN2
6
CONTINUOUS
10
9.7619055118110243
20
-2.9204251968503936
11
9.7642834645669296
21
-2.9180433070866143
0
LINE
8
CYAN2
6
CONTINUOUS
10
9.7642834645669296
20
-2.9180433070866143
11
9.7642834645669296
21
-2.9013740157480314
0
LINE
8
CYAN2
6
CONTINUOUS
10
9.7642834645669296
20
-2.9013740157480314
11
9.754759842519686
21
-2.9013740157480314
0
LINE
8
CYAN2
6
CONTINUOUS
10
9.7857125984251976
20
-2.9228031496062994
11
9.7857125984251976
21
-2.8728031496062991
0
LINE
8
CYAN2
6
CONTINUOUS
10
9.7857125984251976
20
-2.8728031496062991
11
9.8142834645669303
21
-2.9228031496062994
0
LINE
8
CYAN2
6
CONTINUOUS
10
9.8142834645669303
20
-2.9228031496062994
11
9.8142834645669303
21
-2.8728031496062991
0
LINE
8
CYAN2
6
CONTINUOUS
10
9.8380944881889771
20
-2.9228031496062994
11
9.8380944881889771
21
-2.8728031496062991
0
LINE
8
CYAN2
6
CONTINUOUS
10
9.8380944881889771
20
-2.8728031496062991
11
9.8499999999999996
21
-2.8728031496062991
0
LINE
8
CYAN2
6
CONTINUOUS
10
9.8499999999999996
20
-2.8728031496062991
11
9.8571417322834645
21
-2.8751850393700789
0
LINE
8
CYAN2
6
CONTINUOUS
10
9.8571417322834645
20
-2.8751850393700789
11
9.8619055118110239
21
-2.8799488188976379
0
LINE
8
CYAN2
6
CONTINUOUS
10
9.8619055118110239
20
-2.8799488188976379
11
9.8642874015748028
21
-2.884708661417323
0
LINE
8
CYAN2
6
CONTINUOUS
10
9.8642874015748028
20
-2.884708661417323
11
9.8666653543307099
21
-2.8942322834645671
0
LINE
8
CYAN2
6
CONTINUOUS
10
9.8666653543307099
20
-2.8942322834645671
11
9.8666653543307099
21
-2.9013740157480314
0
LINE
8
CYAN2
6
CONTINUOUS
10
9.8666653543307099
20
-2.9013740157480314
11
9.8642874015748028
21
-2.9108976377952755
0
LINE
8
CYAN2
6
CONTINUOUS
10
9.8642874015748028
20
-2.9108976377952755
11
9.8619055118110239
21
-2.9156614173228346
0
LINE
8
CYAN2
6
CONTINUOUS
10
9.8619055118110239
20
-2.9156614173228346
11
9.8571417322834645
21
-2.9204251968503936
0
LINE
8
CYAN2
6
CONTINUOUS
10
9.8571417322834645
20
-2.9204251968503936
11
9.8499999999999996
21
-2.9228031496062994
0
LINE
8
CYAN2
6
CONTINUOUS
10
9.8499999999999996
20
-2.9228031496062994
11
9.8380944881889771
21
-2.9228031496062994
0
LINE
8
CYAN2
6
CONTINUOUS
10
9.9948503937007871
20
-2.5180393700787405
11
9.9924724409448817
21
-2.5204212598425197
0
LINE
8
CYAN2
6
CONTINUOUS
10
9.9924724409448817
20
-2.5204212598425197
11
9.9853267716535434
21
-2.5227992125984251
0
LINE
8
CYAN2
6
CONTINUOUS
10
9.9853267716535434
20
-2.5227992125984251
11
9.9805669291338592
21
-2.5227992125984251
0
LINE
8
CYAN2
6
CONTINUOUS
10
9.9805669291338592
20
-2.5227992125984251
11
9.9734251968503944
21
-2.5204212598425197
0
LINE
8
CYAN2
6
CONTINUOUS
10
9.9734251968503944
20
-2.5204212598425197
11
9.968661417322835
21
-2.5156574803149607
0
LINE
8
CYAN2
6
CONTINUOUS
10
9.968661417322835
20
-2.5156574803149607
11
9.9662795275590561
21
-2.5108937007874017
0
LINE
8
CYAN2
6
CONTINUOUS
10
9.9662795275590561
20
-2.5108937007874017
11
9.9639015748031508
21
-2.5013700787401576
0
LINE
8
CYAN2
6
CONTINUOUS
10
9.9639015748031508
20
-2.5013700787401576
11
9.9639015748031508
21
-2.4942283464566932
0
LINE
8
CYAN2
6
CONTINUOUS
10
9.9639015748031508
20
-2.4942283464566932
11
9.9662795275590561
21
-2.4847047244094491
0
LINE
8
CYAN2
6
CONTINUOUS
10
9.9662795275590561
20
-2.4847047244094491
11
9.968661417322835
21
-2.479944881889764
0
LINE
8
CYAN2
6
CONTINUOUS
10
9.968661417322835
20
-2.479944881889764
11
9.9734251968503944
21
-2.475181102362205
0
LINE
8
CYAN2
6
CONTINUOUS
10
9.9734251968503944
20
-2.475181102362205
11
9.9805669291338592
21
-2.4727992125984253
0
LINE
8
CYAN2
6
CONTINUOUS
10
9.9805669291338592
20
-2.4727992125984253
11
9.9853267716535434
21
-2.4727992125984253
0
LINE
8
CYAN2
6
CONTINUOUS
10
9.9853267716535434
20
-2.4727992125984253
11
9.9924724409448817
21
-2.475181102362205
0
LINE
8
CYAN2
6
CONTINUOUS
10
9.9924724409448817
20
-2.475181102362205
11
9.9948503937007871
21
-2.4775629921259843
0
LINE
8
CYAN2
6
CONTINUOUS
10
10.0424724409448825
20
-2.5227992125984251
11
10.0139015748031497
21
-2.5227992125984251
0
LINE
8
CYAN2
6
CONTINUOUS
10
10.0281850393700793
20
-2.5227992125984251
11
10.0281850393700793
21
-2.4727992125984253
0
LINE
8
CYAN2
6
CONTINUOUS
10
10.0281850393700793
20
-2.4727992125984253
11
10.0234251968503933
21
-2.479944881889764
0
LINE
8
CYAN2
6
CONTINUOUS
10
10.0234251968503933
20
-2.479944881889764
11
10.0186614173228357
21
-2.4847047244094491
0
LINE
8
CYAN2
6
CONTINUOUS
10
10.0186614173228357
20
-2.4847047244094491
11
10.0139015748031497
21
-2.4870866141732284
0
LINE
8
CYAN2
6
CONTINUOUS
10
10.0900905511811025
20
-2.5227992125984251
11
10.0615196850393698
21
-2.5227992125984251
0
LINE
8
CYAN2
6
CONTINUOUS
10
10.0758031496062994
20
-2.5227992125984251
11
10.0758031496062994
21
-2.4727992125984253
0
LINE
8
CYAN2
6
CONTINUOUS
10
10.0758031496062994
20
-2.4727992125984253
11
10.0710433070866152
21
-2.479944881889764
0
LINE
8
CYAN2
6
CONTINUOUS
10
10.0710433070866152
20
-2.479944881889764
11
10.0662795275590558
21
-2.4847047244094491
0
LINE
8
CYAN2
6
CONTINUOUS
10
10.0662795275590558
20
-2.4847047244094491
11
10.0615196850393698
21
-2.4870866141732284
0
LINE
8
CYAN2
6
CONTINUOUS
10
9.9948503937007871
20
-2.6180393700787401
11
9.9924724409448817
21
-2.6204212598425198
0
LINE
8
CYAN2
6
CONTINUOUS
10
9.9924724409448817
20
-2.6204212598425198
11
9.9853267716535434
21
-2.6227992125984252
0
LINE
8
CYAN2
6
CONTINUOUS
10
9.9853267716535434
20
-2.6227992125984252
11
9.9805669291338592
21
-2.6227992125984252
0
LINE
8
CYAN2
6
CONTINUOUS
10
9.9805669291338592
20
-2.6227992125984252
11
9.9734251968503944
21
-2.6204212598425198
0
LINE
8
CYAN2
6
CONTINUOUS
10
9.9734251968503944
20
-2.6204212598425198
11
9.968661417322835
21
-2.6156574803149608
0
LINE
8
CYAN2
6
CONTINUOUS
10
9.968661417322835
20
-2.6156574803149608
11
9.9662795275590561
21
-2.6108937007874018
0
LINE
8
CYAN2
6
CONTINUOUS
10
9.9662795275590561
20
-2.6108937007874018
11
9.9639015748031508
21
-2.6013700787401577
0
LINE
8
CYAN2
6
CONTINUOUS
10
9.9639015748031508
20
-2.6013700787401577
11
9.9639015748031508
21
-2.5942283464566929
0
LINE
8
CYAN2
6
CONTINUOUS
10
9.9639015748031508
20
-2.5942283464566929
11
9.9662795275590561
21
-2.5847047244094488
0
LINE
8
CYAN2
6
CONTINUOUS
10
9.9662795275590561
20
-2.5847047244094488
11
9.968661417322835
21
-2.5799448818897637
0
LINE
8
CYAN2
6
CONTINUOUS
10
9.968661417322835
20
-2.5799448818897637
11
9.9734251968503944
21
-2.5751811023622047
0
LINE
8
CYAN2
6
CONTINUOUS
10
9.9734251968503944
20
-2.5751811023622047
11
9.9805669291338592
21
-2.5727992125984254
0
LINE
8
CYAN2
6
CONTINUOUS
10
9.9805669291338592
20
-2.5727992125984254
11
9.9853267716535434
21
-2.5727992125984254
0
LINE
8
CYAN2
6
CONTINUOUS
10
9.9853267716535434
20
-2.5727992125984254
11
9.9924724409448817
21
-2.5751811023622047
0
LINE
8
CYAN2
6
CONTINUOUS
10
9.9924724409448817
20
-2.5751811023622047
11
9.9948503937007871
21
-2.5775629921259844
0
LINE
8
RED2
6
CONTINUOUS
10
9.8000000000000007
20
-2.5100000000000002
11
9.8000000000000007
21
-2.3999999999999999
0
LINE
8
RED2
6
CONTINUOUS
10
9.8000000000000007
20
-2.5900000000000003
11
9.8000000000000007
21
-2.7000000000000002
0
LINE
8
CYAN2
6
CONTINUOUS
10
9.733330708661418
20
-2.1728031496062994
11
9.7499960629921265
21
-2.2228031496062992
0
LINE
8
CYAN2
6
CONTINUOUS
10
9.7499960629921265
20
-2.2228031496062992
11
9.7666653543307085
21
-2.1728031496062994
0
LINE
8
CYAN2
6
CONTINUOUS
10
9.8119015748031497
20
-2.2180433070866141
11
9.8095236220472444
21
-2.2204251968503939
0
LINE
8
CYAN2
6
CONTINUOUS
10
9.8095236220472444
20
-2.2204251968503939
11
9.8023779527559061
21
-2.2228031496062992
0
LINE
8
CYAN2
6
CONTINUOUS
10
9.8023779527559061
20
-2.2228031496062992
11
9.7976181102362201
21
-2.2228031496062992
0
LINE
8
CYAN2
6
CONTINUOUS
10
9.7976181102362201
20
-2.2228031496062992
11
9.790476377952757
21
-2.2204251968503939
0
LINE
8
CYAN2
6
CONTINUOUS
10
9.790476377952757
20
-2.2204251968503939
11
9.7857125984251976
21
-2.2156614173228348
0
LINE
8
CYAN2
6
CONTINUOUS
10
9.7857125984251976
20
-2.2156614173228348
11
9.783330708661417
21
-2.2108976377952758
0
LINE
8
CYAN2
6
CONTINUOUS
10
9.783330708661417
20
-2.2108976377952758
11
9.7809527559055116
21
-2.2013740157480317
0
LINE
8
CYAN2
6
CONTINUOUS
10
9.7809527559055116
20
-2.2013740157480317
11
9.7809527559055116
21
-2.1942322834645669
0
LINE
8
CYAN2
6
CONTINUOUS
10
9.7809527559055116
20
-2.1942322834645669
11
9.783330708661417
21
-2.1847086614173228
0
LINE
8
CYAN2
6
CONTINUOUS
10
9.783330708661417
20
-2.1847086614173228
11
9.7857125984251976
21
-2.1799488188976377
0
LINE
8
CYAN2
6
CONTINUOUS
10
9.7857125984251976
20
-2.1799488188976377
11
9.790476377952757
21
-2.1751850393700787
0
LINE
8
CYAN2
6
CONTINUOUS
10
9.790476377952757
20
-2.1751850393700787
11
9.7976181102362201
21
-2.1728031496062994
0
LINE
8
CYAN2
6
CONTINUOUS
10
9.7976181102362201
20
-2.1728031496062994
11
9.8023779527559061
21
-2.1728031496062994
0
LINE
8
CYAN2
6
CONTINUOUS
10
9.8023779527559061
20
-2.1728031496062994
11
9.8095236220472444
21
-2.1751850393700787
0
LINE
8
CYAN2
6
CONTINUOUS
10
9.8095236220472444
20
-2.1751850393700787
11
9.8119015748031497
21
-2.1775669291338584
0
LINE
8
CYAN2
6
CONTINUOUS
10
9.8619015748031504
20
-2.2180433070866141
11
9.8595236220472451
21
-2.2204251968503939
0
LINE
8
CYAN2
6
CONTINUOUS
10
9.8595236220472451
20
-2.2204251968503939
11
9.852377952755905
21
-2.2228031496062992
0
LINE
8
CYAN2
6
CONTINUOUS
10
9.852377952755905
20
-2.2228031496062992
11
9.8476181102362208
21
-2.2228031496062992
0
LINE
8
CYAN2
6
CONTINUOUS
10
9.8476181102362208
20
-2.2228031496062992
11
9.840476377952756
21
-2.2204251968503939
0
LINE
8
CYAN2
6
CONTINUOUS
10
9.840476377952756
20
-2.2204251968503939
11
9.8357125984251965
21
-2.2156614173228348
0
LINE
8
CYAN2
6
CONTINUOUS
10
9.8357125984251965
20
-2.2156614173228348
11
9.8333307086614177
21
-2.2108976377952758
0
LINE
8
CYAN2
6
CONTINUOUS
10
9.8333307086614177
20
-2.2108976377952758
11
9.8309527559055123
21
-2.2013740157480317
0
LINE
8
CYAN2
6
CONTINUOUS
10
9.8309527559055123
20
-2.2013740157480317
11
9.8309527559055123
21
-2.1942322834645669
0
LINE
8
CYAN2
6
CONTINUOUS
10
9.8309527559055123
20
-2.1942322834645669
11
9.8333307086614177
21
-2.1847086614173228
0
LINE
8
CYAN2
6
CONTINUOUS
10
9.8333307086614177
20
-2.1847086614173228
11
9.8357125984251965
21
-2.1799488188976377
0
LINE
8
CYAN2
6
CONTINUOUS
10
9.8357125984251965
20
-2.1799488188976377
11
9.840476377952756
21
-2.1751850393700787
0
LINE
8
CYAN2
6
CONTINUOUS
10
9.840476377952756
20
-2.1751850393700787
11
9.8476181102362208
21
-2.1728031496062994
0
LINE
8
CYAN2
6
CONTINUOUS
10
9.8476181102362208
20
-2.1728031496062994
11
9.852377952755905
21
-2.1728031496062994
0
LINE
8
CYAN2
6
CONTINUOUS
10
9.852377952755905
20
-2.1728031496062994
11
9.8595236220472451
21
-2.1751850393700787
0
LINE
8
CYAN2
6
CONTINUOUS
10
9.8595236220472451
20
-2.1751850393700787
11
9.8619015748031504
21
-2.1775669291338584
0
LINE
8
CYAN2
6
CONTINUOUS
10
6.2833307086614179
20
-4.0228031496062995
11
6.2999960629921263
21
-4.0728031496062993
0
LINE
8
CYAN2
6
CONTINUOUS
10
6.2999960629921263
20
-4.0728031496062993
11
6.3166653543307092
21
-4.0228031496062995
0
LINE
8
CYAN2
6
CONTINUOUS
10
6.3619015748031496
20
-4.0680433070866142
11
6.3595236220472442
21
-4.0704251968503939
0
LINE
8
CYAN2
6
CONTINUOUS
10
6.3595236220472442
20
-4.0704251968503939
11
6.3523779527559059
21
-4.0728031496062993
0
LINE
8
CYAN2
6
CONTINUOUS
10
6.3523779527559059
20
-4.0728031496062993
11
6.3476181102362208
21
-4.0728031496062993
0
LINE
8
CYAN2
6
CONTINUOUS
10
6.3476181102362208
20
-4.0728031496062993
11
6.340476377952756
21
-4.0704251968503939
0
LINE
8
CYAN2
6
CONTINUOUS
10
6.340476377952756
20
-4.0704251968503939
11
6.3357125984251974
21
-4.0656614173228345
0
LINE
8
CYAN2
6
CONTINUOUS
10
6.3357125984251974
20
-4.0656614173228345
11
6.3333307086614177
21
-4.0608976377952759
0
LINE
8
CYAN2
6
CONTINUOUS
10
6.3333307086614177
20
-4.0608976377952759
11
6.3309527559055123
21
-4.0513740157480314
0
LINE
8
CYAN2
6
CONTINUOUS
10
6.3309527559055123
20
-4.0513740157480314
11
6.3309527559055123
21
-4.0442322834645674
0
LINE
8
CYAN2
6
CONTINUOUS
10
6.3309527559055123
20
-4.0442322834645674
11
6.3333307086614177
21
-4.0347086614173229
0
LINE
8
CYAN2
6
CONTINUOUS
10
6.3333307086614177
20
-4.0347086614173229
11
6.3357125984251974
21
-4.0299488188976378
0
LINE
8
CYAN2
6
CONTINUOUS
10
6.3357125984251974
20
-4.0299488188976378
11
6.340476377952756
21
-4.0251850393700792
0
LINE
8
CYAN2
6
CONTINUOUS
10
6.340476377952756
20
-4.0251850393700792
11
6.3476181102362208
21
-4.0228031496062995
0
LINE
8
CYAN2
6
CONTINUOUS
10
6.3476181102362208
20
-4.0228031496062995
11
6.3523779527559059
21
-4.0228031496062995
0
LINE
8
CYAN2
6
CONTINUOUS
10
6.3523779527559059
20
-4.0228031496062995
11
6.3595236220472442
21
-4.0251850393700792
0
LINE
8
CYAN2
6
CONTINUOUS
10
6.3595236220472442
20
-4.0251850393700792
11
6.3619015748031496
21
-4.0275669291338581
0
LINE
8
CYAN2
6
CONTINUOUS
10
6.4119015748031503
20
-4.0680433070866142
11
6.409523622047244
21
-4.0704251968503939
0
LINE
8
CYAN2
6
CONTINUOUS
10
6.409523622047244
20
-4.0704251968503939
11
6.4023779527559057
21
-4.0728031496062993
0
LINE
8
CYAN2
6
CONTINUOUS
10
6.4023779527559057
20
-4.0728031496062993
11
6.3976181102362206
21
-4.0728031496062993
0
LINE
8
CYAN2
6
CONTINUOUS
10
6.3976181102362206
20
-4.0728031496062993
11
6.3904763779527558
21
-4.0704251968503939
0
LINE
8
CYAN2
6
CONTINUOUS
10
6.3904763779527558
20
-4.0704251968503939
11
6.3857125984251972
21
-4.0656614173228345
0
LINE
8
CYAN2
6
CONTINUOUS
10
6.3857125984251972
20
-4.0656614173228345
11
6.3833307086614175
21
-4.0608976377952759
0
LINE
8
CYAN2
6
CONTINUOUS
10
6.3833307086614175
20
-4.0608976377952759
11
6.3809527559055121
21
-4.0513740157480314
0
LINE
8
CYAN2
6
CONTINUOUS
10
6.3809527559055121
20
-4.0513740157480314
11
6.3809527559055121
21
-4.0442322834645674
0
LINE
8
CYAN2
6
CONTINUOUS
10
6.3809527559055121
20
-4.0442322834645674
11
6.3833307086614175
21
-4.0347086614173229
0
LINE
8
CYAN2
6
CONTINUOUS
10
6.3833307086614175
20
-4.0347086614173229
11
6.3857125984251972
21
-4.0299488188976378
0
LINE
8
CYAN2
6
CONTINUOUS
10
6.3857125984251972
20
-4.0299488188976378
11
6.3904763779527558
21
-4.0251850393700792
0
LINE
8
CYAN2
6
CONTINUOUS
10
6.3904763779527558
20
-4.0251850393700792
11
6.3976181102362206
21
-4.0228031496062995
0
LINE
8
CYAN2
6
CONTINUOUS
10
6.3976181102362206
20
-4.0228031496062995
11
6.4023779527559057
21
-4.0228031496062995
0
LINE
8
CYAN2
6
CONTINUOUS
10
6.4023779527559057
20
-4.0228031496062995
11
6.409523622047244
21
-4.0251850393700792
0
LINE
8
CYAN2
6
CONTINUOUS
10
6.409523622047244
20
-4.0251850393700792
11
6.4119015748031503
21
-4.0275669291338581
0
POLYLINE
8
GREEN3
66
1
70
1
40
0.018
41
0.018
0
VERTEX
8
GREEN3
10
4.7409999999999997
 20
-1.9000000000000001
42
1.0
0
VERTEX
8
GREEN3
10
4.7590000000000003
 20
-1.9000000000000001
42
1.0
0
SEQEND
0
POLYLINE
8
GREEN3
66
1
70
1
40
0.018
41
0.018
0
VERTEX
8
GREEN3
10
4.4409999999999998
 20
-1.9000000000000001
42
1.0
0
VERTEX
8
GREEN3
10
4.4590000000000005
 20
-1.9000000000000001
42
1.0
0
SEQEND
0
POLYLINE
8
GREEN3
66
1
70
1
40
0.018
41
0.018
0
VERTEX
8
GREEN3
10
3.5910000000000002
 20
-3.25
42
1.0
0
VERTEX
8
GREEN3
10
3.609
 20
-3.25
42
1.0
0
SEQEND
0
POLYLINE
8
GREEN3
66
1
70
1
40
0.018
41
0.018
0
VERTEX
8
GREEN3
10
3.7910000000000004
 20
-4.0499999999999998
42
1.0
0
VERTEX
8
GREEN3
10
3.8090000000000002
 20
-4.0499999999999998
42
1.0
0
SEQEND
0
POLYLINE
8
GREEN3
66
1
70
1
40
0.018
41
0.018
0
VERTEX
8
GREEN3
10
4.391
 20
-6.0499999999999998
42
1.0
0
VERTEX
8
GREEN3
10
4.4090000000000007
 20
-6.0499999999999998
42
1.0
0
SEQEND
0
POLYLINE
8
GREEN3
66
1
70
1
40
0.018
41
0.018
0
VERTEX
8
GREEN3
10
3.9910000000000001
 20
-4.0499999999999998
42
1.0
0
VERTEX
8
GREEN3
10
4.0090000000000003
 20
-4.0499999999999998
42
1.0
0
SEQEND
0
POLYLINE
8
GREEN3
66
1
70
1
40
0.018
41
0.018
0
VERTEX
8
GREEN3
10
5.6909999999999998
 20
-4.
42
1.0
0
VERTEX
8
GREEN3
10
5.7090000000000005
 20
-4.
42
1.0
0
SEQEND
0
POLYLINE
8
GREEN3
66
1
70
1
40
0.018
41
0.018
0
VERTEX
8
GREEN3
10
4.391
 20
-6.2000000000000002
42
1.0
0
VERTEX
8
GREEN3
10
4.4090000000000007
 20
-6.2000000000000002
42
1.0
0
SEQEND
0
POLYLINE
8
GREEN3
66
1
70
1
40
0.018
41
0.018
0
VERTEX
8
GREEN3
10
4.391
 20
-6.3500000000000005
42
1.0
0
VERTEX
8
GREEN3
10
4.4090000000000007
 20
-6.3500000000000005
42
1.0
0
SEQEND
0
POLYLINE
8
GREEN3
66
1
70
1
40
0.018
41
0.018
0
VERTEX
8
GREEN3
10
5.7909999999999995
 20
-6.2000000000000002
42
1.0
0
VERTEX
8
GREEN3
10
5.8090000000000002
 20
-6.2000000000000002
42
1.0
0
SEQEND
0
POLYLINE
8
GREEN3
66
1
70
1
40
0.018
41
0.018
0
VERTEX
8
GREEN3
10
5.891
 20
-6.3500000000000005
42
1.0
0
VERTEX
8
GREEN3
10
5.9090000000000007
 20
-6.3500000000000005
42
1.0
0
SEQEND
0
POLYLINE
8
GREEN3
66
1
70
1
40
0.018
41
0.018
0
VERTEX
8
GREEN3
10
5.5910000000000002
 20
-5.9000000000000004
42
1.0
0
VERTEX
8
GREEN3
10
5.6090000000000009
 20
-5.9000000000000004
42
1.0
0
SEQEND
0
POLYLINE
8
GREEN3
66
1
70
1
40
0.018
41
0.018
0
VERTEX
8
GREEN3
10
5.6909999999999998
 20
-6.0499999999999998
42
1.0
0
VERTEX
8
GREEN3
10
5.7090000000000005
 20
-6.0499999999999998
42
1.0
0
SEQEND
0
POLYLINE
8
GREEN3
66
1
70
1
40
0.018
41
0.018
0
VERTEX
8
GREEN3
10
6.8410000000000002
 20
-4.
42
1.0
0
VERTEX
8
GREEN3
10
6.8590000000000009
 20
-4.
42
1.0
0
SEQEND
0
POLYLINE
8
GREEN3
66
1
70
1
40
0.018
41
0.018
0
VERTEX
8
GREEN3
10
6.641
 20
-3.25
42
1.0
0
VERTEX
8
GREEN3
10
6.6590000000000007
 20
-3.25
42
1.0
0
SEQEND
0
POLYLINE
8
GREEN3
66
1
70
1
40
0.018
41
0.018
0
VERTEX
8
GREEN3
10
6.9409999999999998
 20
-4.
42
1.0
0
VERTEX
8
GREEN3
10
6.9590000000000005
 20
-4.
42
1.0
0
SEQEND
  0
ENDSEC
  0
EOF
