  0
SECTION
  2
HEADER
  9
$ANGBASE
  50
0.0
  9
$ANGDIR
  70
1
  9
$MEASUREMENT
  70
0
  0
ENDSEC
  0
SECTION
  2
TABLES
  0
TABLE
  2
LTYPE
  70
4
  0
LTYPE
  5
40F
  2
CONTINUOUS
  70
0
  3
Solid line
  72
65
  73
0
  40
0.0
  0
LTYPE
  5
410
  2
DASHDOT
 70
0
  3
Dash Dot ____ _ ____ _
 72
65
 73
4
 40
2.0
 49
1.25
 49
-0.25
 49
0.25
 49
-0.25
  0
LTYPE
  5
411
  2
DASHED
 70
0
  3
Dashed __ __ __ __ __
 72
65
 73
2
 40
0.75
 49
0.5
 49
-0.25
  0
LTYPE
  5
43B
  2
DOTTED
 70
0
  3
Dotted .  .  .  .
 72
65
 73
2
 40
0.2
 49
0.0
 49
-0.2
  0
ENDTAB
  0
TABLE
  2
STYLE
  70
4
  0
STYLE
  2
KICAD
  70
0
  40
0
  41
1
  42
1
  50
0
  71
0
  3
isocp.shx
  0
STYLE
  2
KICADB
  70
0
  40
0
  41
1
  42
1
  50
0
  71
0
  3
isocp.shx
  0
STYLE
  2
KICADI
  70
0
  40
0
  41
1
  42
1
  50
15
  71
0
  3
isocp.shx
  0
STYLE
  2
KICADBI
  70
0
  40
0
  41
1
  42
1
  50
15
  71
0
  3
isocp.shx
  0
ENDTAB
  0
TABLE
  2
LAYER
  70
35
  0
LAYER
  2
BLACK
  70
0
  62
7
  6
CONTINUOUS
  0
LAYER
  2
GRAY1
  70
0
  62
251
  6
CONTINUOUS
  0
LAYER
  2
GRAY2
  70
0
  62
8
  6
CONTINUOUS
  0
LAYER
  2
GRAY3
  70
0
  62
9
  6
CONTINUOUS
  0
LAYER
  2
WHITE
  70
0
  62
7
  6
CONTINUOUS
  0
LAYER
  2
LYELLOW
  70
0
  62
51
  6
CONTINUOUS
  0
LAYER
  2
LORANGE
  70
0
  62
41
  6
CONTINUOUS
  0
LAYER
  2
BLUE1
  70
0
  62
178
  6
CONTINUOUS
  0
LAYER
  2
GREEN1
  70
0
  62
98
  6
CONTINUOUS
  0
LAYER
  2
CYAN1
  70
0
  62
138
  6
CONTINUOUS
  0
LAYER
  2
RED1
  70
0
  62
18
  6
CONTINUOUS
  0
LAYER
  2
MAGENTA1
  70
0
  62
228
  6
CONTINUOUS
  0
LAYER
  2
BROWN1
  70
0
  62
58
  6
CONTINUOUS
  0
LAYER
  2
ORANGE1
  70
0
  62
34
  6
CONTINUOUS
  0
LAYER
  2
BLUE2
  70
0
  62
5
  6
CONTINUOUS
  0
LAYER
  2
GREEN2
  70
0
  62
3
  6
CONTINUOUS
  0
LAYER
  2
CYAN2
  70
0
  62
4
  6
CONTINUOUS
  0
LAYER
  2
RED2
  70
0
  62
1
  6
CONTINUOUS
  0
LAYER
  2
MAGENTA2
  70
0
  62
6
  6
CONTINUOUS
  0
LAYER
  2
BROWN2
  70
0
  62
54
  6
CONTINUOUS
  0
LAYER
  2
ORANGE2
  70
0
  62
42
  6
CONTINUOUS
  0
LAYER
  2
BLUE3
  70
0
  62
171
  6
CONTINUOUS
  0
LAYER
  2
GREEN3
  70
0
  62
91
  6
CONTINUOUS
  0
LAYER
  2
CYAN3
  70
0
  62
131
  6
CONTINUOUS
  0
LAYER
  2
RED3
  70
0
  62
11
  6
CONTINUOUS
  0
LAYER
  2
MAGENTA3
  70
0
  62
221
  6
CONTINUOUS
  0
LAYER
  2
YELLOW3
  70
0
  62
2
  6
CONTINUOUS
  0
LAYER
  2
ORANGE3
  70
0
  62
32
  6
CONTINUOUS
  0
LAYER
  2
BLUE4
  70
0
  62
5
  6
CONTINUOUS
  0
LAYER
  2
GREEN4
  70
0
  62
3
  6
CONTINUOUS
  0
LAYER
  2
CYAN4
  70
0
  62
4
  6
CONTINUOUS
  0
LAYER
  2
RED4
  70
0
  62
1
  6
CONTINUOUS
  0
LAYER
  2
MAGENTA4
  70
0
  62
6
  6
CONTINUOUS
  0
LAYER
  2
YELLOW4
  70
0
  62
2
  6
CONTINUOUS
  0
LAYER
  2
ORANGE4
  70
0
  62
40
  6
CONTINUOUS
  0
ENDTAB
  0
ENDSEC
  0
SECTION
  2
ENTITIES
0
LINE
8
RED2
6
CONTINUOUS
10
6.9685905511811024
20
-6.5357165354330711
11
11.2205590551181107
21
-6.5357165354330711
0
LINE
8
RED2
6
CONTINUOUS
10
11.2205590551181107
20
-6.5357165354330711
11
11.2205590551181107
21
-7.7955590551181109
0
LINE
8
RED2
6
CONTINUOUS
10
11.2205590551181107
20
-7.7955590551181109
11
6.9685905511811024
21
-7.7955590551181109
0
LINE
8
RED2
6
CONTINUOUS
10
6.9685905511811024
20
-7.7955590551181109
11
6.9685905511811024
21
-6.5357165354330711
0
LINE
8
RED2
6
CONTINUOUS
10
0.3937007874015748
20
-0.3937007874015748
11
11.2992992125984255
21
-0.3937007874015748
0
LINE
8
RED2
6
CONTINUOUS
10
11.2992992125984255
20
-0.3937007874015748
11
11.2992992125984255
21
-7.8742992125984257
0
LINE
8
RED2
6
CONTINUOUS
10
11.2992992125984255
20
-7.8742992125984257
11
0.3937007874015748
21
-7.8742992125984257
0
LINE
8
RED2
6
CONTINUOUS
10
0.3937007874015748
20
-7.8742992125984257
11
0.3937007874015748
21
-0.3937007874015748
0
LINE
8
RED2
6
CONTINUOUS
10
0.4724409448818898
20
-0.4724409448818898
11
11.2205590551181107
21
-0.4724409448818898
0
LINE
8
RED2
6
CONTINUOUS
10
11.2205590551181107
20
-0.4724409448818898
11
11.2205590551181107
21
-7.7955590551181109
0
LINE
8
RED2
6
CONTINUOUS
10
11.2205590551181107
20
-7.7955590551181109
11
0.4724409448818898
21
-7.7955590551181109
0
LINE
8
RED2
6
CONTINUOUS
10
0.4724409448818898
20
-7.7955590551181109
11
0.4724409448818898
21
-0.4724409448818898
0
LINE
8
RED2
6
CONTINUOUS
10
2.3622047244094491
20
-0.4724409448818898
11
2.3622047244094491
21
-0.3937007874015748
0
LINE
8
RED2
6
CONTINUOUS
10
4.3307086614173231
20
-0.4724409448818898
11
4.3307086614173231
21
-0.3937007874015748
0
LINE
8
RED2
6
CONTINUOUS
10
6.2992125984251972
20
-0.4724409448818898
11
6.2992125984251972
21
-0.3937007874015748
0
LINE
8
RED2
6
CONTINUOUS
10
8.2677165354330704
20
-0.4724409448818898
11
8.2677165354330704
21
-0.3937007874015748
0
LINE
8
RED2
6
CONTINUOUS
10
10.2362204724409445
20
-0.4724409448818898
11
10.2362204724409445
21
-0.3937007874015748
0
LINE
8
RED2
6
CONTINUOUS
10
1.4208267716535434
20
-0.4564448818897638
11
1.3915826771653543
21
-0.4564448818897638
0
LINE
8
RED2
6
CONTINUOUS
10
1.4062047244094489
20
-0.4564448818897638
11
1.4062047244094489
21
-0.4052637795275591
0
LINE
8
RED2
6
CONTINUOUS
10
1.4062047244094489
20
-0.4052637795275591
11
1.4013307086614173
21
-0.4125748031496063
0
LINE
8
RED2
6
CONTINUOUS
10
1.4013307086614173
20
-0.4125748031496063
11
1.3964566929133859
21
-0.4174488188976378
0
LINE
8
RED2
6
CONTINUOUS
10
1.3964566929133859
20
-0.4174488188976378
11
1.3915826771653543
21
-0.4198858267716535
0
LINE
8
RED2
6
CONTINUOUS
10
3.3600866141732286
20
-0.4101377952755906
11
3.3625236220472443
21
-0.4077007874015748
0
LINE
8
RED2
6
CONTINUOUS
10
3.3625236220472443
20
-0.4077007874015748
11
3.3673976377952757
21
-0.4052637795275591
0
LINE
8
RED2
6
CONTINUOUS
10
3.3673976377952757
20
-0.4052637795275591
11
3.3795826771653545
21
-0.4052637795275591
0
LINE
8
RED2
6
CONTINUOUS
10
3.3795826771653545
20
-0.4052637795275591
11
3.3844566929133859
21
-0.4077007874015748
0
LINE
8
RED2
6
CONTINUOUS
10
3.3844566929133859
20
-0.4077007874015748
11
3.3868937007874016
21
-0.4101377952755906
0
LINE
8
RED2
6
CONTINUOUS
10
3.3868937007874016
20
-0.4101377952755906
11
3.3893307086614173
21
-0.4150118110236221
0
LINE
8
RED2
6
CONTINUOUS
10
3.3893307086614173
20
-0.4150118110236221
11
3.3893307086614173
21
-0.4198858267716535
0
LINE
8
RED2
6
CONTINUOUS
10
3.3893307086614173
20
-0.4198858267716535
11
3.3868937007874016
21
-0.4271968503937008
0
LINE
8
RED2
6
CONTINUOUS
10
3.3868937007874016
20
-0.4271968503937008
11
3.3576496062992129
21
-0.4564448818897638
0
LINE
8
RED2
6
CONTINUOUS
10
3.3576496062992129
20
-0.4564448818897638
11
3.3893307086614173
21
-0.4564448818897638
0
LINE
8
RED2
6
CONTINUOUS
10
5.326153543307087
20
-0.4052637795275591
11
5.3578346456692918
21
-0.4052637795275591
0
LINE
8
RED2
6
CONTINUOUS
10
5.3578346456692918
20
-0.4052637795275591
11
5.3407755905511811
21
-0.4247598425196851
0
LINE
8
RED2
6
CONTINUOUS
10
5.3407755905511811
20
-0.4247598425196851
11
5.3480866141732282
21
-0.4247598425196851
0
LINE
8
RED2
6
CONTINUOUS
10
5.3480866141732282
20
-0.4247598425196851
11
5.3529606299212604
21
-0.4271968503937008
0
LINE
8
RED2
6
CONTINUOUS
10
5.3529606299212604
20
-0.4271968503937008
11
5.3553976377952761
21
-0.4296338582677166
0
LINE
8
RED2
6
CONTINUOUS
10
5.3553976377952761
20
-0.4296338582677166
11
5.3578346456692918
21
-0.434507874015748
0
LINE
8
RED2
6
CONTINUOUS
10
5.3578346456692918
20
-0.434507874015748
11
5.3578346456692918
21
-0.4466929133858268
0
LINE
8
RED2
6
CONTINUOUS
10
5.3578346456692918
20
-0.4466929133858268
11
5.3553976377952761
21
-0.4515669291338583
0
LINE
8
RED2
6
CONTINUOUS
10
5.3553976377952761
20
-0.4515669291338583
11
5.3529606299212604
21
-0.454007874015748
0
LINE
8
RED2
6
CONTINUOUS
10
5.3529606299212604
20
-0.454007874015748
11
5.3480866141732282
21
-0.4564448818897638
0
LINE
8
RED2
6
CONTINUOUS
10
5.3480866141732282
20
-0.4564448818897638
11
5.3334645669291341
21
-0.4564448818897638
0
LINE
8
RED2
6
CONTINUOUS
10
5.3334645669291341
20
-0.4564448818897638
11
5.3285905511811027
21
-0.454007874015748
0
LINE
8
RED2
6
CONTINUOUS
10
5.3285905511811027
20
-0.454007874015748
11
5.326153543307087
21
-0.4515669291338583
0
LINE
8
RED2
6
CONTINUOUS
10
7.3214645669291345
20
-0.4223228346456693
11
7.3214645669291345
21
-0.4564448818897638
0
LINE
8
RED2
6
CONTINUOUS
10
7.3092795275590552
20
-0.4028267716535433
11
7.2970944881889768
21
-0.4393818897637796
0
LINE
8
RED2
6
CONTINUOUS
10
7.2970944881889768
20
-0.4393818897637796
11
7.3287755905511816
21
-0.4393818897637796
0
LINE
8
RED2
6
CONTINUOUS
10
9.2924055118110243
20
-0.4052637795275591
11
9.2680354330708656
21
-0.4052637795275591
0
LINE
8
RED2
6
CONTINUOUS
10
9.2680354330708656
20
-0.4052637795275591
11
9.2655984251968508
21
-0.4296338582677166
0
LINE
8
RED2
6
CONTINUOUS
10
9.2655984251968508
20
-0.4296338582677166
11
9.2680354330708656
21
-0.4271968503937008
0
LINE
8
RED2
6
CONTINUOUS
10
9.2680354330708656
20
-0.4271968503937008
11
9.2729094488188988
21
-0.4247598425196851
0
LINE
8
RED2
6
CONTINUOUS
10
9.2729094488188988
20
-0.4247598425196851
11
9.2850944881889763
21
-0.4247598425196851
0
LINE
8
RED2
6
CONTINUOUS
10
9.2850944881889763
20
-0.4247598425196851
11
9.2899685039370077
21
-0.4271968503937008
0
LINE
8
RED2
6
CONTINUOUS
10
9.2899685039370077
20
-0.4271968503937008
11
9.2924055118110243
21
-0.4296338582677166
0
LINE
8
RED2
6
CONTINUOUS
10
9.2924055118110243
20
-0.4296338582677166
11
9.2948425196850391
21
-0.434507874015748
0
LINE
8
RED2
6
CONTINUOUS
10
9.2948425196850391
20
-0.434507874015748
11
9.2948425196850391
21
-0.4466929133858268
0
LINE
8
RED2
6
CONTINUOUS
10
9.2948425196850391
20
-0.4466929133858268
11
9.2924055118110243
21
-0.4515669291338583
0
LINE
8
RED2
6
CONTINUOUS
10
9.2924055118110243
20
-0.4515669291338583
11
9.2899685039370077
21
-0.454007874015748
0
LINE
8
RED2
6
CONTINUOUS
10
9.2899685039370077
20
-0.454007874015748
11
9.2850944881889763
21
-0.4564448818897638
0
LINE
8
RED2
6
CONTINUOUS
10
9.2850944881889763
20
-0.4564448818897638
11
9.2729094488188988
21
-0.4564448818897638
0
LINE
8
RED2
6
CONTINUOUS
10
9.2729094488188988
20
-0.4564448818897638
11
9.2680354330708656
21
-0.454007874015748
0
LINE
8
RED2
6
CONTINUOUS
10
9.2680354330708656
20
-0.454007874015748
11
9.2655984251968508
21
-0.4515669291338583
0
LINE
8
RED2
6
CONTINUOUS
10
11.2584724409448818
20
-0.4052637795275591
11
11.248724409448819
21
-0.4052637795275591
0
LINE
8
RED2
6
CONTINUOUS
10
11.248724409448819
20
-0.4052637795275591
11
11.2438503937007876
21
-0.4077007874015748
0
LINE
8
RED2
6
CONTINUOUS
10
11.2438503937007876
20
-0.4077007874015748
11
11.2414133858267729
21
-0.4101377952755906
0
LINE
8
RED2
6
CONTINUOUS
10
11.2414133858267729
20
-0.4101377952755906
11
11.2365393700787397
21
-0.4174488188976378
0
LINE
8
RED2
6
CONTINUOUS
10
11.2365393700787397
20
-0.4174488188976378
11
11.2341023622047249
21
-0.4271968503937008
0
LINE
8
RED2
6
CONTINUOUS
10
11.2341023622047249
20
-0.4271968503937008
11
11.2341023622047249
21
-0.4466929133858268
0
LINE
8
RED2
6
CONTINUOUS
10
11.2341023622047249
20
-0.4466929133858268
11
11.2365393700787397
21
-0.4515669291338583
0
LINE
8
RED2
6
CONTINUOUS
10
11.2365393700787397
20
-0.4515669291338583
11
11.2389763779527563
21
-0.454007874015748
0
LINE
8
RED2
6
CONTINUOUS
10
11.2389763779527563
20
-0.454007874015748
11
11.2438503937007876
21
-0.4564448818897638
0
LINE
8
RED2
6
CONTINUOUS
10
11.2438503937007876
20
-0.4564448818897638
11
11.2535984251968504
21
-0.4564448818897638
0
LINE
8
RED2
6
CONTINUOUS
10
11.2535984251968504
20
-0.4564448818897638
11
11.2584724409448818
21
-0.454007874015748
0
LINE
8
RED2
6
CONTINUOUS
10
11.2584724409448818
20
-0.454007874015748
11
11.2609094488188983
21
-0.4515669291338583
0
LINE
8
RED2
6
CONTINUOUS
10
11.2609094488188983
20
-0.4515669291338583
11
11.2633464566929131
21
-0.4466929133858268
0
LINE
8
RED2
6
CONTINUOUS
10
11.2633464566929131
20
-0.4466929133858268
11
11.2633464566929131
21
-0.434507874015748
0
LINE
8
RED2
6
CONTINUOUS
10
11.2633464566929131
20
-0.434507874015748
11
11.2609094488188983
21
-0.4296338582677166
0
LINE
8
RED2
6
CONTINUOUS
10
11.2609094488188983
20
-0.4296338582677166
11
11.2584724409448818
21
-0.4271968503937008
0
LINE
8
RED2
6
CONTINUOUS
10
11.2584724409448818
20
-0.4271968503937008
11
11.2535984251968504
21
-0.4247598425196851
0
LINE
8
RED2
6
CONTINUOUS
10
11.2535984251968504
20
-0.4247598425196851
11
11.2438503937007876
21
-0.4247598425196851
0
LINE
8
RED2
6
CONTINUOUS
10
11.2438503937007876
20
-0.4247598425196851
11
11.2389763779527563
21
-0.4271968503937008
0
LINE
8
RED2
6
CONTINUOUS
10
11.2389763779527563
20
-0.4271968503937008
11
11.2365393700787397
21
-0.4296338582677166
0
LINE
8
RED2
6
CONTINUOUS
10
11.2365393700787397
20
-0.4296338582677166
11
11.2341023622047249
21
-0.434507874015748
0
LINE
8
RED2
6
CONTINUOUS
10
2.3622047244094491
20
-7.7955590551181109
11
2.3622047244094491
21
-7.8742992125984257
0
LINE
8
RED2
6
CONTINUOUS
10
4.3307086614173231
20
-7.7955590551181109
11
4.3307086614173231
21
-7.8742992125984257
0
LINE
8
RED2
6
CONTINUOUS
10
6.2992125984251972
20
-7.7955590551181109
11
6.2992125984251972
21
-7.8742992125984257
0
LINE
8
RED2
6
CONTINUOUS
10
8.2677165354330704
20
-7.7955590551181109
11
8.2677165354330704
21
-7.8742992125984257
0
LINE
8
RED2
6
CONTINUOUS
10
10.2362204724409445
20
-7.7955590551181109
11
10.2362204724409445
21
-7.8742992125984257
0
LINE
8
RED2
6
CONTINUOUS
10
1.4208267716535434
20
-7.8583031496062992
11
1.3915826771653543
21
-7.8583031496062992
0
LINE
8
RED2
6
CONTINUOUS
10
1.4062047244094489
20
-7.8583031496062992
11
1.4062047244094489
21
-7.8071220472440945
0
LINE
8
RED2
6
CONTINUOUS
10
1.4062047244094489
20
-7.8071220472440945
11
1.4013307086614173
21
-7.8144330708661416
0
LINE
8
RED2
6
CONTINUOUS
10
1.4013307086614173
20
-7.8144330708661416
11
1.3964566929133859
21
-7.8193070866141738
0
LINE
8
RED2
6
CONTINUOUS
10
1.3964566929133859
20
-7.8193070866141738
11
1.3915826771653543
21
-7.8217440944881895
0
LINE
8
RED2
6
CONTINUOUS
10
3.3600866141732286
20
-7.8119960629921259
11
3.3625236220472443
21
-7.8095590551181102
0
LINE
8
RED2
6
CONTINUOUS
10
3.3625236220472443
20
-7.8095590551181102
11
3.3673976377952757
21
-7.8071220472440945
0
LINE
8
RED2
6
CONTINUOUS
10
3.3673976377952757
20
-7.8071220472440945
11
3.3795826771653545
21
-7.8071220472440945
0
LINE
8
RED2
6
CONTINUOUS
10
3.3795826771653545
20
-7.8071220472440945
11
3.3844566929133859
21
-7.8095590551181102
0
LINE
8
RED2
6
CONTINUOUS
10
3.3844566929133859
20
-7.8095590551181102
11
3.3868937007874016
21
-7.8119960629921259
0
LINE
8
RED2
6
CONTINUOUS
10
3.3868937007874016
20
-7.8119960629921259
11
3.3893307086614173
21
-7.8168700787401582
0
LINE
8
RED2
6
CONTINUOUS
10
3.3893307086614173
20
-7.8168700787401582
11
3.3893307086614173
21
-7.8217440944881895
0
LINE
8
RED2
6
CONTINUOUS
10
3.3893307086614173
20
-7.8217440944881895
11
3.3868937007874016
21
-7.8290551181102366
0
LINE
8
RED2
6
CONTINUOUS
10
3.3868937007874016
20
-7.8290551181102366
11
3.3576496062992129
21
-7.8583031496062992
0
LINE
8
RED2
6
CONTINUOUS
10
3.3576496062992129
20
-7.8583031496062992
11
3.3893307086614173
21
-7.8583031496062992
0
LINE
8
RED2
6
CONTINUOUS
10
5.326153543307087
20
-7.8071220472440945
11
5.3578346456692918
21
-7.8071220472440945
0
LINE
8
RED2
6
CONTINUOUS
10
5.3578346456692918
20
-7.8071220472440945
11
5.3407755905511811
21
-7.8266181102362209
0
LINE
8
RED2
6
CONTINUOUS
10
5.3407755905511811
20
-7.8266181102362209
11
5.3480866141732282
21
-7.8266181102362209
0
LINE
8
RED2
6
CONTINUOUS
10
5.3480866141732282
20
-7.8266181102362209
11
5.3529606299212604
21
-7.8290551181102366
0
LINE
8
RED2
6
CONTINUOUS
10
5.3529606299212604
20
-7.8290551181102366
11
5.3553976377952761
21
-7.8314921259842523
0
LINE
8
RED2
6
CONTINUOUS
10
5.3553976377952761
20
-7.8314921259842523
11
5.3578346456692918
21
-7.8363661417322836
0
LINE
8
RED2
6
CONTINUOUS
10
5.3578346456692918
20
-7.8363661417322836
11
5.3578346456692918
21
-7.8485511811023629
0
LINE
8
RED2
6
CONTINUOUS
10
5.3578346456692918
20
-7.8485511811023629
11
5.3553976377952761
21
-7.8534251968503943
0
LINE
8
RED2
6
CONTINUOUS
10
5.3553976377952761
20
-7.8534251968503943
11
5.3529606299212604
21
-7.8558661417322835
0
LINE
8
RED2
6
CONTINUOUS
10
5.3529606299212604
20
-7.8558661417322835
11
5.3480866141732282
21
-7.8583031496062992
0
LINE
8
RED2
6
CONTINUOUS
10
5.3480866141732282
20
-7.8583031496062992
11
5.3334645669291341
21
-7.8583031496062992
0
LINE
8
RED2
6
CONTINUOUS
10
5.3334645669291341
20
-7.8583031496062992
11
5.3285905511811027
21
-7.8558661417322835
0
LINE
8
RED2
6
CONTINUOUS
10
5.3285905511811027
20
-7.8558661417322835
11
5.326153543307087
21
-7.8534251968503943
0
LINE
8
RED2
6
CONTINUOUS
10
7.3214645669291345
20
-7.8241811023622052
11
7.3214645669291345
21
-7.8583031496062992
0
LINE
8
RED2
6
CONTINUOUS
10
7.3092795275590552
20
-7.8046850393700788
11
7.2970944881889768
21
-7.841240157480315
0
LINE
8
RED2
6
CONTINUOUS
10
7.2970944881889768
20
-7.841240157480315
11
7.3287755905511816
21
-7.841240157480315
0
LINE
8
RED2
6
CONTINUOUS
10
9.2924055118110243
20
-7.8071220472440945
11
9.2680354330708656
21
-7.8071220472440945
0
LINE
8
RED2
6
CONTINUOUS
10
9.2680354330708656
20
-7.8071220472440945
11
9.2655984251968508
21
-7.8314921259842523
0
LINE
8
RED2
6
CONTINUOUS
10
9.2655984251968508
20
-7.8314921259842523
11
9.2680354330708656
21
-7.8290551181102366
0
LINE
8
RED2
6
CONTINUOUS
10
9.2680354330708656
20
-7.8290551181102366
11
9.2729094488188988
21
-7.8266181102362209
0
LINE
8
RED2
6
CONTINUOUS
10
9.2729094488188988
20
-7.8266181102362209
11
9.2850944881889763
21
-7.8266181102362209
0
LINE
8
RED2
6
CONTINUOUS
10
9.2850944881889763
20
-7.8266181102362209
11
9.2899685039370077
21
-7.8290551181102366
0
LINE
8
RED2
6
CONTINUOUS
10
9.2899685039370077
20
-7.8290551181102366
11
9.2924055118110243
21
-7.8314921259842523
0
LINE
8
RED2
6
CONTINUOUS
10
9.2924055118110243
20
-7.8314921259842523
11
9.2948425196850391
21
-7.8363661417322836
0
LINE
8
RED2
6
CONTINUOUS
10
9.2948425196850391
20
-7.8363661417322836
11
9.2948425196850391
21
-7.8485511811023629
0
LINE
8
RED2
6
CONTINUOUS
10
9.2948425196850391
20
-7.8485511811023629
11
9.2924055118110243
21
-7.8534251968503943
0
LINE
8
RED2
6
CONTINUOUS
10
9.2924055118110243
20
-7.8534251968503943
11
9.2899685039370077
21
-7.8558661417322835
0
LINE
8
RED2
6
CONTINUOUS
10
9.2899685039370077
20
-7.8558661417322835
11
9.2850944881889763
21
-7.8583031496062992
0
LINE
8
RED2
6
CONTINUOUS
10
9.2850944881889763
20
-7.8583031496062992
11
9.2729094488188988
21
-7.8583031496062992
0
LINE
8
RED2
6
CONTINUOUS
10
9.2729094488188988
20
-7.8583031496062992
11
9.2680354330708656
21
-7.8558661417322835
0
LINE
8
RED2
6
CONTINUOUS
10
9.2680354330708656
20
-7.8558661417322835
11
9.2655984251968508
21
-7.8534251968503943
0
LINE
8
RED2
6
CONTINUOUS
10
11.2584724409448818
20
-7.8071220472440945
11
11.248724409448819
21
-7.8071220472440945
0
LINE
8
RED2
6
CONTINUOUS
10
11.248724409448819
20
-7.8071220472440945
11
11.2438503937007876
21
-7.8095590551181102
0
LINE
8
RED2
6
CONTINUOUS
10
11.2438503937007876
20
-7.8095590551181102
11
11.2414133858267729
21
-7.8119960629921259
0
LINE
8
RED2
6
CONTINUOUS
10
11.2414133858267729
20
-7.8119960629921259
11
11.2365393700787397
21
-7.8193070866141738
0
LINE
8
RED2
6
CONTINUOUS
10
11.2365393700787397
20
-7.8193070866141738
11
11.2341023622047249
21
-7.8290551181102366
0
LINE
8
RED2
6
CONTINUOUS
10
11.2341023622047249
20
-7.8290551181102366
11
11.2341023622047249
21
-7.8485511811023629
0
LINE
8
RED2
6
CONTINUOUS
10
11.2341023622047249
20
-7.8485511811023629
11
11.2365393700787397
21
-7.8534251968503943
0
LINE
8
RED2
6
CONTINUOUS
10
11.2365393700787397
20
-7.8534251968503943
11
11.2389763779527563
21
-7.8558661417322835
0
LINE
8
RED2
6
CONTINUOUS
10
11.2389763779527563
20
-7.8558661417322835
11
11.2438503937007876
21
-7.8583031496062992
0
LINE
8
RED2
6
CONTINUOUS
10
11.2438503937007876
20
-7.8583031496062992
11
11.2535984251968504
21
-7.8583031496062992
0
LINE
8
RED2
6
CONTINUOUS
10
11.2535984251968504
20
-7.8583031496062992
11
11.2584724409448818
21
-7.8558661417322835
0
LINE
8
RED2
6
CONTINUOUS
10
11.2584724409448818
20
-7.8558661417322835
11
11.2609094488188983
21
-7.8534251968503943
0
LINE
8
RED2
6
CONTINUOUS
10
11.2609094488188983
20
-7.8534251968503943
11
11.2633464566929131
21
-7.8485511811023629
0
LINE
8
RED2
6
CONTINUOUS
10
11.2633464566929131
20
-7.8485511811023629
11
11.2633464566929131
21
-7.8363661417322836
0
LINE
8
RED2
6
CONTINUOUS
10
11.2633464566929131
20
-7.8363661417322836
11
11.2609094488188983
21
-7.8314921259842523
0
LINE
8
RED2
6
CONTINUOUS
10
11.2609094488188983
20
-7.8314921259842523
11
11.2584724409448818
21
-7.8290551181102366
0
LINE
8
RED2
6
CONTINUOUS
10
11.2584724409448818
20
-7.8290551181102366
11
11.2535984251968504
21
-7.8266181102362209
0
LINE
8
RED2
6
CONTINUOUS
10
11.2535984251968504
20
-7.8266181102362209
11
11.2438503937007876
21
-7.8266181102362209
0
LINE
8
RED2
6
CONTINUOUS
10
11.2438503937007876
20
-7.8266181102362209
11
11.2389763779527563
21
-7.8290551181102366
0
LINE
8
RED2
6
CONTINUOUS
10
11.2389763779527563
20
-7.8290551181102366
11
11.2365393700787397
21
-7.8314921259842523
0
LINE
8
RED2
6
CONTINUOUS
10
11.2365393700787397
20
-7.8314921259842523
11
11.2341023622047249
21
-7.8363661417322836
0
LINE
8
RED2
6
CONTINUOUS
10
0.3937007874015748
20
-2.3622047244094491
11
0.4724409448818898
21
-2.3622047244094491
0
LINE
8
RED2
6
CONTINUOUS
10
0.3937007874015748
20
-4.3307086614173231
11
0.4724409448818898
21
-4.3307086614173231
0
LINE
8
RED2
6
CONTINUOUS
10
0.3937007874015748
20
-6.2992125984251972
11
0.4724409448818898
21
-6.2992125984251972
0
LINE
8
RED2
6
CONTINUOUS
10
0.4208858267716535
20
-1.3867007874015749
11
0.445255905511811
21
-1.3867007874015749
0
LINE
8
RED2
6
CONTINUOUS
10
0.4160118110236221
20
-1.4013267716535434
11
0.4330708661417323
21
-1.3501456692913387
0
LINE
8
RED2
6
CONTINUOUS
10
0.4330708661417323
20
-1.3501456692913387
11
0.4501299212598425
21
-1.4013267716535434
0
LINE
8
RED2
6
CONTINUOUS
10
0.4367244094488189
20
-3.3430196850393701
11
0.4440354330708662
21
-3.3454566929133858
0
LINE
8
RED2
6
CONTINUOUS
10
0.4440354330708662
20
-3.3454566929133858
11
0.4464724409448819
21
-3.3478937007874019
0
LINE
8
RED2
6
CONTINUOUS
10
0.4464724409448819
20
-3.3478937007874019
11
0.4489094488188977
21
-3.3527677165354333
0
LINE
8
RED2
6
CONTINUOUS
10
0.4489094488188977
20
-3.3527677165354333
11
0.4489094488188977
21
-3.3600787401574803
0
LINE
8
RED2
6
CONTINUOUS
10
0.4489094488188977
20
-3.3600787401574803
11
0.4464724409448819
21
-3.3649527559055121
0
LINE
8
RED2
6
CONTINUOUS
10
0.4464724409448819
20
-3.3649527559055121
11
0.4440354330708662
21
-3.3673937007874017
0
LINE
8
RED2
6
CONTINUOUS
10
0.4440354330708662
20
-3.3673937007874017
11
0.4391614173228346
21
-3.3698307086614174
0
LINE
8
RED2
6
CONTINUOUS
10
0.4391614173228346
20
-3.3698307086614174
11
0.4196653543307087
21
-3.3698307086614174
0
LINE
8
RED2
6
CONTINUOUS
10
0.4196653543307087
20
-3.3698307086614174
11
0.4196653543307087
21
-3.3186496062992128
0
LINE
8
RED2
6
CONTINUOUS
10
0.4196653543307087
20
-3.3186496062992128
11
0.4367244094488189
21
-3.3186496062992128
0
LINE
8
RED2
6
CONTINUOUS
10
0.4367244094488189
20
-3.3186496062992128
11
0.4415984251968504
21
-3.3210866141732285
0
LINE
8
RED2
6
CONTINUOUS
10
0.4415984251968504
20
-3.3210866141732285
11
0.4440354330708662
21
-3.3235236220472442
0
LINE
8
RED2
6
CONTINUOUS
10
0.4440354330708662
20
-3.3235236220472442
11
0.4464724409448819
21
-3.3283976377952755
0
LINE
8
RED2
6
CONTINUOUS
10
0.4464724409448819
20
-3.3283976377952755
11
0.4464724409448819
21
-3.3332716535433073
0
LINE
8
RED2
6
CONTINUOUS
10
0.4464724409448819
20
-3.3332716535433073
11
0.4440354330708662
21
-3.3381456692913387
0
LINE
8
RED2
6
CONTINUOUS
10
0.4440354330708662
20
-3.3381456692913387
11
0.4415984251968504
21
-3.3405826771653544
0
LINE
8
RED2
6
CONTINUOUS
10
0.4415984251968504
20
-3.3405826771653544
11
0.4367244094488189
21
-3.3430196850393701
0
LINE
8
RED2
6
CONTINUOUS
10
0.4367244094488189
20
-3.3430196850393701
11
0.4196653543307087
21
-3.3430196850393701
0
LINE
8
RED2
6
CONTINUOUS
10
0.4489094488188977
20
-5.3334566929133862
11
0.4464724409448819
21
-5.3358976377952754
0
LINE
8
RED2
6
CONTINUOUS
10
0.4464724409448819
20
-5.3358976377952754
11
0.4391614173228346
21
-5.3383346456692919
0
LINE
8
RED2
6
CONTINUOUS
10
0.4391614173228346
20
-5.3383346456692919
11
0.4342874015748032
21
-5.3383346456692919
0
LINE
8
RED2
6
CONTINUOUS
10
0.4342874015748032
20
-5.3383346456692919
11
0.4269763779527559
21
-5.3358976377952754
0
LINE
8
RED2
6
CONTINUOUS
10
0.4269763779527559
20
-5.3358976377952754
11
0.4221023622047244
21
-5.3310196850393705
0
LINE
8
RED2
6
CONTINUOUS
10
0.4221023622047244
20
-5.3310196850393705
11
0.4196653543307087
21
-5.3261456692913391
0
LINE
8
RED2
6
CONTINUOUS
10
0.4196653543307087
20
-5.3261456692913391
11
0.4172283464566929
21
-5.3163976377952755
0
LINE
8
RED2
6
CONTINUOUS
10
0.4172283464566929
20
-5.3163976377952755
11
0.4172283464566929
21
-5.3090866141732285
0
LINE
8
RED2
6
CONTINUOUS
10
0.4172283464566929
20
-5.3090866141732285
11
0.4196653543307087
21
-5.2993385826771657
0
LINE
8
RED2
6
CONTINUOUS
10
0.4196653543307087
20
-5.2993385826771657
11
0.4221023622047244
21
-5.2944645669291344
0
LINE
8
RED2
6
CONTINUOUS
10
0.4221023622047244
20
-5.2944645669291344
11
0.4269763779527559
21
-5.289590551181103
0
LINE
8
RED2
6
CONTINUOUS
10
0.4269763779527559
20
-5.289590551181103
11
0.4342874015748032
21
-5.2871535433070864
0
LINE
8
RED2
6
CONTINUOUS
10
0.4342874015748032
20
-5.2871535433070864
11
0.4391614173228346
21
-5.2871535433070864
0
LINE
8
RED2
6
CONTINUOUS
10
0.4391614173228346
20
-5.2871535433070864
11
0.4464724409448819
21
-5.289590551181103
0
LINE
8
RED2
6
CONTINUOUS
10
0.4464724409448819
20
-5.289590551181103
11
0.4489094488188977
21
-5.2920275590551187
0
LINE
8
RED2
6
CONTINUOUS
10
0.4196653543307087
20
-7.306838582677166
11
0.4196653543307087
21
-7.2556574803149605
0
LINE
8
RED2
6
CONTINUOUS
10
0.4196653543307087
20
-7.2556574803149605
11
0.4318503937007874
21
-7.2556574803149605
0
LINE
8
RED2
6
CONTINUOUS
10
0.4318503937007874
20
-7.2556574803149605
11
0.4391614173228346
21
-7.2580944881889771
0
LINE
8
RED2
6
CONTINUOUS
10
0.4391614173228346
20
-7.2580944881889771
11
0.4440354330708662
21
-7.2629685039370084
0
LINE
8
RED2
6
CONTINUOUS
10
0.4440354330708662
20
-7.2629685039370084
11
0.4464724409448819
21
-7.2678425196850398
0
LINE
8
RED2
6
CONTINUOUS
10
0.4464724409448819
20
-7.2678425196850398
11
0.4489094488188977
21
-7.2775905511811025
0
LINE
8
RED2
6
CONTINUOUS
10
0.4489094488188977
20
-7.2775905511811025
11
0.4489094488188977
21
-7.2849015748031496
0
LINE
8
RED2
6
CONTINUOUS
10
0.4489094488188977
20
-7.2849015748031496
11
0.4464724409448819
21
-7.2946496062992132
0
LINE
8
RED2
6
CONTINUOUS
10
0.4464724409448819
20
-7.2946496062992132
11
0.4440354330708662
21
-7.2995236220472446
0
LINE
8
RED2
6
CONTINUOUS
10
0.4440354330708662
20
-7.2995236220472446
11
0.4391614173228346
21
-7.3044015748031494
0
LINE
8
RED2
6
CONTINUOUS
10
0.4391614173228346
20
-7.3044015748031494
11
0.4318503937007874
21
-7.306838582677166
0
LINE
8
RED2
6
CONTINUOUS
10
0.4318503937007874
20
-7.306838582677166
11
0.4196653543307087
21
-7.306838582677166
0
LINE
8
RED2
6
CONTINUOUS
10
11.2992992125984255
20
-2.3622047244094491
11
11.2205590551181107
21
-2.3622047244094491
0
LINE
8
RED2
6
CONTINUOUS
10
11.2992992125984255
20
-4.3307086614173231
11
11.2205590551181107
21
-4.3307086614173231
0
LINE
8
RED2
6
CONTINUOUS
10
11.2992992125984255
20
-6.2992125984251972
11
11.2205590551181107
21
-6.2992125984251972
0
LINE
8
RED2
6
CONTINUOUS
10
11.2477440944881888
20
-1.3867007874015749
11
11.2721141732283474
21
-1.3867007874015749
0
LINE
8
RED2
6
CONTINUOUS
10
11.2428700787401574
20
-1.4013267716535434
11
11.2599291338582681
21
-1.3501456692913387
0
LINE
8
RED2
6
CONTINUOUS
10
11.2599291338582681
20
-1.3501456692913387
11
11.2769881889763788
21
-1.4013267716535434
0
LINE
8
RED2
6
CONTINUOUS
10
11.2635826771653544
20
-3.3430196850393701
11
11.2708937007874024
21
-3.3454566929133858
0
LINE
8
RED2
6
CONTINUOUS
10
11.2708937007874024
20
-3.3454566929133858
11
11.2733307086614172
21
-3.3478937007874019
0
LINE
8
RED2
6
CONTINUOUS
10
11.2733307086614172
20
-3.3478937007874019
11
11.2757677165354337
21
-3.3527677165354333
0
LINE
8
RED2
6
CONTINUOUS
10
11.2757677165354337
20
-3.3527677165354333
11
11.2757677165354337
21
-3.3600787401574803
0
LINE
8
RED2
6
CONTINUOUS
10
11.2757677165354337
20
-3.3600787401574803
11
11.2733307086614172
21
-3.3649527559055121
0
LINE
8
RED2
6
CONTINUOUS
10
11.2733307086614172
20
-3.3649527559055121
11
11.2708937007874024
21
-3.3673937007874017
0
LINE
8
RED2
6
CONTINUOUS
10
11.2708937007874024
20
-3.3673937007874017
11
11.266019685039371
21
-3.3698307086614174
0
LINE
8
RED2
6
CONTINUOUS
10
11.266019685039371
20
-3.3698307086614174
11
11.2465236220472438
21
-3.3698307086614174
0
LINE
8
RED2
6
CONTINUOUS
10
11.2465236220472438
20
-3.3698307086614174
11
11.2465236220472438
21
-3.3186496062992128
0
LINE
8
RED2
6
CONTINUOUS
10
11.2465236220472438
20
-3.3186496062992128
11
11.2635826771653544
21
-3.3186496062992128
0
LINE
8
RED2
6
CONTINUOUS
10
11.2635826771653544
20
-3.3186496062992128
11
11.2684566929133858
21
-3.3210866141732285
0
LINE
8
RED2
6
CONTINUOUS
10
11.2684566929133858
20
-3.3210866141732285
11
11.2708937007874024
21
-3.3235236220472442
0
LINE
8
RED2
6
CONTINUOUS
10
11.2708937007874024
20
-3.3235236220472442
11
11.2733307086614172
21
-3.3283976377952755
0
LINE
8
RED2
6
CONTINUOUS
10
11.2733307086614172
20
-3.3283976377952755
11
11.2733307086614172
21
-3.3332716535433073
0
LINE
8
RED2
6
CONTINUOUS
10
11.2733307086614172
20
-3.3332716535433073
11
11.2708937007874024
21
-3.3381456692913387
0
LINE
8
RED2
6
CONTINUOUS
10
11.2708937007874024
20
-3.3381456692913387
11
11.2684566929133858
21
-3.3405826771653544
0
LINE
8
RED2
6
CONTINUOUS
10
11.2684566929133858
20
-3.3405826771653544
11
11.2635826771653544
21
-3.3430196850393701
0
LINE
8
RED2
6
CONTINUOUS
10
11.2635826771653544
20
-3.3430196850393701
11
11.2465236220472438
21
-3.3430196850393701
0
LINE
8
RED2
6
CONTINUOUS
10
11.2757677165354337
20
-5.3334566929133862
11
11.2733307086614172
21
-5.3358976377952754
0
LINE
8
RED2
6
CONTINUOUS
10
11.2733307086614172
20
-5.3358976377952754
11
11.266019685039371
21
-5.3383346456692919
0
LINE
8
RED2
6
CONTINUOUS
10
11.266019685039371
20
-5.3383346456692919
11
11.2611456692913396
21
-5.3383346456692919
0
LINE
8
RED2
6
CONTINUOUS
10
11.2611456692913396
20
-5.3383346456692919
11
11.2538346456692917
21
-5.3358976377952754
0
LINE
8
RED2
6
CONTINUOUS
10
11.2538346456692917
20
-5.3358976377952754
11
11.2489606299212603
21
-5.3310196850393705
0
LINE
8
RED2
6
CONTINUOUS
10
11.2489606299212603
20
-5.3310196850393705
11
11.2465236220472438
21
-5.3261456692913391
0
LINE
8
RED2
6
CONTINUOUS
10
11.2465236220472438
20
-5.3261456692913391
11
11.244086614173229
21
-5.3163976377952755
0
LINE
8
RED2
6
CONTINUOUS
10
11.244086614173229
20
-5.3163976377952755
11
11.244086614173229
21
-5.3090866141732285
0
LINE
8
RED2
6
CONTINUOUS
10
11.244086614173229
20
-5.3090866141732285
11
11.2465236220472438
21
-5.2993385826771657
0
LINE
8
RED2
6
CONTINUOUS
10
11.2465236220472438
20
-5.2993385826771657
11
11.2489606299212603
21
-5.2944645669291344
0
LINE
8
RED2
6
CONTINUOUS
10
11.2489606299212603
20
-5.2944645669291344
11
11.2538346456692917
21
-5.289590551181103
0
LINE
8
RED2
6
CONTINUOUS
10
11.2538346456692917
20
-5.289590551181103
11
11.2611456692913396
21
-5.2871535433070864
0
LINE
8
RED2
6
CONTINUOUS
10
11.2611456692913396
20
-5.2871535433070864
11
11.266019685039371
21
-5.2871535433070864
0
LINE
8
RED2
6
CONTINUOUS
10
11.266019685039371
20
-5.2871535433070864
11
11.2733307086614172
21
-5.289590551181103
0
LINE
8
RED2
6
CONTINUOUS
10
11.2733307086614172
20
-5.289590551181103
11
11.2757677165354337
21
-5.2920275590551187
0
LINE
8
RED2
6
CONTINUOUS
10
11.2465236220472438
20
-7.306838582677166
11
11.2465236220472438
21
-7.2556574803149605
0
LINE
8
RED2
6
CONTINUOUS
10
11.2465236220472438
20
-7.2556574803149605
11
11.2587086614173231
21
-7.2556574803149605
0
LINE
8
RED2
6
CONTINUOUS
10
11.2587086614173231
20
-7.2556574803149605
11
11.266019685039371
21
-7.2580944881889771
0
LINE
8
RED2
6
CONTINUOUS
10
11.266019685039371
20
-7.2580944881889771
11
11.2708937007874024
21
-7.2629685039370084
0
LINE
8
RED2
6
CONTINUOUS
10
11.2708937007874024
20
-7.2629685039370084
11
11.2733307086614172
21
-7.2678425196850398
0
LINE
8
RED2
6
CONTINUOUS
10
11.2733307086614172
20
-7.2678425196850398
11
11.2757677165354337
21
-7.2775905511811025
0
LINE
8
RED2
6
CONTINUOUS
10
11.2757677165354337
20
-7.2775905511811025
11
11.2757677165354337
21
-7.2849015748031496
0
LINE
8
RED2
6
CONTINUOUS
10
11.2757677165354337
20
-7.2849015748031496
11
11.2733307086614172
21
-7.2946496062992132
0
LINE
8
RED2
6
CONTINUOUS
10
11.2733307086614172
20
-7.2946496062992132
11
11.2708937007874024
21
-7.2995236220472446
0
LINE
8
RED2
6
CONTINUOUS
10
11.2708937007874024
20
-7.2995236220472446
11
11.266019685039371
21
-7.3044015748031494
0
LINE
8
RED2
6
CONTINUOUS
10
11.266019685039371
20
-7.3044015748031494
11
11.2587086614173231
21
-7.306838582677166
0
LINE
8
RED2
6
CONTINUOUS
10
11.2587086614173231
20
-7.306838582677166
11
11.2465236220472438
21
-7.306838582677166
0
LINE
8
RED2
6
CONTINUOUS
10
7.8920433070866141
20
-7.629657480314961
11
7.8920433070866141
21
-7.5706023622047249
0
LINE
8
RED2
6
CONTINUOUS
10
7.8920433070866141
20
-7.5706023622047249
11
7.9061023622047246
21
-7.5706023622047249
0
LINE
8
RED2
6
CONTINUOUS
10
7.9061023622047246
20
-7.5706023622047249
11
7.9145393700787405
21
-7.5734133858267718
0
LINE
8
RED2
6
CONTINUOUS
10
7.9145393700787405
20
-7.5734133858267718
11
7.9201653543307087
21
-7.5790393700787408
0
LINE
8
RED2
6
CONTINUOUS
10
7.9201653543307087
20
-7.5790393700787408
11
7.9229763779527564
21
-7.5846614173228346
0
LINE
8
RED2
6
CONTINUOUS
10
7.9229763779527564
20
-7.5846614173228346
11
7.9257874015748033
21
-7.5959094488188983
0
LINE
8
RED2
6
CONTINUOUS
10
7.9257874015748033
20
-7.5959094488188983
11
7.9257874015748033
21
-7.6043464566929133
0
LINE
8
RED2
6
CONTINUOUS
10
7.9257874015748033
20
-7.6043464566929133
11
7.9229763779527564
21
-7.615594488188977
0
LINE
8
RED2
6
CONTINUOUS
10
7.9229763779527564
20
-7.615594488188977
11
7.9201653543307087
21
-7.6212204724409451
0
LINE
8
RED2
6
CONTINUOUS
10
7.9201653543307087
20
-7.6212204724409451
11
7.9145393700787405
21
-7.6268464566929133
0
LINE
8
RED2
6
CONTINUOUS
10
7.9145393700787405
20
-7.6268464566929133
11
7.9061023622047246
21
-7.629657480314961
0
LINE
8
RED2
6
CONTINUOUS
10
7.9061023622047246
20
-7.629657480314961
11
7.8920433070866141
21
-7.629657480314961
0
LINE
8
RED2
6
CONTINUOUS
10
7.9764094488188979
20
-7.629657480314961
11
7.9764094488188979
21
-7.5987244094488196
0
LINE
8
RED2
6
CONTINUOUS
10
7.9764094488188979
20
-7.5987244094488196
11
7.9735944881889766
21
-7.5930984251968505
0
LINE
8
RED2
6
CONTINUOUS
10
7.9735944881889766
20
-7.5930984251968505
11
7.967972440944882
21
-7.5902874015748036
0
LINE
8
RED2
6
CONTINUOUS
10
7.967972440944882
20
-7.5902874015748036
11
7.9567244094488192
21
-7.5902874015748036
0
LINE
8
RED2
6
CONTINUOUS
10
7.9567244094488192
20
-7.5902874015748036
11
7.9510984251968511
21
-7.5930984251968505
0
LINE
8
RED2
6
CONTINUOUS
10
7.9764094488188979
20
-7.6268464566929133
11
7.9707834645669298
21
-7.629657480314961
0
LINE
8
RED2
6
CONTINUOUS
10
7.9707834645669298
20
-7.629657480314961
11
7.9567244094488192
21
-7.629657480314961
0
LINE
8
RED2
6
CONTINUOUS
10
7.9567244094488192
20
-7.629657480314961
11
7.9510984251968511
21
-7.6268464566929133
0
LINE
8
RED2
6
CONTINUOUS
10
7.9510984251968511
20
-7.6268464566929133
11
7.9482874015748033
21
-7.6212204724409451
0
LINE
8
RED2
6
CONTINUOUS
10
7.9482874015748033
20
-7.6212204724409451
11
7.9482874015748033
21
-7.615594488188977
0
LINE
8
RED2
6
CONTINUOUS
10
7.9482874015748033
20
-7.615594488188977
11
7.9510984251968511
21
-7.6099724409448823
0
LINE
8
RED2
6
CONTINUOUS
10
7.9510984251968511
20
-7.6099724409448823
11
7.9567244094488192
21
-7.6071614173228346
0
LINE
8
RED2
6
CONTINUOUS
10
7.9567244094488192
20
-7.6071614173228346
11
7.9707834645669298
21
-7.6071614173228346
0
LINE
8
RED2
6
CONTINUOUS
10
7.9707834645669298
20
-7.6071614173228346
11
7.9764094488188979
21
-7.6043464566929133
0
LINE
8
RED2
6
CONTINUOUS
10
7.9960905511811022
20
-7.5902874015748036
11
8.0185866141732287
21
-7.5902874015748036
0
LINE
8
RED2
6
CONTINUOUS
10
8.0045275590551181
20
-7.5706023622047249
11
8.0045275590551181
21
-7.6212204724409451
0
LINE
8
RED2
6
CONTINUOUS
10
8.0045275590551181
20
-7.6212204724409451
11
8.0073385826771659
21
-7.6268464566929133
0
LINE
8
RED2
6
CONTINUOUS
10
8.0073385826771659
20
-7.6268464566929133
11
8.0129645669291349
21
-7.629657480314961
0
LINE
8
RED2
6
CONTINUOUS
10
8.0129645669291349
20
-7.629657480314961
11
8.0185866141732287
21
-7.629657480314961
0
LINE
8
RED2
6
CONTINUOUS
10
8.0607677165354339
20
-7.6268464566929133
11
8.0551456692913384
21
-7.629657480314961
0
LINE
8
RED2
6
CONTINUOUS
10
8.0551456692913384
20
-7.629657480314961
11
8.0438976377952756
21
-7.629657480314961
0
LINE
8
RED2
6
CONTINUOUS
10
8.0438976377952756
20
-7.629657480314961
11
8.0382716535433065
21
-7.6268464566929133
0
LINE
8
RED2
6
CONTINUOUS
10
8.0382716535433065
20
-7.6268464566929133
11
8.0354606299212605
21
-7.6212204724409451
0
LINE
8
RED2
6
CONTINUOUS
10
8.0354606299212605
20
-7.6212204724409451
11
8.0354606299212605
21
-7.5987244094488196
0
LINE
8
RED2
6
CONTINUOUS
10
8.0354606299212605
20
-7.5987244094488196
11
8.0382716535433065
21
-7.5930984251968505
0
LINE
8
RED2
6
CONTINUOUS
10
8.0382716535433065
20
-7.5930984251968505
11
8.0438976377952756
21
-7.5902874015748036
0
LINE
8
RED2
6
CONTINUOUS
10
8.0438976377952756
20
-7.5902874015748036
11
8.0551456692913384
21
-7.5902874015748036
0
LINE
8
RED2
6
CONTINUOUS
10
8.0551456692913384
20
-7.5902874015748036
11
8.0607677165354339
21
-7.5930984251968505
0
LINE
8
RED2
6
CONTINUOUS
10
8.0607677165354339
20
-7.5930984251968505
11
8.0635826771653552
21
-7.5987244094488196
0
LINE
8
RED2
6
CONTINUOUS
10
8.0635826771653552
20
-7.5987244094488196
11
8.0635826771653552
21
-7.6043464566929133
0
LINE
8
RED2
6
CONTINUOUS
10
8.0635826771653552
20
-7.6043464566929133
11
8.0354606299212605
21
-7.6099724409448823
0
LINE
8
RED2
6
CONTINUOUS
10
8.0888897637795285
20
-7.624031496062992
11
8.0917007874015745
21
-7.6268464566929133
0
LINE
8
RED2
6
CONTINUOUS
10
8.0917007874015745
20
-7.6268464566929133
11
8.0888897637795285
21
-7.629657480314961
0
LINE
8
RED2
6
CONTINUOUS
10
8.0888897637795285
20
-7.629657480314961
11
8.0860787401574807
21
-7.6268464566929133
0
LINE
8
RED2
6
CONTINUOUS
10
8.0860787401574807
20
-7.6268464566929133
11
8.0888897637795285
21
-7.624031496062992
0
LINE
8
RED2
6
CONTINUOUS
10
8.0888897637795285
20
-7.624031496062992
11
8.0888897637795285
21
-7.629657480314961
0
LINE
8
RED2
6
CONTINUOUS
10
8.0888897637795285
20
-7.5930984251968505
11
8.0917007874015745
21
-7.5959094488188983
0
LINE
8
RED2
6
CONTINUOUS
10
8.0917007874015745
20
-7.5959094488188983
11
8.0888897637795285
21
-7.5987244094488196
0
LINE
8
RED2
6
CONTINUOUS
10
8.0888897637795285
20
-7.5987244094488196
11
8.0860787401574807
21
-7.5959094488188983
0
LINE
8
RED2
6
CONTINUOUS
10
8.0860787401574807
20
-7.5959094488188983
11
8.0888897637795285
21
-7.5930984251968505
0
LINE
8
RED2
6
CONTINUOUS
10
8.0888897637795285
20
-7.5930984251968505
11
8.0888897637795285
21
-7.5987244094488196
0
LINE
8
RED2
6
CONTINUOUS
10
6.9685905511811024
20
-7.657763779527559
11
11.2205590551181107
21
-7.657763779527559
0
LINE
8
RED2
6
CONTINUOUS
10
7.0259015748031501
20
-7.7398937007874018
11
7.0259015748031501
21
-7.6808385826771657
0
LINE
8
RED2
6
CONTINUOUS
10
7.0596456692913385
20
-7.7398937007874018
11
7.0343385826771661
21
-7.706145669291339
0
LINE
8
RED2
6
CONTINUOUS
10
7.0596456692913385
20
-7.6808385826771657
11
7.0259015748031501
21
-7.714582677165355
0
LINE
8
RED2
6
CONTINUOUS
10
7.0849566929133863
20
-7.7398937007874018
11
7.0849566929133863
21
-7.7005236220472444
0
LINE
8
RED2
6
CONTINUOUS
10
7.0849566929133863
20
-7.6808385826771657
11
7.0821456692913385
21
-7.6836496062992126
0
LINE
8
RED2
6
CONTINUOUS
10
7.0821456692913385
20
-7.6836496062992126
11
7.0849566929133863
21
-7.6864606299212603
0
LINE
8
RED2
6
CONTINUOUS
10
7.0849566929133863
20
-7.6864606299212603
11
7.0877677165354331
21
-7.6836496062992126
0
LINE
8
RED2
6
CONTINUOUS
10
7.0877677165354331
20
-7.6836496062992126
11
7.0849566929133863
21
-7.6808385826771657
0
LINE
8
RED2
6
CONTINUOUS
10
7.0849566929133863
20
-7.6808385826771657
11
7.0849566929133863
21
-7.6864606299212603
0
LINE
8
RED2
6
CONTINUOUS
10
7.1468228346456693
20
-7.7342677165354337
11
7.1440118110236224
21
-7.7370826771653549
0
LINE
8
RED2
6
CONTINUOUS
10
7.1440118110236224
20
-7.7370826771653549
11
7.1355748031496065
21
-7.7398937007874018
0
LINE
8
RED2
6
CONTINUOUS
10
7.1355748031496065
20
-7.7398937007874018
11
7.1299527559055118
21
-7.7398937007874018
0
LINE
8
RED2
6
CONTINUOUS
10
7.1299527559055118
20
-7.7398937007874018
11
7.1215157480314959
21
-7.7370826771653549
0
LINE
8
RED2
6
CONTINUOUS
10
7.1215157480314959
20
-7.7370826771653549
11
7.1158897637795278
21
-7.7314566929133859
0
LINE
8
RED2
6
CONTINUOUS
10
7.1158897637795278
20
-7.7314566929133859
11
7.1130787401574809
21
-7.7258307086614177
0
LINE
8
RED2
6
CONTINUOUS
10
7.1130787401574809
20
-7.7258307086614177
11
7.1102677165354331
21
-7.714582677165355
0
LINE
8
RED2
6
CONTINUOUS
10
7.1102677165354331
20
-7.714582677165355
11
7.1102677165354331
21
-7.706145669291339
0
LINE
8
RED2
6
CONTINUOUS
10
7.1102677165354331
20
-7.706145669291339
11
7.1130787401574809
21
-7.6948976377952762
0
LINE
8
RED2
6
CONTINUOUS
10
7.1130787401574809
20
-7.6948976377952762
11
7.1158897637795278
21
-7.6892755905511816
0
LINE
8
RED2
6
CONTINUOUS
10
7.1158897637795278
20
-7.6892755905511816
11
7.1215157480314959
21
-7.6836496062992126
0
LINE
8
RED2
6
CONTINUOUS
10
7.1215157480314959
20
-7.6836496062992126
11
7.1299527559055118
21
-7.6808385826771657
0
LINE
8
RED2
6
CONTINUOUS
10
7.1299527559055118
20
-7.6808385826771657
11
7.1355748031496065
21
-7.6808385826771657
0
LINE
8
RED2
6
CONTINUOUS
10
7.1355748031496065
20
-7.6808385826771657
11
7.1440118110236224
21
-7.6836496062992126
0
LINE
8
RED2
6
CONTINUOUS
10
7.1440118110236224
20
-7.6836496062992126
11
7.1468228346456693
21
-7.6864606299212603
0
LINE
8
RED2
6
CONTINUOUS
10
7.1974448818897638
20
-7.7398937007874018
11
7.1974448818897638
21
-7.7089606299212603
0
LINE
8
RED2
6
CONTINUOUS
10
7.1974448818897638
20
-7.7089606299212603
11
7.1946299212598426
21
-7.7033346456692913
0
LINE
8
RED2
6
CONTINUOUS
10
7.1946299212598426
20
-7.7033346456692913
11
7.1890078740157479
21
-7.7005236220472444
0
LINE
8
RED2
6
CONTINUOUS
10
7.1890078740157479
20
-7.7005236220472444
11
7.1777598425196851
21
-7.7005236220472444
0
LINE
8
RED2
6
CONTINUOUS
10
7.1777598425196851
20
-7.7005236220472444
11
7.172133858267717
21
-7.7033346456692913
0
LINE
8
RED2
6
CONTINUOUS
10
7.1974448818897638
20
-7.7370826771653549
11
7.1918188976377957
21
-7.7398937007874018
0
LINE
8
RED2
6
CONTINUOUS
10
7.1918188976377957
20
-7.7398937007874018
11
7.1777598425196851
21
-7.7398937007874018
0
LINE
8
RED2
6
CONTINUOUS
10
7.1777598425196851
20
-7.7398937007874018
11
7.172133858267717
21
-7.7370826771653549
0
LINE
8
RED2
6
CONTINUOUS
10
7.172133858267717
20
-7.7370826771653549
11
7.1693228346456692
21
-7.7314566929133859
0
LINE
8
RED2
6
CONTINUOUS
10
7.1693228346456692
20
-7.7314566929133859
11
7.1693228346456692
21
-7.7258307086614177
0
LINE
8
RED2
6
CONTINUOUS
10
7.1693228346456692
20
-7.7258307086614177
11
7.172133858267717
21
-7.7202086614173231
0
LINE
8
RED2
6
CONTINUOUS
10
7.172133858267717
20
-7.7202086614173231
11
7.1777598425196851
21
-7.7173976377952762
0
LINE
8
RED2
6
CONTINUOUS
10
7.1777598425196851
20
-7.7173976377952762
11
7.1918188976377957
21
-7.7173976377952762
0
LINE
8
RED2
6
CONTINUOUS
10
7.1918188976377957
20
-7.7173976377952762
11
7.1974448818897638
21
-7.714582677165355
0
LINE
8
RED2
6
CONTINUOUS
10
7.2508740157480318
20
-7.7398937007874018
11
7.2508740157480318
21
-7.6808385826771657
0
LINE
8
RED2
6
CONTINUOUS
10
7.2508740157480318
20
-7.7370826771653549
11
7.2452480314960637
21
-7.7398937007874018
0
LINE
8
RED2
6
CONTINUOUS
10
7.2452480314960637
20
-7.7398937007874018
11
7.234
21
-7.7398937007874018
0
LINE
8
RED2
6
CONTINUOUS
10
7.234
20
-7.7398937007874018
11
7.2283740157480318
21
-7.7370826771653549
0
LINE
8
RED2
6
CONTINUOUS
10
7.2283740157480318
20
-7.7370826771653549
11
7.225562992125985
21
-7.7342677165354337
0
LINE
8
RED2
6
CONTINUOUS
10
7.225562992125985
20
-7.7342677165354337
11
7.2227519685039372
21
-7.728645669291339
0
LINE
8
RED2
6
CONTINUOUS
10
7.2227519685039372
20
-7.728645669291339
11
7.2227519685039372
21
-7.7117716535433072
0
LINE
8
RED2
6
CONTINUOUS
10
7.2227519685039372
20
-7.7117716535433072
11
7.225562992125985
21
-7.706145669291339
0
LINE
8
RED2
6
CONTINUOUS
10
7.225562992125985
20
-7.706145669291339
11
7.2283740157480318
21
-7.7033346456692913
0
LINE
8
RED2
6
CONTINUOUS
10
7.2283740157480318
20
-7.7033346456692913
11
7.234
21
-7.7005236220472444
0
LINE
8
RED2
6
CONTINUOUS
10
7.234
20
-7.7005236220472444
11
7.2452480314960637
21
-7.7005236220472444
0
LINE
8
RED2
6
CONTINUOUS
10
7.2452480314960637
20
-7.7005236220472444
11
7.2508740157480318
21
-7.7033346456692913
0
LINE
8
RED2
6
CONTINUOUS
10
7.3239881889763785
20
-7.7089606299212603
11
7.3436732283464572
21
-7.7089606299212603
0
LINE
8
RED2
6
CONTINUOUS
10
7.3521102362204731
20
-7.7398937007874018
11
7.3239881889763785
21
-7.7398937007874018
0
LINE
8
RED2
6
CONTINUOUS
10
7.3239881889763785
20
-7.7398937007874018
11
7.3239881889763785
21
-7.6808385826771657
0
LINE
8
RED2
6
CONTINUOUS
10
7.3239881889763785
20
-7.6808385826771657
11
7.3521102362204731
21
-7.6808385826771657
0
LINE
8
RED2
6
CONTINUOUS
10
7.3774173228346456
20
-7.7342677165354337
11
7.3802283464566933
21
-7.7370826771653549
0
LINE
8
RED2
6
CONTINUOUS
10
7.3802283464566933
20
-7.7370826771653549
11
7.3774173228346456
21
-7.7398937007874018
0
LINE
8
RED2
6
CONTINUOUS
10
7.3774173228346456
20
-7.7398937007874018
11
7.3746062992125987
21
-7.7370826771653549
0
LINE
8
RED2
6
CONTINUOUS
10
7.3746062992125987
20
-7.7370826771653549
11
7.3774173228346456
21
-7.7342677165354337
0
LINE
8
RED2
6
CONTINUOUS
10
7.3774173228346456
20
-7.7342677165354337
11
7.3774173228346456
21
-7.7398937007874018
0
LINE
8
RED2
6
CONTINUOUS
10
7.4055393700787402
20
-7.7398937007874018
11
7.4055393700787402
21
-7.6808385826771657
0
LINE
8
RED2
6
CONTINUOUS
10
7.4055393700787402
20
-7.6808385826771657
11
7.4195984251968508
21
-7.6808385826771657
0
LINE
8
RED2
6
CONTINUOUS
10
7.4195984251968508
20
-7.6808385826771657
11
7.4280354330708667
21
-7.6836496062992126
0
LINE
8
RED2
6
CONTINUOUS
10
7.4280354330708667
20
-7.6836496062992126
11
7.4336614173228348
21
-7.6892755905511816
0
LINE
8
RED2
6
CONTINUOUS
10
7.4336614173228348
20
-7.6892755905511816
11
7.4364724409448826
21
-7.6948976377952762
0
LINE
8
RED2
6
CONTINUOUS
10
7.4364724409448826
20
-7.6948976377952762
11
7.4392834645669295
21
-7.706145669291339
0
LINE
8
RED2
6
CONTINUOUS
10
7.4392834645669295
20
-7.706145669291339
11
7.4392834645669295
21
-7.714582677165355
0
LINE
8
RED2
6
CONTINUOUS
10
7.4392834645669295
20
-7.714582677165355
11
7.4364724409448826
21
-7.7258307086614177
0
LINE
8
RED2
6
CONTINUOUS
10
7.4364724409448826
20
-7.7258307086614177
11
7.4336614173228348
21
-7.7314566929133859
0
LINE
8
RED2
6
CONTINUOUS
10
7.4336614173228348
20
-7.7314566929133859
11
7.4280354330708667
21
-7.7370826771653549
0
LINE
8
RED2
6
CONTINUOUS
10
7.4280354330708667
20
-7.7370826771653549
11
7.4195984251968508
21
-7.7398937007874018
0
LINE
8
RED2
6
CONTINUOUS
10
7.4195984251968508
20
-7.7398937007874018
11
7.4055393700787402
21
-7.7398937007874018
0
LINE
8
RED2
6
CONTINUOUS
10
7.4645944881889763
20
-7.7342677165354337
11
7.4674055118110241
21
-7.7370826771653549
0
LINE
8
RED2
6
CONTINUOUS
10
7.4674055118110241
20
-7.7370826771653549
11
7.4645944881889763
21
-7.7398937007874018
0
LINE
8
RED2
6
CONTINUOUS
10
7.4645944881889763
20
-7.7398937007874018
11
7.4617834645669294
21
-7.7370826771653549
0
LINE
8
RED2
6
CONTINUOUS
10
7.4617834645669294
20
-7.7370826771653549
11
7.4645944881889763
21
-7.7342677165354337
0
LINE
8
RED2
6
CONTINUOUS
10
7.4645944881889763
20
-7.7342677165354337
11
7.4645944881889763
21
-7.7398937007874018
0
LINE
8
RED2
6
CONTINUOUS
10
7.489905511811024
20
-7.72301968503937
11
7.5180275590551187
21
-7.72301968503937
0
LINE
8
RED2
6
CONTINUOUS
10
7.484279527559055
20
-7.7398937007874018
11
7.5039645669291337
21
-7.6808385826771657
0
LINE
8
RED2
6
CONTINUOUS
10
7.5039645669291337
20
-7.6808385826771657
11
7.5236496062992133
21
-7.7398937007874018
0
LINE
8
RED2
6
CONTINUOUS
10
7.543334645669292
20
-7.7342677165354337
11
7.5461456692913389
21
-7.7370826771653549
0
LINE
8
RED2
6
CONTINUOUS
10
7.5461456692913389
20
-7.7370826771653549
11
7.543334645669292
21
-7.7398937007874018
0
LINE
8
RED2
6
CONTINUOUS
10
7.543334645669292
20
-7.7398937007874018
11
7.5405236220472442
21
-7.7370826771653549
0
LINE
8
RED2
6
CONTINUOUS
10
7.5405236220472442
20
-7.7370826771653549
11
7.543334645669292
21
-7.7342677165354337
0
LINE
8
RED2
6
CONTINUOUS
10
7.543334645669292
20
-7.7342677165354337
11
7.543334645669292
21
-7.7398937007874018
0
LINE
8
RED2
6
CONTINUOUS
10
7.6192637795275591
20
-7.7398937007874018
11
7.6305118110236227
21
-7.7398937007874018
0
LINE
8
RED2
6
CONTINUOUS
10
7.6305118110236227
20
-7.7398937007874018
11
7.6361377952755909
21
-7.7370826771653549
0
LINE
8
RED2
6
CONTINUOUS
10
7.6361377952755909
20
-7.7370826771653549
11
7.6389488188976378
21
-7.7342677165354337
0
LINE
8
RED2
6
CONTINUOUS
10
7.6389488188976378
20
-7.7342677165354337
11
7.6445748031496068
21
-7.7258307086614177
0
LINE
8
RED2
6
CONTINUOUS
10
7.6445748031496068
20
-7.7258307086614177
11
7.6473858267716537
21
-7.714582677165355
0
LINE
8
RED2
6
CONTINUOUS
10
7.6473858267716537
20
-7.714582677165355
11
7.6473858267716537
21
-7.6920866141732285
0
LINE
8
RED2
6
CONTINUOUS
10
7.6473858267716537
20
-7.6920866141732285
11
7.6445748031496068
21
-7.6864606299212603
0
LINE
8
RED2
6
CONTINUOUS
10
7.6445748031496068
20
-7.6864606299212603
11
7.641763779527559
21
-7.6836496062992126
0
LINE
8
RED2
6
CONTINUOUS
10
7.641763779527559
20
-7.6836496062992126
11
7.6361377952755909
21
-7.6808385826771657
0
LINE
8
RED2
6
CONTINUOUS
10
7.6361377952755909
20
-7.6808385826771657
11
7.6248897637795281
21
-7.6808385826771657
0
LINE
8
RED2
6
CONTINUOUS
10
7.6248897637795281
20
-7.6808385826771657
11
7.6192637795275591
21
-7.6836496062992126
0
LINE
8
RED2
6
CONTINUOUS
10
7.6192637795275591
20
-7.6836496062992126
11
7.6164527559055122
21
-7.6864606299212603
0
LINE
8
RED2
6
CONTINUOUS
10
7.6164527559055122
20
-7.6864606299212603
11
7.6136417322834644
21
-7.6920866141732285
0
LINE
8
RED2
6
CONTINUOUS
10
7.6136417322834644
20
-7.6920866141732285
11
7.6136417322834644
21
-7.706145669291339
0
LINE
8
RED2
6
CONTINUOUS
10
7.6136417322834644
20
-7.706145669291339
11
7.6164527559055122
21
-7.7117716535433072
0
LINE
8
RED2
6
CONTINUOUS
10
7.6164527559055122
20
-7.7117716535433072
11
7.6192637795275591
21
-7.714582677165355
0
LINE
8
RED2
6
CONTINUOUS
10
7.6192637795275591
20
-7.714582677165355
11
7.6248897637795281
21
-7.7173976377952762
0
LINE
8
RED2
6
CONTINUOUS
10
7.6248897637795281
20
-7.7173976377952762
11
7.6361377952755909
21
-7.7173976377952762
0
LINE
8
RED2
6
CONTINUOUS
10
7.6361377952755909
20
-7.7173976377952762
11
7.641763779527559
21
-7.714582677165355
0
LINE
8
RED2
6
CONTINUOUS
10
7.641763779527559
20
-7.714582677165355
11
7.6445748031496068
21
-7.7117716535433072
0
LINE
8
RED2
6
CONTINUOUS
10
7.6445748031496068
20
-7.7117716535433072
11
7.6473858267716537
21
-7.706145669291339
0
LINE
8
RED2
6
CONTINUOUS
10
7.6726968503937014
20
-7.7342677165354337
11
7.6755078740157483
21
-7.7370826771653549
0
LINE
8
RED2
6
CONTINUOUS
10
7.6755078740157483
20
-7.7370826771653549
11
7.6726968503937014
21
-7.7398937007874018
0
LINE
8
RED2
6
CONTINUOUS
10
7.6726968503937014
20
-7.7398937007874018
11
7.6698858267716536
21
-7.7370826771653549
0
LINE
8
RED2
6
CONTINUOUS
10
7.6698858267716536
20
-7.7370826771653549
11
7.6726968503937014
21
-7.7342677165354337
0
LINE
8
RED2
6
CONTINUOUS
10
7.6726968503937014
20
-7.7342677165354337
11
7.6726968503937014
21
-7.7398937007874018
0
LINE
8
RED2
6
CONTINUOUS
10
7.7120669291338588
20
-7.6808385826771657
11
7.717692913385827
21
-7.6808385826771657
0
LINE
8
RED2
6
CONTINUOUS
10
7.717692913385827
20
-7.6808385826771657
11
7.7233149606299216
21
-7.6836496062992126
0
LINE
8
RED2
6
CONTINUOUS
10
7.7233149606299216
20
-7.6836496062992126
11
7.7261299212598429
21
-7.6864606299212603
0
LINE
8
RED2
6
CONTINUOUS
10
7.7261299212598429
20
-7.6864606299212603
11
7.7289409448818898
21
-7.6920866141732285
0
LINE
8
RED2
6
CONTINUOUS
10
7.7289409448818898
20
-7.6920866141732285
11
7.7317519685039375
21
-7.7033346456692913
0
LINE
8
RED2
6
CONTINUOUS
10
7.7317519685039375
20
-7.7033346456692913
11
7.7317519685039375
21
-7.7173976377952762
0
LINE
8
RED2
6
CONTINUOUS
10
7.7317519685039375
20
-7.7173976377952762
11
7.7289409448818898
21
-7.728645669291339
0
LINE
8
RED2
6
CONTINUOUS
10
7.7289409448818898
20
-7.728645669291339
11
7.7261299212598429
21
-7.7342677165354337
0
LINE
8
RED2
6
CONTINUOUS
10
7.7261299212598429
20
-7.7342677165354337
11
7.7233149606299216
21
-7.7370826771653549
0
LINE
8
RED2
6
CONTINUOUS
10
7.7233149606299216
20
-7.7370826771653549
11
7.717692913385827
21
-7.7398937007874018
0
LINE
8
RED2
6
CONTINUOUS
10
7.717692913385827
20
-7.7398937007874018
11
7.7120669291338588
21
-7.7398937007874018
0
LINE
8
RED2
6
CONTINUOUS
10
7.7120669291338588
20
-7.7398937007874018
11
7.7064448818897642
21
-7.7370826771653549
0
LINE
8
RED2
6
CONTINUOUS
10
7.7064448818897642
20
-7.7370826771653549
11
7.7036299212598429
21
-7.7342677165354337
0
LINE
8
RED2
6
CONTINUOUS
10
7.7036299212598429
20
-7.7342677165354337
11
7.7008188976377951
21
-7.728645669291339
0
LINE
8
RED2
6
CONTINUOUS
10
7.7008188976377951
20
-7.728645669291339
11
7.6980078740157483
21
-7.7173976377952762
0
LINE
8
RED2
6
CONTINUOUS
10
7.6980078740157483
20
-7.7173976377952762
11
7.6980078740157483
21
-7.7033346456692913
0
LINE
8
RED2
6
CONTINUOUS
10
7.6980078740157483
20
-7.7033346456692913
11
7.7008188976377951
21
-7.6920866141732285
0
LINE
8
RED2
6
CONTINUOUS
10
7.7008188976377951
20
-7.6920866141732285
11
7.7036299212598429
21
-7.6864606299212603
0
LINE
8
RED2
6
CONTINUOUS
10
7.7036299212598429
20
-7.6864606299212603
11
7.7064448818897642
21
-7.6836496062992126
0
LINE
8
RED2
6
CONTINUOUS
10
7.7064448818897642
20
-7.6836496062992126
11
7.7120669291338588
21
-7.6808385826771657
0
LINE
8
RED2
6
CONTINUOUS
10
7.7570629921259844
20
-7.7342677165354337
11
7.7598740157480321
21
-7.7370826771653549
0
LINE
8
RED2
6
CONTINUOUS
10
7.7598740157480321
20
-7.7370826771653549
11
7.7570629921259844
21
-7.7398937007874018
0
LINE
8
RED2
6
CONTINUOUS
10
7.7570629921259844
20
-7.7398937007874018
11
7.7542519685039375
21
-7.7370826771653549
0
LINE
8
RED2
6
CONTINUOUS
10
7.7542519685039375
20
-7.7370826771653549
11
7.7570629921259844
21
-7.7342677165354337
0
LINE
8
RED2
6
CONTINUOUS
10
7.7570629921259844
20
-7.7342677165354337
11
7.7570629921259844
21
-7.7398937007874018
0
LINE
8
RED2
6
CONTINUOUS
10
7.7823740157480321
20
-7.6864606299212603
11
7.785185039370079
21
-7.6836496062992126
0
LINE
8
RED2
6
CONTINUOUS
10
7.785185039370079
20
-7.6836496062992126
11
7.7908110236220471
21
-7.6808385826771657
0
LINE
8
RED2
6
CONTINUOUS
10
7.7908110236220471
20
-7.6808385826771657
11
7.8048700787401577
21
-7.6808385826771657
0
LINE
8
RED2
6
CONTINUOUS
10
7.8048700787401577
20
-7.6808385826771657
11
7.8104960629921258
21
-7.6836496062992126
0
LINE
8
RED2
6
CONTINUOUS
10
7.8104960629921258
20
-7.6836496062992126
11
7.8133070866141736
21
-7.6864606299212603
0
LINE
8
RED2
6
CONTINUOUS
10
7.8133070866141736
20
-7.6864606299212603
11
7.8161181102362205
21
-7.6920866141732285
0
LINE
8
RED2
6
CONTINUOUS
10
7.8161181102362205
20
-7.6920866141732285
11
7.8161181102362205
21
-7.6977125984251975
0
LINE
8
RED2
6
CONTINUOUS
10
7.8161181102362205
20
-7.6977125984251975
11
7.8133070866141736
21
-7.706145669291339
0
LINE
8
RED2
6
CONTINUOUS
10
7.8133070866141736
20
-7.706145669291339
11
7.7795590551181109
21
-7.7398937007874018
0
LINE
8
RED2
6
CONTINUOUS
10
7.7795590551181109
20
-7.7398937007874018
11
7.8161181102362205
21
-7.7398937007874018
0
LINE
8
RED2
6
CONTINUOUS
10
6.9685905511811024
20
-7.5396535433070868
11
11.2205590551181107
21
-7.5396535433070868
0
LINE
8
RED2
6
CONTINUOUS
10
10.4099881889763779
20
-7.629350393700788
11
10.3903031496063001
21
-7.6012283464566934
0
LINE
8
RED2
6
CONTINUOUS
10
10.3762440944881895
20
-7.629350393700788
11
10.3762440944881895
21
-7.570295275590551
0
LINE
8
RED2
6
CONTINUOUS
10
10.3762440944881895
20
-7.570295275590551
11
10.3987401574803151
21
-7.570295275590551
0
LINE
8
RED2
6
CONTINUOUS
10
10.3987401574803151
20
-7.570295275590551
11
10.4043661417322841
21
-7.5731062992125988
0
LINE
8
RED2
6
CONTINUOUS
10
10.4043661417322841
20
-7.5731062992125988
11
10.4071771653543319
21
-7.5759173228346457
0
LINE
8
RED2
6
CONTINUOUS
10
10.4071771653543319
20
-7.5759173228346457
11
10.4099881889763779
21
-7.5815433070866147
0
LINE
8
RED2
6
CONTINUOUS
10
10.4099881889763779
20
-7.5815433070866147
11
10.4099881889763779
21
-7.5899803149606306
0
LINE
8
RED2
6
CONTINUOUS
10
10.4099881889763779
20
-7.5899803149606306
11
10.4071771653543319
21
-7.5956023622047244
0
LINE
8
RED2
6
CONTINUOUS
10
10.4071771653543319
20
-7.5956023622047244
11
10.4043661417322841
21
-7.5984173228346457
0
LINE
8
RED2
6
CONTINUOUS
10
10.4043661417322841
20
-7.5984173228346457
11
10.3987401574803151
21
-7.6012283464566934
0
LINE
8
RED2
6
CONTINUOUS
10
10.3987401574803151
20
-7.6012283464566934
11
10.3762440944881895
21
-7.6012283464566934
0
LINE
8
RED2
6
CONTINUOUS
10
10.4577952755905521
20
-7.6265393700787403
11
10.4521732283464566
21
-7.629350393700788
0
LINE
8
RED2
6
CONTINUOUS
10
10.4521732283464566
20
-7.629350393700788
11
10.4409251968503938
21
-7.629350393700788
0
LINE
8
RED2
6
CONTINUOUS
10
10.4409251968503938
20
-7.629350393700788
11
10.4352992125984247
21
-7.6265393700787403
0
LINE
8
RED2
6
CONTINUOUS
10
10.4352992125984247
20
-7.6265393700787403
11
10.4324881889763788
21
-7.6209133858267721
0
LINE
8
RED2
6
CONTINUOUS
10
10.4324881889763788
20
-7.6209133858267721
11
10.4324881889763788
21
-7.5984173228346457
0
LINE
8
RED2
6
CONTINUOUS
10
10.4324881889763788
20
-7.5984173228346457
11
10.4352992125984247
21
-7.5927913385826775
0
LINE
8
RED2
6
CONTINUOUS
10
10.4352992125984247
20
-7.5927913385826775
11
10.4409251968503938
21
-7.5899803149606306
0
LINE
8
RED2
6
CONTINUOUS
10
10.4409251968503938
20
-7.5899803149606306
11
10.4521732283464566
21
-7.5899803149606306
0
LINE
8
RED2
6
CONTINUOUS
10
10.4521732283464566
20
-7.5899803149606306
11
10.4577952755905521
21
-7.5927913385826775
0
LINE
8
RED2
6
CONTINUOUS
10
10.4577952755905521
20
-7.5927913385826775
11
10.4606102362204734
21
-7.5984173228346457
0
LINE
8
RED2
6
CONTINUOUS
10
10.4606102362204734
20
-7.5984173228346457
11
10.4606102362204734
21
-7.6040393700787403
0
LINE
8
RED2
6
CONTINUOUS
10
10.4606102362204734
20
-7.6040393700787403
11
10.4324881889763788
21
-7.6096653543307093
0
LINE
8
RED2
6
CONTINUOUS
10
10.4802913385826777
20
-7.5899803149606306
11
10.4943543307086617
21
-7.629350393700788
0
LINE
8
RED2
6
CONTINUOUS
10
10.4943543307086617
20
-7.629350393700788
11
10.5084133858267723
21
-7.5899803149606306
0
LINE
8
RED2
6
CONTINUOUS
10
10.5309133858267714
20
-7.623724409448819
11
10.5337244094488192
21
-7.6265393700787403
0
LINE
8
RED2
6
CONTINUOUS
10
10.5337244094488192
20
-7.6265393700787403
11
10.5309133858267714
21
-7.629350393700788
0
LINE
8
RED2
6
CONTINUOUS
10
10.5309133858267714
20
-7.629350393700788
11
10.5281023622047254
21
-7.6265393700787403
0
LINE
8
RED2
6
CONTINUOUS
10
10.5281023622047254
20
-7.6265393700787403
11
10.5309133858267714
21
-7.623724409448819
0
LINE
8
RED2
6
CONTINUOUS
10
10.5309133858267714
20
-7.623724409448819
11
10.5309133858267714
21
-7.629350393700788
0
LINE
8
RED2
6
CONTINUOUS
10
10.5309133858267714
20
-7.5927913385826775
11
10.5337244094488192
21
-7.5956023622047244
0
LINE
8
RED2
6
CONTINUOUS
10
10.5337244094488192
20
-7.5956023622047244
11
10.5309133858267714
21
-7.5984173228346457
0
LINE
8
RED2
6
CONTINUOUS
10
10.5309133858267714
20
-7.5984173228346457
11
10.5281023622047254
21
-7.5956023622047244
0
LINE
8
RED2
6
CONTINUOUS
10
10.5281023622047254
20
-7.5956023622047244
11
10.5309133858267714
21
-7.5927913385826775
0
LINE
8
RED2
6
CONTINUOUS
10
10.5309133858267714
20
-7.5927913385826775
11
10.5309133858267714
21
-7.5984173228346457
0
LINE
8
RED2
6
CONTINUOUS
10
7.0230905511811024
20
-7.6268464566929133
11
7.0315275590551183
21
-7.629657480314961
0
LINE
8
RED2
6
CONTINUOUS
10
7.0315275590551183
20
-7.629657480314961
11
7.0455866141732288
21
-7.629657480314961
0
LINE
8
RED2
6
CONTINUOUS
10
7.0455866141732288
20
-7.629657480314961
11
7.051212598425197
21
-7.6268464566929133
0
LINE
8
RED2
6
CONTINUOUS
10
7.051212598425197
20
-7.6268464566929133
11
7.0540236220472448
21
-7.624031496062992
0
LINE
8
RED2
6
CONTINUOUS
10
7.0540236220472448
20
-7.624031496062992
11
7.0568346456692916
21
-7.6184094488188983
0
LINE
8
RED2
6
CONTINUOUS
10
7.0568346456692916
20
-7.6184094488188983
11
7.0568346456692916
21
-7.6127834645669292
0
LINE
8
RED2
6
CONTINUOUS
10
7.0568346456692916
20
-7.6127834645669292
11
7.0540236220472448
21
-7.6071614173228346
0
LINE
8
RED2
6
CONTINUOUS
10
7.0540236220472448
20
-7.6071614173228346
11
7.051212598425197
21
-7.6043464566929133
0
LINE
8
RED2
6
CONTINUOUS
10
7.051212598425197
20
-7.6043464566929133
11
7.0455866141732288
21
-7.6015354330708664
0
LINE
8
RED2
6
CONTINUOUS
10
7.0455866141732288
20
-7.6015354330708664
11
7.0343385826771661
21
-7.5987244094488196
0
LINE
8
RED2
6
CONTINUOUS
10
7.0343385826771661
20
-7.5987244094488196
11
7.028712598425197
21
-7.5959094488188983
0
LINE
8
RED2
6
CONTINUOUS
10
7.028712598425197
20
-7.5959094488188983
11
7.0259015748031501
21
-7.5930984251968505
0
LINE
8
RED2
6
CONTINUOUS
10
7.0259015748031501
20
-7.5930984251968505
11
7.0230905511811024
21
-7.5874763779527559
0
LINE
8
RED2
6
CONTINUOUS
10
7.0230905511811024
20
-7.5874763779527559
11
7.0230905511811024
21
-7.5818503937007877
0
LINE
8
RED2
6
CONTINUOUS
10
7.0230905511811024
20
-7.5818503937007877
11
7.0259015748031501
21
-7.5762244094488196
0
LINE
8
RED2
6
CONTINUOUS
10
7.0259015748031501
20
-7.5762244094488196
11
7.028712598425197
21
-7.5734133858267718
0
LINE
8
RED2
6
CONTINUOUS
10
7.028712598425197
20
-7.5734133858267718
11
7.0343385826771661
21
-7.5706023622047249
0
LINE
8
RED2
6
CONTINUOUS
10
7.0343385826771661
20
-7.5706023622047249
11
7.0483976377952757
21
-7.5706023622047249
0
LINE
8
RED2
6
CONTINUOUS
10
7.0483976377952757
20
-7.5706023622047249
11
7.0568346456692916
21
-7.5734133858267718
0
LINE
8
RED2
6
CONTINUOUS
10
7.0821456692913385
20
-7.629657480314961
11
7.0821456692913385
21
-7.5902874015748036
0
LINE
8
RED2
6
CONTINUOUS
10
7.0821456692913385
20
-7.5706023622047249
11
7.0793346456692916
21
-7.5734133858267718
0
LINE
8
RED2
6
CONTINUOUS
10
7.0793346456692916
20
-7.5734133858267718
11
7.0821456692913385
21
-7.5762244094488196
0
LINE
8
RED2
6
CONTINUOUS
10
7.0821456692913385
20
-7.5762244094488196
11
7.0849566929133863
21
-7.5734133858267718
0
LINE
8
RED2
6
CONTINUOUS
10
7.0849566929133863
20
-7.5734133858267718
11
7.0821456692913385
21
-7.5706023622047249
0
LINE
8
RED2
6
CONTINUOUS
10
7.0821456692913385
20
-7.5706023622047249
11
7.0821456692913385
21
-7.5762244094488196
0
LINE
8
RED2
6
CONTINUOUS
10
7.104641732283465
20
-7.5902874015748036
11
7.1355787401574808
21
-7.5902874015748036
0
LINE
8
RED2
6
CONTINUOUS
10
7.1355787401574808
20
-7.5902874015748036
11
7.104641732283465
21
-7.629657480314961
0
LINE
8
RED2
6
CONTINUOUS
10
7.104641732283465
20
-7.629657480314961
11
7.1355787401574808
21
-7.629657480314961
0
LINE
8
RED2
6
CONTINUOUS
10
7.1805708661417329
20
-7.6268464566929133
11
7.1749488188976382
21
-7.629657480314961
0
LINE
8
RED2
6
CONTINUOUS
10
7.1749488188976382
20
-7.629657480314961
11
7.1637007874015755
21
-7.629657480314961
0
LINE
8
RED2
6
CONTINUOUS
10
7.1637007874015755
20
-7.629657480314961
11
7.1580748031496064
21
-7.6268464566929133
0
LINE
8
RED2
6
CONTINUOUS
10
7.1580748031496064
20
-7.6268464566929133
11
7.1552637795275595
21
-7.6212204724409451
0
LINE
8
RED2
6
CONTINUOUS
10
7.1552637795275595
20
-7.6212204724409451
11
7.1552637795275595
21
-7.5987244094488196
0
LINE
8
RED2
6
CONTINUOUS
10
7.1552637795275595
20
-7.5987244094488196
11
7.1580748031496064
21
-7.5930984251968505
0
LINE
8
RED2
6
CONTINUOUS
10
7.1580748031496064
20
-7.5930984251968505
11
7.1637007874015755
21
-7.5902874015748036
0
LINE
8
RED2
6
CONTINUOUS
10
7.1637007874015755
20
-7.5902874015748036
11
7.1749488188976382
21
-7.5902874015748036
0
LINE
8
RED2
6
CONTINUOUS
10
7.1749488188976382
20
-7.5902874015748036
11
7.1805708661417329
21
-7.5930984251968505
0
LINE
8
RED2
6
CONTINUOUS
10
7.1805708661417329
20
-7.5930984251968505
11
7.1833858267716542
21
-7.5987244094488196
0
LINE
8
RED2
6
CONTINUOUS
10
7.1833858267716542
20
-7.5987244094488196
11
7.1833858267716542
21
-7.6043464566929133
0
LINE
8
RED2
6
CONTINUOUS
10
7.1833858267716542
20
-7.6043464566929133
11
7.1552637795275595
21
-7.6099724409448823
0
LINE
8
RED2
6
CONTINUOUS
10
7.2086929133858266
20
-7.624031496062992
11
7.2115039370078744
21
-7.6268464566929133
0
LINE
8
RED2
6
CONTINUOUS
10
7.2115039370078744
20
-7.6268464566929133
11
7.2086929133858266
21
-7.629657480314961
0
LINE
8
RED2
6
CONTINUOUS
10
7.2086929133858266
20
-7.629657480314961
11
7.2058818897637797
21
-7.6268464566929133
0
LINE
8
RED2
6
CONTINUOUS
10
7.2058818897637797
20
-7.6268464566929133
11
7.2086929133858266
21
-7.624031496062992
0
LINE
8
RED2
6
CONTINUOUS
10
7.2086929133858266
20
-7.624031496062992
11
7.2086929133858266
21
-7.629657480314961
0
LINE
8
RED2
6
CONTINUOUS
10
7.2086929133858266
20
-7.5930984251968505
11
7.2115039370078744
21
-7.5959094488188983
0
LINE
8
RED2
6
CONTINUOUS
10
7.2115039370078744
20
-7.5959094488188983
11
7.2086929133858266
21
-7.5987244094488196
0
LINE
8
RED2
6
CONTINUOUS
10
7.2086929133858266
20
-7.5987244094488196
11
7.2058818897637797
21
-7.5959094488188983
0
LINE
8
RED2
6
CONTINUOUS
10
7.2058818897637797
20
-7.5959094488188983
11
7.2086929133858266
21
-7.5930984251968505
0
LINE
8
RED2
6
CONTINUOUS
10
7.2086929133858266
20
-7.5930984251968505
11
7.2086929133858266
21
-7.5987244094488196
0
LINE
8
RED2
6
CONTINUOUS
10
7.2789999999999999
20
-7.6127834645669292
11
7.3071220472440945
21
-7.6127834645669292
0
LINE
8
RED2
6
CONTINUOUS
10
7.2733740157480318
20
-7.629657480314961
11
7.2930590551181105
21
-7.5706023622047249
0
LINE
8
RED2
6
CONTINUOUS
10
7.2930590551181105
20
-7.5706023622047249
11
7.3127440944881892
21
-7.629657480314961
0
LINE
8
RED2
6
CONTINUOUS
10
7.3577401574803156
20
-7.5902874015748036
11
7.3577401574803156
21
-7.629657480314961
0
LINE
8
RED2
6
CONTINUOUS
10
7.3436771653543307
20
-7.5677913385826772
11
7.329618110236221
21
-7.6099724409448823
0
LINE
8
RED2
6
CONTINUOUS
10
7.329618110236221
20
-7.6099724409448823
11
7.3661732283464572
21
-7.6099724409448823
0
LINE
8
RED2
6
CONTINUOUS
10
10.3723582677165354
20
-7.7398937007874018
11
10.3723582677165354
21
-7.6808385826771657
0
LINE
8
RED2
6
CONTINUOUS
10
10.4257913385826768
20
-7.7398937007874018
11
10.4257913385826768
21
-7.6808385826771657
0
LINE
8
RED2
6
CONTINUOUS
10
10.4257913385826768
20
-7.7370826771653549
11
10.4201653543307096
21
-7.7398937007874018
0
LINE
8
RED2
6
CONTINUOUS
10
10.4201653543307096
20
-7.7398937007874018
11
10.4089173228346468
21
-7.7398937007874018
0
LINE
8
RED2
6
CONTINUOUS
10
10.4089173228346468
20
-7.7398937007874018
11
10.4032913385826777
21
-7.7370826771653549
0
LINE
8
RED2
6
CONTINUOUS
10
10.4032913385826777
20
-7.7370826771653549
11
10.40048031496063
21
-7.7342677165354337
0
LINE
8
RED2
6
CONTINUOUS
10
10.40048031496063
20
-7.7342677165354337
11
10.3976692913385822
21
-7.728645669291339
0
LINE
8
RED2
6
CONTINUOUS
10
10.3976692913385822
20
-7.728645669291339
11
10.3976692913385822
21
-7.7117716535433072
0
LINE
8
RED2
6
CONTINUOUS
10
10.3976692913385822
20
-7.7117716535433072
11
10.40048031496063
21
-7.706145669291339
0
LINE
8
RED2
6
CONTINUOUS
10
10.40048031496063
20
-7.706145669291339
11
10.4032913385826777
21
-7.7033346456692913
0
LINE
8
RED2
6
CONTINUOUS
10
10.4032913385826777
20
-7.7033346456692913
11
10.4089173228346468
21
-7.7005236220472444
0
LINE
8
RED2
6
CONTINUOUS
10
10.4089173228346468
20
-7.7005236220472444
11
10.4201653543307096
21
-7.7005236220472444
0
LINE
8
RED2
6
CONTINUOUS
10
10.4201653543307096
20
-7.7005236220472444
11
10.4257913385826768
21
-7.7033346456692913
0
LINE
8
RED2
6
CONTINUOUS
10
10.4539094488188979
20
-7.7342677165354337
11
10.4567204724409457
21
-7.7370826771653549
0
LINE
8
RED2
6
CONTINUOUS
10
10.4567204724409457
20
-7.7370826771653549
11
10.4539094488188979
21
-7.7398937007874018
0
LINE
8
RED2
6
CONTINUOUS
10
10.4539094488188979
20
-7.7398937007874018
11
10.4510984251968502
21
-7.7370826771653549
0
LINE
8
RED2
6
CONTINUOUS
10
10.4510984251968502
20
-7.7370826771653549
11
10.4539094488188979
21
-7.7342677165354337
0
LINE
8
RED2
6
CONTINUOUS
10
10.4539094488188979
20
-7.7342677165354337
11
10.4539094488188979
21
-7.7398937007874018
0
LINE
8
RED2
6
CONTINUOUS
10
10.4539094488188979
20
-7.7033346456692913
11
10.4567204724409457
21
-7.706145669291339
0
LINE
8
RED2
6
CONTINUOUS
10
10.4567204724409457
20
-7.706145669291339
11
10.4539094488188979
21
-7.7089606299212603
0
LINE
8
RED2
6
CONTINUOUS
10
10.4539094488188979
20
-7.7089606299212603
11
10.4510984251968502
21
-7.706145669291339
0
LINE
8
RED2
6
CONTINUOUS
10
10.4510984251968502
20
-7.706145669291339
11
10.4539094488188979
21
-7.7033346456692913
0
LINE
8
RED2
6
CONTINUOUS
10
10.4539094488188979
20
-7.7033346456692913
11
10.4539094488188979
21
-7.7089606299212603
0
LINE
8
RED2
6
CONTINUOUS
10
10.5523385826771658
20
-7.7005236220472444
11
10.5523385826771658
21
-7.7398937007874018
0
LINE
8
RED2
6
CONTINUOUS
10
10.5382755905511818
20
-7.6780275590551188
11
10.5242165354330712
21
-7.7202086614173231
0
LINE
8
RED2
6
CONTINUOUS
10
10.5242165354330712
20
-7.7202086614173231
11
10.5607716535433074
21
-7.7202086614173231
0
LINE
8
RED2
6
CONTINUOUS
10
10.6254527559055116
20
-7.6780275590551188
11
10.5748346456692914
21
-7.7539527559055124
0
LINE
8
RED2
6
CONTINUOUS
10
10.6760708661417318
20
-7.7398937007874018
11
10.6423267716535435
21
-7.7398937007874018
0
LINE
8
RED2
6
CONTINUOUS
10
10.6591968503937018
20
-7.7398937007874018
11
10.6591968503937018
21
-7.6808385826771657
0
LINE
8
RED2
6
CONTINUOUS
10
10.6591968503937018
20
-7.6808385826771657
11
10.6535748031496063
21
-7.6892755905511816
0
LINE
8
RED2
6
CONTINUOUS
10
10.6535748031496063
20
-7.6892755905511816
11
10.647948818897639
21
-7.6948976377952762
0
LINE
8
RED2
6
CONTINUOUS
10
10.647948818897639
20
-7.6948976377952762
11
10.6423267716535435
21
-7.6977125984251975
0
LINE
8
RED2
6
CONTINUOUS
10
10.7323149606299211
20
-7.7398937007874018
11
10.6985708661417327
21
-7.7398937007874018
0
LINE
8
RED2
6
CONTINUOUS
10
10.715440944881891
20
-7.7398937007874018
11
10.715440944881891
21
-7.6808385826771657
0
LINE
8
RED2
6
CONTINUOUS
10
10.715440944881891
20
-7.6808385826771657
11
10.7098188976377955
21
-7.6892755905511816
0
LINE
8
RED2
6
CONTINUOUS
10
10.7098188976377955
20
-7.6892755905511816
11
10.7041929133858265
21
-7.6948976377952762
0
LINE
8
RED2
6
CONTINUOUS
10
10.7041929133858265
20
-7.6948976377952762
11
10.6985708661417327
21
-7.6977125984251975
0
LINE
8
RED2
6
CONTINUOUS
10
6.9685905511811024
20
-7.3821732283464572
11
11.2205590551181107
21
-7.3821732283464572
0
LINE
8
RED2
6
CONTINUOUS
10
7.0351889763779534
20
-7.409905511811024
11
7.0801850393700789
21
-7.409905511811024
0
LINE
8
RED2
6
CONTINUOUS
10
7.0478464566929135
20
-7.4886456692913388
11
7.0576889763779533
21
-7.409905511811024
0
LINE
8
RED2
6
CONTINUOUS
10
7.096586614173229
20
-7.4886456692913388
11
7.1031496062992128
21
-7.4361535433070873
0
LINE
8
RED2
6
CONTINUOUS
10
7.1064291338582679
20
-7.409905511811024
11
7.1022125984251971
21
-7.4136535433070865
0
LINE
8
RED2
6
CONTINUOUS
10
7.1022125984251971
20
-7.4136535433070865
11
7.1054921259842523
21
-7.4174055118110243
0
LINE
8
RED2
6
CONTINUOUS
10
7.1054921259842523
20
-7.4174055118110243
11
7.1097125984251974
21
-7.4136535433070865
0
LINE
8
RED2
6
CONTINUOUS
10
7.1097125984251974
20
-7.4136535433070865
11
7.1064291338582679
21
-7.409905511811024
0
LINE
8
RED2
6
CONTINUOUS
10
7.1064291338582679
20
-7.409905511811024
11
7.1054921259842523
21
-7.4174055118110243
0
LINE
8
RED2
6
CONTINUOUS
10
7.1293976377952761
20
-7.4361535433070873
11
7.159393700787402
21
-7.4361535433070873
0
LINE
8
RED2
6
CONTINUOUS
10
7.1439251968503941
20
-7.409905511811024
11
7.1354921259842525
21
-7.477397637795276
0
LINE
8
RED2
6
CONTINUOUS
10
7.1354921259842525
20
-7.477397637795276
11
7.1383031496062994
21
-7.4848976377952763
0
LINE
8
RED2
6
CONTINUOUS
10
7.1383031496062994
20
-7.4848976377952763
11
7.1453346456692914
21
-7.4886456692913388
0
LINE
8
RED2
6
CONTINUOUS
10
7.1453346456692914
20
-7.4886456692913388
11
7.1528307086614173
21
-7.4886456692913388
0
LINE
8
RED2
6
CONTINUOUS
10
7.1903307086614179
20
-7.4886456692913388
11
7.1832992125984259
21
-7.4848976377952763
0
LINE
8
RED2
6
CONTINUOUS
10
7.1832992125984259
20
-7.4848976377952763
11
7.1804881889763781
21
-7.477397637795276
0
LINE
8
RED2
6
CONTINUOUS
10
7.1804881889763781
20
-7.477397637795276
11
7.1889212598425196
21
-7.409905511811024
0
LINE
8
RED2
6
CONTINUOUS
10
7.2507874015748035
20
-7.4848976377952763
11
7.2428228346456693
21
-7.4886456692913388
0
LINE
8
RED2
6
CONTINUOUS
10
7.2428228346456693
20
-7.4886456692913388
11
7.2278228346456697
21
-7.4886456692913388
0
LINE
8
RED2
6
CONTINUOUS
10
7.2278228346456697
20
-7.4886456692913388
11
7.2207913385826776
21
-7.4848976377952763
0
LINE
8
RED2
6
CONTINUOUS
10
7.2207913385826776
20
-7.4848976377952763
11
7.2179803149606299
21
-7.477397637795276
0
LINE
8
RED2
6
CONTINUOUS
10
7.2179803149606299
20
-7.477397637795276
11
7.2217322834645676
21
-7.4474015748031501
0
LINE
8
RED2
6
CONTINUOUS
10
7.2217322834645676
20
-7.4474015748031501
11
7.2264173228346458
21
-7.4399015748031498
0
LINE
8
RED2
6
CONTINUOUS
10
7.2264173228346458
20
-7.4399015748031498
11
7.2343858267716534
21
-7.4361535433070873
0
LINE
8
RED2
6
CONTINUOUS
10
7.2343858267716534
20
-7.4361535433070873
11
7.2493818897637796
21
-7.4361535433070873
0
LINE
8
RED2
6
CONTINUOUS
10
7.2493818897637796
20
-7.4361535433070873
11
7.2564133858267716
21
-7.4399015748031498
0
LINE
8
RED2
6
CONTINUOUS
10
7.2564133858267716
20
-7.4399015748031498
11
7.2592244094488194
21
-7.4474015748031501
0
LINE
8
RED2
6
CONTINUOUS
10
7.2592244094488194
20
-7.4474015748031501
11
7.2582874015748038
21
-7.454897637795276
0
LINE
8
RED2
6
CONTINUOUS
10
7.2582874015748038
20
-7.454897637795276
11
7.219854330708662
21
-7.4623976377952754
0
LINE
8
RED2
6
CONTINUOUS
10
7.288751968503937
20
-7.4811456692913385
11
7.2920354330708665
21
-7.4848976377952763
0
LINE
8
RED2
6
CONTINUOUS
10
7.2920354330708665
20
-7.4848976377952763
11
7.2878149606299214
21
-7.4886456692913388
0
LINE
8
RED2
6
CONTINUOUS
10
7.2878149606299214
20
-7.4886456692913388
11
7.2845354330708663
21
-7.4848976377952763
0
LINE
8
RED2
6
CONTINUOUS
10
7.2845354330708663
20
-7.4848976377952763
11
7.288751968503937
21
-7.4811456692913385
0
LINE
8
RED2
6
CONTINUOUS
10
7.288751968503937
20
-7.4811456692913385
11
7.2878149606299214
21
-7.4886456692913388
0
LINE
8
RED2
6
CONTINUOUS
10
7.2939094488188978
20
-7.4399015748031498
11
7.2971889763779529
21
-7.4436496062992132
0
LINE
8
RED2
6
CONTINUOUS
10
7.2971889763779529
20
-7.4436496062992132
11
7.2929724409448822
21
-7.4474015748031501
0
LINE
8
RED2
6
CONTINUOUS
10
7.2929724409448822
20
-7.4474015748031501
11
7.289692913385827
21
-7.4436496062992132
0
LINE
8
RED2
6
CONTINUOUS
10
7.289692913385827
20
-7.4436496062992132
11
7.2939094488188978
21
-7.4399015748031498
0
LINE
8
RED2
6
CONTINUOUS
10
7.2939094488188978
20
-7.4399015748031498
11
7.2929724409448822
21
-7.4474015748031501
0
LINE
8
RED2
6
CONTINUOUS
10
7.0455866141732288
20
-7.3073858267716538
11
7.0259015748031501
21
-7.3073858267716538
0
LINE
8
RED2
6
CONTINUOUS
10
7.0259015748031501
20
-7.3383188976377953
11
7.0259015748031501
21
-7.2792637795275592
0
LINE
8
RED2
6
CONTINUOUS
10
7.0259015748031501
20
-7.2792637795275592
11
7.0540236220472448
21
-7.2792637795275592
0
LINE
8
RED2
6
CONTINUOUS
10
7.0765196850393703
20
-7.3383188976377953
11
7.0765196850393703
21
-7.2989488188976379
0
LINE
8
RED2
6
CONTINUOUS
10
7.0765196850393703
20
-7.2792637795275592
11
7.0737086614173235
21
-7.282074803149607
0
LINE
8
RED2
6
CONTINUOUS
10
7.0737086614173235
20
-7.282074803149607
11
7.0765196850393703
21
-7.2848858267716539
0
LINE
8
RED2
6
CONTINUOUS
10
7.0765196850393703
20
-7.2848858267716539
11
7.0793307086614172
21
-7.282074803149607
0
LINE
8
RED2
6
CONTINUOUS
10
7.0793307086614172
20
-7.282074803149607
11
7.0765196850393703
21
-7.2792637795275592
0
LINE
8
RED2
6
CONTINUOUS
10
7.0765196850393703
20
-7.2792637795275592
11
7.0765196850393703
21
-7.2848858267716539
0
LINE
8
RED2
6
CONTINUOUS
10
7.1130787401574809
20
-7.3383188976377953
11
7.1074527559055118
21
-7.3355078740157484
0
LINE
8
RED2
6
CONTINUOUS
10
7.1074527559055118
20
-7.3355078740157484
11
7.104641732283465
21
-7.3298818897637794
0
LINE
8
RED2
6
CONTINUOUS
10
7.104641732283465
20
-7.3298818897637794
11
7.104641732283465
21
-7.2792637795275592
0
LINE
8
RED2
6
CONTINUOUS
10
7.1580708661417329
20
-7.3355078740157484
11
7.1524488188976383
21
-7.3383188976377953
0
LINE
8
RED2
6
CONTINUOUS
10
7.1524488188976383
20
-7.3383188976377953
11
7.1412007874015755
21
-7.3383188976377953
0
LINE
8
RED2
6
CONTINUOUS
10
7.1412007874015755
20
-7.3383188976377953
11
7.1355748031496065
21
-7.3355078740157484
0
LINE
8
RED2
6
CONTINUOUS
10
7.1355748031496065
20
-7.3355078740157484
11
7.1327637795275596
21
-7.3298818897637794
0
LINE
8
RED2
6
CONTINUOUS
10
7.1327637795275596
20
-7.3298818897637794
11
7.1327637795275596
21
-7.3073858267716538
0
LINE
8
RED2
6
CONTINUOUS
10
7.1327637795275596
20
-7.3073858267716538
11
7.1355748031496065
21
-7.3017598425196857
0
LINE
8
RED2
6
CONTINUOUS
10
7.1355748031496065
20
-7.3017598425196857
11
7.1412007874015755
21
-7.2989488188976379
0
LINE
8
RED2
6
CONTINUOUS
10
7.1412007874015755
20
-7.2989488188976379
11
7.1524488188976383
21
-7.2989488188976379
0
LINE
8
RED2
6
CONTINUOUS
10
7.1524488188976383
20
-7.2989488188976379
11
7.1580708661417329
21
-7.3017598425196857
0
LINE
8
RED2
6
CONTINUOUS
10
7.1580708661417329
20
-7.3017598425196857
11
7.1608858267716542
21
-7.3073858267716538
0
LINE
8
RED2
6
CONTINUOUS
10
7.1608858267716542
20
-7.3073858267716538
11
7.1608858267716542
21
-7.3130078740157485
0
LINE
8
RED2
6
CONTINUOUS
10
7.1608858267716542
20
-7.3130078740157485
11
7.1327637795275596
21
-7.3186338582677166
0
LINE
8
RED2
6
CONTINUOUS
10
7.1861929133858267
20
-7.3326929133858272
11
7.1890039370078744
21
-7.3355078740157484
0
LINE
8
RED2
6
CONTINUOUS
10
7.1890039370078744
20
-7.3355078740157484
11
7.1861929133858267
21
-7.3383188976377953
0
LINE
8
RED2
6
CONTINUOUS
10
7.1861929133858267
20
-7.3383188976377953
11
7.1833818897637798
21
-7.3355078740157484
0
LINE
8
RED2
6
CONTINUOUS
10
7.1833818897637798
20
-7.3355078740157484
11
7.1861929133858267
21
-7.3326929133858272
0
LINE
8
RED2
6
CONTINUOUS
10
7.1861929133858267
20
-7.3326929133858272
11
7.1861929133858267
21
-7.3383188976377953
0
LINE
8
RED2
6
CONTINUOUS
10
7.1861929133858267
20
-7.3017598425196857
11
7.1890039370078744
21
-7.3045708661417326
0
LINE
8
RED2
6
CONTINUOUS
10
7.1890039370078744
20
-7.3045708661417326
11
7.1861929133858267
21
-7.3073858267716538
0
LINE
8
RED2
6
CONTINUOUS
10
7.1861929133858267
20
-7.3073858267716538
11
7.1833818897637798
21
-7.3045708661417326
0
LINE
8
RED2
6
CONTINUOUS
10
7.1833818897637798
20
-7.3045708661417326
11
7.1861929133858267
21
-7.3017598425196857
0
LINE
8
RED2
6
CONTINUOUS
10
7.1861929133858267
20
-7.3017598425196857
11
7.1861929133858267
21
-7.3073858267716538
0
LINE
8
RED2
6
CONTINUOUS
10
7.2930551181102361
20
-7.3383188976377953
11
7.2733700787401574
21
-7.3101968503937007
0
LINE
8
RED2
6
CONTINUOUS
10
7.2593110236220477
20
-7.3383188976377953
11
7.2593110236220477
21
-7.2792637795275592
0
LINE
8
RED2
6
CONTINUOUS
10
7.2593110236220477
20
-7.2792637795275592
11
7.2818070866141733
21
-7.2792637795275592
0
LINE
8
RED2
6
CONTINUOUS
10
7.2818070866141733
20
-7.2792637795275592
11
7.2874330708661423
21
-7.282074803149607
0
LINE
8
RED2
6
CONTINUOUS
10
7.2874330708661423
20
-7.282074803149607
11
7.2902440944881892
21
-7.2848858267716539
0
LINE
8
RED2
6
CONTINUOUS
10
7.2902440944881892
20
-7.2848858267716539
11
7.2930551181102361
21
-7.290511811023622
0
LINE
8
RED2
6
CONTINUOUS
10
7.2930551181102361
20
-7.290511811023622
11
7.2930551181102361
21
-7.2989488188976379
0
LINE
8
RED2
6
CONTINUOUS
10
7.2930551181102361
20
-7.2989488188976379
11
7.2902440944881892
21
-7.3045708661417326
0
LINE
8
RED2
6
CONTINUOUS
10
7.2902440944881892
20
-7.3045708661417326
11
7.2874330708661423
21
-7.3073858267716538
0
LINE
8
RED2
6
CONTINUOUS
10
7.2874330708661423
20
-7.3073858267716538
11
7.2818070866141733
21
-7.3101968503937007
0
LINE
8
RED2
6
CONTINUOUS
10
7.2818070866141733
20
-7.3101968503937007
11
7.2593110236220477
21
-7.3101968503937007
0
LINE
8
RED2
6
CONTINUOUS
10
7.3408622047244094
20
-7.3355078740157484
11
7.3352401574803157
21
-7.3383188976377953
0
LINE
8
RED2
6
CONTINUOUS
10
7.3352401574803157
20
-7.3383188976377953
11
7.323992125984252
21
-7.3383188976377953
0
LINE
8
RED2
6
CONTINUOUS
10
7.323992125984252
20
-7.3383188976377953
11
7.3183661417322838
21
-7.3355078740157484
0
LINE
8
RED2
6
CONTINUOUS
10
7.3183661417322838
20
-7.3355078740157484
11
7.3155551181102361
21
-7.3298818897637794
0
LINE
8
RED2
6
CONTINUOUS
10
7.3155551181102361
20
-7.3298818897637794
11
7.3155551181102361
21
-7.3073858267716538
0
LINE
8
RED2
6
CONTINUOUS
10
7.3155551181102361
20
-7.3073858267716538
11
7.3183661417322838
21
-7.3017598425196857
0
LINE
8
RED2
6
CONTINUOUS
10
7.3183661417322838
20
-7.3017598425196857
11
7.323992125984252
21
-7.2989488188976379
0
LINE
8
RED2
6
CONTINUOUS
10
7.323992125984252
20
-7.2989488188976379
11
7.3352401574803157
21
-7.2989488188976379
0
LINE
8
RED2
6
CONTINUOUS
10
7.3352401574803157
20
-7.2989488188976379
11
7.3408622047244094
21
-7.3017598425196857
0
LINE
8
RED2
6
CONTINUOUS
10
7.3408622047244094
20
-7.3017598425196857
11
7.3436771653543307
21
-7.3073858267716538
0
LINE
8
RED2
6
CONTINUOUS
10
7.3436771653543307
20
-7.3073858267716538
11
7.3436771653543307
21
-7.3130078740157485
0
LINE
8
RED2
6
CONTINUOUS
10
7.3436771653543307
20
-7.3130078740157485
11
7.3155551181102361
21
-7.3186338582677166
0
LINE
8
RED2
6
CONTINUOUS
10
7.3942952755905518
20
-7.2989488188976379
11
7.3942952755905518
21
-7.3467559055118112
0
LINE
8
RED2
6
CONTINUOUS
10
7.3942952755905518
20
-7.3467559055118112
11
7.3914803149606305
21
-7.3523779527559059
0
LINE
8
RED2
6
CONTINUOUS
10
7.3914803149606305
20
-7.3523779527559059
11
7.3886692913385827
21
-7.3551929133858271
0
LINE
8
RED2
6
CONTINUOUS
10
7.3886692913385827
20
-7.3551929133858271
11
7.3830433070866146
21
-7.358003937007874
0
LINE
8
RED2
6
CONTINUOUS
10
7.3830433070866146
20
-7.358003937007874
11
7.3746102362204731
21
-7.358003937007874
0
LINE
8
RED2
6
CONTINUOUS
10
7.3746102362204731
20
-7.358003937007874
11
7.368984251968504
21
-7.3551929133858271
0
LINE
8
RED2
6
CONTINUOUS
10
7.3942952755905518
20
-7.3355078740157484
11
7.3886692913385827
21
-7.3383188976377953
0
LINE
8
RED2
6
CONTINUOUS
10
7.3886692913385827
20
-7.3383188976377953
11
7.37742125984252
21
-7.3383188976377953
0
LINE
8
RED2
6
CONTINUOUS
10
7.37742125984252
20
-7.3383188976377953
11
7.3717952755905518
21
-7.3355078740157484
0
LINE
8
RED2
6
CONTINUOUS
10
7.3717952755905518
20
-7.3355078740157484
11
7.368984251968504
21
-7.3326929133858272
0
LINE
8
RED2
6
CONTINUOUS
10
7.368984251968504
20
-7.3326929133858272
11
7.3661732283464572
21
-7.3270708661417325
0
LINE
8
RED2
6
CONTINUOUS
10
7.3661732283464572
20
-7.3270708661417325
11
7.3661732283464572
21
-7.3101968503937007
0
LINE
8
RED2
6
CONTINUOUS
10
7.3661732283464572
20
-7.3101968503937007
11
7.368984251968504
21
-7.3045708661417326
0
LINE
8
RED2
6
CONTINUOUS
10
7.368984251968504
20
-7.3045708661417326
11
7.3717952755905518
21
-7.3017598425196857
0
LINE
8
RED2
6
CONTINUOUS
10
7.3717952755905518
20
-7.3017598425196857
11
7.37742125984252
21
-7.2989488188976379
0
LINE
8
RED2
6
CONTINUOUS
10
7.37742125984252
20
-7.2989488188976379
11
7.3886692913385827
21
-7.2989488188976379
0
LINE
8
RED2
6
CONTINUOUS
10
7.3886692913385827
20
-7.2989488188976379
11
7.3942952755905518
21
-7.3017598425196857
0
LINE
8
RED2
6
CONTINUOUS
10
7.422413385826772
20
-7.3383188976377953
11
7.422413385826772
21
-7.2989488188976379
0
LINE
8
RED2
6
CONTINUOUS
10
7.422413385826772
20
-7.2792637795275592
11
7.4196023622047251
21
-7.282074803149607
0
LINE
8
RED2
6
CONTINUOUS
10
7.4196023622047251
20
-7.282074803149607
11
7.422413385826772
21
-7.2848858267716539
0
LINE
8
RED2
6
CONTINUOUS
10
7.422413385826772
20
-7.2848858267716539
11
7.4252244094488189
21
-7.282074803149607
0
LINE
8
RED2
6
CONTINUOUS
10
7.4252244094488189
20
-7.282074803149607
11
7.422413385826772
21
-7.2792637795275592
0
LINE
8
RED2
6
CONTINUOUS
10
7.422413385826772
20
-7.2792637795275592
11
7.422413385826772
21
-7.2848858267716539
0
LINE
8
RED2
6
CONTINUOUS
10
7.4477244094488189
20
-7.3355078740157484
11
7.4533464566929135
21
-7.3383188976377953
0
LINE
8
RED2
6
CONTINUOUS
10
7.4533464566929135
20
-7.3383188976377953
11
7.4645944881889763
21
-7.3383188976377953
0
LINE
8
RED2
6
CONTINUOUS
10
7.4645944881889763
20
-7.3383188976377953
11
7.4702204724409453
21
-7.3355078740157484
0
LINE
8
RED2
6
CONTINUOUS
10
7.4702204724409453
20
-7.3355078740157484
11
7.4730314960629922
21
-7.3298818897637794
0
LINE
8
RED2
6
CONTINUOUS
10
7.4730314960629922
20
-7.3298818897637794
11
7.4730314960629922
21
-7.3270708661417325
0
LINE
8
RED2
6
CONTINUOUS
10
7.4730314960629922
20
-7.3270708661417325
11
7.4702204724409453
21
-7.3214448818897644
0
LINE
8
RED2
6
CONTINUOUS
10
7.4702204724409453
20
-7.3214448818897644
11
7.4645944881889763
21
-7.3186338582677166
0
LINE
8
RED2
6
CONTINUOUS
10
7.4645944881889763
20
-7.3186338582677166
11
7.4561614173228348
21
-7.3186338582677166
0
LINE
8
RED2
6
CONTINUOUS
10
7.4561614173228348
20
-7.3186338582677166
11
7.4505354330708666
21
-7.3158228346456697
0
LINE
8
RED2
6
CONTINUOUS
10
7.4505354330708666
20
-7.3158228346456697
11
7.4477244094488189
21
-7.3101968503937007
0
LINE
8
RED2
6
CONTINUOUS
10
7.4477244094488189
20
-7.3101968503937007
11
7.4477244094488189
21
-7.3073858267716538
0
LINE
8
RED2
6
CONTINUOUS
10
7.4477244094488189
20
-7.3073858267716538
11
7.4505354330708666
21
-7.3017598425196857
0
LINE
8
RED2
6
CONTINUOUS
10
7.4505354330708666
20
-7.3017598425196857
11
7.4561614173228348
21
-7.2989488188976379
0
LINE
8
RED2
6
CONTINUOUS
10
7.4561614173228348
20
-7.2989488188976379
11
7.4645944881889763
21
-7.2989488188976379
0
LINE
8
RED2
6
CONTINUOUS
10
7.4645944881889763
20
-7.2989488188976379
11
7.4702204724409453
21
-7.3017598425196857
0
LINE
8
RED2
6
CONTINUOUS
10
7.489905511811024
20
-7.2989488188976379
11
7.5124015748031496
21
-7.2989488188976379
0
LINE
8
RED2
6
CONTINUOUS
10
7.49834251968504
20
-7.2792637795275592
11
7.49834251968504
21
-7.3298818897637794
0
LINE
8
RED2
6
CONTINUOUS
10
7.49834251968504
20
-7.3298818897637794
11
7.5011535433070868
21
-7.3355078740157484
0
LINE
8
RED2
6
CONTINUOUS
10
7.5011535433070868
20
-7.3355078740157484
11
7.506779527559055
21
-7.3383188976377953
0
LINE
8
RED2
6
CONTINUOUS
10
7.506779527559055
20
-7.3383188976377953
11
7.5124015748031496
21
-7.3383188976377953
0
LINE
8
RED2
6
CONTINUOUS
10
7.5545826771653548
20
-7.3355078740157484
11
7.5489606299212602
21
-7.3383188976377953
0
LINE
8
RED2
6
CONTINUOUS
10
7.5489606299212602
20
-7.3383188976377953
11
7.5377125984251974
21
-7.3383188976377953
0
LINE
8
RED2
6
CONTINUOUS
10
7.5377125984251974
20
-7.3383188976377953
11
7.5320866141732283
21
-7.3355078740157484
0
LINE
8
RED2
6
CONTINUOUS
10
7.5320866141732283
20
-7.3355078740157484
11
7.5292755905511815
21
-7.3298818897637794
0
LINE
8
RED2
6
CONTINUOUS
10
7.5292755905511815
20
-7.3298818897637794
11
7.5292755905511815
21
-7.3073858267716538
0
LINE
8
RED2
6
CONTINUOUS
10
7.5292755905511815
20
-7.3073858267716538
11
7.5320866141732283
21
-7.3017598425196857
0
LINE
8
RED2
6
CONTINUOUS
10
7.5320866141732283
20
-7.3017598425196857
11
7.5377125984251974
21
-7.2989488188976379
0
LINE
8
RED2
6
CONTINUOUS
10
7.5377125984251974
20
-7.2989488188976379
11
7.5489606299212602
21
-7.2989488188976379
0
LINE
8
RED2
6
CONTINUOUS
10
7.5489606299212602
20
-7.2989488188976379
11
7.5545826771653548
21
-7.3017598425196857
0
LINE
8
RED2
6
CONTINUOUS
10
7.5545826771653548
20
-7.3017598425196857
11
7.5573976377952761
21
-7.3073858267716538
0
LINE
8
RED2
6
CONTINUOUS
10
7.5573976377952761
20
-7.3073858267716538
11
7.5573976377952761
21
-7.3130078740157485
0
LINE
8
RED2
6
CONTINUOUS
10
7.5573976377952761
20
-7.3130078740157485
11
7.5292755905511815
21
-7.3186338582677166
0
LINE
8
RED2
6
CONTINUOUS
10
7.5827047244094494
20
-7.3383188976377953
11
7.5827047244094494
21
-7.2989488188976379
0
LINE
8
RED2
6
CONTINUOUS
10
7.5827047244094494
20
-7.3101968503937007
11
7.5855157480314963
21
-7.3045708661417326
0
LINE
8
RED2
6
CONTINUOUS
10
7.5855157480314963
20
-7.3045708661417326
11
7.5883307086614176
21
-7.3017598425196857
0
LINE
8
RED2
6
CONTINUOUS
10
7.5883307086614176
20
-7.3017598425196857
11
7.5939527559055122
21
-7.2989488188976379
0
LINE
8
RED2
6
CONTINUOUS
10
7.5939527559055122
20
-7.2989488188976379
11
7.5995787401574804
21
-7.2989488188976379
0
LINE
8
RED2
6
CONTINUOUS
10
7.6614488188976377
20
-7.3214448818897644
11
7.6895708661417324
21
-7.3214448818897644
0
LINE
8
RED2
6
CONTINUOUS
10
7.6558228346456696
20
-7.3383188976377953
11
7.6755078740157483
21
-7.2792637795275592
0
LINE
8
RED2
6
CONTINUOUS
10
7.6755078740157483
20
-7.2792637795275592
11
7.695192913385827
21
-7.3383188976377953
0
LINE
8
RED2
6
CONTINUOUS
10
7.7148779527559057
20
-7.3326929133858272
11
7.7176889763779535
21
-7.3355078740157484
0
LINE
8
RED2
6
CONTINUOUS
10
7.7176889763779535
20
-7.3355078740157484
11
7.7148779527559057
21
-7.3383188976377953
0
LINE
8
RED2
6
CONTINUOUS
10
7.7148779527559057
20
-7.3383188976377953
11
7.7120669291338588
21
-7.3355078740157484
0
LINE
8
RED2
6
CONTINUOUS
10
7.7120669291338588
20
-7.3355078740157484
11
7.7148779527559057
21
-7.3326929133858272
0
LINE
8
RED2
6
CONTINUOUS
10
7.7148779527559057
20
-7.3326929133858272
11
7.7148779527559057
21
-7.3383188976377953
0
LINE
8
RED2
6
CONTINUOUS
10
7.7430000000000003
20
-7.3383188976377953
11
7.7430000000000003
21
-7.2792637795275592
0
LINE
8
RED2
6
CONTINUOUS
10
7.7486259842519685
20
-7.3158228346456697
11
7.7654960629921259
21
-7.3383188976377953
0
LINE
8
RED2
6
CONTINUOUS
10
7.7654960629921259
20
-7.2989488188976379
11
7.7430000000000003
21
-7.3214448818897644
0
LINE
8
RED2
6
CONTINUOUS
10
7.7908070866141736
20
-7.3383188976377953
11
7.7908070866141736
21
-7.2989488188976379
0
LINE
8
RED2
6
CONTINUOUS
10
7.7908070866141736
20
-7.2792637795275592
11
7.7879960629921259
21
-7.282074803149607
0
LINE
8
RED2
6
CONTINUOUS
10
7.7879960629921259
20
-7.282074803149607
11
7.7908070866141736
21
-7.2848858267716539
0
LINE
8
RED2
6
CONTINUOUS
10
7.7908070866141736
20
-7.2848858267716539
11
7.7936181102362205
21
-7.282074803149607
0
LINE
8
RED2
6
CONTINUOUS
10
7.7936181102362205
20
-7.282074803149607
11
7.7908070866141736
21
-7.2792637795275592
0
LINE
8
RED2
6
CONTINUOUS
10
7.7908070866141736
20
-7.2792637795275592
11
7.7908070866141736
21
-7.2848858267716539
0
LINE
8
RED2
6
CONTINUOUS
10
7.8442401574803151
20
-7.3355078740157484
11
7.838614173228347
21
-7.3383188976377953
0
LINE
8
RED2
6
CONTINUOUS
10
7.838614173228347
20
-7.3383188976377953
11
7.8273661417322842
21
-7.3383188976377953
0
LINE
8
RED2
6
CONTINUOUS
10
7.8273661417322842
20
-7.3383188976377953
11
7.8217401574803151
21
-7.3355078740157484
0
LINE
8
RED2
6
CONTINUOUS
10
7.8217401574803151
20
-7.3355078740157484
11
7.8189291338582683
21
-7.3326929133858272
0
LINE
8
RED2
6
CONTINUOUS
10
7.8189291338582683
20
-7.3326929133858272
11
7.8161181102362205
21
-7.3270708661417325
0
LINE
8
RED2
6
CONTINUOUS
10
7.8161181102362205
20
-7.3270708661417325
11
7.8161181102362205
21
-7.3101968503937007
0
LINE
8
RED2
6
CONTINUOUS
10
7.8161181102362205
20
-7.3101968503937007
11
7.8189291338582683
21
-7.3045708661417326
0
LINE
8
RED2
6
CONTINUOUS
10
7.8189291338582683
20
-7.3045708661417326
11
7.8217401574803151
21
-7.3017598425196857
0
LINE
8
RED2
6
CONTINUOUS
10
7.8217401574803151
20
-7.3017598425196857
11
7.8273661417322842
21
-7.2989488188976379
0
LINE
8
RED2
6
CONTINUOUS
10
7.8273661417322842
20
-7.2989488188976379
11
7.838614173228347
21
-7.2989488188976379
0
LINE
8
RED2
6
CONTINUOUS
10
7.838614173228347
20
-7.2989488188976379
11
7.8442401574803151
21
-7.3017598425196857
0
LINE
8
RED2
6
CONTINUOUS
10
7.8948582677165353
20
-7.3383188976377953
11
7.8948582677165353
21
-7.3073858267716538
0
LINE
8
RED2
6
CONTINUOUS
10
7.8948582677165353
20
-7.3073858267716538
11
7.8920433070866141
21
-7.3017598425196857
0
LINE
8
RED2
6
CONTINUOUS
10
7.8920433070866141
20
-7.3017598425196857
11
7.8864212598425203
21
-7.2989488188976379
0
LINE
8
RED2
6
CONTINUOUS
10
7.8864212598425203
20
-7.2989488188976379
11
7.8751732283464566
21
-7.2989488188976379
0
LINE
8
RED2
6
CONTINUOUS
10
7.8751732283464566
20
-7.2989488188976379
11
7.8695472440944885
21
-7.3017598425196857
0
LINE
8
RED2
6
CONTINUOUS
10
7.8948582677165353
20
-7.3355078740157484
11
7.8892322834645672
21
-7.3383188976377953
0
LINE
8
RED2
6
CONTINUOUS
10
7.8892322834645672
20
-7.3383188976377953
11
7.8751732283464566
21
-7.3383188976377953
0
LINE
8
RED2
6
CONTINUOUS
10
7.8751732283464566
20
-7.3383188976377953
11
7.8695472440944885
21
-7.3355078740157484
0
LINE
8
RED2
6
CONTINUOUS
10
7.8695472440944885
20
-7.3355078740157484
11
7.8667362204724416
21
-7.3298818897637794
0
LINE
8
RED2
6
CONTINUOUS
10
7.8667362204724416
20
-7.3298818897637794
11
7.8667362204724416
21
-7.3242559055118113
0
LINE
8
RED2
6
CONTINUOUS
10
7.8667362204724416
20
-7.3242559055118113
11
7.8695472440944885
21
-7.3186338582677166
0
LINE
8
RED2
6
CONTINUOUS
10
7.8695472440944885
20
-7.3186338582677166
11
7.8751732283464566
21
-7.3158228346456697
0
LINE
8
RED2
6
CONTINUOUS
10
7.8751732283464566
20
-7.3158228346456697
11
7.8892322834645672
21
-7.3158228346456697
0
LINE
8
RED2
6
CONTINUOUS
10
7.8892322834645672
20
-7.3158228346456697
11
7.8948582677165353
21
-7.3130078740157485
0
LINE
8
RED2
6
CONTINUOUS
10
7.9482874015748033
20
-7.3383188976377953
11
7.9482874015748033
21
-7.2792637795275592
0
LINE
8
RED2
6
CONTINUOUS
10
7.9482874015748033
20
-7.3355078740157484
11
7.9426614173228351
21
-7.3383188976377953
0
LINE
8
RED2
6
CONTINUOUS
10
7.9426614173228351
20
-7.3383188976377953
11
7.9314133858267724
21
-7.3383188976377953
0
LINE
8
RED2
6
CONTINUOUS
10
7.9314133858267724
20
-7.3383188976377953
11
7.9257874015748033
21
-7.3355078740157484
0
LINE
8
RED2
6
CONTINUOUS
10
7.9257874015748033
20
-7.3355078740157484
11
7.9229763779527564
21
-7.3326929133858272
0
LINE
8
RED2
6
CONTINUOUS
10
7.9229763779527564
20
-7.3326929133858272
11
7.9201653543307087
21
-7.3270708661417325
0
LINE
8
RED2
6
CONTINUOUS
10
7.9201653543307087
20
-7.3270708661417325
11
7.9201653543307087
21
-7.3101968503937007
0
LINE
8
RED2
6
CONTINUOUS
10
7.9201653543307087
20
-7.3101968503937007
11
7.9229763779527564
21
-7.3045708661417326
0
LINE
8
RED2
6
CONTINUOUS
10
7.9229763779527564
20
-7.3045708661417326
11
7.9257874015748033
21
-7.3017598425196857
0
LINE
8
RED2
6
CONTINUOUS
10
7.9257874015748033
20
-7.3017598425196857
11
7.9314133858267724
21
-7.2989488188976379
0
LINE
8
RED2
6
CONTINUOUS
10
7.9314133858267724
20
-7.2989488188976379
11
7.9426614173228351
21
-7.2989488188976379
0
LINE
8
RED2
6
CONTINUOUS
10
7.9426614173228351
20
-7.2989488188976379
11
7.9482874015748033
21
-7.3017598425196857
0
LINE
8
RED2
6
CONTINUOUS
10
7.9623464566929139
20
-7.34394094488189
11
8.0073385826771659
21
-7.34394094488189
0
LINE
8
RED2
6
CONTINUOUS
10
8.0185905511811022
20
-7.3355078740157484
11
8.0242125984251977
21
-7.3383188976377953
0
LINE
8
RED2
6
CONTINUOUS
10
8.0242125984251977
20
-7.3383188976377953
11
8.0354606299212605
21
-7.3383188976377953
0
LINE
8
RED2
6
CONTINUOUS
10
8.0354606299212605
20
-7.3383188976377953
11
8.0410866141732278
21
-7.3355078740157484
0
LINE
8
RED2
6
CONTINUOUS
10
8.0410866141732278
20
-7.3355078740157484
11
8.0438976377952756
21
-7.3298818897637794
0
LINE
8
RED2
6
CONTINUOUS
10
8.0438976377952756
20
-7.3298818897637794
11
8.0438976377952756
21
-7.3270708661417325
0
LINE
8
RED2
6
CONTINUOUS
10
8.0438976377952756
20
-7.3270708661417325
11
8.0410866141732278
21
-7.3214448818897644
0
LINE
8
RED2
6
CONTINUOUS
10
8.0410866141732278
20
-7.3214448818897644
11
8.0354606299212605
21
-7.3186338582677166
0
LINE
8
RED2
6
CONTINUOUS
10
8.0354606299212605
20
-7.3186338582677166
11
8.027027559055119
21
-7.3186338582677166
0
LINE
8
RED2
6
CONTINUOUS
10
8.027027559055119
20
-7.3186338582677166
11
8.02140157480315
21
-7.3158228346456697
0
LINE
8
RED2
6
CONTINUOUS
10
8.02140157480315
20
-7.3158228346456697
11
8.0185905511811022
21
-7.3101968503937007
0
LINE
8
RED2
6
CONTINUOUS
10
8.0185905511811022
20
-7.3101968503937007
11
8.0185905511811022
21
-7.3073858267716538
0
LINE
8
RED2
6
CONTINUOUS
10
8.0185905511811022
20
-7.3073858267716538
11
8.02140157480315
21
-7.3017598425196857
0
LINE
8
RED2
6
CONTINUOUS
10
8.02140157480315
20
-7.3017598425196857
11
8.027027559055119
21
-7.2989488188976379
0
LINE
8
RED2
6
CONTINUOUS
10
8.027027559055119
20
-7.2989488188976379
11
8.0354606299212605
21
-7.2989488188976379
0
LINE
8
RED2
6
CONTINUOUS
10
8.0354606299212605
20
-7.2989488188976379
11
8.0410866141732278
21
-7.3017598425196857
0
LINE
8
RED2
6
CONTINUOUS
10
8.094519685039371
20
-7.3355078740157484
11
8.088893700787402
21
-7.3383188976377953
0
LINE
8
RED2
6
CONTINUOUS
10
8.088893700787402
20
-7.3383188976377953
11
8.0776456692913392
21
-7.3383188976377953
0
LINE
8
RED2
6
CONTINUOUS
10
8.0776456692913392
20
-7.3383188976377953
11
8.0720196850393702
21
-7.3355078740157484
0
LINE
8
RED2
6
CONTINUOUS
10
8.0720196850393702
20
-7.3355078740157484
11
8.0692086614173224
21
-7.3326929133858272
0
LINE
8
RED2
6
CONTINUOUS
10
8.0692086614173224
20
-7.3326929133858272
11
8.0663976377952764
21
-7.3270708661417325
0
LINE
8
RED2
6
CONTINUOUS
10
8.0663976377952764
20
-7.3270708661417325
11
8.0663976377952764
21
-7.3101968503937007
0
LINE
8
RED2
6
CONTINUOUS
10
8.0663976377952764
20
-7.3101968503937007
11
8.0692086614173224
21
-7.3045708661417326
0
LINE
8
RED2
6
CONTINUOUS
10
8.0692086614173224
20
-7.3045708661417326
11
8.0720196850393702
21
-7.3017598425196857
0
LINE
8
RED2
6
CONTINUOUS
10
8.0720196850393702
20
-7.3017598425196857
11
8.0776456692913392
21
-7.2989488188976379
0
LINE
8
RED2
6
CONTINUOUS
10
8.0776456692913392
20
-7.2989488188976379
11
8.088893700787402
21
-7.2989488188976379
0
LINE
8
RED2
6
CONTINUOUS
10
8.088893700787402
20
-7.2989488188976379
11
8.094519685039371
21
-7.3017598425196857
0
LINE
8
RED2
6
CONTINUOUS
10
8.1198267716535444
20
-7.3383188976377953
11
8.1198267716535444
21
-7.2792637795275592
0
LINE
8
RED2
6
CONTINUOUS
10
8.1451377952755912
20
-7.3383188976377953
11
8.1451377952755912
21
-7.3073858267716538
0
LINE
8
RED2
6
CONTINUOUS
10
8.1451377952755912
20
-7.3073858267716538
11
8.14232283464567
21
-7.3017598425196857
0
LINE
8
RED2
6
CONTINUOUS
10
8.14232283464567
20
-7.3017598425196857
11
8.1367007874015744
21
-7.2989488188976379
0
LINE
8
RED2
6
CONTINUOUS
10
8.1367007874015744
20
-7.2989488188976379
11
8.1282637795275594
21
-7.2989488188976379
0
LINE
8
RED2
6
CONTINUOUS
10
8.1282637795275594
20
-7.2989488188976379
11
8.1226377952755904
21
-7.3017598425196857
0
LINE
8
RED2
6
CONTINUOUS
10
8.1226377952755904
20
-7.3017598425196857
11
8.1198267716535444
21
-7.3045708661417326
0
LINE
8
RED2
6
CONTINUOUS
10
6.9685905511811024
20
-7.1459527559055118
11
11.2205590551181107
21
-7.1459527559055118
0
LINE
8
RED2
6
CONTINUOUS
10
7.0230905511811024
20
-7.2292086614173234
11
7.0315275590551183
21
-7.2320196850393703
0
LINE
8
RED2
6
CONTINUOUS
10
7.0315275590551183
20
-7.2320196850393703
11
7.0455866141732288
21
-7.2320196850393703
0
LINE
8
RED2
6
CONTINUOUS
10
7.0455866141732288
20
-7.2320196850393703
11
7.051212598425197
21
-7.2292086614173234
0
LINE
8
RED2
6
CONTINUOUS
10
7.051212598425197
20
-7.2292086614173234
11
7.0540236220472448
21
-7.2263937007874022
0
LINE
8
RED2
6
CONTINUOUS
10
7.0540236220472448
20
-7.2263937007874022
11
7.0568346456692916
21
-7.2207716535433075
0
LINE
8
RED2
6
CONTINUOUS
10
7.0568346456692916
20
-7.2207716535433075
11
7.0568346456692916
21
-7.2151456692913385
0
LINE
8
RED2
6
CONTINUOUS
10
7.0568346456692916
20
-7.2151456692913385
11
7.0540236220472448
21
-7.2095236220472447
0
LINE
8
RED2
6
CONTINUOUS
10
7.0540236220472448
20
-7.2095236220472447
11
7.051212598425197
21
-7.2067086614173235
0
LINE
8
RED2
6
CONTINUOUS
10
7.051212598425197
20
-7.2067086614173235
11
7.0455866141732288
21
-7.2038976377952757
0
LINE
8
RED2
6
CONTINUOUS
10
7.0455866141732288
20
-7.2038976377952757
11
7.0343385826771661
21
-7.2010866141732288
0
LINE
8
RED2
6
CONTINUOUS
10
7.0343385826771661
20
-7.2010866141732288
11
7.028712598425197
21
-7.1982716535433076
0
LINE
8
RED2
6
CONTINUOUS
10
7.028712598425197
20
-7.1982716535433076
11
7.0259015748031501
21
-7.1954606299212598
0
LINE
8
RED2
6
CONTINUOUS
10
7.0259015748031501
20
-7.1954606299212598
11
7.0230905511811024
21
-7.189838582677166
0
LINE
8
RED2
6
CONTINUOUS
10
7.0230905511811024
20
-7.189838582677166
11
7.0230905511811024
21
-7.184212598425197
0
LINE
8
RED2
6
CONTINUOUS
10
7.0230905511811024
20
-7.184212598425197
11
7.0259015748031501
21
-7.1785866141732289
0
LINE
8
RED2
6
CONTINUOUS
10
7.0259015748031501
20
-7.1785866141732289
11
7.028712598425197
21
-7.1757755905511811
0
LINE
8
RED2
6
CONTINUOUS
10
7.028712598425197
20
-7.1757755905511811
11
7.0343385826771661
21
-7.1729645669291342
0
LINE
8
RED2
6
CONTINUOUS
10
7.0343385826771661
20
-7.1729645669291342
11
7.0483976377952757
21
-7.1729645669291342
0
LINE
8
RED2
6
CONTINUOUS
10
7.0483976377952757
20
-7.1729645669291342
11
7.0568346456692916
21
-7.1757755905511811
0
LINE
8
RED2
6
CONTINUOUS
10
7.0821456692913385
20
-7.2320196850393703
11
7.0821456692913385
21
-7.1729645669291342
0
LINE
8
RED2
6
CONTINUOUS
10
7.1074566929133862
20
-7.2320196850393703
11
7.1074566929133862
21
-7.2010866141732288
0
LINE
8
RED2
6
CONTINUOUS
10
7.1074566929133862
20
-7.2010866141732288
11
7.104641732283465
21
-7.1954606299212598
0
LINE
8
RED2
6
CONTINUOUS
10
7.104641732283465
20
-7.1954606299212598
11
7.0990196850393703
21
-7.1926496062992129
0
LINE
8
RED2
6
CONTINUOUS
10
7.0990196850393703
20
-7.1926496062992129
11
7.0905826771653544
21
-7.1926496062992129
0
LINE
8
RED2
6
CONTINUOUS
10
7.0905826771653544
20
-7.1926496062992129
11
7.0849566929133863
21
-7.1954606299212598
0
LINE
8
RED2
6
CONTINUOUS
10
7.0849566929133863
20
-7.1954606299212598
11
7.0821456692913385
21
-7.1982716535433076
0
LINE
8
RED2
6
CONTINUOUS
10
7.1580708661417329
20
-7.2292086614173234
11
7.1524488188976383
21
-7.2320196850393703
0
LINE
8
RED2
6
CONTINUOUS
10
7.1524488188976383
20
-7.2320196850393703
11
7.1412007874015755
21
-7.2320196850393703
0
LINE
8
RED2
6
CONTINUOUS
10
7.1412007874015755
20
-7.2320196850393703
11
7.1355748031496065
21
-7.2292086614173234
0
LINE
8
RED2
6
CONTINUOUS
10
7.1355748031496065
20
-7.2292086614173234
11
7.1327637795275596
21
-7.2235826771653544
0
LINE
8
RED2
6
CONTINUOUS
10
7.1327637795275596
20
-7.2235826771653544
11
7.1327637795275596
21
-7.2010866141732288
0
LINE
8
RED2
6
CONTINUOUS
10
7.1327637795275596
20
-7.2010866141732288
11
7.1355748031496065
21
-7.1954606299212598
0
LINE
8
RED2
6
CONTINUOUS
10
7.1355748031496065
20
-7.1954606299212598
11
7.1412007874015755
21
-7.1926496062992129
0
LINE
8
RED2
6
CONTINUOUS
10
7.1412007874015755
20
-7.1926496062992129
11
7.1524488188976383
21
-7.1926496062992129
0
LINE
8
RED2
6
CONTINUOUS
10
7.1524488188976383
20
-7.1926496062992129
11
7.1580708661417329
21
-7.1954606299212598
0
LINE
8
RED2
6
CONTINUOUS
10
7.1580708661417329
20
-7.1954606299212598
11
7.1608858267716542
21
-7.2010866141732288
0
LINE
8
RED2
6
CONTINUOUS
10
7.1608858267716542
20
-7.2010866141732288
11
7.1608858267716542
21
-7.2067086614173235
0
LINE
8
RED2
6
CONTINUOUS
10
7.1608858267716542
20
-7.2067086614173235
11
7.1327637795275596
21
-7.2123346456692916
0
LINE
8
RED2
6
CONTINUOUS
10
7.2086889763779531
20
-7.2292086614173234
11
7.2030669291338585
21
-7.2320196850393703
0
LINE
8
RED2
6
CONTINUOUS
10
7.2030669291338585
20
-7.2320196850393703
11
7.1918188976377957
21
-7.2320196850393703
0
LINE
8
RED2
6
CONTINUOUS
10
7.1918188976377957
20
-7.2320196850393703
11
7.1861929133858267
21
-7.2292086614173234
0
LINE
8
RED2
6
CONTINUOUS
10
7.1861929133858267
20
-7.2292086614173234
11
7.1833818897637798
21
-7.2235826771653544
0
LINE
8
RED2
6
CONTINUOUS
10
7.1833818897637798
20
-7.2235826771653544
11
7.1833818897637798
21
-7.2010866141732288
0
LINE
8
RED2
6
CONTINUOUS
10
7.1833818897637798
20
-7.2010866141732288
11
7.1861929133858267
21
-7.1954606299212598
0
LINE
8
RED2
6
CONTINUOUS
10
7.1861929133858267
20
-7.1954606299212598
11
7.1918188976377957
21
-7.1926496062992129
0
LINE
8
RED2
6
CONTINUOUS
10
7.1918188976377957
20
-7.1926496062992129
11
7.2030669291338585
21
-7.1926496062992129
0
LINE
8
RED2
6
CONTINUOUS
10
7.2030669291338585
20
-7.1926496062992129
11
7.2086889763779531
21
-7.1954606299212598
0
LINE
8
RED2
6
CONTINUOUS
10
7.2086889763779531
20
-7.1954606299212598
11
7.2115039370078744
21
-7.2010866141732288
0
LINE
8
RED2
6
CONTINUOUS
10
7.2115039370078744
20
-7.2010866141732288
11
7.2115039370078744
21
-7.2067086614173235
0
LINE
8
RED2
6
CONTINUOUS
10
7.2115039370078744
20
-7.2067086614173235
11
7.1833818897637798
21
-7.2123346456692916
0
LINE
8
RED2
6
CONTINUOUS
10
7.2283740157480318
20
-7.1926496062992129
11
7.2508700787401574
21
-7.1926496062992129
0
LINE
8
RED2
6
CONTINUOUS
10
7.2368110236220478
20
-7.1729645669291342
11
7.2368110236220478
21
-7.2235826771653544
0
LINE
8
RED2
6
CONTINUOUS
10
7.2368110236220478
20
-7.2235826771653544
11
7.2396220472440946
21
-7.2292086614173234
0
LINE
8
RED2
6
CONTINUOUS
10
7.2396220472440946
20
-7.2292086614173234
11
7.2452480314960637
21
-7.2320196850393703
0
LINE
8
RED2
6
CONTINUOUS
10
7.2452480314960637
20
-7.2320196850393703
11
7.2508700787401574
21
-7.2320196850393703
0
LINE
8
RED2
6
CONTINUOUS
10
7.2705551181102361
20
-7.2263937007874022
11
7.2733661417322839
21
-7.2292086614173234
0
LINE
8
RED2
6
CONTINUOUS
10
7.2733661417322839
20
-7.2292086614173234
11
7.2705551181102361
21
-7.2320196850393703
0
LINE
8
RED2
6
CONTINUOUS
10
7.2705551181102361
20
-7.2320196850393703
11
7.2677440944881893
21
-7.2292086614173234
0
LINE
8
RED2
6
CONTINUOUS
10
7.2677440944881893
20
-7.2292086614173234
11
7.2705551181102361
21
-7.2263937007874022
0
LINE
8
RED2
6
CONTINUOUS
10
7.2705551181102361
20
-7.2263937007874022
11
7.2705551181102361
21
-7.2320196850393703
0
LINE
8
RED2
6
CONTINUOUS
10
7.2705551181102361
20
-7.1954606299212598
11
7.2733661417322839
21
-7.1982716535433076
0
LINE
8
RED2
6
CONTINUOUS
10
7.2733661417322839
20
-7.1982716535433076
11
7.2705551181102361
21
-7.2010866141732288
0
LINE
8
RED2
6
CONTINUOUS
10
7.2705551181102361
20
-7.2010866141732288
11
7.2677440944881893
21
-7.1982716535433076
0
LINE
8
RED2
6
CONTINUOUS
10
7.2677440944881893
20
-7.1982716535433076
11
7.2705551181102361
21
-7.1954606299212598
0
LINE
8
RED2
6
CONTINUOUS
10
7.2705551181102361
20
-7.1954606299212598
11
7.2705551181102361
21
-7.2010866141732288
0
LINE
8
RED2
6
CONTINUOUS
10
7.3858543307086615
20
-7.1701535433070873
11
7.3352362204724413
21
-7.2460787401574809
0
LINE
8
RED2
6
CONTINUOUS
10
7.4392834645669295
20
-7.2320196850393703
11
7.4195984251968508
21
-7.2038976377952757
0
LINE
8
RED2
6
CONTINUOUS
10
7.4055393700787402
20
-7.2320196850393703
11
7.4055393700787402
21
-7.1729645669291342
0
LINE
8
RED2
6
CONTINUOUS
10
7.4055393700787402
20
-7.1729645669291342
11
7.4280354330708667
21
-7.1729645669291342
0
LINE
8
RED2
6
CONTINUOUS
10
7.4280354330708667
20
-7.1729645669291342
11
7.4336614173228348
21
-7.1757755905511811
0
LINE
8
RED2
6
CONTINUOUS
10
7.4336614173228348
20
-7.1757755905511811
11
7.4364724409448826
21
-7.1785866141732289
0
LINE
8
RED2
6
CONTINUOUS
10
7.4364724409448826
20
-7.1785866141732289
11
7.4392834645669295
21
-7.184212598425197
0
LINE
8
RED2
6
CONTINUOUS
10
7.4392834645669295
20
-7.184212598425197
11
7.4392834645669295
21
-7.1926496062992129
0
LINE
8
RED2
6
CONTINUOUS
10
7.4392834645669295
20
-7.1926496062992129
11
7.4364724409448826
21
-7.1982716535433076
0
LINE
8
RED2
6
CONTINUOUS
10
7.4364724409448826
20
-7.1982716535433076
11
7.4336614173228348
21
-7.2010866141732288
0
LINE
8
RED2
6
CONTINUOUS
10
7.4336614173228348
20
-7.2010866141732288
11
7.4280354330708667
21
-7.2038976377952757
0
LINE
8
RED2
6
CONTINUOUS
10
7.4280354330708667
20
-7.2038976377952757
11
7.4055393700787402
21
-7.2038976377952757
0
LINE
8
RED2
6
CONTINUOUS
10
7.4870905511811028
20
-7.2292086614173234
11
7.4814685039370081
21
-7.2320196850393703
0
LINE
8
RED2
6
CONTINUOUS
10
7.4814685039370081
20
-7.2320196850393703
11
7.4702204724409453
21
-7.2320196850393703
0
LINE
8
RED2
6
CONTINUOUS
10
7.4702204724409453
20
-7.2320196850393703
11
7.4645944881889763
21
-7.2292086614173234
0
LINE
8
RED2
6
CONTINUOUS
10
7.4645944881889763
20
-7.2292086614173234
11
7.4617834645669294
21
-7.2235826771653544
0
LINE
8
RED2
6
CONTINUOUS
10
7.4617834645669294
20
-7.2235826771653544
11
7.4617834645669294
21
-7.2010866141732288
0
LINE
8
RED2
6
CONTINUOUS
10
7.4617834645669294
20
-7.2010866141732288
11
7.4645944881889763
21
-7.1954606299212598
0
LINE
8
RED2
6
CONTINUOUS
10
7.4645944881889763
20
-7.1954606299212598
11
7.4702204724409453
21
-7.1926496062992129
0
LINE
8
RED2
6
CONTINUOUS
10
7.4702204724409453
20
-7.1926496062992129
11
7.4814685039370081
21
-7.1926496062992129
0
LINE
8
RED2
6
CONTINUOUS
10
7.4814685039370081
20
-7.1926496062992129
11
7.4870905511811028
21
-7.1954606299212598
0
LINE
8
RED2
6
CONTINUOUS
10
7.4870905511811028
20
-7.1954606299212598
11
7.489905511811024
21
-7.2010866141732288
0
LINE
8
RED2
6
CONTINUOUS
10
7.489905511811024
20
-7.2010866141732288
11
7.489905511811024
21
-7.2067086614173235
0
LINE
8
RED2
6
CONTINUOUS
10
7.489905511811024
20
-7.2067086614173235
11
7.4617834645669294
21
-7.2123346456692916
0
LINE
8
RED2
6
CONTINUOUS
10
7.5405236220472442
20
-7.1926496062992129
11
7.5405236220472442
21
-7.2404566929133862
0
LINE
8
RED2
6
CONTINUOUS
10
7.5405236220472442
20
-7.2404566929133862
11
7.537708661417323
21
-7.2460787401574809
0
LINE
8
RED2
6
CONTINUOUS
10
7.537708661417323
20
-7.2460787401574809
11
7.5348976377952761
21
-7.2488937007874021
0
LINE
8
RED2
6
CONTINUOUS
10
7.5348976377952761
20
-7.2488937007874021
11
7.5292716535433071
21
-7.251704724409449
0
LINE
8
RED2
6
CONTINUOUS
10
7.5292716535433071
20
-7.251704724409449
11
7.5208385826771655
21
-7.251704724409449
0
LINE
8
RED2
6
CONTINUOUS
10
7.5208385826771655
20
-7.251704724409449
11
7.5152125984251974
21
-7.2488937007874021
0
LINE
8
RED2
6
CONTINUOUS
10
7.5405236220472442
20
-7.2292086614173234
11
7.5348976377952761
21
-7.2320196850393703
0
LINE
8
RED2
6
CONTINUOUS
10
7.5348976377952761
20
-7.2320196850393703
11
7.5236496062992133
21
-7.2320196850393703
0
LINE
8
RED2
6
CONTINUOUS
10
7.5236496062992133
20
-7.2320196850393703
11
7.5180236220472443
21
-7.2292086614173234
0
LINE
8
RED2
6
CONTINUOUS
10
7.5180236220472443
20
-7.2292086614173234
11
7.5152125984251974
21
-7.2263937007874022
0
LINE
8
RED2
6
CONTINUOUS
10
7.5152125984251974
20
-7.2263937007874022
11
7.5124015748031496
21
-7.2207716535433075
0
LINE
8
RED2
6
CONTINUOUS
10
7.5124015748031496
20
-7.2207716535433075
11
7.5124015748031496
21
-7.2038976377952757
0
LINE
8
RED2
6
CONTINUOUS
10
7.5124015748031496
20
-7.2038976377952757
11
7.5152125984251974
21
-7.1982716535433076
0
LINE
8
RED2
6
CONTINUOUS
10
7.5152125984251974
20
-7.1982716535433076
11
7.5180236220472443
21
-7.1954606299212598
0
LINE
8
RED2
6
CONTINUOUS
10
7.5180236220472443
20
-7.1954606299212598
11
7.5236496062992133
21
-7.1926496062992129
0
LINE
8
RED2
6
CONTINUOUS
10
7.5236496062992133
20
-7.1926496062992129
11
7.5348976377952761
21
-7.1926496062992129
0
LINE
8
RED2
6
CONTINUOUS
10
7.5348976377952761
20
-7.1926496062992129
11
7.5405236220472442
21
-7.1954606299212598
0
LINE
8
RED2
6
CONTINUOUS
10
7.5686417322834645
20
-7.2320196850393703
11
7.5686417322834645
21
-7.1926496062992129
0
LINE
8
RED2
6
CONTINUOUS
10
7.5686417322834645
20
-7.1729645669291342
11
7.5658307086614176
21
-7.1757755905511811
0
LINE
8
RED2
6
CONTINUOUS
10
7.5658307086614176
20
-7.1757755905511811
11
7.5686417322834645
21
-7.1785866141732289
0
LINE
8
RED2
6
CONTINUOUS
10
7.5686417322834645
20
-7.1785866141732289
11
7.5714527559055123
21
-7.1757755905511811
0
LINE
8
RED2
6
CONTINUOUS
10
7.5714527559055123
20
-7.1757755905511811
11
7.5686417322834645
21
-7.1729645669291342
0
LINE
8
RED2
6
CONTINUOUS
10
7.5686417322834645
20
-7.1729645669291342
11
7.5686417322834645
21
-7.1785866141732289
0
LINE
8
RED2
6
CONTINUOUS
10
7.5939527559055122
20
-7.2292086614173234
11
7.5995748031496069
21
-7.2320196850393703
0
LINE
8
RED2
6
CONTINUOUS
10
7.5995748031496069
20
-7.2320196850393703
11
7.6108228346456697
21
-7.2320196850393703
0
LINE
8
RED2
6
CONTINUOUS
10
7.6108228346456697
20
-7.2320196850393703
11
7.6164488188976378
21
-7.2292086614173234
0
LINE
8
RED2
6
CONTINUOUS
10
7.6164488188976378
20
-7.2292086614173234
11
7.6192598425196856
21
-7.2235826771653544
0
LINE
8
RED2
6
CONTINUOUS
10
7.6192598425196856
20
-7.2235826771653544
11
7.6192598425196856
21
-7.2207716535433075
0
LINE
8
RED2
6
CONTINUOUS
10
7.6192598425196856
20
-7.2207716535433075
11
7.6164488188976378
21
-7.2151456692913385
0
LINE
8
RED2
6
CONTINUOUS
10
7.6164488188976378
20
-7.2151456692913385
11
7.6108228346456697
21
-7.2123346456692916
0
LINE
8
RED2
6
CONTINUOUS
10
7.6108228346456697
20
-7.2123346456692916
11
7.6023897637795281
21
-7.2123346456692916
0
LINE
8
RED2
6
CONTINUOUS
10
7.6023897637795281
20
-7.2123346456692916
11
7.5967637795275591
21
-7.2095236220472447
0
LINE
8
RED2
6
CONTINUOUS
10
7.5967637795275591
20
-7.2095236220472447
11
7.5939527559055122
21
-7.2038976377952757
0
LINE
8
RED2
6
CONTINUOUS
10
7.5939527559055122
20
-7.2038976377952757
11
7.5939527559055122
21
-7.2010866141732288
0
LINE
8
RED2
6
CONTINUOUS
10
7.5939527559055122
20
-7.2010866141732288
11
7.5967637795275591
21
-7.1954606299212598
0
LINE
8
RED2
6
CONTINUOUS
10
7.5967637795275591
20
-7.1954606299212598
11
7.6023897637795281
21
-7.1926496062992129
0
LINE
8
RED2
6
CONTINUOUS
10
7.6023897637795281
20
-7.1926496062992129
11
7.6108228346456697
21
-7.1926496062992129
0
LINE
8
RED2
6
CONTINUOUS
10
7.6108228346456697
20
-7.1926496062992129
11
7.6164488188976378
21
-7.1954606299212598
0
LINE
8
RED2
6
CONTINUOUS
10
7.6361338582677165
20
-7.1926496062992129
11
7.658629921259843
21
-7.1926496062992129
0
LINE
8
RED2
6
CONTINUOUS
10
7.6445708661417324
20
-7.1729645669291342
11
7.6445708661417324
21
-7.2235826771653544
0
LINE
8
RED2
6
CONTINUOUS
10
7.6445708661417324
20
-7.2235826771653544
11
7.6473818897637802
21
-7.2292086614173234
0
LINE
8
RED2
6
CONTINUOUS
10
7.6473818897637802
20
-7.2292086614173234
11
7.6530078740157483
21
-7.2320196850393703
0
LINE
8
RED2
6
CONTINUOUS
10
7.6530078740157483
20
-7.2320196850393703
11
7.658629921259843
21
-7.2320196850393703
0
LINE
8
RED2
6
CONTINUOUS
10
7.7008110236220473
20
-7.2292086614173234
11
7.6951889763779526
21
-7.2320196850393703
0
LINE
8
RED2
6
CONTINUOUS
10
7.6951889763779526
20
-7.2320196850393703
11
7.6839409448818898
21
-7.2320196850393703
0
LINE
8
RED2
6
CONTINUOUS
10
7.6839409448818898
20
-7.2320196850393703
11
7.6783149606299217
21
-7.2292086614173234
0
LINE
8
RED2
6
CONTINUOUS
10
7.6783149606299217
20
-7.2292086614173234
11
7.6755039370078739
21
-7.2235826771653544
0
LINE
8
RED2
6
CONTINUOUS
10
7.6755039370078739
20
-7.2235826771653544
11
7.6755039370078739
21
-7.2010866141732288
0
LINE
8
RED2
6
CONTINUOUS
10
7.6755039370078739
20
-7.2010866141732288
11
7.6783149606299217
21
-7.1954606299212598
0
LINE
8
RED2
6
CONTINUOUS
10
7.6783149606299217
20
-7.1954606299212598
11
7.6839409448818898
21
-7.1926496062992129
0
LINE
8
RED2
6
CONTINUOUS
10
7.6839409448818898
20
-7.1926496062992129
11
7.6951889763779526
21
-7.1926496062992129
0
LINE
8
RED2
6
CONTINUOUS
10
7.6951889763779526
20
-7.1926496062992129
11
7.7008110236220473
21
-7.1954606299212598
0
LINE
8
RED2
6
CONTINUOUS
10
7.7008110236220473
20
-7.1954606299212598
11
7.7036259842519685
21
-7.2010866141732288
0
LINE
8
RED2
6
CONTINUOUS
10
7.7036259842519685
20
-7.2010866141732288
11
7.7036259842519685
21
-7.2067086614173235
0
LINE
8
RED2
6
CONTINUOUS
10
7.7036259842519685
20
-7.2067086614173235
11
7.6755039370078739
21
-7.2123346456692916
0
LINE
8
RED2
6
CONTINUOUS
10
7.7289330708661419
20
-7.2320196850393703
11
7.7289330708661419
21
-7.1926496062992129
0
LINE
8
RED2
6
CONTINUOUS
10
7.7289330708661419
20
-7.2038976377952757
11
7.7317440944881897
21
-7.1982716535433076
0
LINE
8
RED2
6
CONTINUOUS
10
7.7317440944881897
20
-7.1982716535433076
11
7.7345590551181109
21
-7.1954606299212598
0
LINE
8
RED2
6
CONTINUOUS
10
7.7345590551181109
20
-7.1954606299212598
11
7.7401811023622047
21
-7.1926496062992129
0
LINE
8
RED2
6
CONTINUOUS
10
7.7401811023622047
20
-7.1926496062992129
11
7.7458070866141737
21
-7.1926496062992129
0
LINE
8
RED2
6
CONTINUOUS
10
7.8076771653543311
20
-7.2151456692913385
11
7.8357992125984257
21
-7.2151456692913385
0
LINE
8
RED2
6
CONTINUOUS
10
7.8020511811023621
20
-7.2320196850393703
11
7.8217362204724417
21
-7.1729645669291342
0
LINE
8
RED2
6
CONTINUOUS
10
7.8217362204724417
20
-7.1729645669291342
11
7.8414212598425204
21
-7.2320196850393703
0
LINE
8
RED2
6
CONTINUOUS
10
7.9032874015748034
20
-7.1701535433070873
11
7.8526692913385832
21
-7.2460787401574809
0
LINE
8
RED2
6
CONTINUOUS
10
7.7559921259842524
20
-7.5396535433070868
11
7.7559921259842524
21
-7.657763779527559
0
LINE
8
RED2
6
CONTINUOUS
10
10.2756771653543311
20
-7.5396535433070868
11
10.2756771653543311
21
-7.7955590551181109
0
LINE
8
LYELLOW
6
CONTINUOUS
10
3.1499999999999999
20
-3.1000000000000001
11
3.1499999999999999
21
-2.1000000000000001
0
LINE
8
LYELLOW
6
CONTINUOUS
10
3.1499999999999999
20
-2.1000000000000001
11
1.3500000000000001
21
-2.1000000000000001
0
LINE
8
LYELLOW
6
CONTINUOUS
10
1.3500000000000001
20
-2.1000000000000001
11
1.3500000000000001
21
-3.1000000000000001
0
LINE
8
LYELLOW
6
CONTINUOUS
10
1.3500000000000001
20
-3.1000000000000001
11
3.1499999999999999
21
-3.1000000000000001
0
LINE
8
RED2
6
CONTINUOUS
10
3.1499999999999999
20
-3.1000000000000001
11
3.1499999999999999
21
-2.1000000000000001
0
LINE
8
RED2
6
CONTINUOUS
10
3.1499999999999999
20
-2.1000000000000001
11
1.3500000000000001
21
-2.1000000000000001
0
LINE
8
RED2
6
CONTINUOUS
10
1.3500000000000001
20
-2.1000000000000001
11
1.3500000000000001
21
-3.1000000000000001
0
LINE
8
RED2
6
CONTINUOUS
10
1.3500000000000001
20
-3.1000000000000001
11
3.1499999999999999
21
-3.1000000000000001
0
LINE
8
RED2
6
CONTINUOUS
10
1.55
20
-3.1000000000000001
11
1.55
21
-3.3000000000000003
0
LINE
8
CYAN2
6
CONTINUOUS
10
1.5285039370078741
20
-3.0561889763779528
11
1.5685039370078742
21
-3.0428543307086615
0
LINE
8
CYAN2
6
CONTINUOUS
10
1.5685039370078742
20
-3.0428543307086615
11
1.5285039370078741
21
-3.0295236220472441
0
LINE
8
CYAN2
6
CONTINUOUS
10
1.5646968503937009
20
-2.9933307086614174
11
1.5666023622047245
21
-2.995236220472441
0
LINE
8
CYAN2
6
CONTINUOUS
10
1.5666023622047245
20
-2.995236220472441
11
1.5685039370078742
21
-3.0009488188976379
0
LINE
8
CYAN2
6
CONTINUOUS
10
1.5685039370078742
20
-3.0009488188976379
11
1.5685039370078742
21
-3.0047598425196851
0
LINE
8
CYAN2
6
CONTINUOUS
10
1.5685039370078742
20
-3.0047598425196851
11
1.5666023622047245
21
-3.010472440944882
0
LINE
8
CYAN2
6
CONTINUOUS
10
1.5666023622047245
20
-3.010472440944882
11
1.5627913385826773
21
-3.0142834645669292
0
LINE
8
CYAN2
6
CONTINUOUS
10
1.5627913385826773
20
-3.0142834645669292
11
1.5589803149606301
21
-3.0161850393700789
0
LINE
8
CYAN2
6
CONTINUOUS
10
1.5589803149606301
20
-3.0161850393700789
11
1.5513622047244096
21
-3.0180905511811025
0
LINE
8
CYAN2
6
CONTINUOUS
10
1.5513622047244096
20
-3.0180905511811025
11
1.5456496062992127
21
-3.0180905511811025
0
LINE
8
CYAN2
6
CONTINUOUS
10
1.5456496062992127
20
-3.0180905511811025
11
1.5380275590551182
21
-3.0161850393700789
0
LINE
8
CYAN2
6
CONTINUOUS
10
1.5380275590551182
20
-3.0161850393700789
11
1.5342204724409449
21
-3.0142834645669292
0
LINE
8
CYAN2
6
CONTINUOUS
10
1.5342204724409449
20
-3.0142834645669292
11
1.5304094488188977
21
-3.010472440944882
0
LINE
8
CYAN2
6
CONTINUOUS
10
1.5304094488188977
20
-3.010472440944882
11
1.5285039370078741
21
-3.0047598425196851
0
LINE
8
CYAN2
6
CONTINUOUS
10
1.5285039370078741
20
-3.0047598425196851
11
1.5285039370078741
21
-3.0009488188976379
0
LINE
8
CYAN2
6
CONTINUOUS
10
1.5285039370078741
20
-3.0009488188976379
11
1.5304094488188977
21
-2.995236220472441
0
LINE
8
CYAN2
6
CONTINUOUS
10
1.5304094488188977
20
-2.995236220472441
11
1.5323149606299213
21
-2.9933307086614174
0
LINE
8
CYAN2
6
CONTINUOUS
10
1.5646968503937009
20
-2.9533307086614173
11
1.5666023622047245
21
-2.9552362204724409
0
LINE
8
CYAN2
6
CONTINUOUS
10
1.5666023622047245
20
-2.9552362204724409
11
1.5685039370078742
21
-2.9609488188976378
0
LINE
8
CYAN2
6
CONTINUOUS
10
1.5685039370078742
20
-2.9609488188976378
11
1.5685039370078742
21
-2.9647598425196851
0
LINE
8
CYAN2
6
CONTINUOUS
10
1.5685039370078742
20
-2.9647598425196851
11
1.5666023622047245
21
-2.9704724409448819
0
LINE
8
CYAN2
6
CONTINUOUS
10
1.5666023622047245
20
-2.9704724409448819
11
1.5627913385826773
21
-2.9742834645669292
0
LINE
8
CYAN2
6
CONTINUOUS
10
1.5627913385826773
20
-2.9742834645669292
11
1.5589803149606301
21
-2.9761850393700788
0
LINE
8
CYAN2
6
CONTINUOUS
10
1.5589803149606301
20
-2.9761850393700788
11
1.5513622047244096
21
-2.9780905511811024
0
LINE
8
CYAN2
6
CONTINUOUS
10
1.5513622047244096
20
-2.9780905511811024
11
1.5456496062992127
21
-2.9780905511811024
0
LINE
8
CYAN2
6
CONTINUOUS
10
1.5456496062992127
20
-2.9780905511811024
11
1.5380275590551182
21
-2.9761850393700788
0
LINE
8
CYAN2
6
CONTINUOUS
10
1.5380275590551182
20
-2.9761850393700788
11
1.5342204724409449
21
-2.9742834645669292
0
LINE
8
CYAN2
6
CONTINUOUS
10
1.5342204724409449
20
-2.9742834645669292
11
1.5304094488188977
21
-2.9704724409448819
0
LINE
8
CYAN2
6
CONTINUOUS
10
1.5304094488188977
20
-2.9704724409448819
11
1.5285039370078741
21
-2.9647598425196851
0
LINE
8
CYAN2
6
CONTINUOUS
10
1.5285039370078741
20
-2.9647598425196851
11
1.5285039370078741
21
-2.9609488188976378
0
LINE
8
CYAN2
6
CONTINUOUS
10
1.5285039370078741
20
-2.9609488188976378
11
1.5304094488188977
21
-2.9552362204724409
0
LINE
8
CYAN2
6
CONTINUOUS
10
1.5304094488188977
20
-2.9552362204724409
11
1.5323149606299213
21
-2.9533307086614173
0
LINE
8
RED3
6
CONTINUOUS
10
1.5049133858267718
20
-3.2304724409448822
11
1.503007874015748
21
-3.2285669291338586
0
LINE
8
RED3
6
CONTINUOUS
10
1.503007874015748
20
-3.2285669291338586
11
1.5011023622047244
21
-3.2247598425196853
0
LINE
8
RED3
6
CONTINUOUS
10
1.5011023622047244
20
-3.2247598425196853
11
1.5011023622047244
21
-3.2152362204724412
0
LINE
8
RED3
6
CONTINUOUS
10
1.5011023622047244
20
-3.2152362204724412
11
1.503007874015748
21
-3.211425196850394
0
LINE
8
RED3
6
CONTINUOUS
10
1.503007874015748
20
-3.211425196850394
11
1.5049133858267718
21
-3.2095196850393704
0
LINE
8
RED3
6
CONTINUOUS
10
1.5049133858267718
20
-3.2095196850393704
11
1.508724409448819
21
-3.2076181102362207
0
LINE
8
RED3
6
CONTINUOUS
10
1.508724409448819
20
-3.2076181102362207
11
1.5125314960629921
21
-3.2076181102362207
0
LINE
8
RED3
6
CONTINUOUS
10
1.5125314960629921
20
-3.2076181102362207
11
1.5182480314960631
21
-3.2095196850393704
0
LINE
8
RED3
6
CONTINUOUS
10
1.5182480314960631
20
-3.2095196850393704
11
1.5411023622047244
21
-3.2323779527559058
0
LINE
8
RED3
6
CONTINUOUS
10
1.5411023622047244
20
-3.2323779527559058
11
1.5411023622047244
21
-3.2076181102362207
0
LINE
8
RED3
6
CONTINUOUS
10
1.5011023622047244
20
-3.1828543307086616
11
1.5011023622047244
21
-3.1790472440944884
0
LINE
8
RED3
6
CONTINUOUS
10
1.5011023622047244
20
-3.1790472440944884
11
1.503007874015748
21
-3.1752362204724411
0
LINE
8
RED3
6
CONTINUOUS
10
1.503007874015748
20
-3.1752362204724411
11
1.5049133858267718
21
-3.1733307086614175
0
LINE
8
RED3
6
CONTINUOUS
10
1.5049133858267718
20
-3.1733307086614175
11
1.508724409448819
21
-3.1714251968503939
0
LINE
8
RED3
6
CONTINUOUS
10
1.508724409448819
20
-3.1714251968503939
11
1.5163425196850395
21
-3.1695236220472442
0
LINE
8
RED3
6
CONTINUOUS
10
1.5163425196850395
20
-3.1695236220472442
11
1.5258661417322836
21
-3.1695236220472442
0
LINE
8
RED3
6
CONTINUOUS
10
1.5258661417322836
20
-3.1695236220472442
11
1.5334842519685039
21
-3.1714251968503939
0
LINE
8
RED3
6
CONTINUOUS
10
1.5334842519685039
20
-3.1714251968503939
11
1.5372952755905513
21
-3.1733307086614175
0
LINE
8
RED3
6
CONTINUOUS
10
1.5372952755905513
20
-3.1733307086614175
11
1.539200787401575
21
-3.1752362204724411
0
LINE
8
RED3
6
CONTINUOUS
10
1.539200787401575
20
-3.1752362204724411
11
1.5411023622047244
21
-3.1790472440944884
0
LINE
8
RED3
6
CONTINUOUS
10
1.5411023622047244
20
-3.1790472440944884
11
1.5411023622047244
21
-3.1828543307086616
0
LINE
8
RED3
6
CONTINUOUS
10
1.5411023622047244
20
-3.1828543307086616
11
1.539200787401575
21
-3.1866653543307089
0
LINE
8
RED3
6
CONTINUOUS
10
1.539200787401575
20
-3.1866653543307089
11
1.5372952755905513
21
-3.1885708661417325
0
LINE
8
RED3
6
CONTINUOUS
10
1.5372952755905513
20
-3.1885708661417325
11
1.5334842519685039
21
-3.1904724409448821
0
LINE
8
RED3
6
CONTINUOUS
10
1.5334842519685039
20
-3.1904724409448821
11
1.5258661417322836
21
-3.1923779527559057
0
LINE
8
RED3
6
CONTINUOUS
10
1.5258661417322836
20
-3.1923779527559057
11
1.5163425196850395
21
-3.1923779527559057
0
LINE
8
RED3
6
CONTINUOUS
10
1.5163425196850395
20
-3.1923779527559057
11
1.508724409448819
21
-3.1904724409448821
0
LINE
8
RED3
6
CONTINUOUS
10
1.508724409448819
20
-3.1904724409448821
11
1.5049133858267718
21
-3.1885708661417325
0
LINE
8
RED3
6
CONTINUOUS
10
1.5049133858267718
20
-3.1885708661417325
11
1.503007874015748
21
-3.1866653543307089
0
LINE
8
RED3
6
CONTINUOUS
10
1.503007874015748
20
-3.1866653543307089
11
1.5011023622047244
21
-3.1828543307086616
0
LINE
8
RED2
6
CONTINUOUS
10
1.75
20
-3.1000000000000001
11
1.75
21
-3.3000000000000003
0
LINE
8
CYAN2
6
CONTINUOUS
10
1.7685039370078741
20
-3.050472440944882
11
1.7285039370078741
21
-3.050472440944882
0
LINE
8
CYAN2
6
CONTINUOUS
10
1.7285039370078741
20
-3.050472440944882
11
1.7285039370078741
21
-3.0409488188976379
0
LINE
8
CYAN2
6
CONTINUOUS
10
1.7285039370078741
20
-3.0409488188976379
11
1.7304094488188977
21
-3.035236220472441
0
LINE
8
CYAN2
6
CONTINUOUS
10
1.7304094488188977
20
-3.035236220472441
11
1.7342204724409449
21
-3.0314251968503938
0
LINE
8
CYAN2
6
CONTINUOUS
10
1.7342204724409449
20
-3.0314251968503938
11
1.7380275590551182
21
-3.0295236220472441
0
LINE
8
CYAN2
6
CONTINUOUS
10
1.7380275590551182
20
-3.0295236220472441
11
1.7456496062992126
21
-3.0276181102362205
0
LINE
8
CYAN2
6
CONTINUOUS
10
1.7456496062992126
20
-3.0276181102362205
11
1.7513622047244095
21
-3.0276181102362205
0
LINE
8
CYAN2
6
CONTINUOUS
10
1.7513622047244095
20
-3.0276181102362205
11
1.75898031496063
21
-3.0295236220472441
0
LINE
8
CYAN2
6
CONTINUOUS
10
1.75898031496063
20
-3.0295236220472441
11
1.7627913385826772
21
-3.0314251968503938
0
LINE
8
CYAN2
6
CONTINUOUS
10
1.7627913385826772
20
-3.0314251968503938
11
1.7666023622047244
21
-3.035236220472441
0
LINE
8
CYAN2
6
CONTINUOUS
10
1.7666023622047244
20
-3.035236220472441
11
1.7685039370078741
21
-3.0409488188976379
0
LINE
8
CYAN2
6
CONTINUOUS
10
1.7685039370078741
20
-3.0409488188976379
11
1.7685039370078741
21
-3.050472440944882
0
LINE
8
CYAN2
6
CONTINUOUS
10
1.7685039370078741
20
-3.010472440944882
11
1.7285039370078741
21
-3.010472440944882
0
LINE
8
CYAN2
6
CONTINUOUS
10
1.7685039370078741
20
-2.9685708661417323
11
1.7494566929133859
21
-2.9819015748031497
0
LINE
8
CYAN2
6
CONTINUOUS
10
1.7685039370078741
20
-2.9914251968503938
11
1.7285039370078741
21
-2.9914251968503938
0
LINE
8
CYAN2
6
CONTINUOUS
10
1.7285039370078741
20
-2.9914251968503938
11
1.7285039370078741
21
-2.9761889763779528
0
LINE
8
CYAN2
6
CONTINUOUS
10
1.7285039370078741
20
-2.9761889763779528
11
1.7304094488188977
21
-2.9723779527559056
0
LINE
8
CYAN2
6
CONTINUOUS
10
1.7304094488188977
20
-2.9723779527559056
11
1.7323149606299213
21
-2.9704763779527559
0
LINE
8
CYAN2
6
CONTINUOUS
10
1.7323149606299213
20
-2.9704763779527559
11
1.7361259842519685
21
-2.9685708661417323
0
LINE
8
CYAN2
6
CONTINUOUS
10
1.7361259842519685
20
-2.9685708661417323
11
1.7418385826771654
21
-2.9685708661417323
0
LINE
8
CYAN2
6
CONTINUOUS
10
1.7418385826771654
20
-2.9685708661417323
11
1.7456496062992126
21
-2.9704763779527559
0
LINE
8
CYAN2
6
CONTINUOUS
10
1.7456496062992126
20
-2.9704763779527559
11
1.7475511811023623
21
-2.9723779527559056
0
LINE
8
CYAN2
6
CONTINUOUS
10
1.7475511811023623
20
-2.9723779527559056
11
1.7494566929133859
21
-2.9761889763779528
0
LINE
8
CYAN2
6
CONTINUOUS
10
1.7494566929133859
20
-2.9761889763779528
11
1.7494566929133859
21
-2.9914251968503938
0
LINE
8
RED3
6
CONTINUOUS
10
1.7411023622047246
20
-3.1885708661417325
11
1.7411023622047246
21
-3.211425196850394
0
LINE
8
RED3
6
CONTINUOUS
10
1.7411023622047246
20
-3.1999960629921262
11
1.7011023622047245
21
-3.1999960629921262
0
LINE
8
RED3
6
CONTINUOUS
10
1.7011023622047245
20
-3.1999960629921262
11
1.7068188976377954
21
-3.2038070866141735
0
LINE
8
RED3
6
CONTINUOUS
10
1.7068188976377954
20
-3.2038070866141735
11
1.7106259842519687
21
-3.2076181102362207
0
LINE
8
RED3
6
CONTINUOUS
10
1.7106259842519687
20
-3.2076181102362207
11
1.7125314960629923
21
-3.211425196850394
0
LINE
8
RED2
6
CONTINUOUS
10
1.8500000000000001
20
-3.1000000000000001
11
1.8500000000000001
21
-3.3000000000000003
0
LINE
8
CYAN2
6
CONTINUOUS
10
1.8532677165354332
20
-3.0561889763779528
11
1.8513622047244096
21
-3.0542834645669292
0
LINE
8
CYAN2
6
CONTINUOUS
10
1.8513622047244096
20
-3.0542834645669292
11
1.849456692913386
21
-3.050472440944882
0
LINE
8
CYAN2
6
CONTINUOUS
10
1.849456692913386
20
-3.050472440944882
11
1.8532677165354332
21
-3.0428543307086615
0
LINE
8
CYAN2
6
CONTINUOUS
10
1.8532677165354332
20
-3.0428543307086615
11
1.8513622047244096
21
-3.0390472440944882
0
LINE
8
CYAN2
6
CONTINUOUS
10
1.8513622047244096
20
-3.0390472440944882
11
1.849456692913386
21
-3.0371417322834646
0
LINE
8
CYAN2
6
CONTINUOUS
10
1.8285039370078742
20
-3.0142834645669292
11
1.8285039370078742
21
-3.0066653543307087
0
LINE
8
CYAN2
6
CONTINUOUS
10
1.8285039370078742
20
-3.0066653543307087
11
1.8304094488188978
21
-3.0028543307086615
0
LINE
8
CYAN2
6
CONTINUOUS
10
1.8304094488188978
20
-3.0028543307086615
11
1.834220472440945
21
-2.9990472440944882
0
LINE
8
CYAN2
6
CONTINUOUS
10
1.834220472440945
20
-2.9990472440944882
11
1.8418385826771655
21
-2.9971417322834646
0
LINE
8
CYAN2
6
CONTINUOUS
10
1.8418385826771655
20
-2.9971417322834646
11
1.8551732283464568
21
-2.9971417322834646
0
LINE
8
CYAN2
6
CONTINUOUS
10
1.8551732283464568
20
-2.9971417322834646
11
1.8627913385826773
21
-2.9990472440944882
0
LINE
8
CYAN2
6
CONTINUOUS
10
1.8627913385826773
20
-2.9990472440944882
11
1.8666023622047245
21
-3.0028543307086615
0
LINE
8
CYAN2
6
CONTINUOUS
10
1.8666023622047245
20
-3.0028543307086615
11
1.868503937007874
21
-3.0066653543307087
0
LINE
8
CYAN2
6
CONTINUOUS
10
1.868503937007874
20
-3.0066653543307087
11
1.868503937007874
21
-3.0142834645669292
0
LINE
8
CYAN2
6
CONTINUOUS
10
1.868503937007874
20
-3.0142834645669292
11
1.8666023622047245
21
-3.0180944881889764
0
LINE
8
CYAN2
6
CONTINUOUS
10
1.8666023622047245
20
-3.0180944881889764
11
1.8627913385826773
21
-3.0219015748031497
0
LINE
8
CYAN2
6
CONTINUOUS
10
1.8627913385826773
20
-3.0219015748031497
11
1.8551732283464568
21
-3.0238070866141733
0
LINE
8
CYAN2
6
CONTINUOUS
10
1.8551732283464568
20
-3.0238070866141733
11
1.8418385826771655
21
-3.0238070866141733
0
LINE
8
CYAN2
6
CONTINUOUS
10
1.8418385826771655
20
-3.0238070866141733
11
1.834220472440945
21
-3.0219015748031497
0
LINE
8
CYAN2
6
CONTINUOUS
10
1.834220472440945
20
-3.0219015748031497
11
1.8304094488188978
21
-3.0180944881889764
0
LINE
8
CYAN2
6
CONTINUOUS
10
1.8304094488188978
20
-3.0180944881889764
11
1.8285039370078742
21
-3.0142834645669292
0
LINE
8
CYAN2
6
CONTINUOUS
10
1.8475511811023624
20
-2.979996062992126
11
1.8475511811023624
21
-2.9666653543307087
0
LINE
8
CYAN2
6
CONTINUOUS
10
1.868503937007874
20
-2.9609488188976378
11
1.868503937007874
21
-2.979996062992126
0
LINE
8
CYAN2
6
CONTINUOUS
10
1.868503937007874
20
-2.979996062992126
11
1.8285039370078742
21
-2.979996062992126
0
LINE
8
CYAN2
6
CONTINUOUS
10
1.8285039370078742
20
-2.979996062992126
11
1.8285039370078742
21
-2.9609488188976378
0
LINE
8
RED3
6
CONTINUOUS
10
1.8411023622047245
20
-3.2076181102362207
11
1.8411023622047245
21
-3.2304724409448822
0
LINE
8
RED3
6
CONTINUOUS
10
1.8411023622047245
20
-3.2190433070866145
11
1.8011023622047244
21
-3.2190433070866145
0
LINE
8
RED3
6
CONTINUOUS
10
1.8011023622047244
20
-3.2190433070866145
11
1.8068188976377952
21
-3.2228543307086617
0
LINE
8
RED3
6
CONTINUOUS
10
1.8068188976377952
20
-3.2228543307086617
11
1.8106259842519685
21
-3.2266653543307089
0
LINE
8
RED3
6
CONTINUOUS
10
1.8106259842519685
20
-3.2266653543307089
11
1.8125314960629921
21
-3.2304724409448822
0
LINE
8
RED3
6
CONTINUOUS
10
1.8411023622047245
20
-3.1885708661417325
11
1.8411023622047245
21
-3.180948818897638
0
LINE
8
RED3
6
CONTINUOUS
10
1.8411023622047245
20
-3.180948818897638
11
1.8392007874015748
21
-3.1771417322834647
0
LINE
8
RED3
6
CONTINUOUS
10
1.8392007874015748
20
-3.1771417322834647
11
1.8372952755905512
21
-3.1752362204724411
0
LINE
8
RED3
6
CONTINUOUS
10
1.8372952755905512
20
-3.1752362204724411
11
1.8315787401574803
21
-3.1714251968503939
0
LINE
8
RED3
6
CONTINUOUS
10
1.8315787401574803
20
-3.1714251968503939
11
1.8239606299212598
21
-3.1695236220472442
0
LINE
8
RED3
6
CONTINUOUS
10
1.8239606299212598
20
-3.1695236220472442
11
1.8087244094488191
21
-3.1695236220472442
0
LINE
8
RED3
6
CONTINUOUS
10
1.8087244094488191
20
-3.1695236220472442
11
1.8049133858267716
21
-3.1714251968503939
0
LINE
8
RED3
6
CONTINUOUS
10
1.8049133858267716
20
-3.1714251968503939
11
1.803007874015748
21
-3.1733307086614175
0
LINE
8
RED3
6
CONTINUOUS
10
1.803007874015748
20
-3.1733307086614175
11
1.8011023622047244
21
-3.1771417322834647
0
LINE
8
RED3
6
CONTINUOUS
10
1.8011023622047244
20
-3.1771417322834647
11
1.8011023622047244
21
-3.1847598425196852
0
LINE
8
RED3
6
CONTINUOUS
10
1.8011023622047244
20
-3.1847598425196852
11
1.803007874015748
21
-3.1885708661417325
0
LINE
8
RED3
6
CONTINUOUS
10
1.803007874015748
20
-3.1885708661417325
11
1.8049133858267716
21
-3.1904724409448821
0
LINE
8
RED3
6
CONTINUOUS
10
1.8049133858267716
20
-3.1904724409448821
11
1.8087244094488191
21
-3.1923779527559057
0
LINE
8
RED3
6
CONTINUOUS
10
1.8087244094488191
20
-3.1923779527559057
11
1.818248031496063
21
-3.1923779527559057
0
LINE
8
RED3
6
CONTINUOUS
10
1.818248031496063
20
-3.1923779527559057
11
1.8220551181102362
21
-3.1904724409448821
0
LINE
8
RED3
6
CONTINUOUS
10
1.8220551181102362
20
-3.1904724409448821
11
1.8239606299212598
21
-3.1885708661417325
0
LINE
8
RED3
6
CONTINUOUS
10
1.8239606299212598
20
-3.1885708661417325
11
1.8258661417322835
21
-3.1847598425196852
0
LINE
8
RED3
6
CONTINUOUS
10
1.8258661417322835
20
-3.1847598425196852
11
1.8258661417322835
21
-3.1771417322834647
0
LINE
8
RED3
6
CONTINUOUS
10
1.8258661417322835
20
-3.1771417322834647
11
1.8239606299212598
21
-3.1733307086614175
0
LINE
8
RED3
6
CONTINUOUS
10
1.8239606299212598
20
-3.1733307086614175
11
1.8220551181102362
21
-3.1714251968503939
0
LINE
8
RED3
6
CONTINUOUS
10
1.8220551181102362
20
-3.1714251968503939
11
1.818248031496063
21
-3.1695236220472442
0
LINE
8
RED2
6
CONTINUOUS
10
2.0500000000000003
20
-3.1000000000000001
11
2.0500000000000003
21
-3.3000000000000003
0
LINE
8
CYAN2
6
CONTINUOUS
10
2.0570748031496064
20
-3.0523779527559056
11
2.0570748031496064
21
-3.0333307086614174
0
LINE
8
CYAN2
6
CONTINUOUS
10
2.0685039370078742
20
-3.0561889763779528
11
2.0285039370078741
21
-3.0428543307086615
0
LINE
8
CYAN2
6
CONTINUOUS
10
2.0285039370078741
20
-3.0428543307086615
11
2.0685039370078742
21
-3.0295236220472441
0
LINE
8
CYAN2
6
CONTINUOUS
10
2.0285039370078741
20
-3.0085669291338584
11
2.0285039370078741
21
-3.0047598425196851
0
LINE
8
CYAN2
6
CONTINUOUS
10
2.0285039370078741
20
-3.0047598425196851
11
2.0304094488188977
21
-3.0009488188976379
0
LINE
8
CYAN2
6
CONTINUOUS
10
2.0304094488188977
20
-3.0009488188976379
11
2.0323149606299213
21
-2.9990433070866143
0
LINE
8
CYAN2
6
CONTINUOUS
10
2.0323149606299213
20
-2.9990433070866143
11
2.0361259842519686
21
-2.9971377952755907
0
LINE
8
CYAN2
6
CONTINUOUS
10
2.0361259842519686
20
-2.9971377952755907
11
2.0437440944881891
21
-2.995236220472441
0
LINE
8
CYAN2
6
CONTINUOUS
10
2.0437440944881891
20
-2.995236220472441
11
2.0532677165354332
21
-2.995236220472441
0
LINE
8
CYAN2
6
CONTINUOUS
10
2.0532677165354332
20
-2.995236220472441
11
2.0608858267716537
21
-2.9971377952755907
0
LINE
8
CYAN2
6
CONTINUOUS
10
2.0608858267716537
20
-2.9971377952755907
11
2.0646968503937009
21
-2.9990433070866143
0
LINE
8
CYAN2
6
CONTINUOUS
10
2.0646968503937009
20
-2.9990433070866143
11
2.0666023622047245
21
-3.0009488188976379
0
LINE
8
CYAN2
6
CONTINUOUS
10
2.0666023622047245
20
-3.0009488188976379
11
2.0685039370078742
21
-3.0047598425196851
0
LINE
8
CYAN2
6
CONTINUOUS
10
2.0685039370078742
20
-3.0047598425196851
11
2.0685039370078742
21
-3.0085669291338584
0
LINE
8
CYAN2
6
CONTINUOUS
10
2.0685039370078742
20
-3.0085669291338584
11
2.0666023622047245
21
-3.0123779527559056
0
LINE
8
CYAN2
6
CONTINUOUS
10
2.0666023622047245
20
-3.0123779527559056
11
2.0646968503937009
21
-3.0142834645669292
0
LINE
8
CYAN2
6
CONTINUOUS
10
2.0646968503937009
20
-3.0142834645669292
11
2.0608858267716537
21
-3.0161850393700789
0
LINE
8
CYAN2
6
CONTINUOUS
10
2.0608858267716537
20
-3.0161850393700789
11
2.0532677165354332
21
-3.0180905511811025
0
LINE
8
CYAN2
6
CONTINUOUS
10
2.0532677165354332
20
-3.0180905511811025
11
2.0437440944881891
21
-3.0180905511811025
0
LINE
8
CYAN2
6
CONTINUOUS
10
2.0437440944881891
20
-3.0180905511811025
11
2.0361259842519686
21
-3.0161850393700789
0
LINE
8
CYAN2
6
CONTINUOUS
10
2.0361259842519686
20
-3.0161850393700789
11
2.0323149606299213
21
-3.0142834645669292
0
LINE
8
CYAN2
6
CONTINUOUS
10
2.0323149606299213
20
-3.0142834645669292
11
2.0304094488188977
21
-3.0123779527559056
0
LINE
8
CYAN2
6
CONTINUOUS
10
2.0304094488188977
20
-3.0123779527559056
11
2.0285039370078741
21
-3.0085669291338584
0
LINE
8
RED3
6
CONTINUOUS
10
2.0049133858267716
20
-3.211425196850394
11
2.003007874015748
21
-3.2095196850393704
0
LINE
8
RED3
6
CONTINUOUS
10
2.003007874015748
20
-3.2095196850393704
11
2.0011023622047244
21
-3.2057125984251971
0
LINE
8
RED3
6
CONTINUOUS
10
2.0011023622047244
20
-3.2057125984251971
11
2.0011023622047244
21
-3.196188976377953
0
LINE
8
RED3
6
CONTINUOUS
10
2.0011023622047244
20
-3.196188976377953
11
2.003007874015748
21
-3.1923779527559057
0
LINE
8
RED3
6
CONTINUOUS
10
2.003007874015748
20
-3.1923779527559057
11
2.0049133858267716
21
-3.1904724409448821
0
LINE
8
RED3
6
CONTINUOUS
10
2.0049133858267716
20
-3.1904724409448821
11
2.0087244094488188
21
-3.1885708661417325
0
LINE
8
RED3
6
CONTINUOUS
10
2.0087244094488188
20
-3.1885708661417325
11
2.0125314960629921
21
-3.1885708661417325
0
LINE
8
RED3
6
CONTINUOUS
10
2.0125314960629921
20
-3.1885708661417325
11
2.0182480314960629
21
-3.1904724409448821
0
LINE
8
RED3
6
CONTINUOUS
10
2.0182480314960629
20
-3.1904724409448821
11
2.0411023622047244
21
-3.2133307086614176
0
LINE
8
RED3
6
CONTINUOUS
10
2.0411023622047244
20
-3.2133307086614176
11
2.0411023622047244
21
-3.1885708661417325
0
LINE
8
RED2
6
CONTINUOUS
10
2.1499999999999999
20
-3.1000000000000001
11
2.1499999999999999
21
-3.3000000000000003
0
LINE
8
CYAN2
6
CONTINUOUS
10
2.1570748031496065
20
-3.0523779527559056
11
2.1570748031496065
21
-3.0333307086614174
0
LINE
8
CYAN2
6
CONTINUOUS
10
2.1685039370078742
20
-3.0561889763779528
11
2.1285039370078742
21
-3.0428543307086615
0
LINE
8
CYAN2
6
CONTINUOUS
10
2.1285039370078742
20
-3.0428543307086615
11
2.1685039370078742
21
-3.0295236220472441
0
LINE
8
CYAN2
6
CONTINUOUS
10
2.1685039370078742
20
-2.995236220472441
11
2.1685039370078742
21
-3.0180905511811025
0
LINE
8
CYAN2
6
CONTINUOUS
10
2.1685039370078742
20
-3.0066614173228348
11
2.1285039370078742
21
-3.0066614173228348
0
LINE
8
CYAN2
6
CONTINUOUS
10
2.1285039370078742
20
-3.0066614173228348
11
2.134220472440945
21
-3.010472440944882
0
LINE
8
CYAN2
6
CONTINUOUS
10
2.134220472440945
20
-3.010472440944882
11
2.1380275590551183
21
-3.0142834645669292
0
LINE
8
CYAN2
6
CONTINUOUS
10
2.1380275590551183
20
-3.0142834645669292
11
2.1399330708661419
21
-3.0180905511811025
0
LINE
8
RED3
6
CONTINUOUS
10
2.1011023622047245
20
-3.2133307086614176
11
2.1011023622047245
21
-3.1885708661417325
0
LINE
8
RED3
6
CONTINUOUS
10
2.1011023622047245
20
-3.1885708661417325
11
2.1163425196850394
21
-3.2019015748031499
0
LINE
8
RED3
6
CONTINUOUS
10
2.1163425196850394
20
-3.2019015748031499
11
2.1163425196850394
21
-3.196188976377953
0
LINE
8
RED3
6
CONTINUOUS
10
2.1163425196850394
20
-3.196188976377953
11
2.118248031496063
21
-3.1923779527559057
0
LINE
8
RED3
6
CONTINUOUS
10
2.118248031496063
20
-3.1923779527559057
11
2.1201496062992127
21
-3.1904724409448821
0
LINE
8
RED3
6
CONTINUOUS
10
2.1201496062992127
20
-3.1904724409448821
11
2.1239606299212599
21
-3.1885708661417325
0
LINE
8
RED3
6
CONTINUOUS
10
2.1239606299212599
20
-3.1885708661417325
11
2.133484251968504
21
-3.1885708661417325
0
LINE
8
RED3
6
CONTINUOUS
10
2.133484251968504
20
-3.1885708661417325
11
2.1372952755905512
21
-3.1904724409448821
0
LINE
8
RED3
6
CONTINUOUS
10
2.1372952755905512
20
-3.1904724409448821
11
2.1392007874015748
21
-3.1923779527559057
0
LINE
8
RED3
6
CONTINUOUS
10
2.1392007874015748
20
-3.1923779527559057
11
2.1411023622047245
21
-3.196188976377953
0
LINE
8
RED3
6
CONTINUOUS
10
2.1411023622047245
20
-3.196188976377953
11
2.1411023622047245
21
-3.2076181102362207
0
LINE
8
RED3
6
CONTINUOUS
10
2.1411023622047245
20
-3.2076181102362207
11
2.1392007874015748
21
-3.211425196850394
0
LINE
8
RED3
6
CONTINUOUS
10
2.1392007874015748
20
-3.211425196850394
11
2.1372952755905512
21
-3.2133307086614176
0
LINE
8
RED2
6
CONTINUOUS
10
2.25
20
-3.1000000000000001
11
2.25
21
-3.3000000000000003
0
LINE
8
CYAN2
6
CONTINUOUS
10
2.2570748031496062
20
-3.0523779527559056
11
2.2570748031496062
21
-3.0333307086614174
0
LINE
8
CYAN2
6
CONTINUOUS
10
2.2685039370078739
20
-3.0561889763779528
11
2.2285039370078743
21
-3.0428543307086615
0
LINE
8
CYAN2
6
CONTINUOUS
10
2.2285039370078743
20
-3.0428543307086615
11
2.2685039370078739
21
-3.0295236220472441
0
LINE
8
CYAN2
6
CONTINUOUS
10
2.2323149606299215
20
-3.0180905511811025
11
2.2304094488188979
21
-3.0161850393700789
0
LINE
8
CYAN2
6
CONTINUOUS
10
2.2304094488188979
20
-3.0161850393700789
11
2.2285039370078743
21
-3.0123779527559056
0
LINE
8
CYAN2
6
CONTINUOUS
10
2.2285039370078743
20
-3.0123779527559056
11
2.2285039370078743
21
-3.0028543307086615
0
LINE
8
CYAN2
6
CONTINUOUS
10
2.2285039370078743
20
-3.0028543307086615
11
2.2304094488188979
21
-2.9990433070866143
0
LINE
8
CYAN2
6
CONTINUOUS
10
2.2304094488188979
20
-2.9990433070866143
11
2.2323149606299215
21
-2.9971377952755907
0
LINE
8
CYAN2
6
CONTINUOUS
10
2.2323149606299215
20
-2.9971377952755907
11
2.2361259842519687
21
-2.995236220472441
0
LINE
8
CYAN2
6
CONTINUOUS
10
2.2361259842519687
20
-2.995236220472441
11
2.239933070866142
21
-2.995236220472441
0
LINE
8
CYAN2
6
CONTINUOUS
10
2.239933070866142
20
-2.995236220472441
11
2.2456496062992128
21
-2.9971377952755907
0
LINE
8
CYAN2
6
CONTINUOUS
10
2.2456496062992128
20
-2.9971377952755907
11
2.2685039370078739
21
-3.0199960629921261
0
LINE
8
CYAN2
6
CONTINUOUS
10
2.2685039370078739
20
-3.0199960629921261
11
2.2685039370078739
21
-2.995236220472441
0
LINE
8
RED3
6
CONTINUOUS
10
2.2144370078740159
20
-3.1923779527559057
11
2.2411023622047246
21
-3.1923779527559057
0
LINE
8
RED3
6
CONTINUOUS
10
2.1992007874015749
20
-3.2019015748031499
11
2.2277716535433072
21
-3.211425196850394
0
LINE
8
RED3
6
CONTINUOUS
10
2.2277716535433072
20
-3.211425196850394
11
2.2277716535433072
21
-3.1866653543307089
0
LINE
8
RED2
6
CONTINUOUS
10
2.3500000000000001
20
-3.1000000000000001
11
2.3500000000000001
21
-3.3000000000000003
0
LINE
8
CYAN2
6
CONTINUOUS
10
2.3570748031496063
20
-3.0523779527559056
11
2.3570748031496063
21
-3.0333307086614174
0
LINE
8
CYAN2
6
CONTINUOUS
10
2.368503937007874
20
-3.0561889763779528
11
2.3285039370078739
21
-3.0428543307086615
0
LINE
8
CYAN2
6
CONTINUOUS
10
2.3285039370078739
20
-3.0428543307086615
11
2.368503937007874
21
-3.0295236220472441
0
LINE
8
CYAN2
6
CONTINUOUS
10
2.3285039370078739
20
-3.0199960629921261
11
2.3285039370078739
21
-2.995236220472441
0
LINE
8
CYAN2
6
CONTINUOUS
10
2.3285039370078739
20
-2.995236220472441
11
2.3437440944881889
21
-3.0085669291338584
0
LINE
8
CYAN2
6
CONTINUOUS
10
2.3437440944881889
20
-3.0085669291338584
11
2.3437440944881889
21
-3.0028543307086615
0
LINE
8
CYAN2
6
CONTINUOUS
10
2.3437440944881889
20
-3.0028543307086615
11
2.3456496062992125
21
-2.9990433070866143
0
LINE
8
CYAN2
6
CONTINUOUS
10
2.3456496062992125
20
-2.9990433070866143
11
2.3475511811023622
21
-2.9971377952755907
0
LINE
8
CYAN2
6
CONTINUOUS
10
2.3475511811023622
20
-2.9971377952755907
11
2.3513622047244094
21
-2.995236220472441
0
LINE
8
CYAN2
6
CONTINUOUS
10
2.3513622047244094
20
-2.995236220472441
11
2.3608858267716535
21
-2.995236220472441
0
LINE
8
CYAN2
6
CONTINUOUS
10
2.3608858267716535
20
-2.995236220472441
11
2.3646968503937007
21
-2.9971377952755907
0
LINE
8
CYAN2
6
CONTINUOUS
10
2.3646968503937007
20
-2.9971377952755907
11
2.3666023622047243
21
-2.9990433070866143
0
LINE
8
CYAN2
6
CONTINUOUS
10
2.3666023622047243
20
-2.9990433070866143
11
2.368503937007874
21
-3.0028543307086615
0
LINE
8
CYAN2
6
CONTINUOUS
10
2.368503937007874
20
-3.0028543307086615
11
2.368503937007874
21
-3.0142834645669292
0
LINE
8
CYAN2
6
CONTINUOUS
10
2.368503937007874
20
-3.0142834645669292
11
2.3666023622047243
21
-3.0180905511811025
0
LINE
8
CYAN2
6
CONTINUOUS
10
2.3666023622047243
20
-3.0180905511811025
11
2.3646968503937007
21
-3.0199960629921261
0
LINE
8
RED3
6
CONTINUOUS
10
2.3011023622047246
20
-3.1904724409448821
11
2.3011023622047246
21
-3.2095196850393704
0
LINE
8
RED3
6
CONTINUOUS
10
2.3011023622047246
20
-3.2095196850393704
11
2.3201496062992129
21
-3.211425196850394
0
LINE
8
RED3
6
CONTINUOUS
10
2.3201496062992129
20
-3.211425196850394
11
2.3182480314960632
21
-3.2095196850393704
0
LINE
8
RED3
6
CONTINUOUS
10
2.3182480314960632
20
-3.2095196850393704
11
2.3163425196850396
21
-3.2057125984251971
0
LINE
8
RED3
6
CONTINUOUS
10
2.3163425196850396
20
-3.2057125984251971
11
2.3163425196850396
21
-3.196188976377953
0
LINE
8
RED3
6
CONTINUOUS
10
2.3163425196850396
20
-3.196188976377953
11
2.3182480314960632
21
-3.1923779527559057
0
LINE
8
RED3
6
CONTINUOUS
10
2.3182480314960632
20
-3.1923779527559057
11
2.3201496062992129
21
-3.1904724409448821
0
LINE
8
RED3
6
CONTINUOUS
10
2.3201496062992129
20
-3.1904724409448821
11
2.3239606299212601
21
-3.1885708661417325
0
LINE
8
RED3
6
CONTINUOUS
10
2.3239606299212601
20
-3.1885708661417325
11
2.3334842519685042
21
-3.1885708661417325
0
LINE
8
RED3
6
CONTINUOUS
10
2.3334842519685042
20
-3.1885708661417325
11
2.3372952755905514
21
-3.1904724409448821
0
LINE
8
RED3
6
CONTINUOUS
10
2.3372952755905514
20
-3.1904724409448821
11
2.339200787401575
21
-3.1923779527559057
0
LINE
8
RED3
6
CONTINUOUS
10
2.339200787401575
20
-3.1923779527559057
11
2.3411023622047247
21
-3.196188976377953
0
LINE
8
RED3
6
CONTINUOUS
10
2.3411023622047247
20
-3.196188976377953
11
2.3411023622047247
21
-3.2057125984251971
0
LINE
8
RED3
6
CONTINUOUS
10
2.3411023622047247
20
-3.2057125984251971
11
2.339200787401575
21
-3.2095196850393704
0
LINE
8
RED3
6
CONTINUOUS
10
2.339200787401575
20
-3.2095196850393704
11
2.3372952755905514
21
-3.211425196850394
0
LINE
8
RED2
6
CONTINUOUS
10
2.4500000000000002
20
-3.1000000000000001
11
2.4500000000000002
21
-3.3000000000000003
0
LINE
8
CYAN2
6
CONTINUOUS
10
2.4570748031496064
20
-3.0523779527559056
11
2.4570748031496064
21
-3.0333307086614174
0
LINE
8
CYAN2
6
CONTINUOUS
10
2.4685039370078741
20
-3.0561889763779528
11
2.428503937007874
21
-3.0428543307086615
0
LINE
8
CYAN2
6
CONTINUOUS
10
2.428503937007874
20
-3.0428543307086615
11
2.4685039370078741
21
-3.0295236220472441
0
LINE
8
CYAN2
6
CONTINUOUS
10
2.4418385826771654
20
-2.9990433070866143
11
2.4685039370078741
21
-2.9990433070866143
0
LINE
8
CYAN2
6
CONTINUOUS
10
2.4266023622047244
20
-3.0085669291338584
11
2.4551732283464567
21
-3.0180905511811025
0
LINE
8
CYAN2
6
CONTINUOUS
10
2.4551732283464567
20
-3.0180905511811025
11
2.4551732283464567
21
-2.9933307086614174
0
LINE
8
RED3
6
CONTINUOUS
10
2.4011023622047243
20
-3.1923779527559057
11
2.4011023622047243
21
-3.1999960629921262
0
LINE
8
RED3
6
CONTINUOUS
10
2.4011023622047243
20
-3.1999960629921262
11
2.4030078740157483
21
-3.2038070866141735
0
LINE
8
RED3
6
CONTINUOUS
10
2.4030078740157483
20
-3.2038070866141735
11
2.4049133858267719
21
-3.2057125984251971
0
LINE
8
RED3
6
CONTINUOUS
10
2.4049133858267719
20
-3.2057125984251971
11
2.4106259842519684
21
-3.2095196850393704
0
LINE
8
RED3
6
CONTINUOUS
10
2.4106259842519684
20
-3.2095196850393704
11
2.4182480314960633
21
-3.211425196850394
0
LINE
8
RED3
6
CONTINUOUS
10
2.4182480314960633
20
-3.211425196850394
11
2.4334842519685038
21
-3.211425196850394
0
LINE
8
RED3
6
CONTINUOUS
10
2.4334842519685038
20
-3.211425196850394
11
2.4372952755905515
21
-3.2095196850393704
0
LINE
8
RED3
6
CONTINUOUS
10
2.4372952755905515
20
-3.2095196850393704
11
2.4392007874015751
21
-3.2076181102362207
0
LINE
8
RED3
6
CONTINUOUS
10
2.4392007874015751
20
-3.2076181102362207
11
2.4411023622047243
21
-3.2038070866141735
0
LINE
8
RED3
6
CONTINUOUS
10
2.4411023622047243
20
-3.2038070866141735
11
2.4411023622047243
21
-3.196188976377953
0
LINE
8
RED3
6
CONTINUOUS
10
2.4411023622047243
20
-3.196188976377953
11
2.4392007874015751
21
-3.1923779527559057
0
LINE
8
RED3
6
CONTINUOUS
10
2.4392007874015751
20
-3.1923779527559057
11
2.4372952755905515
21
-3.1904724409448821
0
LINE
8
RED3
6
CONTINUOUS
10
2.4372952755905515
20
-3.1904724409448821
11
2.4334842519685038
21
-3.1885708661417325
0
LINE
8
RED3
6
CONTINUOUS
10
2.4334842519685038
20
-3.1885708661417325
11
2.4239606299212597
21
-3.1885708661417325
0
LINE
8
RED3
6
CONTINUOUS
10
2.4239606299212597
20
-3.1885708661417325
11
2.4201496062992125
21
-3.1904724409448821
0
LINE
8
RED3
6
CONTINUOUS
10
2.4201496062992125
20
-3.1904724409448821
11
2.4182480314960633
21
-3.1923779527559057
0
LINE
8
RED3
6
CONTINUOUS
10
2.4182480314960633
20
-3.1923779527559057
11
2.4163425196850397
21
-3.196188976377953
0
LINE
8
RED3
6
CONTINUOUS
10
2.4163425196850397
20
-3.196188976377953
11
2.4163425196850397
21
-3.2038070866141735
0
LINE
8
RED3
6
CONTINUOUS
10
2.4163425196850397
20
-3.2038070866141735
11
2.4182480314960633
21
-3.2076181102362207
0
LINE
8
RED3
6
CONTINUOUS
10
2.4182480314960633
20
-3.2076181102362207
11
2.4201496062992125
21
-3.2095196850393704
0
LINE
8
RED3
6
CONTINUOUS
10
2.4201496062992125
20
-3.2095196850393704
11
2.4239606299212597
21
-3.211425196850394
0
LINE
8
RED2
6
CONTINUOUS
10
2.5500000000000003
20
-3.1000000000000001
11
2.5500000000000003
21
-3.3000000000000003
0
LINE
8
CYAN2
6
CONTINUOUS
10
2.5570748031496064
20
-3.0523779527559056
11
2.5570748031496064
21
-3.0333307086614174
0
LINE
8
CYAN2
6
CONTINUOUS
10
2.5685039370078742
20
-3.0561889763779528
11
2.5285039370078741
21
-3.0428543307086615
0
LINE
8
CYAN2
6
CONTINUOUS
10
2.5285039370078741
20
-3.0428543307086615
11
2.5685039370078742
21
-3.0295236220472441
0
LINE
8
CYAN2
6
CONTINUOUS
10
2.5285039370078741
20
-2.9971377952755907
11
2.5285039370078741
21
-3.0161850393700789
0
LINE
8
CYAN2
6
CONTINUOUS
10
2.5285039370078741
20
-3.0161850393700789
11
2.5475511811023623
21
-3.0180905511811025
0
LINE
8
CYAN2
6
CONTINUOUS
10
2.5475511811023623
20
-3.0180905511811025
11
2.5456496062992127
21
-3.0161850393700789
0
LINE
8
CYAN2
6
CONTINUOUS
10
2.5456496062992127
20
-3.0161850393700789
11
2.5437440944881891
21
-3.0123779527559056
0
LINE
8
CYAN2
6
CONTINUOUS
10
2.5437440944881891
20
-3.0123779527559056
11
2.5437440944881891
21
-3.0028543307086615
0
LINE
8
CYAN2
6
CONTINUOUS
10
2.5437440944881891
20
-3.0028543307086615
11
2.5456496062992127
21
-2.9990433070866143
0
LINE
8
CYAN2
6
CONTINUOUS
10
2.5456496062992127
20
-2.9990433070866143
11
2.5475511811023623
21
-2.9971377952755907
0
LINE
8
CYAN2
6
CONTINUOUS
10
2.5475511811023623
20
-2.9971377952755907
11
2.5513622047244096
21
-2.995236220472441
0
LINE
8
CYAN2
6
CONTINUOUS
10
2.5513622047244096
20
-2.995236220472441
11
2.5608858267716537
21
-2.995236220472441
0
LINE
8
CYAN2
6
CONTINUOUS
10
2.5608858267716537
20
-2.995236220472441
11
2.5646968503937009
21
-2.9971377952755907
0
LINE
8
CYAN2
6
CONTINUOUS
10
2.5646968503937009
20
-2.9971377952755907
11
2.5666023622047245
21
-2.9990433070866143
0
LINE
8
CYAN2
6
CONTINUOUS
10
2.5666023622047245
20
-2.9990433070866143
11
2.5685039370078742
21
-3.0028543307086615
0
LINE
8
CYAN2
6
CONTINUOUS
10
2.5685039370078742
20
-3.0028543307086615
11
2.5685039370078742
21
-3.0123779527559056
0
LINE
8
CYAN2
6
CONTINUOUS
10
2.5685039370078742
20
-3.0123779527559056
11
2.5666023622047245
21
-3.0161850393700789
0
LINE
8
CYAN2
6
CONTINUOUS
10
2.5666023622047245
20
-3.0161850393700789
11
2.5646968503937009
21
-3.0180905511811025
0
LINE
8
RED3
6
CONTINUOUS
10
2.5011023622047244
20
-3.2133307086614176
11
2.5011023622047244
21
-3.1866653543307089
0
LINE
8
RED3
6
CONTINUOUS
10
2.5011023622047244
20
-3.1866653543307089
11
2.5411023622047244
21
-3.2038070866141735
0
LINE
8
RED2
6
CONTINUOUS
10
2.6499999999999999
20
-3.1000000000000001
11
2.6499999999999999
21
-3.3000000000000003
0
LINE
8
CYAN2
6
CONTINUOUS
10
2.6570748031496065
20
-3.0523779527559056
11
2.6570748031496065
21
-3.0333307086614174
0
LINE
8
CYAN2
6
CONTINUOUS
10
2.6685039370078742
20
-3.0561889763779528
11
2.6285039370078742
21
-3.0428543307086615
0
LINE
8
CYAN2
6
CONTINUOUS
10
2.6285039370078742
20
-3.0428543307086615
11
2.6685039370078742
21
-3.0295236220472441
0
LINE
8
CYAN2
6
CONTINUOUS
10
2.6285039370078742
20
-2.9990433070866143
11
2.6285039370078742
21
-3.0066614173228348
0
LINE
8
CYAN2
6
CONTINUOUS
10
2.6285039370078742
20
-3.0066614173228348
11
2.6304094488188978
21
-3.010472440944882
0
LINE
8
CYAN2
6
CONTINUOUS
10
2.6304094488188978
20
-3.010472440944882
11
2.6323149606299214
21
-3.0123779527559056
0
LINE
8
CYAN2
6
CONTINUOUS
10
2.6323149606299214
20
-3.0123779527559056
11
2.6380275590551183
21
-3.0161850393700789
0
LINE
8
CYAN2
6
CONTINUOUS
10
2.6380275590551183
20
-3.0161850393700789
11
2.6456496062992128
21
-3.0180905511811025
0
LINE
8
CYAN2
6
CONTINUOUS
10
2.6456496062992128
20
-3.0180905511811025
11
2.6608858267716538
21
-3.0180905511811025
0
LINE
8
CYAN2
6
CONTINUOUS
10
2.6608858267716538
20
-3.0180905511811025
11
2.664696850393701
21
-3.0161850393700789
0
LINE
8
CYAN2
6
CONTINUOUS
10
2.664696850393701
20
-3.0161850393700789
11
2.6666023622047246
21
-3.0142834645669292
0
LINE
8
CYAN2
6
CONTINUOUS
10
2.6666023622047246
20
-3.0142834645669292
11
2.6685039370078742
21
-3.010472440944882
0
LINE
8
CYAN2
6
CONTINUOUS
10
2.6685039370078742
20
-3.010472440944882
11
2.6685039370078742
21
-3.0028543307086615
0
LINE
8
CYAN2
6
CONTINUOUS
10
2.6685039370078742
20
-3.0028543307086615
11
2.6666023622047246
21
-2.9990433070866143
0
LINE
8
CYAN2
6
CONTINUOUS
10
2.6666023622047246
20
-2.9990433070866143
11
2.664696850393701
21
-2.9971377952755907
0
LINE
8
CYAN2
6
CONTINUOUS
10
2.664696850393701
20
-2.9971377952755907
11
2.6608858267716538
21
-2.995236220472441
0
LINE
8
CYAN2
6
CONTINUOUS
10
2.6608858267716538
20
-2.995236220472441
11
2.6513622047244096
21
-2.995236220472441
0
LINE
8
CYAN2
6
CONTINUOUS
10
2.6513622047244096
20
-2.995236220472441
11
2.6475511811023624
21
-2.9971377952755907
0
LINE
8
CYAN2
6
CONTINUOUS
10
2.6475511811023624
20
-2.9971377952755907
11
2.6456496062992128
21
-2.9990433070866143
0
LINE
8
CYAN2
6
CONTINUOUS
10
2.6456496062992128
20
-2.9990433070866143
11
2.6437440944881891
21
-3.0028543307086615
0
LINE
8
CYAN2
6
CONTINUOUS
10
2.6437440944881891
20
-3.0028543307086615
11
2.6437440944881891
21
-3.010472440944882
0
LINE
8
CYAN2
6
CONTINUOUS
10
2.6437440944881891
20
-3.010472440944882
11
2.6456496062992128
21
-3.0142834645669292
0
LINE
8
CYAN2
6
CONTINUOUS
10
2.6456496062992128
20
-3.0142834645669292
11
2.6475511811023624
21
-3.0161850393700789
0
LINE
8
CYAN2
6
CONTINUOUS
10
2.6475511811023624
20
-3.0161850393700789
11
2.6513622047244096
21
-3.0180905511811025
0
LINE
8
RED3
6
CONTINUOUS
10
2.618248031496063
20
-3.2038070866141735
11
2.6163425196850394
21
-3.2076181102362207
0
LINE
8
RED3
6
CONTINUOUS
10
2.6163425196850394
20
-3.2076181102362207
11
2.6144370078740158
21
-3.2095196850393704
0
LINE
8
RED3
6
CONTINUOUS
10
2.6144370078740158
20
-3.2095196850393704
11
2.6106259842519686
21
-3.211425196850394
0
LINE
8
RED3
6
CONTINUOUS
10
2.6106259842519686
20
-3.211425196850394
11
2.6087244094488189
21
-3.211425196850394
0
LINE
8
RED3
6
CONTINUOUS
10
2.6087244094488189
20
-3.211425196850394
11
2.6049133858267717
21
-3.2095196850393704
0
LINE
8
RED3
6
CONTINUOUS
10
2.6049133858267717
20
-3.2095196850393704
11
2.6030078740157481
21
-3.2076181102362207
0
LINE
8
RED3
6
CONTINUOUS
10
2.6030078740157481
20
-3.2076181102362207
11
2.6011023622047245
21
-3.2038070866141735
0
LINE
8
RED3
6
CONTINUOUS
10
2.6011023622047245
20
-3.2038070866141735
11
2.6011023622047245
21
-3.196188976377953
0
LINE
8
RED3
6
CONTINUOUS
10
2.6011023622047245
20
-3.196188976377953
11
2.6030078740157481
21
-3.1923779527559057
0
LINE
8
RED3
6
CONTINUOUS
10
2.6030078740157481
20
-3.1923779527559057
11
2.6049133858267717
21
-3.1904724409448821
0
LINE
8
RED3
6
CONTINUOUS
10
2.6049133858267717
20
-3.1904724409448821
11
2.6087244094488189
21
-3.1885708661417325
0
LINE
8
RED3
6
CONTINUOUS
10
2.6087244094488189
20
-3.1885708661417325
11
2.6106259842519686
21
-3.1885708661417325
0
LINE
8
RED3
6
CONTINUOUS
10
2.6106259842519686
20
-3.1885708661417325
11
2.6144370078740158
21
-3.1904724409448821
0
LINE
8
RED3
6
CONTINUOUS
10
2.6144370078740158
20
-3.1904724409448821
11
2.6163425196850394
21
-3.1923779527559057
0
LINE
8
RED3
6
CONTINUOUS
10
2.6163425196850394
20
-3.1923779527559057
11
2.618248031496063
21
-3.196188976377953
0
LINE
8
RED3
6
CONTINUOUS
10
2.618248031496063
20
-3.196188976377953
11
2.618248031496063
21
-3.2038070866141735
0
LINE
8
RED3
6
CONTINUOUS
10
2.618248031496063
20
-3.2038070866141735
11
2.6201496062992127
21
-3.2076181102362207
0
LINE
8
RED3
6
CONTINUOUS
10
2.6201496062992127
20
-3.2076181102362207
11
2.6220551181102363
21
-3.2095196850393704
0
LINE
8
RED3
6
CONTINUOUS
10
2.6220551181102363
20
-3.2095196850393704
11
2.6258661417322835
21
-3.211425196850394
0
LINE
8
RED3
6
CONTINUOUS
10
2.6258661417322835
20
-3.211425196850394
11
2.633484251968504
21
-3.211425196850394
0
LINE
8
RED3
6
CONTINUOUS
10
2.633484251968504
20
-3.211425196850394
11
2.6372952755905512
21
-3.2095196850393704
0
LINE
8
RED3
6
CONTINUOUS
10
2.6372952755905512
20
-3.2095196850393704
11
2.6392007874015748
21
-3.2076181102362207
0
LINE
8
RED3
6
CONTINUOUS
10
2.6392007874015748
20
-3.2076181102362207
11
2.6411023622047245
21
-3.2038070866141735
0
LINE
8
RED3
6
CONTINUOUS
10
2.6411023622047245
20
-3.2038070866141735
11
2.6411023622047245
21
-3.196188976377953
0
LINE
8
RED3
6
CONTINUOUS
10
2.6411023622047245
20
-3.196188976377953
11
2.6392007874015748
21
-3.1923779527559057
0
LINE
8
RED3
6
CONTINUOUS
10
2.6392007874015748
20
-3.1923779527559057
11
2.6372952755905512
21
-3.1904724409448821
0
LINE
8
RED3
6
CONTINUOUS
10
2.6372952755905512
20
-3.1904724409448821
11
2.633484251968504
21
-3.1885708661417325
0
LINE
8
RED3
6
CONTINUOUS
10
2.633484251968504
20
-3.1885708661417325
11
2.6258661417322835
21
-3.1885708661417325
0
LINE
8
RED3
6
CONTINUOUS
10
2.6258661417322835
20
-3.1885708661417325
11
2.6220551181102363
21
-3.1904724409448821
0
LINE
8
RED3
6
CONTINUOUS
10
2.6220551181102363
20
-3.1904724409448821
11
2.6201496062992127
21
-3.1923779527559057
0
LINE
8
RED3
6
CONTINUOUS
10
2.6201496062992127
20
-3.1923779527559057
11
2.618248031496063
21
-3.196188976377953
0
LINE
8
RED2
6
CONTINUOUS
10
2.75
20
-3.1000000000000001
11
2.75
21
-3.3000000000000003
0
LINE
8
CYAN2
6
CONTINUOUS
10
2.7570748031496066
20
-3.0523779527559056
11
2.7570748031496066
21
-3.0333307086614174
0
LINE
8
CYAN2
6
CONTINUOUS
10
2.7685039370078743
20
-3.0561889763779528
11
2.7285039370078743
21
-3.0428543307086615
0
LINE
8
CYAN2
6
CONTINUOUS
10
2.7285039370078743
20
-3.0428543307086615
11
2.7685039370078743
21
-3.0295236220472441
0
LINE
8
CYAN2
6
CONTINUOUS
10
2.7285039370078743
20
-3.0199960629921261
11
2.7285039370078743
21
-2.9933307086614174
0
LINE
8
CYAN2
6
CONTINUOUS
10
2.7285039370078743
20
-2.9933307086614174
11
2.7685039370078743
21
-3.010472440944882
0
LINE
8
RED3
6
CONTINUOUS
10
2.7411023622047246
20
-3.2076181102362207
11
2.7411023622047246
21
-3.1999960629921262
0
LINE
8
RED3
6
CONTINUOUS
10
2.7411023622047246
20
-3.1999960629921262
11
2.7392007874015749
21
-3.196188976377953
0
LINE
8
RED3
6
CONTINUOUS
10
2.7392007874015749
20
-3.196188976377953
11
2.7372952755905513
21
-3.1942834645669294
0
LINE
8
RED3
6
CONTINUOUS
10
2.7372952755905513
20
-3.1942834645669294
11
2.7315787401574805
21
-3.1904724409448821
0
LINE
8
RED3
6
CONTINUOUS
10
2.7315787401574805
20
-3.1904724409448821
11
2.72396062992126
21
-3.1885708661417325
0
LINE
8
RED3
6
CONTINUOUS
10
2.72396062992126
20
-3.1885708661417325
11
2.708724409448819
21
-3.1885708661417325
0
LINE
8
RED3
6
CONTINUOUS
10
2.708724409448819
20
-3.1885708661417325
11
2.7049133858267718
21
-3.1904724409448821
0
LINE
8
RED3
6
CONTINUOUS
10
2.7049133858267718
20
-3.1904724409448821
11
2.7030078740157482
21
-3.1923779527559057
0
LINE
8
RED3
6
CONTINUOUS
10
2.7030078740157482
20
-3.1923779527559057
11
2.7011023622047245
21
-3.196188976377953
0
LINE
8
RED3
6
CONTINUOUS
10
2.7011023622047245
20
-3.196188976377953
11
2.7011023622047245
21
-3.2038070866141735
0
LINE
8
RED3
6
CONTINUOUS
10
2.7011023622047245
20
-3.2038070866141735
11
2.7030078740157482
21
-3.2076181102362207
0
LINE
8
RED3
6
CONTINUOUS
10
2.7030078740157482
20
-3.2076181102362207
11
2.7049133858267718
21
-3.2095196850393704
0
LINE
8
RED3
6
CONTINUOUS
10
2.7049133858267718
20
-3.2095196850393704
11
2.708724409448819
21
-3.211425196850394
0
LINE
8
RED3
6
CONTINUOUS
10
2.708724409448819
20
-3.211425196850394
11
2.7182480314960631
21
-3.211425196850394
0
LINE
8
RED3
6
CONTINUOUS
10
2.7182480314960631
20
-3.211425196850394
11
2.7220551181102364
21
-3.2095196850393704
0
LINE
8
RED3
6
CONTINUOUS
10
2.7220551181102364
20
-3.2095196850393704
11
2.72396062992126
21
-3.2076181102362207
0
LINE
8
RED3
6
CONTINUOUS
10
2.72396062992126
20
-3.2076181102362207
11
2.7258661417322836
21
-3.2038070866141735
0
LINE
8
RED3
6
CONTINUOUS
10
2.7258661417322836
20
-3.2038070866141735
11
2.7258661417322836
21
-3.196188976377953
0
LINE
8
RED3
6
CONTINUOUS
10
2.7258661417322836
20
-3.196188976377953
11
2.72396062992126
21
-3.1923779527559057
0
LINE
8
RED3
6
CONTINUOUS
10
2.72396062992126
20
-3.1923779527559057
11
2.7220551181102364
21
-3.1904724409448821
0
LINE
8
RED3
6
CONTINUOUS
10
2.7220551181102364
20
-3.1904724409448821
11
2.7182480314960631
21
-3.1885708661417325
0
LINE
8
RED2
6
CONTINUOUS
10
2.9500000000000002
20
-3.1000000000000001
11
2.9500000000000002
21
-3.3000000000000003
0
LINE
8
CYAN2
6
CONTINUOUS
10
2.9304094488188976
20
-3.0295236220472441
11
2.928503937007874
21
-3.0333307086614174
0
LINE
8
CYAN2
6
CONTINUOUS
10
2.928503937007874
20
-3.0333307086614174
11
2.928503937007874
21
-3.0390472440944882
0
LINE
8
CYAN2
6
CONTINUOUS
10
2.928503937007874
20
-3.0390472440944882
11
2.9304094488188976
21
-3.0447598425196851
0
LINE
8
CYAN2
6
CONTINUOUS
10
2.9304094488188976
20
-3.0447598425196851
11
2.9342204724409449
21
-3.0485708661417323
0
LINE
8
CYAN2
6
CONTINUOUS
10
2.9342204724409449
20
-3.0485708661417323
11
2.9380275590551181
21
-3.050472440944882
0
LINE
8
CYAN2
6
CONTINUOUS
10
2.9380275590551181
20
-3.050472440944882
11
2.9456496062992126
21
-3.0523779527559056
0
LINE
8
CYAN2
6
CONTINUOUS
10
2.9456496062992126
20
-3.0523779527559056
11
2.9513622047244095
21
-3.0523779527559056
0
LINE
8
CYAN2
6
CONTINUOUS
10
2.9513622047244095
20
-3.0523779527559056
11
2.95898031496063
21
-3.050472440944882
0
LINE
8
CYAN2
6
CONTINUOUS
10
2.95898031496063
20
-3.050472440944882
11
2.9627913385826772
21
-3.0485708661417323
0
LINE
8
CYAN2
6
CONTINUOUS
10
2.9627913385826772
20
-3.0485708661417323
11
2.9666023622047244
21
-3.0447598425196851
0
LINE
8
CYAN2
6
CONTINUOUS
10
2.9666023622047244
20
-3.0447598425196851
11
2.9685039370078741
21
-3.0390472440944882
0
LINE
8
CYAN2
6
CONTINUOUS
10
2.9685039370078741
20
-3.0390472440944882
11
2.9685039370078741
21
-3.035236220472441
0
LINE
8
CYAN2
6
CONTINUOUS
10
2.9685039370078741
20
-3.035236220472441
11
2.9666023622047244
21
-3.0295236220472441
0
LINE
8
CYAN2
6
CONTINUOUS
10
2.9666023622047244
20
-3.0295236220472441
11
2.9646968503937008
21
-3.0276181102362205
0
LINE
8
CYAN2
6
CONTINUOUS
10
2.9646968503937008
20
-3.0276181102362205
11
2.9513622047244095
21
-3.0276181102362205
0
LINE
8
CYAN2
6
CONTINUOUS
10
2.9513622047244095
20
-3.0276181102362205
11
2.9513622047244095
21
-3.035236220472441
0
LINE
8
CYAN2
6
CONTINUOUS
10
2.9685039370078741
20
-3.010472440944882
11
2.928503937007874
21
-3.010472440944882
0
LINE
8
CYAN2
6
CONTINUOUS
10
2.928503937007874
20
-3.010472440944882
11
2.9685039370078741
21
-2.9876181102362205
0
LINE
8
CYAN2
6
CONTINUOUS
10
2.9685039370078741
20
-2.9876181102362205
11
2.928503937007874
21
-2.9876181102362205
0
LINE
8
CYAN2
6
CONTINUOUS
10
2.9685039370078741
20
-2.9685669291338583
11
2.928503937007874
21
-2.9685669291338583
0
LINE
8
CYAN2
6
CONTINUOUS
10
2.928503937007874
20
-2.9685669291338583
11
2.928503937007874
21
-2.9590433070866142
0
LINE
8
CYAN2
6
CONTINUOUS
10
2.928503937007874
20
-2.9590433070866142
11
2.9304094488188976
21
-2.9533307086614173
0
LINE
8
CYAN2
6
CONTINUOUS
10
2.9304094488188976
20
-2.9533307086614173
11
2.9342204724409449
21
-2.9495196850393701
0
LINE
8
CYAN2
6
CONTINUOUS
10
2.9342204724409449
20
-2.9495196850393701
11
2.9380275590551181
21
-2.9476181102362204
0
LINE
8
CYAN2
6
CONTINUOUS
10
2.9380275590551181
20
-2.9476181102362204
11
2.9456496062992126
21
-2.9457125984251968
0
LINE
8
CYAN2
6
CONTINUOUS
10
2.9456496062992126
20
-2.9457125984251968
11
2.9513622047244095
21
-2.9457125984251968
0
LINE
8
CYAN2
6
CONTINUOUS
10
2.9513622047244095
20
-2.9457125984251968
11
2.95898031496063
21
-2.9476181102362204
0
LINE
8
CYAN2
6
CONTINUOUS
10
2.95898031496063
20
-2.9476181102362204
11
2.9627913385826772
21
-2.9495196850393701
0
LINE
8
CYAN2
6
CONTINUOUS
10
2.9627913385826772
20
-2.9495196850393701
11
2.9666023622047244
21
-2.9533307086614173
0
LINE
8
CYAN2
6
CONTINUOUS
10
2.9666023622047244
20
-2.9533307086614173
11
2.9685039370078741
21
-2.9590433070866142
0
LINE
8
CYAN2
6
CONTINUOUS
10
2.9685039370078741
20
-2.9590433070866142
11
2.9685039370078741
21
-2.9685669291338583
0
LINE
8
RED3
6
CONTINUOUS
10
2.9411023622047243
20
-3.2076181102362207
11
2.9411023622047243
21
-3.2304724409448822
0
LINE
8
RED3
6
CONTINUOUS
10
2.9411023622047243
20
-3.2190433070866145
11
2.9011023622047247
21
-3.2190433070866145
0
LINE
8
RED3
6
CONTINUOUS
10
2.9011023622047247
20
-3.2190433070866145
11
2.9068188976377956
21
-3.2228543307086617
0
LINE
8
RED3
6
CONTINUOUS
10
2.9068188976377956
20
-3.2228543307086617
11
2.9106259842519688
21
-3.2266653543307089
0
LINE
8
RED3
6
CONTINUOUS
10
2.9106259842519688
20
-3.2266653543307089
11
2.9125314960629924
21
-3.2304724409448822
0
LINE
8
RED3
6
CONTINUOUS
10
2.9011023622047247
20
-3.1828543307086616
11
2.9011023622047247
21
-3.1790472440944884
0
LINE
8
RED3
6
CONTINUOUS
10
2.9011023622047247
20
-3.1790472440944884
11
2.9030078740157483
21
-3.1752362204724411
0
LINE
8
RED3
6
CONTINUOUS
10
2.9030078740157483
20
-3.1752362204724411
11
2.9049133858267719
21
-3.1733307086614175
0
LINE
8
RED3
6
CONTINUOUS
10
2.9049133858267719
20
-3.1733307086614175
11
2.9087244094488192
21
-3.1714251968503939
0
LINE
8
RED3
6
CONTINUOUS
10
2.9087244094488192
20
-3.1714251968503939
11
2.9163425196850397
21
-3.1695236220472442
0
LINE
8
RED3
6
CONTINUOUS
10
2.9163425196850397
20
-3.1695236220472442
11
2.9258661417322838
21
-3.1695236220472442
0
LINE
8
RED3
6
CONTINUOUS
10
2.9258661417322838
20
-3.1695236220472442
11
2.9334842519685043
21
-3.1714251968503939
0
LINE
8
RED3
6
CONTINUOUS
10
2.9334842519685043
20
-3.1714251968503939
11
2.9372952755905515
21
-3.1733307086614175
0
LINE
8
RED3
6
CONTINUOUS
10
2.9372952755905515
20
-3.1733307086614175
11
2.9392007874015751
21
-3.1752362204724411
0
LINE
8
RED3
6
CONTINUOUS
10
2.9392007874015751
20
-3.1752362204724411
11
2.9411023622047243
21
-3.1790472440944884
0
LINE
8
RED3
6
CONTINUOUS
10
2.9411023622047243
20
-3.1790472440944884
11
2.9411023622047243
21
-3.1828543307086616
0
LINE
8
RED3
6
CONTINUOUS
10
2.9411023622047243
20
-3.1828543307086616
11
2.9392007874015751
21
-3.1866653543307089
0
LINE
8
RED3
6
CONTINUOUS
10
2.9392007874015751
20
-3.1866653543307089
11
2.9372952755905515
21
-3.1885708661417325
0
LINE
8
RED3
6
CONTINUOUS
10
2.9372952755905515
20
-3.1885708661417325
11
2.9334842519685043
21
-3.1904724409448821
0
LINE
8
RED3
6
CONTINUOUS
10
2.9334842519685043
20
-3.1904724409448821
11
2.9258661417322838
21
-3.1923779527559057
0
LINE
8
RED3
6
CONTINUOUS
10
2.9258661417322838
20
-3.1923779527559057
11
2.9163425196850397
21
-3.1923779527559057
0
LINE
8
RED3
6
CONTINUOUS
10
2.9163425196850397
20
-3.1923779527559057
11
2.9087244094488192
21
-3.1904724409448821
0
LINE
8
RED3
6
CONTINUOUS
10
2.9087244094488192
20
-3.1904724409448821
11
2.9049133858267719
21
-3.1885708661417325
0
LINE
8
RED3
6
CONTINUOUS
10
2.9049133858267719
20
-3.1885708661417325
11
2.9030078740157483
21
-3.1866653543307089
0
LINE
8
RED3
6
CONTINUOUS
10
2.9030078740157483
20
-3.1866653543307089
11
2.9011023622047247
21
-3.1828543307086616
0
LINE
8
RED2
6
CONTINUOUS
10
1.55
20
-2.1000000000000001
11
1.55
21
-1.9000000000000001
0
LINE
8
CYAN2
6
CONTINUOUS
10
1.5475511811023623
20
-2.1952362204724412
11
1.5494566929133859
21
-2.1895196850393703
0
LINE
8
CYAN2
6
CONTINUOUS
10
1.5494566929133859
20
-2.1895196850393703
11
1.5513622047244096
21
-2.1876181102362207
0
LINE
8
CYAN2
6
CONTINUOUS
10
1.5513622047244096
20
-2.1876181102362207
11
1.5551732283464568
21
-2.1857125984251971
0
LINE
8
CYAN2
6
CONTINUOUS
10
1.5551732283464568
20
-2.1857125984251971
11
1.5608858267716537
21
-2.1857125984251971
0
LINE
8
CYAN2
6
CONTINUOUS
10
1.5608858267716537
20
-2.1857125984251971
11
1.5646968503937009
21
-2.1876181102362207
0
LINE
8
CYAN2
6
CONTINUOUS
10
1.5646968503937009
20
-2.1876181102362207
11
1.5666023622047245
21
-2.1895196850393703
0
LINE
8
CYAN2
6
CONTINUOUS
10
1.5666023622047245
20
-2.1895196850393703
11
1.5685039370078742
21
-2.1933307086614175
0
LINE
8
CYAN2
6
CONTINUOUS
10
1.5685039370078742
20
-2.1933307086614175
11
1.5685039370078742
21
-2.2085669291338585
0
LINE
8
CYAN2
6
CONTINUOUS
10
1.5685039370078742
20
-2.2085669291338585
11
1.5285039370078741
21
-2.2085669291338585
0
LINE
8
CYAN2
6
CONTINUOUS
10
1.5285039370078741
20
-2.2085669291338585
11
1.5285039370078741
21
-2.1952362204724412
0
LINE
8
CYAN2
6
CONTINUOUS
10
1.5285039370078741
20
-2.1952362204724412
11
1.5304094488188977
21
-2.1914251968503939
0
LINE
8
CYAN2
6
CONTINUOUS
10
1.5304094488188977
20
-2.1914251968503939
11
1.5323149606299213
21
-2.1895196850393703
0
LINE
8
CYAN2
6
CONTINUOUS
10
1.5323149606299213
20
-2.1895196850393703
11
1.5361259842519686
21
-2.1876181102362207
0
LINE
8
CYAN2
6
CONTINUOUS
10
1.5361259842519686
20
-2.1876181102362207
11
1.5399330708661418
21
-2.1876181102362207
0
LINE
8
CYAN2
6
CONTINUOUS
10
1.5399330708661418
20
-2.1876181102362207
11
1.5437440944881891
21
-2.1895196850393703
0
LINE
8
CYAN2
6
CONTINUOUS
10
1.5437440944881891
20
-2.1895196850393703
11
1.5456496062992127
21
-2.1914251968503939
0
LINE
8
CYAN2
6
CONTINUOUS
10
1.5456496062992127
20
-2.1914251968503939
11
1.5475511811023623
21
-2.1952362204724412
0
LINE
8
CYAN2
6
CONTINUOUS
10
1.5475511811023623
20
-2.1952362204724412
11
1.5475511811023623
21
-2.2085669291338585
0
LINE
8
CYAN2
6
CONTINUOUS
10
1.5285039370078741
20
-2.160948818897638
11
1.5285039370078741
21
-2.1571417322834647
0
LINE
8
CYAN2
6
CONTINUOUS
10
1.5285039370078741
20
-2.1571417322834647
11
1.5304094488188977
21
-2.1533307086614175
0
LINE
8
CYAN2
6
CONTINUOUS
10
1.5304094488188977
20
-2.1533307086614175
11
1.5323149606299213
21
-2.1514251968503939
0
LINE
8
CYAN2
6
CONTINUOUS
10
1.5323149606299213
20
-2.1514251968503939
11
1.5361259842519686
21
-2.1495196850393703
0
LINE
8
CYAN2
6
CONTINUOUS
10
1.5361259842519686
20
-2.1495196850393703
11
1.5437440944881891
21
-2.1476181102362206
0
LINE
8
CYAN2
6
CONTINUOUS
10
1.5437440944881891
20
-2.1476181102362206
11
1.5532677165354332
21
-2.1476181102362206
0
LINE
8
CYAN2
6
CONTINUOUS
10
1.5532677165354332
20
-2.1476181102362206
11
1.5608858267716537
21
-2.1495196850393703
0
LINE
8
CYAN2
6
CONTINUOUS
10
1.5608858267716537
20
-2.1495196850393703
11
1.5646968503937009
21
-2.1514251968503939
0
LINE
8
CYAN2
6
CONTINUOUS
10
1.5646968503937009
20
-2.1514251968503939
11
1.5666023622047245
21
-2.1533307086614175
0
LINE
8
CYAN2
6
CONTINUOUS
10
1.5666023622047245
20
-2.1533307086614175
11
1.5685039370078742
21
-2.1571417322834647
0
LINE
8
CYAN2
6
CONTINUOUS
10
1.5685039370078742
20
-2.1571417322834647
11
1.5685039370078742
21
-2.160948818897638
0
LINE
8
CYAN2
6
CONTINUOUS
10
1.5685039370078742
20
-2.160948818897638
11
1.5666023622047245
21
-2.1647598425196852
0
LINE
8
CYAN2
6
CONTINUOUS
10
1.5666023622047245
20
-2.1647598425196852
11
1.5646968503937009
21
-2.1666653543307088
0
LINE
8
CYAN2
6
CONTINUOUS
10
1.5646968503937009
20
-2.1666653543307088
11
1.5608858267716537
21
-2.1685669291338585
0
LINE
8
CYAN2
6
CONTINUOUS
10
1.5608858267716537
20
-2.1685669291338585
11
1.5532677165354332
21
-2.1704724409448821
0
LINE
8
CYAN2
6
CONTINUOUS
10
1.5532677165354332
20
-2.1704724409448821
11
1.5437440944881891
21
-2.1704724409448821
0
LINE
8
CYAN2
6
CONTINUOUS
10
1.5437440944881891
20
-2.1704724409448821
11
1.5361259842519686
21
-2.1685669291338585
0
LINE
8
CYAN2
6
CONTINUOUS
10
1.5361259842519686
20
-2.1685669291338585
11
1.5323149606299213
21
-2.1666653543307088
0
LINE
8
CYAN2
6
CONTINUOUS
10
1.5323149606299213
20
-2.1666653543307088
11
1.5304094488188977
21
-2.1647598425196852
0
LINE
8
CYAN2
6
CONTINUOUS
10
1.5304094488188977
20
-2.1647598425196852
11
1.5285039370078741
21
-2.160948818897638
0
LINE
8
RED3
6
CONTINUOUS
10
1.5411023622047244
20
-2.0076181102362205
11
1.5411023622047244
21
-2.030472440944882
0
LINE
8
RED3
6
CONTINUOUS
10
1.5411023622047244
20
-2.0190433070866143
11
1.5011023622047244
21
-2.0190433070866143
0
LINE
8
RED3
6
CONTINUOUS
10
1.5011023622047244
20
-2.0190433070866143
11
1.5068188976377954
21
-2.0228543307086615
0
LINE
8
RED3
6
CONTINUOUS
10
1.5068188976377954
20
-2.0228543307086615
11
1.5106259842519685
21
-2.0266653543307087
0
LINE
8
RED3
6
CONTINUOUS
10
1.5106259842519685
20
-2.0266653543307087
11
1.5125314960629921
21
-2.030472440944882
0
LINE
8
RED3
6
CONTINUOUS
10
1.5182480314960631
20
-1.9847598425196851
11
1.5163425196850395
21
-1.9885708661417323
0
LINE
8
RED3
6
CONTINUOUS
10
1.5163425196850395
20
-1.9885708661417323
11
1.5144370078740157
21
-1.990472440944882
0
LINE
8
RED3
6
CONTINUOUS
10
1.5144370078740157
20
-1.990472440944882
11
1.5106259842519685
21
-1.9923779527559056
0
LINE
8
RED3
6
CONTINUOUS
10
1.5106259842519685
20
-1.9923779527559056
11
1.508724409448819
21
-1.9923779527559056
0
LINE
8
RED3
6
CONTINUOUS
10
1.508724409448819
20
-1.9923779527559056
11
1.5049133858267718
21
-1.990472440944882
0
LINE
8
RED3
6
CONTINUOUS
10
1.5049133858267718
20
-1.990472440944882
11
1.503007874015748
21
-1.9885708661417323
0
LINE
8
RED3
6
CONTINUOUS
10
1.503007874015748
20
-1.9885708661417323
11
1.5011023622047244
21
-1.9847598425196851
0
LINE
8
RED3
6
CONTINUOUS
10
1.5011023622047244
20
-1.9847598425196851
11
1.5011023622047244
21
-1.9771417322834646
0
LINE
8
RED3
6
CONTINUOUS
10
1.5011023622047244
20
-1.9771417322834646
11
1.503007874015748
21
-1.9733307086614174
0
LINE
8
RED3
6
CONTINUOUS
10
1.503007874015748
20
-1.9733307086614174
11
1.5049133858267718
21
-1.9714251968503937
0
LINE
8
RED3
6
CONTINUOUS
10
1.5049133858267718
20
-1.9714251968503937
11
1.508724409448819
21
-1.9695236220472441
0
LINE
8
RED3
6
CONTINUOUS
10
1.508724409448819
20
-1.9695236220472441
11
1.5106259842519685
21
-1.9695236220472441
0
LINE
8
RED3
6
CONTINUOUS
10
1.5106259842519685
20
-1.9695236220472441
11
1.5144370078740157
21
-1.9714251968503937
0
LINE
8
RED3
6
CONTINUOUS
10
1.5144370078740157
20
-1.9714251968503937
11
1.5163425196850395
21
-1.9733307086614174
0
LINE
8
RED3
6
CONTINUOUS
10
1.5163425196850395
20
-1.9733307086614174
11
1.5182480314960631
21
-1.9771417322834646
0
LINE
8
RED3
6
CONTINUOUS
10
1.5182480314960631
20
-1.9771417322834646
11
1.5182480314960631
21
-1.9847598425196851
0
LINE
8
RED3
6
CONTINUOUS
10
1.5182480314960631
20
-1.9847598425196851
11
1.5201496062992126
21
-1.9885708661417323
0
LINE
8
RED3
6
CONTINUOUS
10
1.5201496062992126
20
-1.9885708661417323
11
1.5220551181102362
21
-1.990472440944882
0
LINE
8
RED3
6
CONTINUOUS
10
1.5220551181102362
20
-1.990472440944882
11
1.5258661417322836
21
-1.9923779527559056
0
LINE
8
RED3
6
CONTINUOUS
10
1.5258661417322836
20
-1.9923779527559056
11
1.5334842519685039
21
-1.9923779527559056
0
LINE
8
RED3
6
CONTINUOUS
10
1.5334842519685039
20
-1.9923779527559056
11
1.5372952755905513
21
-1.990472440944882
0
LINE
8
RED3
6
CONTINUOUS
10
1.5372952755905513
20
-1.990472440944882
11
1.539200787401575
21
-1.9885708661417323
0
LINE
8
RED3
6
CONTINUOUS
10
1.539200787401575
20
-1.9885708661417323
11
1.5411023622047244
21
-1.9847598425196851
0
LINE
8
RED3
6
CONTINUOUS
10
1.5411023622047244
20
-1.9847598425196851
11
1.5411023622047244
21
-1.9771417322834646
0
LINE
8
RED3
6
CONTINUOUS
10
1.5411023622047244
20
-1.9771417322834646
11
1.539200787401575
21
-1.9733307086614174
0
LINE
8
RED3
6
CONTINUOUS
10
1.539200787401575
20
-1.9733307086614174
11
1.5372952755905513
21
-1.9714251968503937
0
LINE
8
RED3
6
CONTINUOUS
10
1.5372952755905513
20
-1.9714251968503937
11
1.5334842519685039
21
-1.9695236220472441
0
LINE
8
RED3
6
CONTINUOUS
10
1.5334842519685039
20
-1.9695236220472441
11
1.5258661417322836
21
-1.9695236220472441
0
LINE
8
RED3
6
CONTINUOUS
10
1.5258661417322836
20
-1.9695236220472441
11
1.5220551181102362
21
-1.9714251968503937
0
LINE
8
RED3
6
CONTINUOUS
10
1.5220551181102362
20
-1.9714251968503937
11
1.5201496062992126
21
-1.9733307086614174
0
LINE
8
RED3
6
CONTINUOUS
10
1.5201496062992126
20
-1.9733307086614174
11
1.5182480314960631
21
-1.9771417322834646
0
LINE
8
RED2
6
CONTINUOUS
10
1.6500000000000001
20
-2.1000000000000001
11
1.6500000000000001
21
-1.9000000000000001
0
LINE
8
CYAN2
6
CONTINUOUS
10
1.6475511811023622
20
-2.1952362204724412
11
1.6494566929133858
21
-2.1895196850393703
0
LINE
8
CYAN2
6
CONTINUOUS
10
1.6494566929133858
20
-2.1895196850393703
11
1.6513622047244094
21
-2.1876181102362207
0
LINE
8
CYAN2
6
CONTINUOUS
10
1.6513622047244094
20
-2.1876181102362207
11
1.6551732283464569
21
-2.1857125984251971
0
LINE
8
CYAN2
6
CONTINUOUS
10
1.6551732283464569
20
-2.1857125984251971
11
1.6608858267716535
21
-2.1857125984251971
0
LINE
8
CYAN2
6
CONTINUOUS
10
1.6608858267716535
20
-2.1857125984251971
11
1.6646968503937007
21
-2.1876181102362207
0
LINE
8
CYAN2
6
CONTINUOUS
10
1.6646968503937007
20
-2.1876181102362207
11
1.6666023622047246
21
-2.1895196850393703
0
LINE
8
CYAN2
6
CONTINUOUS
10
1.6666023622047246
20
-2.1895196850393703
11
1.668503937007874
21
-2.1933307086614175
0
LINE
8
CYAN2
6
CONTINUOUS
10
1.668503937007874
20
-2.1933307086614175
11
1.668503937007874
21
-2.2085669291338585
0
LINE
8
CYAN2
6
CONTINUOUS
10
1.668503937007874
20
-2.2085669291338585
11
1.628503937007874
21
-2.2085669291338585
0
LINE
8
CYAN2
6
CONTINUOUS
10
1.628503937007874
20
-2.2085669291338585
11
1.628503937007874
21
-2.1952362204724412
0
LINE
8
CYAN2
6
CONTINUOUS
10
1.628503937007874
20
-2.1952362204724412
11
1.6304094488188976
21
-2.1914251968503939
0
LINE
8
CYAN2
6
CONTINUOUS
10
1.6304094488188976
20
-2.1914251968503939
11
1.6323149606299214
21
-2.1895196850393703
0
LINE
8
CYAN2
6
CONTINUOUS
10
1.6323149606299214
20
-2.1895196850393703
11
1.6361259842519686
21
-2.1876181102362207
0
LINE
8
CYAN2
6
CONTINUOUS
10
1.6361259842519686
20
-2.1876181102362207
11
1.6399330708661417
21
-2.1876181102362207
0
LINE
8
CYAN2
6
CONTINUOUS
10
1.6399330708661417
20
-2.1876181102362207
11
1.6437440944881891
21
-2.1895196850393703
0
LINE
8
CYAN2
6
CONTINUOUS
10
1.6437440944881891
20
-2.1895196850393703
11
1.6456496062992128
21
-2.1914251968503939
0
LINE
8
CYAN2
6
CONTINUOUS
10
1.6456496062992128
20
-2.1914251968503939
11
1.6475511811023622
21
-2.1952362204724412
0
LINE
8
CYAN2
6
CONTINUOUS
10
1.6475511811023622
20
-2.1952362204724412
11
1.6475511811023622
21
-2.2085669291338585
0
LINE
8
CYAN2
6
CONTINUOUS
10
1.668503937007874
20
-2.1476181102362206
11
1.668503937007874
21
-2.1704724409448821
0
LINE
8
CYAN2
6
CONTINUOUS
10
1.668503937007874
20
-2.1590433070866144
11
1.628503937007874
21
-2.1590433070866144
0
LINE
8
CYAN2
6
CONTINUOUS
10
1.628503937007874
20
-2.1590433070866144
11
1.634220472440945
21
-2.1628543307086616
0
LINE
8
CYAN2
6
CONTINUOUS
10
1.634220472440945
20
-2.1628543307086616
11
1.6380275590551181
21
-2.1666653543307088
0
LINE
8
CYAN2
6
CONTINUOUS
10
1.6380275590551181
20
-2.1666653543307088
11
1.6399330708661417
21
-2.1704724409448821
0
LINE
8
RED3
6
CONTINUOUS
10
1.6411023622047245
20
-2.0076181102362205
11
1.6411023622047245
21
-2.030472440944882
0
LINE
8
RED3
6
CONTINUOUS
10
1.6411023622047245
20
-2.0190433070866143
11
1.6011023622047245
21
-2.0190433070866143
0
LINE
8
RED3
6
CONTINUOUS
10
1.6011023622047245
20
-2.0190433070866143
11
1.6068188976377953
21
-2.0228543307086615
0
LINE
8
RED3
6
CONTINUOUS
10
1.6068188976377953
20
-2.0228543307086615
11
1.6106259842519686
21
-2.0266653543307087
0
LINE
8
RED3
6
CONTINUOUS
10
1.6106259842519686
20
-2.0266653543307087
11
1.6125314960629922
21
-2.030472440944882
0
LINE
8
RED3
6
CONTINUOUS
10
1.6011023622047245
20
-1.9942834645669292
11
1.6011023622047245
21
-1.9676181102362205
0
LINE
8
RED3
6
CONTINUOUS
10
1.6011023622047245
20
-1.9676181102362205
11
1.6411023622047245
21
-1.9847598425196851
0
LINE
8
RED2
6
CONTINUOUS
10
1.75
20
-2.1000000000000001
11
1.75
21
-1.9000000000000001
0
LINE
8
CYAN2
6
CONTINUOUS
10
1.7475511811023623
20
-2.1952362204724412
11
1.7494566929133859
21
-2.1895196850393703
0
LINE
8
CYAN2
6
CONTINUOUS
10
1.7494566929133859
20
-2.1895196850393703
11
1.7513622047244095
21
-2.1876181102362207
0
LINE
8
CYAN2
6
CONTINUOUS
10
1.7513622047244095
20
-2.1876181102362207
11
1.7551732283464567
21
-2.1857125984251971
0
LINE
8
CYAN2
6
CONTINUOUS
10
1.7551732283464567
20
-2.1857125984251971
11
1.7608858267716536
21
-2.1857125984251971
0
LINE
8
CYAN2
6
CONTINUOUS
10
1.7608858267716536
20
-2.1857125984251971
11
1.7646968503937008
21
-2.1876181102362207
0
LINE
8
CYAN2
6
CONTINUOUS
10
1.7646968503937008
20
-2.1876181102362207
11
1.7666023622047244
21
-2.1895196850393703
0
LINE
8
CYAN2
6
CONTINUOUS
10
1.7666023622047244
20
-2.1895196850393703
11
1.7685039370078741
21
-2.1933307086614175
0
LINE
8
CYAN2
6
CONTINUOUS
10
1.7685039370078741
20
-2.1933307086614175
11
1.7685039370078741
21
-2.2085669291338585
0
LINE
8
CYAN2
6
CONTINUOUS
10
1.7685039370078741
20
-2.2085669291338585
11
1.7285039370078741
21
-2.2085669291338585
0
LINE
8
CYAN2
6
CONTINUOUS
10
1.7285039370078741
20
-2.2085669291338585
11
1.7285039370078741
21
-2.1952362204724412
0
LINE
8
CYAN2
6
CONTINUOUS
10
1.7285039370078741
20
-2.1952362204724412
11
1.7304094488188977
21
-2.1914251968503939
0
LINE
8
CYAN2
6
CONTINUOUS
10
1.7304094488188977
20
-2.1914251968503939
11
1.7323149606299213
21
-2.1895196850393703
0
LINE
8
CYAN2
6
CONTINUOUS
10
1.7323149606299213
20
-2.1895196850393703
11
1.7361259842519685
21
-2.1876181102362207
0
LINE
8
CYAN2
6
CONTINUOUS
10
1.7361259842519685
20
-2.1876181102362207
11
1.7399330708661418
21
-2.1876181102362207
0
LINE
8
CYAN2
6
CONTINUOUS
10
1.7399330708661418
20
-2.1876181102362207
11
1.743744094488189
21
-2.1895196850393703
0
LINE
8
CYAN2
6
CONTINUOUS
10
1.743744094488189
20
-2.1895196850393703
11
1.7456496062992126
21
-2.1914251968503939
0
LINE
8
CYAN2
6
CONTINUOUS
10
1.7456496062992126
20
-2.1914251968503939
11
1.7475511811023623
21
-2.1952362204724412
0
LINE
8
CYAN2
6
CONTINUOUS
10
1.7475511811023623
20
-2.1952362204724412
11
1.7475511811023623
21
-2.2085669291338585
0
LINE
8
CYAN2
6
CONTINUOUS
10
1.7323149606299213
20
-2.1704724409448821
11
1.7304094488188977
21
-2.1685669291338585
0
LINE
8
CYAN2
6
CONTINUOUS
10
1.7304094488188977
20
-2.1685669291338585
11
1.7285039370078741
21
-2.1647598425196852
0
LINE
8
CYAN2
6
CONTINUOUS
10
1.7285039370078741
20
-2.1647598425196852
11
1.7285039370078741
21
-2.1552362204724411
0
LINE
8
CYAN2
6
CONTINUOUS
10
1.7285039370078741
20
-2.1552362204724411
11
1.7304094488188977
21
-2.1514251968503939
0
LINE
8
CYAN2
6
CONTINUOUS
10
1.7304094488188977
20
-2.1514251968503939
11
1.7323149606299213
21
-2.1495196850393703
0
LINE
8
CYAN2
6
CONTINUOUS
10
1.7323149606299213
20
-2.1495196850393703
11
1.7361259842519685
21
-2.1476181102362206
0
LINE
8
CYAN2
6
CONTINUOUS
10
1.7361259842519685
20
-2.1476181102362206
11
1.7399330708661418
21
-2.1476181102362206
0
LINE
8
CYAN2
6
CONTINUOUS
10
1.7399330708661418
20
-2.1476181102362206
11
1.7456496062992126
21
-2.1495196850393703
0
LINE
8
CYAN2
6
CONTINUOUS
10
1.7456496062992126
20
-2.1495196850393703
11
1.7685039370078741
21
-2.1723779527559057
0
LINE
8
CYAN2
6
CONTINUOUS
10
1.7685039370078741
20
-2.1723779527559057
11
1.7685039370078741
21
-2.1476181102362206
0
LINE
8
RED3
6
CONTINUOUS
10
1.7411023622047246
20
-2.0076181102362205
11
1.7411023622047246
21
-2.030472440944882
0
LINE
8
RED3
6
CONTINUOUS
10
1.7411023622047246
20
-2.0190433070866143
11
1.7011023622047245
21
-2.0190433070866143
0
LINE
8
RED3
6
CONTINUOUS
10
1.7011023622047245
20
-2.0190433070866143
11
1.7068188976377954
21
-2.0228543307086615
0
LINE
8
RED3
6
CONTINUOUS
10
1.7068188976377954
20
-2.0228543307086615
11
1.7106259842519687
21
-2.0266653543307087
0
LINE
8
RED3
6
CONTINUOUS
10
1.7106259842519687
20
-2.0266653543307087
11
1.7125314960629923
21
-2.030472440944882
0
LINE
8
RED3
6
CONTINUOUS
10
1.7011023622047245
20
-1.9733307086614174
11
1.7011023622047245
21
-1.9809488188976379
0
LINE
8
RED3
6
CONTINUOUS
10
1.7011023622047245
20
-1.9809488188976379
11
1.7030078740157482
21
-1.9847598425196851
0
LINE
8
RED3
6
CONTINUOUS
10
1.7030078740157482
20
-1.9847598425196851
11
1.7049133858267718
21
-1.9866653543307087
0
LINE
8
RED3
6
CONTINUOUS
10
1.7049133858267718
20
-1.9866653543307087
11
1.7106259842519687
21
-1.990472440944882
0
LINE
8
RED3
6
CONTINUOUS
10
1.7106259842519687
20
-1.990472440944882
11
1.7182480314960631
21
-1.9923779527559056
0
LINE
8
RED3
6
CONTINUOUS
10
1.7182480314960631
20
-1.9923779527559056
11
1.7334842519685041
21
-1.9923779527559056
0
LINE
8
RED3
6
CONTINUOUS
10
1.7334842519685041
20
-1.9923779527559056
11
1.7372952755905513
21
-1.990472440944882
0
LINE
8
RED3
6
CONTINUOUS
10
1.7372952755905513
20
-1.990472440944882
11
1.7392007874015749
21
-1.9885708661417323
0
LINE
8
RED3
6
CONTINUOUS
10
1.7392007874015749
20
-1.9885708661417323
11
1.7411023622047246
21
-1.9847598425196851
0
LINE
8
RED3
6
CONTINUOUS
10
1.7411023622047246
20
-1.9847598425196851
11
1.7411023622047246
21
-1.9771417322834646
0
LINE
8
RED3
6
CONTINUOUS
10
1.7411023622047246
20
-1.9771417322834646
11
1.7392007874015749
21
-1.9733307086614174
0
LINE
8
RED3
6
CONTINUOUS
10
1.7392007874015749
20
-1.9733307086614174
11
1.7372952755905513
21
-1.9714251968503937
0
LINE
8
RED3
6
CONTINUOUS
10
1.7372952755905513
20
-1.9714251968503937
11
1.7334842519685041
21
-1.9695236220472441
0
LINE
8
RED3
6
CONTINUOUS
10
1.7334842519685041
20
-1.9695236220472441
11
1.72396062992126
21
-1.9695236220472441
0
LINE
8
RED3
6
CONTINUOUS
10
1.72396062992126
20
-1.9695236220472441
11
1.7201496062992128
21
-1.9714251968503937
0
LINE
8
RED3
6
CONTINUOUS
10
1.7201496062992128
20
-1.9714251968503937
11
1.7182480314960631
21
-1.9733307086614174
0
LINE
8
RED3
6
CONTINUOUS
10
1.7182480314960631
20
-1.9733307086614174
11
1.7163425196850395
21
-1.9771417322834646
0
LINE
8
RED3
6
CONTINUOUS
10
1.7163425196850395
20
-1.9771417322834646
11
1.7163425196850395
21
-1.9847598425196851
0
LINE
8
RED3
6
CONTINUOUS
10
1.7163425196850395
20
-1.9847598425196851
11
1.7182480314960631
21
-1.9885708661417323
0
LINE
8
RED3
6
CONTINUOUS
10
1.7182480314960631
20
-1.9885708661417323
11
1.7201496062992128
21
-1.990472440944882
0
LINE
8
RED3
6
CONTINUOUS
10
1.7201496062992128
20
-1.990472440944882
11
1.72396062992126
21
-1.9923779527559056
0
LINE
8
RED2
6
CONTINUOUS
10
1.8500000000000001
20
-2.1000000000000001
11
1.8500000000000001
21
-1.9000000000000001
0
LINE
8
CYAN2
6
CONTINUOUS
10
1.8475511811023624
20
-2.1952362204724412
11
1.849456692913386
21
-2.1895196850393703
0
LINE
8
CYAN2
6
CONTINUOUS
10
1.849456692913386
20
-2.1895196850393703
11
1.8513622047244096
21
-2.1876181102362207
0
LINE
8
CYAN2
6
CONTINUOUS
10
1.8513622047244096
20
-2.1876181102362207
11
1.8551732283464568
21
-2.1857125984251971
0
LINE
8
CYAN2
6
CONTINUOUS
10
1.8551732283464568
20
-2.1857125984251971
11
1.8608858267716537
21
-2.1857125984251971
0
LINE
8
CYAN2
6
CONTINUOUS
10
1.8608858267716537
20
-2.1857125984251971
11
1.8646968503937009
21
-2.1876181102362207
0
LINE
8
CYAN2
6
CONTINUOUS
10
1.8646968503937009
20
-2.1876181102362207
11
1.8666023622047245
21
-2.1895196850393703
0
LINE
8
CYAN2
6
CONTINUOUS
10
1.8666023622047245
20
-2.1895196850393703
11
1.868503937007874
21
-2.1933307086614175
0
LINE
8
CYAN2
6
CONTINUOUS
10
1.868503937007874
20
-2.1933307086614175
11
1.868503937007874
21
-2.2085669291338585
0
LINE
8
CYAN2
6
CONTINUOUS
10
1.868503937007874
20
-2.2085669291338585
11
1.8285039370078742
21
-2.2085669291338585
0
LINE
8
CYAN2
6
CONTINUOUS
10
1.8285039370078742
20
-2.2085669291338585
11
1.8285039370078742
21
-2.1952362204724412
0
LINE
8
CYAN2
6
CONTINUOUS
10
1.8285039370078742
20
-2.1952362204724412
11
1.8304094488188978
21
-2.1914251968503939
0
LINE
8
CYAN2
6
CONTINUOUS
10
1.8304094488188978
20
-2.1914251968503939
11
1.8323149606299214
21
-2.1895196850393703
0
LINE
8
CYAN2
6
CONTINUOUS
10
1.8323149606299214
20
-2.1895196850393703
11
1.8361259842519686
21
-2.1876181102362207
0
LINE
8
CYAN2
6
CONTINUOUS
10
1.8361259842519686
20
-2.1876181102362207
11
1.8399330708661419
21
-2.1876181102362207
0
LINE
8
CYAN2
6
CONTINUOUS
10
1.8399330708661419
20
-2.1876181102362207
11
1.8437440944881891
21
-2.1895196850393703
0
LINE
8
CYAN2
6
CONTINUOUS
10
1.8437440944881891
20
-2.1895196850393703
11
1.8456496062992127
21
-2.1914251968503939
0
LINE
8
CYAN2
6
CONTINUOUS
10
1.8456496062992127
20
-2.1914251968503939
11
1.8475511811023624
21
-2.1952362204724412
0
LINE
8
CYAN2
6
CONTINUOUS
10
1.8475511811023624
20
-2.1952362204724412
11
1.8475511811023624
21
-2.2085669291338585
0
LINE
8
CYAN2
6
CONTINUOUS
10
1.8285039370078742
20
-2.1723779527559057
11
1.8285039370078742
21
-2.1476181102362206
0
LINE
8
CYAN2
6
CONTINUOUS
10
1.8285039370078742
20
-2.1476181102362206
11
1.8437440944881891
21
-2.160948818897638
0
LINE
8
CYAN2
6
CONTINUOUS
10
1.8437440944881891
20
-2.160948818897638
11
1.8437440944881891
21
-2.1552362204724411
0
LINE
8
CYAN2
6
CONTINUOUS
10
1.8437440944881891
20
-2.1552362204724411
11
1.8456496062992127
21
-2.1514251968503939
0
LINE
8
CYAN2
6
CONTINUOUS
10
1.8456496062992127
20
-2.1514251968503939
11
1.8475511811023624
21
-2.1495196850393703
0
LINE
8
CYAN2
6
CONTINUOUS
10
1.8475511811023624
20
-2.1495196850393703
11
1.8513622047244096
21
-2.1476181102362206
0
LINE
8
CYAN2
6
CONTINUOUS
10
1.8513622047244096
20
-2.1476181102362206
11
1.8608858267716537
21
-2.1476181102362206
0
LINE
8
CYAN2
6
CONTINUOUS
10
1.8608858267716537
20
-2.1476181102362206
11
1.8646968503937009
21
-2.1495196850393703
0
LINE
8
CYAN2
6
CONTINUOUS
10
1.8646968503937009
20
-2.1495196850393703
11
1.8666023622047245
21
-2.1514251968503939
0
LINE
8
CYAN2
6
CONTINUOUS
10
1.8666023622047245
20
-2.1514251968503939
11
1.868503937007874
21
-2.1552362204724411
0
LINE
8
CYAN2
6
CONTINUOUS
10
1.868503937007874
20
-2.1552362204724411
11
1.868503937007874
21
-2.1666653543307088
0
LINE
8
CYAN2
6
CONTINUOUS
10
1.868503937007874
20
-2.1666653543307088
11
1.8666023622047245
21
-2.1704724409448821
0
LINE
8
CYAN2
6
CONTINUOUS
10
1.8666023622047245
20
-2.1704724409448821
11
1.8646968503937009
21
-2.1723779527559057
0
LINE
8
RED3
6
CONTINUOUS
10
1.8411023622047245
20
-2.0076181102362205
11
1.8411023622047245
21
-2.030472440944882
0
LINE
8
RED3
6
CONTINUOUS
10
1.8411023622047245
20
-2.0190433070866143
11
1.8011023622047244
21
-2.0190433070866143
0
LINE
8
RED3
6
CONTINUOUS
10
1.8011023622047244
20
-2.0190433070866143
11
1.8068188976377952
21
-2.0228543307086615
0
LINE
8
RED3
6
CONTINUOUS
10
1.8068188976377952
20
-2.0228543307086615
11
1.8106259842519685
21
-2.0266653543307087
0
LINE
8
RED3
6
CONTINUOUS
10
1.8106259842519685
20
-2.0266653543307087
11
1.8125314960629921
21
-2.030472440944882
0
LINE
8
RED3
6
CONTINUOUS
10
1.8011023622047244
20
-1.9714251968503937
11
1.8011023622047244
21
-1.990472440944882
0
LINE
8
RED3
6
CONTINUOUS
10
1.8011023622047244
20
-1.990472440944882
11
1.8201496062992126
21
-1.9923779527559056
0
LINE
8
RED3
6
CONTINUOUS
10
1.8201496062992126
20
-1.9923779527559056
11
1.818248031496063
21
-1.990472440944882
0
LINE
8
RED3
6
CONTINUOUS
10
1.818248031496063
20
-1.990472440944882
11
1.8163425196850393
21
-1.9866653543307087
0
LINE
8
RED3
6
CONTINUOUS
10
1.8163425196850393
20
-1.9866653543307087
11
1.8163425196850393
21
-1.9771417322834646
0
LINE
8
RED3
6
CONTINUOUS
10
1.8163425196850393
20
-1.9771417322834646
11
1.818248031496063
21
-1.9733307086614174
0
LINE
8
RED3
6
CONTINUOUS
10
1.818248031496063
20
-1.9733307086614174
11
1.8201496062992126
21
-1.9714251968503937
0
LINE
8
RED3
6
CONTINUOUS
10
1.8201496062992126
20
-1.9714251968503937
11
1.8239606299212598
21
-1.9695236220472441
0
LINE
8
RED3
6
CONTINUOUS
10
1.8239606299212598
20
-1.9695236220472441
11
1.833484251968504
21
-1.9695236220472441
0
LINE
8
RED3
6
CONTINUOUS
10
1.833484251968504
20
-1.9695236220472441
11
1.8372952755905512
21
-1.9714251968503937
0
LINE
8
RED3
6
CONTINUOUS
10
1.8372952755905512
20
-1.9714251968503937
11
1.8392007874015748
21
-1.9733307086614174
0
LINE
8
RED3
6
CONTINUOUS
10
1.8392007874015748
20
-1.9733307086614174
11
1.8411023622047245
21
-1.9771417322834646
0
LINE
8
RED3
6
CONTINUOUS
10
1.8411023622047245
20
-1.9771417322834646
11
1.8411023622047245
21
-1.9866653543307087
0
LINE
8
RED3
6
CONTINUOUS
10
1.8411023622047245
20
-1.9866653543307087
11
1.8392007874015748
21
-1.990472440944882
0
LINE
8
RED3
6
CONTINUOUS
10
1.8392007874015748
20
-1.990472440944882
11
1.8372952755905512
21
-1.9923779527559056
0
LINE
8
RED2
6
CONTINUOUS
10
1.9500000000000002
20
-2.1000000000000001
11
1.9500000000000002
21
-1.9000000000000001
0
LINE
8
CYAN2
6
CONTINUOUS
10
1.9475511811023622
20
-2.1952362204724412
11
1.9494566929133859
21
-2.1895196850393703
0
LINE
8
CYAN2
6
CONTINUOUS
10
1.9494566929133859
20
-2.1895196850393703
11
1.9513622047244095
21
-2.1876181102362207
0
LINE
8
CYAN2
6
CONTINUOUS
10
1.9513622047244095
20
-2.1876181102362207
11
1.9551732283464567
21
-2.1857125984251971
0
LINE
8
CYAN2
6
CONTINUOUS
10
1.9551732283464567
20
-2.1857125984251971
11
1.9608858267716536
21
-2.1857125984251971
0
LINE
8
CYAN2
6
CONTINUOUS
10
1.9608858267716536
20
-2.1857125984251971
11
1.9646968503937008
21
-2.1876181102362207
0
LINE
8
CYAN2
6
CONTINUOUS
10
1.9646968503937008
20
-2.1876181102362207
11
1.9666023622047244
21
-2.1895196850393703
0
LINE
8
CYAN2
6
CONTINUOUS
10
1.9666023622047244
20
-2.1895196850393703
11
1.9685039370078741
21
-2.1933307086614175
0
LINE
8
CYAN2
6
CONTINUOUS
10
1.9685039370078741
20
-2.1933307086614175
11
1.9685039370078741
21
-2.2085669291338585
0
LINE
8
CYAN2
6
CONTINUOUS
10
1.9685039370078741
20
-2.2085669291338585
11
1.928503937007874
21
-2.2085669291338585
0
LINE
8
CYAN2
6
CONTINUOUS
10
1.928503937007874
20
-2.2085669291338585
11
1.928503937007874
21
-2.1952362204724412
0
LINE
8
CYAN2
6
CONTINUOUS
10
1.928503937007874
20
-2.1952362204724412
11
1.9304094488188976
21
-2.1914251968503939
0
LINE
8
CYAN2
6
CONTINUOUS
10
1.9304094488188976
20
-2.1914251968503939
11
1.9323149606299213
21
-2.1895196850393703
0
LINE
8
CYAN2
6
CONTINUOUS
10
1.9323149606299213
20
-2.1895196850393703
11
1.9361259842519685
21
-2.1876181102362207
0
LINE
8
CYAN2
6
CONTINUOUS
10
1.9361259842519685
20
-2.1876181102362207
11
1.9399330708661418
21
-2.1876181102362207
0
LINE
8
CYAN2
6
CONTINUOUS
10
1.9399330708661418
20
-2.1876181102362207
11
1.943744094488189
21
-2.1895196850393703
0
LINE
8
CYAN2
6
CONTINUOUS
10
1.943744094488189
20
-2.1895196850393703
11
1.9456496062992126
21
-2.1914251968503939
0
LINE
8
CYAN2
6
CONTINUOUS
10
1.9456496062992126
20
-2.1914251968503939
11
1.9475511811023622
21
-2.1952362204724412
0
LINE
8
CYAN2
6
CONTINUOUS
10
1.9475511811023622
20
-2.1952362204724412
11
1.9475511811023622
21
-2.2085669291338585
0
LINE
8
CYAN2
6
CONTINUOUS
10
1.9418385826771654
20
-2.1514251968503939
11
1.9685039370078741
21
-2.1514251968503939
0
LINE
8
CYAN2
6
CONTINUOUS
10
1.9266023622047246
20
-2.160948818897638
11
1.9551732283464567
21
-2.1704724409448821
0
LINE
8
CYAN2
6
CONTINUOUS
10
1.9551732283464567
20
-2.1704724409448821
11
1.9551732283464567
21
-2.145712598425197
0
LINE
8
RED3
6
CONTINUOUS
10
1.9411023622047245
20
-2.0076181102362205
11
1.9411023622047245
21
-2.030472440944882
0
LINE
8
RED3
6
CONTINUOUS
10
1.9411023622047245
20
-2.0190433070866143
11
1.9011023622047245
21
-2.0190433070866143
0
LINE
8
RED3
6
CONTINUOUS
10
1.9011023622047245
20
-2.0190433070866143
11
1.9068188976377953
21
-2.0228543307086615
0
LINE
8
RED3
6
CONTINUOUS
10
1.9068188976377953
20
-2.0228543307086615
11
1.9106259842519686
21
-2.0266653543307087
0
LINE
8
RED3
6
CONTINUOUS
10
1.9106259842519686
20
-2.0266653543307087
11
1.9125314960629922
21
-2.030472440944882
0
LINE
8
RED3
6
CONTINUOUS
10
1.9144370078740158
20
-1.9733307086614174
11
1.9411023622047245
21
-1.9733307086614174
0
LINE
8
RED3
6
CONTINUOUS
10
1.8992007874015748
20
-1.9828543307086615
11
1.9277716535433072
21
-1.9923779527559056
0
LINE
8
RED3
6
CONTINUOUS
10
1.9277716535433072
20
-1.9923779527559056
11
1.9277716535433072
21
-1.9676181102362205
0
LINE
8
RED2
6
CONTINUOUS
10
2.0500000000000003
20
-2.1000000000000001
11
2.0500000000000003
21
-1.9000000000000001
0
LINE
8
CYAN2
6
CONTINUOUS
10
2.0475511811023623
20
-2.1952362204724412
11
2.0494566929133859
21
-2.1895196850393703
0
LINE
8
CYAN2
6
CONTINUOUS
10
2.0494566929133859
20
-2.1895196850393703
11
2.0513622047244096
21
-2.1876181102362207
0
LINE
8
CYAN2
6
CONTINUOUS
10
2.0513622047244096
20
-2.1876181102362207
11
2.0551732283464568
21
-2.1857125984251971
0
LINE
8
CYAN2
6
CONTINUOUS
10
2.0551732283464568
20
-2.1857125984251971
11
2.0608858267716537
21
-2.1857125984251971
0
LINE
8
CYAN2
6
CONTINUOUS
10
2.0608858267716537
20
-2.1857125984251971
11
2.0646968503937009
21
-2.1876181102362207
0
LINE
8
CYAN2
6
CONTINUOUS
10
2.0646968503937009
20
-2.1876181102362207
11
2.0666023622047245
21
-2.1895196850393703
0
LINE
8
CYAN2
6
CONTINUOUS
10
2.0666023622047245
20
-2.1895196850393703
11
2.0685039370078742
21
-2.1933307086614175
0
LINE
8
CYAN2
6
CONTINUOUS
10
2.0685039370078742
20
-2.1933307086614175
11
2.0685039370078742
21
-2.2085669291338585
0
LINE
8
CYAN2
6
CONTINUOUS
10
2.0685039370078742
20
-2.2085669291338585
11
2.0285039370078741
21
-2.2085669291338585
0
LINE
8
CYAN2
6
CONTINUOUS
10
2.0285039370078741
20
-2.2085669291338585
11
2.0285039370078741
21
-2.1952362204724412
0
LINE
8
CYAN2
6
CONTINUOUS
10
2.0285039370078741
20
-2.1952362204724412
11
2.0304094488188977
21
-2.1914251968503939
0
LINE
8
CYAN2
6
CONTINUOUS
10
2.0304094488188977
20
-2.1914251968503939
11
2.0323149606299213
21
-2.1895196850393703
0
LINE
8
CYAN2
6
CONTINUOUS
10
2.0323149606299213
20
-2.1895196850393703
11
2.0361259842519686
21
-2.1876181102362207
0
LINE
8
CYAN2
6
CONTINUOUS
10
2.0361259842519686
20
-2.1876181102362207
11
2.0399330708661418
21
-2.1876181102362207
0
LINE
8
CYAN2
6
CONTINUOUS
10
2.0399330708661418
20
-2.1876181102362207
11
2.0437440944881891
21
-2.1895196850393703
0
LINE
8
CYAN2
6
CONTINUOUS
10
2.0437440944881891
20
-2.1895196850393703
11
2.0456496062992127
21
-2.1914251968503939
0
LINE
8
CYAN2
6
CONTINUOUS
10
2.0456496062992127
20
-2.1914251968503939
11
2.0475511811023623
21
-2.1952362204724412
0
LINE
8
CYAN2
6
CONTINUOUS
10
2.0475511811023623
20
-2.1952362204724412
11
2.0475511811023623
21
-2.2085669291338585
0
LINE
8
CYAN2
6
CONTINUOUS
10
2.0285039370078741
20
-2.1495196850393703
11
2.0285039370078741
21
-2.1685669291338585
0
LINE
8
CYAN2
6
CONTINUOUS
10
2.0285039370078741
20
-2.1685669291338585
11
2.0475511811023623
21
-2.1704724409448821
0
LINE
8
CYAN2
6
CONTINUOUS
10
2.0475511811023623
20
-2.1704724409448821
11
2.0456496062992127
21
-2.1685669291338585
0
LINE
8
CYAN2
6
CONTINUOUS
10
2.0456496062992127
20
-2.1685669291338585
11
2.0437440944881891
21
-2.1647598425196852
0
LINE
8
CYAN2
6
CONTINUOUS
10
2.0437440944881891
20
-2.1647598425196852
11
2.0437440944881891
21
-2.1552362204724411
0
LINE
8
CYAN2
6
CONTINUOUS
10
2.0437440944881891
20
-2.1552362204724411
11
2.0456496062992127
21
-2.1514251968503939
0
LINE
8
CYAN2
6
CONTINUOUS
10
2.0456496062992127
20
-2.1514251968503939
11
2.0475511811023623
21
-2.1495196850393703
0
LINE
8
CYAN2
6
CONTINUOUS
10
2.0475511811023623
20
-2.1495196850393703
11
2.0513622047244096
21
-2.1476181102362206
0
LINE
8
CYAN2
6
CONTINUOUS
10
2.0513622047244096
20
-2.1476181102362206
11
2.0608858267716537
21
-2.1476181102362206
0
LINE
8
CYAN2
6
CONTINUOUS
10
2.0608858267716537
20
-2.1476181102362206
11
2.0646968503937009
21
-2.1495196850393703
0
LINE
8
CYAN2
6
CONTINUOUS
10
2.0646968503937009
20
-2.1495196850393703
11
2.0666023622047245
21
-2.1514251968503939
0
LINE
8
CYAN2
6
CONTINUOUS
10
2.0666023622047245
20
-2.1514251968503939
11
2.0685039370078742
21
-2.1552362204724411
0
LINE
8
CYAN2
6
CONTINUOUS
10
2.0685039370078742
20
-2.1552362204724411
11
2.0685039370078742
21
-2.1647598425196852
0
LINE
8
CYAN2
6
CONTINUOUS
10
2.0685039370078742
20
-2.1647598425196852
11
2.0666023622047245
21
-2.1685669291338585
0
LINE
8
CYAN2
6
CONTINUOUS
10
2.0666023622047245
20
-2.1685669291338585
11
2.0646968503937009
21
-2.1704724409448821
0
LINE
8
RED3
6
CONTINUOUS
10
2.0411023622047244
20
-2.0076181102362205
11
2.0411023622047244
21
-2.030472440944882
0
LINE
8
RED3
6
CONTINUOUS
10
2.0411023622047244
20
-2.0190433070866143
11
2.0011023622047244
21
-2.0190433070866143
0
LINE
8
RED3
6
CONTINUOUS
10
2.0011023622047244
20
-2.0190433070866143
11
2.0068188976377952
21
-2.0228543307086615
0
LINE
8
RED3
6
CONTINUOUS
10
2.0068188976377952
20
-2.0228543307086615
11
2.0106259842519685
21
-2.0266653543307087
0
LINE
8
RED3
6
CONTINUOUS
10
2.0106259842519685
20
-2.0266653543307087
11
2.0125314960629921
21
-2.030472440944882
0
LINE
8
RED3
6
CONTINUOUS
10
2.0011023622047244
20
-1.9942834645669292
11
2.0011023622047244
21
-1.9695236220472441
0
LINE
8
RED3
6
CONTINUOUS
10
2.0011023622047244
20
-1.9695236220472441
11
2.0163425196850393
21
-1.9828543307086615
0
LINE
8
RED3
6
CONTINUOUS
10
2.0163425196850393
20
-1.9828543307086615
11
2.0163425196850393
21
-1.9771417322834646
0
LINE
8
RED3
6
CONTINUOUS
10
2.0163425196850393
20
-1.9771417322834646
11
2.0182480314960629
21
-1.9733307086614174
0
LINE
8
RED3
6
CONTINUOUS
10
2.0182480314960629
20
-1.9733307086614174
11
2.0201496062992126
21
-1.9714251968503937
0
LINE
8
RED3
6
CONTINUOUS
10
2.0201496062992126
20
-1.9714251968503937
11
2.0239606299212598
21
-1.9695236220472441
0
LINE
8
RED3
6
CONTINUOUS
10
2.0239606299212598
20
-1.9695236220472441
11
2.0334842519685039
21
-1.9695236220472441
0
LINE
8
RED3
6
CONTINUOUS
10
2.0334842519685039
20
-1.9695236220472441
11
2.0372952755905511
21
-1.9714251968503937
0
LINE
8
RED3
6
CONTINUOUS
10
2.0372952755905511
20
-1.9714251968503937
11
2.0392007874015747
21
-1.9733307086614174
0
LINE
8
RED3
6
CONTINUOUS
10
2.0392007874015747
20
-1.9733307086614174
11
2.0411023622047244
21
-1.9771417322834646
0
LINE
8
RED3
6
CONTINUOUS
10
2.0411023622047244
20
-1.9771417322834646
11
2.0411023622047244
21
-1.9885708661417323
0
LINE
8
RED3
6
CONTINUOUS
10
2.0411023622047244
20
-1.9885708661417323
11
2.0392007874015747
21
-1.9923779527559056
0
LINE
8
RED3
6
CONTINUOUS
10
2.0392007874015747
20
-1.9923779527559056
11
2.0372952755905511
21
-1.9942834645669292
0
LINE
8
RED2
6
CONTINUOUS
10
2.1499999999999999
20
-2.1000000000000001
11
2.1499999999999999
21
-1.9000000000000001
0
LINE
8
CYAN2
6
CONTINUOUS
10
2.1475511811023624
20
-2.1952362204724412
11
2.149456692913386
21
-2.1895196850393703
0
LINE
8
CYAN2
6
CONTINUOUS
10
2.149456692913386
20
-2.1895196850393703
11
2.1513622047244096
21
-2.1876181102362207
0
LINE
8
CYAN2
6
CONTINUOUS
10
2.1513622047244096
20
-2.1876181102362207
11
2.1551732283464569
21
-2.1857125984251971
0
LINE
8
CYAN2
6
CONTINUOUS
10
2.1551732283464569
20
-2.1857125984251971
11
2.1608858267716538
21
-2.1857125984251971
0
LINE
8
CYAN2
6
CONTINUOUS
10
2.1608858267716538
20
-2.1857125984251971
11
2.164696850393701
21
-2.1876181102362207
0
LINE
8
CYAN2
6
CONTINUOUS
10
2.164696850393701
20
-2.1876181102362207
11
2.1666023622047246
21
-2.1895196850393703
0
LINE
8
CYAN2
6
CONTINUOUS
10
2.1666023622047246
20
-2.1895196850393703
11
2.1685039370078742
21
-2.1933307086614175
0
LINE
8
CYAN2
6
CONTINUOUS
10
2.1685039370078742
20
-2.1933307086614175
11
2.1685039370078742
21
-2.2085669291338585
0
LINE
8
CYAN2
6
CONTINUOUS
10
2.1685039370078742
20
-2.2085669291338585
11
2.1285039370078742
21
-2.2085669291338585
0
LINE
8
CYAN2
6
CONTINUOUS
10
2.1285039370078742
20
-2.2085669291338585
11
2.1285039370078742
21
-2.1952362204724412
0
LINE
8
CYAN2
6
CONTINUOUS
10
2.1285039370078742
20
-2.1952362204724412
11
2.1304094488188978
21
-2.1914251968503939
0
LINE
8
CYAN2
6
CONTINUOUS
10
2.1304094488188978
20
-2.1914251968503939
11
2.1323149606299214
21
-2.1895196850393703
0
LINE
8
CYAN2
6
CONTINUOUS
10
2.1323149606299214
20
-2.1895196850393703
11
2.1361259842519686
21
-2.1876181102362207
0
LINE
8
CYAN2
6
CONTINUOUS
10
2.1361259842519686
20
-2.1876181102362207
11
2.1399330708661419
21
-2.1876181102362207
0
LINE
8
CYAN2
6
CONTINUOUS
10
2.1399330708661419
20
-2.1876181102362207
11
2.1437440944881891
21
-2.1895196850393703
0
LINE
8
CYAN2
6
CONTINUOUS
10
2.1437440944881891
20
-2.1895196850393703
11
2.1456496062992128
21
-2.1914251968503939
0
LINE
8
CYAN2
6
CONTINUOUS
10
2.1456496062992128
20
-2.1914251968503939
11
2.1475511811023624
21
-2.1952362204724412
0
LINE
8
CYAN2
6
CONTINUOUS
10
2.1475511811023624
20
-2.1952362204724412
11
2.1475511811023624
21
-2.2085669291338585
0
LINE
8
CYAN2
6
CONTINUOUS
10
2.1285039370078742
20
-2.1514251968503939
11
2.1285039370078742
21
-2.1590433070866144
0
LINE
8
CYAN2
6
CONTINUOUS
10
2.1285039370078742
20
-2.1590433070866144
11
2.1304094488188978
21
-2.1628543307086616
0
LINE
8
CYAN2
6
CONTINUOUS
10
2.1304094488188978
20
-2.1628543307086616
11
2.1323149606299214
21
-2.1647598425196852
0
LINE
8
CYAN2
6
CONTINUOUS
10
2.1323149606299214
20
-2.1647598425196852
11
2.1380275590551183
21
-2.1685669291338585
0
LINE
8
CYAN2
6
CONTINUOUS
10
2.1380275590551183
20
-2.1685669291338585
11
2.1456496062992128
21
-2.1704724409448821
0
LINE
8
CYAN2
6
CONTINUOUS
10
2.1456496062992128
20
-2.1704724409448821
11
2.1608858267716538
21
-2.1704724409448821
0
LINE
8
CYAN2
6
CONTINUOUS
10
2.1608858267716538
20
-2.1704724409448821
11
2.164696850393701
21
-2.1685669291338585
0
LINE
8
CYAN2
6
CONTINUOUS
10
2.164696850393701
20
-2.1685669291338585
11
2.1666023622047246
21
-2.1666653543307088
0
LINE
8
CYAN2
6
CONTINUOUS
10
2.1666023622047246
20
-2.1666653543307088
11
2.1685039370078742
21
-2.1628543307086616
0
LINE
8
CYAN2
6
CONTINUOUS
10
2.1685039370078742
20
-2.1628543307086616
11
2.1685039370078742
21
-2.1552362204724411
0
LINE
8
CYAN2
6
CONTINUOUS
10
2.1685039370078742
20
-2.1552362204724411
11
2.1666023622047246
21
-2.1514251968503939
0
LINE
8
CYAN2
6
CONTINUOUS
10
2.1666023622047246
20
-2.1514251968503939
11
2.164696850393701
21
-2.1495196850393703
0
LINE
8
CYAN2
6
CONTINUOUS
10
2.164696850393701
20
-2.1495196850393703
11
2.1608858267716538
21
-2.1476181102362206
0
LINE
8
CYAN2
6
CONTINUOUS
10
2.1608858267716538
20
-2.1476181102362206
11
2.1513622047244096
21
-2.1476181102362206
0
LINE
8
CYAN2
6
CONTINUOUS
10
2.1513622047244096
20
-2.1476181102362206
11
2.1475511811023624
21
-2.1495196850393703
0
LINE
8
CYAN2
6
CONTINUOUS
10
2.1475511811023624
20
-2.1495196850393703
11
2.1456496062992128
21
-2.1514251968503939
0
LINE
8
CYAN2
6
CONTINUOUS
10
2.1456496062992128
20
-2.1514251968503939
11
2.1437440944881891
21
-2.1552362204724411
0
LINE
8
CYAN2
6
CONTINUOUS
10
2.1437440944881891
20
-2.1552362204724411
11
2.1437440944881891
21
-2.1628543307086616
0
LINE
8
CYAN2
6
CONTINUOUS
10
2.1437440944881891
20
-2.1628543307086616
11
2.1456496062992128
21
-2.1666653543307088
0
LINE
8
CYAN2
6
CONTINUOUS
10
2.1456496062992128
20
-2.1666653543307088
11
2.1475511811023624
21
-2.1685669291338585
0
LINE
8
CYAN2
6
CONTINUOUS
10
2.1475511811023624
20
-2.1685669291338585
11
2.1513622047244096
21
-2.1704724409448821
0
LINE
8
RED3
6
CONTINUOUS
10
2.1411023622047245
20
-2.0076181102362205
11
2.1411023622047245
21
-2.030472440944882
0
LINE
8
RED3
6
CONTINUOUS
10
2.1411023622047245
20
-2.0190433070866143
11
2.1011023622047245
21
-2.0190433070866143
0
LINE
8
RED3
6
CONTINUOUS
10
2.1011023622047245
20
-2.0190433070866143
11
2.1068188976377953
21
-2.0228543307086615
0
LINE
8
RED3
6
CONTINUOUS
10
2.1068188976377953
20
-2.0228543307086615
11
2.1106259842519686
21
-2.0266653543307087
0
LINE
8
RED3
6
CONTINUOUS
10
2.1106259842519686
20
-2.0266653543307087
11
2.1125314960629922
21
-2.030472440944882
0
LINE
8
RED3
6
CONTINUOUS
10
2.1049133858267717
20
-1.9923779527559056
11
2.1030078740157481
21
-1.990472440944882
0
LINE
8
RED3
6
CONTINUOUS
10
2.1030078740157481
20
-1.990472440944882
11
2.1011023622047245
21
-1.9866653543307087
0
LINE
8
RED3
6
CONTINUOUS
10
2.1011023622047245
20
-1.9866653543307087
11
2.1011023622047245
21
-1.9771417322834646
0
LINE
8
RED3
6
CONTINUOUS
10
2.1011023622047245
20
-1.9771417322834646
11
2.1030078740157481
21
-1.9733307086614174
0
LINE
8
RED3
6
CONTINUOUS
10
2.1030078740157481
20
-1.9733307086614174
11
2.1049133858267717
21
-1.9714251968503937
0
LINE
8
RED3
6
CONTINUOUS
10
2.1049133858267717
20
-1.9714251968503937
11
2.1087244094488189
21
-1.9695236220472441
0
LINE
8
RED3
6
CONTINUOUS
10
2.1087244094488189
20
-1.9695236220472441
11
2.1125314960629922
21
-1.9695236220472441
0
LINE
8
RED3
6
CONTINUOUS
10
2.1125314960629922
20
-1.9695236220472441
11
2.118248031496063
21
-1.9714251968503937
0
LINE
8
RED3
6
CONTINUOUS
10
2.118248031496063
20
-1.9714251968503937
11
2.1411023622047245
21
-1.9942834645669292
0
LINE
8
RED3
6
CONTINUOUS
10
2.1411023622047245
20
-1.9942834645669292
11
2.1411023622047245
21
-1.9695236220472441
0
LINE
8
RED2
6
CONTINUOUS
10
2.25
20
-2.1000000000000001
11
2.25
21
-1.9000000000000001
0
LINE
8
CYAN2
6
CONTINUOUS
10
2.2475511811023621
20
-2.1952362204724412
11
2.2494566929133861
21
-2.1895196850393703
0
LINE
8
CYAN2
6
CONTINUOUS
10
2.2494566929133861
20
-2.1895196850393703
11
2.2513622047244097
21
-2.1876181102362207
0
LINE
8
CYAN2
6
CONTINUOUS
10
2.2513622047244097
20
-2.1876181102362207
11
2.2551732283464569
21
-2.1857125984251971
0
LINE
8
CYAN2
6
CONTINUOUS
10
2.2551732283464569
20
-2.1857125984251971
11
2.2608858267716538
21
-2.1857125984251971
0
LINE
8
CYAN2
6
CONTINUOUS
10
2.2608858267716538
20
-2.1857125984251971
11
2.2646968503937011
21
-2.1876181102362207
0
LINE
8
CYAN2
6
CONTINUOUS
10
2.2646968503937011
20
-2.1876181102362207
11
2.2666023622047247
21
-2.1895196850393703
0
LINE
8
CYAN2
6
CONTINUOUS
10
2.2666023622047247
20
-2.1895196850393703
11
2.2685039370078739
21
-2.1933307086614175
0
LINE
8
CYAN2
6
CONTINUOUS
10
2.2685039370078739
20
-2.1933307086614175
11
2.2685039370078739
21
-2.2085669291338585
0
LINE
8
CYAN2
6
CONTINUOUS
10
2.2685039370078739
20
-2.2085669291338585
11
2.2285039370078743
21
-2.2085669291338585
0
LINE
8
CYAN2
6
CONTINUOUS
10
2.2285039370078743
20
-2.2085669291338585
11
2.2285039370078743
21
-2.1952362204724412
0
LINE
8
CYAN2
6
CONTINUOUS
10
2.2285039370078743
20
-2.1952362204724412
11
2.2304094488188979
21
-2.1914251968503939
0
LINE
8
CYAN2
6
CONTINUOUS
10
2.2304094488188979
20
-2.1914251968503939
11
2.2323149606299215
21
-2.1895196850393703
0
LINE
8
CYAN2
6
CONTINUOUS
10
2.2323149606299215
20
-2.1895196850393703
11
2.2361259842519687
21
-2.1876181102362207
0
LINE
8
CYAN2
6
CONTINUOUS
10
2.2361259842519687
20
-2.1876181102362207
11
2.239933070866142
21
-2.1876181102362207
0
LINE
8
CYAN2
6
CONTINUOUS
10
2.239933070866142
20
-2.1876181102362207
11
2.2437440944881892
21
-2.1895196850393703
0
LINE
8
CYAN2
6
CONTINUOUS
10
2.2437440944881892
20
-2.1895196850393703
11
2.2456496062992128
21
-2.1914251968503939
0
LINE
8
CYAN2
6
CONTINUOUS
10
2.2456496062992128
20
-2.1914251968503939
11
2.2475511811023621
21
-2.1952362204724412
0
LINE
8
CYAN2
6
CONTINUOUS
10
2.2475511811023621
20
-2.1952362204724412
11
2.2475511811023621
21
-2.2085669291338585
0
LINE
8
CYAN2
6
CONTINUOUS
10
2.2285039370078743
20
-2.1723779527559057
11
2.2285039370078743
21
-2.145712598425197
0
LINE
8
CYAN2
6
CONTINUOUS
10
2.2285039370078743
20
-2.145712598425197
11
2.2685039370078739
21
-2.1628543307086616
0
LINE
8
RED3
6
CONTINUOUS
10
2.2411023622047246
20
-2.0076181102362205
11
2.2411023622047246
21
-2.030472440944882
0
LINE
8
RED3
6
CONTINUOUS
10
2.2411023622047246
20
-2.0190433070866143
11
2.2011023622047245
21
-2.0190433070866143
0
LINE
8
RED3
6
CONTINUOUS
10
2.2011023622047245
20
-2.0190433070866143
11
2.2068188976377954
21
-2.0228543307086615
0
LINE
8
RED3
6
CONTINUOUS
10
2.2068188976377954
20
-2.0228543307086615
11
2.2106259842519687
21
-2.0266653543307087
0
LINE
8
RED3
6
CONTINUOUS
10
2.2106259842519687
20
-2.0266653543307087
11
2.2125314960629923
21
-2.030472440944882
0
LINE
8
RED3
6
CONTINUOUS
10
2.2411023622047246
20
-1.9695236220472441
11
2.2411023622047246
21
-1.9923779527559056
0
LINE
8
RED3
6
CONTINUOUS
10
2.2411023622047246
20
-1.9809488188976379
11
2.2011023622047245
21
-1.9809488188976379
0
LINE
8
RED3
6
CONTINUOUS
10
2.2011023622047245
20
-1.9809488188976379
11
2.2068188976377954
21
-1.9847598425196851
0
LINE
8
RED3
6
CONTINUOUS
10
2.2068188976377954
20
-1.9847598425196851
11
2.2106259842519687
21
-1.9885708661417323
0
LINE
8
RED3
6
CONTINUOUS
10
2.2106259842519687
20
-1.9885708661417323
11
2.2125314960629923
21
-1.9923779527559056
0
LINE
8
LYELLOW
6
CONTINUOUS
10
5.1000000000000005
20
-2.5
11
5.1000000000000005
21
-3.1000000000000001
0
LINE
8
LYELLOW
6
CONTINUOUS
10
5.1000000000000005
20
-3.1000000000000001
11
3.7000000000000002
21
-3.1000000000000001
0
LINE
8
LYELLOW
6
CONTINUOUS
10
3.7000000000000002
20
-3.1000000000000001
11
3.7000000000000002
21
-2.5
0
LINE
8
LYELLOW
6
CONTINUOUS
10
3.7000000000000002
20
-2.5
11
5.1000000000000005
21
-2.5
0
LINE
8
RED2
6
CONTINUOUS
10
5.1000000000000005
20
-2.5
11
5.1000000000000005
21
-3.1000000000000001
0
LINE
8
RED2
6
CONTINUOUS
10
5.1000000000000005
20
-3.1000000000000001
11
3.7000000000000002
21
-3.1000000000000001
0
LINE
8
RED2
6
CONTINUOUS
10
3.7000000000000002
20
-3.1000000000000001
11
3.7000000000000002
21
-2.5
0
LINE
8
RED2
6
CONTINUOUS
10
3.7000000000000002
20
-2.5
11
5.1000000000000005
21
-2.5
0
LINE
8
RED2
6
CONTINUOUS
10
5.
20
-2.5
11
5.
21
-2.3000000000000003
0
LINE
8
CYAN2
6
CONTINUOUS
10
5.0231299212598426
20
-2.625712598425197
11
4.9731299212598428
21
-2.625712598425197
0
LINE
8
CYAN2
6
CONTINUOUS
10
4.9731299212598428
20
-2.625712598425197
11
4.9731299212598428
21
-2.6138070866141732
0
LINE
8
CYAN2
6
CONTINUOUS
10
4.9731299212598428
20
-2.6138070866141732
11
4.9755118110236225
21
-2.6066653543307088
0
LINE
8
CYAN2
6
CONTINUOUS
10
4.9755118110236225
20
-2.6066653543307088
11
4.9802755905511811
21
-2.6019015748031498
0
LINE
8
CYAN2
6
CONTINUOUS
10
4.9802755905511811
20
-2.6019015748031498
11
4.9850354330708662
21
-2.59951968503937
0
LINE
8
CYAN2
6
CONTINUOUS
10
4.9850354330708662
20
-2.59951968503937
11
4.9945590551181107
21
-2.5971417322834647
0
LINE
8
CYAN2
6
CONTINUOUS
10
4.9945590551181107
20
-2.5971417322834647
11
5.0017007874015746
21
-2.5971417322834647
0
LINE
8
CYAN2
6
CONTINUOUS
10
5.0017007874015746
20
-2.5971417322834647
11
5.0112244094488192
21
-2.59951968503937
0
LINE
8
CYAN2
6
CONTINUOUS
10
5.0112244094488192
20
-2.59951968503937
11
5.0159881889763778
21
-2.6019015748031498
0
LINE
8
CYAN2
6
CONTINUOUS
10
5.0159881889763778
20
-2.6019015748031498
11
5.0207519685039372
21
-2.6066653543307088
0
LINE
8
CYAN2
6
CONTINUOUS
10
5.0207519685039372
20
-2.6066653543307088
11
5.0231299212598426
21
-2.6138070866141732
0
LINE
8
CYAN2
6
CONTINUOUS
10
5.0231299212598426
20
-2.6138070866141732
11
5.0231299212598426
21
-2.625712598425197
0
LINE
8
CYAN2
6
CONTINUOUS
10
4.9731299212598428
20
-2.5661889763779531
11
4.9731299212598428
21
-2.5614251968503936
0
LINE
8
CYAN2
6
CONTINUOUS
10
4.9731299212598428
20
-2.5614251968503936
11
4.9755118110236225
21
-2.556665354330709
0
LINE
8
CYAN2
6
CONTINUOUS
10
4.9755118110236225
20
-2.556665354330709
11
4.9778937007874013
21
-2.5542834645669292
0
LINE
8
CYAN2
6
CONTINUOUS
10
4.9778937007874013
20
-2.5542834645669292
11
4.9826535433070864
21
-2.5519015748031495
0
LINE
8
CYAN2
6
CONTINUOUS
10
4.9826535433070864
20
-2.5519015748031495
11
4.992177165354331
21
-2.5495196850393702
0
LINE
8
CYAN2
6
CONTINUOUS
10
4.992177165354331
20
-2.5495196850393702
11
5.0040826771653544
21
-2.5495196850393702
0
LINE
8
CYAN2
6
CONTINUOUS
10
5.0040826771653544
20
-2.5495196850393702
11
5.0136062992125989
21
-2.5519015748031495
0
LINE
8
CYAN2
6
CONTINUOUS
10
5.0136062992125989
20
-2.5519015748031495
11
5.0183700787401575
21
-2.5542834645669292
0
LINE
8
CYAN2
6
CONTINUOUS
10
5.0183700787401575
20
-2.5542834645669292
11
5.0207519685039372
21
-2.556665354330709
0
LINE
8
CYAN2
6
CONTINUOUS
10
5.0207519685039372
20
-2.556665354330709
11
5.0231299212598426
21
-2.5614251968503936
0
LINE
8
CYAN2
6
CONTINUOUS
10
5.0231299212598426
20
-2.5614251968503936
11
5.0231299212598426
21
-2.5661889763779531
0
LINE
8
CYAN2
6
CONTINUOUS
10
5.0231299212598426
20
-2.5661889763779531
11
5.0207519685039372
21
-2.5709488188976377
0
LINE
8
CYAN2
6
CONTINUOUS
10
5.0207519685039372
20
-2.5709488188976377
11
5.0183700787401575
21
-2.5733307086614174
0
LINE
8
CYAN2
6
CONTINUOUS
10
5.0183700787401575
20
-2.5733307086614174
11
5.0136062992125989
21
-2.5757125984251967
0
LINE
8
CYAN2
6
CONTINUOUS
10
5.0136062992125989
20
-2.5757125984251967
11
5.0040826771653544
21
-2.5780905511811025
0
LINE
8
CYAN2
6
CONTINUOUS
10
5.0040826771653544
20
-2.5780905511811025
11
4.992177165354331
21
-2.5780905511811025
0
LINE
8
CYAN2
6
CONTINUOUS
10
4.992177165354331
20
-2.5780905511811025
11
4.9826535433070864
21
-2.5757125984251967
0
LINE
8
CYAN2
6
CONTINUOUS
10
4.9826535433070864
20
-2.5757125984251967
11
4.9778937007874013
21
-2.5733307086614174
0
LINE
8
CYAN2
6
CONTINUOUS
10
4.9778937007874013
20
-2.5733307086614174
11
4.9755118110236225
21
-2.5709488188976377
0
LINE
8
CYAN2
6
CONTINUOUS
10
4.9755118110236225
20
-2.5709488188976377
11
4.9731299212598428
21
-2.5661889763779531
0
LINE
8
RED3
6
CONTINUOUS
10
4.9898779527559061
20
-2.4095196850393701
11
4.9898779527559061
21
-2.4380905511811024
0
LINE
8
RED3
6
CONTINUOUS
10
4.9898779527559061
20
-2.4238070866141732
11
4.9398779527559054
21
-2.4238070866141732
0
LINE
8
RED3
6
CONTINUOUS
10
4.9398779527559054
20
-2.4238070866141732
11
4.9470236220472446
21
-2.4285669291338583
0
LINE
8
RED3
6
CONTINUOUS
10
4.9470236220472446
20
-2.4285669291338583
11
4.9517834645669296
21
-2.4333307086614173
0
LINE
8
RED3
6
CONTINUOUS
10
4.9517834645669296
20
-2.4333307086614173
11
4.9541653543307085
21
-2.4380905511811024
0
LINE
8
RED3
6
CONTINUOUS
10
4.9565472440944882
20
-2.3666653543307086
11
4.9898779527559061
21
-2.3666653543307086
0
LINE
8
RED3
6
CONTINUOUS
10
4.9375
20
-2.3785708661417324
11
4.9732125984251967
21
-2.3904724409448819
0
LINE
8
RED3
6
CONTINUOUS
10
4.9732125984251967
20
-2.3904724409448819
11
4.9732125984251967
21
-2.3595236220472442
0
LINE
8
RED2
6
CONTINUOUS
10
4.9000000000000004
20
-2.5
11
4.9000000000000004
21
-2.3000000000000003
0
LINE
8
CYAN2
6
CONTINUOUS
10
4.9231299212598429
20
-2.625712598425197
11
4.8731299212598431
21
-2.625712598425197
0
LINE
8
CYAN2
6
CONTINUOUS
10
4.8731299212598431
20
-2.625712598425197
11
4.8731299212598431
21
-2.6138070866141732
0
LINE
8
CYAN2
6
CONTINUOUS
10
4.8731299212598431
20
-2.6138070866141732
11
4.875511811023622
21
-2.6066653543307088
0
LINE
8
CYAN2
6
CONTINUOUS
10
4.875511811023622
20
-2.6066653543307088
11
4.8802755905511814
21
-2.6019015748031498
0
LINE
8
CYAN2
6
CONTINUOUS
10
4.8802755905511814
20
-2.6019015748031498
11
4.8850354330708665
21
-2.59951968503937
0
LINE
8
CYAN2
6
CONTINUOUS
10
4.8850354330708665
20
-2.59951968503937
11
4.8945590551181102
21
-2.5971417322834647
0
LINE
8
CYAN2
6
CONTINUOUS
10
4.8945590551181102
20
-2.5971417322834647
11
4.901700787401575
21
-2.5971417322834647
0
LINE
8
CYAN2
6
CONTINUOUS
10
4.901700787401575
20
-2.5971417322834647
11
4.9112244094488187
21
-2.59951968503937
0
LINE
8
CYAN2
6
CONTINUOUS
10
4.9112244094488187
20
-2.59951968503937
11
4.9159881889763781
21
-2.6019015748031498
0
LINE
8
CYAN2
6
CONTINUOUS
10
4.9159881889763781
20
-2.6019015748031498
11
4.9207519685039376
21
-2.6066653543307088
0
LINE
8
CYAN2
6
CONTINUOUS
10
4.9207519685039376
20
-2.6066653543307088
11
4.9231299212598429
21
-2.6138070866141732
0
LINE
8
CYAN2
6
CONTINUOUS
10
4.9231299212598429
20
-2.6138070866141732
11
4.9231299212598429
21
-2.625712598425197
0
LINE
8
CYAN2
6
CONTINUOUS
10
4.9231299212598429
20
-2.5495196850393702
11
4.9231299212598429
21
-2.5780905511811025
0
LINE
8
CYAN2
6
CONTINUOUS
10
4.9231299212598429
20
-2.5638070866141733
11
4.8731299212598431
21
-2.5638070866141733
0
LINE
8
CYAN2
6
CONTINUOUS
10
4.8731299212598431
20
-2.5638070866141733
11
4.8802755905511814
21
-2.5685669291338584
0
LINE
8
CYAN2
6
CONTINUOUS
10
4.8802755905511814
20
-2.5685669291338584
11
4.8850354330708665
21
-2.5733307086614174
0
LINE
8
CYAN2
6
CONTINUOUS
10
4.8850354330708665
20
-2.5733307086614174
11
4.8874173228346462
21
-2.5780905511811025
0
LINE
8
RED3
6
CONTINUOUS
10
4.8898779527559055
20
-2.4095196850393701
11
4.8898779527559055
21
-2.4380905511811024
0
LINE
8
RED3
6
CONTINUOUS
10
4.8898779527559055
20
-2.4238070866141732
11
4.8398779527559057
21
-2.4238070866141732
0
LINE
8
RED3
6
CONTINUOUS
10
4.8398779527559057
20
-2.4238070866141732
11
4.847023622047244
21
-2.4285669291338583
0
LINE
8
RED3
6
CONTINUOUS
10
4.847023622047244
20
-2.4285669291338583
11
4.8517834645669291
21
-2.4333307086614173
0
LINE
8
RED3
6
CONTINUOUS
10
4.8517834645669291
20
-2.4333307086614173
11
4.8541653543307088
21
-2.4380905511811024
0
LINE
8
RED3
6
CONTINUOUS
10
4.8398779527559057
20
-2.3928543307086616
11
4.8398779527559057
21
-2.3619015748031496
0
LINE
8
RED3
6
CONTINUOUS
10
4.8398779527559057
20
-2.3619015748031496
11
4.8589251968503939
21
-2.3785708661417324
0
LINE
8
RED3
6
CONTINUOUS
10
4.8589251968503939
20
-2.3785708661417324
11
4.8589251968503939
21
-2.3714251968503937
0
LINE
8
RED3
6
CONTINUOUS
10
4.8589251968503939
20
-2.3714251968503937
11
4.8613070866141737
21
-2.3666653543307086
0
LINE
8
RED3
6
CONTINUOUS
10
4.8613070866141737
20
-2.3666653543307086
11
4.8636889763779525
21
-2.3642834645669293
0
LINE
8
RED3
6
CONTINUOUS
10
4.8636889763779525
20
-2.3642834645669293
11
4.8684488188976376
21
-2.3619015748031496
0
LINE
8
RED3
6
CONTINUOUS
10
4.8684488188976376
20
-2.3619015748031496
11
4.8803543307086619
21
-2.3619015748031496
0
LINE
8
RED3
6
CONTINUOUS
10
4.8803543307086619
20
-2.3619015748031496
11
4.8851181102362204
21
-2.3642834645669293
0
LINE
8
RED3
6
CONTINUOUS
10
4.8851181102362204
20
-2.3642834645669293
11
4.8875000000000002
21
-2.3666653543307086
0
LINE
8
RED3
6
CONTINUOUS
10
4.8875000000000002
20
-2.3666653543307086
11
4.8898779527559055
21
-2.3714251968503937
0
LINE
8
RED3
6
CONTINUOUS
10
4.8898779527559055
20
-2.3714251968503937
11
4.8898779527559055
21
-2.3857125984251968
0
LINE
8
RED3
6
CONTINUOUS
10
4.8898779527559055
20
-2.3857125984251968
11
4.8875000000000002
21
-2.3904724409448819
0
LINE
8
RED3
6
CONTINUOUS
10
4.8875000000000002
20
-2.3904724409448819
11
4.8851181102362204
21
-2.3928543307086616
0
LINE
8
RED2
6
CONTINUOUS
10
4.7999999999999998
20
-2.5
11
4.7999999999999998
21
-2.3000000000000003
0
LINE
8
CYAN2
6
CONTINUOUS
10
4.8231299212598424
20
-2.625712598425197
11
4.7731299212598426
21
-2.625712598425197
0
LINE
8
CYAN2
6
CONTINUOUS
10
4.7731299212598426
20
-2.625712598425197
11
4.7731299212598426
21
-2.6138070866141732
0
LINE
8
CYAN2
6
CONTINUOUS
10
4.7731299212598426
20
-2.6138070866141732
11
4.7755118110236223
21
-2.6066653543307088
0
LINE
8
CYAN2
6
CONTINUOUS
10
4.7755118110236223
20
-2.6066653543307088
11
4.7802755905511809
21
-2.6019015748031498
0
LINE
8
CYAN2
6
CONTINUOUS
10
4.7802755905511809
20
-2.6019015748031498
11
4.785035433070866
21
-2.59951968503937
0
LINE
8
CYAN2
6
CONTINUOUS
10
4.785035433070866
20
-2.59951968503937
11
4.7945590551181105
21
-2.5971417322834647
0
LINE
8
CYAN2
6
CONTINUOUS
10
4.7945590551181105
20
-2.5971417322834647
11
4.8017007874015754
21
-2.5971417322834647
0
LINE
8
CYAN2
6
CONTINUOUS
10
4.8017007874015754
20
-2.5971417322834647
11
4.811224409448819
21
-2.59951968503937
0
LINE
8
CYAN2
6
CONTINUOUS
10
4.811224409448819
20
-2.59951968503937
11
4.8159881889763785
21
-2.6019015748031498
0
LINE
8
CYAN2
6
CONTINUOUS
10
4.8159881889763785
20
-2.6019015748031498
11
4.8207519685039371
21
-2.6066653543307088
0
LINE
8
CYAN2
6
CONTINUOUS
10
4.8207519685039371
20
-2.6066653543307088
11
4.8231299212598424
21
-2.6138070866141732
0
LINE
8
CYAN2
6
CONTINUOUS
10
4.8231299212598424
20
-2.6138070866141732
11
4.8231299212598424
21
-2.625712598425197
0
LINE
8
CYAN2
6
CONTINUOUS
10
4.7778937007874021
20
-2.5780905511811025
11
4.7755118110236223
21
-2.5757125984251967
0
LINE
8
CYAN2
6
CONTINUOUS
10
4.7755118110236223
20
-2.5757125984251967
11
4.7731299212598426
21
-2.5709488188976377
0
LINE
8
CYAN2
6
CONTINUOUS
10
4.7731299212598426
20
-2.5709488188976377
11
4.7731299212598426
21
-2.5590433070866143
0
LINE
8
CYAN2
6
CONTINUOUS
10
4.7731299212598426
20
-2.5590433070866143
11
4.7755118110236223
21
-2.5542834645669292
0
LINE
8
CYAN2
6
CONTINUOUS
10
4.7755118110236223
20
-2.5542834645669292
11
4.7778937007874021
21
-2.5519015748031495
0
LINE
8
CYAN2
6
CONTINUOUS
10
4.7778937007874021
20
-2.5519015748031495
11
4.7826535433070871
21
-2.5495196850393702
0
LINE
8
CYAN2
6
CONTINUOUS
10
4.7826535433070871
20
-2.5495196850393702
11
4.7874173228346457
21
-2.5495196850393702
0
LINE
8
CYAN2
6
CONTINUOUS
10
4.7874173228346457
20
-2.5495196850393702
11
4.7945590551181105
21
-2.5519015748031495
0
LINE
8
CYAN2
6
CONTINUOUS
10
4.7945590551181105
20
-2.5519015748031495
11
4.8231299212598424
21
-2.5804724409448818
0
LINE
8
CYAN2
6
CONTINUOUS
10
4.8231299212598424
20
-2.5804724409448818
11
4.8231299212598424
21
-2.5495196850393702
0
LINE
8
RED3
6
CONTINUOUS
10
4.7898779527559059
20
-2.4095196850393701
11
4.7898779527559059
21
-2.4380905511811024
0
LINE
8
RED3
6
CONTINUOUS
10
4.7898779527559059
20
-2.4238070866141732
11
4.7398779527559061
21
-2.4238070866141732
0
LINE
8
RED3
6
CONTINUOUS
10
4.7398779527559061
20
-2.4238070866141732
11
4.7470236220472444
21
-2.4285669291338583
0
LINE
8
RED3
6
CONTINUOUS
10
4.7470236220472444
20
-2.4285669291338583
11
4.7517834645669295
21
-2.4333307086614173
0
LINE
8
RED3
6
CONTINUOUS
10
4.7517834645669295
20
-2.4333307086614173
11
4.7541653543307092
21
-2.4380905511811024
0
LINE
8
RED3
6
CONTINUOUS
10
4.7446417322834646
20
-2.3904724409448819
11
4.7422598425196849
21
-2.3880944881889765
0
LINE
8
RED3
6
CONTINUOUS
10
4.7422598425196849
20
-2.3880944881889765
11
4.7398779527559061
21
-2.3833307086614175
0
LINE
8
RED3
6
CONTINUOUS
10
4.7398779527559061
20
-2.3833307086614175
11
4.7398779527559061
21
-2.3714251968503937
0
LINE
8
RED3
6
CONTINUOUS
10
4.7398779527559061
20
-2.3714251968503937
11
4.7422598425196849
21
-2.3666653543307086
0
LINE
8
RED3
6
CONTINUOUS
10
4.7422598425196849
20
-2.3666653543307086
11
4.7446417322834646
21
-2.3642834645669293
0
LINE
8
RED3
6
CONTINUOUS
10
4.7446417322834646
20
-2.3642834645669293
11
4.7494015748031497
21
-2.3619015748031496
0
LINE
8
RED3
6
CONTINUOUS
10
4.7494015748031497
20
-2.3619015748031496
11
4.7541653543307092
21
-2.3619015748031496
0
LINE
8
RED3
6
CONTINUOUS
10
4.7541653543307092
20
-2.3619015748031496
11
4.7613070866141731
21
-2.3642834645669293
0
LINE
8
RED3
6
CONTINUOUS
10
4.7613070866141731
20
-2.3642834645669293
11
4.7898779527559059
21
-2.3928543307086616
0
LINE
8
RED3
6
CONTINUOUS
10
4.7898779527559059
20
-2.3928543307086616
11
4.7898779527559059
21
-2.3619015748031496
0
LINE
8
RED2
6
CONTINUOUS
10
4.7000000000000002
20
-2.5
11
4.7000000000000002
21
-2.3000000000000003
0
LINE
8
CYAN2
6
CONTINUOUS
10
4.7231299212598428
20
-2.625712598425197
11
4.6731299212598429
21
-2.625712598425197
0
LINE
8
CYAN2
6
CONTINUOUS
10
4.6731299212598429
20
-2.625712598425197
11
4.6731299212598429
21
-2.6138070866141732
0
LINE
8
CYAN2
6
CONTINUOUS
10
4.6731299212598429
20
-2.6138070866141732
11
4.6755118110236218
21
-2.6066653543307088
0
LINE
8
CYAN2
6
CONTINUOUS
10
4.6755118110236218
20
-2.6066653543307088
11
4.6802755905511813
21
-2.6019015748031498
0
LINE
8
CYAN2
6
CONTINUOUS
10
4.6802755905511813
20
-2.6019015748031498
11
4.6850354330708663
21
-2.59951968503937
0
LINE
8
CYAN2
6
CONTINUOUS
10
4.6850354330708663
20
-2.59951968503937
11
4.69455905511811
21
-2.5971417322834647
0
LINE
8
CYAN2
6
CONTINUOUS
10
4.69455905511811
20
-2.5971417322834647
11
4.7017007874015748
21
-2.5971417322834647
0
LINE
8
CYAN2
6
CONTINUOUS
10
4.7017007874015748
20
-2.5971417322834647
11
4.7112244094488194
21
-2.59951968503937
0
LINE
8
CYAN2
6
CONTINUOUS
10
4.7112244094488194
20
-2.59951968503937
11
4.7159881889763779
21
-2.6019015748031498
0
LINE
8
CYAN2
6
CONTINUOUS
10
4.7159881889763779
20
-2.6019015748031498
11
4.7207519685039374
21
-2.6066653543307088
0
LINE
8
CYAN2
6
CONTINUOUS
10
4.7207519685039374
20
-2.6066653543307088
11
4.7231299212598428
21
-2.6138070866141732
0
LINE
8
CYAN2
6
CONTINUOUS
10
4.7231299212598428
20
-2.6138070866141732
11
4.7231299212598428
21
-2.625712598425197
0
LINE
8
CYAN2
6
CONTINUOUS
10
4.6731299212598429
20
-2.5804724409448818
11
4.6731299212598429
21
-2.5495196850393702
0
LINE
8
CYAN2
6
CONTINUOUS
10
4.6731299212598429
20
-2.5495196850393702
11
4.6921771653543312
21
-2.5661889763779531
0
LINE
8
CYAN2
6
CONTINUOUS
10
4.6921771653543312
20
-2.5661889763779531
11
4.6921771653543312
21
-2.5590433070866143
0
LINE
8
CYAN2
6
CONTINUOUS
10
4.6921771653543312
20
-2.5590433070866143
11
4.69455905511811
21
-2.5542834645669292
0
LINE
8
CYAN2
6
CONTINUOUS
10
4.69455905511811
20
-2.5542834645669292
11
4.6969409448818897
21
-2.5519015748031495
0
LINE
8
CYAN2
6
CONTINUOUS
10
4.6969409448818897
20
-2.5519015748031495
11
4.7017007874015748
21
-2.5495196850393702
0
LINE
8
CYAN2
6
CONTINUOUS
10
4.7017007874015748
20
-2.5495196850393702
11
4.7136062992125982
21
-2.5495196850393702
0
LINE
8
CYAN2
6
CONTINUOUS
10
4.7136062992125982
20
-2.5495196850393702
11
4.7183700787401577
21
-2.5519015748031495
0
LINE
8
CYAN2
6
CONTINUOUS
10
4.7183700787401577
20
-2.5519015748031495
11
4.7207519685039374
21
-2.5542834645669292
0
LINE
8
CYAN2
6
CONTINUOUS
10
4.7207519685039374
20
-2.5542834645669292
11
4.7231299212598428
21
-2.5590433070866143
0
LINE
8
CYAN2
6
CONTINUOUS
10
4.7231299212598428
20
-2.5590433070866143
11
4.7231299212598428
21
-2.5733307086614174
0
LINE
8
CYAN2
6
CONTINUOUS
10
4.7231299212598428
20
-2.5733307086614174
11
4.7207519685039374
21
-2.5780905511811025
0
LINE
8
CYAN2
6
CONTINUOUS
10
4.7207519685039374
20
-2.5780905511811025
11
4.7183700787401577
21
-2.5804724409448818
0
LINE
8
RED3
6
CONTINUOUS
10
4.6898779527559054
20
-2.4095196850393701
11
4.6898779527559054
21
-2.4380905511811024
0
LINE
8
RED3
6
CONTINUOUS
10
4.6898779527559054
20
-2.4238070866141732
11
4.6398779527559055
21
-2.4238070866141732
0
LINE
8
RED3
6
CONTINUOUS
10
4.6398779527559055
20
-2.4238070866141732
11
4.6470236220472438
21
-2.4285669291338583
0
LINE
8
RED3
6
CONTINUOUS
10
4.6470236220472438
20
-2.4285669291338583
11
4.6517834645669289
21
-2.4333307086614173
0
LINE
8
RED3
6
CONTINUOUS
10
4.6517834645669289
20
-2.4333307086614173
11
4.6541653543307087
21
-2.4380905511811024
0
LINE
8
RED3
6
CONTINUOUS
10
4.6898779527559054
20
-2.3619015748031496
11
4.6898779527559054
21
-2.3904724409448819
0
LINE
8
RED3
6
CONTINUOUS
10
4.6898779527559054
20
-2.3761889763779527
11
4.6398779527559055
21
-2.3761889763779527
0
LINE
8
RED3
6
CONTINUOUS
10
4.6398779527559055
20
-2.3761889763779527
11
4.6470236220472438
21
-2.3809488188976378
0
LINE
8
RED3
6
CONTINUOUS
10
4.6470236220472438
20
-2.3809488188976378
11
4.6517834645669289
21
-2.3857125984251968
0
LINE
8
RED3
6
CONTINUOUS
10
4.6517834645669289
20
-2.3857125984251968
11
4.6541653543307087
21
-2.3904724409448819
0
CIRCLE
8
RED2
10
4.5
20
-2.4750000000000001
40
0.025
0
LINE
8
RED2
6
CONTINUOUS
10
4.5
20
-2.4500000000000002
11
4.5
21
-2.3000000000000003
0
LINE
8
CYAN2
6
CONTINUOUS
10
4.4731299212598428
20
-2.6614291338582676
11
4.4731299212598428
21
-2.6519055118110235
0
LINE
8
CYAN2
6
CONTINUOUS
10
4.4731299212598428
20
-2.6519055118110235
11
4.4755118110236225
21
-2.6471417322834645
0
LINE
8
CYAN2
6
CONTINUOUS
10
4.4755118110236225
20
-2.6471417322834645
11
4.4802755905511811
21
-2.6423818897637794
0
LINE
8
CYAN2
6
CONTINUOUS
10
4.4802755905511811
20
-2.6423818897637794
11
4.4897992125984256
21
-2.6400000000000001
0
LINE
8
CYAN2
6
CONTINUOUS
10
4.4897992125984256
20
-2.6400000000000001
11
4.5064645669291341
21
-2.6400000000000001
0
LINE
8
CYAN2
6
CONTINUOUS
10
4.5064645669291341
20
-2.6400000000000001
11
4.5159881889763778
21
-2.6423818897637794
0
LINE
8
CYAN2
6
CONTINUOUS
10
4.5159881889763778
20
-2.6423818897637794
11
4.5207519685039372
21
-2.6471417322834645
0
LINE
8
CYAN2
6
CONTINUOUS
10
4.5207519685039372
20
-2.6471417322834645
11
4.5231299212598426
21
-2.6519055118110235
0
LINE
8
CYAN2
6
CONTINUOUS
10
4.5231299212598426
20
-2.6519055118110235
11
4.5231299212598426
21
-2.6614291338582676
0
LINE
8
CYAN2
6
CONTINUOUS
10
4.5231299212598426
20
-2.6614291338582676
11
4.5207519685039372
21
-2.6661889763779527
0
LINE
8
CYAN2
6
CONTINUOUS
10
4.5207519685039372
20
-2.6661889763779527
11
4.5159881889763778
21
-2.6709527559055117
0
LINE
8
CYAN2
6
CONTINUOUS
10
4.5159881889763778
20
-2.6709527559055117
11
4.5064645669291341
21
-2.6733307086614175
0
LINE
8
CYAN2
6
CONTINUOUS
10
4.5064645669291341
20
-2.6733307086614175
11
4.4897992125984256
21
-2.6733307086614175
0
LINE
8
CYAN2
6
CONTINUOUS
10
4.4897992125984256
20
-2.6733307086614175
11
4.4802755905511811
21
-2.6709527559055117
0
LINE
8
CYAN2
6
CONTINUOUS
10
4.4802755905511811
20
-2.6709527559055117
11
4.4755118110236225
21
-2.6661889763779527
0
LINE
8
CYAN2
6
CONTINUOUS
10
4.4755118110236225
20
-2.6661889763779527
11
4.4731299212598428
21
-2.6614291338582676
0
LINE
8
CYAN2
6
CONTINUOUS
10
4.5207519685039372
20
-2.5995236220472444
11
4.5231299212598426
21
-2.6042834645669291
0
LINE
8
CYAN2
6
CONTINUOUS
10
4.5231299212598426
20
-2.6042834645669291
11
4.5231299212598426
21
-2.6138070866141732
0
LINE
8
CYAN2
6
CONTINUOUS
10
4.5231299212598426
20
-2.6138070866141732
11
4.5207519685039372
21
-2.6185708661417322
0
LINE
8
CYAN2
6
CONTINUOUS
10
4.5207519685039372
20
-2.6185708661417322
11
4.5159881889763778
21
-2.620948818897638
0
LINE
8
CYAN2
6
CONTINUOUS
10
4.5159881889763778
20
-2.620948818897638
11
4.4969409448818896
21
-2.620948818897638
0
LINE
8
CYAN2
6
CONTINUOUS
10
4.4969409448818896
20
-2.620948818897638
11
4.492177165354331
21
-2.6185708661417322
0
LINE
8
CYAN2
6
CONTINUOUS
10
4.492177165354331
20
-2.6185708661417322
11
4.4897992125984256
21
-2.6138070866141732
0
LINE
8
CYAN2
6
CONTINUOUS
10
4.4897992125984256
20
-2.6138070866141732
11
4.4897992125984256
21
-2.6042834645669291
0
LINE
8
CYAN2
6
CONTINUOUS
10
4.4897992125984256
20
-2.6042834645669291
11
4.492177165354331
21
-2.5995236220472444
0
LINE
8
CYAN2
6
CONTINUOUS
10
4.492177165354331
20
-2.5995236220472444
11
4.4969409448818896
21
-2.5971417322834647
0
LINE
8
CYAN2
6
CONTINUOUS
10
4.4969409448818896
20
-2.5971417322834647
11
4.5017007874015746
21
-2.5971417322834647
0
LINE
8
CYAN2
6
CONTINUOUS
10
4.5017007874015746
20
-2.5971417322834647
11
4.5064645669291341
21
-2.620948818897638
0
LINE
8
CYAN2
6
CONTINUOUS
10
4.5231299212598426
20
-2.5495196850393702
11
4.5231299212598426
21
-2.5780905511811025
0
LINE
8
CYAN2
6
CONTINUOUS
10
4.5231299212598426
20
-2.5638070866141733
11
4.4731299212598428
21
-2.5638070866141733
0
LINE
8
CYAN2
6
CONTINUOUS
10
4.4731299212598428
20
-2.5638070866141733
11
4.4802755905511811
21
-2.5685669291338584
0
LINE
8
CYAN2
6
CONTINUOUS
10
4.4802755905511811
20
-2.5685669291338584
11
4.4850354330708662
21
-2.5733307086614174
0
LINE
8
CYAN2
6
CONTINUOUS
10
4.4850354330708662
20
-2.5733307086614174
11
4.4874173228346459
21
-2.5780905511811025
0
LINE
8
RED3
6
CONTINUOUS
10
4.4898779527559061
20
-2.3857086614173229
11
4.4898779527559061
21
-2.4142795275590552
0
LINE
8
RED3
6
CONTINUOUS
10
4.4898779527559061
20
-2.399996062992126
11
4.4398779527559054
21
-2.399996062992126
0
LINE
8
RED3
6
CONTINUOUS
10
4.4398779527559054
20
-2.399996062992126
11
4.4470236220472446
21
-2.4047559055118111
0
LINE
8
RED3
6
CONTINUOUS
10
4.4470236220472446
20
-2.4047559055118111
11
4.4517834645669296
21
-2.4095196850393701
0
LINE
8
RED3
6
CONTINUOUS
10
4.4517834645669296
20
-2.4095196850393701
11
4.4541653543307085
21
-2.4142795275590552
0
CIRCLE
8
RED2
10
4.4000000000000004
20
-2.4750000000000001
40
0.025
0
LINE
8
RED2
6
CONTINUOUS
10
4.4000000000000004
20
-2.4500000000000002
11
4.4000000000000004
21
-2.3000000000000003
0
LINE
8
CYAN2
6
CONTINUOUS
10
4.3731299212598431
20
-2.6614291338582676
11
4.3731299212598431
21
-2.6519055118110235
0
LINE
8
CYAN2
6
CONTINUOUS
10
4.3731299212598431
20
-2.6519055118110235
11
4.375511811023622
21
-2.6471417322834645
0
LINE
8
CYAN2
6
CONTINUOUS
10
4.375511811023622
20
-2.6471417322834645
11
4.3802755905511814
21
-2.6423818897637794
0
LINE
8
CYAN2
6
CONTINUOUS
10
4.3802755905511814
20
-2.6423818897637794
11
4.3897992125984251
21
-2.6400000000000001
0
LINE
8
CYAN2
6
CONTINUOUS
10
4.3897992125984251
20
-2.6400000000000001
11
4.4064645669291345
21
-2.6400000000000001
0
LINE
8
CYAN2
6
CONTINUOUS
10
4.4064645669291345
20
-2.6400000000000001
11
4.4159881889763781
21
-2.6423818897637794
0
LINE
8
CYAN2
6
CONTINUOUS
10
4.4159881889763781
20
-2.6423818897637794
11
4.4207519685039376
21
-2.6471417322834645
0
LINE
8
CYAN2
6
CONTINUOUS
10
4.4207519685039376
20
-2.6471417322834645
11
4.4231299212598429
21
-2.6519055118110235
0
LINE
8
CYAN2
6
CONTINUOUS
10
4.4231299212598429
20
-2.6519055118110235
11
4.4231299212598429
21
-2.6614291338582676
0
LINE
8
CYAN2
6
CONTINUOUS
10
4.4231299212598429
20
-2.6614291338582676
11
4.4207519685039376
21
-2.6661889763779527
0
LINE
8
CYAN2
6
CONTINUOUS
10
4.4207519685039376
20
-2.6661889763779527
11
4.4159881889763781
21
-2.6709527559055117
0
LINE
8
CYAN2
6
CONTINUOUS
10
4.4159881889763781
20
-2.6709527559055117
11
4.4064645669291345
21
-2.6733307086614175
0
LINE
8
CYAN2
6
CONTINUOUS
10
4.4064645669291345
20
-2.6733307086614175
11
4.3897992125984251
21
-2.6733307086614175
0
LINE
8
CYAN2
6
CONTINUOUS
10
4.3897992125984251
20
-2.6733307086614175
11
4.3802755905511814
21
-2.6709527559055117
0
LINE
8
CYAN2
6
CONTINUOUS
10
4.3802755905511814
20
-2.6709527559055117
11
4.375511811023622
21
-2.6661889763779527
0
LINE
8
CYAN2
6
CONTINUOUS
10
4.375511811023622
20
-2.6661889763779527
11
4.3731299212598431
21
-2.6614291338582676
0
LINE
8
CYAN2
6
CONTINUOUS
10
4.4207519685039376
20
-2.5995236220472444
11
4.4231299212598429
21
-2.6042834645669291
0
LINE
8
CYAN2
6
CONTINUOUS
10
4.4231299212598429
20
-2.6042834645669291
11
4.4231299212598429
21
-2.6138070866141732
0
LINE
8
CYAN2
6
CONTINUOUS
10
4.4231299212598429
20
-2.6138070866141732
11
4.4207519685039376
21
-2.6185708661417322
0
LINE
8
CYAN2
6
CONTINUOUS
10
4.4207519685039376
20
-2.6185708661417322
11
4.4159881889763781
21
-2.620948818897638
0
LINE
8
CYAN2
6
CONTINUOUS
10
4.4159881889763781
20
-2.620948818897638
11
4.3969409448818899
21
-2.620948818897638
0
LINE
8
CYAN2
6
CONTINUOUS
10
4.3969409448818899
20
-2.620948818897638
11
4.3921771653543304
21
-2.6185708661417322
0
LINE
8
CYAN2
6
CONTINUOUS
10
4.3921771653543304
20
-2.6185708661417322
11
4.3897992125984251
21
-2.6138070866141732
0
LINE
8
CYAN2
6
CONTINUOUS
10
4.3897992125984251
20
-2.6138070866141732
11
4.3897992125984251
21
-2.6042834645669291
0
LINE
8
CYAN2
6
CONTINUOUS
10
4.3897992125984251
20
-2.6042834645669291
11
4.3921771653543304
21
-2.5995236220472444
0
LINE
8
CYAN2
6
CONTINUOUS
10
4.3921771653543304
20
-2.5995236220472444
11
4.3969409448818899
21
-2.5971417322834647
0
LINE
8
CYAN2
6
CONTINUOUS
10
4.3969409448818899
20
-2.5971417322834647
11
4.401700787401575
21
-2.5971417322834647
0
LINE
8
CYAN2
6
CONTINUOUS
10
4.401700787401575
20
-2.5971417322834647
11
4.4064645669291345
21
-2.620948818897638
0
LINE
8
CYAN2
6
CONTINUOUS
10
4.3778937007874017
20
-2.5780905511811025
11
4.375511811023622
21
-2.5757125984251967
0
LINE
8
CYAN2
6
CONTINUOUS
10
4.375511811023622
20
-2.5757125984251967
11
4.3731299212598431
21
-2.5709488188976377
0
LINE
8
CYAN2
6
CONTINUOUS
10
4.3731299212598431
20
-2.5709488188976377
11
4.3731299212598431
21
-2.5590433070866143
0
LINE
8
CYAN2
6
CONTINUOUS
10
4.3731299212598431
20
-2.5590433070866143
11
4.375511811023622
21
-2.5542834645669292
0
LINE
8
CYAN2
6
CONTINUOUS
10
4.375511811023622
20
-2.5542834645669292
11
4.3778937007874017
21
-2.5519015748031495
0
LINE
8
CYAN2
6
CONTINUOUS
10
4.3778937007874017
20
-2.5519015748031495
11
4.3826535433070868
21
-2.5495196850393702
0
LINE
8
CYAN2
6
CONTINUOUS
10
4.3826535433070868
20
-2.5495196850393702
11
4.3874173228346462
21
-2.5495196850393702
0
LINE
8
CYAN2
6
CONTINUOUS
10
4.3874173228346462
20
-2.5495196850393702
11
4.3945590551181102
21
-2.5519015748031495
0
LINE
8
CYAN2
6
CONTINUOUS
10
4.3945590551181102
20
-2.5519015748031495
11
4.4231299212598429
21
-2.5804724409448818
0
LINE
8
CYAN2
6
CONTINUOUS
10
4.4231299212598429
20
-2.5804724409448818
11
4.4231299212598429
21
-2.5495196850393702
0
LINE
8
RED3
6
CONTINUOUS
10
4.3446417322834652
20
-2.4142795275590552
11
4.3422598425196854
21
-2.4119015748031498
0
LINE
8
RED3
6
CONTINUOUS
10
4.3422598425196854
20
-2.4119015748031498
11
4.3398779527559057
21
-2.4071377952755908
0
LINE
8
RED3
6
CONTINUOUS
10
4.3398779527559057
20
-2.4071377952755908
11
4.3398779527559057
21
-2.395232283464567
0
LINE
8
RED3
6
CONTINUOUS
10
4.3398779527559057
20
-2.395232283464567
11
4.3422598425196854
21
-2.3904724409448819
0
LINE
8
RED3
6
CONTINUOUS
10
4.3422598425196854
20
-2.3904724409448819
11
4.3446417322834652
21
-2.3880905511811026
0
LINE
8
RED3
6
CONTINUOUS
10
4.3446417322834652
20
-2.3880905511811026
11
4.3494015748031494
21
-2.3857086614173229
0
LINE
8
RED3
6
CONTINUOUS
10
4.3494015748031494
20
-2.3857086614173229
11
4.3541653543307088
21
-2.3857086614173229
0
LINE
8
RED3
6
CONTINUOUS
10
4.3541653543307088
20
-2.3857086614173229
11
4.3613070866141737
21
-2.3880905511811026
0
LINE
8
RED3
6
CONTINUOUS
10
4.3613070866141737
20
-2.3880905511811026
11
4.3898779527559055
21
-2.4166614173228349
0
LINE
8
RED3
6
CONTINUOUS
10
4.3898779527559055
20
-2.4166614173228349
11
4.3898779527559055
21
-2.3857086614173229
0
CIRCLE
8
RED2
10
4.2000000000000002
20
-2.4750000000000001
40
0.025
0
LINE
8
RED2
6
CONTINUOUS
10
4.2000000000000002
20
-2.4500000000000002
11
4.2000000000000002
21
-2.3000000000000003
0
LINE
8
CYAN2
6
CONTINUOUS
10
4.1969409448818897
20
-2.620948818897638
11
4.1969409448818897
21
-2.6042795275590551
0
LINE
8
CYAN2
6
CONTINUOUS
10
4.2231299212598428
20
-2.5971377952755907
11
4.2231299212598428
21
-2.620948818897638
0
LINE
8
CYAN2
6
CONTINUOUS
10
4.2231299212598428
20
-2.620948818897638
11
4.1731299212598429
21
-2.620948818897638
0
LINE
8
CYAN2
6
CONTINUOUS
10
4.1731299212598429
20
-2.620948818897638
11
4.1731299212598429
21
-2.5971377952755907
0
LINE
8
CYAN2
6
CONTINUOUS
10
4.2231299212598428
20
-2.5495196850393702
11
4.2231299212598428
21
-2.5780905511811025
0
LINE
8
CYAN2
6
CONTINUOUS
10
4.2231299212598428
20
-2.5638070866141733
11
4.1731299212598429
21
-2.5638070866141733
0
LINE
8
CYAN2
6
CONTINUOUS
10
4.1731299212598429
20
-2.5638070866141733
11
4.1802755905511813
21
-2.5685669291338584
0
LINE
8
CYAN2
6
CONTINUOUS
10
4.1802755905511813
20
-2.5685669291338584
11
4.1850354330708663
21
-2.5733307086614174
0
LINE
8
CYAN2
6
CONTINUOUS
10
4.1850354330708663
20
-2.5733307086614174
11
4.1874173228346461
21
-2.5780905511811025
0
LINE
8
RED3
6
CONTINUOUS
10
4.1898779527559054
20
-2.4095196850393701
11
4.1898779527559054
21
-2.399996062992126
0
LINE
8
RED3
6
CONTINUOUS
10
4.1898779527559054
20
-2.399996062992126
11
4.1875
21
-2.395232283464567
0
LINE
8
RED3
6
CONTINUOUS
10
4.1875
20
-2.395232283464567
11
4.1851181102362203
21
-2.3928543307086616
0
LINE
8
RED3
6
CONTINUOUS
10
4.1851181102362203
20
-2.3928543307086616
11
4.177972440944882
21
-2.3880905511811026
0
LINE
8
RED3
6
CONTINUOUS
10
4.177972440944882
20
-2.3880905511811026
11
4.1684488188976383
21
-2.3857086614173229
0
LINE
8
RED3
6
CONTINUOUS
10
4.1684488188976383
20
-2.3857086614173229
11
4.1494015748031501
21
-2.3857086614173229
0
LINE
8
RED3
6
CONTINUOUS
10
4.1494015748031501
20
-2.3857086614173229
11
4.144641732283465
21
-2.3880905511811026
0
LINE
8
RED3
6
CONTINUOUS
10
4.144641732283465
20
-2.3880905511811026
11
4.1422598425196853
21
-2.3904724409448819
0
LINE
8
RED3
6
CONTINUOUS
10
4.1422598425196853
20
-2.3904724409448819
11
4.1398779527559055
21
-2.395232283464567
0
LINE
8
RED3
6
CONTINUOUS
10
4.1398779527559055
20
-2.395232283464567
11
4.1398779527559055
21
-2.4047559055118111
0
LINE
8
RED3
6
CONTINUOUS
10
4.1398779527559055
20
-2.4047559055118111
11
4.1422598425196853
21
-2.4095196850393701
0
LINE
8
RED3
6
CONTINUOUS
10
4.1422598425196853
20
-2.4095196850393701
11
4.144641732283465
21
-2.4119015748031498
0
LINE
8
RED3
6
CONTINUOUS
10
4.144641732283465
20
-2.4119015748031498
11
4.1494015748031501
21
-2.4142795275590552
0
LINE
8
RED3
6
CONTINUOUS
10
4.1494015748031501
20
-2.4142795275590552
11
4.1613070866141735
21
-2.4142795275590552
0
LINE
8
RED3
6
CONTINUOUS
10
4.1613070866141735
20
-2.4142795275590552
11
4.1660708661417321
21
-2.4119015748031498
0
LINE
8
RED3
6
CONTINUOUS
10
4.1660708661417321
20
-2.4119015748031498
11
4.1684488188976383
21
-2.4095196850393701
0
LINE
8
RED3
6
CONTINUOUS
10
4.1684488188976383
20
-2.4095196850393701
11
4.1708307086614171
21
-2.4047559055118111
0
LINE
8
RED3
6
CONTINUOUS
10
4.1708307086614171
20
-2.4047559055118111
11
4.1708307086614171
21
-2.395232283464567
0
LINE
8
RED3
6
CONTINUOUS
10
4.1708307086614171
20
-2.395232283464567
11
4.1684488188976383
21
-2.3904724409448819
0
LINE
8
RED3
6
CONTINUOUS
10
4.1684488188976383
20
-2.3904724409448819
11
4.1660708661417321
21
-2.3880905511811026
0
LINE
8
RED3
6
CONTINUOUS
10
4.1660708661417321
20
-2.3880905511811026
11
4.1613070866141735
21
-2.3857086614173229
0
CIRCLE
8
RED2
10
4.1000000000000005
20
-2.4750000000000001
40
0.025
0
LINE
8
RED2
6
CONTINUOUS
10
4.1000000000000005
20
-2.4500000000000002
11
4.1000000000000005
21
-2.3000000000000003
0
LINE
8
CYAN2
6
CONTINUOUS
10
4.0969409448818901
20
-2.620948818897638
11
4.0969409448818901
21
-2.6042795275590551
0
LINE
8
CYAN2
6
CONTINUOUS
10
4.1231299212598422
20
-2.5971377952755907
11
4.1231299212598422
21
-2.620948818897638
0
LINE
8
CYAN2
6
CONTINUOUS
10
4.1231299212598422
20
-2.620948818897638
11
4.0731299212598424
21
-2.620948818897638
0
LINE
8
CYAN2
6
CONTINUOUS
10
4.0731299212598424
20
-2.620948818897638
11
4.0731299212598424
21
-2.5971377952755907
0
LINE
8
CYAN2
6
CONTINUOUS
10
4.0778937007874019
20
-2.5780905511811025
11
4.0755118110236221
21
-2.5757125984251967
0
LINE
8
CYAN2
6
CONTINUOUS
10
4.0755118110236221
20
-2.5757125984251967
11
4.0731299212598424
21
-2.5709488188976377
0
LINE
8
CYAN2
6
CONTINUOUS
10
4.0731299212598424
20
-2.5709488188976377
11
4.0731299212598424
21
-2.5590433070866143
0
LINE
8
CYAN2
6
CONTINUOUS
10
4.0731299212598424
20
-2.5590433070866143
11
4.0755118110236221
21
-2.5542834645669292
0
LINE
8
CYAN2
6
CONTINUOUS
10
4.0755118110236221
20
-2.5542834645669292
11
4.0778937007874019
21
-2.5519015748031495
0
LINE
8
CYAN2
6
CONTINUOUS
10
4.0778937007874019
20
-2.5519015748031495
11
4.082653543307087
21
-2.5495196850393702
0
LINE
8
CYAN2
6
CONTINUOUS
10
4.082653543307087
20
-2.5495196850393702
11
4.0874173228346455
21
-2.5495196850393702
0
LINE
8
CYAN2
6
CONTINUOUS
10
4.0874173228346455
20
-2.5495196850393702
11
4.0945590551181104
21
-2.5519015748031495
0
LINE
8
CYAN2
6
CONTINUOUS
10
4.0945590551181104
20
-2.5519015748031495
11
4.1231299212598422
21
-2.5804724409448818
0
LINE
8
CYAN2
6
CONTINUOUS
10
4.1231299212598422
20
-2.5804724409448818
11
4.1231299212598422
21
-2.5495196850393702
0
LINE
8
RED3
6
CONTINUOUS
10
4.0898779527559057
20
-2.4095196850393701
11
4.0898779527559057
21
-2.4380905511811024
0
LINE
8
RED3
6
CONTINUOUS
10
4.0898779527559057
20
-2.4238070866141732
11
4.0398779527559059
21
-2.4238070866141732
0
LINE
8
RED3
6
CONTINUOUS
10
4.0398779527559059
20
-2.4238070866141732
11
4.0470236220472442
21
-2.4285669291338583
0
LINE
8
RED3
6
CONTINUOUS
10
4.0470236220472442
20
-2.4285669291338583
11
4.0517834645669293
21
-2.4333307086614173
0
LINE
8
RED3
6
CONTINUOUS
10
4.0517834645669293
20
-2.4333307086614173
11
4.054165354330709
21
-2.4380905511811024
0
LINE
8
RED3
6
CONTINUOUS
10
4.0398779527559059
20
-2.3785708661417324
11
4.0398779527559059
21
-2.3738070866141734
0
LINE
8
RED3
6
CONTINUOUS
10
4.0398779527559059
20
-2.3738070866141734
11
4.0422598425196856
21
-2.3690472440944883
0
LINE
8
RED3
6
CONTINUOUS
10
4.0422598425196856
20
-2.3690472440944883
11
4.0446417322834645
21
-2.3666653543307086
0
LINE
8
RED3
6
CONTINUOUS
10
4.0446417322834645
20
-2.3666653543307086
11
4.0494015748031496
21
-2.3642834645669293
0
LINE
8
RED3
6
CONTINUOUS
10
4.0494015748031496
20
-2.3642834645669293
11
4.0589251968503941
21
-2.3619015748031496
0
LINE
8
RED3
6
CONTINUOUS
10
4.0589251968503941
20
-2.3619015748031496
11
4.0708307086614175
21
-2.3619015748031496
0
LINE
8
RED3
6
CONTINUOUS
10
4.0708307086614175
20
-2.3619015748031496
11
4.0803543307086612
21
-2.3642834645669293
0
LINE
8
RED3
6
CONTINUOUS
10
4.0803543307086612
20
-2.3642834645669293
11
4.0851181102362206
21
-2.3666653543307086
0
LINE
8
RED3
6
CONTINUOUS
10
4.0851181102362206
20
-2.3666653543307086
11
4.0875000000000004
21
-2.3690472440944883
0
LINE
8
RED3
6
CONTINUOUS
10
4.0875000000000004
20
-2.3690472440944883
11
4.0898779527559057
21
-2.3738070866141734
0
LINE
8
RED3
6
CONTINUOUS
10
4.0898779527559057
20
-2.3738070866141734
11
4.0898779527559057
21
-2.3785708661417324
0
LINE
8
RED3
6
CONTINUOUS
10
4.0898779527559057
20
-2.3785708661417324
11
4.0875000000000004
21
-2.3833307086614175
0
LINE
8
RED3
6
CONTINUOUS
10
4.0875000000000004
20
-2.3833307086614175
11
4.0851181102362206
21
-2.3857125984251968
0
LINE
8
RED3
6
CONTINUOUS
10
4.0851181102362206
20
-2.3857125984251968
11
4.0803543307086612
21
-2.3880944881889765
0
LINE
8
RED3
6
CONTINUOUS
10
4.0803543307086612
20
-2.3880944881889765
11
4.0708307086614175
21
-2.3904724409448819
0
LINE
8
RED3
6
CONTINUOUS
10
4.0708307086614175
20
-2.3904724409448819
11
4.0589251968503941
21
-2.3904724409448819
0
LINE
8
RED3
6
CONTINUOUS
10
4.0589251968503941
20
-2.3904724409448819
11
4.0494015748031496
21
-2.3880944881889765
0
LINE
8
RED3
6
CONTINUOUS
10
4.0494015748031496
20
-2.3880944881889765
11
4.0446417322834645
21
-2.3857125984251968
0
LINE
8
RED3
6
CONTINUOUS
10
4.0446417322834645
20
-2.3857125984251968
11
4.0422598425196856
21
-2.3833307086614175
0
LINE
8
RED3
6
CONTINUOUS
10
4.0422598425196856
20
-2.3833307086614175
11
4.0398779527559059
21
-2.3785708661417324
0
LINE
8
RED2
6
CONTINUOUS
10
4.
20
-2.5
11
4.
21
-2.3000000000000003
0
LINE
8
RED2
6
CONTINUOUS
10
4.0250000000000004
20
-2.5
11
4.
21
-2.5500000000000003
0
LINE
8
RED2
6
CONTINUOUS
10
4.
20
-2.5500000000000003
11
3.9750000000000001
21
-2.5
0
LINE
8
CYAN2
6
CONTINUOUS
10
4.0183700787401575
20
-2.5947598425196849
11
4.0207519685039372
21
-2.5971377952755907
0
LINE
8
CYAN2
6
CONTINUOUS
10
4.0207519685039372
20
-2.5971377952755907
11
4.0231299212598426
21
-2.6042834645669291
0
LINE
8
CYAN2
6
CONTINUOUS
10
4.0231299212598426
20
-2.6042834645669291
11
4.0231299212598426
21
-2.6090433070866141
0
LINE
8
CYAN2
6
CONTINUOUS
10
4.0231299212598426
20
-2.6090433070866141
11
4.0207519685039372
21
-2.616185039370079
0
LINE
8
CYAN2
6
CONTINUOUS
10
4.0207519685039372
20
-2.616185039370079
11
4.0159881889763778
21
-2.620948818897638
0
LINE
8
CYAN2
6
CONTINUOUS
10
4.0159881889763778
20
-2.620948818897638
11
4.0112244094488192
21
-2.6233307086614173
0
LINE
8
CYAN2
6
CONTINUOUS
10
4.0112244094488192
20
-2.6233307086614173
11
4.0017007874015746
21
-2.6257086614173231
0
LINE
8
CYAN2
6
CONTINUOUS
10
4.0017007874015746
20
-2.6257086614173231
11
3.9945590551181103
21
-2.6257086614173231
0
LINE
8
CYAN2
6
CONTINUOUS
10
3.9945590551181103
20
-2.6257086614173231
11
3.9850354330708662
21
-2.6233307086614173
0
LINE
8
CYAN2
6
CONTINUOUS
10
3.9850354330708662
20
-2.6233307086614173
11
3.9802755905511811
21
-2.620948818897638
0
LINE
8
CYAN2
6
CONTINUOUS
10
3.9802755905511811
20
-2.620948818897638
11
3.9755118110236221
21
-2.616185039370079
0
LINE
8
CYAN2
6
CONTINUOUS
10
3.9755118110236221
20
-2.616185039370079
11
3.9731299212598428
21
-2.6090433070866141
0
LINE
8
CYAN2
6
CONTINUOUS
10
3.9731299212598428
20
-2.6090433070866141
11
3.9731299212598428
21
-2.6042834645669291
0
LINE
8
CYAN2
6
CONTINUOUS
10
3.9731299212598428
20
-2.6042834645669291
11
3.9755118110236221
21
-2.5971377952755907
0
LINE
8
CYAN2
6
CONTINUOUS
10
3.9755118110236221
20
-2.5971377952755907
11
3.9778937007874018
21
-2.5947598425196849
0
LINE
8
CYAN2
6
CONTINUOUS
10
3.9897992125984252
20
-2.5733307086614174
11
4.0397992125984254
21
-2.5733307086614174
0
LINE
8
CYAN2
6
CONTINUOUS
10
3.992177165354331
20
-2.5733307086614174
11
3.9897992125984252
21
-2.5685669291338584
0
LINE
8
CYAN2
6
CONTINUOUS
10
3.9897992125984252
20
-2.5685669291338584
11
3.9897992125984252
21
-2.5590433070866143
0
LINE
8
CYAN2
6
CONTINUOUS
10
3.9897992125984252
20
-2.5590433070866143
11
3.992177165354331
21
-2.5542834645669292
0
LINE
8
CYAN2
6
CONTINUOUS
10
3.992177165354331
20
-2.5542834645669292
11
3.9945590551181103
21
-2.5519015748031495
0
LINE
8
CYAN2
6
CONTINUOUS
10
3.9945590551181103
20
-2.5519015748031495
11
3.9993228346456693
21
-2.5495196850393702
0
LINE
8
CYAN2
6
CONTINUOUS
10
3.9993228346456693
20
-2.5495196850393702
11
4.0136062992125989
21
-2.5495196850393702
0
LINE
8
CYAN2
6
CONTINUOUS
10
4.0136062992125989
20
-2.5495196850393702
11
4.0183700787401575
21
-2.5519015748031495
0
LINE
8
CYAN2
6
CONTINUOUS
10
4.0183700787401575
20
-2.5519015748031495
11
4.0207519685039372
21
-2.5542834645669292
0
LINE
8
CYAN2
6
CONTINUOUS
10
4.0207519685039372
20
-2.5542834645669292
11
4.0231299212598426
21
-2.5590433070866143
0
LINE
8
CYAN2
6
CONTINUOUS
10
4.0231299212598426
20
-2.5590433070866143
11
4.0231299212598426
21
-2.5685669291338584
0
LINE
8
CYAN2
6
CONTINUOUS
10
4.0231299212598426
20
-2.5685669291338584
11
4.0207519685039372
21
-2.5733307086614174
0
LINE
8
RED3
6
CONTINUOUS
10
3.9398779527559058
20
-2.4166614173228349
11
3.9398779527559058
21
-2.3833307086614175
0
LINE
8
RED3
6
CONTINUOUS
10
3.9398779527559058
20
-2.3833307086614175
11
3.9898779527559056
21
-2.4047559055118111
0
LINE
8
RED2
6
CONTINUOUS
10
3.8000000000000003
20
-2.5
11
3.8000000000000003
21
-2.3000000000000003
0
LINE
8
CYAN2
6
CONTINUOUS
10
3.8231299212598429
20
-2.6161889763779529
11
3.7731299212598426
21
-2.6161889763779529
0
LINE
8
CYAN2
6
CONTINUOUS
10
3.7731299212598426
20
-2.6161889763779529
11
3.8088464566929137
21
-2.59951968503937
0
LINE
8
CYAN2
6
CONTINUOUS
10
3.8088464566929137
20
-2.59951968503937
11
3.7731299212598426
21
-2.5828543307086615
0
LINE
8
CYAN2
6
CONTINUOUS
10
3.7731299212598426
20
-2.5828543307086615
11
3.8231299212598429
21
-2.5828543307086615
0
LINE
8
CYAN2
6
CONTINUOUS
10
3.8231299212598429
20
-2.5590472440944882
11
3.7897992125984254
21
-2.5590472440944882
0
LINE
8
CYAN2
6
CONTINUOUS
10
3.7993228346456696
20
-2.5590472440944882
11
3.7945590551181105
21
-2.556665354330709
0
LINE
8
CYAN2
6
CONTINUOUS
10
3.7945590551181105
20
-2.556665354330709
11
3.7921771653543308
21
-2.5542834645669292
0
LINE
8
CYAN2
6
CONTINUOUS
10
3.7921771653543308
20
-2.5542834645669292
11
3.7897992125984254
21
-2.5495236220472441
0
LINE
8
CYAN2
6
CONTINUOUS
10
3.7897992125984254
20
-2.5495236220472441
11
3.7897992125984254
21
-2.5447598425196851
0
LINE
8
RED3
6
CONTINUOUS
10
3.7898779527559054
20
-2.4095196850393701
11
3.7898779527559054
21
-2.4380905511811024
0
LINE
8
RED3
6
CONTINUOUS
10
3.7898779527559054
20
-2.4238070866141732
11
3.7398779527559056
21
-2.4238070866141732
0
LINE
8
RED3
6
CONTINUOUS
10
3.7398779527559056
20
-2.4238070866141732
11
3.7470236220472444
21
-2.4285669291338583
0
LINE
8
RED3
6
CONTINUOUS
10
3.7470236220472444
20
-2.4285669291338583
11
3.7517834645669295
21
-2.4333307086614173
0
LINE
8
RED3
6
CONTINUOUS
10
3.7517834645669295
20
-2.4333307086614173
11
3.7541653543307087
21
-2.4380905511811024
0
LINE
8
RED3
6
CONTINUOUS
10
3.7398779527559056
20
-2.3642834645669293
11
3.7398779527559056
21
-2.3880944881889765
0
LINE
8
RED3
6
CONTINUOUS
10
3.7398779527559056
20
-2.3880944881889765
11
3.7636889763779529
21
-2.3904724409448819
0
LINE
8
RED3
6
CONTINUOUS
10
3.7636889763779529
20
-2.3904724409448819
11
3.7613070866141736
21
-2.3880944881889765
0
LINE
8
RED3
6
CONTINUOUS
10
3.7613070866141736
20
-2.3880944881889765
11
3.7589251968503938
21
-2.3833307086614175
0
LINE
8
RED3
6
CONTINUOUS
10
3.7589251968503938
20
-2.3833307086614175
11
3.7589251968503938
21
-2.3714251968503937
0
LINE
8
RED3
6
CONTINUOUS
10
3.7589251968503938
20
-2.3714251968503937
11
3.7613070866141736
21
-2.3666653543307086
0
LINE
8
RED3
6
CONTINUOUS
10
3.7613070866141736
20
-2.3666653543307086
11
3.7636889763779529
21
-2.3642834645669293
0
LINE
8
RED3
6
CONTINUOUS
10
3.7636889763779529
20
-2.3642834645669293
11
3.7684488188976379
21
-2.3619015748031496
0
LINE
8
RED3
6
CONTINUOUS
10
3.7684488188976379
20
-2.3619015748031496
11
3.7803543307086618
21
-2.3619015748031496
0
LINE
8
RED3
6
CONTINUOUS
10
3.7803543307086618
20
-2.3619015748031496
11
3.7851181102362208
21
-2.3642834645669293
0
LINE
8
RED3
6
CONTINUOUS
10
3.7851181102362208
20
-2.3642834645669293
11
3.7875000000000001
21
-2.3666653543307086
0
LINE
8
RED3
6
CONTINUOUS
10
3.7875000000000001
20
-2.3666653543307086
11
3.7898779527559054
21
-2.3714251968503937
0
LINE
8
RED3
6
CONTINUOUS
10
3.7898779527559054
20
-2.3714251968503937
11
3.7898779527559054
21
-2.3833307086614175
0
LINE
8
RED3
6
CONTINUOUS
10
3.7898779527559054
20
-2.3833307086614175
11
3.7875000000000001
21
-2.3880944881889765
0
LINE
8
RED3
6
CONTINUOUS
10
3.7875000000000001
20
-2.3880944881889765
11
3.7851181102362208
21
-2.3904724409448819
0
LINE
8
RED2
6
CONTINUOUS
10
5.1000000000000005
20
-2.8000000000000003
11
5.2999999999999998
21
-2.8000000000000003
0
LINE
8
CYAN2
6
CONTINUOUS
10
4.92190157480315
20
-2.7731299212598426
11
4.9385669291338585
21
-2.8231299212598424
0
LINE
8
CYAN2
6
CONTINUOUS
10
4.9385669291338585
20
-2.8231299212598424
11
4.9552362204724414
21
-2.7731299212598426
0
LINE
8
CYAN2
6
CONTINUOUS
10
5.0004724409448817
20
-2.8183700787401578
11
4.9980944881889764
21
-2.8207519685039371
0
LINE
8
CYAN2
6
CONTINUOUS
10
4.9980944881889764
20
-2.8207519685039371
11
4.9909488188976381
21
-2.8231299212598424
0
LINE
8
CYAN2
6
CONTINUOUS
10
4.9909488188976381
20
-2.8231299212598424
11
4.986188976377953
21
-2.8231299212598424
0
LINE
8
CYAN2
6
CONTINUOUS
10
4.986188976377953
20
-2.8231299212598424
11
4.9790472440944882
21
-2.8207519685039371
0
LINE
8
CYAN2
6
CONTINUOUS
10
4.9790472440944882
20
-2.8207519685039371
11
4.9742834645669296
21
-2.815988188976378
0
LINE
8
CYAN2
6
CONTINUOUS
10
4.9742834645669296
20
-2.815988188976378
11
4.9719015748031499
21
-2.811224409448819
0
LINE
8
CYAN2
6
CONTINUOUS
10
4.9719015748031499
20
-2.811224409448819
11
4.9695236220472445
21
-2.8017007874015749
0
LINE
8
CYAN2
6
CONTINUOUS
10
4.9695236220472445
20
-2.8017007874015749
11
4.9695236220472445
21
-2.7945590551181105
0
LINE
8
CYAN2
6
CONTINUOUS
10
4.9695236220472445
20
-2.7945590551181105
11
4.9719015748031499
21
-2.7850354330708664
0
LINE
8
CYAN2
6
CONTINUOUS
10
4.9719015748031499
20
-2.7850354330708664
11
4.9742834645669296
21
-2.7802755905511813
0
LINE
8
CYAN2
6
CONTINUOUS
10
4.9742834645669296
20
-2.7802755905511813
11
4.9790472440944882
21
-2.7755118110236223
0
LINE
8
CYAN2
6
CONTINUOUS
10
4.9790472440944882
20
-2.7755118110236223
11
4.986188976377953
21
-2.7731299212598426
0
LINE
8
CYAN2
6
CONTINUOUS
10
4.986188976377953
20
-2.7731299212598426
11
4.9909488188976381
21
-2.7731299212598426
0
LINE
8
CYAN2
6
CONTINUOUS
10
4.9909488188976381
20
-2.7731299212598426
11
4.9980944881889764
21
-2.7755118110236223
0
LINE
8
CYAN2
6
CONTINUOUS
10
4.9980944881889764
20
-2.7755118110236223
11
5.0004724409448817
21
-2.7778937007874016
0
LINE
8
CYAN2
6
CONTINUOUS
10
5.0504724409448825
20
-2.8183700787401578
11
5.0480944881889762
21
-2.8207519685039371
0
LINE
8
CYAN2
6
CONTINUOUS
10
5.0480944881889762
20
-2.8207519685039371
11
5.0409488188976379
21
-2.8231299212598424
0
LINE
8
CYAN2
6
CONTINUOUS
10
5.0409488188976379
20
-2.8231299212598424
11
5.0361889763779528
21
-2.8231299212598424
0
LINE
8
CYAN2
6
CONTINUOUS
10
5.0361889763779528
20
-2.8231299212598424
11
5.029047244094488
21
-2.8207519685039371
0
LINE
8
CYAN2
6
CONTINUOUS
10
5.029047244094488
20
-2.8207519685039371
11
5.0242834645669294
21
-2.815988188976378
0
LINE
8
CYAN2
6
CONTINUOUS
10
5.0242834645669294
20
-2.815988188976378
11
5.0219015748031497
21
-2.811224409448819
0
LINE
8
CYAN2
6
CONTINUOUS
10
5.0219015748031497
20
-2.811224409448819
11
5.0195236220472443
21
-2.8017007874015749
0
LINE
8
CYAN2
6
CONTINUOUS
10
5.0195236220472443
20
-2.8017007874015749
11
5.0195236220472443
21
-2.7945590551181105
0
LINE
8
CYAN2
6
CONTINUOUS
10
5.0195236220472443
20
-2.7945590551181105
11
5.0219015748031497
21
-2.7850354330708664
0
LINE
8
CYAN2
6
CONTINUOUS
10
5.0219015748031497
20
-2.7850354330708664
11
5.0242834645669294
21
-2.7802755905511813
0
LINE
8
CYAN2
6
CONTINUOUS
10
5.0242834645669294
20
-2.7802755905511813
11
5.029047244094488
21
-2.7755118110236223
0
LINE
8
CYAN2
6
CONTINUOUS
10
5.029047244094488
20
-2.7755118110236223
11
5.0361889763779528
21
-2.7731299212598426
0
LINE
8
CYAN2
6
CONTINUOUS
10
5.0361889763779528
20
-2.7731299212598426
11
5.0409488188976379
21
-2.7731299212598426
0
LINE
8
CYAN2
6
CONTINUOUS
10
5.0409488188976379
20
-2.7731299212598426
11
5.0480944881889762
21
-2.7755118110236223
0
LINE
8
CYAN2
6
CONTINUOUS
10
5.0480944881889762
20
-2.7755118110236223
11
5.0504724409448825
21
-2.7778937007874016
0
LINE
8
RED3
6
CONTINUOUS
10
5.1904763779527565
20
-2.7898779527559054
11
5.1619055118110238
21
-2.7898779527559054
0
LINE
8
RED3
6
CONTINUOUS
10
5.1761889763779534
20
-2.7898779527559054
11
5.1761889763779534
21
-2.7398779527559056
0
LINE
8
RED3
6
CONTINUOUS
10
5.1761889763779534
20
-2.7398779527559056
11
5.1714291338582683
21
-2.7470236220472444
0
LINE
8
RED3
6
CONTINUOUS
10
5.1714291338582683
20
-2.7470236220472444
11
5.1666653543307088
21
-2.751783464566929
0
LINE
8
RED3
6
CONTINUOUS
10
5.1666653543307088
20
-2.751783464566929
11
5.1619055118110238
21
-2.7541653543307087
0
LINE
8
RED3
6
CONTINUOUS
10
5.2333307086614171
20
-2.7398779527559056
11
5.2238070866141735
21
-2.7398779527559056
0
LINE
8
RED3
6
CONTINUOUS
10
5.2238070866141735
20
-2.7398779527559056
11
5.2190472440944884
21
-2.7422598425196854
0
LINE
8
RED3
6
CONTINUOUS
10
5.2190472440944884
20
-2.7422598425196854
11
5.2166653543307087
21
-2.7446417322834646
0
LINE
8
RED3
6
CONTINUOUS
10
5.2166653543307087
20
-2.7446417322834646
11
5.2119015748031501
21
-2.751783464566929
0
LINE
8
RED3
6
CONTINUOUS
10
5.2119015748031501
20
-2.751783464566929
11
5.2095236220472447
21
-2.7613070866141731
0
LINE
8
RED3
6
CONTINUOUS
10
5.2095236220472447
20
-2.7613070866141731
11
5.2095236220472447
21
-2.7803543307086613
0
LINE
8
RED3
6
CONTINUOUS
10
5.2095236220472447
20
-2.7803543307086613
11
5.2119015748031501
21
-2.7851181102362204
0
LINE
8
RED3
6
CONTINUOUS
10
5.2119015748031501
20
-2.7851181102362204
11
5.2142834645669289
21
-2.7875000000000001
0
LINE
8
RED3
6
CONTINUOUS
10
5.2142834645669289
20
-2.7875000000000001
11
5.2190472440944884
21
-2.7898779527559054
0
LINE
8
RED3
6
CONTINUOUS
10
5.2190472440944884
20
-2.7898779527559054
11
5.2285708661417321
21
-2.7898779527559054
0
LINE
8
RED3
6
CONTINUOUS
10
5.2285708661417321
20
-2.7898779527559054
11
5.2333307086614171
21
-2.7875000000000001
0
LINE
8
RED3
6
CONTINUOUS
10
5.2333307086614171
20
-2.7875000000000001
11
5.2357125984251969
21
-2.7851181102362204
0
LINE
8
RED3
6
CONTINUOUS
10
5.2357125984251969
20
-2.7851181102362204
11
5.2380944881889766
21
-2.7803543307086613
0
LINE
8
RED3
6
CONTINUOUS
10
5.2380944881889766
20
-2.7803543307086613
11
5.2380944881889766
21
-2.7684488188976379
0
LINE
8
RED3
6
CONTINUOUS
10
5.2380944881889766
20
-2.7684488188976379
11
5.2357125984251969
21
-2.7636889763779529
0
LINE
8
RED3
6
CONTINUOUS
10
5.2357125984251969
20
-2.7636889763779529
11
5.2333307086614171
21
-2.7613070866141731
0
LINE
8
RED3
6
CONTINUOUS
10
5.2333307086614171
20
-2.7613070866141731
11
5.2285708661417321
21
-2.7589251968503938
0
LINE
8
RED3
6
CONTINUOUS
10
5.2285708661417321
20
-2.7589251968503938
11
5.2190472440944884
21
-2.7589251968503938
0
LINE
8
RED3
6
CONTINUOUS
10
5.2190472440944884
20
-2.7589251968503938
11
5.2142834645669289
21
-2.7613070866141731
0
LINE
8
RED3
6
CONTINUOUS
10
5.2142834645669289
20
-2.7613070866141731
11
5.2119015748031501
21
-2.7636889763779529
0
LINE
8
RED3
6
CONTINUOUS
10
5.2119015748031501
20
-2.7636889763779529
11
5.2095236220472447
21
-2.7684488188976379
0
LINE
8
RED2
6
CONTINUOUS
10
3.7000000000000002
20
-2.8000000000000003
11
3.5
21
-2.8000000000000003
0
LINE
8
CYAN2
6
CONTINUOUS
10
3.7780944881889766
20
-2.7755118110236223
11
3.7733307086614176
21
-2.7731299212598426
0
LINE
8
CYAN2
6
CONTINUOUS
10
3.7733307086614176
20
-2.7731299212598426
11
3.7661889763779528
21
-2.7731299212598426
0
LINE
8
CYAN2
6
CONTINUOUS
10
3.7661889763779528
20
-2.7731299212598426
11
3.7590472440944884
21
-2.7755118110236223
0
LINE
8
CYAN2
6
CONTINUOUS
10
3.7590472440944884
20
-2.7755118110236223
11
3.7542834645669294
21
-2.7802755905511813
0
LINE
8
CYAN2
6
CONTINUOUS
10
3.7542834645669294
20
-2.7802755905511813
11
3.7519015748031497
21
-2.7850354330708664
0
LINE
8
CYAN2
6
CONTINUOUS
10
3.7519015748031497
20
-2.7850354330708664
11
3.7495236220472443
21
-2.7945590551181105
0
LINE
8
CYAN2
6
CONTINUOUS
10
3.7495236220472443
20
-2.7945590551181105
11
3.7495236220472443
21
-2.8017007874015749
0
LINE
8
CYAN2
6
CONTINUOUS
10
3.7495236220472443
20
-2.8017007874015749
11
3.7519015748031497
21
-2.811224409448819
0
LINE
8
CYAN2
6
CONTINUOUS
10
3.7519015748031497
20
-2.811224409448819
11
3.7542834645669294
21
-2.815988188976378
0
LINE
8
CYAN2
6
CONTINUOUS
10
3.7542834645669294
20
-2.815988188976378
11
3.7590472440944884
21
-2.8207519685039371
0
LINE
8
CYAN2
6
CONTINUOUS
10
3.7590472440944884
20
-2.8207519685039371
11
3.7661889763779528
21
-2.8231299212598424
0
LINE
8
CYAN2
6
CONTINUOUS
10
3.7661889763779528
20
-2.8231299212598424
11
3.7709488188976379
21
-2.8231299212598424
0
LINE
8
CYAN2
6
CONTINUOUS
10
3.7709488188976379
20
-2.8231299212598424
11
3.7780944881889766
21
-2.8207519685039371
0
LINE
8
CYAN2
6
CONTINUOUS
10
3.7780944881889766
20
-2.8207519685039371
11
3.780472440944882
21
-2.8183700787401578
0
LINE
8
CYAN2
6
CONTINUOUS
10
3.780472440944882
20
-2.8183700787401578
11
3.780472440944882
21
-2.8017007874015749
0
LINE
8
CYAN2
6
CONTINUOUS
10
3.780472440944882
20
-2.8017007874015749
11
3.7709488188976379
21
-2.8017007874015749
0
LINE
8
CYAN2
6
CONTINUOUS
10
3.8019015748031499
20
-2.8231299212598424
11
3.8019015748031499
21
-2.7731299212598426
0
LINE
8
CYAN2
6
CONTINUOUS
10
3.8019015748031499
20
-2.7731299212598426
11
3.8304724409448818
21
-2.8231299212598424
0
LINE
8
CYAN2
6
CONTINUOUS
10
3.8304724409448818
20
-2.8231299212598424
11
3.8304724409448818
21
-2.7731299212598426
0
LINE
8
CYAN2
6
CONTINUOUS
10
3.8542834645669295
20
-2.8231299212598424
11
3.8542834645669295
21
-2.7731299212598426
0
LINE
8
CYAN2
6
CONTINUOUS
10
3.8542834645669295
20
-2.7731299212598426
11
3.8661889763779529
21
-2.7731299212598426
0
LINE
8
CYAN2
6
CONTINUOUS
10
3.8661889763779529
20
-2.7731299212598426
11
3.8733307086614173
21
-2.7755118110236223
0
LINE
8
CYAN2
6
CONTINUOUS
10
3.8733307086614173
20
-2.7755118110236223
11
3.8780944881889767
21
-2.7802755905511813
0
LINE
8
CYAN2
6
CONTINUOUS
10
3.8780944881889767
20
-2.7802755905511813
11
3.880476377952756
21
-2.7850354330708664
0
LINE
8
CYAN2
6
CONTINUOUS
10
3.880476377952756
20
-2.7850354330708664
11
3.8828543307086614
21
-2.7945590551181105
0
LINE
8
CYAN2
6
CONTINUOUS
10
3.8828543307086614
20
-2.7945590551181105
11
3.8828543307086614
21
-2.8017007874015749
0
LINE
8
CYAN2
6
CONTINUOUS
10
3.8828543307086614
20
-2.8017007874015749
11
3.880476377952756
21
-2.811224409448819
0
LINE
8
CYAN2
6
CONTINUOUS
10
3.880476377952756
20
-2.811224409448819
11
3.8780944881889767
21
-2.815988188976378
0
LINE
8
CYAN2
6
CONTINUOUS
10
3.8780944881889767
20
-2.815988188976378
11
3.8733307086614173
21
-2.8207519685039371
0
LINE
8
CYAN2
6
CONTINUOUS
10
3.8733307086614173
20
-2.8207519685039371
11
3.8661889763779529
21
-2.8231299212598424
0
LINE
8
CYAN2
6
CONTINUOUS
10
3.8661889763779529
20
-2.8231299212598424
11
3.8542834645669295
21
-2.8231299212598424
0
LINE
8
RED3
6
CONTINUOUS
10
3.595240157480315
20
-2.7613070866141731
11
3.590476377952756
21
-2.7589251968503938
0
LINE
8
RED3
6
CONTINUOUS
10
3.590476377952756
20
-2.7589251968503938
11
3.5880944881889767
21
-2.7565472440944885
0
LINE
8
RED3
6
CONTINUOUS
10
3.5880944881889767
20
-2.7565472440944885
11
3.5857165354330709
21
-2.751783464566929
0
LINE
8
RED3
6
CONTINUOUS
10
3.5857165354330709
20
-2.751783464566929
11
3.5857165354330709
21
-2.7494015748031497
0
LINE
8
RED3
6
CONTINUOUS
10
3.5857165354330709
20
-2.7494015748031497
11
3.5880944881889767
21
-2.7446417322834646
0
LINE
8
RED3
6
CONTINUOUS
10
3.5880944881889767
20
-2.7446417322834646
11
3.590476377952756
21
-2.7422598425196854
0
LINE
8
RED3
6
CONTINUOUS
10
3.590476377952756
20
-2.7422598425196854
11
3.595240157480315
21
-2.7398779527559056
0
LINE
8
RED3
6
CONTINUOUS
10
3.595240157480315
20
-2.7398779527559056
11
3.6047637795275591
21
-2.7398779527559056
0
LINE
8
RED3
6
CONTINUOUS
10
3.6047637795275591
20
-2.7398779527559056
11
3.6095236220472442
21
-2.7422598425196854
0
LINE
8
RED3
6
CONTINUOUS
10
3.6095236220472442
20
-2.7422598425196854
11
3.6119055118110239
21
-2.7446417322834646
0
LINE
8
RED3
6
CONTINUOUS
10
3.6119055118110239
20
-2.7446417322834646
11
3.6142874015748032
21
-2.7494015748031497
0
LINE
8
RED3
6
CONTINUOUS
10
3.6142874015748032
20
-2.7494015748031497
11
3.6142874015748032
21
-2.751783464566929
0
LINE
8
RED3
6
CONTINUOUS
10
3.6142874015748032
20
-2.751783464566929
11
3.6119055118110239
21
-2.7565472440944885
0
LINE
8
RED3
6
CONTINUOUS
10
3.6119055118110239
20
-2.7565472440944885
11
3.6095236220472442
21
-2.7589251968503938
0
LINE
8
RED3
6
CONTINUOUS
10
3.6095236220472442
20
-2.7589251968503938
11
3.6047637795275591
21
-2.7613070866141731
0
LINE
8
RED3
6
CONTINUOUS
10
3.6047637795275591
20
-2.7613070866141731
11
3.595240157480315
21
-2.7613070866141731
0
LINE
8
RED3
6
CONTINUOUS
10
3.595240157480315
20
-2.7613070866141731
11
3.590476377952756
21
-2.7636889763779529
0
LINE
8
RED3
6
CONTINUOUS
10
3.590476377952756
20
-2.7636889763779529
11
3.5880944881889767
21
-2.7660708661417326
0
LINE
8
RED3
6
CONTINUOUS
10
3.5880944881889767
20
-2.7660708661417326
11
3.5857165354330709
21
-2.7708307086614172
0
LINE
8
RED3
6
CONTINUOUS
10
3.5857165354330709
20
-2.7708307086614172
11
3.5857165354330709
21
-2.7803543307086613
0
LINE
8
RED3
6
CONTINUOUS
10
3.5857165354330709
20
-2.7803543307086613
11
3.5880944881889767
21
-2.7851181102362204
0
LINE
8
RED3
6
CONTINUOUS
10
3.5880944881889767
20
-2.7851181102362204
11
3.590476377952756
21
-2.7875000000000001
0
LINE
8
RED3
6
CONTINUOUS
10
3.590476377952756
20
-2.7875000000000001
11
3.595240157480315
21
-2.7898779527559054
0
LINE
8
RED3
6
CONTINUOUS
10
3.595240157480315
20
-2.7898779527559054
11
3.6047637795275591
21
-2.7898779527559054
0
LINE
8
RED3
6
CONTINUOUS
10
3.6047637795275591
20
-2.7898779527559054
11
3.6095236220472442
21
-2.7875000000000001
0
LINE
8
RED3
6
CONTINUOUS
10
3.6095236220472442
20
-2.7875000000000001
11
3.6119055118110239
21
-2.7851181102362204
0
LINE
8
RED3
6
CONTINUOUS
10
3.6119055118110239
20
-2.7851181102362204
11
3.6142874015748032
21
-2.7803543307086613
0
LINE
8
RED3
6
CONTINUOUS
10
3.6142874015748032
20
-2.7803543307086613
11
3.6142874015748032
21
-2.7708307086614172
0
LINE
8
RED3
6
CONTINUOUS
10
3.6142874015748032
20
-2.7708307086614172
11
3.6119055118110239
21
-2.7660708661417326
0
LINE
8
RED3
6
CONTINUOUS
10
3.6119055118110239
20
-2.7660708661417326
11
3.6095236220472442
21
-2.7636889763779529
0
LINE
8
RED3
6
CONTINUOUS
10
3.6095236220472442
20
-2.7636889763779529
11
3.6047637795275591
21
-2.7613070866141731
0
LINE
8
RED2
6
CONTINUOUS
10
5.
20
-3.1000000000000001
11
5.
21
-3.3000000000000003
0
LINE
8
CYAN2
6
CONTINUOUS
10
5.0278937007874021
20
-3.0147598425196853
11
5.0255118110236223
21
-3.0195236220472443
0
LINE
8
CYAN2
6
CONTINUOUS
10
5.0255118110236223
20
-3.0195236220472443
11
5.0207519685039372
21
-3.0242834645669294
0
LINE
8
CYAN2
6
CONTINUOUS
10
5.0207519685039372
20
-3.0242834645669294
11
5.0136062992125989
21
-3.0314251968503938
0
LINE
8
CYAN2
6
CONTINUOUS
10
5.0136062992125989
20
-3.0314251968503938
11
5.0112244094488192
21
-3.0361889763779528
0
LINE
8
CYAN2
6
CONTINUOUS
10
5.0112244094488192
20
-3.0361889763779528
11
5.0112244094488192
21
-3.0409488188976379
0
LINE
8
CYAN2
6
CONTINUOUS
10
5.0231299212598426
20
-3.0385708661417326
11
5.0207519685039372
21
-3.0433307086614176
0
LINE
8
CYAN2
6
CONTINUOUS
10
5.0207519685039372
20
-3.0433307086614176
11
5.0159881889763778
21
-3.0480944881889767
0
LINE
8
CYAN2
6
CONTINUOUS
10
5.0159881889763778
20
-3.0480944881889767
11
5.0064645669291341
21
-3.050472440944882
0
LINE
8
CYAN2
6
CONTINUOUS
10
5.0064645669291341
20
-3.050472440944882
11
4.9897992125984256
21
-3.050472440944882
0
LINE
8
CYAN2
6
CONTINUOUS
10
4.9897992125984256
20
-3.050472440944882
11
4.9802755905511811
21
-3.0480944881889767
0
LINE
8
CYAN2
6
CONTINUOUS
10
4.9802755905511811
20
-3.0480944881889767
11
4.9755118110236225
21
-3.0433307086614176
0
LINE
8
CYAN2
6
CONTINUOUS
10
4.9755118110236225
20
-3.0433307086614176
11
4.9731299212598428
21
-3.0385708661417326
0
LINE
8
CYAN2
6
CONTINUOUS
10
4.9731299212598428
20
-3.0385708661417326
11
4.9731299212598428
21
-3.0290472440944884
0
LINE
8
CYAN2
6
CONTINUOUS
10
4.9731299212598428
20
-3.0290472440944884
11
4.9755118110236225
21
-3.0242834645669294
0
LINE
8
CYAN2
6
CONTINUOUS
10
4.9755118110236225
20
-3.0242834645669294
11
4.9802755905511811
21
-3.0195236220472443
0
LINE
8
CYAN2
6
CONTINUOUS
10
4.9802755905511811
20
-3.0195236220472443
11
4.9897992125984256
21
-3.0171417322834646
0
LINE
8
CYAN2
6
CONTINUOUS
10
4.9897992125984256
20
-3.0171417322834646
11
5.0064645669291341
21
-3.0171417322834646
0
LINE
8
CYAN2
6
CONTINUOUS
10
5.0064645669291341
20
-3.0171417322834646
11
5.0159881889763778
21
-3.0195236220472443
0
LINE
8
CYAN2
6
CONTINUOUS
10
5.0159881889763778
20
-3.0195236220472443
11
5.0207519685039372
21
-3.0242834645669294
0
LINE
8
CYAN2
6
CONTINUOUS
10
5.0207519685039372
20
-3.0242834645669294
11
5.0231299212598426
21
-3.0290472440944884
0
LINE
8
CYAN2
6
CONTINUOUS
10
5.0231299212598426
20
-3.0290472440944884
11
5.0231299212598426
21
-3.0385708661417326
0
LINE
8
CYAN2
6
CONTINUOUS
10
4.9731299212598428
20
-2.986188976377953
11
4.9731299212598428
21
-2.981425196850394
0
LINE
8
CYAN2
6
CONTINUOUS
10
4.9731299212598428
20
-2.981425196850394
11
4.9755118110236225
21
-2.9766653543307089
0
LINE
8
CYAN2
6
CONTINUOUS
10
4.9755118110236225
20
-2.9766653543307089
11
4.9778937007874013
21
-2.9742834645669292
0
LINE
8
CYAN2
6
CONTINUOUS
10
4.9778937007874013
20
-2.9742834645669292
11
4.9826535433070864
21
-2.9719015748031499
0
LINE
8
CYAN2
6
CONTINUOUS
10
4.9826535433070864
20
-2.9719015748031499
11
4.992177165354331
21
-2.9695196850393701
0
LINE
8
CYAN2
6
CONTINUOUS
10
4.992177165354331
20
-2.9695196850393701
11
5.0040826771653544
21
-2.9695196850393701
0
LINE
8
CYAN2
6
CONTINUOUS
10
5.0040826771653544
20
-2.9695196850393701
11
5.0136062992125989
21
-2.9719015748031499
0
LINE
8
CYAN2
6
CONTINUOUS
10
5.0136062992125989
20
-2.9719015748031499
11
5.0183700787401575
21
-2.9742834645669292
0
LINE
8
CYAN2
6
CONTINUOUS
10
5.0183700787401575
20
-2.9742834645669292
11
5.0207519685039372
21
-2.9766653543307089
0
LINE
8
CYAN2
6
CONTINUOUS
10
5.0207519685039372
20
-2.9766653543307089
11
5.0231299212598426
21
-2.981425196850394
0
LINE
8
CYAN2
6
CONTINUOUS
10
5.0231299212598426
20
-2.981425196850394
11
5.0231299212598426
21
-2.986188976377953
0
LINE
8
CYAN2
6
CONTINUOUS
10
5.0231299212598426
20
-2.986188976377953
11
5.0207519685039372
21
-2.9909488188976381
0
LINE
8
CYAN2
6
CONTINUOUS
10
5.0207519685039372
20
-2.9909488188976381
11
5.0183700787401575
21
-2.9933307086614174
0
LINE
8
CYAN2
6
CONTINUOUS
10
5.0183700787401575
20
-2.9933307086614174
11
5.0136062992125989
21
-2.9957125984251971
0
LINE
8
CYAN2
6
CONTINUOUS
10
5.0136062992125989
20
-2.9957125984251971
11
5.0040826771653544
21
-2.9980905511811025
0
LINE
8
CYAN2
6
CONTINUOUS
10
5.0040826771653544
20
-2.9980905511811025
11
4.992177165354331
21
-2.9980905511811025
0
LINE
8
CYAN2
6
CONTINUOUS
10
4.992177165354331
20
-2.9980905511811025
11
4.9826535433070864
21
-2.9957125984251971
0
LINE
8
CYAN2
6
CONTINUOUS
10
4.9826535433070864
20
-2.9957125984251971
11
4.9778937007874013
21
-2.9933307086614174
0
LINE
8
CYAN2
6
CONTINUOUS
10
4.9778937007874013
20
-2.9933307086614174
11
4.9755118110236225
21
-2.9909488188976381
0
LINE
8
CYAN2
6
CONTINUOUS
10
4.9755118110236225
20
-2.9909488188976381
11
4.9731299212598428
21
-2.986188976377953
0
LINE
8
RED3
6
CONTINUOUS
10
4.9398779527559054
20
-3.2166614173228347
11
4.9398779527559054
21
-3.1857086614173231
0
LINE
8
RED3
6
CONTINUOUS
10
4.9398779527559054
20
-3.1857086614173231
11
4.9589251968503936
21
-3.2023779527559055
0
LINE
8
RED3
6
CONTINUOUS
10
4.9589251968503936
20
-3.2023779527559055
11
4.9589251968503936
21
-3.1952322834645672
0
LINE
8
RED3
6
CONTINUOUS
10
4.9589251968503936
20
-3.1952322834645672
11
4.9613070866141733
21
-3.1904724409448821
0
LINE
8
RED3
6
CONTINUOUS
10
4.9613070866141733
20
-3.1904724409448821
11
4.963688976377953
21
-3.1880905511811024
0
LINE
8
RED3
6
CONTINUOUS
10
4.963688976377953
20
-3.1880905511811024
11
4.9684488188976381
21
-3.1857086614173231
0
LINE
8
RED3
6
CONTINUOUS
10
4.9684488188976381
20
-3.1857086614173231
11
4.9803543307086615
21
-3.1857086614173231
0
LINE
8
RED3
6
CONTINUOUS
10
4.9803543307086615
20
-3.1857086614173231
11
4.985118110236221
21
-3.1880905511811024
0
LINE
8
RED3
6
CONTINUOUS
10
4.985118110236221
20
-3.1880905511811024
11
4.9874999999999998
21
-3.1904724409448821
0
LINE
8
RED3
6
CONTINUOUS
10
4.9874999999999998
20
-3.1904724409448821
11
4.9898779527559061
21
-3.1952322834645672
0
LINE
8
RED3
6
CONTINUOUS
10
4.9898779527559061
20
-3.1952322834645672
11
4.9898779527559061
21
-3.2095196850393704
0
LINE
8
RED3
6
CONTINUOUS
10
4.9898779527559061
20
-3.2095196850393704
11
4.9874999999999998
21
-3.2142795275590554
0
LINE
8
RED3
6
CONTINUOUS
10
4.9874999999999998
20
-3.2142795275590554
11
4.985118110236221
21
-3.2166614173228347
0
LINE
8
RED2
6
CONTINUOUS
10
4.9000000000000004
20
-3.1000000000000001
11
4.9000000000000004
21
-3.3000000000000003
0
LINE
8
CYAN2
6
CONTINUOUS
10
4.9278937007874015
20
-3.0147598425196853
11
4.9255118110236227
21
-3.0195236220472443
0
LINE
8
CYAN2
6
CONTINUOUS
10
4.9255118110236227
20
-3.0195236220472443
11
4.9207519685039376
21
-3.0242834645669294
0
LINE
8
CYAN2
6
CONTINUOUS
10
4.9207519685039376
20
-3.0242834645669294
11
4.9136062992125984
21
-3.0314251968503938
0
LINE
8
CYAN2
6
CONTINUOUS
10
4.9136062992125984
20
-3.0314251968503938
11
4.9112244094488187
21
-3.0361889763779528
0
LINE
8
CYAN2
6
CONTINUOUS
10
4.9112244094488187
20
-3.0361889763779528
11
4.9112244094488187
21
-3.0409488188976379
0
LINE
8
CYAN2
6
CONTINUOUS
10
4.9231299212598429
20
-3.0385708661417326
11
4.9207519685039376
21
-3.0433307086614176
0
LINE
8
CYAN2
6
CONTINUOUS
10
4.9207519685039376
20
-3.0433307086614176
11
4.9159881889763781
21
-3.0480944881889767
0
LINE
8
CYAN2
6
CONTINUOUS
10
4.9159881889763781
20
-3.0480944881889767
11
4.9064645669291345
21
-3.050472440944882
0
LINE
8
CYAN2
6
CONTINUOUS
10
4.9064645669291345
20
-3.050472440944882
11
4.8897992125984251
21
-3.050472440944882
0
LINE
8
CYAN2
6
CONTINUOUS
10
4.8897992125984251
20
-3.050472440944882
11
4.8802755905511814
21
-3.0480944881889767
0
LINE
8
CYAN2
6
CONTINUOUS
10
4.8802755905511814
20
-3.0480944881889767
11
4.875511811023622
21
-3.0433307086614176
0
LINE
8
CYAN2
6
CONTINUOUS
10
4.875511811023622
20
-3.0433307086614176
11
4.8731299212598431
21
-3.0385708661417326
0
LINE
8
CYAN2
6
CONTINUOUS
10
4.8731299212598431
20
-3.0385708661417326
11
4.8731299212598431
21
-3.0290472440944884
0
LINE
8
CYAN2
6
CONTINUOUS
10
4.8731299212598431
20
-3.0290472440944884
11
4.875511811023622
21
-3.0242834645669294
0
LINE
8
CYAN2
6
CONTINUOUS
10
4.875511811023622
20
-3.0242834645669294
11
4.8802755905511814
21
-3.0195236220472443
0
LINE
8
CYAN2
6
CONTINUOUS
10
4.8802755905511814
20
-3.0195236220472443
11
4.8897992125984251
21
-3.0171417322834646
0
LINE
8
CYAN2
6
CONTINUOUS
10
4.8897992125984251
20
-3.0171417322834646
11
4.9064645669291345
21
-3.0171417322834646
0
LINE
8
CYAN2
6
CONTINUOUS
10
4.9064645669291345
20
-3.0171417322834646
11
4.9159881889763781
21
-3.0195236220472443
0
LINE
8
CYAN2
6
CONTINUOUS
10
4.9159881889763781
20
-3.0195236220472443
11
4.9207519685039376
21
-3.0242834645669294
0
LINE
8
CYAN2
6
CONTINUOUS
10
4.9207519685039376
20
-3.0242834645669294
11
4.9231299212598429
21
-3.0290472440944884
0
LINE
8
CYAN2
6
CONTINUOUS
10
4.9231299212598429
20
-3.0290472440944884
11
4.9231299212598429
21
-3.0385708661417326
0
LINE
8
CYAN2
6
CONTINUOUS
10
4.9231299212598429
20
-2.9695196850393701
11
4.9231299212598429
21
-2.9980905511811025
0
LINE
8
CYAN2
6
CONTINUOUS
10
4.9231299212598429
20
-2.9838070866141733
11
4.8731299212598431
21
-2.9838070866141733
0
LINE
8
CYAN2
6
CONTINUOUS
10
4.8731299212598431
20
-2.9838070866141733
11
4.8802755905511814
21
-2.9885669291338584
0
LINE
8
CYAN2
6
CONTINUOUS
10
4.8802755905511814
20
-2.9885669291338584
11
4.8850354330708665
21
-2.9933307086614174
0
LINE
8
CYAN2
6
CONTINUOUS
10
4.8850354330708665
20
-2.9933307086614174
11
4.8874173228346462
21
-2.9980905511811025
0
LINE
8
RED3
6
CONTINUOUS
10
4.8565472440944886
20
-3.1904724409448821
11
4.8898779527559055
21
-3.1904724409448821
0
LINE
8
RED3
6
CONTINUOUS
10
4.8375000000000004
20
-3.2023779527559055
11
4.8732125984251971
21
-3.2142795275590554
0
LINE
8
RED3
6
CONTINUOUS
10
4.8732125984251971
20
-3.2142795275590554
11
4.8732125984251971
21
-3.1833307086614173
0
LINE
8
RED2
6
CONTINUOUS
10
4.7999999999999998
20
-3.1000000000000001
11
4.7999999999999998
21
-3.3000000000000003
0
LINE
8
CYAN2
6
CONTINUOUS
10
4.8278937007874019
20
-3.0147598425196853
11
4.8255118110236221
21
-3.0195236220472443
0
LINE
8
CYAN2
6
CONTINUOUS
10
4.8255118110236221
20
-3.0195236220472443
11
4.8207519685039371
21
-3.0242834645669294
0
LINE
8
CYAN2
6
CONTINUOUS
10
4.8207519685039371
20
-3.0242834645669294
11
4.8136062992125987
21
-3.0314251968503938
0
LINE
8
CYAN2
6
CONTINUOUS
10
4.8136062992125987
20
-3.0314251968503938
11
4.811224409448819
21
-3.0361889763779528
0
LINE
8
CYAN2
6
CONTINUOUS
10
4.811224409448819
20
-3.0361889763779528
11
4.811224409448819
21
-3.0409488188976379
0
LINE
8
CYAN2
6
CONTINUOUS
10
4.8231299212598424
20
-3.0385708661417326
11
4.8207519685039371
21
-3.0433307086614176
0
LINE
8
CYAN2
6
CONTINUOUS
10
4.8207519685039371
20
-3.0433307086614176
11
4.8159881889763785
21
-3.0480944881889767
0
LINE
8
CYAN2
6
CONTINUOUS
10
4.8159881889763785
20
-3.0480944881889767
11
4.8064645669291339
21
-3.050472440944882
0
LINE
8
CYAN2
6
CONTINUOUS
10
4.8064645669291339
20
-3.050472440944882
11
4.7897992125984254
21
-3.050472440944882
0
LINE
8
CYAN2
6
CONTINUOUS
10
4.7897992125984254
20
-3.050472440944882
11
4.7802755905511809
21
-3.0480944881889767
0
LINE
8
CYAN2
6
CONTINUOUS
10
4.7802755905511809
20
-3.0480944881889767
11
4.7755118110236223
21
-3.0433307086614176
0
LINE
8
CYAN2
6
CONTINUOUS
10
4.7755118110236223
20
-3.0433307086614176
11
4.7731299212598426
21
-3.0385708661417326
0
LINE
8
CYAN2
6
CONTINUOUS
10
4.7731299212598426
20
-3.0385708661417326
11
4.7731299212598426
21
-3.0290472440944884
0
LINE
8
CYAN2
6
CONTINUOUS
10
4.7731299212598426
20
-3.0290472440944884
11
4.7755118110236223
21
-3.0242834645669294
0
LINE
8
CYAN2
6
CONTINUOUS
10
4.7755118110236223
20
-3.0242834645669294
11
4.7802755905511809
21
-3.0195236220472443
0
LINE
8
CYAN2
6
CONTINUOUS
10
4.7802755905511809
20
-3.0195236220472443
11
4.7897992125984254
21
-3.0171417322834646
0
LINE
8
CYAN2
6
CONTINUOUS
10
4.7897992125984254
20
-3.0171417322834646
11
4.8064645669291339
21
-3.0171417322834646
0
LINE
8
CYAN2
6
CONTINUOUS
10
4.8064645669291339
20
-3.0171417322834646
11
4.8159881889763785
21
-3.0195236220472443
0
LINE
8
CYAN2
6
CONTINUOUS
10
4.8159881889763785
20
-3.0195236220472443
11
4.8207519685039371
21
-3.0242834645669294
0
LINE
8
CYAN2
6
CONTINUOUS
10
4.8207519685039371
20
-3.0242834645669294
11
4.8231299212598424
21
-3.0290472440944884
0
LINE
8
CYAN2
6
CONTINUOUS
10
4.8231299212598424
20
-3.0290472440944884
11
4.8231299212598424
21
-3.0385708661417326
0
LINE
8
CYAN2
6
CONTINUOUS
10
4.7778937007874021
20
-2.9980905511811025
11
4.7755118110236223
21
-2.9957125984251971
0
LINE
8
CYAN2
6
CONTINUOUS
10
4.7755118110236223
20
-2.9957125984251971
11
4.7731299212598426
21
-2.9909488188976381
0
LINE
8
CYAN2
6
CONTINUOUS
10
4.7731299212598426
20
-2.9909488188976381
11
4.7731299212598426
21
-2.9790433070866142
0
LINE
8
CYAN2
6
CONTINUOUS
10
4.7731299212598426
20
-2.9790433070866142
11
4.7755118110236223
21
-2.9742834645669292
0
LINE
8
CYAN2
6
CONTINUOUS
10
4.7755118110236223
20
-2.9742834645669292
11
4.7778937007874021
21
-2.9719015748031499
0
LINE
8
CYAN2
6
CONTINUOUS
10
4.7778937007874021
20
-2.9719015748031499
11
4.7826535433070871
21
-2.9695196850393701
0
LINE
8
CYAN2
6
CONTINUOUS
10
4.7826535433070871
20
-2.9695196850393701
11
4.7874173228346457
21
-2.9695196850393701
0
LINE
8
CYAN2
6
CONTINUOUS
10
4.7874173228346457
20
-2.9695196850393701
11
4.7945590551181105
21
-2.9719015748031499
0
LINE
8
CYAN2
6
CONTINUOUS
10
4.7945590551181105
20
-2.9719015748031499
11
4.8231299212598424
21
-3.0004724409448822
0
LINE
8
CYAN2
6
CONTINUOUS
10
4.8231299212598424
20
-3.0004724409448822
11
4.8231299212598424
21
-2.9695196850393701
0
LINE
8
RED3
6
CONTINUOUS
10
4.7398779527559061
20
-3.1880905511811024
11
4.7398779527559061
21
-3.2119015748031496
0
LINE
8
RED3
6
CONTINUOUS
10
4.7398779527559061
20
-3.2119015748031496
11
4.7636889763779529
21
-3.2142795275590554
0
LINE
8
RED3
6
CONTINUOUS
10
4.7636889763779529
20
-3.2142795275590554
11
4.7613070866141731
21
-3.2119015748031496
0
LINE
8
RED3
6
CONTINUOUS
10
4.7613070866141731
20
-3.2119015748031496
11
4.7589251968503943
21
-3.2071377952755906
0
LINE
8
RED3
6
CONTINUOUS
10
4.7589251968503943
20
-3.2071377952755906
11
4.7589251968503943
21
-3.1952322834645672
0
LINE
8
RED3
6
CONTINUOUS
10
4.7589251968503943
20
-3.1952322834645672
11
4.7613070866141731
21
-3.1904724409448821
0
LINE
8
RED3
6
CONTINUOUS
10
4.7613070866141731
20
-3.1904724409448821
11
4.7636889763779529
21
-3.1880905511811024
0
LINE
8
RED3
6
CONTINUOUS
10
4.7636889763779529
20
-3.1880905511811024
11
4.7684488188976379
21
-3.1857086614173231
0
LINE
8
RED3
6
CONTINUOUS
10
4.7684488188976379
20
-3.1857086614173231
11
4.7803543307086613
21
-3.1857086614173231
0
LINE
8
RED3
6
CONTINUOUS
10
4.7803543307086613
20
-3.1857086614173231
11
4.7851181102362208
21
-3.1880905511811024
0
LINE
8
RED3
6
CONTINUOUS
10
4.7851181102362208
20
-3.1880905511811024
11
4.7875000000000005
21
-3.1904724409448821
0
LINE
8
RED3
6
CONTINUOUS
10
4.7875000000000005
20
-3.1904724409448821
11
4.7898779527559059
21
-3.1952322834645672
0
LINE
8
RED3
6
CONTINUOUS
10
4.7898779527559059
20
-3.1952322834645672
11
4.7898779527559059
21
-3.2071377952755906
0
LINE
8
RED3
6
CONTINUOUS
10
4.7898779527559059
20
-3.2071377952755906
11
4.7875000000000005
21
-3.2119015748031496
0
LINE
8
RED3
6
CONTINUOUS
10
4.7875000000000005
20
-3.2119015748031496
11
4.7851181102362208
21
-3.2142795275590554
0
LINE
8
RED2
6
CONTINUOUS
10
4.7000000000000002
20
-3.1000000000000001
11
4.7000000000000002
21
-3.3000000000000003
0
LINE
8
CYAN2
6
CONTINUOUS
10
4.7278937007874013
20
-3.0147598425196853
11
4.7255118110236225
21
-3.0195236220472443
0
LINE
8
CYAN2
6
CONTINUOUS
10
4.7255118110236225
20
-3.0195236220472443
11
4.7207519685039374
21
-3.0242834645669294
0
LINE
8
CYAN2
6
CONTINUOUS
10
4.7207519685039374
20
-3.0242834645669294
11
4.7136062992125982
21
-3.0314251968503938
0
LINE
8
CYAN2
6
CONTINUOUS
10
4.7136062992125982
20
-3.0314251968503938
11
4.7112244094488194
21
-3.0361889763779528
0
LINE
8
CYAN2
6
CONTINUOUS
10
4.7112244094488194
20
-3.0361889763779528
11
4.7112244094488194
21
-3.0409488188976379
0
LINE
8
CYAN2
6
CONTINUOUS
10
4.7231299212598428
20
-3.0385708661417326
11
4.7207519685039374
21
-3.0433307086614176
0
LINE
8
CYAN2
6
CONTINUOUS
10
4.7207519685039374
20
-3.0433307086614176
11
4.7159881889763779
21
-3.0480944881889767
0
LINE
8
CYAN2
6
CONTINUOUS
10
4.7159881889763779
20
-3.0480944881889767
11
4.7064645669291343
21
-3.050472440944882
0
LINE
8
CYAN2
6
CONTINUOUS
10
4.7064645669291343
20
-3.050472440944882
11
4.6897992125984258
21
-3.050472440944882
0
LINE
8
CYAN2
6
CONTINUOUS
10
4.6897992125984258
20
-3.050472440944882
11
4.6802755905511813
21
-3.0480944881889767
0
LINE
8
CYAN2
6
CONTINUOUS
10
4.6802755905511813
20
-3.0480944881889767
11
4.6755118110236218
21
-3.0433307086614176
0
LINE
8
CYAN2
6
CONTINUOUS
10
4.6755118110236218
20
-3.0433307086614176
11
4.6731299212598429
21
-3.0385708661417326
0
LINE
8
CYAN2
6
CONTINUOUS
10
4.6731299212598429
20
-3.0385708661417326
11
4.6731299212598429
21
-3.0290472440944884
0
LINE
8
CYAN2
6
CONTINUOUS
10
4.6731299212598429
20
-3.0290472440944884
11
4.6755118110236218
21
-3.0242834645669294
0
LINE
8
CYAN2
6
CONTINUOUS
10
4.6755118110236218
20
-3.0242834645669294
11
4.6802755905511813
21
-3.0195236220472443
0
LINE
8
CYAN2
6
CONTINUOUS
10
4.6802755905511813
20
-3.0195236220472443
11
4.6897992125984258
21
-3.0171417322834646
0
LINE
8
CYAN2
6
CONTINUOUS
10
4.6897992125984258
20
-3.0171417322834646
11
4.7064645669291343
21
-3.0171417322834646
0
LINE
8
CYAN2
6
CONTINUOUS
10
4.7064645669291343
20
-3.0171417322834646
11
4.7159881889763779
21
-3.0195236220472443
0
LINE
8
CYAN2
6
CONTINUOUS
10
4.7159881889763779
20
-3.0195236220472443
11
4.7207519685039374
21
-3.0242834645669294
0
LINE
8
CYAN2
6
CONTINUOUS
10
4.7207519685039374
20
-3.0242834645669294
11
4.7231299212598428
21
-3.0290472440944884
0
LINE
8
CYAN2
6
CONTINUOUS
10
4.7231299212598428
20
-3.0290472440944884
11
4.7231299212598428
21
-3.0385708661417326
0
LINE
8
CYAN2
6
CONTINUOUS
10
4.6731299212598429
20
-3.0004724409448822
11
4.6731299212598429
21
-2.9695196850393701
0
LINE
8
CYAN2
6
CONTINUOUS
10
4.6731299212598429
20
-2.9695196850393701
11
4.6921771653543312
21
-2.986188976377953
0
LINE
8
CYAN2
6
CONTINUOUS
10
4.6921771653543312
20
-2.986188976377953
11
4.6921771653543312
21
-2.9790433070866142
0
LINE
8
CYAN2
6
CONTINUOUS
10
4.6921771653543312
20
-2.9790433070866142
11
4.69455905511811
21
-2.9742834645669292
0
LINE
8
CYAN2
6
CONTINUOUS
10
4.69455905511811
20
-2.9742834645669292
11
4.6969409448818897
21
-2.9719015748031499
0
LINE
8
CYAN2
6
CONTINUOUS
10
4.6969409448818897
20
-2.9719015748031499
11
4.7017007874015748
21
-2.9695196850393701
0
LINE
8
CYAN2
6
CONTINUOUS
10
4.7017007874015748
20
-2.9695196850393701
11
4.7136062992125982
21
-2.9695196850393701
0
LINE
8
CYAN2
6
CONTINUOUS
10
4.7136062992125982
20
-2.9695196850393701
11
4.7183700787401577
21
-2.9719015748031499
0
LINE
8
CYAN2
6
CONTINUOUS
10
4.7183700787401577
20
-2.9719015748031499
11
4.7207519685039374
21
-2.9742834645669292
0
LINE
8
CYAN2
6
CONTINUOUS
10
4.7207519685039374
20
-2.9742834645669292
11
4.7231299212598428
21
-2.9790433070866142
0
LINE
8
CYAN2
6
CONTINUOUS
10
4.7231299212598428
20
-2.9790433070866142
11
4.7231299212598428
21
-2.9933307086614174
0
LINE
8
CYAN2
6
CONTINUOUS
10
4.7231299212598428
20
-2.9933307086614174
11
4.7207519685039374
21
-2.9980905511811025
0
LINE
8
CYAN2
6
CONTINUOUS
10
4.7207519685039374
20
-2.9980905511811025
11
4.7183700787401577
21
-3.0004724409448822
0
LINE
8
RED3
6
CONTINUOUS
10
4.6398779527559055
20
-3.1904724409448821
11
4.6398779527559055
21
-3.1999960629921262
0
LINE
8
RED3
6
CONTINUOUS
10
4.6398779527559055
20
-3.1999960629921262
11
4.6422598425196853
21
-3.2047559055118113
0
LINE
8
RED3
6
CONTINUOUS
10
4.6422598425196853
20
-3.2047559055118113
11
4.644641732283465
21
-3.2071377952755906
0
LINE
8
RED3
6
CONTINUOUS
10
4.644641732283465
20
-3.2071377952755906
11
4.6517834645669289
21
-3.2119015748031496
0
LINE
8
RED3
6
CONTINUOUS
10
4.6517834645669289
20
-3.2119015748031496
11
4.6613070866141735
21
-3.2142795275590554
0
LINE
8
RED3
6
CONTINUOUS
10
4.6613070866141735
20
-3.2142795275590554
11
4.6803543307086617
21
-3.2142795275590554
0
LINE
8
RED3
6
CONTINUOUS
10
4.6803543307086617
20
-3.2142795275590554
11
4.6851181102362203
21
-3.2119015748031496
0
LINE
8
RED3
6
CONTINUOUS
10
4.6851181102362203
20
-3.2119015748031496
11
4.6875
21
-3.2095196850393704
0
LINE
8
RED3
6
CONTINUOUS
10
4.6875
20
-3.2095196850393704
11
4.6898779527559054
21
-3.2047559055118113
0
LINE
8
RED3
6
CONTINUOUS
10
4.6898779527559054
20
-3.2047559055118113
11
4.6898779527559054
21
-3.1952322834645672
0
LINE
8
RED3
6
CONTINUOUS
10
4.6898779527559054
20
-3.1952322834645672
11
4.6875
21
-3.1904724409448821
0
LINE
8
RED3
6
CONTINUOUS
10
4.6875
20
-3.1904724409448821
11
4.6851181102362203
21
-3.1880905511811024
0
LINE
8
RED3
6
CONTINUOUS
10
4.6851181102362203
20
-3.1880905511811024
11
4.6803543307086617
21
-3.1857086614173231
0
LINE
8
RED3
6
CONTINUOUS
10
4.6803543307086617
20
-3.1857086614173231
11
4.6684488188976383
21
-3.1857086614173231
0
LINE
8
RED3
6
CONTINUOUS
10
4.6684488188976383
20
-3.1857086614173231
11
4.6636889763779532
21
-3.1880905511811024
0
LINE
8
RED3
6
CONTINUOUS
10
4.6636889763779532
20
-3.1880905511811024
11
4.6613070866141735
21
-3.1904724409448821
0
LINE
8
RED3
6
CONTINUOUS
10
4.6613070866141735
20
-3.1904724409448821
11
4.6589251968503937
21
-3.1952322834645672
0
LINE
8
RED3
6
CONTINUOUS
10
4.6589251968503937
20
-3.1952322834645672
11
4.6589251968503937
21
-3.2047559055118113
0
LINE
8
RED3
6
CONTINUOUS
10
4.6589251968503937
20
-3.2047559055118113
11
4.6613070866141735
21
-3.2095196850393704
0
LINE
8
RED3
6
CONTINUOUS
10
4.6613070866141735
20
-3.2095196850393704
11
4.6636889763779532
21
-3.2119015748031496
0
LINE
8
RED3
6
CONTINUOUS
10
4.6636889763779532
20
-3.2119015748031496
11
4.6684488188976383
21
-3.2142795275590554
0
LINE
8
CYAN2
6
CONTINUOUS
10
5.2727992125984251
20
-3.0244685039370078
11
5.3132755905511813
21
-3.0244685039370078
0
LINE
8
CYAN2
6
CONTINUOUS
10
5.3132755905511813
20
-3.0244685039370078
11
5.3180393700787407
21
-3.0220866141732285
0
LINE
8
CYAN2
6
CONTINUOUS
10
5.3180393700787407
20
-3.0220866141732285
11
5.3204212598425196
21
-3.0197047244094488
0
LINE
8
CYAN2
6
CONTINUOUS
10
5.3204212598425196
20
-3.0197047244094488
11
5.3227992125984258
21
-3.0149448818897637
0
LINE
8
CYAN2
6
CONTINUOUS
10
5.3227992125984258
20
-3.0149448818897637
11
5.3227992125984258
21
-3.0054212598425196
0
LINE
8
CYAN2
6
CONTINUOUS
10
5.3227992125984258
20
-3.0054212598425196
11
5.3204212598425196
21
-3.0006574803149606
0
LINE
8
CYAN2
6
CONTINUOUS
10
5.3204212598425196
20
-3.0006574803149606
11
5.3180393700787407
21
-2.9982755905511813
0
LINE
8
CYAN2
6
CONTINUOUS
10
5.3180393700787407
20
-2.9982755905511813
11
5.3132755905511813
21
-2.9958976377952755
0
LINE
8
CYAN2
6
CONTINUOUS
10
5.3132755905511813
20
-2.9958976377952755
11
5.2727992125984251
21
-2.9958976377952755
0
LINE
8
CYAN2
6
CONTINUOUS
10
5.3227992125984258
20
-2.9458937007874018
11
5.3227992125984258
21
-2.9744645669291341
0
LINE
8
CYAN2
6
CONTINUOUS
10
5.3227992125984258
20
-2.9601811023622049
11
5.2727992125984251
21
-2.9601811023622049
0
LINE
8
CYAN2
6
CONTINUOUS
10
5.2727992125984251
20
-2.9601811023622049
11
5.2799448818897643
21
-2.96494094488189
0
LINE
8
CYAN2
6
CONTINUOUS
10
5.2799448818897643
20
-2.96494094488189
11
5.2847047244094494
21
-2.969704724409449
0
LINE
8
CYAN2
6
CONTINUOUS
10
5.2847047244094494
20
-2.969704724409449
11
5.2870866141732282
21
-2.9744645669291341
0
LINE
8
CYAN2
6
CONTINUOUS
10
5.2775629921259846
20
-2.9268464566929135
11
5.2751811023622048
21
-2.9244685039370082
0
LINE
8
CYAN2
6
CONTINUOUS
10
5.2751811023622048
20
-2.9244685039370082
11
5.2727992125984251
21
-2.9197047244094487
0
LINE
8
CYAN2
6
CONTINUOUS
10
5.2727992125984251
20
-2.9197047244094487
11
5.2727992125984251
21
-2.9077992125984253
0
LINE
8
CYAN2
6
CONTINUOUS
10
5.2727992125984251
20
-2.9077992125984253
11
5.2751811023622048
21
-2.9030393700787402
0
LINE
8
CYAN2
6
CONTINUOUS
10
5.2751811023622048
20
-2.9030393700787402
11
5.2775629921259846
21
-2.900657480314961
0
LINE
8
CYAN2
6
CONTINUOUS
10
5.2775629921259846
20
-2.900657480314961
11
5.2823228346456697
21
-2.8982755905511812
0
LINE
8
CYAN2
6
CONTINUOUS
10
5.2823228346456697
20
-2.8982755905511812
11
5.2870866141732282
21
-2.8982755905511812
0
LINE
8
CYAN2
6
CONTINUOUS
10
5.2870866141732282
20
-2.8982755905511812
11
5.294228346456693
21
-2.900657480314961
0
LINE
8
CYAN2
6
CONTINUOUS
10
5.294228346456693
20
-2.900657480314961
11
5.3227992125984258
21
-2.9292283464566928
0
LINE
8
CYAN2
6
CONTINUOUS
10
5.3227992125984258
20
-2.9292283464566928
11
5.3227992125984258
21
-2.8982755905511812
0
LINE
8
CYAN2
6
CONTINUOUS
10
5.1727992125984255
20
-3.2601811023622047
11
5.1727992125984255
21
-3.2268503937007877
0
LINE
8
CYAN2
6
CONTINUOUS
10
5.1727992125984255
20
-3.2268503937007877
11
5.2227992125984253
21
-3.2482755905511813
0
LINE
8
CYAN2
6
CONTINUOUS
10
5.1894685039370083
20
-3.1863740157480316
11
5.2227992125984253
21
-3.1863740157480316
0
LINE
8
CYAN2
6
CONTINUOUS
10
5.1704212598425201
20
-3.1982795275590554
11
5.2061338582677168
21
-3.2101811023622049
0
LINE
8
CYAN2
6
CONTINUOUS
10
5.2061338582677168
20
-3.2101811023622049
11
5.2061338582677168
21
-3.1792322834645672
0
LINE
8
CYAN2
6
CONTINUOUS
10
5.2227992125984253
20
-3.160185039370079
11
5.1727992125984255
21
-3.160185039370079
0
LINE
8
CYAN2
6
CONTINUOUS
10
5.1966102362204722
20
-3.160185039370079
11
5.1966102362204722
21
-3.1316141732283467
0
LINE
8
CYAN2
6
CONTINUOUS
10
5.2227992125984253
20
-3.1316141732283467
11
5.1727992125984255
21
-3.1316141732283467
0
LINE
8
CYAN2
6
CONTINUOUS
10
5.2180393700787402
20
-3.0792322834645671
11
5.2204212598425199
21
-3.0816102362204725
0
LINE
8
CYAN2
6
CONTINUOUS
10
5.2204212598425199
20
-3.0816102362204725
11
5.2227992125984253
21
-3.0887559055118112
0
LINE
8
CYAN2
6
CONTINUOUS
10
5.2227992125984253
20
-3.0887559055118112
11
5.2227992125984253
21
-3.0935157480314963
0
LINE
8
CYAN2
6
CONTINUOUS
10
5.2227992125984253
20
-3.0935157480314963
11
5.2204212598425199
21
-3.1006574803149607
0
LINE
8
CYAN2
6
CONTINUOUS
10
5.2204212598425199
20
-3.1006574803149607
11
5.2156574803149605
21
-3.1054212598425197
0
LINE
8
CYAN2
6
CONTINUOUS
10
5.2156574803149605
20
-3.1054212598425197
11
5.2108937007874019
21
-3.1078031496062994
0
LINE
8
CYAN2
6
CONTINUOUS
10
5.2108937007874019
20
-3.1078031496062994
11
5.2013700787401573
21
-3.1101811023622048
0
LINE
8
CYAN2
6
CONTINUOUS
10
5.2013700787401573
20
-3.1101811023622048
11
5.1942283464566934
21
-3.1101811023622048
0
LINE
8
CYAN2
6
CONTINUOUS
10
5.1942283464566934
20
-3.1101811023622048
11
5.1847047244094489
21
-3.1078031496062994
0
LINE
8
CYAN2
6
CONTINUOUS
10
5.1847047244094489
20
-3.1078031496062994
11
5.1799448818897638
21
-3.1054212598425197
0
LINE
8
CYAN2
6
CONTINUOUS
10
5.1799448818897638
20
-3.1054212598425197
11
5.1751811023622052
21
-3.1006574803149607
0
LINE
8
CYAN2
6
CONTINUOUS
10
5.1751811023622052
20
-3.1006574803149607
11
5.1727992125984255
21
-3.0935157480314963
0
LINE
8
CYAN2
6
CONTINUOUS
10
5.1727992125984255
20
-3.0935157480314963
11
5.1727992125984255
21
-3.0887559055118112
0
LINE
8
CYAN2
6
CONTINUOUS
10
5.1727992125984255
20
-3.0887559055118112
11
5.1751811023622052
21
-3.0816102362204725
0
LINE
8
CYAN2
6
CONTINUOUS
10
5.1751811023622052
20
-3.0816102362204725
11
5.177562992125984
21
-3.0792322834645671
0
LINE
8
CYAN2
6
CONTINUOUS
10
5.1727992125984255
20
-3.064944881889764
11
5.1727992125984255
21
-3.0363740157480317
0
LINE
8
CYAN2
6
CONTINUOUS
10
5.2227992125984253
20
-3.0506574803149609
11
5.1727992125984255
21
-3.0506574803149609
0
LINE
8
CYAN2
6
CONTINUOUS
10
5.2227992125984253
20
-2.9935157480314962
11
5.2227992125984253
21
-3.0220866141732285
0
LINE
8
CYAN2
6
CONTINUOUS
10
5.2227992125984253
20
-3.0078031496062994
11
5.1727992125984255
21
-3.0078031496062994
0
LINE
8
CYAN2
6
CONTINUOUS
10
5.1727992125984255
20
-3.0078031496062994
11
5.1799448818897638
21
-3.0125629921259844
0
LINE
8
CYAN2
6
CONTINUOUS
10
5.1799448818897638
20
-3.0125629921259844
11
5.1847047244094489
21
-3.0173267716535435
0
LINE
8
CYAN2
6
CONTINUOUS
10
5.1847047244094489
20
-3.0173267716535435
11
5.1870866141732286
21
-3.0220866141732285
0
LINE
8
CYAN2
6
CONTINUOUS
10
5.1727992125984255
20
-2.9768503937007873
11
5.1727992125984255
21
-2.9435196850393703
0
LINE
8
CYAN2
6
CONTINUOUS
10
5.1727992125984255
20
-2.9435196850393703
11
5.2227992125984253
21
-2.9649448818897639
0
LINE
8
CYAN2
6
CONTINUOUS
10
5.1727992125984255
20
-2.9292322834645672
11
5.1727992125984255
21
-2.8982795275590552
0
LINE
8
CYAN2
6
CONTINUOUS
10
5.1727992125984255
20
-2.8982795275590552
11
5.1918464566929137
21
-2.914948818897638
0
LINE
8
CYAN2
6
CONTINUOUS
10
5.1918464566929137
20
-2.914948818897638
11
5.1918464566929137
21
-2.9078031496062993
0
LINE
8
CYAN2
6
CONTINUOUS
10
5.1918464566929137
20
-2.9078031496062993
11
5.1942283464566934
21
-2.9030433070866142
0
LINE
8
CYAN2
6
CONTINUOUS
10
5.1942283464566934
20
-2.9030433070866142
11
5.1966102362204722
21
-2.9006614173228349
0
LINE
8
CYAN2
6
CONTINUOUS
10
5.1966102362204722
20
-2.9006614173228349
11
5.2013700787401573
21
-2.8982795275590552
0
LINE
8
CYAN2
6
CONTINUOUS
10
5.2013700787401573
20
-2.8982795275590552
11
5.2132755905511816
21
-2.8982795275590552
0
LINE
8
CYAN2
6
CONTINUOUS
10
5.2132755905511816
20
-2.8982795275590552
11
5.2180393700787402
21
-2.9006614173228349
0
LINE
8
CYAN2
6
CONTINUOUS
10
5.2180393700787402
20
-2.9006614173228349
11
5.2204212598425199
21
-2.9030433070866142
0
LINE
8
CYAN2
6
CONTINUOUS
10
5.2204212598425199
20
-2.9030433070866142
11
5.2227992125984253
21
-2.9078031496062993
0
LINE
8
CYAN2
6
CONTINUOUS
10
5.2227992125984253
20
-2.9078031496062993
11
5.2227992125984253
21
-2.9220905511811024
0
LINE
8
CYAN2
6
CONTINUOUS
10
5.2227992125984253
20
-2.9220905511811024
11
5.2204212598425199
21
-2.9268503937007875
0
LINE
8
CYAN2
6
CONTINUOUS
10
5.2204212598425199
20
-2.9268503937007875
11
5.2180393700787402
21
-2.9292322834645672
0
LINE
8
RED2
6
CONTINUOUS
10
4.1100000000000003
20
-7.1500000000000004
11
4.1100000000000003
21
-6.9500000000000002
0
LINE
8
RED2
6
CONTINUOUS
10
4.1100000000000003
20
-6.9500000000000002
11
4.1900000000000004
21
-6.9500000000000002
0
LINE
8
RED2
6
CONTINUOUS
10
4.1900000000000004
20
-6.9500000000000002
11
4.1900000000000004
21
-7.1500000000000004
0
LINE
8
RED2
6
CONTINUOUS
10
4.1900000000000004
20
-7.1500000000000004
11
4.1100000000000003
21
-7.1500000000000004
0
LINE
8
RED2
6
CONTINUOUS
10
4.1500000000000004
20
-6.9500000000000002
11
4.1500000000000004
21
-6.9000000000000004
0
LINE
8
RED2
6
CONTINUOUS
10
4.1500000000000004
20
-7.1500000000000004
11
4.1500000000000004
21
-7.2000000000000002
0
LINE
8
CYAN2
6
CONTINUOUS
10
4.2948503937007878
20
-7.0227992125984251
11
4.2781850393700793
21
-6.9989921259842518
0
LINE
8
CYAN2
6
CONTINUOUS
10
4.266279527559055
20
-7.0227992125984251
11
4.266279527559055
21
-6.9727992125984253
0
LINE
8
CYAN2
6
CONTINUOUS
10
4.266279527559055
20
-6.9727992125984253
11
4.2853267716535433
21
-6.9727992125984253
0
LINE
8
CYAN2
6
CONTINUOUS
10
4.2853267716535433
20
-6.9727992125984253
11
4.2900905511811027
21
-6.975181102362205
0
LINE
8
CYAN2
6
CONTINUOUS
10
4.2900905511811027
20
-6.975181102362205
11
4.2924724409448825
21
-6.9775629921259847
0
LINE
8
CYAN2
6
CONTINUOUS
10
4.2924724409448825
20
-6.9775629921259847
11
4.2948503937007878
21
-6.9823228346456698
0
LINE
8
CYAN2
6
CONTINUOUS
10
4.2948503937007878
20
-6.9823228346456698
11
4.2948503937007878
21
-6.9894685039370081
0
LINE
8
CYAN2
6
CONTINUOUS
10
4.2948503937007878
20
-6.9894685039370081
11
4.2924724409448825
21
-6.9942283464566932
0
LINE
8
CYAN2
6
CONTINUOUS
10
4.2924724409448825
20
-6.9942283464566932
11
4.2900905511811027
21
-6.996610236220473
0
LINE
8
CYAN2
6
CONTINUOUS
10
4.2900905511811027
20
-6.996610236220473
11
4.2853267716535433
21
-6.9989921259842518
0
LINE
8
CYAN2
6
CONTINUOUS
10
4.2853267716535433
20
-6.9989921259842518
11
4.266279527559055
21
-6.9989921259842518
0
LINE
8
CYAN2
6
CONTINUOUS
10
4.3115196850393707
20
-6.9727992125984253
11
4.3424724409448823
21
-6.9727992125984253
0
LINE
8
CYAN2
6
CONTINUOUS
10
4.3424724409448823
20
-6.9727992125984253
11
4.3258031496062994
21
-6.9918464566929135
0
LINE
8
CYAN2
6
CONTINUOUS
10
4.3258031496062994
20
-6.9918464566929135
11
4.3329488188976377
21
-6.9918464566929135
0
LINE
8
CYAN2
6
CONTINUOUS
10
4.3329488188976377
20
-6.9918464566929135
11
4.3377086614173228
21
-6.9942283464566932
0
LINE
8
CYAN2
6
CONTINUOUS
10
4.3377086614173228
20
-6.9942283464566932
11
4.3400905511811025
21
-6.996610236220473
0
LINE
8
CYAN2
6
CONTINUOUS
10
4.3400905511811025
20
-6.996610236220473
11
4.3424724409448823
21
-7.001370078740158
0
LINE
8
CYAN2
6
CONTINUOUS
10
4.3424724409448823
20
-7.001370078740158
11
4.3424724409448823
21
-7.0132755905511814
0
LINE
8
CYAN2
6
CONTINUOUS
10
4.3424724409448823
20
-7.0132755905511814
11
4.3400905511811025
21
-7.01803937007874
0
LINE
8
CYAN2
6
CONTINUOUS
10
4.3400905511811025
20
-7.01803937007874
11
4.3377086614173228
21
-7.0204212598425197
0
LINE
8
CYAN2
6
CONTINUOUS
10
4.3377086614173228
20
-7.0204212598425197
11
4.3329488188976377
21
-7.0227992125984251
0
LINE
8
CYAN2
6
CONTINUOUS
10
4.3329488188976377
20
-7.0227992125984251
11
4.3186614173228346
21
-7.0227992125984251
0
LINE
8
CYAN2
6
CONTINUOUS
10
4.3186614173228346
20
-7.0227992125984251
11
4.3139015748031495
21
-7.0204212598425197
0
LINE
8
CYAN2
6
CONTINUOUS
10
4.3139015748031495
20
-7.0204212598425197
11
4.3115196850393707
21
-7.01803937007874
0
LINE
8
CYAN2
6
CONTINUOUS
10
4.3591377952755908
20
-6.9727992125984253
11
4.3900905511811024
21
-6.9727992125984253
0
LINE
8
CYAN2
6
CONTINUOUS
10
4.3900905511811024
20
-6.9727992125984253
11
4.3734212598425195
21
-6.9918464566929135
0
LINE
8
CYAN2
6
CONTINUOUS
10
4.3734212598425195
20
-6.9918464566929135
11
4.3805669291338587
21
-6.9918464566929135
0
LINE
8
CYAN2
6
CONTINUOUS
10
4.3805669291338587
20
-6.9918464566929135
11
4.3853267716535438
21
-6.9942283464566932
0
LINE
8
CYAN2
6
CONTINUOUS
10
4.3853267716535438
20
-6.9942283464566932
11
4.3877086614173226
21
-6.996610236220473
0
LINE
8
CYAN2
6
CONTINUOUS
10
4.3877086614173226
20
-6.996610236220473
11
4.3900905511811024
21
-7.001370078740158
0
LINE
8
CYAN2
6
CONTINUOUS
10
4.3900905511811024
20
-7.001370078740158
11
4.3900905511811024
21
-7.0132755905511814
0
LINE
8
CYAN2
6
CONTINUOUS
10
4.3900905511811024
20
-7.0132755905511814
11
4.3877086614173226
21
-7.01803937007874
0
LINE
8
CYAN2
6
CONTINUOUS
10
4.3877086614173226
20
-7.01803937007874
11
4.3853267716535438
21
-7.0204212598425197
0
LINE
8
CYAN2
6
CONTINUOUS
10
4.3853267716535438
20
-7.0204212598425197
11
4.3805669291338587
21
-7.0227992125984251
0
LINE
8
CYAN2
6
CONTINUOUS
10
4.3805669291338587
20
-7.0227992125984251
11
4.3662795275590556
21
-7.0227992125984251
0
LINE
8
CYAN2
6
CONTINUOUS
10
4.3662795275590556
20
-7.0227992125984251
11
4.3615196850393705
21
-7.0204212598425197
0
LINE
8
CYAN2
6
CONTINUOUS
10
4.3615196850393705
20
-7.0204212598425197
11
4.3591377952755908
21
-7.01803937007874
0
LINE
8
CYAN2
6
CONTINUOUS
10
4.2639015748031497
20
-7.0775629921259844
11
4.266279527559055
21
-7.0751811023622047
0
LINE
8
CYAN2
6
CONTINUOUS
10
4.266279527559055
20
-7.0751811023622047
11
4.2710433070866145
21
-7.0727992125984258
0
LINE
8
CYAN2
6
CONTINUOUS
10
4.2710433070866145
20
-7.0727992125984258
11
4.2829488188976379
21
-7.0727992125984258
0
LINE
8
CYAN2
6
CONTINUOUS
10
4.2829488188976379
20
-7.0727992125984258
11
4.287708661417323
21
-7.0751811023622047
0
LINE
8
CYAN2
6
CONTINUOUS
10
4.287708661417323
20
-7.0751811023622047
11
4.2900905511811027
21
-7.0775629921259844
0
LINE
8
CYAN2
6
CONTINUOUS
10
4.2900905511811027
20
-7.0775629921259844
11
4.2924724409448825
21
-7.0823228346456695
0
LINE
8
CYAN2
6
CONTINUOUS
10
4.2924724409448825
20
-7.0823228346456695
11
4.2924724409448825
21
-7.0870866141732289
0
LINE
8
CYAN2
6
CONTINUOUS
10
4.2924724409448825
20
-7.0870866141732289
11
4.2900905511811027
21
-7.0942283464566929
0
LINE
8
CYAN2
6
CONTINUOUS
10
4.2900905511811027
20
-7.0942283464566929
11
4.26151968503937
21
-7.1227992125984256
0
LINE
8
CYAN2
6
CONTINUOUS
10
4.26151968503937
20
-7.1227992125984256
11
4.2924724409448825
21
-7.1227992125984256
0
LINE
8
CYAN2
6
CONTINUOUS
10
4.3115196850393707
20
-7.0775629921259844
11
4.313897637795276
21
-7.0751811023622047
0
LINE
8
CYAN2
6
CONTINUOUS
10
4.313897637795276
20
-7.0751811023622047
11
4.3186614173228346
21
-7.0727992125984258
0
LINE
8
CYAN2
6
CONTINUOUS
10
4.3186614173228346
20
-7.0727992125984258
11
4.330566929133858
21
-7.0727992125984258
0
LINE
8
CYAN2
6
CONTINUOUS
10
4.330566929133858
20
-7.0727992125984258
11
4.3353267716535431
21
-7.0751811023622047
0
LINE
8
CYAN2
6
CONTINUOUS
10
4.3353267716535431
20
-7.0751811023622047
11
4.3377086614173228
21
-7.0775629921259844
0
LINE
8
CYAN2
6
CONTINUOUS
10
4.3377086614173228
20
-7.0775629921259844
11
4.3400905511811025
21
-7.0823228346456695
0
LINE
8
CYAN2
6
CONTINUOUS
10
4.3400905511811025
20
-7.0823228346456695
11
4.3400905511811025
21
-7.0870866141732289
0
LINE
8
CYAN2
6
CONTINUOUS
10
4.3400905511811025
20
-7.0870866141732289
11
4.3377086614173228
21
-7.0942283464566929
0
LINE
8
CYAN2
6
CONTINUOUS
10
4.3377086614173228
20
-7.0942283464566929
11
4.3091377952755909
21
-7.1227992125984256
0
LINE
8
CYAN2
6
CONTINUOUS
10
4.3091377952755909
20
-7.1227992125984256
11
4.3400905511811025
21
-7.1227992125984256
0
LINE
8
CYAN2
6
CONTINUOUS
10
4.3710393700787407
20
-7.0727992125984258
11
4.3758031496062992
21
-7.0727992125984258
0
LINE
8
CYAN2
6
CONTINUOUS
10
4.3758031496062992
20
-7.0727992125984258
11
4.3805629921259843
21
-7.0751811023622047
0
LINE
8
CYAN2
6
CONTINUOUS
10
4.3805629921259843
20
-7.0751811023622047
11
4.3829448818897641
21
-7.0775629921259844
0
LINE
8
CYAN2
6
CONTINUOUS
10
4.3829448818897641
20
-7.0775629921259844
11
4.3853267716535438
21
-7.0823228346456695
0
LINE
8
CYAN2
6
CONTINUOUS
10
4.3853267716535438
20
-7.0823228346456695
11
4.3877086614173226
21
-7.091846456692914
0
LINE
8
CYAN2
6
CONTINUOUS
10
4.3877086614173226
20
-7.091846456692914
11
4.3877086614173226
21
-7.1037519685039374
0
LINE
8
CYAN2
6
CONTINUOUS
10
4.3877086614173226
20
-7.1037519685039374
11
4.3853267716535438
21
-7.1132755905511811
0
LINE
8
CYAN2
6
CONTINUOUS
10
4.3853267716535438
20
-7.1132755905511811
11
4.3829448818897641
21
-7.1180393700787405
0
LINE
8
CYAN2
6
CONTINUOUS
10
4.3829448818897641
20
-7.1180393700787405
11
4.3805629921259843
21
-7.1204212598425203
0
LINE
8
CYAN2
6
CONTINUOUS
10
4.3805629921259843
20
-7.1204212598425203
11
4.3758031496062992
21
-7.1227992125984256
0
LINE
8
CYAN2
6
CONTINUOUS
10
4.3758031496062992
20
-7.1227992125984256
11
4.3710393700787407
21
-7.1227992125984256
0
LINE
8
CYAN2
6
CONTINUOUS
10
4.3710393700787407
20
-7.1227992125984256
11
4.3662795275590556
21
-7.1204212598425203
0
LINE
8
CYAN2
6
CONTINUOUS
10
4.3662795275590556
20
-7.1204212598425203
11
4.3638976377952758
21
-7.1180393700787405
0
LINE
8
CYAN2
6
CONTINUOUS
10
4.3638976377952758
20
-7.1180393700787405
11
4.3615157480314961
21
-7.1132755905511811
0
LINE
8
CYAN2
6
CONTINUOUS
10
4.3615157480314961
20
-7.1132755905511811
11
4.3591377952755908
21
-7.1037519685039374
0
LINE
8
CYAN2
6
CONTINUOUS
10
4.3591377952755908
20
-7.1037519685039374
11
4.3591377952755908
21
-7.091846456692914
0
LINE
8
CYAN2
6
CONTINUOUS
10
4.3591377952755908
20
-7.091846456692914
11
4.3615157480314961
21
-7.0823228346456695
0
LINE
8
CYAN2
6
CONTINUOUS
10
4.3615157480314961
20
-7.0823228346456695
11
4.3638976377952758
21
-7.0775629921259844
0
LINE
8
CYAN2
6
CONTINUOUS
10
4.3638976377952758
20
-7.0775629921259844
11
4.3662795275590556
21
-7.0751811023622047
0
LINE
8
CYAN2
6
CONTINUOUS
10
4.3662795275590556
20
-7.0751811023622047
11
4.3710393700787407
21
-7.0727992125984258
0
LINE
8
RED2
6
CONTINUOUS
10
9.120000000000001
20
-2.3999999999999999
11
9.1500000000000004
21
-2.3500000000000001
0
LINE
8
RED2
6
CONTINUOUS
10
9.1500000000000004
20
-2.3500000000000001
11
9.1799999999999997
21
-2.3999999999999999
0
LINE
8
RED2
6
CONTINUOUS
10
9.1500000000000004
20
-2.4500000000000002
11
9.1500000000000004
21
-2.3500000000000001
0
LINE
8
CYAN2
6
CONTINUOUS
10
9.0833307086614177
20
-2.2228031496062992
11
9.0999960629921262
21
-2.2728031496062995
0
LINE
8
CYAN2
6
CONTINUOUS
10
9.0999960629921262
20
-2.2728031496062995
11
9.1166653543307081
21
-2.2228031496062992
0
LINE
8
CYAN2
6
CONTINUOUS
10
9.1619015748031494
20
-2.2680433070866144
11
9.159523622047244
21
-2.2704251968503937
0
LINE
8
CYAN2
6
CONTINUOUS
10
9.159523622047244
20
-2.2704251968503937
11
9.1523779527559057
21
-2.2728031496062995
0
LINE
8
CYAN2
6
CONTINUOUS
10
9.1523779527559057
20
-2.2728031496062995
11
9.1476181102362215
21
-2.2728031496062995
0
LINE
8
CYAN2
6
CONTINUOUS
10
9.1476181102362215
20
-2.2728031496062995
11
9.1404763779527567
21
-2.2704251968503937
0
LINE
8
CYAN2
6
CONTINUOUS
10
9.1404763779527567
20
-2.2704251968503937
11
9.1357125984251972
21
-2.2656614173228347
0
LINE
8
CYAN2
6
CONTINUOUS
10
9.1357125984251972
20
-2.2656614173228347
11
9.1333307086614184
21
-2.2608976377952756
0
LINE
8
CYAN2
6
CONTINUOUS
10
9.1333307086614184
20
-2.2608976377952756
11
9.130952755905513
21
-2.2513740157480315
0
LINE
8
CYAN2
6
CONTINUOUS
10
9.130952755905513
20
-2.2513740157480315
11
9.130952755905513
21
-2.2442322834645672
0
LINE
8
CYAN2
6
CONTINUOUS
10
9.130952755905513
20
-2.2442322834645672
11
9.1333307086614184
21
-2.2347086614173231
0
LINE
8
CYAN2
6
CONTINUOUS
10
9.1333307086614184
20
-2.2347086614173231
11
9.1357125984251972
21
-2.229948818897638
0
LINE
8
CYAN2
6
CONTINUOUS
10
9.1357125984251972
20
-2.229948818897638
11
9.1404763779527567
21
-2.2251850393700789
0
LINE
8
CYAN2
6
CONTINUOUS
10
9.1404763779527567
20
-2.2251850393700789
11
9.1476181102362215
21
-2.2228031496062992
0
LINE
8
CYAN2
6
CONTINUOUS
10
9.1476181102362215
20
-2.2228031496062992
11
9.1523779527559057
21
-2.2228031496062992
0
LINE
8
CYAN2
6
CONTINUOUS
10
9.1523779527559057
20
-2.2228031496062992
11
9.159523622047244
21
-2.2251850393700789
0
LINE
8
CYAN2
6
CONTINUOUS
10
9.159523622047244
20
-2.2251850393700789
11
9.1619015748031494
21
-2.2275669291338582
0
LINE
8
CYAN2
6
CONTINUOUS
10
9.2119015748031501
20
-2.2680433070866144
11
9.2095236220472447
21
-2.2704251968503937
0
LINE
8
CYAN2
6
CONTINUOUS
10
9.2095236220472447
20
-2.2704251968503937
11
9.2023779527559064
21
-2.2728031496062995
0
LINE
8
CYAN2
6
CONTINUOUS
10
9.2023779527559064
20
-2.2728031496062995
11
9.1976181102362204
21
-2.2728031496062995
0
LINE
8
CYAN2
6
CONTINUOUS
10
9.1976181102362204
20
-2.2728031496062995
11
9.1904763779527556
21
-2.2704251968503937
0
LINE
8
CYAN2
6
CONTINUOUS
10
9.1904763779527556
20
-2.2704251968503937
11
9.1857125984251979
21
-2.2656614173228347
0
LINE
8
CYAN2
6
CONTINUOUS
10
9.1857125984251979
20
-2.2656614173228347
11
9.1833307086614173
21
-2.2608976377952756
0
LINE
8
CYAN2
6
CONTINUOUS
10
9.1833307086614173
20
-2.2608976377952756
11
9.180952755905512
21
-2.2513740157480315
0
LINE
8
CYAN2
6
CONTINUOUS
10
9.180952755905512
20
-2.2513740157480315
11
9.180952755905512
21
-2.2442322834645672
0
LINE
8
CYAN2
6
CONTINUOUS
10
9.180952755905512
20
-2.2442322834645672
11
9.1833307086614173
21
-2.2347086614173231
0
LINE
8
CYAN2
6
CONTINUOUS
10
9.1833307086614173
20
-2.2347086614173231
11
9.1857125984251979
21
-2.229948818897638
0
LINE
8
CYAN2
6
CONTINUOUS
10
9.1857125984251979
20
-2.229948818897638
11
9.1904763779527556
21
-2.2251850393700789
0
LINE
8
CYAN2
6
CONTINUOUS
10
9.1904763779527556
20
-2.2251850393700789
11
9.1976181102362204
21
-2.2228031496062992
0
LINE
8
CYAN2
6
CONTINUOUS
10
9.1976181102362204
20
-2.2228031496062992
11
9.2023779527559064
21
-2.2228031496062992
0
LINE
8
CYAN2
6
CONTINUOUS
10
9.2023779527559064
20
-2.2228031496062992
11
9.2095236220472447
21
-2.2251850393700789
0
LINE
8
CYAN2
6
CONTINUOUS
10
9.2095236220472447
20
-2.2251850393700789
11
9.2119015748031501
21
-2.2275669291338582
0
LINE
8
RED2
6
CONTINUOUS
10
3.8300000000000001
20
-6.7200000000000006
11
3.8900000000000001
21
-6.7800000000000002
0
LINE
8
RED2
6
CONTINUOUS
10
3.8900000000000001
20
-6.7800000000000002
11
3.8900000000000001
21
-6.75
0
LINE
8
RED2
6
CONTINUOUS
10
3.8900000000000001
20
-6.75
11
3.8900000000000001
21
-6.7800000000000002
0
LINE
8
RED2
6
CONTINUOUS
10
3.8900000000000001
20
-6.7800000000000002
11
3.8600000000000003
21
-6.7800000000000002
0
LINE
8
RED2
6
CONTINUOUS
10
3.8300000000000001
20
-6.6699999999999999
11
3.8900000000000001
21
-6.7300000000000004
0
LINE
8
RED2
6
CONTINUOUS
10
3.8900000000000001
20
-6.7300000000000004
11
3.8900000000000001
21
-6.7000000000000002
0
LINE
8
RED2
6
CONTINUOUS
10
3.8900000000000001
20
-6.7000000000000002
11
3.8900000000000001
21
-6.7300000000000004
0
LINE
8
RED2
6
CONTINUOUS
10
3.8900000000000001
20
-6.7300000000000004
11
3.8600000000000003
21
-6.7300000000000004
0
LINE
8
RED2
6
CONTINUOUS
10
3.8000000000000003
20
-6.6500000000000004
11
3.8000000000000003
21
-6.5499999999999998
0
LINE
8
RED2
6
CONTINUOUS
10
3.8500000000000001
20
-6.6500000000000004
11
3.75
21
-6.6500000000000004
0
LINE
8
RED2
6
CONTINUOUS
10
3.8500000000000001
20
-6.5499999999999998
11
3.75
21
-6.5499999999999998
0
LINE
8
RED2
6
CONTINUOUS
10
3.75
20
-6.5499999999999998
11
3.8000000000000003
21
-6.6500000000000004
0
LINE
8
RED2
6
CONTINUOUS
10
3.8000000000000003
20
-6.6500000000000004
11
3.8500000000000001
21
-6.5499999999999998
0
LINE
8
RED2
6
CONTINUOUS
10
3.8000000000000003
20
-6.6500000000000004
11
3.8000000000000003
21
-6.75
0
LINE
8
RED2
6
CONTINUOUS
10
3.8000000000000003
20
-6.5499999999999998
11
3.8000000000000003
21
-6.4500000000000002
0
LINE
8
CYAN2
6
CONTINUOUS
10
3.8762795275590554
20
-6.5727992125984258
11
3.8762795275590554
21
-6.5227992125984251
0
LINE
8
CYAN2
6
CONTINUOUS
10
3.8762795275590554
20
-6.5227992125984251
11
3.8881850393700788
21
-6.5227992125984251
0
LINE
8
CYAN2
6
CONTINUOUS
10
3.8881850393700788
20
-6.5227992125984251
11
3.8953267716535436
21
-6.5251811023622048
0
LINE
8
CYAN2
6
CONTINUOUS
10
3.8953267716535436
20
-6.5251811023622048
11
3.9000905511811026
21
-6.5299448818897643
0
LINE
8
CYAN2
6
CONTINUOUS
10
3.9000905511811026
20
-6.5299448818897643
11
3.9024724409448819
21
-6.5347047244094494
0
LINE
8
CYAN2
6
CONTINUOUS
10
3.9024724409448819
20
-6.5347047244094494
11
3.9048503937007877
21
-6.544228346456693
0
LINE
8
CYAN2
6
CONTINUOUS
10
3.9048503937007877
20
-6.544228346456693
11
3.9048503937007877
21
-6.5513700787401579
0
LINE
8
CYAN2
6
CONTINUOUS
10
3.9048503937007877
20
-6.5513700787401579
11
3.9024724409448819
21
-6.5608937007874015
0
LINE
8
CYAN2
6
CONTINUOUS
10
3.9024724409448819
20
-6.5608937007874015
11
3.9000905511811026
21
-6.565657480314961
0
LINE
8
CYAN2
6
CONTINUOUS
10
3.9000905511811026
20
-6.565657480314961
11
3.8953267716535436
21
-6.5704212598425196
0
LINE
8
CYAN2
6
CONTINUOUS
10
3.8953267716535436
20
-6.5704212598425196
11
3.8881850393700788
21
-6.5727992125984258
0
LINE
8
CYAN2
6
CONTINUOUS
10
3.8881850393700788
20
-6.5727992125984258
11
3.8762795275590554
21
-6.5727992125984258
0
LINE
8
CYAN2
6
CONTINUOUS
10
3.9239015748031498
20
-6.5275629921259846
11
3.9262795275590552
21
-6.5251811023622048
0
LINE
8
CYAN2
6
CONTINUOUS
10
3.9262795275590552
20
-6.5251811023622048
11
3.9310433070866142
21
-6.5227992125984251
0
LINE
8
CYAN2
6
CONTINUOUS
10
3.9310433070866142
20
-6.5227992125984251
11
3.942948818897638
21
-6.5227992125984251
0
LINE
8
CYAN2
6
CONTINUOUS
10
3.942948818897638
20
-6.5227992125984251
11
3.9477086614173231
21
-6.5251811023622048
0
LINE
8
CYAN2
6
CONTINUOUS
10
3.9477086614173231
20
-6.5251811023622048
11
3.9500905511811024
21
-6.5275629921259846
0
LINE
8
CYAN2
6
CONTINUOUS
10
3.9500905511811024
20
-6.5275629921259846
11
3.9524724409448821
21
-6.5323228346456697
0
LINE
8
CYAN2
6
CONTINUOUS
10
3.9524724409448821
20
-6.5323228346456697
11
3.9524724409448821
21
-6.5370866141732282
0
LINE
8
CYAN2
6
CONTINUOUS
10
3.9524724409448821
20
-6.5370866141732282
11
3.9500905511811024
21
-6.544228346456693
0
LINE
8
CYAN2
6
CONTINUOUS
10
3.9500905511811024
20
-6.544228346456693
11
3.9215196850393701
21
-6.5727992125984258
0
LINE
8
CYAN2
6
CONTINUOUS
10
3.9215196850393701
20
-6.5727992125984258
11
3.9524724409448821
21
-6.5727992125984258
0
LINE
8
CYAN2
6
CONTINUOUS
10
3.9953267716535437
20
-6.539468503937008
11
3.9953267716535437
21
-6.5727992125984258
0
LINE
8
CYAN2
6
CONTINUOUS
10
3.9834212598425198
20
-6.5204212598425197
11
3.9715196850393704
21
-6.5561338582677164
0
LINE
8
CYAN2
6
CONTINUOUS
10
3.9715196850393704
20
-6.5561338582677164
11
4.002468503937008
21
-6.5561338582677164
0
LINE
8
CYAN2
6
CONTINUOUS
10
3.9048503937007877
20
-6.6727992125984255
11
3.8881850393700788
21
-6.6489921259842522
0
LINE
8
CYAN2
6
CONTINUOUS
10
3.8762795275590554
20
-6.6727992125984255
11
3.8762795275590554
21
-6.6227992125984256
0
LINE
8
CYAN2
6
CONTINUOUS
10
3.8762795275590554
20
-6.6227992125984256
11
3.8953267716535436
21
-6.6227992125984256
0
LINE
8
CYAN2
6
CONTINUOUS
10
3.8953267716535436
20
-6.6227992125984256
11
3.9000905511811026
21
-6.6251811023622054
0
LINE
8
CYAN2
6
CONTINUOUS
10
3.9000905511811026
20
-6.6251811023622054
11
3.9024724409448819
21
-6.6275629921259842
0
LINE
8
CYAN2
6
CONTINUOUS
10
3.9024724409448819
20
-6.6275629921259842
11
3.9048503937007877
21
-6.6323228346456693
0
LINE
8
CYAN2
6
CONTINUOUS
10
3.9048503937007877
20
-6.6323228346456693
11
3.9048503937007877
21
-6.6394685039370085
0
LINE
8
CYAN2
6
CONTINUOUS
10
3.9048503937007877
20
-6.6394685039370085
11
3.9024724409448819
21
-6.6442283464566936
0
LINE
8
CYAN2
6
CONTINUOUS
10
3.9024724409448819
20
-6.6442283464566936
11
3.9000905511811026
21
-6.6466102362204724
0
LINE
8
CYAN2
6
CONTINUOUS
10
3.9000905511811026
20
-6.6466102362204724
11
3.8953267716535436
21
-6.6489921259842522
0
LINE
8
CYAN2
6
CONTINUOUS
10
3.8953267716535436
20
-6.6489921259842522
11
3.8762795275590554
21
-6.6489921259842522
0
LINE
8
CYAN2
6
CONTINUOUS
10
3.9262795275590552
20
-6.6466102362204724
11
3.942948818897638
21
-6.6466102362204724
0
LINE
8
CYAN2
6
CONTINUOUS
10
3.9500905511811024
20
-6.6727992125984255
11
3.9262795275590552
21
-6.6727992125984255
0
LINE
8
CYAN2
6
CONTINUOUS
10
3.9262795275590552
20
-6.6727992125984255
11
3.9262795275590552
21
-6.6227992125984256
0
LINE
8
CYAN2
6
CONTINUOUS
10
3.9262795275590552
20
-6.6227992125984256
11
3.9500905511811024
21
-6.6227992125984256
0
LINE
8
CYAN2
6
CONTINUOUS
10
3.9715157480314964
20
-6.6727992125984255
11
3.9715157480314964
21
-6.6227992125984256
0
LINE
8
CYAN2
6
CONTINUOUS
10
3.9715157480314964
20
-6.6227992125984256
11
3.9834212598425198
21
-6.6227992125984256
0
LINE
8
CYAN2
6
CONTINUOUS
10
3.9834212598425198
20
-6.6227992125984256
11
3.9905629921259842
21
-6.6251811023622054
0
LINE
8
CYAN2
6
CONTINUOUS
10
3.9905629921259842
20
-6.6251811023622054
11
3.9953267716535437
21
-6.6299448818897639
0
LINE
8
CYAN2
6
CONTINUOUS
10
3.9953267716535437
20
-6.6299448818897639
11
3.997708661417323
21
-6.634704724409449
0
LINE
8
CYAN2
6
CONTINUOUS
10
3.997708661417323
20
-6.634704724409449
11
4.0000866141732283
21
-6.6442283464566936
0
LINE
8
CYAN2
6
CONTINUOUS
10
4.0000866141732283
20
-6.6442283464566936
11
4.0000866141732283
21
-6.6513700787401575
0
LINE
8
CYAN2
6
CONTINUOUS
10
4.0000866141732283
20
-6.6513700787401575
11
3.997708661417323
21
-6.6608937007874021
0
LINE
8
CYAN2
6
CONTINUOUS
10
3.997708661417323
20
-6.6608937007874021
11
3.9953267716535437
21
-6.6656574803149606
0
LINE
8
CYAN2
6
CONTINUOUS
10
3.9953267716535437
20
-6.6656574803149606
11
3.9905629921259842
21
-6.6704212598425201
0
LINE
8
CYAN2
6
CONTINUOUS
10
3.9905629921259842
20
-6.6704212598425201
11
3.9834212598425198
21
-6.6727992125984255
0
LINE
8
CYAN2
6
CONTINUOUS
10
3.9834212598425198
20
-6.6727992125984255
11
3.9715157480314964
21
-6.6727992125984255
0
LINE
8
RED2
6
CONTINUOUS
10
2.5300000000000002
20
-6.7200000000000006
11
2.5900000000000003
21
-6.7800000000000002
0
LINE
8
RED2
6
CONTINUOUS
10
2.5900000000000003
20
-6.7800000000000002
11
2.5900000000000003
21
-6.75
0
LINE
8
RED2
6
CONTINUOUS
10
2.5900000000000003
20
-6.75
11
2.5900000000000003
21
-6.7800000000000002
0
LINE
8
RED2
6
CONTINUOUS
10
2.5900000000000003
20
-6.7800000000000002
11
2.5600000000000001
21
-6.7800000000000002
0
LINE
8
RED2
6
CONTINUOUS
10
2.5300000000000002
20
-6.6699999999999999
11
2.5900000000000003
21
-6.7300000000000004
0
LINE
8
RED2
6
CONTINUOUS
10
2.5900000000000003
20
-6.7300000000000004
11
2.5900000000000003
21
-6.7000000000000002
0
LINE
8
RED2
6
CONTINUOUS
10
2.5900000000000003
20
-6.7000000000000002
11
2.5900000000000003
21
-6.7300000000000004
0
LINE
8
RED2
6
CONTINUOUS
10
2.5900000000000003
20
-6.7300000000000004
11
2.5600000000000001
21
-6.7300000000000004
0
LINE
8
RED2
6
CONTINUOUS
10
2.5
20
-6.6500000000000004
11
2.5
21
-6.5499999999999998
0
LINE
8
RED2
6
CONTINUOUS
10
2.5500000000000003
20
-6.6500000000000004
11
2.4500000000000002
21
-6.6500000000000004
0
LINE
8
RED2
6
CONTINUOUS
10
2.5500000000000003
20
-6.5499999999999998
11
2.4500000000000002
21
-6.5499999999999998
0
LINE
8
RED2
6
CONTINUOUS
10
2.4500000000000002
20
-6.5499999999999998
11
2.5
21
-6.6500000000000004
0
LINE
8
RED2
6
CONTINUOUS
10
2.5
20
-6.6500000000000004
11
2.5500000000000003
21
-6.5499999999999998
0
LINE
8
RED2
6
CONTINUOUS
10
2.5
20
-6.6500000000000004
11
2.5
21
-6.75
0
LINE
8
RED2
6
CONTINUOUS
10
2.5
20
-6.5499999999999998
11
2.5
21
-6.4500000000000002
0
LINE
8
CYAN2
6
CONTINUOUS
10
2.6162795275590551
20
-6.6127992125984258
11
2.6162795275590551
21
-6.5627992125984251
0
LINE
8
CYAN2
6
CONTINUOUS
10
2.6162795275590551
20
-6.5627992125984251
11
2.628185039370079
21
-6.5627992125984251
0
LINE
8
CYAN2
6
CONTINUOUS
10
2.628185039370079
20
-6.5627992125984251
11
2.6353267716535433
21
-6.5651811023622049
0
LINE
8
CYAN2
6
CONTINUOUS
10
2.6353267716535433
20
-6.5651811023622049
11
2.6400905511811024
21
-6.5699448818897643
0
LINE
8
CYAN2
6
CONTINUOUS
10
2.6400905511811024
20
-6.5699448818897643
11
2.6424724409448821
21
-6.5747047244094494
0
LINE
8
CYAN2
6
CONTINUOUS
10
2.6424724409448821
20
-6.5747047244094494
11
2.6448503937007874
21
-6.5842283464566931
0
LINE
8
CYAN2
6
CONTINUOUS
10
2.6448503937007874
20
-6.5842283464566931
11
2.6448503937007874
21
-6.5913700787401579
0
LINE
8
CYAN2
6
CONTINUOUS
10
2.6448503937007874
20
-6.5913700787401579
11
2.6424724409448821
21
-6.6008937007874016
0
LINE
8
CYAN2
6
CONTINUOUS
10
2.6424724409448821
20
-6.6008937007874016
11
2.6400905511811024
21
-6.605657480314961
0
LINE
8
CYAN2
6
CONTINUOUS
10
2.6400905511811024
20
-6.605657480314961
11
2.6353267716535433
21
-6.6104212598425196
0
LINE
8
CYAN2
6
CONTINUOUS
10
2.6353267716535433
20
-6.6104212598425196
11
2.628185039370079
21
-6.6127992125984258
0
LINE
8
CYAN2
6
CONTINUOUS
10
2.628185039370079
20
-6.6127992125984258
11
2.6162795275590551
21
-6.6127992125984258
0
LINE
8
CYAN2
6
CONTINUOUS
10
2.6639015748031496
20
-6.5675629921259846
11
2.6662795275590554
21
-6.5651811023622049
0
LINE
8
CYAN2
6
CONTINUOUS
10
2.6662795275590554
20
-6.5651811023622049
11
2.6710433070866144
21
-6.5627992125984251
0
LINE
8
CYAN2
6
CONTINUOUS
10
2.6710433070866144
20
-6.5627992125984251
11
2.6829488188976378
21
-6.5627992125984251
0
LINE
8
CYAN2
6
CONTINUOUS
10
2.6829488188976378
20
-6.5627992125984251
11
2.6877086614173229
21
-6.5651811023622049
0
LINE
8
CYAN2
6
CONTINUOUS
10
2.6877086614173229
20
-6.5651811023622049
11
2.6900905511811026
21
-6.5675629921259846
0
LINE
8
CYAN2
6
CONTINUOUS
10
2.6900905511811026
20
-6.5675629921259846
11
2.6924724409448819
21
-6.5723228346456697
0
LINE
8
CYAN2
6
CONTINUOUS
10
2.6924724409448819
20
-6.5723228346456697
11
2.6924724409448819
21
-6.5770866141732283
0
LINE
8
CYAN2
6
CONTINUOUS
10
2.6924724409448819
20
-6.5770866141732283
11
2.6900905511811026
21
-6.5842283464566931
0
LINE
8
CYAN2
6
CONTINUOUS
10
2.6900905511811026
20
-6.5842283464566931
11
2.6615196850393703
21
-6.6127992125984258
0
LINE
8
CYAN2
6
CONTINUOUS
10
2.6615196850393703
20
-6.6127992125984258
11
2.6924724409448819
21
-6.6127992125984258
0
LINE
8
CYAN2
6
CONTINUOUS
10
2.7234212598425196
20
-6.5627992125984251
11
2.7281850393700791
21
-6.5627992125984251
0
LINE
8
CYAN2
6
CONTINUOUS
10
2.7281850393700791
20
-6.5627992125984251
11
2.7329448818897637
21
-6.5651811023622049
0
LINE
8
CYAN2
6
CONTINUOUS
10
2.7329448818897637
20
-6.5651811023622049
11
2.7353267716535434
21
-6.5675629921259846
0
LINE
8
CYAN2
6
CONTINUOUS
10
2.7353267716535434
20
-6.5675629921259846
11
2.7377086614173227
21
-6.5723228346456697
0
LINE
8
CYAN2
6
CONTINUOUS
10
2.7377086614173227
20
-6.5723228346456697
11
2.7400905511811025
21
-6.5818464566929133
0
LINE
8
CYAN2
6
CONTINUOUS
10
2.7400905511811025
20
-6.5818464566929133
11
2.7400905511811025
21
-6.5937519685039376
0
LINE
8
CYAN2
6
CONTINUOUS
10
2.7400905511811025
20
-6.5937519685039376
11
2.7377086614173227
21
-6.6032755905511813
0
LINE
8
CYAN2
6
CONTINUOUS
10
2.7377086614173227
20
-6.6032755905511813
11
2.7353267716535434
21
-6.6080393700787408
0
LINE
8
CYAN2
6
CONTINUOUS
10
2.7353267716535434
20
-6.6080393700787408
11
2.7329448818897637
21
-6.6104212598425196
0
LINE
8
CYAN2
6
CONTINUOUS
10
2.7329448818897637
20
-6.6104212598425196
11
2.7281850393700791
21
-6.6127992125984258
0
LINE
8
CYAN2
6
CONTINUOUS
10
2.7281850393700791
20
-6.6127992125984258
11
2.7234212598425196
21
-6.6127992125984258
0
LINE
8
CYAN2
6
CONTINUOUS
10
2.7234212598425196
20
-6.6127992125984258
11
2.718661417322835
21
-6.6104212598425196
0
LINE
8
CYAN2
6
CONTINUOUS
10
2.718661417322835
20
-6.6104212598425196
11
2.7162795275590552
21
-6.6080393700787408
0
LINE
8
CYAN2
6
CONTINUOUS
10
2.7162795275590552
20
-6.6080393700787408
11
2.7138976377952755
21
-6.6032755905511813
0
LINE
8
CYAN2
6
CONTINUOUS
10
2.7138976377952755
20
-6.6032755905511813
11
2.7115196850393701
21
-6.5937519685039376
0
LINE
8
CYAN2
6
CONTINUOUS
10
2.7115196850393701
20
-6.5937519685039376
11
2.7115196850393701
21
-6.5818464566929133
0
LINE
8
CYAN2
6
CONTINUOUS
10
2.7115196850393701
20
-6.5818464566929133
11
2.7138976377952755
21
-6.5723228346456697
0
LINE
8
CYAN2
6
CONTINUOUS
10
2.7138976377952755
20
-6.5723228346456697
11
2.7162795275590552
21
-6.5675629921259846
0
LINE
8
CYAN2
6
CONTINUOUS
10
2.7162795275590552
20
-6.5675629921259846
11
2.718661417322835
21
-6.5651811023622049
0
LINE
8
CYAN2
6
CONTINUOUS
10
2.718661417322835
20
-6.5651811023622049
11
2.7234212598425196
21
-6.5627992125984251
0
LINE
8
CYAN2
6
CONTINUOUS
10
2.6448503937007874
20
-6.7227992125984253
11
2.628185039370079
21
-6.698992125984252
0
LINE
8
CYAN2
6
CONTINUOUS
10
2.6162795275590551
20
-6.7227992125984253
11
2.6162795275590551
21
-6.6727992125984255
0
LINE
8
CYAN2
6
CONTINUOUS
10
2.6162795275590551
20
-6.6727992125984255
11
2.6353267716535433
21
-6.6727992125984255
0
LINE
8
CYAN2
6
CONTINUOUS
10
2.6353267716535433
20
-6.6727992125984255
11
2.6400905511811024
21
-6.6751811023622052
0
LINE
8
CYAN2
6
CONTINUOUS
10
2.6400905511811024
20
-6.6751811023622052
11
2.6424724409448821
21
-6.6775629921259849
0
LINE
8
CYAN2
6
CONTINUOUS
10
2.6424724409448821
20
-6.6775629921259849
11
2.6448503937007874
21
-6.6823228346456691
0
LINE
8
CYAN2
6
CONTINUOUS
10
2.6448503937007874
20
-6.6823228346456691
11
2.6448503937007874
21
-6.6894685039370083
0
LINE
8
CYAN2
6
CONTINUOUS
10
2.6448503937007874
20
-6.6894685039370083
11
2.6424724409448821
21
-6.6942283464566934
0
LINE
8
CYAN2
6
CONTINUOUS
10
2.6424724409448821
20
-6.6942283464566934
11
2.6400905511811024
21
-6.6966102362204731
0
LINE
8
CYAN2
6
CONTINUOUS
10
2.6400905511811024
20
-6.6966102362204731
11
2.6353267716535433
21
-6.698992125984252
0
LINE
8
CYAN2
6
CONTINUOUS
10
2.6353267716535433
20
-6.698992125984252
11
2.6162795275590551
21
-6.698992125984252
0
LINE
8
CYAN2
6
CONTINUOUS
10
2.6662795275590554
20
-6.6966102362204731
11
2.6829488188976378
21
-6.6966102362204731
0
LINE
8
CYAN2
6
CONTINUOUS
10
2.6900905511811026
20
-6.7227992125984253
11
2.6662795275590554
21
-6.7227992125984253
0
LINE
8
CYAN2
6
CONTINUOUS
10
2.6662795275590554
20
-6.7227992125984253
11
2.6662795275590554
21
-6.6727992125984255
0
LINE
8
CYAN2
6
CONTINUOUS
10
2.6662795275590554
20
-6.6727992125984255
11
2.6900905511811026
21
-6.6727992125984255
0
LINE
8
CYAN2
6
CONTINUOUS
10
2.7115157480314962
20
-6.7227992125984253
11
2.7115157480314962
21
-6.6727992125984255
0
LINE
8
CYAN2
6
CONTINUOUS
10
2.7115157480314962
20
-6.6727992125984255
11
2.7234212598425196
21
-6.6727992125984255
0
LINE
8
CYAN2
6
CONTINUOUS
10
2.7234212598425196
20
-6.6727992125984255
11
2.7305629921259844
21
-6.6751811023622052
0
LINE
8
CYAN2
6
CONTINUOUS
10
2.7305629921259844
20
-6.6751811023622052
11
2.7353267716535434
21
-6.6799448818897638
0
LINE
8
CYAN2
6
CONTINUOUS
10
2.7353267716535434
20
-6.6799448818897638
11
2.7377086614173227
21
-6.6847047244094489
0
LINE
8
CYAN2
6
CONTINUOUS
10
2.7377086614173227
20
-6.6847047244094489
11
2.7400866141732285
21
-6.6942283464566934
0
LINE
8
CYAN2
6
CONTINUOUS
10
2.7400866141732285
20
-6.6942283464566934
11
2.7400866141732285
21
-6.7013700787401573
0
LINE
8
CYAN2
6
CONTINUOUS
10
2.7400866141732285
20
-6.7013700787401573
11
2.7377086614173227
21
-6.7108937007874019
0
LINE
8
CYAN2
6
CONTINUOUS
10
2.7377086614173227
20
-6.7108937007874019
11
2.7353267716535434
21
-6.7156574803149605
0
LINE
8
CYAN2
6
CONTINUOUS
10
2.7353267716535434
20
-6.7156574803149605
11
2.7305629921259844
21
-6.7204212598425199
0
LINE
8
CYAN2
6
CONTINUOUS
10
2.7305629921259844
20
-6.7204212598425199
11
2.7234212598425196
21
-6.7227992125984253
0
LINE
8
CYAN2
6
CONTINUOUS
10
2.7234212598425196
20
-6.7227992125984253
11
2.7115157480314962
21
-6.7227992125984253
0
LINE
8
RED2
6
CONTINUOUS
10
4.5300000000000002
20
-6.7200000000000006
11
4.5899999999999999
21
-6.7800000000000002
0
LINE
8
RED2
6
CONTINUOUS
10
4.5899999999999999
20
-6.7800000000000002
11
4.5899999999999999
21
-6.75
0
LINE
8
RED2
6
CONTINUOUS
10
4.5899999999999999
20
-6.75
11
4.5899999999999999
21
-6.7800000000000002
0
LINE
8
RED2
6
CONTINUOUS
10
4.5899999999999999
20
-6.7800000000000002
11
4.5600000000000005
21
-6.7800000000000002
0
LINE
8
RED2
6
CONTINUOUS
10
4.5300000000000002
20
-6.6699999999999999
11
4.5899999999999999
21
-6.7300000000000004
0
LINE
8
RED2
6
CONTINUOUS
10
4.5899999999999999
20
-6.7300000000000004
11
4.5899999999999999
21
-6.7000000000000002
0
LINE
8
RED2
6
CONTINUOUS
10
4.5899999999999999
20
-6.7000000000000002
11
4.5899999999999999
21
-6.7300000000000004
0
LINE
8
RED2
6
CONTINUOUS
10
4.5899999999999999
20
-6.7300000000000004
11
4.5600000000000005
21
-6.7300000000000004
0
LINE
8
RED2
6
CONTINUOUS
10
4.5
20
-6.6500000000000004
11
4.5
21
-6.5499999999999998
0
LINE
8
RED2
6
CONTINUOUS
10
4.5499999999999998
20
-6.6500000000000004
11
4.4500000000000002
21
-6.6500000000000004
0
LINE
8
RED2
6
CONTINUOUS
10
4.5499999999999998
20
-6.5499999999999998
11
4.4500000000000002
21
-6.5499999999999998
0
LINE
8
RED2
6
CONTINUOUS
10
4.4500000000000002
20
-6.5499999999999998
11
4.5
21
-6.6500000000000004
0
LINE
8
RED2
6
CONTINUOUS
10
4.5
20
-6.6500000000000004
11
4.5499999999999998
21
-6.5499999999999998
0
LINE
8
RED2
6
CONTINUOUS
10
4.5
20
-6.6500000000000004
11
4.5
21
-6.75
0
LINE
8
RED2
6
CONTINUOUS
10
4.5
20
-6.5499999999999998
11
4.5
21
-6.4500000000000002
0
LINE
8
CYAN2
6
CONTINUOUS
10
4.6062795275590549
20
-6.5827992125984256
11
4.6062795275590549
21
-6.5327992125984258
0
LINE
8
CYAN2
6
CONTINUOUS
10
4.6062795275590549
20
-6.5327992125984258
11
4.6181850393700792
21
-6.5327992125984258
0
LINE
8
CYAN2
6
CONTINUOUS
10
4.6181850393700792
20
-6.5327992125984258
11
4.6253267716535431
21
-6.5351811023622046
0
LINE
8
CYAN2
6
CONTINUOUS
10
4.6253267716535431
20
-6.5351811023622046
11
4.6300905511811026
21
-6.5399448818897641
0
LINE
8
CYAN2
6
CONTINUOUS
10
4.6300905511811026
20
-6.5399448818897641
11
4.6324724409448823
21
-6.5447047244094492
0
LINE
8
CYAN2
6
CONTINUOUS
10
4.6324724409448823
20
-6.5447047244094492
11
4.6348503937007877
21
-6.5542283464566928
0
LINE
8
CYAN2
6
CONTINUOUS
10
4.6348503937007877
20
-6.5542283464566928
11
4.6348503937007877
21
-6.5613700787401577
0
LINE
8
CYAN2
6
CONTINUOUS
10
4.6348503937007877
20
-6.5613700787401577
11
4.6324724409448823
21
-6.5708937007874022
0
LINE
8
CYAN2
6
CONTINUOUS
10
4.6324724409448823
20
-6.5708937007874022
11
4.6300905511811026
21
-6.5756574803149608
0
LINE
8
CYAN2
6
CONTINUOUS
10
4.6300905511811026
20
-6.5756574803149608
11
4.6253267716535431
21
-6.5804212598425202
0
LINE
8
CYAN2
6
CONTINUOUS
10
4.6253267716535431
20
-6.5804212598425202
11
4.6181850393700792
21
-6.5827992125984256
0
LINE
8
CYAN2
6
CONTINUOUS
10
4.6181850393700792
20
-6.5827992125984256
11
4.6062795275590549
21
-6.5827992125984256
0
LINE
8
CYAN2
6
CONTINUOUS
10
4.6539015748031494
20
-6.5375629921259844
11
4.6562795275590556
21
-6.5351811023622046
0
LINE
8
CYAN2
6
CONTINUOUS
10
4.6562795275590556
20
-6.5351811023622046
11
4.6610433070866142
21
-6.5327992125984258
0
LINE
8
CYAN2
6
CONTINUOUS
10
4.6610433070866142
20
-6.5327992125984258
11
4.6729488188976376
21
-6.5327992125984258
0
LINE
8
CYAN2
6
CONTINUOUS
10
4.6729488188976376
20
-6.5327992125984258
11
4.6777086614173227
21
-6.5351811023622046
0
LINE
8
CYAN2
6
CONTINUOUS
10
4.6777086614173227
20
-6.5351811023622046
11
4.6800905511811024
21
-6.5375629921259844
0
LINE
8
CYAN2
6
CONTINUOUS
10
4.6800905511811024
20
-6.5375629921259844
11
4.6824724409448821
21
-6.5423228346456694
0
LINE
8
CYAN2
6
CONTINUOUS
10
4.6824724409448821
20
-6.5423228346456694
11
4.6824724409448821
21
-6.5470866141732289
0
LINE
8
CYAN2
6
CONTINUOUS
10
4.6824724409448821
20
-6.5470866141732289
11
4.6800905511811024
21
-6.5542283464566928
0
LINE
8
CYAN2
6
CONTINUOUS
10
4.6800905511811024
20
-6.5542283464566928
11
4.6515196850393705
21
-6.5827992125984256
0
LINE
8
CYAN2
6
CONTINUOUS
10
4.6515196850393705
20
-6.5827992125984256
11
4.6824724409448821
21
-6.5827992125984256
0
LINE
8
CYAN2
6
CONTINUOUS
10
4.7253267716535436
20
-6.5327992125984258
11
4.7158031496062991
21
-6.5327992125984258
0
LINE
8
CYAN2
6
CONTINUOUS
10
4.7158031496062991
20
-6.5327992125984258
11
4.711043307086614
21
-6.5351811023622046
0
LINE
8
CYAN2
6
CONTINUOUS
10
4.711043307086614
20
-6.5351811023622046
11
4.7086614173228352
21
-6.5375629921259844
0
LINE
8
CYAN2
6
CONTINUOUS
10
4.7086614173228352
20
-6.5375629921259844
11
4.7038976377952757
21
-6.5447047244094492
0
LINE
8
CYAN2
6
CONTINUOUS
10
4.7038976377952757
20
-6.5447047244094492
11
4.7015196850393703
21
-6.5542283464566928
0
LINE
8
CYAN2
6
CONTINUOUS
10
4.7015196850393703
20
-6.5542283464566928
11
4.7015196850393703
21
-6.573275590551181
0
LINE
8
CYAN2
6
CONTINUOUS
10
4.7015196850393703
20
-6.573275590551181
11
4.7038976377952757
21
-6.5780393700787405
0
LINE
8
CYAN2
6
CONTINUOUS
10
4.7038976377952757
20
-6.5780393700787405
11
4.7062795275590554
21
-6.5804212598425202
0
LINE
8
CYAN2
6
CONTINUOUS
10
4.7062795275590554
20
-6.5804212598425202
11
4.711043307086614
21
-6.5827992125984256
0
LINE
8
CYAN2
6
CONTINUOUS
10
4.711043307086614
20
-6.5827992125984256
11
4.7205669291338586
21
-6.5827992125984256
0
LINE
8
CYAN2
6
CONTINUOUS
10
4.7205669291338586
20
-6.5827992125984256
11
4.7253267716535436
21
-6.5804212598425202
0
LINE
8
CYAN2
6
CONTINUOUS
10
4.7253267716535436
20
-6.5804212598425202
11
4.7277086614173234
21
-6.5780393700787405
0
LINE
8
CYAN2
6
CONTINUOUS
10
4.7277086614173234
20
-6.5780393700787405
11
4.7300905511811022
21
-6.573275590551181
0
LINE
8
CYAN2
6
CONTINUOUS
10
4.7300905511811022
20
-6.573275590551181
11
4.7300905511811022
21
-6.5613700787401577
0
LINE
8
CYAN2
6
CONTINUOUS
10
4.7300905511811022
20
-6.5613700787401577
11
4.7277086614173234
21
-6.5566102362204726
0
LINE
8
CYAN2
6
CONTINUOUS
10
4.7277086614173234
20
-6.5566102362204726
11
4.7253267716535436
21
-6.5542283464566928
0
LINE
8
CYAN2
6
CONTINUOUS
10
4.7253267716535436
20
-6.5542283464566928
11
4.7205669291338586
21
-6.551846456692914
0
LINE
8
CYAN2
6
CONTINUOUS
10
4.7205669291338586
20
-6.551846456692914
11
4.711043307086614
21
-6.551846456692914
0
LINE
8
CYAN2
6
CONTINUOUS
10
4.711043307086614
20
-6.551846456692914
11
4.7062795275590554
21
-6.5542283464566928
0
LINE
8
CYAN2
6
CONTINUOUS
10
4.7062795275590554
20
-6.5542283464566928
11
4.7038976377952757
21
-6.5566102362204726
0
LINE
8
CYAN2
6
CONTINUOUS
10
4.7038976377952757
20
-6.5566102362204726
11
4.7015196850393703
21
-6.5613700787401577
0
LINE
8
CYAN2
6
CONTINUOUS
10
4.6348503937007877
20
-6.6827992125984252
11
4.6181850393700792
21
-6.6589921259842519
0
LINE
8
CYAN2
6
CONTINUOUS
10
4.6062795275590549
20
-6.6827992125984252
11
4.6062795275590549
21
-6.6327992125984254
0
LINE
8
CYAN2
6
CONTINUOUS
10
4.6062795275590549
20
-6.6327992125984254
11
4.6253267716535431
21
-6.6327992125984254
0
LINE
8
CYAN2
6
CONTINUOUS
10
4.6253267716535431
20
-6.6327992125984254
11
4.6300905511811026
21
-6.6351811023622052
0
LINE
8
CYAN2
6
CONTINUOUS
10
4.6300905511811026
20
-6.6351811023622052
11
4.6324724409448823
21
-6.6375629921259849
0
LINE
8
CYAN2
6
CONTINUOUS
10
4.6324724409448823
20
-6.6375629921259849
11
4.6348503937007877
21
-6.64232283464567
0
LINE
8
CYAN2
6
CONTINUOUS
10
4.6348503937007877
20
-6.64232283464567
11
4.6348503937007877
21
-6.6494685039370083
0
LINE
8
CYAN2
6
CONTINUOUS
10
4.6348503937007877
20
-6.6494685039370083
11
4.6324724409448823
21
-6.6542283464566934
0
LINE
8
CYAN2
6
CONTINUOUS
10
4.6324724409448823
20
-6.6542283464566934
11
4.6300905511811026
21
-6.6566102362204731
0
LINE
8
CYAN2
6
CONTINUOUS
10
4.6300905511811026
20
-6.6566102362204731
11
4.6253267716535431
21
-6.6589921259842519
0
LINE
8
CYAN2
6
CONTINUOUS
10
4.6253267716535431
20
-6.6589921259842519
11
4.6062795275590549
21
-6.6589921259842519
0
LINE
8
CYAN2
6
CONTINUOUS
10
4.6562795275590556
20
-6.6566102362204731
11
4.6729488188976376
21
-6.6566102362204731
0
LINE
8
CYAN2
6
CONTINUOUS
10
4.6800905511811024
20
-6.6827992125984252
11
4.6562795275590556
21
-6.6827992125984252
0
LINE
8
CYAN2
6
CONTINUOUS
10
4.6562795275590556
20
-6.6827992125984252
11
4.6562795275590556
21
-6.6327992125984254
0
LINE
8
CYAN2
6
CONTINUOUS
10
4.6562795275590556
20
-6.6327992125984254
11
4.6800905511811024
21
-6.6327992125984254
0
LINE
8
CYAN2
6
CONTINUOUS
10
4.701515748031496
20
-6.6827992125984252
11
4.701515748031496
21
-6.6327992125984254
0
LINE
8
CYAN2
6
CONTINUOUS
10
4.701515748031496
20
-6.6327992125984254
11
4.7134212598425203
21
-6.6327992125984254
0
LINE
8
CYAN2
6
CONTINUOUS
10
4.7134212598425203
20
-6.6327992125984254
11
4.7205629921259842
21
-6.6351811023622052
0
LINE
8
CYAN2
6
CONTINUOUS
10
4.7205629921259842
20
-6.6351811023622052
11
4.7253267716535436
21
-6.6399448818897637
0
LINE
8
CYAN2
6
CONTINUOUS
10
4.7253267716535436
20
-6.6399448818897637
11
4.7277086614173234
21
-6.6447047244094488
0
LINE
8
CYAN2
6
CONTINUOUS
10
4.7277086614173234
20
-6.6447047244094488
11
4.7300866141732287
21
-6.6542283464566934
0
LINE
8
CYAN2
6
CONTINUOUS
10
4.7300866141732287
20
-6.6542283464566934
11
4.7300866141732287
21
-6.6613700787401573
0
LINE
8
CYAN2
6
CONTINUOUS
10
4.7300866141732287
20
-6.6613700787401573
11
4.7277086614173234
21
-6.6708937007874018
0
LINE
8
CYAN2
6
CONTINUOUS
10
4.7277086614173234
20
-6.6708937007874018
11
4.7253267716535436
21
-6.6756574803149613
0
LINE
8
CYAN2
6
CONTINUOUS
10
4.7253267716535436
20
-6.6756574803149613
11
4.7205629921259842
21
-6.6804212598425199
0
LINE
8
CYAN2
6
CONTINUOUS
10
4.7205629921259842
20
-6.6804212598425199
11
4.7134212598425203
21
-6.6827992125984252
0
LINE
8
CYAN2
6
CONTINUOUS
10
4.7134212598425203
20
-6.6827992125984252
11
4.701515748031496
21
-6.6827992125984252
0
LINE
8
RED2
6
CONTINUOUS
10
3.7600000000000002
20
-7.1500000000000004
11
3.7600000000000002
21
-6.9500000000000002
0
LINE
8
RED2
6
CONTINUOUS
10
3.7600000000000002
20
-6.9500000000000002
11
3.8400000000000003
21
-6.9500000000000002
0
LINE
8
RED2
6
CONTINUOUS
10
3.8400000000000003
20
-6.9500000000000002
11
3.8400000000000003
21
-7.1500000000000004
0
LINE
8
RED2
6
CONTINUOUS
10
3.8400000000000003
20
-7.1500000000000004
11
3.7600000000000002
21
-7.1500000000000004
0
LINE
8
RED2
6
CONTINUOUS
10
3.8000000000000003
20
-6.9500000000000002
11
3.8000000000000003
21
-6.9000000000000004
0
LINE
8
RED2
6
CONTINUOUS
10
3.8000000000000003
20
-7.1500000000000004
11
3.8000000000000003
21
-7.2000000000000002
0
LINE
8
CYAN2
6
CONTINUOUS
10
3.9448503937007877
20
-7.0227992125984251
11
3.9281850393700788
21
-6.9989921259842518
0
LINE
8
CYAN2
6
CONTINUOUS
10
3.9162795275590554
20
-7.0227992125984251
11
3.9162795275590554
21
-6.9727992125984253
0
LINE
8
CYAN2
6
CONTINUOUS
10
3.9162795275590554
20
-6.9727992125984253
11
3.9353267716535436
21
-6.9727992125984253
0
LINE
8
CYAN2
6
CONTINUOUS
10
3.9353267716535436
20
-6.9727992125984253
11
3.9400905511811026
21
-6.975181102362205
0
LINE
8
CYAN2
6
CONTINUOUS
10
3.9400905511811026
20
-6.975181102362205
11
3.9424724409448819
21
-6.9775629921259847
0
LINE
8
CYAN2
6
CONTINUOUS
10
3.9424724409448819
20
-6.9775629921259847
11
3.9448503937007877
21
-6.9823228346456698
0
LINE
8
CYAN2
6
CONTINUOUS
10
3.9448503937007877
20
-6.9823228346456698
11
3.9448503937007877
21
-6.9894685039370081
0
LINE
8
CYAN2
6
CONTINUOUS
10
3.9448503937007877
20
-6.9894685039370081
11
3.9424724409448819
21
-6.9942283464566932
0
LINE
8
CYAN2
6
CONTINUOUS
10
3.9424724409448819
20
-6.9942283464566932
11
3.9400905511811026
21
-6.996610236220473
0
LINE
8
CYAN2
6
CONTINUOUS
10
3.9400905511811026
20
-6.996610236220473
11
3.9353267716535436
21
-6.9989921259842518
0
LINE
8
CYAN2
6
CONTINUOUS
10
3.9353267716535436
20
-6.9989921259842518
11
3.9162795275590554
21
-6.9989921259842518
0
LINE
8
CYAN2
6
CONTINUOUS
10
3.9615196850393701
20
-6.9727992125984253
11
3.9924724409448822
21
-6.9727992125984253
0
LINE
8
CYAN2
6
CONTINUOUS
10
3.9924724409448822
20
-6.9727992125984253
11
3.9758031496062993
21
-6.9918464566929135
0
LINE
8
CYAN2
6
CONTINUOUS
10
3.9758031496062993
20
-6.9918464566929135
11
3.9829488188976381
21
-6.9918464566929135
0
LINE
8
CYAN2
6
CONTINUOUS
10
3.9829488188976381
20
-6.9918464566929135
11
3.9877086614173232
21
-6.9942283464566932
0
LINE
8
CYAN2
6
CONTINUOUS
10
3.9877086614173232
20
-6.9942283464566932
11
3.9900905511811025
21
-6.996610236220473
0
LINE
8
CYAN2
6
CONTINUOUS
10
3.9900905511811025
20
-6.996610236220473
11
3.9924724409448822
21
-7.001370078740158
0
LINE
8
CYAN2
6
CONTINUOUS
10
3.9924724409448822
20
-7.001370078740158
11
3.9924724409448822
21
-7.0132755905511814
0
LINE
8
CYAN2
6
CONTINUOUS
10
3.9924724409448822
20
-7.0132755905511814
11
3.9900905511811025
21
-7.01803937007874
0
LINE
8
CYAN2
6
CONTINUOUS
10
3.9900905511811025
20
-7.01803937007874
11
3.9877086614173232
21
-7.0204212598425197
0
LINE
8
CYAN2
6
CONTINUOUS
10
3.9877086614173232
20
-7.0204212598425197
11
3.9829488188976381
21
-7.0227992125984251
0
LINE
8
CYAN2
6
CONTINUOUS
10
3.9829488188976381
20
-7.0227992125984251
11
3.968661417322835
21
-7.0227992125984251
0
LINE
8
CYAN2
6
CONTINUOUS
10
3.968661417322835
20
-7.0227992125984251
11
3.9639015748031499
21
-7.0204212598425197
0
LINE
8
CYAN2
6
CONTINUOUS
10
3.9639015748031499
20
-7.0204212598425197
11
3.9615196850393701
21
-7.01803937007874
0
LINE
8
CYAN2
6
CONTINUOUS
10
4.01151968503937
20
-6.9775629921259847
11
4.0138976377952753
21
-6.975181102362205
0
LINE
8
CYAN2
6
CONTINUOUS
10
4.0138976377952753
20
-6.975181102362205
11
4.0186614173228348
21
-6.9727992125984253
0
LINE
8
CYAN2
6
CONTINUOUS
10
4.0186614173228348
20
-6.9727992125984253
11
4.0305669291338582
21
-6.9727992125984253
0
LINE
8
CYAN2
6
CONTINUOUS
10
4.0305669291338582
20
-6.9727992125984253
11
4.0353267716535433
21
-6.975181102362205
0
LINE
8
CYAN2
6
CONTINUOUS
10
4.0353267716535433
20
-6.975181102362205
11
4.037708661417323
21
-6.9775629921259847
0
LINE
8
CYAN2
6
CONTINUOUS
10
4.037708661417323
20
-6.9775629921259847
11
4.0400905511811027
21
-6.9823228346456698
0
LINE
8
CYAN2
6
CONTINUOUS
10
4.0400905511811027
20
-6.9823228346456698
11
4.0400905511811027
21
-6.9870866141732284
0
LINE
8
CYAN2
6
CONTINUOUS
10
4.0400905511811027
20
-6.9870866141732284
11
4.037708661417323
21
-6.9942283464566932
0
LINE
8
CYAN2
6
CONTINUOUS
10
4.037708661417323
20
-6.9942283464566932
11
4.0091377952755911
21
-7.0227992125984251
0
LINE
8
CYAN2
6
CONTINUOUS
10
4.0091377952755911
20
-7.0227992125984251
11
4.0400905511811027
21
-7.0227992125984251
0
LINE
8
CYAN2
6
CONTINUOUS
10
3.9139015748031496
20
-7.0775629921259844
11
3.9162795275590554
21
-7.0751811023622047
0
LINE
8
CYAN2
6
CONTINUOUS
10
3.9162795275590554
20
-7.0751811023622047
11
3.9210433070866144
21
-7.0727992125984258
0
LINE
8
CYAN2
6
CONTINUOUS
10
3.9210433070866144
20
-7.0727992125984258
11
3.9329488188976378
21
-7.0727992125984258
0
LINE
8
CYAN2
6
CONTINUOUS
10
3.9329488188976378
20
-7.0727992125984258
11
3.9377086614173229
21
-7.0751811023622047
0
LINE
8
CYAN2
6
CONTINUOUS
10
3.9377086614173229
20
-7.0751811023622047
11
3.9400905511811026
21
-7.0775629921259844
0
LINE
8
CYAN2
6
CONTINUOUS
10
3.9400905511811026
20
-7.0775629921259844
11
3.9424724409448819
21
-7.0823228346456695
0
LINE
8
CYAN2
6
CONTINUOUS
10
3.9424724409448819
20
-7.0823228346456695
11
3.9424724409448819
21
-7.0870866141732289
0
LINE
8
CYAN2
6
CONTINUOUS
10
3.9424724409448819
20
-7.0870866141732289
11
3.9400905511811026
21
-7.0942283464566929
0
LINE
8
CYAN2
6
CONTINUOUS
10
3.9400905511811026
20
-7.0942283464566929
11
3.9115196850393703
21
-7.1227992125984256
0
LINE
8
CYAN2
6
CONTINUOUS
10
3.9115196850393703
20
-7.1227992125984256
11
3.9424724409448819
21
-7.1227992125984256
0
LINE
8
CYAN2
6
CONTINUOUS
10
3.9615196850393701
20
-7.0775629921259844
11
3.9638976377952759
21
-7.0751811023622047
0
LINE
8
CYAN2
6
CONTINUOUS
10
3.9638976377952759
20
-7.0751811023622047
11
3.968661417322835
21
-7.0727992125984258
0
LINE
8
CYAN2
6
CONTINUOUS
10
3.968661417322835
20
-7.0727992125984258
11
3.9805669291338583
21
-7.0727992125984258
0
LINE
8
CYAN2
6
CONTINUOUS
10
3.9805669291338583
20
-7.0727992125984258
11
3.9853267716535434
21
-7.0751811023622047
0
LINE
8
CYAN2
6
CONTINUOUS
10
3.9853267716535434
20
-7.0751811023622047
11
3.9877086614173232
21
-7.0775629921259844
0
LINE
8
CYAN2
6
CONTINUOUS
10
3.9877086614173232
20
-7.0775629921259844
11
3.9900905511811025
21
-7.0823228346456695
0
LINE
8
CYAN2
6
CONTINUOUS
10
3.9900905511811025
20
-7.0823228346456695
11
3.9900905511811025
21
-7.0870866141732289
0
LINE
8
CYAN2
6
CONTINUOUS
10
3.9900905511811025
20
-7.0870866141732289
11
3.9877086614173232
21
-7.0942283464566929
0
LINE
8
CYAN2
6
CONTINUOUS
10
3.9877086614173232
20
-7.0942283464566929
11
3.9591377952755908
21
-7.1227992125984256
0
LINE
8
CYAN2
6
CONTINUOUS
10
3.9591377952755908
20
-7.1227992125984256
11
3.9900905511811025
21
-7.1227992125984256
0
LINE
8
CYAN2
6
CONTINUOUS
10
4.0210393700787401
20
-7.0727992125984258
11
4.0258031496062996
21
-7.0727992125984258
0
LINE
8
CYAN2
6
CONTINUOUS
10
4.0258031496062996
20
-7.0727992125984258
11
4.0305629921259847
21
-7.0751811023622047
0
LINE
8
CYAN2
6
CONTINUOUS
10
4.0305629921259847
20
-7.0751811023622047
11
4.0329448818897635
21
-7.0775629921259844
0
LINE
8
CYAN2
6
CONTINUOUS
10
4.0329448818897635
20
-7.0775629921259844
11
4.0353267716535433
21
-7.0823228346456695
0
LINE
8
CYAN2
6
CONTINUOUS
10
4.0353267716535433
20
-7.0823228346456695
11
4.037708661417323
21
-7.091846456692914
0
LINE
8
CYAN2
6
CONTINUOUS
10
4.037708661417323
20
-7.091846456692914
11
4.037708661417323
21
-7.1037519685039374
0
LINE
8
CYAN2
6
CONTINUOUS
10
4.037708661417323
20
-7.1037519685039374
11
4.0353267716535433
21
-7.1132755905511811
0
LINE
8
CYAN2
6
CONTINUOUS
10
4.0353267716535433
20
-7.1132755905511811
11
4.0329448818897635
21
-7.1180393700787405
0
LINE
8
CYAN2
6
CONTINUOUS
10
4.0329448818897635
20
-7.1180393700787405
11
4.0305629921259847
21
-7.1204212598425203
0
LINE
8
CYAN2
6
CONTINUOUS
10
4.0305629921259847
20
-7.1204212598425203
11
4.0258031496062996
21
-7.1227992125984256
0
LINE
8
CYAN2
6
CONTINUOUS
10
4.0258031496062996
20
-7.1227992125984256
11
4.0210393700787401
21
-7.1227992125984256
0
LINE
8
CYAN2
6
CONTINUOUS
10
4.0210393700787401
20
-7.1227992125984256
11
4.016279527559055
21
-7.1204212598425203
0
LINE
8
CYAN2
6
CONTINUOUS
10
4.016279527559055
20
-7.1204212598425203
11
4.0138976377952753
21
-7.1180393700787405
0
LINE
8
CYAN2
6
CONTINUOUS
10
4.0138976377952753
20
-7.1180393700787405
11
4.0115157480314965
21
-7.1132755905511811
0
LINE
8
CYAN2
6
CONTINUOUS
10
4.0115157480314965
20
-7.1132755905511811
11
4.0091377952755911
21
-7.1037519685039374
0
LINE
8
CYAN2
6
CONTINUOUS
10
4.0091377952755911
20
-7.1037519685039374
11
4.0091377952755911
21
-7.091846456692914
0
LINE
8
CYAN2
6
CONTINUOUS
10
4.0091377952755911
20
-7.091846456692914
11
4.0115157480314965
21
-7.0823228346456695
0
LINE
8
CYAN2
6
CONTINUOUS
10
4.0115157480314965
20
-7.0823228346456695
11
4.0138976377952753
21
-7.0775629921259844
0
LINE
8
CYAN2
6
CONTINUOUS
10
4.0138976377952753
20
-7.0775629921259844
11
4.016279527559055
21
-7.0751811023622047
0
LINE
8
CYAN2
6
CONTINUOUS
10
4.016279527559055
20
-7.0751811023622047
11
4.0210393700787401
21
-7.0727992125984258
0
LINE
8
RED2
6
CONTINUOUS
10
4.1799999999999997
20
-6.7200000000000006
11
4.2400000000000002
21
-6.7800000000000002
0
LINE
8
RED2
6
CONTINUOUS
10
4.2400000000000002
20
-6.7800000000000002
11
4.2400000000000002
21
-6.75
0
LINE
8
RED2
6
CONTINUOUS
10
4.2400000000000002
20
-6.75
11
4.2400000000000002
21
-6.7800000000000002
0
LINE
8
RED2
6
CONTINUOUS
10
4.2400000000000002
20
-6.7800000000000002
11
4.21
21
-6.7800000000000002
0
LINE
8
RED2
6
CONTINUOUS
10
4.1799999999999997
20
-6.6699999999999999
11
4.2400000000000002
21
-6.7300000000000004
0
LINE
8
RED2
6
CONTINUOUS
10
4.2400000000000002
20
-6.7300000000000004
11
4.2400000000000002
21
-6.7000000000000002
0
LINE
8
RED2
6
CONTINUOUS
10
4.2400000000000002
20
-6.7000000000000002
11
4.2400000000000002
21
-6.7300000000000004
0
LINE
8
RED2
6
CONTINUOUS
10
4.2400000000000002
20
-6.7300000000000004
11
4.21
21
-6.7300000000000004
0
LINE
8
RED2
6
CONTINUOUS
10
4.1500000000000004
20
-6.6500000000000004
11
4.1500000000000004
21
-6.5499999999999998
0
LINE
8
RED2
6
CONTINUOUS
10
4.2000000000000002
20
-6.6500000000000004
11
4.1000000000000005
21
-6.6500000000000004
0
LINE
8
RED2
6
CONTINUOUS
10
4.2000000000000002
20
-6.5499999999999998
11
4.1000000000000005
21
-6.5499999999999998
0
LINE
8
RED2
6
CONTINUOUS
10
4.1000000000000005
20
-6.5499999999999998
11
4.1500000000000004
21
-6.6500000000000004
0
LINE
8
RED2
6
CONTINUOUS
10
4.1500000000000004
20
-6.6500000000000004
11
4.2000000000000002
21
-6.5499999999999998
0
LINE
8
RED2
6
CONTINUOUS
10
4.1500000000000004
20
-6.6500000000000004
11
4.1500000000000004
21
-6.75
0
LINE
8
RED2
6
CONTINUOUS
10
4.1500000000000004
20
-6.5499999999999998
11
4.1500000000000004
21
-6.4500000000000002
0
LINE
8
CYAN2
6
CONTINUOUS
10
4.2562795275590553
20
-6.5727992125984258
11
4.2562795275590553
21
-6.5227992125984251
0
LINE
8
CYAN2
6
CONTINUOUS
10
4.2562795275590553
20
-6.5227992125984251
11
4.2681850393700786
21
-6.5227992125984251
0
LINE
8
CYAN2
6
CONTINUOUS
10
4.2681850393700786
20
-6.5227992125984251
11
4.2753267716535435
21
-6.5251811023622048
0
LINE
8
CYAN2
6
CONTINUOUS
10
4.2753267716535435
20
-6.5251811023622048
11
4.2800905511811029
21
-6.5299448818897643
0
LINE
8
CYAN2
6
CONTINUOUS
10
4.2800905511811029
20
-6.5299448818897643
11
4.2824724409448818
21
-6.5347047244094494
0
LINE
8
CYAN2
6
CONTINUOUS
10
4.2824724409448818
20
-6.5347047244094494
11
4.2848503937007871
21
-6.544228346456693
0
LINE
8
CYAN2
6
CONTINUOUS
10
4.2848503937007871
20
-6.544228346456693
11
4.2848503937007871
21
-6.5513700787401579
0
LINE
8
CYAN2
6
CONTINUOUS
10
4.2848503937007871
20
-6.5513700787401579
11
4.2824724409448818
21
-6.5608937007874015
0
LINE
8
CYAN2
6
CONTINUOUS
10
4.2824724409448818
20
-6.5608937007874015
11
4.2800905511811029
21
-6.565657480314961
0
LINE
8
CYAN2
6
CONTINUOUS
10
4.2800905511811029
20
-6.565657480314961
11
4.2753267716535435
21
-6.5704212598425196
0
LINE
8
CYAN2
6
CONTINUOUS
10
4.2753267716535435
20
-6.5704212598425196
11
4.2681850393700786
21
-6.5727992125984258
0
LINE
8
CYAN2
6
CONTINUOUS
10
4.2681850393700786
20
-6.5727992125984258
11
4.2562795275590553
21
-6.5727992125984258
0
LINE
8
CYAN2
6
CONTINUOUS
10
4.3039015748031497
20
-6.5275629921259846
11
4.3062795275590551
21
-6.5251811023622048
0
LINE
8
CYAN2
6
CONTINUOUS
10
4.3062795275590551
20
-6.5251811023622048
11
4.3110433070866145
21
-6.5227992125984251
0
LINE
8
CYAN2
6
CONTINUOUS
10
4.3110433070866145
20
-6.5227992125984251
11
4.3229488188976379
21
-6.5227992125984251
0
LINE
8
CYAN2
6
CONTINUOUS
10
4.3229488188976379
20
-6.5227992125984251
11
4.327708661417323
21
-6.5251811023622048
0
LINE
8
CYAN2
6
CONTINUOUS
10
4.327708661417323
20
-6.5251811023622048
11
4.3300905511811028
21
-6.5275629921259846
0
LINE
8
CYAN2
6
CONTINUOUS
10
4.3300905511811028
20
-6.5275629921259846
11
4.3324724409448825
21
-6.5323228346456697
0
LINE
8
CYAN2
6
CONTINUOUS
10
4.3324724409448825
20
-6.5323228346456697
11
4.3324724409448825
21
-6.5370866141732282
0
LINE
8
CYAN2
6
CONTINUOUS
10
4.3324724409448825
20
-6.5370866141732282
11
4.3300905511811028
21
-6.544228346456693
0
LINE
8
CYAN2
6
CONTINUOUS
10
4.3300905511811028
20
-6.544228346456693
11
4.30151968503937
21
-6.5727992125984258
0
LINE
8
CYAN2
6
CONTINUOUS
10
4.30151968503937
20
-6.5727992125984258
11
4.3324724409448825
21
-6.5727992125984258
0
LINE
8
CYAN2
6
CONTINUOUS
10
4.3777086614173228
20
-6.5227992125984251
11
4.3538976377952761
21
-6.5227992125984251
0
LINE
8
CYAN2
6
CONTINUOUS
10
4.3538976377952761
20
-6.5227992125984251
11
4.3515196850393698
21
-6.5466102362204728
0
LINE
8
CYAN2
6
CONTINUOUS
10
4.3515196850393698
20
-6.5466102362204728
11
4.3538976377952761
21
-6.544228346456693
0
LINE
8
CYAN2
6
CONTINUOUS
10
4.3538976377952761
20
-6.544228346456693
11
4.3586614173228346
21
-6.5418464566929133
0
LINE
8
CYAN2
6
CONTINUOUS
10
4.3586614173228346
20
-6.5418464566929133
11
4.370566929133858
21
-6.5418464566929133
0
LINE
8
CYAN2
6
CONTINUOUS
10
4.370566929133858
20
-6.5418464566929133
11
4.3753267716535431
21
-6.544228346456693
0
LINE
8
CYAN2
6
CONTINUOUS
10
4.3753267716535431
20
-6.544228346456693
11
4.3777086614173228
21
-6.5466102362204728
0
LINE
8
CYAN2
6
CONTINUOUS
10
4.3777086614173228
20
-6.5466102362204728
11
4.3800905511811026
21
-6.5513700787401579
0
LINE
8
CYAN2
6
CONTINUOUS
10
4.3800905511811026
20
-6.5513700787401579
11
4.3800905511811026
21
-6.5632755905511813
0
LINE
8
CYAN2
6
CONTINUOUS
10
4.3800905511811026
20
-6.5632755905511813
11
4.3777086614173228
21
-6.5680393700787407
0
LINE
8
CYAN2
6
CONTINUOUS
10
4.3777086614173228
20
-6.5680393700787407
11
4.3753267716535431
21
-6.5704212598425196
0
LINE
8
CYAN2
6
CONTINUOUS
10
4.3753267716535431
20
-6.5704212598425196
11
4.370566929133858
21
-6.5727992125984258
0
LINE
8
CYAN2
6
CONTINUOUS
10
4.370566929133858
20
-6.5727992125984258
11
4.3586614173228346
21
-6.5727992125984258
0
LINE
8
CYAN2
6
CONTINUOUS
10
4.3586614173228346
20
-6.5727992125984258
11
4.3538976377952761
21
-6.5704212598425196
0
LINE
8
CYAN2
6
CONTINUOUS
10
4.3538976377952761
20
-6.5704212598425196
11
4.3515196850393698
21
-6.5680393700787407
0
LINE
8
CYAN2
6
CONTINUOUS
10
4.2848503937007871
20
-6.6727992125984255
11
4.2681850393700786
21
-6.6489921259842522
0
LINE
8
CYAN2
6
CONTINUOUS
10
4.2562795275590553
20
-6.6727992125984255
11
4.2562795275590553
21
-6.6227992125984256
0
LINE
8
CYAN2
6
CONTINUOUS
10
4.2562795275590553
20
-6.6227992125984256
11
4.2753267716535435
21
-6.6227992125984256
0
LINE
8
CYAN2
6
CONTINUOUS
10
4.2753267716535435
20
-6.6227992125984256
11
4.2800905511811029
21
-6.6251811023622054
0
LINE
8
CYAN2
6
CONTINUOUS
10
4.2800905511811029
20
-6.6251811023622054
11
4.2824724409448818
21
-6.6275629921259842
0
LINE
8
CYAN2
6
CONTINUOUS
10
4.2824724409448818
20
-6.6275629921259842
11
4.2848503937007871
21
-6.6323228346456693
0
LINE
8
CYAN2
6
CONTINUOUS
10
4.2848503937007871
20
-6.6323228346456693
11
4.2848503937007871
21
-6.6394685039370085
0
LINE
8
CYAN2
6
CONTINUOUS
10
4.2848503937007871
20
-6.6394685039370085
11
4.2824724409448818
21
-6.6442283464566936
0
LINE
8
CYAN2
6
CONTINUOUS
10
4.2824724409448818
20
-6.6442283464566936
11
4.2800905511811029
21
-6.6466102362204724
0
LINE
8
CYAN2
6
CONTINUOUS
10
4.2800905511811029
20
-6.6466102362204724
11
4.2753267716535435
21
-6.6489921259842522
0
LINE
8
CYAN2
6
CONTINUOUS
10
4.2753267716535435
20
-6.6489921259842522
11
4.2562795275590553
21
-6.6489921259842522
0
LINE
8
CYAN2
6
CONTINUOUS
10
4.3062795275590551
20
-6.6466102362204724
11
4.3229488188976379
21
-6.6466102362204724
0
LINE
8
CYAN2
6
CONTINUOUS
10
4.3300905511811028
20
-6.6727992125984255
11
4.3062795275590551
21
-6.6727992125984255
0
LINE
8
CYAN2
6
CONTINUOUS
10
4.3062795275590551
20
-6.6727992125984255
11
4.3062795275590551
21
-6.6227992125984256
0
LINE
8
CYAN2
6
CONTINUOUS
10
4.3062795275590551
20
-6.6227992125984256
11
4.3300905511811028
21
-6.6227992125984256
0
LINE
8
CYAN2
6
CONTINUOUS
10
4.3515157480314963
20
-6.6727992125984255
11
4.3515157480314963
21
-6.6227992125984256
0
LINE
8
CYAN2
6
CONTINUOUS
10
4.3515157480314963
20
-6.6227992125984256
11
4.3634212598425197
21
-6.6227992125984256
0
LINE
8
CYAN2
6
CONTINUOUS
10
4.3634212598425197
20
-6.6227992125984256
11
4.3705629921259845
21
-6.6251811023622054
0
LINE
8
CYAN2
6
CONTINUOUS
10
4.3705629921259845
20
-6.6251811023622054
11
4.3753267716535431
21
-6.6299448818897639
0
LINE
8
CYAN2
6
CONTINUOUS
10
4.3753267716535431
20
-6.6299448818897639
11
4.3777086614173228
21
-6.634704724409449
0
LINE
8
CYAN2
6
CONTINUOUS
10
4.3777086614173228
20
-6.634704724409449
11
4.3800866141732282
21
-6.6442283464566936
0
LINE
8
CYAN2
6
CONTINUOUS
10
4.3800866141732282
20
-6.6442283464566936
11
4.3800866141732282
21
-6.6513700787401575
0
LINE
8
CYAN2
6
CONTINUOUS
10
4.3800866141732282
20
-6.6513700787401575
11
4.3777086614173228
21
-6.6608937007874021
0
LINE
8
CYAN2
6
CONTINUOUS
10
4.3777086614173228
20
-6.6608937007874021
11
4.3753267716535431
21
-6.6656574803149606
0
LINE
8
CYAN2
6
CONTINUOUS
10
4.3753267716535431
20
-6.6656574803149606
11
4.3705629921259845
21
-6.6704212598425201
0
LINE
8
CYAN2
6
CONTINUOUS
10
4.3705629921259845
20
-6.6704212598425201
11
4.3634212598425197
21
-6.6727992125984255
0
LINE
8
CYAN2
6
CONTINUOUS
10
4.3634212598425197
20
-6.6727992125984255
11
4.3515157480314963
21
-6.6727992125984255
0
LINE
8
RED2
6
CONTINUOUS
10
4.46
20
-7.1500000000000004
11
4.46
21
-6.9500000000000002
0
LINE
8
RED2
6
CONTINUOUS
10
4.46
20
-6.9500000000000002
11
4.54
21
-6.9500000000000002
0
LINE
8
RED2
6
CONTINUOUS
10
4.54
20
-6.9500000000000002
11
4.54
21
-7.1500000000000004
0
LINE
8
RED2
6
CONTINUOUS
10
4.54
20
-7.1500000000000004
11
4.46
21
-7.1500000000000004
0
LINE
8
RED2
6
CONTINUOUS
10
4.5
20
-6.9500000000000002
11
4.5
21
-6.9000000000000004
0
LINE
8
RED2
6
CONTINUOUS
10
4.5
20
-7.1500000000000004
11
4.5
21
-7.2000000000000002
0
LINE
8
CYAN2
6
CONTINUOUS
10
4.6448503937007874
20
-7.0227992125984251
11
4.628185039370079
21
-6.9989921259842518
0
LINE
8
CYAN2
6
CONTINUOUS
10
4.6162795275590556
20
-7.0227992125984251
11
4.6162795275590556
21
-6.9727992125984253
0
LINE
8
CYAN2
6
CONTINUOUS
10
4.6162795275590556
20
-6.9727992125984253
11
4.6353267716535438
21
-6.9727992125984253
0
LINE
8
CYAN2
6
CONTINUOUS
10
4.6353267716535438
20
-6.9727992125984253
11
4.6400905511811024
21
-6.975181102362205
0
LINE
8
CYAN2
6
CONTINUOUS
10
4.6400905511811024
20
-6.975181102362205
11
4.6424724409448821
21
-6.9775629921259847
0
LINE
8
CYAN2
6
CONTINUOUS
10
4.6424724409448821
20
-6.9775629921259847
11
4.6448503937007874
21
-6.9823228346456698
0
LINE
8
CYAN2
6
CONTINUOUS
10
4.6448503937007874
20
-6.9823228346456698
11
4.6448503937007874
21
-6.9894685039370081
0
LINE
8
CYAN2
6
CONTINUOUS
10
4.6448503937007874
20
-6.9894685039370081
11
4.6424724409448821
21
-6.9942283464566932
0
LINE
8
CYAN2
6
CONTINUOUS
10
4.6424724409448821
20
-6.9942283464566932
11
4.6400905511811024
21
-6.996610236220473
0
LINE
8
CYAN2
6
CONTINUOUS
10
4.6400905511811024
20
-6.996610236220473
11
4.6353267716535438
21
-6.9989921259842518
0
LINE
8
CYAN2
6
CONTINUOUS
10
4.6353267716535438
20
-6.9989921259842518
11
4.6162795275590556
21
-6.9989921259842518
0
LINE
8
CYAN2
6
CONTINUOUS
10
4.6615196850393703
20
-6.9727992125984253
11
4.6924724409448819
21
-6.9727992125984253
0
LINE
8
CYAN2
6
CONTINUOUS
10
4.6924724409448819
20
-6.9727992125984253
11
4.6758031496062991
21
-6.9918464566929135
0
LINE
8
CYAN2
6
CONTINUOUS
10
4.6758031496062991
20
-6.9918464566929135
11
4.6829488188976383
21
-6.9918464566929135
0
LINE
8
CYAN2
6
CONTINUOUS
10
4.6829488188976383
20
-6.9918464566929135
11
4.6877086614173233
21
-6.9942283464566932
0
LINE
8
CYAN2
6
CONTINUOUS
10
4.6877086614173233
20
-6.9942283464566932
11
4.6900905511811022
21
-6.996610236220473
0
LINE
8
CYAN2
6
CONTINUOUS
10
4.6900905511811022
20
-6.996610236220473
11
4.6924724409448819
21
-7.001370078740158
0
LINE
8
CYAN2
6
CONTINUOUS
10
4.6924724409448819
20
-7.001370078740158
11
4.6924724409448819
21
-7.0132755905511814
0
LINE
8
CYAN2
6
CONTINUOUS
10
4.6924724409448819
20
-7.0132755905511814
11
4.6900905511811022
21
-7.01803937007874
0
LINE
8
CYAN2
6
CONTINUOUS
10
4.6900905511811022
20
-7.01803937007874
11
4.6877086614173233
21
-7.0204212598425197
0
LINE
8
CYAN2
6
CONTINUOUS
10
4.6877086614173233
20
-7.0204212598425197
11
4.6829488188976383
21
-7.0227992125984251
0
LINE
8
CYAN2
6
CONTINUOUS
10
4.6829488188976383
20
-7.0227992125984251
11
4.6686614173228351
21
-7.0227992125984251
0
LINE
8
CYAN2
6
CONTINUOUS
10
4.6686614173228351
20
-7.0227992125984251
11
4.66390157480315
21
-7.0204212598425197
0
LINE
8
CYAN2
6
CONTINUOUS
10
4.66390157480315
20
-7.0204212598425197
11
4.6615196850393703
21
-7.01803937007874
0
LINE
8
CYAN2
6
CONTINUOUS
10
4.7353267716535434
20
-6.9894685039370081
11
4.7353267716535434
21
-7.0227992125984251
0
LINE
8
CYAN2
6
CONTINUOUS
10
4.72342125984252
20
-6.9704212598425199
11
4.7115196850393701
21
-7.0061338582677166
0
LINE
8
CYAN2
6
CONTINUOUS
10
4.7115196850393701
20
-7.0061338582677166
11
4.7424685039370083
21
-7.0061338582677166
0
LINE
8
CYAN2
6
CONTINUOUS
10
4.6139015748031502
20
-7.0775629921259844
11
4.6162795275590556
21
-7.0751811023622047
0
LINE
8
CYAN2
6
CONTINUOUS
10
4.6162795275590556
20
-7.0751811023622047
11
4.6210433070866141
21
-7.0727992125984258
0
LINE
8
CYAN2
6
CONTINUOUS
10
4.6210433070866141
20
-7.0727992125984258
11
4.6329488188976375
21
-7.0727992125984258
0
LINE
8
CYAN2
6
CONTINUOUS
10
4.6329488188976375
20
-7.0727992125984258
11
4.6377086614173226
21
-7.0751811023622047
0
LINE
8
CYAN2
6
CONTINUOUS
10
4.6377086614173226
20
-7.0751811023622047
11
4.6400905511811024
21
-7.0775629921259844
0
LINE
8
CYAN2
6
CONTINUOUS
10
4.6400905511811024
20
-7.0775629921259844
11
4.6424724409448821
21
-7.0823228346456695
0
LINE
8
CYAN2
6
CONTINUOUS
10
4.6424724409448821
20
-7.0823228346456695
11
4.6424724409448821
21
-7.0870866141732289
0
LINE
8
CYAN2
6
CONTINUOUS
10
4.6424724409448821
20
-7.0870866141732289
11
4.6400905511811024
21
-7.0942283464566929
0
LINE
8
CYAN2
6
CONTINUOUS
10
4.6400905511811024
20
-7.0942283464566929
11
4.6115196850393705
21
-7.1227992125984256
0
LINE
8
CYAN2
6
CONTINUOUS
10
4.6115196850393705
20
-7.1227992125984256
11
4.6424724409448821
21
-7.1227992125984256
0
LINE
8
CYAN2
6
CONTINUOUS
10
4.6615196850393703
20
-7.0775629921259844
11
4.6638976377952757
21
-7.0751811023622047
0
LINE
8
CYAN2
6
CONTINUOUS
10
4.6638976377952757
20
-7.0751811023622047
11
4.6686614173228351
21
-7.0727992125984258
0
LINE
8
CYAN2
6
CONTINUOUS
10
4.6686614173228351
20
-7.0727992125984258
11
4.6805669291338585
21
-7.0727992125984258
0
LINE
8
CYAN2
6
CONTINUOUS
10
4.6805669291338585
20
-7.0727992125984258
11
4.6853267716535436
21
-7.0751811023622047
0
LINE
8
CYAN2
6
CONTINUOUS
10
4.6853267716535436
20
-7.0751811023622047
11
4.6877086614173233
21
-7.0775629921259844
0
LINE
8
CYAN2
6
CONTINUOUS
10
4.6877086614173233
20
-7.0775629921259844
11
4.6900905511811022
21
-7.0823228346456695
0
LINE
8
CYAN2
6
CONTINUOUS
10
4.6900905511811022
20
-7.0823228346456695
11
4.6900905511811022
21
-7.0870866141732289
0
LINE
8
CYAN2
6
CONTINUOUS
10
4.6900905511811022
20
-7.0870866141732289
11
4.6877086614173233
21
-7.0942283464566929
0
LINE
8
CYAN2
6
CONTINUOUS
10
4.6877086614173233
20
-7.0942283464566929
11
4.6591377952755906
21
-7.1227992125984256
0
LINE
8
CYAN2
6
CONTINUOUS
10
4.6591377952755906
20
-7.1227992125984256
11
4.6900905511811022
21
-7.1227992125984256
0
LINE
8
CYAN2
6
CONTINUOUS
10
4.7210393700787403
20
-7.0727992125984258
11
4.7258031496062998
21
-7.0727992125984258
0
LINE
8
CYAN2
6
CONTINUOUS
10
4.7258031496062998
20
-7.0727992125984258
11
4.7305629921259849
21
-7.0751811023622047
0
LINE
8
CYAN2
6
CONTINUOUS
10
4.7305629921259849
20
-7.0751811023622047
11
4.7329448818897637
21
-7.0775629921259844
0
LINE
8
CYAN2
6
CONTINUOUS
10
4.7329448818897637
20
-7.0775629921259844
11
4.7353267716535434
21
-7.0823228346456695
0
LINE
8
CYAN2
6
CONTINUOUS
10
4.7353267716535434
20
-7.0823228346456695
11
4.7377086614173232
21
-7.091846456692914
0
LINE
8
CYAN2
6
CONTINUOUS
10
4.7377086614173232
20
-7.091846456692914
11
4.7377086614173232
21
-7.1037519685039374
0
LINE
8
CYAN2
6
CONTINUOUS
10
4.7377086614173232
20
-7.1037519685039374
11
4.7353267716535434
21
-7.1132755905511811
0
LINE
8
CYAN2
6
CONTINUOUS
10
4.7353267716535434
20
-7.1132755905511811
11
4.7329448818897637
21
-7.1180393700787405
0
LINE
8
CYAN2
6
CONTINUOUS
10
4.7329448818897637
20
-7.1180393700787405
11
4.7305629921259849
21
-7.1204212598425203
0
LINE
8
CYAN2
6
CONTINUOUS
10
4.7305629921259849
20
-7.1204212598425203
11
4.7258031496062998
21
-7.1227992125984256
0
LINE
8
CYAN2
6
CONTINUOUS
10
4.7258031496062998
20
-7.1227992125984256
11
4.7210393700787403
21
-7.1227992125984256
0
LINE
8
CYAN2
6
CONTINUOUS
10
4.7210393700787403
20
-7.1227992125984256
11
4.7162795275590552
21
-7.1204212598425203
0
LINE
8
CYAN2
6
CONTINUOUS
10
4.7162795275590552
20
-7.1204212598425203
11
4.7138976377952755
21
-7.1180393700787405
0
LINE
8
CYAN2
6
CONTINUOUS
10
4.7138976377952755
20
-7.1180393700787405
11
4.7115157480314966
21
-7.1132755905511811
0
LINE
8
CYAN2
6
CONTINUOUS
10
4.7115157480314966
20
-7.1132755905511811
11
4.7091377952755904
21
-7.1037519685039374
0
LINE
8
CYAN2
6
CONTINUOUS
10
4.7091377952755904
20
-7.1037519685039374
11
4.7091377952755904
21
-7.091846456692914
0
LINE
8
CYAN2
6
CONTINUOUS
10
4.7091377952755904
20
-7.091846456692914
11
4.7115157480314966
21
-7.0823228346456695
0
LINE
8
CYAN2
6
CONTINUOUS
10
4.7115157480314966
20
-7.0823228346456695
11
4.7138976377952755
21
-7.0775629921259844
0
LINE
8
CYAN2
6
CONTINUOUS
10
4.7138976377952755
20
-7.0775629921259844
11
4.7162795275590552
21
-7.0751811023622047
0
LINE
8
CYAN2
6
CONTINUOUS
10
4.7162795275590552
20
-7.0751811023622047
11
4.7210393700787403
21
-7.0727992125984258
0
LINE
8
LYELLOW
6
CONTINUOUS
10
7.5
20
-2.5
11
7.5
21
-3.1000000000000001
0
LINE
8
LYELLOW
6
CONTINUOUS
10
7.5
20
-3.1000000000000001
11
6.1000000000000005
21
-3.1000000000000001
0
LINE
8
LYELLOW
6
CONTINUOUS
10
6.1000000000000005
20
-3.1000000000000001
11
6.1000000000000005
21
-2.5
0
LINE
8
LYELLOW
6
CONTINUOUS
10
6.1000000000000005
20
-2.5
11
7.5
21
-2.5
0
LINE
8
RED2
6
CONTINUOUS
10
7.5
20
-2.5
11
7.5
21
-3.1000000000000001
0
LINE
8
RED2
6
CONTINUOUS
10
7.5
20
-3.1000000000000001
11
6.1000000000000005
21
-3.1000000000000001
0
LINE
8
RED2
6
CONTINUOUS
10
6.1000000000000005
20
-3.1000000000000001
11
6.1000000000000005
21
-2.5
0
LINE
8
RED2
6
CONTINUOUS
10
6.1000000000000005
20
-2.5
11
7.5
21
-2.5
0
LINE
8
RED2
6
CONTINUOUS
10
7.4000000000000004
20
-2.5
11
7.4000000000000004
21
-2.3000000000000003
0
LINE
8
CYAN2
6
CONTINUOUS
10
7.4231299212598429
20
-2.625712598425197
11
7.3731299212598431
21
-2.625712598425197
0
LINE
8
CYAN2
6
CONTINUOUS
10
7.3731299212598431
20
-2.625712598425197
11
7.3731299212598431
21
-2.6138070866141732
0
LINE
8
CYAN2
6
CONTINUOUS
10
7.3731299212598431
20
-2.6138070866141732
11
7.375511811023622
21
-2.6066653543307088
0
LINE
8
CYAN2
6
CONTINUOUS
10
7.375511811023622
20
-2.6066653543307088
11
7.3802755905511814
21
-2.6019015748031498
0
LINE
8
CYAN2
6
CONTINUOUS
10
7.3802755905511814
20
-2.6019015748031498
11
7.3850354330708665
21
-2.59951968503937
0
LINE
8
CYAN2
6
CONTINUOUS
10
7.3850354330708665
20
-2.59951968503937
11
7.3945590551181102
21
-2.5971417322834647
0
LINE
8
CYAN2
6
CONTINUOUS
10
7.3945590551181102
20
-2.5971417322834647
11
7.401700787401575
21
-2.5971417322834647
0
LINE
8
CYAN2
6
CONTINUOUS
10
7.401700787401575
20
-2.5971417322834647
11
7.4112244094488196
21
-2.59951968503937
0
LINE
8
CYAN2
6
CONTINUOUS
10
7.4112244094488196
20
-2.59951968503937
11
7.4159881889763781
21
-2.6019015748031498
0
LINE
8
CYAN2
6
CONTINUOUS
10
7.4159881889763781
20
-2.6019015748031498
11
7.4207519685039376
21
-2.6066653543307088
0
LINE
8
CYAN2
6
CONTINUOUS
10
7.4207519685039376
20
-2.6066653543307088
11
7.4231299212598429
21
-2.6138070866141732
0
LINE
8
CYAN2
6
CONTINUOUS
10
7.4231299212598429
20
-2.6138070866141732
11
7.4231299212598429
21
-2.625712598425197
0
LINE
8
CYAN2
6
CONTINUOUS
10
7.3731299212598431
20
-2.5661889763779531
11
7.3731299212598431
21
-2.5614251968503936
0
LINE
8
CYAN2
6
CONTINUOUS
10
7.3731299212598431
20
-2.5614251968503936
11
7.375511811023622
21
-2.556665354330709
0
LINE
8
CYAN2
6
CONTINUOUS
10
7.375511811023622
20
-2.556665354330709
11
7.3778937007874017
21
-2.5542834645669292
0
LINE
8
CYAN2
6
CONTINUOUS
10
7.3778937007874017
20
-2.5542834645669292
11
7.3826535433070868
21
-2.5519015748031495
0
LINE
8
CYAN2
6
CONTINUOUS
10
7.3826535433070868
20
-2.5519015748031495
11
7.3921771653543313
21
-2.5495196850393702
0
LINE
8
CYAN2
6
CONTINUOUS
10
7.3921771653543313
20
-2.5495196850393702
11
7.4040826771653547
21
-2.5495196850393702
0
LINE
8
CYAN2
6
CONTINUOUS
10
7.4040826771653547
20
-2.5495196850393702
11
7.4136062992125984
21
-2.5519015748031495
0
LINE
8
CYAN2
6
CONTINUOUS
10
7.4136062992125984
20
-2.5519015748031495
11
7.4183700787401579
21
-2.5542834645669292
0
LINE
8
CYAN2
6
CONTINUOUS
10
7.4183700787401579
20
-2.5542834645669292
11
7.4207519685039376
21
-2.556665354330709
0
LINE
8
CYAN2
6
CONTINUOUS
10
7.4207519685039376
20
-2.556665354330709
11
7.4231299212598429
21
-2.5614251968503936
0
LINE
8
CYAN2
6
CONTINUOUS
10
7.4231299212598429
20
-2.5614251968503936
11
7.4231299212598429
21
-2.5661889763779531
0
LINE
8
CYAN2
6
CONTINUOUS
10
7.4231299212598429
20
-2.5661889763779531
11
7.4207519685039376
21
-2.5709488188976377
0
LINE
8
CYAN2
6
CONTINUOUS
10
7.4207519685039376
20
-2.5709488188976377
11
7.4183700787401579
21
-2.5733307086614174
0
LINE
8
CYAN2
6
CONTINUOUS
10
7.4183700787401579
20
-2.5733307086614174
11
7.4136062992125984
21
-2.5757125984251967
0
LINE
8
CYAN2
6
CONTINUOUS
10
7.4136062992125984
20
-2.5757125984251967
11
7.4040826771653547
21
-2.5780905511811025
0
LINE
8
CYAN2
6
CONTINUOUS
10
7.4040826771653547
20
-2.5780905511811025
11
7.3921771653543313
21
-2.5780905511811025
0
LINE
8
CYAN2
6
CONTINUOUS
10
7.3921771653543313
20
-2.5780905511811025
11
7.3826535433070868
21
-2.5757125984251967
0
LINE
8
CYAN2
6
CONTINUOUS
10
7.3826535433070868
20
-2.5757125984251967
11
7.3778937007874017
21
-2.5733307086614174
0
LINE
8
CYAN2
6
CONTINUOUS
10
7.3778937007874017
20
-2.5733307086614174
11
7.375511811023622
21
-2.5709488188976377
0
LINE
8
CYAN2
6
CONTINUOUS
10
7.375511811023622
20
-2.5709488188976377
11
7.3731299212598431
21
-2.5661889763779531
0
LINE
8
RED3
6
CONTINUOUS
10
7.3898779527559055
20
-2.4095196850393701
11
7.3898779527559055
21
-2.4380905511811024
0
LINE
8
RED3
6
CONTINUOUS
10
7.3898779527559055
20
-2.4238070866141732
11
7.3398779527559057
21
-2.4238070866141732
0
LINE
8
RED3
6
CONTINUOUS
10
7.3398779527559057
20
-2.4238070866141732
11
7.347023622047244
21
-2.4285669291338583
0
LINE
8
RED3
6
CONTINUOUS
10
7.347023622047244
20
-2.4285669291338583
11
7.3517834645669291
21
-2.4333307086614173
0
LINE
8
RED3
6
CONTINUOUS
10
7.3517834645669291
20
-2.4333307086614173
11
7.3541653543307088
21
-2.4380905511811024
0
LINE
8
RED3
6
CONTINUOUS
10
7.3565472440944886
20
-2.3666653543307086
11
7.3898779527559055
21
-2.3666653543307086
0
LINE
8
RED3
6
CONTINUOUS
10
7.3375000000000004
20
-2.3785708661417324
11
7.3732125984251971
21
-2.3904724409448819
0
LINE
8
RED3
6
CONTINUOUS
10
7.3732125984251971
20
-2.3904724409448819
11
7.3732125984251971
21
-2.3595236220472442
0
LINE
8
RED2
6
CONTINUOUS
10
7.3000000000000007
20
-2.5
11
7.3000000000000007
21
-2.3000000000000003
0
LINE
8
CYAN2
6
CONTINUOUS
10
7.3231299212598424
20
-2.625712598425197
11
7.2731299212598426
21
-2.625712598425197
0
LINE
8
CYAN2
6
CONTINUOUS
10
7.2731299212598426
20
-2.625712598425197
11
7.2731299212598426
21
-2.6138070866141732
0
LINE
8
CYAN2
6
CONTINUOUS
10
7.2731299212598426
20
-2.6138070866141732
11
7.2755118110236223
21
-2.6066653543307088
0
LINE
8
CYAN2
6
CONTINUOUS
10
7.2755118110236223
20
-2.6066653543307088
11
7.2802755905511818
21
-2.6019015748031498
0
LINE
8
CYAN2
6
CONTINUOUS
10
7.2802755905511818
20
-2.6019015748031498
11
7.285035433070866
21
-2.59951968503937
0
LINE
8
CYAN2
6
CONTINUOUS
10
7.285035433070866
20
-2.59951968503937
11
7.2945590551181105
21
-2.5971417322834647
0
LINE
8
CYAN2
6
CONTINUOUS
10
7.2945590551181105
20
-2.5971417322834647
11
7.3017007874015754
21
-2.5971417322834647
0
LINE
8
CYAN2
6
CONTINUOUS
10
7.3017007874015754
20
-2.5971417322834647
11
7.311224409448819
21
-2.59951968503937
0
LINE
8
CYAN2
6
CONTINUOUS
10
7.311224409448819
20
-2.59951968503937
11
7.3159881889763785
21
-2.6019015748031498
0
LINE
8
CYAN2
6
CONTINUOUS
10
7.3159881889763785
20
-2.6019015748031498
11
7.3207519685039371
21
-2.6066653543307088
0
LINE
8
CYAN2
6
CONTINUOUS
10
7.3207519685039371
20
-2.6066653543307088
11
7.3231299212598424
21
-2.6138070866141732
0
LINE
8
CYAN2
6
CONTINUOUS
10
7.3231299212598424
20
-2.6138070866141732
11
7.3231299212598424
21
-2.625712598425197
0
LINE
8
CYAN2
6
CONTINUOUS
10
7.3231299212598424
20
-2.5495196850393702
11
7.3231299212598424
21
-2.5780905511811025
0
LINE
8
CYAN2
6
CONTINUOUS
10
7.3231299212598424
20
-2.5638070866141733
11
7.2731299212598426
21
-2.5638070866141733
0
LINE
8
CYAN2
6
CONTINUOUS
10
7.2731299212598426
20
-2.5638070866141733
11
7.2802755905511818
21
-2.5685669291338584
0
LINE
8
CYAN2
6
CONTINUOUS
10
7.2802755905511818
20
-2.5685669291338584
11
7.285035433070866
21
-2.5733307086614174
0
LINE
8
CYAN2
6
CONTINUOUS
10
7.285035433070866
20
-2.5733307086614174
11
7.2874173228346457
21
-2.5780905511811025
0
LINE
8
RED3
6
CONTINUOUS
10
7.2898779527559059
20
-2.4095196850393701
11
7.2898779527559059
21
-2.4380905511811024
0
LINE
8
RED3
6
CONTINUOUS
10
7.2898779527559059
20
-2.4238070866141732
11
7.2398779527559061
21
-2.4238070866141732
0
LINE
8
RED3
6
CONTINUOUS
10
7.2398779527559061
20
-2.4238070866141732
11
7.2470236220472444
21
-2.4285669291338583
0
LINE
8
RED3
6
CONTINUOUS
10
7.2470236220472444
20
-2.4285669291338583
11
7.2517834645669295
21
-2.4333307086614173
0
LINE
8
RED3
6
CONTINUOUS
10
7.2517834645669295
20
-2.4333307086614173
11
7.2541653543307092
21
-2.4380905511811024
0
LINE
8
RED3
6
CONTINUOUS
10
7.2398779527559061
20
-2.3928543307086616
11
7.2398779527559061
21
-2.3619015748031496
0
LINE
8
RED3
6
CONTINUOUS
10
7.2398779527559061
20
-2.3619015748031496
11
7.2589251968503943
21
-2.3785708661417324
0
LINE
8
RED3
6
CONTINUOUS
10
7.2589251968503943
20
-2.3785708661417324
11
7.2589251968503943
21
-2.3714251968503937
0
LINE
8
RED3
6
CONTINUOUS
10
7.2589251968503943
20
-2.3714251968503937
11
7.2613070866141731
21
-2.3666653543307086
0
LINE
8
RED3
6
CONTINUOUS
10
7.2613070866141731
20
-2.3666653543307086
11
7.2636889763779529
21
-2.3642834645669293
0
LINE
8
RED3
6
CONTINUOUS
10
7.2636889763779529
20
-2.3642834645669293
11
7.2684488188976379
21
-2.3619015748031496
0
LINE
8
RED3
6
CONTINUOUS
10
7.2684488188976379
20
-2.3619015748031496
11
7.2803543307086613
21
-2.3619015748031496
0
LINE
8
RED3
6
CONTINUOUS
10
7.2803543307086613
20
-2.3619015748031496
11
7.2851181102362208
21
-2.3642834645669293
0
LINE
8
RED3
6
CONTINUOUS
10
7.2851181102362208
20
-2.3642834645669293
11
7.2875000000000005
21
-2.3666653543307086
0
LINE
8
RED3
6
CONTINUOUS
10
7.2875000000000005
20
-2.3666653543307086
11
7.2898779527559059
21
-2.3714251968503937
0
LINE
8
RED3
6
CONTINUOUS
10
7.2898779527559059
20
-2.3714251968503937
11
7.2898779527559059
21
-2.3857125984251968
0
LINE
8
RED3
6
CONTINUOUS
10
7.2898779527559059
20
-2.3857125984251968
11
7.2875000000000005
21
-2.3904724409448819
0
LINE
8
RED3
6
CONTINUOUS
10
7.2875000000000005
20
-2.3904724409448819
11
7.2851181102362208
21
-2.3928543307086616
0
LINE
8
RED2
6
CONTINUOUS
10
7.2000000000000002
20
-2.5
11
7.2000000000000002
21
-2.3000000000000003
0
LINE
8
CYAN2
6
CONTINUOUS
10
7.2231299212598428
20
-2.625712598425197
11
7.1731299212598429
21
-2.625712598425197
0
LINE
8
CYAN2
6
CONTINUOUS
10
7.1731299212598429
20
-2.625712598425197
11
7.1731299212598429
21
-2.6138070866141732
0
LINE
8
CYAN2
6
CONTINUOUS
10
7.1731299212598429
20
-2.6138070866141732
11
7.1755118110236227
21
-2.6066653543307088
0
LINE
8
CYAN2
6
CONTINUOUS
10
7.1755118110236227
20
-2.6066653543307088
11
7.1802755905511813
21
-2.6019015748031498
0
LINE
8
CYAN2
6
CONTINUOUS
10
7.1802755905511813
20
-2.6019015748031498
11
7.1850354330708663
21
-2.59951968503937
0
LINE
8
CYAN2
6
CONTINUOUS
10
7.1850354330708663
20
-2.59951968503937
11
7.1945590551181109
21
-2.5971417322834647
0
LINE
8
CYAN2
6
CONTINUOUS
10
7.1945590551181109
20
-2.5971417322834647
11
7.2017007874015748
21
-2.5971417322834647
0
LINE
8
CYAN2
6
CONTINUOUS
10
7.2017007874015748
20
-2.5971417322834647
11
7.2112244094488194
21
-2.59951968503937
0
LINE
8
CYAN2
6
CONTINUOUS
10
7.2112244094488194
20
-2.59951968503937
11
7.2159881889763779
21
-2.6019015748031498
0
LINE
8
CYAN2
6
CONTINUOUS
10
7.2159881889763779
20
-2.6019015748031498
11
7.2207519685039374
21
-2.6066653543307088
0
LINE
8
CYAN2
6
CONTINUOUS
10
7.2207519685039374
20
-2.6066653543307088
11
7.2231299212598428
21
-2.6138070866141732
0
LINE
8
CYAN2
6
CONTINUOUS
10
7.2231299212598428
20
-2.6138070866141732
11
7.2231299212598428
21
-2.625712598425197
0
LINE
8
CYAN2
6
CONTINUOUS
10
7.1778937007874015
20
-2.5780905511811025
11
7.1755118110236227
21
-2.5757125984251967
0
LINE
8
CYAN2
6
CONTINUOUS
10
7.1755118110236227
20
-2.5757125984251967
11
7.1731299212598429
21
-2.5709488188976377
0
LINE
8
CYAN2
6
CONTINUOUS
10
7.1731299212598429
20
-2.5709488188976377
11
7.1731299212598429
21
-2.5590433070866143
0
LINE
8
CYAN2
6
CONTINUOUS
10
7.1731299212598429
20
-2.5590433070866143
11
7.1755118110236227
21
-2.5542834645669292
0
LINE
8
CYAN2
6
CONTINUOUS
10
7.1755118110236227
20
-2.5542834645669292
11
7.1778937007874015
21
-2.5519015748031495
0
LINE
8
CYAN2
6
CONTINUOUS
10
7.1778937007874015
20
-2.5519015748031495
11
7.1826535433070866
21
-2.5495196850393702
0
LINE
8
CYAN2
6
CONTINUOUS
10
7.1826535433070866
20
-2.5495196850393702
11
7.1874173228346461
21
-2.5495196850393702
0
LINE
8
CYAN2
6
CONTINUOUS
10
7.1874173228346461
20
-2.5495196850393702
11
7.1945590551181109
21
-2.5519015748031495
0
LINE
8
CYAN2
6
CONTINUOUS
10
7.1945590551181109
20
-2.5519015748031495
11
7.2231299212598428
21
-2.5804724409448818
0
LINE
8
CYAN2
6
CONTINUOUS
10
7.2231299212598428
20
-2.5804724409448818
11
7.2231299212598428
21
-2.5495196850393702
0
LINE
8
RED3
6
CONTINUOUS
10
7.1898779527559054
20
-2.4095196850393701
11
7.1898779527559054
21
-2.4380905511811024
0
LINE
8
RED3
6
CONTINUOUS
10
7.1898779527559054
20
-2.4238070866141732
11
7.1398779527559055
21
-2.4238070866141732
0
LINE
8
RED3
6
CONTINUOUS
10
7.1398779527559055
20
-2.4238070866141732
11
7.1470236220472447
21
-2.4285669291338583
0
LINE
8
RED3
6
CONTINUOUS
10
7.1470236220472447
20
-2.4285669291338583
11
7.1517834645669298
21
-2.4333307086614173
0
LINE
8
RED3
6
CONTINUOUS
10
7.1517834645669298
20
-2.4333307086614173
11
7.1541653543307087
21
-2.4380905511811024
0
LINE
8
RED3
6
CONTINUOUS
10
7.144641732283465
20
-2.3904724409448819
11
7.1422598425196853
21
-2.3880944881889765
0
LINE
8
RED3
6
CONTINUOUS
10
7.1422598425196853
20
-2.3880944881889765
11
7.1398779527559055
21
-2.3833307086614175
0
LINE
8
RED3
6
CONTINUOUS
10
7.1398779527559055
20
-2.3833307086614175
11
7.1398779527559055
21
-2.3714251968503937
0
LINE
8
RED3
6
CONTINUOUS
10
7.1398779527559055
20
-2.3714251968503937
11
7.1422598425196853
21
-2.3666653543307086
0
LINE
8
RED3
6
CONTINUOUS
10
7.1422598425196853
20
-2.3666653543307086
11
7.144641732283465
21
-2.3642834645669293
0
LINE
8
RED3
6
CONTINUOUS
10
7.144641732283465
20
-2.3642834645669293
11
7.1494015748031501
21
-2.3619015748031496
0
LINE
8
RED3
6
CONTINUOUS
10
7.1494015748031501
20
-2.3619015748031496
11
7.1541653543307087
21
-2.3619015748031496
0
LINE
8
RED3
6
CONTINUOUS
10
7.1541653543307087
20
-2.3619015748031496
11
7.1613070866141735
21
-2.3642834645669293
0
LINE
8
RED3
6
CONTINUOUS
10
7.1613070866141735
20
-2.3642834645669293
11
7.1898779527559054
21
-2.3928543307086616
0
LINE
8
RED3
6
CONTINUOUS
10
7.1898779527559054
20
-2.3928543307086616
11
7.1898779527559054
21
-2.3619015748031496
0
LINE
8
RED2
6
CONTINUOUS
10
7.1000000000000005
20
-2.5
11
7.1000000000000005
21
-2.3000000000000003
0
LINE
8
CYAN2
6
CONTINUOUS
10
7.1231299212598431
20
-2.625712598425197
11
7.0731299212598424
21
-2.625712598425197
0
LINE
8
CYAN2
6
CONTINUOUS
10
7.0731299212598424
20
-2.625712598425197
11
7.0731299212598424
21
-2.6138070866141732
0
LINE
8
CYAN2
6
CONTINUOUS
10
7.0731299212598424
20
-2.6138070866141732
11
7.0755118110236221
21
-2.6066653543307088
0
LINE
8
CYAN2
6
CONTINUOUS
10
7.0755118110236221
20
-2.6066653543307088
11
7.0802755905511816
21
-2.6019015748031498
0
LINE
8
CYAN2
6
CONTINUOUS
10
7.0802755905511816
20
-2.6019015748031498
11
7.0850354330708667
21
-2.59951968503937
0
LINE
8
CYAN2
6
CONTINUOUS
10
7.0850354330708667
20
-2.59951968503937
11
7.0945590551181104
21
-2.5971417322834647
0
LINE
8
CYAN2
6
CONTINUOUS
10
7.0945590551181104
20
-2.5971417322834647
11
7.1017007874015752
21
-2.5971417322834647
0
LINE
8
CYAN2
6
CONTINUOUS
10
7.1017007874015752
20
-2.5971417322834647
11
7.1112244094488188
21
-2.59951968503937
0
LINE
8
CYAN2
6
CONTINUOUS
10
7.1112244094488188
20
-2.59951968503937
11
7.1159881889763783
21
-2.6019015748031498
0
LINE
8
CYAN2
6
CONTINUOUS
10
7.1159881889763783
20
-2.6019015748031498
11
7.1207519685039369
21
-2.6066653543307088
0
LINE
8
CYAN2
6
CONTINUOUS
10
7.1207519685039369
20
-2.6066653543307088
11
7.1231299212598431
21
-2.6138070866141732
0
LINE
8
CYAN2
6
CONTINUOUS
10
7.1231299212598431
20
-2.6138070866141732
11
7.1231299212598431
21
-2.625712598425197
0
LINE
8
CYAN2
6
CONTINUOUS
10
7.0731299212598424
20
-2.5804724409448818
11
7.0731299212598424
21
-2.5495196850393702
0
LINE
8
CYAN2
6
CONTINUOUS
10
7.0731299212598424
20
-2.5495196850393702
11
7.0921771653543306
21
-2.5661889763779531
0
LINE
8
CYAN2
6
CONTINUOUS
10
7.0921771653543306
20
-2.5661889763779531
11
7.0921771653543306
21
-2.5590433070866143
0
LINE
8
CYAN2
6
CONTINUOUS
10
7.0921771653543306
20
-2.5590433070866143
11
7.0945590551181104
21
-2.5542834645669292
0
LINE
8
CYAN2
6
CONTINUOUS
10
7.0945590551181104
20
-2.5542834645669292
11
7.0969409448818901
21
-2.5519015748031495
0
LINE
8
CYAN2
6
CONTINUOUS
10
7.0969409448818901
20
-2.5519015748031495
11
7.1017007874015752
21
-2.5495196850393702
0
LINE
8
CYAN2
6
CONTINUOUS
10
7.1017007874015752
20
-2.5495196850393702
11
7.1136062992125986
21
-2.5495196850393702
0
LINE
8
CYAN2
6
CONTINUOUS
10
7.1136062992125986
20
-2.5495196850393702
11
7.118370078740158
21
-2.5519015748031495
0
LINE
8
CYAN2
6
CONTINUOUS
10
7.118370078740158
20
-2.5519015748031495
11
7.1207519685039369
21
-2.5542834645669292
0
LINE
8
CYAN2
6
CONTINUOUS
10
7.1207519685039369
20
-2.5542834645669292
11
7.1231299212598431
21
-2.5590433070866143
0
LINE
8
CYAN2
6
CONTINUOUS
10
7.1231299212598431
20
-2.5590433070866143
11
7.1231299212598431
21
-2.5733307086614174
0
LINE
8
CYAN2
6
CONTINUOUS
10
7.1231299212598431
20
-2.5733307086614174
11
7.1207519685039369
21
-2.5780905511811025
0
LINE
8
CYAN2
6
CONTINUOUS
10
7.1207519685039369
20
-2.5780905511811025
11
7.118370078740158
21
-2.5804724409448818
0
LINE
8
RED3
6
CONTINUOUS
10
7.0898779527559057
20
-2.4095196850393701
11
7.0898779527559057
21
-2.4380905511811024
0
LINE
8
RED3
6
CONTINUOUS
10
7.0898779527559057
20
-2.4238070866141732
11
7.0398779527559059
21
-2.4238070866141732
0
LINE
8
RED3
6
CONTINUOUS
10
7.0398779527559059
20
-2.4238070866141732
11
7.0470236220472442
21
-2.4285669291338583
0
LINE
8
RED3
6
CONTINUOUS
10
7.0470236220472442
20
-2.4285669291338583
11
7.0517834645669293
21
-2.4333307086614173
0
LINE
8
RED3
6
CONTINUOUS
10
7.0517834645669293
20
-2.4333307086614173
11
7.054165354330709
21
-2.4380905511811024
0
LINE
8
RED3
6
CONTINUOUS
10
7.0898779527559057
20
-2.3619015748031496
11
7.0898779527559057
21
-2.3904724409448819
0
LINE
8
RED3
6
CONTINUOUS
10
7.0898779527559057
20
-2.3761889763779527
11
7.0398779527559059
21
-2.3761889763779527
0
LINE
8
RED3
6
CONTINUOUS
10
7.0398779527559059
20
-2.3761889763779527
11
7.0470236220472442
21
-2.3809488188976378
0
LINE
8
RED3
6
CONTINUOUS
10
7.0470236220472442
20
-2.3809488188976378
11
7.0517834645669293
21
-2.3857125984251968
0
LINE
8
RED3
6
CONTINUOUS
10
7.0517834645669293
20
-2.3857125984251968
11
7.054165354330709
21
-2.3904724409448819
0
CIRCLE
8
RED2
10
6.9000000000000004
20
-2.4750000000000001
40
0.025
0
LINE
8
RED2
6
CONTINUOUS
10
6.9000000000000004
20
-2.4500000000000002
11
6.9000000000000004
21
-2.3000000000000003
0
LINE
8
CYAN2
6
CONTINUOUS
10
6.8731299212598431
20
-2.6614291338582676
11
6.8731299212598431
21
-2.6519055118110235
0
LINE
8
CYAN2
6
CONTINUOUS
10
6.8731299212598431
20
-2.6519055118110235
11
6.875511811023622
21
-2.6471417322834645
0
LINE
8
CYAN2
6
CONTINUOUS
10
6.875511811023622
20
-2.6471417322834645
11
6.8802755905511814
21
-2.6423818897637794
0
LINE
8
CYAN2
6
CONTINUOUS
10
6.8802755905511814
20
-2.6423818897637794
11
6.8897992125984251
21
-2.6400000000000001
0
LINE
8
CYAN2
6
CONTINUOUS
10
6.8897992125984251
20
-2.6400000000000001
11
6.9064645669291345
21
-2.6400000000000001
0
LINE
8
CYAN2
6
CONTINUOUS
10
6.9064645669291345
20
-2.6400000000000001
11
6.9159881889763781
21
-2.6423818897637794
0
LINE
8
CYAN2
6
CONTINUOUS
10
6.9159881889763781
20
-2.6423818897637794
11
6.9207519685039376
21
-2.6471417322834645
0
LINE
8
CYAN2
6
CONTINUOUS
10
6.9207519685039376
20
-2.6471417322834645
11
6.9231299212598429
21
-2.6519055118110235
0
LINE
8
CYAN2
6
CONTINUOUS
10
6.9231299212598429
20
-2.6519055118110235
11
6.9231299212598429
21
-2.6614291338582676
0
LINE
8
CYAN2
6
CONTINUOUS
10
6.9231299212598429
20
-2.6614291338582676
11
6.9207519685039376
21
-2.6661889763779527
0
LINE
8
CYAN2
6
CONTINUOUS
10
6.9207519685039376
20
-2.6661889763779527
11
6.9159881889763781
21
-2.6709527559055117
0
LINE
8
CYAN2
6
CONTINUOUS
10
6.9159881889763781
20
-2.6709527559055117
11
6.9064645669291345
21
-2.6733307086614175
0
LINE
8
CYAN2
6
CONTINUOUS
10
6.9064645669291345
20
-2.6733307086614175
11
6.8897992125984251
21
-2.6733307086614175
0
LINE
8
CYAN2
6
CONTINUOUS
10
6.8897992125984251
20
-2.6733307086614175
11
6.8802755905511814
21
-2.6709527559055117
0
LINE
8
CYAN2
6
CONTINUOUS
10
6.8802755905511814
20
-2.6709527559055117
11
6.875511811023622
21
-2.6661889763779527
0
LINE
8
CYAN2
6
CONTINUOUS
10
6.875511811023622
20
-2.6661889763779527
11
6.8731299212598431
21
-2.6614291338582676
0
LINE
8
CYAN2
6
CONTINUOUS
10
6.9207519685039376
20
-2.5995236220472444
11
6.9231299212598429
21
-2.6042834645669291
0
LINE
8
CYAN2
6
CONTINUOUS
10
6.9231299212598429
20
-2.6042834645669291
11
6.9231299212598429
21
-2.6138070866141732
0
LINE
8
CYAN2
6
CONTINUOUS
10
6.9231299212598429
20
-2.6138070866141732
11
6.9207519685039376
21
-2.6185708661417322
0
LINE
8
CYAN2
6
CONTINUOUS
10
6.9207519685039376
20
-2.6185708661417322
11
6.9159881889763781
21
-2.620948818897638
0
LINE
8
CYAN2
6
CONTINUOUS
10
6.9159881889763781
20
-2.620948818897638
11
6.8969409448818899
21
-2.620948818897638
0
LINE
8
CYAN2
6
CONTINUOUS
10
6.8969409448818899
20
-2.620948818897638
11
6.8921771653543313
21
-2.6185708661417322
0
LINE
8
CYAN2
6
CONTINUOUS
10
6.8921771653543313
20
-2.6185708661417322
11
6.8897992125984251
21
-2.6138070866141732
0
LINE
8
CYAN2
6
CONTINUOUS
10
6.8897992125984251
20
-2.6138070866141732
11
6.8897992125984251
21
-2.6042834645669291
0
LINE
8
CYAN2
6
CONTINUOUS
10
6.8897992125984251
20
-2.6042834645669291
11
6.8921771653543313
21
-2.5995236220472444
0
LINE
8
CYAN2
6
CONTINUOUS
10
6.8921771653543313
20
-2.5995236220472444
11
6.8969409448818899
21
-2.5971417322834647
0
LINE
8
CYAN2
6
CONTINUOUS
10
6.8969409448818899
20
-2.5971417322834647
11
6.901700787401575
21
-2.5971417322834647
0
LINE
8
CYAN2
6
CONTINUOUS
10
6.901700787401575
20
-2.5971417322834647
11
6.9064645669291345
21
-2.620948818897638
0
LINE
8
CYAN2
6
CONTINUOUS
10
6.9231299212598429
20
-2.5495196850393702
11
6.9231299212598429
21
-2.5780905511811025
0
LINE
8
CYAN2
6
CONTINUOUS
10
6.9231299212598429
20
-2.5638070866141733
11
6.8731299212598431
21
-2.5638070866141733
0
LINE
8
CYAN2
6
CONTINUOUS
10
6.8731299212598431
20
-2.5638070866141733
11
6.8802755905511814
21
-2.5685669291338584
0
LINE
8
CYAN2
6
CONTINUOUS
10
6.8802755905511814
20
-2.5685669291338584
11
6.8850354330708665
21
-2.5733307086614174
0
LINE
8
CYAN2
6
CONTINUOUS
10
6.8850354330708665
20
-2.5733307086614174
11
6.8874173228346462
21
-2.5780905511811025
0
LINE
8
RED3
6
CONTINUOUS
10
6.8898779527559055
20
-2.3857086614173229
11
6.8898779527559055
21
-2.4142795275590552
0
LINE
8
RED3
6
CONTINUOUS
10
6.8898779527559055
20
-2.399996062992126
11
6.8398779527559057
21
-2.399996062992126
0
LINE
8
RED3
6
CONTINUOUS
10
6.8398779527559057
20
-2.399996062992126
11
6.847023622047244
21
-2.4047559055118111
0
LINE
8
RED3
6
CONTINUOUS
10
6.847023622047244
20
-2.4047559055118111
11
6.8517834645669291
21
-2.4095196850393701
0
LINE
8
RED3
6
CONTINUOUS
10
6.8517834645669291
20
-2.4095196850393701
11
6.8541653543307088
21
-2.4142795275590552
0
CIRCLE
8
RED2
10
6.7999999999999998
20
-2.4750000000000001
40
0.025
0
LINE
8
RED2
6
CONTINUOUS
10
6.7999999999999998
20
-2.4500000000000002
11
6.7999999999999998
21
-2.3000000000000003
0
LINE
8
CYAN2
6
CONTINUOUS
10
6.7731299212598426
20
-2.6614291338582676
11
6.7731299212598426
21
-2.6519055118110235
0
LINE
8
CYAN2
6
CONTINUOUS
10
6.7731299212598426
20
-2.6519055118110235
11
6.7755118110236223
21
-2.6471417322834645
0
LINE
8
CYAN2
6
CONTINUOUS
10
6.7755118110236223
20
-2.6471417322834645
11
6.7802755905511818
21
-2.6423818897637794
0
LINE
8
CYAN2
6
CONTINUOUS
10
6.7802755905511818
20
-2.6423818897637794
11
6.7897992125984254
21
-2.6400000000000001
0
LINE
8
CYAN2
6
CONTINUOUS
10
6.7897992125984254
20
-2.6400000000000001
11
6.8064645669291339
21
-2.6400000000000001
0
LINE
8
CYAN2
6
CONTINUOUS
10
6.8064645669291339
20
-2.6400000000000001
11
6.8159881889763785
21
-2.6423818897637794
0
LINE
8
CYAN2
6
CONTINUOUS
10
6.8159881889763785
20
-2.6423818897637794
11
6.8207519685039371
21
-2.6471417322834645
0
LINE
8
CYAN2
6
CONTINUOUS
10
6.8207519685039371
20
-2.6471417322834645
11
6.8231299212598424
21
-2.6519055118110235
0
LINE
8
CYAN2
6
CONTINUOUS
10
6.8231299212598424
20
-2.6519055118110235
11
6.8231299212598424
21
-2.6614291338582676
0
LINE
8
CYAN2
6
CONTINUOUS
10
6.8231299212598424
20
-2.6614291338582676
11
6.8207519685039371
21
-2.6661889763779527
0
LINE
8
CYAN2
6
CONTINUOUS
10
6.8207519685039371
20
-2.6661889763779527
11
6.8159881889763785
21
-2.6709527559055117
0
LINE
8
CYAN2
6
CONTINUOUS
10
6.8159881889763785
20
-2.6709527559055117
11
6.8064645669291339
21
-2.6733307086614175
0
LINE
8
CYAN2
6
CONTINUOUS
10
6.8064645669291339
20
-2.6733307086614175
11
6.7897992125984254
21
-2.6733307086614175
0
LINE
8
CYAN2
6
CONTINUOUS
10
6.7897992125984254
20
-2.6733307086614175
11
6.7802755905511818
21
-2.6709527559055117
0
LINE
8
CYAN2
6
CONTINUOUS
10
6.7802755905511818
20
-2.6709527559055117
11
6.7755118110236223
21
-2.6661889763779527
0
LINE
8
CYAN2
6
CONTINUOUS
10
6.7755118110236223
20
-2.6661889763779527
11
6.7731299212598426
21
-2.6614291338582676
0
LINE
8
CYAN2
6
CONTINUOUS
10
6.8207519685039371
20
-2.5995236220472444
11
6.8231299212598424
21
-2.6042834645669291
0
LINE
8
CYAN2
6
CONTINUOUS
10
6.8231299212598424
20
-2.6042834645669291
11
6.8231299212598424
21
-2.6138070866141732
0
LINE
8
CYAN2
6
CONTINUOUS
10
6.8231299212598424
20
-2.6138070866141732
11
6.8207519685039371
21
-2.6185708661417322
0
LINE
8
CYAN2
6
CONTINUOUS
10
6.8207519685039371
20
-2.6185708661417322
11
6.8159881889763785
21
-2.620948818897638
0
LINE
8
CYAN2
6
CONTINUOUS
10
6.8159881889763785
20
-2.620948818897638
11
6.7969409448818903
21
-2.620948818897638
0
LINE
8
CYAN2
6
CONTINUOUS
10
6.7969409448818903
20
-2.620948818897638
11
6.7921771653543308
21
-2.6185708661417322
0
LINE
8
CYAN2
6
CONTINUOUS
10
6.7921771653543308
20
-2.6185708661417322
11
6.7897992125984254
21
-2.6138070866141732
0
LINE
8
CYAN2
6
CONTINUOUS
10
6.7897992125984254
20
-2.6138070866141732
11
6.7897992125984254
21
-2.6042834645669291
0
LINE
8
CYAN2
6
CONTINUOUS
10
6.7897992125984254
20
-2.6042834645669291
11
6.7921771653543308
21
-2.5995236220472444
0
LINE
8
CYAN2
6
CONTINUOUS
10
6.7921771653543308
20
-2.5995236220472444
11
6.7969409448818903
21
-2.5971417322834647
0
LINE
8
CYAN2
6
CONTINUOUS
10
6.7969409448818903
20
-2.5971417322834647
11
6.8017007874015754
21
-2.5971417322834647
0
LINE
8
CYAN2
6
CONTINUOUS
10
6.8017007874015754
20
-2.5971417322834647
11
6.8064645669291339
21
-2.620948818897638
0
LINE
8
CYAN2
6
CONTINUOUS
10
6.7778937007874021
20
-2.5780905511811025
11
6.7755118110236223
21
-2.5757125984251967
0
LINE
8
CYAN2
6
CONTINUOUS
10
6.7755118110236223
20
-2.5757125984251967
11
6.7731299212598426
21
-2.5709488188976377
0
LINE
8
CYAN2
6
CONTINUOUS
10
6.7731299212598426
20
-2.5709488188976377
11
6.7731299212598426
21
-2.5590433070866143
0
LINE
8
CYAN2
6
CONTINUOUS
10
6.7731299212598426
20
-2.5590433070866143
11
6.7755118110236223
21
-2.5542834645669292
0
LINE
8
CYAN2
6
CONTINUOUS
10
6.7755118110236223
20
-2.5542834645669292
11
6.7778937007874021
21
-2.5519015748031495
0
LINE
8
CYAN2
6
CONTINUOUS
10
6.7778937007874021
20
-2.5519015748031495
11
6.7826535433070871
21
-2.5495196850393702
0
LINE
8
CYAN2
6
CONTINUOUS
10
6.7826535433070871
20
-2.5495196850393702
11
6.7874173228346457
21
-2.5495196850393702
0
LINE
8
CYAN2
6
CONTINUOUS
10
6.7874173228346457
20
-2.5495196850393702
11
6.7945590551181105
21
-2.5519015748031495
0
LINE
8
CYAN2
6
CONTINUOUS
10
6.7945590551181105
20
-2.5519015748031495
11
6.8231299212598424
21
-2.5804724409448818
0
LINE
8
CYAN2
6
CONTINUOUS
10
6.8231299212598424
20
-2.5804724409448818
11
6.8231299212598424
21
-2.5495196850393702
0
LINE
8
RED3
6
CONTINUOUS
10
6.7446417322834646
20
-2.4142795275590552
11
6.7422598425196849
21
-2.4119015748031498
0
LINE
8
RED3
6
CONTINUOUS
10
6.7422598425196849
20
-2.4119015748031498
11
6.7398779527559061
21
-2.4071377952755908
0
LINE
8
RED3
6
CONTINUOUS
10
6.7398779527559061
20
-2.4071377952755908
11
6.7398779527559061
21
-2.395232283464567
0
LINE
8
RED3
6
CONTINUOUS
10
6.7398779527559061
20
-2.395232283464567
11
6.7422598425196849
21
-2.3904724409448819
0
LINE
8
RED3
6
CONTINUOUS
10
6.7422598425196849
20
-2.3904724409448819
11
6.7446417322834646
21
-2.3880905511811026
0
LINE
8
RED3
6
CONTINUOUS
10
6.7446417322834646
20
-2.3880905511811026
11
6.7494015748031497
21
-2.3857086614173229
0
LINE
8
RED3
6
CONTINUOUS
10
6.7494015748031497
20
-2.3857086614173229
11
6.7541653543307092
21
-2.3857086614173229
0
LINE
8
RED3
6
CONTINUOUS
10
6.7541653543307092
20
-2.3857086614173229
11
6.7613070866141731
21
-2.3880905511811026
0
LINE
8
RED3
6
CONTINUOUS
10
6.7613070866141731
20
-2.3880905511811026
11
6.7898779527559059
21
-2.4166614173228349
0
LINE
8
RED3
6
CONTINUOUS
10
6.7898779527559059
20
-2.4166614173228349
11
6.7898779527559059
21
-2.3857086614173229
0
CIRCLE
8
RED2
10
6.6000000000000005
20
-2.4750000000000001
40
0.025
0
LINE
8
RED2
6
CONTINUOUS
10
6.6000000000000005
20
-2.4500000000000002
11
6.6000000000000005
21
-2.3000000000000003
0
LINE
8
CYAN2
6
CONTINUOUS
10
6.5969409448818901
20
-2.620948818897638
11
6.5969409448818901
21
-2.6042795275590551
0
LINE
8
CYAN2
6
CONTINUOUS
10
6.6231299212598431
20
-2.5971377952755907
11
6.6231299212598431
21
-2.620948818897638
0
LINE
8
CYAN2
6
CONTINUOUS
10
6.6231299212598431
20
-2.620948818897638
11
6.5731299212598424
21
-2.620948818897638
0
LINE
8
CYAN2
6
CONTINUOUS
10
6.5731299212598424
20
-2.620948818897638
11
6.5731299212598424
21
-2.5971377952755907
0
LINE
8
CYAN2
6
CONTINUOUS
10
6.6231299212598431
20
-2.5495196850393702
11
6.6231299212598431
21
-2.5780905511811025
0
LINE
8
CYAN2
6
CONTINUOUS
10
6.6231299212598431
20
-2.5638070866141733
11
6.5731299212598424
21
-2.5638070866141733
0
LINE
8
CYAN2
6
CONTINUOUS
10
6.5731299212598424
20
-2.5638070866141733
11
6.5802755905511816
21
-2.5685669291338584
0
LINE
8
CYAN2
6
CONTINUOUS
10
6.5802755905511816
20
-2.5685669291338584
11
6.5850354330708667
21
-2.5733307086614174
0
LINE
8
CYAN2
6
CONTINUOUS
10
6.5850354330708667
20
-2.5733307086614174
11
6.5874173228346455
21
-2.5780905511811025
0
LINE
8
RED3
6
CONTINUOUS
10
6.5898779527559057
20
-2.4095196850393701
11
6.5898779527559057
21
-2.399996062992126
0
LINE
8
RED3
6
CONTINUOUS
10
6.5898779527559057
20
-2.399996062992126
11
6.5875000000000004
21
-2.395232283464567
0
LINE
8
RED3
6
CONTINUOUS
10
6.5875000000000004
20
-2.395232283464567
11
6.5851181102362206
21
-2.3928543307086616
0
LINE
8
RED3
6
CONTINUOUS
10
6.5851181102362206
20
-2.3928543307086616
11
6.5779724409448823
21
-2.3880905511811026
0
LINE
8
RED3
6
CONTINUOUS
10
6.5779724409448823
20
-2.3880905511811026
11
6.5684488188976378
21
-2.3857086614173229
0
LINE
8
RED3
6
CONTINUOUS
10
6.5684488188976378
20
-2.3857086614173229
11
6.5494015748031496
21
-2.3857086614173229
0
LINE
8
RED3
6
CONTINUOUS
10
6.5494015748031496
20
-2.3857086614173229
11
6.5446417322834645
21
-2.3880905511811026
0
LINE
8
RED3
6
CONTINUOUS
10
6.5446417322834645
20
-2.3880905511811026
11
6.5422598425196856
21
-2.3904724409448819
0
LINE
8
RED3
6
CONTINUOUS
10
6.5422598425196856
20
-2.3904724409448819
11
6.5398779527559059
21
-2.395232283464567
0
LINE
8
RED3
6
CONTINUOUS
10
6.5398779527559059
20
-2.395232283464567
11
6.5398779527559059
21
-2.4047559055118111
0
LINE
8
RED3
6
CONTINUOUS
10
6.5398779527559059
20
-2.4047559055118111
11
6.5422598425196856
21
-2.4095196850393701
0
LINE
8
RED3
6
CONTINUOUS
10
6.5422598425196856
20
-2.4095196850393701
11
6.5446417322834645
21
-2.4119015748031498
0
LINE
8
RED3
6
CONTINUOUS
10
6.5446417322834645
20
-2.4119015748031498
11
6.5494015748031496
21
-2.4142795275590552
0
LINE
8
RED3
6
CONTINUOUS
10
6.5494015748031496
20
-2.4142795275590552
11
6.5613070866141738
21
-2.4142795275590552
0
LINE
8
RED3
6
CONTINUOUS
10
6.5613070866141738
20
-2.4142795275590552
11
6.5660708661417324
21
-2.4119015748031498
0
LINE
8
RED3
6
CONTINUOUS
10
6.5660708661417324
20
-2.4119015748031498
11
6.5684488188976378
21
-2.4095196850393701
0
LINE
8
RED3
6
CONTINUOUS
10
6.5684488188976378
20
-2.4095196850393701
11
6.5708307086614175
21
-2.4047559055118111
0
LINE
8
RED3
6
CONTINUOUS
10
6.5708307086614175
20
-2.4047559055118111
11
6.5708307086614175
21
-2.395232283464567
0
LINE
8
RED3
6
CONTINUOUS
10
6.5708307086614175
20
-2.395232283464567
11
6.5684488188976378
21
-2.3904724409448819
0
LINE
8
RED3
6
CONTINUOUS
10
6.5684488188976378
20
-2.3904724409448819
11
6.5660708661417324
21
-2.3880905511811026
0
LINE
8
RED3
6
CONTINUOUS
10
6.5660708661417324
20
-2.3880905511811026
11
6.5613070866141738
21
-2.3857086614173229
0
CIRCLE
8
RED2
10
6.5
20
-2.4750000000000001
40
0.025
0
LINE
8
RED2
6
CONTINUOUS
10
6.5
20
-2.4500000000000002
11
6.5
21
-2.3000000000000003
0
LINE
8
CYAN2
6
CONTINUOUS
10
6.4969409448818904
20
-2.620948818897638
11
6.4969409448818904
21
-2.6042795275590551
0
LINE
8
CYAN2
6
CONTINUOUS
10
6.5231299212598426
20
-2.5971377952755907
11
6.5231299212598426
21
-2.620948818897638
0
LINE
8
CYAN2
6
CONTINUOUS
10
6.5231299212598426
20
-2.620948818897638
11
6.4731299212598428
21
-2.620948818897638
0
LINE
8
CYAN2
6
CONTINUOUS
10
6.4731299212598428
20
-2.620948818897638
11
6.4731299212598428
21
-2.5971377952755907
0
LINE
8
CYAN2
6
CONTINUOUS
10
6.4778937007874022
20
-2.5780905511811025
11
6.4755118110236225
21
-2.5757125984251967
0
LINE
8
CYAN2
6
CONTINUOUS
10
6.4755118110236225
20
-2.5757125984251967
11
6.4731299212598428
21
-2.5709488188976377
0
LINE
8
CYAN2
6
CONTINUOUS
10
6.4731299212598428
20
-2.5709488188976377
11
6.4731299212598428
21
-2.5590433070866143
0
LINE
8
CYAN2
6
CONTINUOUS
10
6.4731299212598428
20
-2.5590433070866143
11
6.4755118110236225
21
-2.5542834645669292
0
LINE
8
CYAN2
6
CONTINUOUS
10
6.4755118110236225
20
-2.5542834645669292
11
6.4778937007874022
21
-2.5519015748031495
0
LINE
8
CYAN2
6
CONTINUOUS
10
6.4778937007874022
20
-2.5519015748031495
11
6.4826535433070864
21
-2.5495196850393702
0
LINE
8
CYAN2
6
CONTINUOUS
10
6.4826535433070864
20
-2.5495196850393702
11
6.4874173228346459
21
-2.5495196850393702
0
LINE
8
CYAN2
6
CONTINUOUS
10
6.4874173228346459
20
-2.5495196850393702
11
6.4945590551181107
21
-2.5519015748031495
0
LINE
8
CYAN2
6
CONTINUOUS
10
6.4945590551181107
20
-2.5519015748031495
11
6.5231299212598426
21
-2.5804724409448818
0
LINE
8
CYAN2
6
CONTINUOUS
10
6.5231299212598426
20
-2.5804724409448818
11
6.5231299212598426
21
-2.5495196850393702
0
LINE
8
RED3
6
CONTINUOUS
10
6.4898779527559061
20
-2.4095196850393701
11
6.4898779527559061
21
-2.4380905511811024
0
LINE
8
RED3
6
CONTINUOUS
10
6.4898779527559061
20
-2.4238070866141732
11
6.4398779527559054
21
-2.4238070866141732
0
LINE
8
RED3
6
CONTINUOUS
10
6.4398779527559054
20
-2.4238070866141732
11
6.4470236220472446
21
-2.4285669291338583
0
LINE
8
RED3
6
CONTINUOUS
10
6.4470236220472446
20
-2.4285669291338583
11
6.4517834645669296
21
-2.4333307086614173
0
LINE
8
RED3
6
CONTINUOUS
10
6.4517834645669296
20
-2.4333307086614173
11
6.4541653543307085
21
-2.4380905511811024
0
LINE
8
RED3
6
CONTINUOUS
10
6.4398779527559054
20
-2.3785708661417324
11
6.4398779527559054
21
-2.3738070866141734
0
LINE
8
RED3
6
CONTINUOUS
10
6.4398779527559054
20
-2.3738070866141734
11
6.4422598425196851
21
-2.3690472440944883
0
LINE
8
RED3
6
CONTINUOUS
10
6.4422598425196851
20
-2.3690472440944883
11
6.4446417322834648
21
-2.3666653543307086
0
LINE
8
RED3
6
CONTINUOUS
10
6.4446417322834648
20
-2.3666653543307086
11
6.4494015748031499
21
-2.3642834645669293
0
LINE
8
RED3
6
CONTINUOUS
10
6.4494015748031499
20
-2.3642834645669293
11
6.4589251968503936
21
-2.3619015748031496
0
LINE
8
RED3
6
CONTINUOUS
10
6.4589251968503936
20
-2.3619015748031496
11
6.4708307086614179
21
-2.3619015748031496
0
LINE
8
RED3
6
CONTINUOUS
10
6.4708307086614179
20
-2.3619015748031496
11
6.4803543307086615
21
-2.3642834645669293
0
LINE
8
RED3
6
CONTINUOUS
10
6.4803543307086615
20
-2.3642834645669293
11
6.485118110236221
21
-2.3666653543307086
0
LINE
8
RED3
6
CONTINUOUS
10
6.485118110236221
20
-2.3666653543307086
11
6.4874999999999998
21
-2.3690472440944883
0
LINE
8
RED3
6
CONTINUOUS
10
6.4874999999999998
20
-2.3690472440944883
11
6.4898779527559061
21
-2.3738070866141734
0
LINE
8
RED3
6
CONTINUOUS
10
6.4898779527559061
20
-2.3738070866141734
11
6.4898779527559061
21
-2.3785708661417324
0
LINE
8
RED3
6
CONTINUOUS
10
6.4898779527559061
20
-2.3785708661417324
11
6.4874999999999998
21
-2.3833307086614175
0
LINE
8
RED3
6
CONTINUOUS
10
6.4874999999999998
20
-2.3833307086614175
11
6.485118110236221
21
-2.3857125984251968
0
LINE
8
RED3
6
CONTINUOUS
10
6.485118110236221
20
-2.3857125984251968
11
6.4803543307086615
21
-2.3880944881889765
0
LINE
8
RED3
6
CONTINUOUS
10
6.4803543307086615
20
-2.3880944881889765
11
6.4708307086614179
21
-2.3904724409448819
0
LINE
8
RED3
6
CONTINUOUS
10
6.4708307086614179
20
-2.3904724409448819
11
6.4589251968503936
21
-2.3904724409448819
0
LINE
8
RED3
6
CONTINUOUS
10
6.4589251968503936
20
-2.3904724409448819
11
6.4494015748031499
21
-2.3880944881889765
0
LINE
8
RED3
6
CONTINUOUS
10
6.4494015748031499
20
-2.3880944881889765
11
6.4446417322834648
21
-2.3857125984251968
0
LINE
8
RED3
6
CONTINUOUS
10
6.4446417322834648
20
-2.3857125984251968
11
6.4422598425196851
21
-2.3833307086614175
0
LINE
8
RED3
6
CONTINUOUS
10
6.4422598425196851
20
-2.3833307086614175
11
6.4398779527559054
21
-2.3785708661417324
0
LINE
8
RED2
6
CONTINUOUS
10
6.4000000000000004
20
-2.5
11
6.4000000000000004
21
-2.3000000000000003
0
LINE
8
RED2
6
CONTINUOUS
10
6.4249999999999998
20
-2.5
11
6.4000000000000004
21
-2.5500000000000003
0
LINE
8
RED2
6
CONTINUOUS
10
6.4000000000000004
20
-2.5500000000000003
11
6.375
21
-2.5
0
LINE
8
CYAN2
6
CONTINUOUS
10
6.4183700787401579
20
-2.5947598425196849
11
6.4207519685039376
21
-2.5971377952755907
0
LINE
8
CYAN2
6
CONTINUOUS
10
6.4207519685039376
20
-2.5971377952755907
11
6.4231299212598429
21
-2.6042834645669291
0
LINE
8
CYAN2
6
CONTINUOUS
10
6.4231299212598429
20
-2.6042834645669291
11
6.4231299212598429
21
-2.6090433070866141
0
LINE
8
CYAN2
6
CONTINUOUS
10
6.4231299212598429
20
-2.6090433070866141
11
6.4207519685039376
21
-2.616185039370079
0
LINE
8
CYAN2
6
CONTINUOUS
10
6.4207519685039376
20
-2.616185039370079
11
6.4159881889763781
21
-2.620948818897638
0
LINE
8
CYAN2
6
CONTINUOUS
10
6.4159881889763781
20
-2.620948818897638
11
6.4112244094488196
21
-2.6233307086614173
0
LINE
8
CYAN2
6
CONTINUOUS
10
6.4112244094488196
20
-2.6233307086614173
11
6.401700787401575
21
-2.6257086614173231
0
LINE
8
CYAN2
6
CONTINUOUS
10
6.401700787401575
20
-2.6257086614173231
11
6.3945590551181102
21
-2.6257086614173231
0
LINE
8
CYAN2
6
CONTINUOUS
10
6.3945590551181102
20
-2.6257086614173231
11
6.3850354330708665
21
-2.6233307086614173
0
LINE
8
CYAN2
6
CONTINUOUS
10
6.3850354330708665
20
-2.6233307086614173
11
6.3802755905511814
21
-2.620948818897638
0
LINE
8
CYAN2
6
CONTINUOUS
10
6.3802755905511814
20
-2.620948818897638
11
6.375511811023622
21
-2.616185039370079
0
LINE
8
CYAN2
6
CONTINUOUS
10
6.375511811023622
20
-2.616185039370079
11
6.3731299212598431
21
-2.6090433070866141
0
LINE
8
CYAN2
6
CONTINUOUS
10
6.3731299212598431
20
-2.6090433070866141
11
6.3731299212598431
21
-2.6042834645669291
0
LINE
8
CYAN2
6
CONTINUOUS
10
6.3731299212598431
20
-2.6042834645669291
11
6.375511811023622
21
-2.5971377952755907
0
LINE
8
CYAN2
6
CONTINUOUS
10
6.375511811023622
20
-2.5971377952755907
11
6.3778937007874017
21
-2.5947598425196849
0
LINE
8
CYAN2
6
CONTINUOUS
10
6.3897992125984251
20
-2.5733307086614174
11
6.4397992125984258
21
-2.5733307086614174
0
LINE
8
CYAN2
6
CONTINUOUS
10
6.3921771653543313
20
-2.5733307086614174
11
6.3897992125984251
21
-2.5685669291338584
0
LINE
8
CYAN2
6
CONTINUOUS
10
6.3897992125984251
20
-2.5685669291338584
11
6.3897992125984251
21
-2.5590433070866143
0
LINE
8
CYAN2
6
CONTINUOUS
10
6.3897992125984251
20
-2.5590433070866143
11
6.3921771653543313
21
-2.5542834645669292
0
LINE
8
CYAN2
6
CONTINUOUS
10
6.3921771653543313
20
-2.5542834645669292
11
6.3945590551181102
21
-2.5519015748031495
0
LINE
8
CYAN2
6
CONTINUOUS
10
6.3945590551181102
20
-2.5519015748031495
11
6.3993228346456696
21
-2.5495196850393702
0
LINE
8
CYAN2
6
CONTINUOUS
10
6.3993228346456696
20
-2.5495196850393702
11
6.4136062992125984
21
-2.5495196850393702
0
LINE
8
CYAN2
6
CONTINUOUS
10
6.4136062992125984
20
-2.5495196850393702
11
6.4183700787401579
21
-2.5519015748031495
0
LINE
8
CYAN2
6
CONTINUOUS
10
6.4183700787401579
20
-2.5519015748031495
11
6.4207519685039376
21
-2.5542834645669292
0
LINE
8
CYAN2
6
CONTINUOUS
10
6.4207519685039376
20
-2.5542834645669292
11
6.4231299212598429
21
-2.5590433070866143
0
LINE
8
CYAN2
6
CONTINUOUS
10
6.4231299212598429
20
-2.5590433070866143
11
6.4231299212598429
21
-2.5685669291338584
0
LINE
8
CYAN2
6
CONTINUOUS
10
6.4231299212598429
20
-2.5685669291338584
11
6.4207519685039376
21
-2.5733307086614174
0
LINE
8
RED3
6
CONTINUOUS
10
6.3398779527559057
20
-2.4166614173228349
11
6.3398779527559057
21
-2.3833307086614175
0
LINE
8
RED3
6
CONTINUOUS
10
6.3398779527559057
20
-2.3833307086614175
11
6.3898779527559055
21
-2.4047559055118111
0
LINE
8
RED2
6
CONTINUOUS
10
6.2000000000000002
20
-2.5
11
6.2000000000000002
21
-2.3000000000000003
0
LINE
8
CYAN2
6
CONTINUOUS
10
6.2231299212598428
20
-2.6161889763779529
11
6.1731299212598429
21
-2.6161889763779529
0
LINE
8
CYAN2
6
CONTINUOUS
10
6.1731299212598429
20
-2.6161889763779529
11
6.208846456692914
21
-2.59951968503937
0
LINE
8
CYAN2
6
CONTINUOUS
10
6.208846456692914
20
-2.59951968503937
11
6.1731299212598429
21
-2.5828543307086615
0
LINE
8
CYAN2
6
CONTINUOUS
10
6.1731299212598429
20
-2.5828543307086615
11
6.2231299212598428
21
-2.5828543307086615
0
LINE
8
CYAN2
6
CONTINUOUS
10
6.2231299212598428
20
-2.5590472440944882
11
6.1897992125984258
21
-2.5590472440944882
0
LINE
8
CYAN2
6
CONTINUOUS
10
6.1993228346456695
20
-2.5590472440944882
11
6.1945590551181109
21
-2.556665354330709
0
LINE
8
CYAN2
6
CONTINUOUS
10
6.1945590551181109
20
-2.556665354330709
11
6.1921771653543312
21
-2.5542834645669292
0
LINE
8
CYAN2
6
CONTINUOUS
10
6.1921771653543312
20
-2.5542834645669292
11
6.1897992125984258
21
-2.5495236220472441
0
LINE
8
CYAN2
6
CONTINUOUS
10
6.1897992125984258
20
-2.5495236220472441
11
6.1897992125984258
21
-2.5447598425196851
0
LINE
8
RED3
6
CONTINUOUS
10
6.1898779527559054
20
-2.4095196850393701
11
6.1898779527559054
21
-2.4380905511811024
0
LINE
8
RED3
6
CONTINUOUS
10
6.1898779527559054
20
-2.4238070866141732
11
6.1398779527559055
21
-2.4238070866141732
0
LINE
8
RED3
6
CONTINUOUS
10
6.1398779527559055
20
-2.4238070866141732
11
6.1470236220472447
21
-2.4285669291338583
0
LINE
8
RED3
6
CONTINUOUS
10
6.1470236220472447
20
-2.4285669291338583
11
6.1517834645669289
21
-2.4333307086614173
0
LINE
8
RED3
6
CONTINUOUS
10
6.1517834645669289
20
-2.4333307086614173
11
6.1541653543307087
21
-2.4380905511811024
0
LINE
8
RED3
6
CONTINUOUS
10
6.1398779527559055
20
-2.3642834645669293
11
6.1398779527559055
21
-2.3880944881889765
0
LINE
8
RED3
6
CONTINUOUS
10
6.1398779527559055
20
-2.3880944881889765
11
6.1636889763779532
21
-2.3904724409448819
0
LINE
8
RED3
6
CONTINUOUS
10
6.1636889763779532
20
-2.3904724409448819
11
6.1613070866141735
21
-2.3880944881889765
0
LINE
8
RED3
6
CONTINUOUS
10
6.1613070866141735
20
-2.3880944881889765
11
6.1589251968503937
21
-2.3833307086614175
0
LINE
8
RED3
6
CONTINUOUS
10
6.1589251968503937
20
-2.3833307086614175
11
6.1589251968503937
21
-2.3714251968503937
0
LINE
8
RED3
6
CONTINUOUS
10
6.1589251968503937
20
-2.3714251968503937
11
6.1613070866141735
21
-2.3666653543307086
0
LINE
8
RED3
6
CONTINUOUS
10
6.1613070866141735
20
-2.3666653543307086
11
6.1636889763779532
21
-2.3642834645669293
0
LINE
8
RED3
6
CONTINUOUS
10
6.1636889763779532
20
-2.3642834645669293
11
6.1684488188976383
21
-2.3619015748031496
0
LINE
8
RED3
6
CONTINUOUS
10
6.1684488188976383
20
-2.3619015748031496
11
6.1803543307086617
21
-2.3619015748031496
0
LINE
8
RED3
6
CONTINUOUS
10
6.1803543307086617
20
-2.3619015748031496
11
6.1851181102362203
21
-2.3642834645669293
0
LINE
8
RED3
6
CONTINUOUS
10
6.1851181102362203
20
-2.3642834645669293
11
6.1875
21
-2.3666653543307086
0
LINE
8
RED3
6
CONTINUOUS
10
6.1875
20
-2.3666653543307086
11
6.1898779527559054
21
-2.3714251968503937
0
LINE
8
RED3
6
CONTINUOUS
10
6.1898779527559054
20
-2.3714251968503937
11
6.1898779527559054
21
-2.3833307086614175
0
LINE
8
RED3
6
CONTINUOUS
10
6.1898779527559054
20
-2.3833307086614175
11
6.1875
21
-2.3880944881889765
0
LINE
8
RED3
6
CONTINUOUS
10
6.1875
20
-2.3880944881889765
11
6.1851181102362203
21
-2.3904724409448819
0
LINE
8
RED2
6
CONTINUOUS
10
7.5
20
-2.8000000000000003
11
7.7000000000000002
21
-2.8000000000000003
0
LINE
8
CYAN2
6
CONTINUOUS
10
7.3219015748031495
20
-2.7731299212598426
11
7.3385669291338589
21
-2.8231299212598424
0
LINE
8
CYAN2
6
CONTINUOUS
10
7.3385669291338589
20
-2.8231299212598424
11
7.3552362204724409
21
-2.7731299212598426
0
LINE
8
CYAN2
6
CONTINUOUS
10
7.4004724409448821
20
-2.8183700787401578
11
7.3980944881889767
21
-2.8207519685039371
0
LINE
8
CYAN2
6
CONTINUOUS
10
7.3980944881889767
20
-2.8207519685039371
11
7.3909488188976384
21
-2.8231299212598424
0
LINE
8
CYAN2
6
CONTINUOUS
10
7.3909488188976384
20
-2.8231299212598424
11
7.3861889763779534
21
-2.8231299212598424
0
LINE
8
CYAN2
6
CONTINUOUS
10
7.3861889763779534
20
-2.8231299212598424
11
7.3790472440944885
21
-2.8207519685039371
0
LINE
8
CYAN2
6
CONTINUOUS
10
7.3790472440944885
20
-2.8207519685039371
11
7.3742834645669291
21
-2.815988188976378
0
LINE
8
CYAN2
6
CONTINUOUS
10
7.3742834645669291
20
-2.815988188976378
11
7.3719015748031502
21
-2.811224409448819
0
LINE
8
CYAN2
6
CONTINUOUS
10
7.3719015748031502
20
-2.811224409448819
11
7.369523622047244
21
-2.8017007874015749
0
LINE
8
CYAN2
6
CONTINUOUS
10
7.369523622047244
20
-2.8017007874015749
11
7.369523622047244
21
-2.7945590551181105
0
LINE
8
CYAN2
6
CONTINUOUS
10
7.369523622047244
20
-2.7945590551181105
11
7.3719015748031502
21
-2.7850354330708664
0
LINE
8
CYAN2
6
CONTINUOUS
10
7.3719015748031502
20
-2.7850354330708664
11
7.3742834645669291
21
-2.7802755905511813
0
LINE
8
CYAN2
6
CONTINUOUS
10
7.3742834645669291
20
-2.7802755905511813
11
7.3790472440944885
21
-2.7755118110236223
0
LINE
8
CYAN2
6
CONTINUOUS
10
7.3790472440944885
20
-2.7755118110236223
11
7.3861889763779534
21
-2.7731299212598426
0
LINE
8
CYAN2
6
CONTINUOUS
10
7.3861889763779534
20
-2.7731299212598426
11
7.3909488188976384
21
-2.7731299212598426
0
LINE
8
CYAN2
6
CONTINUOUS
10
7.3909488188976384
20
-2.7731299212598426
11
7.3980944881889767
21
-2.7755118110236223
0
LINE
8
CYAN2
6
CONTINUOUS
10
7.3980944881889767
20
-2.7755118110236223
11
7.4004724409448821
21
-2.7778937007874016
0
LINE
8
CYAN2
6
CONTINUOUS
10
7.4504724409448819
20
-2.8183700787401578
11
7.4480944881889766
21
-2.8207519685039371
0
LINE
8
CYAN2
6
CONTINUOUS
10
7.4480944881889766
20
-2.8207519685039371
11
7.4409488188976383
21
-2.8231299212598424
0
LINE
8
CYAN2
6
CONTINUOUS
10
7.4409488188976383
20
-2.8231299212598424
11
7.4361889763779532
21
-2.8231299212598424
0
LINE
8
CYAN2
6
CONTINUOUS
10
7.4361889763779532
20
-2.8231299212598424
11
7.4290472440944884
21
-2.8207519685039371
0
LINE
8
CYAN2
6
CONTINUOUS
10
7.4290472440944884
20
-2.8207519685039371
11
7.4242834645669298
21
-2.815988188976378
0
LINE
8
CYAN2
6
CONTINUOUS
10
7.4242834645669298
20
-2.815988188976378
11
7.42190157480315
21
-2.811224409448819
0
LINE
8
CYAN2
6
CONTINUOUS
10
7.42190157480315
20
-2.811224409448819
11
7.4195236220472447
21
-2.8017007874015749
0
LINE
8
CYAN2
6
CONTINUOUS
10
7.4195236220472447
20
-2.8017007874015749
11
7.4195236220472447
21
-2.7945590551181105
0
LINE
8
CYAN2
6
CONTINUOUS
10
7.4195236220472447
20
-2.7945590551181105
11
7.42190157480315
21
-2.7850354330708664
0
LINE
8
CYAN2
6
CONTINUOUS
10
7.42190157480315
20
-2.7850354330708664
11
7.4242834645669298
21
-2.7802755905511813
0
LINE
8
CYAN2
6
CONTINUOUS
10
7.4242834645669298
20
-2.7802755905511813
11
7.4290472440944884
21
-2.7755118110236223
0
LINE
8
CYAN2
6
CONTINUOUS
10
7.4290472440944884
20
-2.7755118110236223
11
7.4361889763779532
21
-2.7731299212598426
0
LINE
8
CYAN2
6
CONTINUOUS
10
7.4361889763779532
20
-2.7731299212598426
11
7.4409488188976383
21
-2.7731299212598426
0
LINE
8
CYAN2
6
CONTINUOUS
10
7.4409488188976383
20
-2.7731299212598426
11
7.4480944881889766
21
-2.7755118110236223
0
LINE
8
CYAN2
6
CONTINUOUS
10
7.4480944881889766
20
-2.7755118110236223
11
7.4504724409448819
21
-2.7778937007874016
0
LINE
8
RED3
6
CONTINUOUS
10
7.590476377952756
20
-2.7898779527559054
11
7.5619055118110241
21
-2.7898779527559054
0
LINE
8
RED3
6
CONTINUOUS
10
7.5761889763779529
20
-2.7898779527559054
11
7.5761889763779529
21
-2.7398779527559056
0
LINE
8
RED3
6
CONTINUOUS
10
7.5761889763779529
20
-2.7398779527559056
11
7.5714291338582678
21
-2.7470236220472444
0
LINE
8
RED3
6
CONTINUOUS
10
7.5714291338582678
20
-2.7470236220472444
11
7.5666653543307092
21
-2.751783464566929
0
LINE
8
RED3
6
CONTINUOUS
10
7.5666653543307092
20
-2.751783464566929
11
7.5619055118110241
21
-2.7541653543307087
0
LINE
8
RED3
6
CONTINUOUS
10
7.6333307086614175
20
-2.7398779527559056
11
7.6238070866141738
21
-2.7398779527559056
0
LINE
8
RED3
6
CONTINUOUS
10
7.6238070866141738
20
-2.7398779527559056
11
7.6190472440944887
21
-2.7422598425196854
0
LINE
8
RED3
6
CONTINUOUS
10
7.6190472440944887
20
-2.7422598425196854
11
7.616665354330709
21
-2.7446417322834646
0
LINE
8
RED3
6
CONTINUOUS
10
7.616665354330709
20
-2.7446417322834646
11
7.6119015748031496
21
-2.751783464566929
0
LINE
8
RED3
6
CONTINUOUS
10
7.6119015748031496
20
-2.751783464566929
11
7.6095236220472442
21
-2.7613070866141731
0
LINE
8
RED3
6
CONTINUOUS
10
7.6095236220472442
20
-2.7613070866141731
11
7.6095236220472442
21
-2.7803543307086613
0
LINE
8
RED3
6
CONTINUOUS
10
7.6095236220472442
20
-2.7803543307086613
11
7.6119015748031496
21
-2.7851181102362204
0
LINE
8
RED3
6
CONTINUOUS
10
7.6119015748031496
20
-2.7851181102362204
11
7.6142834645669293
21
-2.7875000000000001
0
LINE
8
RED3
6
CONTINUOUS
10
7.6142834645669293
20
-2.7875000000000001
11
7.6190472440944887
21
-2.7898779527559054
0
LINE
8
RED3
6
CONTINUOUS
10
7.6190472440944887
20
-2.7898779527559054
11
7.6285708661417324
21
-2.7898779527559054
0
LINE
8
RED3
6
CONTINUOUS
10
7.6285708661417324
20
-2.7898779527559054
11
7.6333307086614175
21
-2.7875000000000001
0
LINE
8
RED3
6
CONTINUOUS
10
7.6333307086614175
20
-2.7875000000000001
11
7.6357125984251972
21
-2.7851181102362204
0
LINE
8
RED3
6
CONTINUOUS
10
7.6357125984251972
20
-2.7851181102362204
11
7.638094488188977
21
-2.7803543307086613
0
LINE
8
RED3
6
CONTINUOUS
10
7.638094488188977
20
-2.7803543307086613
11
7.638094488188977
21
-2.7684488188976379
0
LINE
8
RED3
6
CONTINUOUS
10
7.638094488188977
20
-2.7684488188976379
11
7.6357125984251972
21
-2.7636889763779529
0
LINE
8
RED3
6
CONTINUOUS
10
7.6357125984251972
20
-2.7636889763779529
11
7.6333307086614175
21
-2.7613070866141731
0
LINE
8
RED3
6
CONTINUOUS
10
7.6333307086614175
20
-2.7613070866141731
11
7.6285708661417324
21
-2.7589251968503938
0
LINE
8
RED3
6
CONTINUOUS
10
7.6285708661417324
20
-2.7589251968503938
11
7.6190472440944887
21
-2.7589251968503938
0
LINE
8
RED3
6
CONTINUOUS
10
7.6190472440944887
20
-2.7589251968503938
11
7.6142834645669293
21
-2.7613070866141731
0
LINE
8
RED3
6
CONTINUOUS
10
7.6142834645669293
20
-2.7613070866141731
11
7.6119015748031496
21
-2.7636889763779529
0
LINE
8
RED3
6
CONTINUOUS
10
7.6119015748031496
20
-2.7636889763779529
11
7.6095236220472442
21
-2.7684488188976379
0
LINE
8
RED2
6
CONTINUOUS
10
6.1000000000000005
20
-2.8000000000000003
11
5.9000000000000004
21
-2.8000000000000003
0
LINE
8
CYAN2
6
CONTINUOUS
10
6.178094488188977
20
-2.7755118110236223
11
6.1733307086614175
21
-2.7731299212598426
0
LINE
8
CYAN2
6
CONTINUOUS
10
6.1733307086614175
20
-2.7731299212598426
11
6.1661889763779527
21
-2.7731299212598426
0
LINE
8
CYAN2
6
CONTINUOUS
10
6.1661889763779527
20
-2.7731299212598426
11
6.1590472440944888
21
-2.7755118110236223
0
LINE
8
CYAN2
6
CONTINUOUS
10
6.1590472440944888
20
-2.7755118110236223
11
6.1542834645669293
21
-2.7802755905511813
0
LINE
8
CYAN2
6
CONTINUOUS
10
6.1542834645669293
20
-2.7802755905511813
11
6.1519015748031496
21
-2.7850354330708664
0
LINE
8
CYAN2
6
CONTINUOUS
10
6.1519015748031496
20
-2.7850354330708664
11
6.1495236220472442
21
-2.7945590551181105
0
LINE
8
CYAN2
6
CONTINUOUS
10
6.1495236220472442
20
-2.7945590551181105
11
6.1495236220472442
21
-2.8017007874015749
0
LINE
8
CYAN2
6
CONTINUOUS
10
6.1495236220472442
20
-2.8017007874015749
11
6.1519015748031496
21
-2.811224409448819
0
LINE
8
CYAN2
6
CONTINUOUS
10
6.1519015748031496
20
-2.811224409448819
11
6.1542834645669293
21
-2.815988188976378
0
LINE
8
CYAN2
6
CONTINUOUS
10
6.1542834645669293
20
-2.815988188976378
11
6.1590472440944888
21
-2.8207519685039371
0
LINE
8
CYAN2
6
CONTINUOUS
10
6.1590472440944888
20
-2.8207519685039371
11
6.1661889763779527
21
-2.8231299212598424
0
LINE
8
CYAN2
6
CONTINUOUS
10
6.1661889763779527
20
-2.8231299212598424
11
6.1709488188976378
21
-2.8231299212598424
0
LINE
8
CYAN2
6
CONTINUOUS
10
6.1709488188976378
20
-2.8231299212598424
11
6.178094488188977
21
-2.8207519685039371
0
LINE
8
CYAN2
6
CONTINUOUS
10
6.178094488188977
20
-2.8207519685039371
11
6.1804724409448824
21
-2.8183700787401578
0
LINE
8
CYAN2
6
CONTINUOUS
10
6.1804724409448824
20
-2.8183700787401578
11
6.1804724409448824
21
-2.8017007874015749
0
LINE
8
CYAN2
6
CONTINUOUS
10
6.1804724409448824
20
-2.8017007874015749
11
6.1709488188976378
21
-2.8017007874015749
0
LINE
8
CYAN2
6
CONTINUOUS
10
6.2019015748031494
20
-2.8231299212598424
11
6.2019015748031494
21
-2.7731299212598426
0
LINE
8
CYAN2
6
CONTINUOUS
10
6.2019015748031494
20
-2.7731299212598426
11
6.2304724409448822
21
-2.8231299212598424
0
LINE
8
CYAN2
6
CONTINUOUS
10
6.2304724409448822
20
-2.8231299212598424
11
6.2304724409448822
21
-2.7731299212598426
0
LINE
8
CYAN2
6
CONTINUOUS
10
6.254283464566929
20
-2.8231299212598424
11
6.254283464566929
21
-2.7731299212598426
0
LINE
8
CYAN2
6
CONTINUOUS
10
6.254283464566929
20
-2.7731299212598426
11
6.2661889763779532
21
-2.7731299212598426
0
LINE
8
CYAN2
6
CONTINUOUS
10
6.2661889763779532
20
-2.7731299212598426
11
6.2733307086614172
21
-2.7755118110236223
0
LINE
8
CYAN2
6
CONTINUOUS
10
6.2733307086614172
20
-2.7755118110236223
11
6.2780944881889766
21
-2.7802755905511813
0
LINE
8
CYAN2
6
CONTINUOUS
10
6.2780944881889766
20
-2.7802755905511813
11
6.2804763779527564
21
-2.7850354330708664
0
LINE
8
CYAN2
6
CONTINUOUS
10
6.2804763779527564
20
-2.7850354330708664
11
6.2828543307086617
21
-2.7945590551181105
0
LINE
8
CYAN2
6
CONTINUOUS
10
6.2828543307086617
20
-2.7945590551181105
11
6.2828543307086617
21
-2.8017007874015749
0
LINE
8
CYAN2
6
CONTINUOUS
10
6.2828543307086617
20
-2.8017007874015749
11
6.2804763779527564
21
-2.811224409448819
0
LINE
8
CYAN2
6
CONTINUOUS
10
6.2804763779527564
20
-2.811224409448819
11
6.2780944881889766
21
-2.815988188976378
0
LINE
8
CYAN2
6
CONTINUOUS
10
6.2780944881889766
20
-2.815988188976378
11
6.2733307086614172
21
-2.8207519685039371
0
LINE
8
CYAN2
6
CONTINUOUS
10
6.2733307086614172
20
-2.8207519685039371
11
6.2661889763779532
21
-2.8231299212598424
0
LINE
8
CYAN2
6
CONTINUOUS
10
6.2661889763779532
20
-2.8231299212598424
11
6.254283464566929
21
-2.8231299212598424
0
LINE
8
RED3
6
CONTINUOUS
10
5.9952401574803149
20
-2.7613070866141731
11
5.9904763779527563
21
-2.7589251968503938
0
LINE
8
RED3
6
CONTINUOUS
10
5.9904763779527563
20
-2.7589251968503938
11
5.9880944881889766
21
-2.7565472440944885
0
LINE
8
RED3
6
CONTINUOUS
10
5.9880944881889766
20
-2.7565472440944885
11
5.9857165354330713
21
-2.751783464566929
0
LINE
8
RED3
6
CONTINUOUS
10
5.9857165354330713
20
-2.751783464566929
11
5.9857165354330713
21
-2.7494015748031497
0
LINE
8
RED3
6
CONTINUOUS
10
5.9857165354330713
20
-2.7494015748031497
11
5.9880944881889766
21
-2.7446417322834646
0
LINE
8
RED3
6
CONTINUOUS
10
5.9880944881889766
20
-2.7446417322834646
11
5.9904763779527563
21
-2.7422598425196854
0
LINE
8
RED3
6
CONTINUOUS
10
5.9904763779527563
20
-2.7422598425196854
11
5.9952401574803149
21
-2.7398779527559056
0
LINE
8
RED3
6
CONTINUOUS
10
5.9952401574803149
20
-2.7398779527559056
11
6.0047637795275595
21
-2.7398779527559056
0
LINE
8
RED3
6
CONTINUOUS
10
6.0047637795275595
20
-2.7398779527559056
11
6.0095236220472446
21
-2.7422598425196854
0
LINE
8
RED3
6
CONTINUOUS
10
6.0095236220472446
20
-2.7422598425196854
11
6.0119055118110243
21
-2.7446417322834646
0
LINE
8
RED3
6
CONTINUOUS
10
6.0119055118110243
20
-2.7446417322834646
11
6.0142874015748031
21
-2.7494015748031497
0
LINE
8
RED3
6
CONTINUOUS
10
6.0142874015748031
20
-2.7494015748031497
11
6.0142874015748031
21
-2.751783464566929
0
LINE
8
RED3
6
CONTINUOUS
10
6.0142874015748031
20
-2.751783464566929
11
6.0119055118110243
21
-2.7565472440944885
0
LINE
8
RED3
6
CONTINUOUS
10
6.0119055118110243
20
-2.7565472440944885
11
6.0095236220472446
21
-2.7589251968503938
0
LINE
8
RED3
6
CONTINUOUS
10
6.0095236220472446
20
-2.7589251968503938
11
6.0047637795275595
21
-2.7613070866141731
0
LINE
8
RED3
6
CONTINUOUS
10
6.0047637795275595
20
-2.7613070866141731
11
5.9952401574803149
21
-2.7613070866141731
0
LINE
8
RED3
6
CONTINUOUS
10
5.9952401574803149
20
-2.7613070866141731
11
5.9904763779527563
21
-2.7636889763779529
0
LINE
8
RED3
6
CONTINUOUS
10
5.9904763779527563
20
-2.7636889763779529
11
5.9880944881889766
21
-2.7660708661417326
0
LINE
8
RED3
6
CONTINUOUS
10
5.9880944881889766
20
-2.7660708661417326
11
5.9857165354330713
21
-2.7708307086614172
0
LINE
8
RED3
6
CONTINUOUS
10
5.9857165354330713
20
-2.7708307086614172
11
5.9857165354330713
21
-2.7803543307086613
0
LINE
8
RED3
6
CONTINUOUS
10
5.9857165354330713
20
-2.7803543307086613
11
5.9880944881889766
21
-2.7851181102362204
0
LINE
8
RED3
6
CONTINUOUS
10
5.9880944881889766
20
-2.7851181102362204
11
5.9904763779527563
21
-2.7875000000000001
0
LINE
8
RED3
6
CONTINUOUS
10
5.9904763779527563
20
-2.7875000000000001
11
5.9952401574803149
21
-2.7898779527559054
0
LINE
8
RED3
6
CONTINUOUS
10
5.9952401574803149
20
-2.7898779527559054
11
6.0047637795275595
21
-2.7898779527559054
0
LINE
8
RED3
6
CONTINUOUS
10
6.0047637795275595
20
-2.7898779527559054
11
6.0095236220472446
21
-2.7875000000000001
0
LINE
8
RED3
6
CONTINUOUS
10
6.0095236220472446
20
-2.7875000000000001
11
6.0119055118110243
21
-2.7851181102362204
0
LINE
8
RED3
6
CONTINUOUS
10
6.0119055118110243
20
-2.7851181102362204
11
6.0142874015748031
21
-2.7803543307086613
0
LINE
8
RED3
6
CONTINUOUS
10
6.0142874015748031
20
-2.7803543307086613
11
6.0142874015748031
21
-2.7708307086614172
0
LINE
8
RED3
6
CONTINUOUS
10
6.0142874015748031
20
-2.7708307086614172
11
6.0119055118110243
21
-2.7660708661417326
0
LINE
8
RED3
6
CONTINUOUS
10
6.0119055118110243
20
-2.7660708661417326
11
6.0095236220472446
21
-2.7636889763779529
0
LINE
8
RED3
6
CONTINUOUS
10
6.0095236220472446
20
-2.7636889763779529
11
6.0047637795275595
21
-2.7613070866141731
0
LINE
8
RED2
6
CONTINUOUS
10
7.4000000000000004
20
-3.1000000000000001
11
7.4000000000000004
21
-3.3000000000000003
0
LINE
8
CYAN2
6
CONTINUOUS
10
7.4278937007874015
20
-3.0147598425196853
11
7.4255118110236227
21
-3.0195236220472443
0
LINE
8
CYAN2
6
CONTINUOUS
10
7.4255118110236227
20
-3.0195236220472443
11
7.4207519685039376
21
-3.0242834645669294
0
LINE
8
CYAN2
6
CONTINUOUS
10
7.4207519685039376
20
-3.0242834645669294
11
7.4136062992125984
21
-3.0314251968503938
0
LINE
8
CYAN2
6
CONTINUOUS
10
7.4136062992125984
20
-3.0314251968503938
11
7.4112244094488196
21
-3.0361889763779528
0
LINE
8
CYAN2
6
CONTINUOUS
10
7.4112244094488196
20
-3.0361889763779528
11
7.4112244094488196
21
-3.0409488188976379
0
LINE
8
CYAN2
6
CONTINUOUS
10
7.4231299212598429
20
-3.0385708661417326
11
7.4207519685039376
21
-3.0433307086614176
0
LINE
8
CYAN2
6
CONTINUOUS
10
7.4207519685039376
20
-3.0433307086614176
11
7.4159881889763781
21
-3.0480944881889767
0
LINE
8
CYAN2
6
CONTINUOUS
10
7.4159881889763781
20
-3.0480944881889767
11
7.4064645669291345
21
-3.050472440944882
0
LINE
8
CYAN2
6
CONTINUOUS
10
7.4064645669291345
20
-3.050472440944882
11
7.3897992125984251
21
-3.050472440944882
0
LINE
8
CYAN2
6
CONTINUOUS
10
7.3897992125984251
20
-3.050472440944882
11
7.3802755905511814
21
-3.0480944881889767
0
LINE
8
CYAN2
6
CONTINUOUS
10
7.3802755905511814
20
-3.0480944881889767
11
7.375511811023622
21
-3.0433307086614176
0
LINE
8
CYAN2
6
CONTINUOUS
10
7.375511811023622
20
-3.0433307086614176
11
7.3731299212598431
21
-3.0385708661417326
0
LINE
8
CYAN2
6
CONTINUOUS
10
7.3731299212598431
20
-3.0385708661417326
11
7.3731299212598431
21
-3.0290472440944884
0
LINE
8
CYAN2
6
CONTINUOUS
10
7.3731299212598431
20
-3.0290472440944884
11
7.375511811023622
21
-3.0242834645669294
0
LINE
8
CYAN2
6
CONTINUOUS
10
7.375511811023622
20
-3.0242834645669294
11
7.3802755905511814
21
-3.0195236220472443
0
LINE
8
CYAN2
6
CONTINUOUS
10
7.3802755905511814
20
-3.0195236220472443
11
7.3897992125984251
21
-3.0171417322834646
0
LINE
8
CYAN2
6
CONTINUOUS
10
7.3897992125984251
20
-3.0171417322834646
11
7.4064645669291345
21
-3.0171417322834646
0
LINE
8
CYAN2
6
CONTINUOUS
10
7.4064645669291345
20
-3.0171417322834646
11
7.4159881889763781
21
-3.0195236220472443
0
LINE
8
CYAN2
6
CONTINUOUS
10
7.4159881889763781
20
-3.0195236220472443
11
7.4207519685039376
21
-3.0242834645669294
0
LINE
8
CYAN2
6
CONTINUOUS
10
7.4207519685039376
20
-3.0242834645669294
11
7.4231299212598429
21
-3.0290472440944884
0
LINE
8
CYAN2
6
CONTINUOUS
10
7.4231299212598429
20
-3.0290472440944884
11
7.4231299212598429
21
-3.0385708661417326
0
LINE
8
CYAN2
6
CONTINUOUS
10
7.3731299212598431
20
-2.986188976377953
11
7.3731299212598431
21
-2.981425196850394
0
LINE
8
CYAN2
6
CONTINUOUS
10
7.3731299212598431
20
-2.981425196850394
11
7.375511811023622
21
-2.9766653543307089
0
LINE
8
CYAN2
6
CONTINUOUS
10
7.375511811023622
20
-2.9766653543307089
11
7.3778937007874017
21
-2.9742834645669292
0
LINE
8
CYAN2
6
CONTINUOUS
10
7.3778937007874017
20
-2.9742834645669292
11
7.3826535433070868
21
-2.9719015748031499
0
LINE
8
CYAN2
6
CONTINUOUS
10
7.3826535433070868
20
-2.9719015748031499
11
7.3921771653543313
21
-2.9695196850393701
0
LINE
8
CYAN2
6
CONTINUOUS
10
7.3921771653543313
20
-2.9695196850393701
11
7.4040826771653547
21
-2.9695196850393701
0
LINE
8
CYAN2
6
CONTINUOUS
10
7.4040826771653547
20
-2.9695196850393701
11
7.4136062992125984
21
-2.9719015748031499
0
LINE
8
CYAN2
6
CONTINUOUS
10
7.4136062992125984
20
-2.9719015748031499
11
7.4183700787401579
21
-2.9742834645669292
0
LINE
8
CYAN2
6
CONTINUOUS
10
7.4183700787401579
20
-2.9742834645669292
11
7.4207519685039376
21
-2.9766653543307089
0
LINE
8
CYAN2
6
CONTINUOUS
10
7.4207519685039376
20
-2.9766653543307089
11
7.4231299212598429
21
-2.981425196850394
0
LINE
8
CYAN2
6
CONTINUOUS
10
7.4231299212598429
20
-2.981425196850394
11
7.4231299212598429
21
-2.986188976377953
0
LINE
8
CYAN2
6
CONTINUOUS
10
7.4231299212598429
20
-2.986188976377953
11
7.4207519685039376
21
-2.9909488188976381
0
LINE
8
CYAN2
6
CONTINUOUS
10
7.4207519685039376
20
-2.9909488188976381
11
7.4183700787401579
21
-2.9933307086614174
0
LINE
8
CYAN2
6
CONTINUOUS
10
7.4183700787401579
20
-2.9933307086614174
11
7.4136062992125984
21
-2.9957125984251971
0
LINE
8
CYAN2
6
CONTINUOUS
10
7.4136062992125984
20
-2.9957125984251971
11
7.4040826771653547
21
-2.9980905511811025
0
LINE
8
CYAN2
6
CONTINUOUS
10
7.4040826771653547
20
-2.9980905511811025
11
7.3921771653543313
21
-2.9980905511811025
0
LINE
8
CYAN2
6
CONTINUOUS
10
7.3921771653543313
20
-2.9980905511811025
11
7.3826535433070868
21
-2.9957125984251971
0
LINE
8
CYAN2
6
CONTINUOUS
10
7.3826535433070868
20
-2.9957125984251971
11
7.3778937007874017
21
-2.9933307086614174
0
LINE
8
CYAN2
6
CONTINUOUS
10
7.3778937007874017
20
-2.9933307086614174
11
7.375511811023622
21
-2.9909488188976381
0
LINE
8
CYAN2
6
CONTINUOUS
10
7.375511811023622
20
-2.9909488188976381
11
7.3731299212598431
21
-2.986188976377953
0
LINE
8
RED3
6
CONTINUOUS
10
7.3398779527559057
20
-3.2166614173228347
11
7.3398779527559057
21
-3.1857086614173231
0
LINE
8
RED3
6
CONTINUOUS
10
7.3398779527559057
20
-3.1857086614173231
11
7.3589251968503939
21
-3.2023779527559055
0
LINE
8
RED3
6
CONTINUOUS
10
7.3589251968503939
20
-3.2023779527559055
11
7.3589251968503939
21
-3.1952322834645672
0
LINE
8
RED3
6
CONTINUOUS
10
7.3589251968503939
20
-3.1952322834645672
11
7.3613070866141737
21
-3.1904724409448821
0
LINE
8
RED3
6
CONTINUOUS
10
7.3613070866141737
20
-3.1904724409448821
11
7.3636889763779534
21
-3.1880905511811024
0
LINE
8
RED3
6
CONTINUOUS
10
7.3636889763779534
20
-3.1880905511811024
11
7.3684488188976385
21
-3.1857086614173231
0
LINE
8
RED3
6
CONTINUOUS
10
7.3684488188976385
20
-3.1857086614173231
11
7.3803543307086619
21
-3.1857086614173231
0
LINE
8
RED3
6
CONTINUOUS
10
7.3803543307086619
20
-3.1857086614173231
11
7.3851181102362204
21
-3.1880905511811024
0
LINE
8
RED3
6
CONTINUOUS
10
7.3851181102362204
20
-3.1880905511811024
11
7.3875000000000002
21
-3.1904724409448821
0
LINE
8
RED3
6
CONTINUOUS
10
7.3875000000000002
20
-3.1904724409448821
11
7.3898779527559055
21
-3.1952322834645672
0
LINE
8
RED3
6
CONTINUOUS
10
7.3898779527559055
20
-3.1952322834645672
11
7.3898779527559055
21
-3.2095196850393704
0
LINE
8
RED3
6
CONTINUOUS
10
7.3898779527559055
20
-3.2095196850393704
11
7.3875000000000002
21
-3.2142795275590554
0
LINE
8
RED3
6
CONTINUOUS
10
7.3875000000000002
20
-3.2142795275590554
11
7.3851181102362204
21
-3.2166614173228347
0
LINE
8
RED2
6
CONTINUOUS
10
7.3000000000000007
20
-3.1000000000000001
11
7.3000000000000007
21
-3.3000000000000003
0
LINE
8
CYAN2
6
CONTINUOUS
10
7.3278937007874019
20
-3.0147598425196853
11
7.3255118110236221
21
-3.0195236220472443
0
LINE
8
CYAN2
6
CONTINUOUS
10
7.3255118110236221
20
-3.0195236220472443
11
7.3207519685039371
21
-3.0242834645669294
0
LINE
8
CYAN2
6
CONTINUOUS
10
7.3207519685039371
20
-3.0242834645669294
11
7.3136062992125987
21
-3.0314251968503938
0
LINE
8
CYAN2
6
CONTINUOUS
10
7.3136062992125987
20
-3.0314251968503938
11
7.311224409448819
21
-3.0361889763779528
0
LINE
8
CYAN2
6
CONTINUOUS
10
7.311224409448819
20
-3.0361889763779528
11
7.311224409448819
21
-3.0409488188976379
0
LINE
8
CYAN2
6
CONTINUOUS
10
7.3231299212598424
20
-3.0385708661417326
11
7.3207519685039371
21
-3.0433307086614176
0
LINE
8
CYAN2
6
CONTINUOUS
10
7.3207519685039371
20
-3.0433307086614176
11
7.3159881889763785
21
-3.0480944881889767
0
LINE
8
CYAN2
6
CONTINUOUS
10
7.3159881889763785
20
-3.0480944881889767
11
7.3064645669291339
21
-3.050472440944882
0
LINE
8
CYAN2
6
CONTINUOUS
10
7.3064645669291339
20
-3.050472440944882
11
7.2897992125984254
21
-3.050472440944882
0
LINE
8
CYAN2
6
CONTINUOUS
10
7.2897992125984254
20
-3.050472440944882
11
7.2802755905511818
21
-3.0480944881889767
0
LINE
8
CYAN2
6
CONTINUOUS
10
7.2802755905511818
20
-3.0480944881889767
11
7.2755118110236223
21
-3.0433307086614176
0
LINE
8
CYAN2
6
CONTINUOUS
10
7.2755118110236223
20
-3.0433307086614176
11
7.2731299212598426
21
-3.0385708661417326
0
LINE
8
CYAN2
6
CONTINUOUS
10
7.2731299212598426
20
-3.0385708661417326
11
7.2731299212598426
21
-3.0290472440944884
0
LINE
8
CYAN2
6
CONTINUOUS
10
7.2731299212598426
20
-3.0290472440944884
11
7.2755118110236223
21
-3.0242834645669294
0
LINE
8
CYAN2
6
CONTINUOUS
10
7.2755118110236223
20
-3.0242834645669294
11
7.2802755905511818
21
-3.0195236220472443
0
LINE
8
CYAN2
6
CONTINUOUS
10
7.2802755905511818
20
-3.0195236220472443
11
7.2897992125984254
21
-3.0171417322834646
0
LINE
8
CYAN2
6
CONTINUOUS
10
7.2897992125984254
20
-3.0171417322834646
11
7.3064645669291339
21
-3.0171417322834646
0
LINE
8
CYAN2
6
CONTINUOUS
10
7.3064645669291339
20
-3.0171417322834646
11
7.3159881889763785
21
-3.0195236220472443
0
LINE
8
CYAN2
6
CONTINUOUS
10
7.3159881889763785
20
-3.0195236220472443
11
7.3207519685039371
21
-3.0242834645669294
0
LINE
8
CYAN2
6
CONTINUOUS
10
7.3207519685039371
20
-3.0242834645669294
11
7.3231299212598424
21
-3.0290472440944884
0
LINE
8
CYAN2
6
CONTINUOUS
10
7.3231299212598424
20
-3.0290472440944884
11
7.3231299212598424
21
-3.0385708661417326
0
LINE
8
CYAN2
6
CONTINUOUS
10
7.3231299212598424
20
-2.9695196850393701
11
7.3231299212598424
21
-2.9980905511811025
0
LINE
8
CYAN2
6
CONTINUOUS
10
7.3231299212598424
20
-2.9838070866141733
11
7.2731299212598426
21
-2.9838070866141733
0
LINE
8
CYAN2
6
CONTINUOUS
10
7.2731299212598426
20
-2.9838070866141733
11
7.2802755905511818
21
-2.9885669291338584
0
LINE
8
CYAN2
6
CONTINUOUS
10
7.2802755905511818
20
-2.9885669291338584
11
7.285035433070866
21
-2.9933307086614174
0
LINE
8
CYAN2
6
CONTINUOUS
10
7.285035433070866
20
-2.9933307086614174
11
7.2874173228346457
21
-2.9980905511811025
0
LINE
8
RED3
6
CONTINUOUS
10
7.256547244094488
20
-3.1904724409448821
11
7.2898779527559059
21
-3.1904724409448821
0
LINE
8
RED3
6
CONTINUOUS
10
7.2375000000000007
20
-3.2023779527559055
11
7.2732125984251974
21
-3.2142795275590554
0
LINE
8
RED3
6
CONTINUOUS
10
7.2732125984251974
20
-3.2142795275590554
11
7.2732125984251974
21
-3.1833307086614173
0
LINE
8
RED2
6
CONTINUOUS
10
7.2000000000000002
20
-3.1000000000000001
11
7.2000000000000002
21
-3.3000000000000003
0
LINE
8
CYAN2
6
CONTINUOUS
10
7.2278937007874022
20
-3.0147598425196853
11
7.2255118110236225
21
-3.0195236220472443
0
LINE
8
CYAN2
6
CONTINUOUS
10
7.2255118110236225
20
-3.0195236220472443
11
7.2207519685039374
21
-3.0242834645669294
0
LINE
8
CYAN2
6
CONTINUOUS
10
7.2207519685039374
20
-3.0242834645669294
11
7.2136062992125991
21
-3.0314251968503938
0
LINE
8
CYAN2
6
CONTINUOUS
10
7.2136062992125991
20
-3.0314251968503938
11
7.2112244094488194
21
-3.0361889763779528
0
LINE
8
CYAN2
6
CONTINUOUS
10
7.2112244094488194
20
-3.0361889763779528
11
7.2112244094488194
21
-3.0409488188976379
0
LINE
8
CYAN2
6
CONTINUOUS
10
7.2231299212598428
20
-3.0385708661417326
11
7.2207519685039374
21
-3.0433307086614176
0
LINE
8
CYAN2
6
CONTINUOUS
10
7.2207519685039374
20
-3.0433307086614176
11
7.2159881889763779
21
-3.0480944881889767
0
LINE
8
CYAN2
6
CONTINUOUS
10
7.2159881889763779
20
-3.0480944881889767
11
7.2064645669291343
21
-3.050472440944882
0
LINE
8
CYAN2
6
CONTINUOUS
10
7.2064645669291343
20
-3.050472440944882
11
7.1897992125984258
21
-3.050472440944882
0
LINE
8
CYAN2
6
CONTINUOUS
10
7.1897992125984258
20
-3.050472440944882
11
7.1802755905511813
21
-3.0480944881889767
0
LINE
8
CYAN2
6
CONTINUOUS
10
7.1802755905511813
20
-3.0480944881889767
11
7.1755118110236227
21
-3.0433307086614176
0
LINE
8
CYAN2
6
CONTINUOUS
10
7.1755118110236227
20
-3.0433307086614176
11
7.1731299212598429
21
-3.0385708661417326
0
LINE
8
CYAN2
6
CONTINUOUS
10
7.1731299212598429
20
-3.0385708661417326
11
7.1731299212598429
21
-3.0290472440944884
0
LINE
8
CYAN2
6
CONTINUOUS
10
7.1731299212598429
20
-3.0290472440944884
11
7.1755118110236227
21
-3.0242834645669294
0
LINE
8
CYAN2
6
CONTINUOUS
10
7.1755118110236227
20
-3.0242834645669294
11
7.1802755905511813
21
-3.0195236220472443
0
LINE
8
CYAN2
6
CONTINUOUS
10
7.1802755905511813
20
-3.0195236220472443
11
7.1897992125984258
21
-3.0171417322834646
0
LINE
8
CYAN2
6
CONTINUOUS
10
7.1897992125984258
20
-3.0171417322834646
11
7.2064645669291343
21
-3.0171417322834646
0
LINE
8
CYAN2
6
CONTINUOUS
10
7.2064645669291343
20
-3.0171417322834646
11
7.2159881889763779
21
-3.0195236220472443
0
LINE
8
CYAN2
6
CONTINUOUS
10
7.2159881889763779
20
-3.0195236220472443
11
7.2207519685039374
21
-3.0242834645669294
0
LINE
8
CYAN2
6
CONTINUOUS
10
7.2207519685039374
20
-3.0242834645669294
11
7.2231299212598428
21
-3.0290472440944884
0
LINE
8
CYAN2
6
CONTINUOUS
10
7.2231299212598428
20
-3.0290472440944884
11
7.2231299212598428
21
-3.0385708661417326
0
LINE
8
CYAN2
6
CONTINUOUS
10
7.1778937007874015
20
-2.9980905511811025
11
7.1755118110236227
21
-2.9957125984251971
0
LINE
8
CYAN2
6
CONTINUOUS
10
7.1755118110236227
20
-2.9957125984251971
11
7.1731299212598429
21
-2.9909488188976381
0
LINE
8
CYAN2
6
CONTINUOUS
10
7.1731299212598429
20
-2.9909488188976381
11
7.1731299212598429
21
-2.9790433070866142
0
LINE
8
CYAN2
6
CONTINUOUS
10
7.1731299212598429
20
-2.9790433070866142
11
7.1755118110236227
21
-2.9742834645669292
0
LINE
8
CYAN2
6
CONTINUOUS
10
7.1755118110236227
20
-2.9742834645669292
11
7.1778937007874015
21
-2.9719015748031499
0
LINE
8
CYAN2
6
CONTINUOUS
10
7.1778937007874015
20
-2.9719015748031499
11
7.1826535433070866
21
-2.9695196850393701
0
LINE
8
CYAN2
6
CONTINUOUS
10
7.1826535433070866
20
-2.9695196850393701
11
7.1874173228346461
21
-2.9695196850393701
0
LINE
8
CYAN2
6
CONTINUOUS
10
7.1874173228346461
20
-2.9695196850393701
11
7.1945590551181109
21
-2.9719015748031499
0
LINE
8
CYAN2
6
CONTINUOUS
10
7.1945590551181109
20
-2.9719015748031499
11
7.2231299212598428
21
-3.0004724409448822
0
LINE
8
CYAN2
6
CONTINUOUS
10
7.2231299212598428
20
-3.0004724409448822
11
7.2231299212598428
21
-2.9695196850393701
0
LINE
8
RED3
6
CONTINUOUS
10
7.1398779527559055
20
-3.1880905511811024
11
7.1398779527559055
21
-3.2119015748031496
0
LINE
8
RED3
6
CONTINUOUS
10
7.1398779527559055
20
-3.2119015748031496
11
7.1636889763779532
21
-3.2142795275590554
0
LINE
8
RED3
6
CONTINUOUS
10
7.1636889763779532
20
-3.2142795275590554
11
7.1613070866141735
21
-3.2119015748031496
0
LINE
8
RED3
6
CONTINUOUS
10
7.1613070866141735
20
-3.2119015748031496
11
7.1589251968503937
21
-3.2071377952755906
0
LINE
8
RED3
6
CONTINUOUS
10
7.1589251968503937
20
-3.2071377952755906
11
7.1589251968503937
21
-3.1952322834645672
0
LINE
8
RED3
6
CONTINUOUS
10
7.1589251968503937
20
-3.1952322834645672
11
7.1613070866141735
21
-3.1904724409448821
0
LINE
8
RED3
6
CONTINUOUS
10
7.1613070866141735
20
-3.1904724409448821
11
7.1636889763779532
21
-3.1880905511811024
0
LINE
8
RED3
6
CONTINUOUS
10
7.1636889763779532
20
-3.1880905511811024
11
7.1684488188976383
21
-3.1857086614173231
0
LINE
8
RED3
6
CONTINUOUS
10
7.1684488188976383
20
-3.1857086614173231
11
7.1803543307086617
21
-3.1857086614173231
0
LINE
8
RED3
6
CONTINUOUS
10
7.1803543307086617
20
-3.1857086614173231
11
7.1851181102362212
21
-3.1880905511811024
0
LINE
8
RED3
6
CONTINUOUS
10
7.1851181102362212
20
-3.1880905511811024
11
7.1875
21
-3.1904724409448821
0
LINE
8
RED3
6
CONTINUOUS
10
7.1875
20
-3.1904724409448821
11
7.1898779527559054
21
-3.1952322834645672
0
LINE
8
RED3
6
CONTINUOUS
10
7.1898779527559054
20
-3.1952322834645672
11
7.1898779527559054
21
-3.2071377952755906
0
LINE
8
RED3
6
CONTINUOUS
10
7.1898779527559054
20
-3.2071377952755906
11
7.1875
21
-3.2119015748031496
0
LINE
8
RED3
6
CONTINUOUS
10
7.1875
20
-3.2119015748031496
11
7.1851181102362212
21
-3.2142795275590554
0
LINE
8
RED2
6
CONTINUOUS
10
7.1000000000000005
20
-3.1000000000000001
11
7.1000000000000005
21
-3.3000000000000003
0
LINE
8
CYAN2
6
CONTINUOUS
10
7.1278937007874017
20
-3.0147598425196853
11
7.125511811023622
21
-3.0195236220472443
0
LINE
8
CYAN2
6
CONTINUOUS
10
7.125511811023622
20
-3.0195236220472443
11
7.1207519685039369
21
-3.0242834645669294
0
LINE
8
CYAN2
6
CONTINUOUS
10
7.1207519685039369
20
-3.0242834645669294
11
7.1136062992125986
21
-3.0314251968503938
0
LINE
8
CYAN2
6
CONTINUOUS
10
7.1136062992125986
20
-3.0314251968503938
11
7.1112244094488188
21
-3.0361889763779528
0
LINE
8
CYAN2
6
CONTINUOUS
10
7.1112244094488188
20
-3.0361889763779528
11
7.1112244094488188
21
-3.0409488188976379
0
LINE
8
CYAN2
6
CONTINUOUS
10
7.1231299212598431
20
-3.0385708661417326
11
7.1207519685039369
21
-3.0433307086614176
0
LINE
8
CYAN2
6
CONTINUOUS
10
7.1207519685039369
20
-3.0433307086614176
11
7.1159881889763783
21
-3.0480944881889767
0
LINE
8
CYAN2
6
CONTINUOUS
10
7.1159881889763783
20
-3.0480944881889767
11
7.1064645669291338
21
-3.050472440944882
0
LINE
8
CYAN2
6
CONTINUOUS
10
7.1064645669291338
20
-3.050472440944882
11
7.0897992125984253
21
-3.050472440944882
0
LINE
8
CYAN2
6
CONTINUOUS
10
7.0897992125984253
20
-3.050472440944882
11
7.0802755905511816
21
-3.0480944881889767
0
LINE
8
CYAN2
6
CONTINUOUS
10
7.0802755905511816
20
-3.0480944881889767
11
7.0755118110236221
21
-3.0433307086614176
0
LINE
8
CYAN2
6
CONTINUOUS
10
7.0755118110236221
20
-3.0433307086614176
11
7.0731299212598424
21
-3.0385708661417326
0
LINE
8
CYAN2
6
CONTINUOUS
10
7.0731299212598424
20
-3.0385708661417326
11
7.0731299212598424
21
-3.0290472440944884
0
LINE
8
CYAN2
6
CONTINUOUS
10
7.0731299212598424
20
-3.0290472440944884
11
7.0755118110236221
21
-3.0242834645669294
0
LINE
8
CYAN2
6
CONTINUOUS
10
7.0755118110236221
20
-3.0242834645669294
11
7.0802755905511816
21
-3.0195236220472443
0
LINE
8
CYAN2
6
CONTINUOUS
10
7.0802755905511816
20
-3.0195236220472443
11
7.0897992125984253
21
-3.0171417322834646
0
LINE
8
CYAN2
6
CONTINUOUS
10
7.0897992125984253
20
-3.0171417322834646
11
7.1064645669291338
21
-3.0171417322834646
0
LINE
8
CYAN2
6
CONTINUOUS
10
7.1064645669291338
20
-3.0171417322834646
11
7.1159881889763783
21
-3.0195236220472443
0
LINE
8
CYAN2
6
CONTINUOUS
10
7.1159881889763783
20
-3.0195236220472443
11
7.1207519685039369
21
-3.0242834645669294
0
LINE
8
CYAN2
6
CONTINUOUS
10
7.1207519685039369
20
-3.0242834645669294
11
7.1231299212598431
21
-3.0290472440944884
0
LINE
8
CYAN2
6
CONTINUOUS
10
7.1231299212598431
20
-3.0290472440944884
11
7.1231299212598431
21
-3.0385708661417326
0
LINE
8
CYAN2
6
CONTINUOUS
10
7.0731299212598424
20
-3.0004724409448822
11
7.0731299212598424
21
-2.9695196850393701
0
LINE
8
CYAN2
6
CONTINUOUS
10
7.0731299212598424
20
-2.9695196850393701
11
7.0921771653543306
21
-2.986188976377953
0
LINE
8
CYAN2
6
CONTINUOUS
10
7.0921771653543306
20
-2.986188976377953
11
7.0921771653543306
21
-2.9790433070866142
0
LINE
8
CYAN2
6
CONTINUOUS
10
7.0921771653543306
20
-2.9790433070866142
11
7.0945590551181104
21
-2.9742834645669292
0
LINE
8
CYAN2
6
CONTINUOUS
10
7.0945590551181104
20
-2.9742834645669292
11
7.0969409448818901
21
-2.9719015748031499
0
LINE
8
CYAN2
6
CONTINUOUS
10
7.0969409448818901
20
-2.9719015748031499
11
7.1017007874015752
21
-2.9695196850393701
0
LINE
8
CYAN2
6
CONTINUOUS
10
7.1017007874015752
20
-2.9695196850393701
11
7.1136062992125986
21
-2.9695196850393701
0
LINE
8
CYAN2
6
CONTINUOUS
10
7.1136062992125986
20
-2.9695196850393701
11
7.118370078740158
21
-2.9719015748031499
0
LINE
8
CYAN2
6
CONTINUOUS
10
7.118370078740158
20
-2.9719015748031499
11
7.1207519685039369
21
-2.9742834645669292
0
LINE
8
CYAN2
6
CONTINUOUS
10
7.1207519685039369
20
-2.9742834645669292
11
7.1231299212598431
21
-2.9790433070866142
0
LINE
8
CYAN2
6
CONTINUOUS
10
7.1231299212598431
20
-2.9790433070866142
11
7.1231299212598431
21
-2.9933307086614174
0
LINE
8
CYAN2
6
CONTINUOUS
10
7.1231299212598431
20
-2.9933307086614174
11
7.1207519685039369
21
-2.9980905511811025
0
LINE
8
CYAN2
6
CONTINUOUS
10
7.1207519685039369
20
-2.9980905511811025
11
7.118370078740158
21
-3.0004724409448822
0
LINE
8
RED3
6
CONTINUOUS
10
7.0398779527559059
20
-3.1904724409448821
11
7.0398779527559059
21
-3.1999960629921262
0
LINE
8
RED3
6
CONTINUOUS
10
7.0398779527559059
20
-3.1999960629921262
11
7.0422598425196856
21
-3.2047559055118113
0
LINE
8
RED3
6
CONTINUOUS
10
7.0422598425196856
20
-3.2047559055118113
11
7.0446417322834645
21
-3.2071377952755906
0
LINE
8
RED3
6
CONTINUOUS
10
7.0446417322834645
20
-3.2071377952755906
11
7.0517834645669293
21
-3.2119015748031496
0
LINE
8
RED3
6
CONTINUOUS
10
7.0517834645669293
20
-3.2119015748031496
11
7.0613070866141738
21
-3.2142795275590554
0
LINE
8
RED3
6
CONTINUOUS
10
7.0613070866141738
20
-3.2142795275590554
11
7.080354330708662
21
-3.2142795275590554
0
LINE
8
RED3
6
CONTINUOUS
10
7.080354330708662
20
-3.2142795275590554
11
7.0851181102362206
21
-3.2119015748031496
0
LINE
8
RED3
6
CONTINUOUS
10
7.0851181102362206
20
-3.2119015748031496
11
7.0875000000000004
21
-3.2095196850393704
0
LINE
8
RED3
6
CONTINUOUS
10
7.0875000000000004
20
-3.2095196850393704
11
7.0898779527559057
21
-3.2047559055118113
0
LINE
8
RED3
6
CONTINUOUS
10
7.0898779527559057
20
-3.2047559055118113
11
7.0898779527559057
21
-3.1952322834645672
0
LINE
8
RED3
6
CONTINUOUS
10
7.0898779527559057
20
-3.1952322834645672
11
7.0875000000000004
21
-3.1904724409448821
0
LINE
8
RED3
6
CONTINUOUS
10
7.0875000000000004
20
-3.1904724409448821
11
7.0851181102362206
21
-3.1880905511811024
0
LINE
8
RED3
6
CONTINUOUS
10
7.0851181102362206
20
-3.1880905511811024
11
7.080354330708662
21
-3.1857086614173231
0
LINE
8
RED3
6
CONTINUOUS
10
7.080354330708662
20
-3.1857086614173231
11
7.0684488188976378
21
-3.1857086614173231
0
LINE
8
RED3
6
CONTINUOUS
10
7.0684488188976378
20
-3.1857086614173231
11
7.0636889763779527
21
-3.1880905511811024
0
LINE
8
RED3
6
CONTINUOUS
10
7.0636889763779527
20
-3.1880905511811024
11
7.0613070866141738
21
-3.1904724409448821
0
LINE
8
RED3
6
CONTINUOUS
10
7.0613070866141738
20
-3.1904724409448821
11
7.0589251968503941
21
-3.1952322834645672
0
LINE
8
RED3
6
CONTINUOUS
10
7.0589251968503941
20
-3.1952322834645672
11
7.0589251968503941
21
-3.2047559055118113
0
LINE
8
RED3
6
CONTINUOUS
10
7.0589251968503941
20
-3.2047559055118113
11
7.0613070866141738
21
-3.2095196850393704
0
LINE
8
RED3
6
CONTINUOUS
10
7.0613070866141738
20
-3.2095196850393704
11
7.0636889763779527
21
-3.2119015748031496
0
LINE
8
RED3
6
CONTINUOUS
10
7.0636889763779527
20
-3.2119015748031496
11
7.0684488188976378
21
-3.2142795275590554
0
LINE
8
CYAN2
6
CONTINUOUS
10
7.6727992125984255
20
-3.0244685039370078
11
7.7132755905511816
21
-3.0244685039370078
0
LINE
8
CYAN2
6
CONTINUOUS
10
7.7132755905511816
20
-3.0244685039370078
11
7.7180393700787402
21
-3.0220866141732285
0
LINE
8
CYAN2
6
CONTINUOUS
10
7.7180393700787402
20
-3.0220866141732285
11
7.7204212598425199
21
-3.0197047244094488
0
LINE
8
CYAN2
6
CONTINUOUS
10
7.7204212598425199
20
-3.0197047244094488
11
7.7227992125984253
21
-3.0149448818897637
0
LINE
8
CYAN2
6
CONTINUOUS
10
7.7227992125984253
20
-3.0149448818897637
11
7.7227992125984253
21
-3.0054212598425196
0
LINE
8
CYAN2
6
CONTINUOUS
10
7.7227992125984253
20
-3.0054212598425196
11
7.7204212598425199
21
-3.0006574803149606
0
LINE
8
CYAN2
6
CONTINUOUS
10
7.7204212598425199
20
-3.0006574803149606
11
7.7180393700787402
21
-2.9982755905511813
0
LINE
8
CYAN2
6
CONTINUOUS
10
7.7180393700787402
20
-2.9982755905511813
11
7.7132755905511816
21
-2.9958976377952755
0
LINE
8
CYAN2
6
CONTINUOUS
10
7.7132755905511816
20
-2.9958976377952755
11
7.6727992125984255
21
-2.9958976377952755
0
LINE
8
CYAN2
6
CONTINUOUS
10
7.7227992125984253
20
-2.9458937007874018
11
7.7227992125984253
21
-2.9744645669291341
0
LINE
8
CYAN2
6
CONTINUOUS
10
7.7227992125984253
20
-2.9601811023622049
11
7.6727992125984255
21
-2.9601811023622049
0
LINE
8
CYAN2
6
CONTINUOUS
10
7.6727992125984255
20
-2.9601811023622049
11
7.6799448818897638
21
-2.96494094488189
0
LINE
8
CYAN2
6
CONTINUOUS
10
7.6799448818897638
20
-2.96494094488189
11
7.6847047244094489
21
-2.969704724409449
0
LINE
8
CYAN2
6
CONTINUOUS
10
7.6847047244094489
20
-2.969704724409449
11
7.6870866141732286
21
-2.9744645669291341
0
LINE
8
CYAN2
6
CONTINUOUS
10
7.6727992125984255
20
-2.9292283464566928
11
7.6727992125984255
21
-2.8982755905511812
0
LINE
8
CYAN2
6
CONTINUOUS
10
7.6727992125984255
20
-2.8982755905511812
11
7.6918464566929137
21
-2.9149448818897641
0
LINE
8
CYAN2
6
CONTINUOUS
10
7.6918464566929137
20
-2.9149448818897641
11
7.6918464566929137
21
-2.9077992125984253
0
LINE
8
CYAN2
6
CONTINUOUS
10
7.6918464566929137
20
-2.9077992125984253
11
7.6942283464566934
21
-2.9030393700787402
0
LINE
8
CYAN2
6
CONTINUOUS
10
7.6942283464566934
20
-2.9030393700787402
11
7.6966102362204731
21
-2.900657480314961
0
LINE
8
CYAN2
6
CONTINUOUS
10
7.6966102362204731
20
-2.900657480314961
11
7.7013700787401573
21
-2.8982755905511812
0
LINE
8
CYAN2
6
CONTINUOUS
10
7.7013700787401573
20
-2.8982755905511812
11
7.7132755905511816
21
-2.8982755905511812
0
LINE
8
CYAN2
6
CONTINUOUS
10
7.7132755905511816
20
-2.8982755905511812
11
7.7180393700787402
21
-2.900657480314961
0
LINE
8
CYAN2
6
CONTINUOUS
10
7.7180393700787402
20
-2.900657480314961
11
7.7204212598425199
21
-2.9030393700787402
0
LINE
8
CYAN2
6
CONTINUOUS
10
7.7204212598425199
20
-2.9030393700787402
11
7.7227992125984253
21
-2.9077992125984253
0
LINE
8
CYAN2
6
CONTINUOUS
10
7.7227992125984253
20
-2.9077992125984253
11
7.7227992125984253
21
-2.9220866141732285
0
LINE
8
CYAN2
6
CONTINUOUS
10
7.7227992125984253
20
-2.9220866141732285
11
7.7204212598425199
21
-2.9268464566929135
0
LINE
8
CYAN2
6
CONTINUOUS
10
7.7204212598425199
20
-2.9268464566929135
11
7.7180393700787402
21
-2.9292283464566928
0
LINE
8
CYAN2
6
CONTINUOUS
10
7.5727992125984258
20
-3.2601811023622047
11
7.5727992125984258
21
-3.2268503937007877
0
LINE
8
CYAN2
6
CONTINUOUS
10
7.5727992125984258
20
-3.2268503937007877
11
7.6227992125984256
21
-3.2482755905511813
0
LINE
8
CYAN2
6
CONTINUOUS
10
7.5894685039370078
20
-3.1863740157480316
11
7.6227992125984256
21
-3.1863740157480316
0
LINE
8
CYAN2
6
CONTINUOUS
10
7.5704212598425196
20
-3.1982795275590554
11
7.6061338582677172
21
-3.2101811023622049
0
LINE
8
CYAN2
6
CONTINUOUS
10
7.6061338582677172
20
-3.2101811023622049
11
7.6061338582677172
21
-3.1792322834645672
0
LINE
8
CYAN2
6
CONTINUOUS
10
7.6227992125984256
20
-3.160185039370079
11
7.5727992125984258
21
-3.160185039370079
0
LINE
8
CYAN2
6
CONTINUOUS
10
7.5966102362204726
20
-3.160185039370079
11
7.5966102362204726
21
-3.1316141732283467
0
LINE
8
CYAN2
6
CONTINUOUS
10
7.6227992125984256
20
-3.1316141732283467
11
7.5727992125984258
21
-3.1316141732283467
0
LINE
8
CYAN2
6
CONTINUOUS
10
7.6180393700787405
20
-3.0792322834645671
11
7.6204212598425203
21
-3.0816102362204725
0
LINE
8
CYAN2
6
CONTINUOUS
10
7.6204212598425203
20
-3.0816102362204725
11
7.6227992125984256
21
-3.0887559055118112
0
LINE
8
CYAN2
6
CONTINUOUS
10
7.6227992125984256
20
-3.0887559055118112
11
7.6227992125984256
21
-3.0935157480314963
0
LINE
8
CYAN2
6
CONTINUOUS
10
7.6227992125984256
20
-3.0935157480314963
11
7.6204212598425203
21
-3.1006574803149607
0
LINE
8
CYAN2
6
CONTINUOUS
10
7.6204212598425203
20
-3.1006574803149607
11
7.6156574803149608
21
-3.1054212598425197
0
LINE
8
CYAN2
6
CONTINUOUS
10
7.6156574803149608
20
-3.1054212598425197
11
7.6108937007874022
21
-3.1078031496062994
0
LINE
8
CYAN2
6
CONTINUOUS
10
7.6108937007874022
20
-3.1078031496062994
11
7.6013700787401577
21
-3.1101811023622048
0
LINE
8
CYAN2
6
CONTINUOUS
10
7.6013700787401577
20
-3.1101811023622048
11
7.5942283464566929
21
-3.1101811023622048
0
LINE
8
CYAN2
6
CONTINUOUS
10
7.5942283464566929
20
-3.1101811023622048
11
7.5847047244094492
21
-3.1078031496062994
0
LINE
8
CYAN2
6
CONTINUOUS
10
7.5847047244094492
20
-3.1078031496062994
11
7.5799448818897641
21
-3.1054212598425197
0
LINE
8
CYAN2
6
CONTINUOUS
10
7.5799448818897641
20
-3.1054212598425197
11
7.5751811023622047
21
-3.1006574803149607
0
LINE
8
CYAN2
6
CONTINUOUS
10
7.5751811023622047
20
-3.1006574803149607
11
7.5727992125984258
21
-3.0935157480314963
0
LINE
8
CYAN2
6
CONTINUOUS
10
7.5727992125984258
20
-3.0935157480314963
11
7.5727992125984258
21
-3.0887559055118112
0
LINE
8
CYAN2
6
CONTINUOUS
10
7.5727992125984258
20
-3.0887559055118112
11
7.5751811023622047
21
-3.0816102362204725
0
LINE
8
CYAN2
6
CONTINUOUS
10
7.5751811023622047
20
-3.0816102362204725
11
7.5775629921259844
21
-3.0792322834645671
0
LINE
8
CYAN2
6
CONTINUOUS
10
7.5727992125984258
20
-3.064944881889764
11
7.5727992125984258
21
-3.0363740157480317
0
LINE
8
CYAN2
6
CONTINUOUS
10
7.6227992125984256
20
-3.0506574803149609
11
7.5727992125984258
21
-3.0506574803149609
0
LINE
8
CYAN2
6
CONTINUOUS
10
7.6227992125984256
20
-2.9935157480314962
11
7.6227992125984256
21
-3.0220866141732285
0
LINE
8
CYAN2
6
CONTINUOUS
10
7.6227992125984256
20
-3.0078031496062994
11
7.5727992125984258
21
-3.0078031496062994
0
LINE
8
CYAN2
6
CONTINUOUS
10
7.5727992125984258
20
-3.0078031496062994
11
7.5799448818897641
21
-3.0125629921259844
0
LINE
8
CYAN2
6
CONTINUOUS
10
7.5799448818897641
20
-3.0125629921259844
11
7.5847047244094492
21
-3.0173267716535435
0
LINE
8
CYAN2
6
CONTINUOUS
10
7.5847047244094492
20
-3.0173267716535435
11
7.5870866141732289
21
-3.0220866141732285
0
LINE
8
CYAN2
6
CONTINUOUS
10
7.5727992125984258
20
-2.9768503937007873
11
7.5727992125984258
21
-2.9435196850393703
0
LINE
8
CYAN2
6
CONTINUOUS
10
7.5727992125984258
20
-2.9435196850393703
11
7.6227992125984256
21
-2.9649448818897639
0
LINE
8
CYAN2
6
CONTINUOUS
10
7.5727992125984258
20
-2.9292322834645672
11
7.5727992125984258
21
-2.8982795275590552
0
LINE
8
CYAN2
6
CONTINUOUS
10
7.5727992125984258
20
-2.8982795275590552
11
7.591846456692914
21
-2.914948818897638
0
LINE
8
CYAN2
6
CONTINUOUS
10
7.591846456692914
20
-2.914948818897638
11
7.591846456692914
21
-2.9078031496062993
0
LINE
8
CYAN2
6
CONTINUOUS
10
7.591846456692914
20
-2.9078031496062993
11
7.5942283464566929
21
-2.9030433070866142
0
LINE
8
CYAN2
6
CONTINUOUS
10
7.5942283464566929
20
-2.9030433070866142
11
7.5966102362204726
21
-2.9006614173228349
0
LINE
8
CYAN2
6
CONTINUOUS
10
7.5966102362204726
20
-2.9006614173228349
11
7.6013700787401577
21
-2.8982795275590552
0
LINE
8
CYAN2
6
CONTINUOUS
10
7.6013700787401577
20
-2.8982795275590552
11
7.6132755905511811
21
-2.8982795275590552
0
LINE
8
CYAN2
6
CONTINUOUS
10
7.6132755905511811
20
-2.8982795275590552
11
7.6180393700787405
21
-2.9006614173228349
0
LINE
8
CYAN2
6
CONTINUOUS
10
7.6180393700787405
20
-2.9006614173228349
11
7.6204212598425203
21
-2.9030433070866142
0
LINE
8
CYAN2
6
CONTINUOUS
10
7.6204212598425203
20
-2.9030433070866142
11
7.6227992125984256
21
-2.9078031496062993
0
LINE
8
CYAN2
6
CONTINUOUS
10
7.6227992125984256
20
-2.9078031496062993
11
7.6227992125984256
21
-2.9220905511811024
0
LINE
8
CYAN2
6
CONTINUOUS
10
7.6227992125984256
20
-2.9220905511811024
11
7.6204212598425203
21
-2.9268503937007875
0
LINE
8
CYAN2
6
CONTINUOUS
10
7.6204212598425203
20
-2.9268503937007875
11
7.6180393700787405
21
-2.9292322834645672
0
LINE
8
RED2
6
CONTINUOUS
10
2.46
20
-7.1500000000000004
11
2.46
21
-6.9500000000000002
0
LINE
8
RED2
6
CONTINUOUS
10
2.46
20
-6.9500000000000002
11
2.54
21
-6.9500000000000002
0
LINE
8
RED2
6
CONTINUOUS
10
2.54
20
-6.9500000000000002
11
2.54
21
-7.1500000000000004
0
LINE
8
RED2
6
CONTINUOUS
10
2.54
20
-7.1500000000000004
11
2.46
21
-7.1500000000000004
0
LINE
8
RED2
6
CONTINUOUS
10
2.5
20
-6.9500000000000002
11
2.5
21
-6.9000000000000004
0
LINE
8
RED2
6
CONTINUOUS
10
2.5
20
-7.1500000000000004
11
2.5
21
-7.2000000000000002
0
LINE
8
CYAN2
6
CONTINUOUS
10
2.6448503937007874
20
-7.0227992125984251
11
2.628185039370079
21
-6.9989921259842518
0
LINE
8
CYAN2
6
CONTINUOUS
10
2.6162795275590551
20
-7.0227992125984251
11
2.6162795275590551
21
-6.9727992125984253
0
LINE
8
CYAN2
6
CONTINUOUS
10
2.6162795275590551
20
-6.9727992125984253
11
2.6353267716535433
21
-6.9727992125984253
0
LINE
8
CYAN2
6
CONTINUOUS
10
2.6353267716535433
20
-6.9727992125984253
11
2.6400905511811024
21
-6.975181102362205
0
LINE
8
CYAN2
6
CONTINUOUS
10
2.6400905511811024
20
-6.975181102362205
11
2.6424724409448821
21
-6.9775629921259847
0
LINE
8
CYAN2
6
CONTINUOUS
10
2.6424724409448821
20
-6.9775629921259847
11
2.6448503937007874
21
-6.9823228346456698
0
LINE
8
CYAN2
6
CONTINUOUS
10
2.6448503937007874
20
-6.9823228346456698
11
2.6448503937007874
21
-6.9894685039370081
0
LINE
8
CYAN2
6
CONTINUOUS
10
2.6448503937007874
20
-6.9894685039370081
11
2.6424724409448821
21
-6.9942283464566932
0
LINE
8
CYAN2
6
CONTINUOUS
10
2.6424724409448821
20
-6.9942283464566932
11
2.6400905511811024
21
-6.996610236220473
0
LINE
8
CYAN2
6
CONTINUOUS
10
2.6400905511811024
20
-6.996610236220473
11
2.6353267716535433
21
-6.9989921259842518
0
LINE
8
CYAN2
6
CONTINUOUS
10
2.6353267716535433
20
-6.9989921259842518
11
2.6162795275590551
21
-6.9989921259842518
0
LINE
8
CYAN2
6
CONTINUOUS
10
2.6639015748031496
20
-6.9775629921259847
11
2.6662795275590554
21
-6.975181102362205
0
LINE
8
CYAN2
6
CONTINUOUS
10
2.6662795275590554
20
-6.975181102362205
11
2.6710433070866144
21
-6.9727992125984253
0
LINE
8
CYAN2
6
CONTINUOUS
10
2.6710433070866144
20
-6.9727992125984253
11
2.6829488188976378
21
-6.9727992125984253
0
LINE
8
CYAN2
6
CONTINUOUS
10
2.6829488188976378
20
-6.9727992125984253
11
2.6877086614173229
21
-6.975181102362205
0
LINE
8
CYAN2
6
CONTINUOUS
10
2.6877086614173229
20
-6.975181102362205
11
2.6900905511811026
21
-6.9775629921259847
0
LINE
8
CYAN2
6
CONTINUOUS
10
2.6900905511811026
20
-6.9775629921259847
11
2.6924724409448819
21
-6.9823228346456698
0
LINE
8
CYAN2
6
CONTINUOUS
10
2.6924724409448819
20
-6.9823228346456698
11
2.6924724409448819
21
-6.9870866141732284
0
LINE
8
CYAN2
6
CONTINUOUS
10
2.6924724409448819
20
-6.9870866141732284
11
2.6900905511811026
21
-6.9942283464566932
0
LINE
8
CYAN2
6
CONTINUOUS
10
2.6900905511811026
20
-6.9942283464566932
11
2.6615196850393703
21
-7.0227992125984251
0
LINE
8
CYAN2
6
CONTINUOUS
10
2.6615196850393703
20
-7.0227992125984251
11
2.6924724409448819
21
-7.0227992125984251
0
LINE
8
CYAN2
6
CONTINUOUS
10
2.7210433070866142
20
-6.9942283464566932
11
2.7162795275590552
21
-6.9918464566929135
0
LINE
8
CYAN2
6
CONTINUOUS
10
2.7162795275590552
20
-6.9918464566929135
11
2.7138976377952755
21
-6.9894685039370081
0
LINE
8
CYAN2
6
CONTINUOUS
10
2.7138976377952755
20
-6.9894685039370081
11
2.7115196850393701
21
-6.9847047244094487
0
LINE
8
CYAN2
6
CONTINUOUS
10
2.7115196850393701
20
-6.9847047244094487
11
2.7115196850393701
21
-6.9823228346456698
0
LINE
8
CYAN2
6
CONTINUOUS
10
2.7115196850393701
20
-6.9823228346456698
11
2.7138976377952755
21
-6.9775629921259847
0
LINE
8
CYAN2
6
CONTINUOUS
10
2.7138976377952755
20
-6.9775629921259847
11
2.7162795275590552
21
-6.975181102362205
0
LINE
8
CYAN2
6
CONTINUOUS
10
2.7162795275590552
20
-6.975181102362205
11
2.7210433070866142
21
-6.9727992125984253
0
LINE
8
CYAN2
6
CONTINUOUS
10
2.7210433070866142
20
-6.9727992125984253
11
2.7305669291338583
21
-6.9727992125984253
0
LINE
8
CYAN2
6
CONTINUOUS
10
2.7305669291338583
20
-6.9727992125984253
11
2.7353267716535434
21
-6.975181102362205
0
LINE
8
CYAN2
6
CONTINUOUS
10
2.7353267716535434
20
-6.975181102362205
11
2.7377086614173227
21
-6.9775629921259847
0
LINE
8
CYAN2
6
CONTINUOUS
10
2.7377086614173227
20
-6.9775629921259847
11
2.7400905511811025
21
-6.9823228346456698
0
LINE
8
CYAN2
6
CONTINUOUS
10
2.7400905511811025
20
-6.9823228346456698
11
2.7400905511811025
21
-6.9847047244094487
0
LINE
8
CYAN2
6
CONTINUOUS
10
2.7400905511811025
20
-6.9847047244094487
11
2.7377086614173227
21
-6.9894685039370081
0
LINE
8
CYAN2
6
CONTINUOUS
10
2.7377086614173227
20
-6.9894685039370081
11
2.7353267716535434
21
-6.9918464566929135
0
LINE
8
CYAN2
6
CONTINUOUS
10
2.7353267716535434
20
-6.9918464566929135
11
2.7305669291338583
21
-6.9942283464566932
0
LINE
8
CYAN2
6
CONTINUOUS
10
2.7305669291338583
20
-6.9942283464566932
11
2.7210433070866142
21
-6.9942283464566932
0
LINE
8
CYAN2
6
CONTINUOUS
10
2.7210433070866142
20
-6.9942283464566932
11
2.7162795275590552
21
-6.996610236220473
0
LINE
8
CYAN2
6
CONTINUOUS
10
2.7162795275590552
20
-6.996610236220473
11
2.7138976377952755
21
-6.9989921259842518
0
LINE
8
CYAN2
6
CONTINUOUS
10
2.7138976377952755
20
-6.9989921259842518
11
2.7115196850393701
21
-7.0037519685039369
0
LINE
8
CYAN2
6
CONTINUOUS
10
2.7115196850393701
20
-7.0037519685039369
11
2.7115196850393701
21
-7.0132755905511814
0
LINE
8
CYAN2
6
CONTINUOUS
10
2.7115196850393701
20
-7.0132755905511814
11
2.7138976377952755
21
-7.01803937007874
0
LINE
8
CYAN2
6
CONTINUOUS
10
2.7138976377952755
20
-7.01803937007874
11
2.7162795275590552
21
-7.0204212598425197
0
LINE
8
CYAN2
6
CONTINUOUS
10
2.7162795275590552
20
-7.0204212598425197
11
2.7210433070866142
21
-7.0227992125984251
0
LINE
8
CYAN2
6
CONTINUOUS
10
2.7210433070866142
20
-7.0227992125984251
11
2.7305669291338583
21
-7.0227992125984251
0
LINE
8
CYAN2
6
CONTINUOUS
10
2.7305669291338583
20
-7.0227992125984251
11
2.7353267716535434
21
-7.0204212598425197
0
LINE
8
CYAN2
6
CONTINUOUS
10
2.7353267716535434
20
-7.0204212598425197
11
2.7377086614173227
21
-7.01803937007874
0
LINE
8
CYAN2
6
CONTINUOUS
10
2.7377086614173227
20
-7.01803937007874
11
2.7400905511811025
21
-7.0132755905511814
0
LINE
8
CYAN2
6
CONTINUOUS
10
2.7400905511811025
20
-7.0132755905511814
11
2.7400905511811025
21
-7.0037519685039369
0
LINE
8
CYAN2
6
CONTINUOUS
10
2.7400905511811025
20
-7.0037519685039369
11
2.7377086614173227
21
-6.9989921259842518
0
LINE
8
CYAN2
6
CONTINUOUS
10
2.7377086614173227
20
-6.9989921259842518
11
2.7353267716535434
21
-6.996610236220473
0
LINE
8
CYAN2
6
CONTINUOUS
10
2.7353267716535434
20
-6.996610236220473
11
2.7305669291338583
21
-6.9942283464566932
0
LINE
8
CYAN2
6
CONTINUOUS
10
2.6139015748031498
20
-7.0775629921259844
11
2.6162795275590551
21
-7.0751811023622047
0
LINE
8
CYAN2
6
CONTINUOUS
10
2.6162795275590551
20
-7.0751811023622047
11
2.6210433070866141
21
-7.0727992125984258
0
LINE
8
CYAN2
6
CONTINUOUS
10
2.6210433070866141
20
-7.0727992125984258
11
2.632948818897638
21
-7.0727992125984258
0
LINE
8
CYAN2
6
CONTINUOUS
10
2.632948818897638
20
-7.0727992125984258
11
2.6377086614173231
21
-7.0751811023622047
0
LINE
8
CYAN2
6
CONTINUOUS
10
2.6377086614173231
20
-7.0751811023622047
11
2.6400905511811024
21
-7.0775629921259844
0
LINE
8
CYAN2
6
CONTINUOUS
10
2.6400905511811024
20
-7.0775629921259844
11
2.6424724409448821
21
-7.0823228346456695
0
LINE
8
CYAN2
6
CONTINUOUS
10
2.6424724409448821
20
-7.0823228346456695
11
2.6424724409448821
21
-7.0870866141732289
0
LINE
8
CYAN2
6
CONTINUOUS
10
2.6424724409448821
20
-7.0870866141732289
11
2.6400905511811024
21
-7.0942283464566929
0
LINE
8
CYAN2
6
CONTINUOUS
10
2.6400905511811024
20
-7.0942283464566929
11
2.61151968503937
21
-7.1227992125984256
0
LINE
8
CYAN2
6
CONTINUOUS
10
2.61151968503937
20
-7.1227992125984256
11
2.6424724409448821
21
-7.1227992125984256
0
LINE
8
CYAN2
6
CONTINUOUS
10
2.6615196850393703
20
-7.0775629921259844
11
2.6638976377952757
21
-7.0751811023622047
0
LINE
8
CYAN2
6
CONTINUOUS
10
2.6638976377952757
20
-7.0751811023622047
11
2.6686614173228347
21
-7.0727992125984258
0
LINE
8
CYAN2
6
CONTINUOUS
10
2.6686614173228347
20
-7.0727992125984258
11
2.6805669291338585
21
-7.0727992125984258
0
LINE
8
CYAN2
6
CONTINUOUS
10
2.6805669291338585
20
-7.0727992125984258
11
2.6853267716535436
21
-7.0751811023622047
0
LINE
8
CYAN2
6
CONTINUOUS
10
2.6853267716535436
20
-7.0751811023622047
11
2.6877086614173229
21
-7.0775629921259844
0
LINE
8
CYAN2
6
CONTINUOUS
10
2.6877086614173229
20
-7.0775629921259844
11
2.6900905511811026
21
-7.0823228346456695
0
LINE
8
CYAN2
6
CONTINUOUS
10
2.6900905511811026
20
-7.0823228346456695
11
2.6900905511811026
21
-7.0870866141732289
0
LINE
8
CYAN2
6
CONTINUOUS
10
2.6900905511811026
20
-7.0870866141732289
11
2.6877086614173229
21
-7.0942283464566929
0
LINE
8
CYAN2
6
CONTINUOUS
10
2.6877086614173229
20
-7.0942283464566929
11
2.6591377952755906
21
-7.1227992125984256
0
LINE
8
CYAN2
6
CONTINUOUS
10
2.6591377952755906
20
-7.1227992125984256
11
2.6900905511811026
21
-7.1227992125984256
0
LINE
8
CYAN2
6
CONTINUOUS
10
2.7210393700787403
20
-7.0727992125984258
11
2.7258031496062993
21
-7.0727992125984258
0
LINE
8
CYAN2
6
CONTINUOUS
10
2.7258031496062993
20
-7.0727992125984258
11
2.7305629921259844
21
-7.0751811023622047
0
LINE
8
CYAN2
6
CONTINUOUS
10
2.7305629921259844
20
-7.0751811023622047
11
2.7329448818897637
21
-7.0775629921259844
0
LINE
8
CYAN2
6
CONTINUOUS
10
2.7329448818897637
20
-7.0775629921259844
11
2.7353267716535434
21
-7.0823228346456695
0
LINE
8
CYAN2
6
CONTINUOUS
10
2.7353267716535434
20
-7.0823228346456695
11
2.7377086614173227
21
-7.091846456692914
0
LINE
8
CYAN2
6
CONTINUOUS
10
2.7377086614173227
20
-7.091846456692914
11
2.7377086614173227
21
-7.1037519685039374
0
LINE
8
CYAN2
6
CONTINUOUS
10
2.7377086614173227
20
-7.1037519685039374
11
2.7353267716535434
21
-7.1132755905511811
0
LINE
8
CYAN2
6
CONTINUOUS
10
2.7353267716535434
20
-7.1132755905511811
11
2.7329448818897637
21
-7.1180393700787405
0
LINE
8
CYAN2
6
CONTINUOUS
10
2.7329448818897637
20
-7.1180393700787405
11
2.7305629921259844
21
-7.1204212598425203
0
LINE
8
CYAN2
6
CONTINUOUS
10
2.7305629921259844
20
-7.1204212598425203
11
2.7258031496062993
21
-7.1227992125984256
0
LINE
8
CYAN2
6
CONTINUOUS
10
2.7258031496062993
20
-7.1227992125984256
11
2.7210393700787403
21
-7.1227992125984256
0
LINE
8
CYAN2
6
CONTINUOUS
10
2.7210393700787403
20
-7.1227992125984256
11
2.7162795275590552
21
-7.1204212598425203
0
LINE
8
CYAN2
6
CONTINUOUS
10
2.7162795275590552
20
-7.1204212598425203
11
2.7138976377952755
21
-7.1180393700787405
0
LINE
8
CYAN2
6
CONTINUOUS
10
2.7138976377952755
20
-7.1180393700787405
11
2.7115157480314962
21
-7.1132755905511811
0
LINE
8
CYAN2
6
CONTINUOUS
10
2.7115157480314962
20
-7.1132755905511811
11
2.7091377952755908
21
-7.1037519685039374
0
LINE
8
CYAN2
6
CONTINUOUS
10
2.7091377952755908
20
-7.1037519685039374
11
2.7091377952755908
21
-7.091846456692914
0
LINE
8
CYAN2
6
CONTINUOUS
10
2.7091377952755908
20
-7.091846456692914
11
2.7115157480314962
21
-7.0823228346456695
0
LINE
8
CYAN2
6
CONTINUOUS
10
2.7115157480314962
20
-7.0823228346456695
11
2.7138976377952755
21
-7.0775629921259844
0
LINE
8
CYAN2
6
CONTINUOUS
10
2.7138976377952755
20
-7.0775629921259844
11
2.7162795275590552
21
-7.0751811023622047
0
LINE
8
CYAN2
6
CONTINUOUS
10
2.7162795275590552
20
-7.0751811023622047
11
2.7210393700787403
21
-7.0727992125984258
0
LINE
8
RED2
6
CONTINUOUS
10
9.0700000000000003
20
-2.6200000000000001
11
9.2300000000000004
21
-2.6200000000000001
0
LINE
8
RED2
6
CONTINUOUS
10
9.0700000000000003
20
-2.6800000000000002
11
9.2300000000000004
21
-2.6800000000000002
0
LINE
8
RED2
6
CONTINUOUS
10
9.1500000000000004
20
-2.6100000000000003
11
9.1500000000000004
21
-2.5
0
LINE
8
RED2
6
CONTINUOUS
10
9.1500000000000004
20
-2.6899999999999999
11
9.1500000000000004
21
-2.8000000000000003
0
LINE
8
CYAN2
6
CONTINUOUS
10
9.3448503937007885
20
-2.6180393700787401
11
9.3424724409448814
21
-2.6204212598425198
0
LINE
8
CYAN2
6
CONTINUOUS
10
9.3424724409448814
20
-2.6204212598425198
11
9.3353267716535431
21
-2.6227992125984252
0
LINE
8
CYAN2
6
CONTINUOUS
10
9.3353267716535431
20
-2.6227992125984252
11
9.3305669291338589
21
-2.6227992125984252
0
LINE
8
CYAN2
6
CONTINUOUS
10
9.3305669291338589
20
-2.6227992125984252
11
9.3234251968503941
21
-2.6204212598425198
0
LINE
8
CYAN2
6
CONTINUOUS
10
9.3234251968503941
20
-2.6204212598425198
11
9.3186614173228346
21
-2.6156574803149608
0
LINE
8
CYAN2
6
CONTINUOUS
10
9.3186614173228346
20
-2.6156574803149608
11
9.3162795275590558
21
-2.6108937007874018
0
LINE
8
CYAN2
6
CONTINUOUS
10
9.3162795275590558
20
-2.6108937007874018
11
9.3139015748031504
21
-2.6013700787401577
0
LINE
8
CYAN2
6
CONTINUOUS
10
9.3139015748031504
20
-2.6013700787401577
11
9.3139015748031504
21
-2.5942283464566929
0
LINE
8
CYAN2
6
CONTINUOUS
10
9.3139015748031504
20
-2.5942283464566929
11
9.3162795275590558
21
-2.5847047244094488
0
LINE
8
CYAN2
6
CONTINUOUS
10
9.3162795275590558
20
-2.5847047244094488
11
9.3186614173228346
21
-2.5799448818897637
0
LINE
8
CYAN2
6
CONTINUOUS
10
9.3186614173228346
20
-2.5799448818897637
11
9.3234251968503941
21
-2.5751811023622047
0
LINE
8
CYAN2
6
CONTINUOUS
10
9.3234251968503941
20
-2.5751811023622047
11
9.3305669291338589
21
-2.5727992125984254
0
LINE
8
CYAN2
6
CONTINUOUS
10
9.3305669291338589
20
-2.5727992125984254
11
9.3353267716535431
21
-2.5727992125984254
0
LINE
8
CYAN2
6
CONTINUOUS
10
9.3353267716535431
20
-2.5727992125984254
11
9.3424724409448814
21
-2.5751811023622047
0
LINE
8
CYAN2
6
CONTINUOUS
10
9.3424724409448814
20
-2.5751811023622047
11
9.3448503937007885
21
-2.5775629921259844
0
LINE
8
CYAN2
6
CONTINUOUS
10
9.3924724409448821
20
-2.6227992125984252
11
9.3639015748031493
21
-2.6227992125984252
0
LINE
8
CYAN2
6
CONTINUOUS
10
9.378185039370079
20
-2.6227992125984252
11
9.378185039370079
21
-2.5727992125984254
0
LINE
8
CYAN2
6
CONTINUOUS
10
9.378185039370079
20
-2.5727992125984254
11
9.3734251968503948
21
-2.5799448818897637
0
LINE
8
CYAN2
6
CONTINUOUS
10
9.3734251968503948
20
-2.5799448818897637
11
9.3686614173228353
21
-2.5847047244094488
0
LINE
8
CYAN2
6
CONTINUOUS
10
9.3686614173228353
20
-2.5847047244094488
11
9.3639015748031493
21
-2.5870866141732285
0
LINE
8
CYAN2
6
CONTINUOUS
10
9.3258031496062994
20
-2.6727992125984255
11
9.3305669291338589
21
-2.6727992125984255
0
LINE
8
CYAN2
6
CONTINUOUS
10
9.3305669291338589
20
-2.6727992125984255
11
9.3353267716535431
21
-2.6751811023622047
0
LINE
8
CYAN2
6
CONTINUOUS
10
9.3353267716535431
20
-2.6751811023622047
11
9.3377086614173237
21
-2.6775629921259845
0
LINE
8
CYAN2
6
CONTINUOUS
10
9.3377086614173237
20
-2.6775629921259845
11
9.3400905511811025
21
-2.6823228346456696
0
LINE
8
CYAN2
6
CONTINUOUS
10
9.3400905511811025
20
-2.6823228346456696
11
9.3424724409448814
21
-2.6918464566929137
0
LINE
8
CYAN2
6
CONTINUOUS
10
9.3424724409448814
20
-2.6918464566929137
11
9.3424724409448814
21
-2.7037519685039371
0
LINE
8
CYAN2
6
CONTINUOUS
10
9.3424724409448814
20
-2.7037519685039371
11
9.3400905511811025
21
-2.7132755905511812
0
LINE
8
CYAN2
6
CONTINUOUS
10
9.3400905511811025
20
-2.7132755905511812
11
9.3377086614173237
21
-2.7180393700787402
0
LINE
8
CYAN2
6
CONTINUOUS
10
9.3377086614173237
20
-2.7180393700787402
11
9.3353267716535431
21
-2.7204212598425199
0
LINE
8
CYAN2
6
CONTINUOUS
10
9.3353267716535431
20
-2.7204212598425199
11
9.3305669291338589
21
-2.7227992125984253
0
LINE
8
CYAN2
6
CONTINUOUS
10
9.3305669291338589
20
-2.7227992125984253
11
9.3258031496062994
21
-2.7227992125984253
0
LINE
8
CYAN2
6
CONTINUOUS
10
9.3258031496062994
20
-2.7227992125984253
11
9.3210433070866152
21
-2.7204212598425199
0
LINE
8
CYAN2
6
CONTINUOUS
10
9.3210433070866152
20
-2.7204212598425199
11
9.3186614173228346
21
-2.7180393700787402
0
LINE
8
CYAN2
6
CONTINUOUS
10
9.3186614173228346
20
-2.7180393700787402
11
9.3162795275590558
21
-2.7132755905511812
0
LINE
8
CYAN2
6
CONTINUOUS
10
9.3162795275590558
20
-2.7132755905511812
11
9.3139015748031504
21
-2.7037519685039371
0
LINE
8
CYAN2
6
CONTINUOUS
10
9.3139015748031504
20
-2.7037519685039371
11
9.3139015748031504
21
-2.6918464566929137
0
LINE
8
CYAN2
6
CONTINUOUS
10
9.3139015748031504
20
-2.6918464566929137
11
9.3162795275590558
21
-2.6823228346456696
0
LINE
8
CYAN2
6
CONTINUOUS
10
9.3162795275590558
20
-2.6823228346456696
11
9.3186614173228346
21
-2.6775629921259845
0
LINE
8
CYAN2
6
CONTINUOUS
10
9.3186614173228346
20
-2.6775629921259845
11
9.3210433070866152
21
-2.6751811023622047
0
LINE
8
CYAN2
6
CONTINUOUS
10
9.3210433070866152
20
-2.6751811023622047
11
9.3258031496062994
21
-2.6727992125984255
0
LINE
8
CYAN2
6
CONTINUOUS
10
9.3638976377952758
20
-2.7180393700787402
11
9.3662795275590547
21
-2.7204212598425199
0
LINE
8
CYAN2
6
CONTINUOUS
10
9.3662795275590547
20
-2.7204212598425199
11
9.3638976377952758
21
-2.7227992125984253
0
LINE
8
CYAN2
6
CONTINUOUS
10
9.3638976377952758
20
-2.7227992125984253
11
9.3615196850393705
21
-2.7204212598425199
0
LINE
8
CYAN2
6
CONTINUOUS
10
9.3615196850393705
20
-2.7204212598425199
11
9.3638976377952758
21
-2.7180393700787402
0
LINE
8
CYAN2
6
CONTINUOUS
10
9.3638976377952758
20
-2.7180393700787402
11
9.3638976377952758
21
-2.7227992125984253
0
LINE
8
CYAN2
6
CONTINUOUS
10
9.41390157480315
20
-2.7227992125984253
11
9.3853307086614173
21
-2.7227992125984253
0
LINE
8
CYAN2
6
CONTINUOUS
10
9.3996141732283469
20
-2.7227992125984253
11
9.3996141732283469
21
-2.6727992125984255
0
LINE
8
CYAN2
6
CONTINUOUS
10
9.3996141732283469
20
-2.6727992125984255
11
9.3948543307086609
21
-2.6799448818897638
0
LINE
8
CYAN2
6
CONTINUOUS
10
9.3948543307086609
20
-2.6799448818897638
11
9.3900905511811033
21
-2.6847047244094489
0
LINE
8
CYAN2
6
CONTINUOUS
10
9.3900905511811033
20
-2.6847047244094489
11
9.3853307086614173
21
-2.6870866141732286
0
LINE
8
CYAN2
6
CONTINUOUS
10
9.4567559055118107
20
-2.6894685039370079
11
9.4567559055118107
21
-2.7227992125984253
0
LINE
8
CYAN2
6
CONTINUOUS
10
9.4353267716535445
20
-2.6894685039370079
11
9.4353267716535445
21
-2.7156574803149609
0
LINE
8
CYAN2
6
CONTINUOUS
10
9.4353267716535445
20
-2.7156574803149609
11
9.4377086614173233
21
-2.7204212598425199
0
LINE
8
CYAN2
6
CONTINUOUS
10
9.4377086614173233
20
-2.7204212598425199
11
9.4424724409448828
21
-2.7227992125984253
0
LINE
8
CYAN2
6
CONTINUOUS
10
9.4424724409448828
20
-2.7227992125984253
11
9.4496141732283476
21
-2.7227992125984253
0
LINE
8
CYAN2
6
CONTINUOUS
10
9.4496141732283476
20
-2.7227992125984253
11
9.4543740157480318
21
-2.7204212598425199
0
LINE
8
CYAN2
6
CONTINUOUS
10
9.4543740157480318
20
-2.7204212598425199
11
9.4567559055118107
21
-2.7180393700787402
0
LINE
8
CYAN2
6
CONTINUOUS
10
9.4972322834645677
20
-2.6966102362204727
11
9.480562992125984
21
-2.6966102362204727
0
LINE
8
CYAN2
6
CONTINUOUS
10
9.480562992125984
20
-2.7227992125984253
11
9.480562992125984
21
-2.6727992125984255
0
LINE
8
CYAN2
6
CONTINUOUS
10
9.480562992125984
20
-2.6727992125984255
11
9.5043740157480325
21
-2.6727992125984255
0
LINE
8
RED2
6
CONTINUOUS
10
9.1500000000000004
20
-2.8999999999999999
11
9.1500000000000004
21
-2.9500000000000002
0
LINE
8
RED2
6
CONTINUOUS
10
9.1500000000000004
20
-2.9500000000000002
11
9.2000000000000011
21
-2.9500000000000002
0
LINE
8
RED2
6
CONTINUOUS
10
9.2000000000000011
20
-2.9500000000000002
11
9.1500000000000004
21
-3.
0
LINE
8
RED2
6
CONTINUOUS
10
9.1500000000000004
20
-3.
11
9.0999999999999996
21
-2.9500000000000002
0
LINE
8
RED2
6
CONTINUOUS
10
9.0999999999999996
20
-2.9500000000000002
11
9.1500000000000004
21
-2.9500000000000002
0
LINE
8
CYAN2
6
CONTINUOUS
10
9.1119055118110239
20
-3.075185039370079
11
9.1071417322834645
21
-3.0728031496062993
0
LINE
8
CYAN2
6
CONTINUOUS
10
9.1071417322834645
20
-3.0728031496062993
11
9.0999999999999996
21
-3.0728031496062993
0
LINE
8
CYAN2
6
CONTINUOUS
10
9.0999999999999996
20
-3.0728031496062993
11
9.0928582677165366
21
-3.075185039370079
0
LINE
8
CYAN2
6
CONTINUOUS
10
9.0928582677165366
20
-3.075185039370079
11
9.0880944881889771
21
-3.0799488188976381
0
LINE
8
CYAN2
6
CONTINUOUS
10
9.0880944881889771
20
-3.0799488188976381
11
9.0857125984251965
21
-3.0847086614173231
0
LINE
8
CYAN2
6
CONTINUOUS
10
9.0857125984251965
20
-3.0847086614173231
11
9.0833346456692912
21
-3.0942322834645672
0
LINE
8
CYAN2
6
CONTINUOUS
10
9.0833346456692912
20
-3.0942322834645672
11
9.0833346456692912
21
-3.1013740157480316
0
LINE
8
CYAN2
6
CONTINUOUS
10
9.0833346456692912
20
-3.1013740157480316
11
9.0857125984251965
21
-3.1108976377952757
0
LINE
8
CYAN2
6
CONTINUOUS
10
9.0857125984251965
20
-3.1108976377952757
11
9.0880944881889771
21
-3.1156614173228347
0
LINE
8
CYAN2
6
CONTINUOUS
10
9.0880944881889771
20
-3.1156614173228347
11
9.0928582677165366
21
-3.1204251968503938
0
LINE
8
CYAN2
6
CONTINUOUS
10
9.0928582677165366
20
-3.1204251968503938
11
9.0999999999999996
21
-3.1228031496062991
0
LINE
8
CYAN2
6
CONTINUOUS
10
9.0999999999999996
20
-3.1228031496062991
11
9.1047598425196856
21
-3.1228031496062991
0
LINE
8
CYAN2
6
CONTINUOUS
10
9.1047598425196856
20
-3.1228031496062991
11
9.1119055118110239
21
-3.1204251968503938
0
LINE
8
CYAN2
6
CONTINUOUS
10
9.1119055118110239
20
-3.1204251968503938
11
9.1142834645669293
21
-3.1180433070866145
0
LINE
8
CYAN2
6
CONTINUOUS
10
9.1142834645669293
20
-3.1180433070866145
11
9.1142834645669293
21
-3.1013740157480316
0
LINE
8
CYAN2
6
CONTINUOUS
10
9.1142834645669293
20
-3.1013740157480316
11
9.1047598425196856
21
-3.1013740157480316
0
LINE
8
CYAN2
6
CONTINUOUS
10
9.1357125984251972
20
-3.1228031496062991
11
9.1357125984251972
21
-3.0728031496062993
0
LINE
8
CYAN2
6
CONTINUOUS
10
9.1357125984251972
20
-3.0728031496062993
11
9.16428346456693
21
-3.1228031496062991
0
LINE
8
CYAN2
6
CONTINUOUS
10
9.16428346456693
20
-3.1228031496062991
11
9.16428346456693
21
-3.0728031496062993
0
LINE
8
CYAN2
6
CONTINUOUS
10
9.1880944881889768
20
-3.1228031496062991
11
9.1880944881889768
21
-3.0728031496062993
0
LINE
8
CYAN2
6
CONTINUOUS
10
9.1880944881889768
20
-3.0728031496062993
11
9.2000000000000011
21
-3.0728031496062993
0
LINE
8
CYAN2
6
CONTINUOUS
10
9.2000000000000011
20
-3.0728031496062993
11
9.2071417322834641
21
-3.075185039370079
0
LINE
8
CYAN2
6
CONTINUOUS
10
9.2071417322834641
20
-3.075185039370079
11
9.2119055118110236
21
-3.0799488188976381
0
LINE
8
CYAN2
6
CONTINUOUS
10
9.2119055118110236
20
-3.0799488188976381
11
9.2142874015748042
21
-3.0847086614173231
0
LINE
8
CYAN2
6
CONTINUOUS
10
9.2142874015748042
20
-3.0847086614173231
11
9.2166653543307095
21
-3.0942322834645672
0
LINE
8
CYAN2
6
CONTINUOUS
10
9.2166653543307095
20
-3.0942322834645672
11
9.2166653543307095
21
-3.1013740157480316
0
LINE
8
CYAN2
6
CONTINUOUS
10
9.2166653543307095
20
-3.1013740157480316
11
9.2142874015748042
21
-3.1108976377952757
0
LINE
8
CYAN2
6
CONTINUOUS
10
9.2142874015748042
20
-3.1108976377952757
11
9.2119055118110236
21
-3.1156614173228347
0
LINE
8
CYAN2
6
CONTINUOUS
10
9.2119055118110236
20
-3.1156614173228347
11
9.2071417322834641
21
-3.1204251968503938
0
LINE
8
CYAN2
6
CONTINUOUS
10
9.2071417322834641
20
-3.1204251968503938
11
9.2000000000000011
21
-3.1228031496062991
0
LINE
8
CYAN2
6
CONTINUOUS
10
9.2000000000000011
20
-3.1228031496062991
11
9.1880944881889768
21
-3.1228031496062991
0
LINE
8
RED2
6
CONTINUOUS
10
9.5
20
-4.1000000000000005
11
9.5
21
-4.1500000000000004
0
LINE
8
RED2
6
CONTINUOUS
10
9.5
20
-4.1500000000000004
11
9.5500000000000007
21
-4.1500000000000004
0
LINE
8
RED2
6
CONTINUOUS
10
9.5500000000000007
20
-4.1500000000000004
11
9.5
21
-4.2000000000000002
0
LINE
8
RED2
6
CONTINUOUS
10
9.5
20
-4.2000000000000002
11
9.4500000000000011
21
-4.1500000000000004
0
LINE
8
RED2
6
CONTINUOUS
10
9.4500000000000011
20
-4.1500000000000004
11
9.5
21
-4.1500000000000004
0
LINE
8
CYAN2
6
CONTINUOUS
10
9.4619055118110236
20
-4.2751850393700792
11
9.4571417322834641
21
-4.2728031496062995
0
LINE
8
CYAN2
6
CONTINUOUS
10
9.4571417322834641
20
-4.2728031496062995
11
9.4500000000000011
21
-4.2728031496062995
0
LINE
8
CYAN2
6
CONTINUOUS
10
9.4500000000000011
20
-4.2728031496062995
11
9.4428582677165362
21
-4.2751850393700792
0
LINE
8
CYAN2
6
CONTINUOUS
10
9.4428582677165362
20
-4.2751850393700792
11
9.4380944881889768
21
-4.2799488188976378
0
LINE
8
CYAN2
6
CONTINUOUS
10
9.4380944881889768
20
-4.2799488188976378
11
9.4357125984251979
21
-4.2847086614173229
0
LINE
8
CYAN2
6
CONTINUOUS
10
9.4357125984251979
20
-4.2847086614173229
11
9.4333346456692908
21
-4.2942322834645674
0
LINE
8
CYAN2
6
CONTINUOUS
10
9.4333346456692908
20
-4.2942322834645674
11
9.4333346456692908
21
-4.3013740157480314
0
LINE
8
CYAN2
6
CONTINUOUS
10
9.4333346456692908
20
-4.3013740157480314
11
9.4357125984251979
21
-4.3108976377952759
0
LINE
8
CYAN2
6
CONTINUOUS
10
9.4357125984251979
20
-4.3108976377952759
11
9.4380944881889768
21
-4.3156614173228345
0
LINE
8
CYAN2
6
CONTINUOUS
10
9.4380944881889768
20
-4.3156614173228345
11
9.4428582677165362
21
-4.3204251968503939
0
LINE
8
CYAN2
6
CONTINUOUS
10
9.4428582677165362
20
-4.3204251968503939
11
9.4500000000000011
21
-4.3228031496062993
0
LINE
8
CYAN2
6
CONTINUOUS
10
9.4500000000000011
20
-4.3228031496062993
11
9.4547598425196853
21
-4.3228031496062993
0
LINE
8
CYAN2
6
CONTINUOUS
10
9.4547598425196853
20
-4.3228031496062993
11
9.4619055118110236
21
-4.3204251968503939
0
LINE
8
CYAN2
6
CONTINUOUS
10
9.4619055118110236
20
-4.3204251968503939
11
9.4642834645669289
21
-4.3180433070866142
0
LINE
8
CYAN2
6
CONTINUOUS
10
9.4642834645669289
20
-4.3180433070866142
11
9.4642834645669289
21
-4.3013740157480314
0
LINE
8
CYAN2
6
CONTINUOUS
10
9.4642834645669289
20
-4.3013740157480314
11
9.4547598425196853
21
-4.3013740157480314
0
LINE
8
CYAN2
6
CONTINUOUS
10
9.4857125984251969
20
-4.3228031496062993
11
9.4857125984251969
21
-4.2728031496062995
0
LINE
8
CYAN2
6
CONTINUOUS
10
9.4857125984251969
20
-4.2728031496062995
11
9.5142834645669296
21
-4.3228031496062993
0
LINE
8
CYAN2
6
CONTINUOUS
10
9.5142834645669296
20
-4.3228031496062993
11
9.5142834645669296
21
-4.2728031496062995
0
LINE
8
CYAN2
6
CONTINUOUS
10
9.5380944881889764
20
-4.3228031496062993
11
9.5380944881889764
21
-4.2728031496062995
0
LINE
8
CYAN2
6
CONTINUOUS
10
9.5380944881889764
20
-4.2728031496062995
11
9.5500000000000007
21
-4.2728031496062995
0
LINE
8
CYAN2
6
CONTINUOUS
10
9.5500000000000007
20
-4.2728031496062995
11
9.5571417322834655
21
-4.2751850393700792
0
LINE
8
CYAN2
6
CONTINUOUS
10
9.5571417322834655
20
-4.2751850393700792
11
9.5619055118110232
21
-4.2799488188976378
0
LINE
8
CYAN2
6
CONTINUOUS
10
9.5619055118110232
20
-4.2799488188976378
11
9.5642874015748038
21
-4.2847086614173229
0
LINE
8
CYAN2
6
CONTINUOUS
10
9.5642874015748038
20
-4.2847086614173229
11
9.5666653543307092
21
-4.2942322834645674
0
LINE
8
CYAN2
6
CONTINUOUS
10
9.5666653543307092
20
-4.2942322834645674
11
9.5666653543307092
21
-4.3013740157480314
0
LINE
8
CYAN2
6
CONTINUOUS
10
9.5666653543307092
20
-4.3013740157480314
11
9.5642874015748038
21
-4.3108976377952759
0
LINE
8
CYAN2
6
CONTINUOUS
10
9.5642874015748038
20
-4.3108976377952759
11
9.5619055118110232
21
-4.3156614173228345
0
LINE
8
CYAN2
6
CONTINUOUS
10
9.5619055118110232
20
-4.3156614173228345
11
9.5571417322834655
21
-4.3204251968503939
0
LINE
8
CYAN2
6
CONTINUOUS
10
9.5571417322834655
20
-4.3204251968503939
11
9.5500000000000007
21
-4.3228031496062993
0
LINE
8
CYAN2
6
CONTINUOUS
10
9.5500000000000007
20
-4.3228031496062993
11
9.5380944881889764
21
-4.3228031496062993
0
LINE
8
RED2
6
CONTINUOUS
10
3.1300000000000003
20
-6.7200000000000006
11
3.1899999999999999
21
-6.7800000000000002
0
LINE
8
RED2
6
CONTINUOUS
10
3.1899999999999999
20
-6.7800000000000002
11
3.1899999999999999
21
-6.75
0
LINE
8
RED2
6
CONTINUOUS
10
3.1899999999999999
20
-6.75
11
3.1899999999999999
21
-6.7800000000000002
0
LINE
8
RED2
6
CONTINUOUS
10
3.1899999999999999
20
-6.7800000000000002
11
3.1600000000000001
21
-6.7800000000000002
0
LINE
8
RED2
6
CONTINUOUS
10
3.1300000000000003
20
-6.6699999999999999
11
3.1899999999999999
21
-6.7300000000000004
0
LINE
8
RED2
6
CONTINUOUS
10
3.1899999999999999
20
-6.7300000000000004
11
3.1899999999999999
21
-6.7000000000000002
0
LINE
8
RED2
6
CONTINUOUS
10
3.1899999999999999
20
-6.7000000000000002
11
3.1899999999999999
21
-6.7300000000000004
0
LINE
8
RED2
6
CONTINUOUS
10
3.1899999999999999
20
-6.7300000000000004
11
3.1600000000000001
21
-6.7300000000000004
0
LINE
8
RED2
6
CONTINUOUS
10
3.1000000000000001
20
-6.6500000000000004
11
3.1000000000000001
21
-6.5499999999999998
0
LINE
8
RED2
6
CONTINUOUS
10
3.1499999999999999
20
-6.6500000000000004
11
3.0500000000000003
21
-6.6500000000000004
0
LINE
8
RED2
6
CONTINUOUS
10
3.1499999999999999
20
-6.5499999999999998
11
3.0500000000000003
21
-6.5499999999999998
0
LINE
8
RED2
6
CONTINUOUS
10
3.0500000000000003
20
-6.5499999999999998
11
3.1000000000000001
21
-6.6500000000000004
0
LINE
8
RED2
6
CONTINUOUS
10
3.1000000000000001
20
-6.6500000000000004
11
3.1499999999999999
21
-6.5499999999999998
0
LINE
8
RED2
6
CONTINUOUS
10
3.1000000000000001
20
-6.6500000000000004
11
3.1000000000000001
21
-6.75
0
LINE
8
RED2
6
CONTINUOUS
10
3.1000000000000001
20
-6.5499999999999998
11
3.1000000000000001
21
-6.4500000000000002
0
LINE
8
CYAN2
6
CONTINUOUS
10
3.2062795275590554
20
-6.5627992125984251
11
3.2062795275590554
21
-6.5127992125984253
0
LINE
8
CYAN2
6
CONTINUOUS
10
3.2062795275590554
20
-6.5127992125984253
11
3.2181850393700788
21
-6.5127992125984253
0
LINE
8
CYAN2
6
CONTINUOUS
10
3.2181850393700788
20
-6.5127992125984253
11
3.2253267716535436
21
-6.515181102362205
0
LINE
8
CYAN2
6
CONTINUOUS
10
3.2253267716535436
20
-6.515181102362205
11
3.2300905511811027
21
-6.5199448818897636
0
LINE
8
CYAN2
6
CONTINUOUS
10
3.2300905511811027
20
-6.5199448818897636
11
3.232472440944882
21
-6.5247047244094487
0
LINE
8
CYAN2
6
CONTINUOUS
10
3.232472440944882
20
-6.5247047244094487
11
3.2348503937007873
21
-6.5342283464566933
0
LINE
8
CYAN2
6
CONTINUOUS
10
3.2348503937007873
20
-6.5342283464566933
11
3.2348503937007873
21
-6.5413700787401581
0
LINE
8
CYAN2
6
CONTINUOUS
10
3.2348503937007873
20
-6.5413700787401581
11
3.232472440944882
21
-6.5508937007874017
0
LINE
8
CYAN2
6
CONTINUOUS
10
3.232472440944882
20
-6.5508937007874017
11
3.2300905511811027
21
-6.5556574803149612
0
LINE
8
CYAN2
6
CONTINUOUS
10
3.2300905511811027
20
-6.5556574803149612
11
3.2253267716535436
21
-6.5604212598425198
0
LINE
8
CYAN2
6
CONTINUOUS
10
3.2253267716535436
20
-6.5604212598425198
11
3.2181850393700788
21
-6.5627992125984251
0
LINE
8
CYAN2
6
CONTINUOUS
10
3.2181850393700788
20
-6.5627992125984251
11
3.2062795275590554
21
-6.5627992125984251
0
LINE
8
CYAN2
6
CONTINUOUS
10
3.2539015748031499
20
-6.5175629921259848
11
3.2562795275590553
21
-6.515181102362205
0
LINE
8
CYAN2
6
CONTINUOUS
10
3.2562795275590553
20
-6.515181102362205
11
3.2610433070866143
21
-6.5127992125984253
0
LINE
8
CYAN2
6
CONTINUOUS
10
3.2610433070866143
20
-6.5127992125984253
11
3.2729488188976381
21
-6.5127992125984253
0
LINE
8
CYAN2
6
CONTINUOUS
10
3.2729488188976381
20
-6.5127992125984253
11
3.2777086614173228
21
-6.515181102362205
0
LINE
8
CYAN2
6
CONTINUOUS
10
3.2777086614173228
20
-6.515181102362205
11
3.2800905511811025
21
-6.5175629921259848
0
LINE
8
CYAN2
6
CONTINUOUS
10
3.2800905511811025
20
-6.5175629921259848
11
3.2824724409448822
21
-6.5223228346456699
0
LINE
8
CYAN2
6
CONTINUOUS
10
3.2824724409448822
20
-6.5223228346456699
11
3.2824724409448822
21
-6.5270866141732284
0
LINE
8
CYAN2
6
CONTINUOUS
10
3.2824724409448822
20
-6.5270866141732284
11
3.2800905511811025
21
-6.5342283464566933
0
LINE
8
CYAN2
6
CONTINUOUS
10
3.2800905511811025
20
-6.5342283464566933
11
3.2515196850393702
21
-6.5627992125984251
0
LINE
8
CYAN2
6
CONTINUOUS
10
3.2515196850393702
20
-6.5627992125984251
11
3.2824724409448822
21
-6.5627992125984251
0
LINE
8
CYAN2
6
CONTINUOUS
10
3.30151968503937
20
-6.5175629921259848
11
3.3038976377952758
21
-6.515181102362205
0
LINE
8
CYAN2
6
CONTINUOUS
10
3.3038976377952758
20
-6.515181102362205
11
3.3086614173228348
21
-6.5127992125984253
0
LINE
8
CYAN2
6
CONTINUOUS
10
3.3086614173228348
20
-6.5127992125984253
11
3.3205669291338582
21
-6.5127992125984253
0
LINE
8
CYAN2
6
CONTINUOUS
10
3.3205669291338582
20
-6.5127992125984253
11
3.3253267716535433
21
-6.515181102362205
0
LINE
8
CYAN2
6
CONTINUOUS
10
3.3253267716535433
20
-6.515181102362205
11
3.327708661417323
21
-6.5175629921259848
0
LINE
8
CYAN2
6
CONTINUOUS
10
3.327708661417323
20
-6.5175629921259848
11
3.3300905511811023
21
-6.5223228346456699
0
LINE
8
CYAN2
6
CONTINUOUS
10
3.3300905511811023
20
-6.5223228346456699
11
3.3300905511811023
21
-6.5270866141732284
0
LINE
8
CYAN2
6
CONTINUOUS
10
3.3300905511811023
20
-6.5270866141732284
11
3.327708661417323
21
-6.5342283464566933
0
LINE
8
CYAN2
6
CONTINUOUS
10
3.327708661417323
20
-6.5342283464566933
11
3.2991377952755907
21
-6.5627992125984251
0
LINE
8
CYAN2
6
CONTINUOUS
10
3.2991377952755907
20
-6.5627992125984251
11
3.3300905511811023
21
-6.5627992125984251
0
LINE
8
CYAN2
6
CONTINUOUS
10
3.2148503937007877
20
-6.6727992125984255
11
3.1981850393700788
21
-6.6489921259842522
0
LINE
8
CYAN2
6
CONTINUOUS
10
3.1862795275590554
20
-6.6727992125984255
11
3.1862795275590554
21
-6.6227992125984256
0
LINE
8
CYAN2
6
CONTINUOUS
10
3.1862795275590554
20
-6.6227992125984256
11
3.2053267716535436
21
-6.6227992125984256
0
LINE
8
CYAN2
6
CONTINUOUS
10
3.2053267716535436
20
-6.6227992125984256
11
3.2100905511811026
21
-6.6251811023622054
0
LINE
8
CYAN2
6
CONTINUOUS
10
3.2100905511811026
20
-6.6251811023622054
11
3.2124724409448819
21
-6.6275629921259842
0
LINE
8
CYAN2
6
CONTINUOUS
10
3.2124724409448819
20
-6.6275629921259842
11
3.2148503937007877
21
-6.6323228346456693
0
LINE
8
CYAN2
6
CONTINUOUS
10
3.2148503937007877
20
-6.6323228346456693
11
3.2148503937007877
21
-6.6394685039370085
0
LINE
8
CYAN2
6
CONTINUOUS
10
3.2148503937007877
20
-6.6394685039370085
11
3.2124724409448819
21
-6.6442283464566936
0
LINE
8
CYAN2
6
CONTINUOUS
10
3.2124724409448819
20
-6.6442283464566936
11
3.2100905511811026
21
-6.6466102362204724
0
LINE
8
CYAN2
6
CONTINUOUS
10
3.2100905511811026
20
-6.6466102362204724
11
3.2053267716535436
21
-6.6489921259842522
0
LINE
8
CYAN2
6
CONTINUOUS
10
3.2053267716535436
20
-6.6489921259842522
11
3.1862795275590554
21
-6.6489921259842522
0
LINE
8
CYAN2
6
CONTINUOUS
10
3.2362795275590552
20
-6.6466102362204724
11
3.2529488188976381
21
-6.6466102362204724
0
LINE
8
CYAN2
6
CONTINUOUS
10
3.2600905511811025
20
-6.6727992125984255
11
3.2362795275590552
21
-6.6727992125984255
0
LINE
8
CYAN2
6
CONTINUOUS
10
3.2362795275590552
20
-6.6727992125984255
11
3.2362795275590552
21
-6.6227992125984256
0
LINE
8
CYAN2
6
CONTINUOUS
10
3.2362795275590552
20
-6.6227992125984256
11
3.2600905511811025
21
-6.6227992125984256
0
LINE
8
CYAN2
6
CONTINUOUS
10
3.281515748031496
20
-6.6727992125984255
11
3.281515748031496
21
-6.6227992125984256
0
LINE
8
CYAN2
6
CONTINUOUS
10
3.281515748031496
20
-6.6227992125984256
11
3.2934212598425199
21
-6.6227992125984256
0
LINE
8
CYAN2
6
CONTINUOUS
10
3.2934212598425199
20
-6.6227992125984256
11
3.3005629921259843
21
-6.6251811023622054
0
LINE
8
CYAN2
6
CONTINUOUS
10
3.3005629921259843
20
-6.6251811023622054
11
3.3053267716535433
21
-6.6299448818897639
0
LINE
8
CYAN2
6
CONTINUOUS
10
3.3053267716535433
20
-6.6299448818897639
11
3.307708661417323
21
-6.634704724409449
0
LINE
8
CYAN2
6
CONTINUOUS
10
3.307708661417323
20
-6.634704724409449
11
3.3100866141732284
21
-6.6442283464566936
0
LINE
8
CYAN2
6
CONTINUOUS
10
3.3100866141732284
20
-6.6442283464566936
11
3.3100866141732284
21
-6.6513700787401575
0
LINE
8
CYAN2
6
CONTINUOUS
10
3.3100866141732284
20
-6.6513700787401575
11
3.307708661417323
21
-6.6608937007874021
0
LINE
8
CYAN2
6
CONTINUOUS
10
3.307708661417323
20
-6.6608937007874021
11
3.3053267716535433
21
-6.6656574803149606
0
LINE
8
CYAN2
6
CONTINUOUS
10
3.3053267716535433
20
-6.6656574803149606
11
3.3005629921259843
21
-6.6704212598425201
0
LINE
8
CYAN2
6
CONTINUOUS
10
3.3005629921259843
20
-6.6704212598425201
11
3.2934212598425199
21
-6.6727992125984255
0
LINE
8
CYAN2
6
CONTINUOUS
10
3.2934212598425199
20
-6.6727992125984255
11
3.281515748031496
21
-6.6727992125984255
0
LINE
8
RED2
6
CONTINUOUS
10
3.3000000000000003
20
-7.3500000000000005
11
3.3000000000000003
21
-7.4000000000000004
0
LINE
8
RED2
6
CONTINUOUS
10
3.3000000000000003
20
-7.4000000000000004
11
3.3500000000000001
21
-7.4000000000000004
0
LINE
8
RED2
6
CONTINUOUS
10
3.3500000000000001
20
-7.4000000000000004
11
3.3000000000000003
21
-7.4500000000000002
0
LINE
8
RED2
6
CONTINUOUS
10
3.3000000000000003
20
-7.4500000000000002
11
3.25
21
-7.4000000000000004
0
LINE
8
RED2
6
CONTINUOUS
10
3.25
20
-7.4000000000000004
11
3.3000000000000003
21
-7.4000000000000004
0
LINE
8
CYAN2
6
CONTINUOUS
10
3.2619055118110238
20
-7.5251850393700792
11
3.2571417322834648
21
-7.5228031496062995
0
LINE
8
CYAN2
6
CONTINUOUS
10
3.2571417322834648
20
-7.5228031496062995
11
3.25
21
-7.5228031496062995
0
LINE
8
CYAN2
6
CONTINUOUS
10
3.25
20
-7.5228031496062995
11
3.2428582677165356
21
-7.5251850393700792
0
LINE
8
CYAN2
6
CONTINUOUS
10
3.2428582677165356
20
-7.5251850393700792
11
3.2380944881889766
21
-7.5299488188976378
0
LINE
8
CYAN2
6
CONTINUOUS
10
3.2380944881889766
20
-7.5299488188976378
11
3.2357125984251969
21
-7.5347086614173229
0
LINE
8
CYAN2
6
CONTINUOUS
10
3.2357125984251969
20
-7.5347086614173229
11
3.2333346456692915
21
-7.5442322834645674
0
LINE
8
CYAN2
6
CONTINUOUS
10
3.2333346456692915
20
-7.5442322834645674
11
3.2333346456692915
21
-7.5513740157480314
0
LINE
8
CYAN2
6
CONTINUOUS
10
3.2333346456692915
20
-7.5513740157480314
11
3.2357125984251969
21
-7.5608976377952759
0
LINE
8
CYAN2
6
CONTINUOUS
10
3.2357125984251969
20
-7.5608976377952759
11
3.2380944881889766
21
-7.5656614173228354
0
LINE
8
CYAN2
6
CONTINUOUS
10
3.2380944881889766
20
-7.5656614173228354
11
3.2428582677165356
21
-7.5704251968503939
0
LINE
8
CYAN2
6
CONTINUOUS
10
3.2428582677165356
20
-7.5704251968503939
11
3.25
21
-7.5728031496062993
0
LINE
8
CYAN2
6
CONTINUOUS
10
3.25
20
-7.5728031496062993
11
3.2547598425196851
21
-7.5728031496062993
0
LINE
8
CYAN2
6
CONTINUOUS
10
3.2547598425196851
20
-7.5728031496062993
11
3.2619055118110238
21
-7.5704251968503939
0
LINE
8
CYAN2
6
CONTINUOUS
10
3.2619055118110238
20
-7.5704251968503939
11
3.2642834645669292
21
-7.5680433070866142
0
LINE
8
CYAN2
6
CONTINUOUS
10
3.2642834645669292
20
-7.5680433070866142
11
3.2642834645669292
21
-7.5513740157480314
0
LINE
8
CYAN2
6
CONTINUOUS
10
3.2642834645669292
20
-7.5513740157480314
11
3.2547598425196851
21
-7.5513740157480314
0
LINE
8
CYAN2
6
CONTINUOUS
10
3.2857125984251971
20
-7.5728031496062993
11
3.2857125984251971
21
-7.5228031496062995
0
LINE
8
CYAN2
6
CONTINUOUS
10
3.2857125984251971
20
-7.5228031496062995
11
3.3142834645669295
21
-7.5728031496062993
0
LINE
8
CYAN2
6
CONTINUOUS
10
3.3142834645669295
20
-7.5728031496062993
11
3.3142834645669295
21
-7.5228031496062995
0
LINE
8
CYAN2
6
CONTINUOUS
10
3.3380944881889767
20
-7.5728031496062993
11
3.3380944881889767
21
-7.5228031496062995
0
LINE
8
CYAN2
6
CONTINUOUS
10
3.3380944881889767
20
-7.5228031496062995
11
3.3500000000000001
21
-7.5228031496062995
0
LINE
8
CYAN2
6
CONTINUOUS
10
3.3500000000000001
20
-7.5228031496062995
11
3.3571417322834649
21
-7.5251850393700792
0
LINE
8
CYAN2
6
CONTINUOUS
10
3.3571417322834649
20
-7.5251850393700792
11
3.3619055118110239
21
-7.5299488188976378
0
LINE
8
CYAN2
6
CONTINUOUS
10
3.3619055118110239
20
-7.5299488188976378
11
3.3642874015748032
21
-7.5347086614173229
0
LINE
8
CYAN2
6
CONTINUOUS
10
3.3642874015748032
20
-7.5347086614173229
11
3.3666653543307086
21
-7.5442322834645674
0
LINE
8
CYAN2
6
CONTINUOUS
10
3.3666653543307086
20
-7.5442322834645674
11
3.3666653543307086
21
-7.5513740157480314
0
LINE
8
CYAN2
6
CONTINUOUS
10
3.3666653543307086
20
-7.5513740157480314
11
3.3642874015748032
21
-7.5608976377952759
0
LINE
8
CYAN2
6
CONTINUOUS
10
3.3642874015748032
20
-7.5608976377952759
11
3.3619055118110239
21
-7.5656614173228354
0
LINE
8
CYAN2
6
CONTINUOUS
10
3.3619055118110239
20
-7.5656614173228354
11
3.3571417322834649
21
-7.5704251968503939
0
LINE
8
CYAN2
6
CONTINUOUS
10
3.3571417322834649
20
-7.5704251968503939
11
3.3500000000000001
21
-7.5728031496062993
0
LINE
8
CYAN2
6
CONTINUOUS
10
3.3500000000000001
20
-7.5728031496062993
11
3.3380944881889767
21
-7.5728031496062993
0
LINE
8
RED2
6
CONTINUOUS
10
0.9500000000000001
20
-1.78
11
0.9
21
-1.75
0
LINE
8
RED2
6
CONTINUOUS
10
0.9
20
-1.75
11
0.9500000000000001
21
-1.72
0
LINE
8
RED2
6
CONTINUOUS
10
1.
20
-1.75
11
0.9
21
-1.75
0
LINE
8
CYAN2
6
CONTINUOUS
10
0.7075236220472442
20
-1.7227952755905513
11
0.7241889763779528
21
-1.7727952755905512
0
LINE
8
CYAN2
6
CONTINUOUS
10
0.7241889763779528
20
-1.7727952755905512
11
0.7408582677165355
21
-1.7227952755905513
0
LINE
8
CYAN2
6
CONTINUOUS
10
0.7860944881889764
20
-1.7680354330708663
11
0.7837165354330708
21
-1.7704173228346458
0
LINE
8
CYAN2
6
CONTINUOUS
10
0.7837165354330708
20
-1.7704173228346458
11
0.7765708661417323
21
-1.7727952755905512
0
LINE
8
CYAN2
6
CONTINUOUS
10
0.7765708661417323
20
-1.7727952755905512
11
0.7718110236220472
21
-1.7727952755905512
0
LINE
8
CYAN2
6
CONTINUOUS
10
0.7718110236220472
20
-1.7727952755905512
11
0.7646692913385827
21
-1.7704173228346458
0
LINE
8
CYAN2
6
CONTINUOUS
10
0.7646692913385827
20
-1.7704173228346458
11
0.7599055118110236
21
-1.7656535433070866
0
LINE
8
CYAN2
6
CONTINUOUS
10
0.7599055118110236
20
-1.7656535433070866
11
0.7575236220472441
21
-1.7608897637795276
0
LINE
8
CYAN2
6
CONTINUOUS
10
0.7575236220472441
20
-1.7608897637795276
11
0.7551456692913386
21
-1.7513661417322834
0
LINE
8
CYAN2
6
CONTINUOUS
10
0.7551456692913386
20
-1.7513661417322834
11
0.7551456692913386
21
-1.7442244094488191
0
LINE
8
CYAN2
6
CONTINUOUS
10
0.7551456692913386
20
-1.7442244094488191
11
0.7575236220472441
21
-1.734700787401575
0
LINE
8
CYAN2
6
CONTINUOUS
10
0.7575236220472441
20
-1.734700787401575
11
0.7599055118110236
21
-1.7299409448818899
0
LINE
8
CYAN2
6
CONTINUOUS
10
0.7599055118110236
20
-1.7299409448818899
11
0.7646692913385827
21
-1.7251771653543309
0
LINE
8
CYAN2
6
CONTINUOUS
10
0.7646692913385827
20
-1.7251771653543309
11
0.7718110236220472
21
-1.7227952755905513
0
LINE
8
CYAN2
6
CONTINUOUS
10
0.7718110236220472
20
-1.7227952755905513
11
0.7765708661417323
21
-1.7227952755905513
0
LINE
8
CYAN2
6
CONTINUOUS
10
0.7765708661417323
20
-1.7227952755905513
11
0.7837165354330708
21
-1.7251771653543309
0
LINE
8
CYAN2
6
CONTINUOUS
10
0.7837165354330708
20
-1.7251771653543309
11
0.7860944881889764
21
-1.7275590551181104
0
LINE
8
CYAN2
6
CONTINUOUS
10
0.8360944881889764
20
-1.7680354330708663
11
0.8337165354330709
21
-1.7704173228346458
0
LINE
8
CYAN2
6
CONTINUOUS
10
0.8337165354330709
20
-1.7704173228346458
11
0.8265708661417324
21
-1.7727952755905512
0
LINE
8
CYAN2
6
CONTINUOUS
10
0.8265708661417324
20
-1.7727952755905512
11
0.8218110236220473
21
-1.7727952755905512
0
LINE
8
CYAN2
6
CONTINUOUS
10
0.8218110236220473
20
-1.7727952755905512
11
0.8146692913385827
21
-1.7704173228346458
0
LINE
8
CYAN2
6
CONTINUOUS
10
0.8146692913385827
20
-1.7704173228346458
11
0.8099055118110237
21
-1.7656535433070866
0
LINE
8
CYAN2
6
CONTINUOUS
10
0.8099055118110237
20
-1.7656535433070866
11
0.8075236220472441
21
-1.7608897637795276
0
LINE
8
CYAN2
6
CONTINUOUS
10
0.8075236220472441
20
-1.7608897637795276
11
0.8051456692913386
21
-1.7513661417322834
0
LINE
8
CYAN2
6
CONTINUOUS
10
0.8051456692913386
20
-1.7513661417322834
11
0.8051456692913386
21
-1.7442244094488191
0
LINE
8
CYAN2
6
CONTINUOUS
10
0.8051456692913386
20
-1.7442244094488191
11
0.8075236220472441
21
-1.734700787401575
0
LINE
8
CYAN2
6
CONTINUOUS
10
0.8075236220472441
20
-1.734700787401575
11
0.8099055118110237
21
-1.7299409448818899
0
LINE
8
CYAN2
6
CONTINUOUS
10
0.8099055118110237
20
-1.7299409448818899
11
0.8146692913385827
21
-1.7251771653543309
0
LINE
8
CYAN2
6
CONTINUOUS
10
0.8146692913385827
20
-1.7251771653543309
11
0.8218110236220473
21
-1.7227952755905513
0
LINE
8
CYAN2
6
CONTINUOUS
10
0.8218110236220473
20
-1.7227952755905513
11
0.8265708661417324
21
-1.7227952755905513
0
LINE
8
CYAN2
6
CONTINUOUS
10
0.8265708661417324
20
-1.7227952755905513
11
0.8337165354330709
21
-1.7251771653543309
0
LINE
8
CYAN2
6
CONTINUOUS
10
0.8337165354330709
20
-1.7251771653543309
11
0.8360944881889764
21
-1.7275590551181104
0
LINE
8
RED2
6
CONTINUOUS
10
3.0600000000000001
20
-7.1500000000000004
11
3.0600000000000001
21
-6.9500000000000002
0
LINE
8
RED2
6
CONTINUOUS
10
3.0600000000000001
20
-6.9500000000000002
11
3.1400000000000001
21
-6.9500000000000002
0
LINE
8
RED2
6
CONTINUOUS
10
3.1400000000000001
20
-6.9500000000000002
11
3.1400000000000001
21
-7.1500000000000004
0
LINE
8
RED2
6
CONTINUOUS
10
3.1400000000000001
20
-7.1500000000000004
11
3.0600000000000001
21
-7.1500000000000004
0
LINE
8
RED2
6
CONTINUOUS
10
3.1000000000000001
20
-6.9500000000000002
11
3.1000000000000001
21
-6.9000000000000004
0
LINE
8
RED2
6
CONTINUOUS
10
3.1000000000000001
20
-7.1500000000000004
11
3.1000000000000001
21
-7.2000000000000002
0
LINE
8
CYAN2
6
CONTINUOUS
10
3.2448503937007875
20
-7.0227992125984251
11
3.2281850393700791
21
-6.9989921259842518
0
LINE
8
CYAN2
6
CONTINUOUS
10
3.2162795275590552
20
-7.0227992125984251
11
3.2162795275590552
21
-6.9727992125984253
0
LINE
8
CYAN2
6
CONTINUOUS
10
3.2162795275590552
20
-6.9727992125984253
11
3.2353267716535434
21
-6.9727992125984253
0
LINE
8
CYAN2
6
CONTINUOUS
10
3.2353267716535434
20
-6.9727992125984253
11
3.2400905511811025
21
-6.975181102362205
0
LINE
8
CYAN2
6
CONTINUOUS
10
3.2400905511811025
20
-6.975181102362205
11
3.2424724409448822
21
-6.9775629921259847
0
LINE
8
CYAN2
6
CONTINUOUS
10
3.2424724409448822
20
-6.9775629921259847
11
3.2448503937007875
21
-6.9823228346456698
0
LINE
8
CYAN2
6
CONTINUOUS
10
3.2448503937007875
20
-6.9823228346456698
11
3.2448503937007875
21
-6.9894685039370081
0
LINE
8
CYAN2
6
CONTINUOUS
10
3.2448503937007875
20
-6.9894685039370081
11
3.2424724409448822
21
-6.9942283464566932
0
LINE
8
CYAN2
6
CONTINUOUS
10
3.2424724409448822
20
-6.9942283464566932
11
3.2400905511811025
21
-6.996610236220473
0
LINE
8
CYAN2
6
CONTINUOUS
10
3.2400905511811025
20
-6.996610236220473
11
3.2353267716535434
21
-6.9989921259842518
0
LINE
8
CYAN2
6
CONTINUOUS
10
3.2353267716535434
20
-6.9989921259842518
11
3.2162795275590552
21
-6.9989921259842518
0
LINE
8
CYAN2
6
CONTINUOUS
10
3.2615196850393704
20
-6.9727992125984253
11
3.292472440944882
21
-6.9727992125984253
0
LINE
8
CYAN2
6
CONTINUOUS
10
3.292472440944882
20
-6.9727992125984253
11
3.2758031496062991
21
-6.9918464566929135
0
LINE
8
CYAN2
6
CONTINUOUS
10
3.2758031496062991
20
-6.9918464566929135
11
3.2829488188976379
21
-6.9918464566929135
0
LINE
8
CYAN2
6
CONTINUOUS
10
3.2829488188976379
20
-6.9918464566929135
11
3.287708661417323
21
-6.9942283464566932
0
LINE
8
CYAN2
6
CONTINUOUS
10
3.287708661417323
20
-6.9942283464566932
11
3.2900905511811023
21
-6.996610236220473
0
LINE
8
CYAN2
6
CONTINUOUS
10
3.2900905511811023
20
-6.996610236220473
11
3.292472440944882
21
-7.001370078740158
0
LINE
8
CYAN2
6
CONTINUOUS
10
3.292472440944882
20
-7.001370078740158
11
3.292472440944882
21
-7.0132755905511814
0
LINE
8
CYAN2
6
CONTINUOUS
10
3.292472440944882
20
-7.0132755905511814
11
3.2900905511811023
21
-7.01803937007874
0
LINE
8
CYAN2
6
CONTINUOUS
10
3.2900905511811023
20
-7.01803937007874
11
3.287708661417323
21
-7.0204212598425197
0
LINE
8
CYAN2
6
CONTINUOUS
10
3.287708661417323
20
-7.0204212598425197
11
3.2829488188976379
21
-7.0227992125984251
0
LINE
8
CYAN2
6
CONTINUOUS
10
3.2829488188976379
20
-7.0227992125984251
11
3.2686614173228348
21
-7.0227992125984251
0
LINE
8
CYAN2
6
CONTINUOUS
10
3.2686614173228348
20
-7.0227992125984251
11
3.2639015748031497
21
-7.0204212598425197
0
LINE
8
CYAN2
6
CONTINUOUS
10
3.2639015748031497
20
-7.0204212598425197
11
3.2615196850393704
21
-7.01803937007874
0
LINE
8
CYAN2
6
CONTINUOUS
10
3.3234212598425197
20
-6.9727992125984253
11
3.3281850393700787
21
-6.9727992125984253
0
LINE
8
CYAN2
6
CONTINUOUS
10
3.3281850393700787
20
-6.9727992125984253
11
3.3329448818897638
21
-6.975181102362205
0
LINE
8
CYAN2
6
CONTINUOUS
10
3.3329448818897638
20
-6.975181102362205
11
3.3353267716535435
21
-6.9775629921259847
0
LINE
8
CYAN2
6
CONTINUOUS
10
3.3353267716535435
20
-6.9775629921259847
11
3.3377086614173228
21
-6.9823228346456698
0
LINE
8
CYAN2
6
CONTINUOUS
10
3.3377086614173228
20
-6.9823228346456698
11
3.3400905511811025
21
-6.9918464566929135
0
LINE
8
CYAN2
6
CONTINUOUS
10
3.3400905511811025
20
-6.9918464566929135
11
3.3400905511811025
21
-7.0037519685039369
0
LINE
8
CYAN2
6
CONTINUOUS
10
3.3400905511811025
20
-7.0037519685039369
11
3.3377086614173228
21
-7.0132755905511814
0
LINE
8
CYAN2
6
CONTINUOUS
10
3.3377086614173228
20
-7.0132755905511814
11
3.3353267716535435
21
-7.01803937007874
0
LINE
8
CYAN2
6
CONTINUOUS
10
3.3353267716535435
20
-7.01803937007874
11
3.3329448818897638
21
-7.0204212598425197
0
LINE
8
CYAN2
6
CONTINUOUS
10
3.3329448818897638
20
-7.0204212598425197
11
3.3281850393700787
21
-7.0227992125984251
0
LINE
8
CYAN2
6
CONTINUOUS
10
3.3281850393700787
20
-7.0227992125984251
11
3.3234212598425197
21
-7.0227992125984251
0
LINE
8
CYAN2
6
CONTINUOUS
10
3.3234212598425197
20
-7.0227992125984251
11
3.3186614173228346
21
-7.0204212598425197
0
LINE
8
CYAN2
6
CONTINUOUS
10
3.3186614173228346
20
-7.0204212598425197
11
3.3162795275590553
21
-7.01803937007874
0
LINE
8
CYAN2
6
CONTINUOUS
10
3.3162795275590553
20
-7.01803937007874
11
3.3138976377952756
21
-7.0132755905511814
0
LINE
8
CYAN2
6
CONTINUOUS
10
3.3138976377952756
20
-7.0132755905511814
11
3.3115196850393702
21
-7.0037519685039369
0
LINE
8
CYAN2
6
CONTINUOUS
10
3.3115196850393702
20
-7.0037519685039369
11
3.3115196850393702
21
-6.9918464566929135
0
LINE
8
CYAN2
6
CONTINUOUS
10
3.3115196850393702
20
-6.9918464566929135
11
3.3138976377952756
21
-6.9823228346456698
0
LINE
8
CYAN2
6
CONTINUOUS
10
3.3138976377952756
20
-6.9823228346456698
11
3.3162795275590553
21
-6.9775629921259847
0
LINE
8
CYAN2
6
CONTINUOUS
10
3.3162795275590553
20
-6.9775629921259847
11
3.3186614173228346
21
-6.975181102362205
0
LINE
8
CYAN2
6
CONTINUOUS
10
3.3186614173228346
20
-6.975181102362205
11
3.3234212598425197
21
-6.9727992125984253
0
LINE
8
CYAN2
6
CONTINUOUS
10
3.2139015748031499
20
-7.0775629921259844
11
3.2162795275590552
21
-7.0751811023622047
0
LINE
8
CYAN2
6
CONTINUOUS
10
3.2162795275590552
20
-7.0751811023622047
11
3.2210433070866142
21
-7.0727992125984258
0
LINE
8
CYAN2
6
CONTINUOUS
10
3.2210433070866142
20
-7.0727992125984258
11
3.2329488188976381
21
-7.0727992125984258
0
LINE
8
CYAN2
6
CONTINUOUS
10
3.2329488188976381
20
-7.0727992125984258
11
3.2377086614173232
21
-7.0751811023622047
0
LINE
8
CYAN2
6
CONTINUOUS
10
3.2377086614173232
20
-7.0751811023622047
11
3.2400905511811025
21
-7.0775629921259844
0
LINE
8
CYAN2
6
CONTINUOUS
10
3.2400905511811025
20
-7.0775629921259844
11
3.2424724409448822
21
-7.0823228346456695
0
LINE
8
CYAN2
6
CONTINUOUS
10
3.2424724409448822
20
-7.0823228346456695
11
3.2424724409448822
21
-7.0870866141732289
0
LINE
8
CYAN2
6
CONTINUOUS
10
3.2424724409448822
20
-7.0870866141732289
11
3.2400905511811025
21
-7.0942283464566929
0
LINE
8
CYAN2
6
CONTINUOUS
10
3.2400905511811025
20
-7.0942283464566929
11
3.2115196850393701
21
-7.1227992125984256
0
LINE
8
CYAN2
6
CONTINUOUS
10
3.2115196850393701
20
-7.1227992125984256
11
3.2424724409448822
21
-7.1227992125984256
0
LINE
8
CYAN2
6
CONTINUOUS
10
3.2615196850393704
20
-7.0775629921259844
11
3.2638976377952758
21
-7.0751811023622047
0
LINE
8
CYAN2
6
CONTINUOUS
10
3.2638976377952758
20
-7.0751811023622047
11
3.2686614173228348
21
-7.0727992125984258
0
LINE
8
CYAN2
6
CONTINUOUS
10
3.2686614173228348
20
-7.0727992125984258
11
3.2805669291338586
21
-7.0727992125984258
0
LINE
8
CYAN2
6
CONTINUOUS
10
3.2805669291338586
20
-7.0727992125984258
11
3.2853267716535433
21
-7.0751811023622047
0
LINE
8
CYAN2
6
CONTINUOUS
10
3.2853267716535433
20
-7.0751811023622047
11
3.287708661417323
21
-7.0775629921259844
0
LINE
8
CYAN2
6
CONTINUOUS
10
3.287708661417323
20
-7.0775629921259844
11
3.2900905511811023
21
-7.0823228346456695
0
LINE
8
CYAN2
6
CONTINUOUS
10
3.2900905511811023
20
-7.0823228346456695
11
3.2900905511811023
21
-7.0870866141732289
0
LINE
8
CYAN2
6
CONTINUOUS
10
3.2900905511811023
20
-7.0870866141732289
11
3.287708661417323
21
-7.0942283464566929
0
LINE
8
CYAN2
6
CONTINUOUS
10
3.287708661417323
20
-7.0942283464566929
11
3.2591377952755907
21
-7.1227992125984256
0
LINE
8
CYAN2
6
CONTINUOUS
10
3.2591377952755907
20
-7.1227992125984256
11
3.2900905511811023
21
-7.1227992125984256
0
LINE
8
CYAN2
6
CONTINUOUS
10
3.3210393700787404
20
-7.0727992125984258
11
3.3258031496062994
21
-7.0727992125984258
0
LINE
8
CYAN2
6
CONTINUOUS
10
3.3258031496062994
20
-7.0727992125984258
11
3.3305629921259845
21
-7.0751811023622047
0
LINE
8
CYAN2
6
CONTINUOUS
10
3.3305629921259845
20
-7.0751811023622047
11
3.3329448818897638
21
-7.0775629921259844
0
LINE
8
CYAN2
6
CONTINUOUS
10
3.3329448818897638
20
-7.0775629921259844
11
3.3353267716535435
21
-7.0823228346456695
0
LINE
8
CYAN2
6
CONTINUOUS
10
3.3353267716535435
20
-7.0823228346456695
11
3.3377086614173228
21
-7.091846456692914
0
LINE
8
CYAN2
6
CONTINUOUS
10
3.3377086614173228
20
-7.091846456692914
11
3.3377086614173228
21
-7.1037519685039374
0
LINE
8
CYAN2
6
CONTINUOUS
10
3.3377086614173228
20
-7.1037519685039374
11
3.3353267716535435
21
-7.1132755905511811
0
LINE
8
CYAN2
6
CONTINUOUS
10
3.3353267716535435
20
-7.1132755905511811
11
3.3329448818897638
21
-7.1180393700787405
0
LINE
8
CYAN2
6
CONTINUOUS
10
3.3329448818897638
20
-7.1180393700787405
11
3.3305629921259845
21
-7.1204212598425203
0
LINE
8
CYAN2
6
CONTINUOUS
10
3.3305629921259845
20
-7.1204212598425203
11
3.3258031496062994
21
-7.1227992125984256
0
LINE
8
CYAN2
6
CONTINUOUS
10
3.3258031496062994
20
-7.1227992125984256
11
3.3210393700787404
21
-7.1227992125984256
0
LINE
8
CYAN2
6
CONTINUOUS
10
3.3210393700787404
20
-7.1227992125984256
11
3.3162795275590553
21
-7.1204212598425203
0
LINE
8
CYAN2
6
CONTINUOUS
10
3.3162795275590553
20
-7.1204212598425203
11
3.3138976377952756
21
-7.1180393700787405
0
LINE
8
CYAN2
6
CONTINUOUS
10
3.3138976377952756
20
-7.1180393700787405
11
3.3115157480314963
21
-7.1132755905511811
0
LINE
8
CYAN2
6
CONTINUOUS
10
3.3115157480314963
20
-7.1132755905511811
11
3.3091377952755905
21
-7.1037519685039374
0
LINE
8
CYAN2
6
CONTINUOUS
10
3.3091377952755905
20
-7.1037519685039374
11
3.3091377952755905
21
-7.091846456692914
0
LINE
8
CYAN2
6
CONTINUOUS
10
3.3091377952755905
20
-7.091846456692914
11
3.3115157480314963
21
-7.0823228346456695
0
LINE
8
CYAN2
6
CONTINUOUS
10
3.3115157480314963
20
-7.0823228346456695
11
3.3138976377952756
21
-7.0775629921259844
0
LINE
8
CYAN2
6
CONTINUOUS
10
3.3138976377952756
20
-7.0775629921259844
11
3.3162795275590553
21
-7.0751811023622047
0
LINE
8
CYAN2
6
CONTINUOUS
10
3.3162795275590553
20
-7.0751811023622047
11
3.3210393700787404
21
-7.0727992125984258
0
LINE
8
RED2
6
CONTINUOUS
10
3.48
20
-6.7200000000000006
11
3.54
21
-6.7800000000000002
0
LINE
8
RED2
6
CONTINUOUS
10
3.54
20
-6.7800000000000002
11
3.54
21
-6.75
0
LINE
8
RED2
6
CONTINUOUS
10
3.54
20
-6.75
11
3.54
21
-6.7800000000000002
0
LINE
8
RED2
6
CONTINUOUS
10
3.54
20
-6.7800000000000002
11
3.5100000000000002
21
-6.7800000000000002
0
LINE
8
RED2
6
CONTINUOUS
10
3.48
20
-6.6699999999999999
11
3.54
21
-6.7300000000000004
0
LINE
8
RED2
6
CONTINUOUS
10
3.54
20
-6.7300000000000004
11
3.54
21
-6.7000000000000002
0
LINE
8
RED2
6
CONTINUOUS
10
3.54
20
-6.7000000000000002
11
3.54
21
-6.7300000000000004
0
LINE
8
RED2
6
CONTINUOUS
10
3.54
20
-6.7300000000000004
11
3.5100000000000002
21
-6.7300000000000004
0
LINE
8
RED2
6
CONTINUOUS
10
3.4500000000000002
20
-6.6500000000000004
11
3.4500000000000002
21
-6.5499999999999998
0
LINE
8
RED2
6
CONTINUOUS
10
3.5
20
-6.6500000000000004
11
3.3999999999999999
21
-6.6500000000000004
0
LINE
8
RED2
6
CONTINUOUS
10
3.5
20
-6.5499999999999998
11
3.3999999999999999
21
-6.5499999999999998
0
LINE
8
RED2
6
CONTINUOUS
10
3.3999999999999999
20
-6.5499999999999998
11
3.4500000000000002
21
-6.6500000000000004
0
LINE
8
RED2
6
CONTINUOUS
10
3.4500000000000002
20
-6.6500000000000004
11
3.5
21
-6.5499999999999998
0
LINE
8
RED2
6
CONTINUOUS
10
3.4500000000000002
20
-6.6500000000000004
11
3.4500000000000002
21
-6.75
0
LINE
8
RED2
6
CONTINUOUS
10
3.4500000000000002
20
-6.5499999999999998
11
3.4500000000000002
21
-6.4500000000000002
0
LINE
8
CYAN2
6
CONTINUOUS
10
3.5362795275590551
20
-6.5727992125984258
11
3.5362795275590551
21
-6.5227992125984251
0
LINE
8
CYAN2
6
CONTINUOUS
10
3.5362795275590551
20
-6.5227992125984251
11
3.5481850393700789
21
-6.5227992125984251
0
LINE
8
CYAN2
6
CONTINUOUS
10
3.5481850393700789
20
-6.5227992125984251
11
3.5553267716535433
21
-6.5251811023622048
0
LINE
8
CYAN2
6
CONTINUOUS
10
3.5553267716535433
20
-6.5251811023622048
11
3.5600905511811023
21
-6.5299448818897643
0
LINE
8
CYAN2
6
CONTINUOUS
10
3.5600905511811023
20
-6.5299448818897643
11
3.562472440944882
21
-6.5347047244094494
0
LINE
8
CYAN2
6
CONTINUOUS
10
3.562472440944882
20
-6.5347047244094494
11
3.5648503937007874
21
-6.544228346456693
0
LINE
8
CYAN2
6
CONTINUOUS
10
3.5648503937007874
20
-6.544228346456693
11
3.5648503937007874
21
-6.5513700787401579
0
LINE
8
CYAN2
6
CONTINUOUS
10
3.5648503937007874
20
-6.5513700787401579
11
3.562472440944882
21
-6.5608937007874015
0
LINE
8
CYAN2
6
CONTINUOUS
10
3.562472440944882
20
-6.5608937007874015
11
3.5600905511811023
21
-6.565657480314961
0
LINE
8
CYAN2
6
CONTINUOUS
10
3.5600905511811023
20
-6.565657480314961
11
3.5553267716535433
21
-6.5704212598425196
0
LINE
8
CYAN2
6
CONTINUOUS
10
3.5553267716535433
20
-6.5704212598425196
11
3.5481850393700789
21
-6.5727992125984258
0
LINE
8
CYAN2
6
CONTINUOUS
10
3.5481850393700789
20
-6.5727992125984258
11
3.5362795275590551
21
-6.5727992125984258
0
LINE
8
CYAN2
6
CONTINUOUS
10
3.5839015748031495
20
-6.5275629921259846
11
3.5862795275590553
21
-6.5251811023622048
0
LINE
8
CYAN2
6
CONTINUOUS
10
3.5862795275590553
20
-6.5251811023622048
11
3.5910433070866143
21
-6.5227992125984251
0
LINE
8
CYAN2
6
CONTINUOUS
10
3.5910433070866143
20
-6.5227992125984251
11
3.6029488188976377
21
-6.5227992125984251
0
LINE
8
CYAN2
6
CONTINUOUS
10
3.6029488188976377
20
-6.5227992125984251
11
3.6077086614173228
21
-6.5251811023622048
0
LINE
8
CYAN2
6
CONTINUOUS
10
3.6077086614173228
20
-6.5251811023622048
11
3.6100905511811026
21
-6.5275629921259846
0
LINE
8
CYAN2
6
CONTINUOUS
10
3.6100905511811026
20
-6.5275629921259846
11
3.6124724409448818
21
-6.5323228346456697
0
LINE
8
CYAN2
6
CONTINUOUS
10
3.6124724409448818
20
-6.5323228346456697
11
3.6124724409448818
21
-6.5370866141732282
0
LINE
8
CYAN2
6
CONTINUOUS
10
3.6124724409448818
20
-6.5370866141732282
11
3.6100905511811026
21
-6.544228346456693
0
LINE
8
CYAN2
6
CONTINUOUS
10
3.6100905511811026
20
-6.544228346456693
11
3.5815196850393702
21
-6.5727992125984258
0
LINE
8
CYAN2
6
CONTINUOUS
10
3.5815196850393702
20
-6.5727992125984258
11
3.6124724409448818
21
-6.5727992125984258
0
LINE
8
CYAN2
6
CONTINUOUS
10
3.6291377952755908
20
-6.5227992125984251
11
3.6600905511811024
21
-6.5227992125984251
0
LINE
8
CYAN2
6
CONTINUOUS
10
3.6600905511811024
20
-6.5227992125984251
11
3.64342125984252
21
-6.5418464566929133
0
LINE
8
CYAN2
6
CONTINUOUS
10
3.64342125984252
20
-6.5418464566929133
11
3.6505669291338583
21
-6.5418464566929133
0
LINE
8
CYAN2
6
CONTINUOUS
10
3.6505669291338583
20
-6.5418464566929133
11
3.6553267716535434
21
-6.544228346456693
0
LINE
8
CYAN2
6
CONTINUOUS
10
3.6553267716535434
20
-6.544228346456693
11
3.6577086614173231
21
-6.5466102362204728
0
LINE
8
CYAN2
6
CONTINUOUS
10
3.6577086614173231
20
-6.5466102362204728
11
3.6600905511811024
21
-6.5513700787401579
0
LINE
8
CYAN2
6
CONTINUOUS
10
3.6600905511811024
20
-6.5513700787401579
11
3.6600905511811024
21
-6.5632755905511813
0
LINE
8
CYAN2
6
CONTINUOUS
10
3.6600905511811024
20
-6.5632755905511813
11
3.6577086614173231
21
-6.5680393700787407
0
LINE
8
CYAN2
6
CONTINUOUS
10
3.6577086614173231
20
-6.5680393700787407
11
3.6553267716535434
21
-6.5704212598425196
0
LINE
8
CYAN2
6
CONTINUOUS
10
3.6553267716535434
20
-6.5704212598425196
11
3.6505669291338583
21
-6.5727992125984258
0
LINE
8
CYAN2
6
CONTINUOUS
10
3.6505669291338583
20
-6.5727992125984258
11
3.6362795275590551
21
-6.5727992125984258
0
LINE
8
CYAN2
6
CONTINUOUS
10
3.6362795275590551
20
-6.5727992125984258
11
3.6315196850393701
21
-6.5704212598425196
0
LINE
8
CYAN2
6
CONTINUOUS
10
3.6315196850393701
20
-6.5704212598425196
11
3.6291377952755908
21
-6.5680393700787407
0
LINE
8
CYAN2
6
CONTINUOUS
10
3.5648503937007874
20
-6.6727992125984255
11
3.5481850393700789
21
-6.6489921259842522
0
LINE
8
CYAN2
6
CONTINUOUS
10
3.5362795275590551
20
-6.6727992125984255
11
3.5362795275590551
21
-6.6227992125984256
0
LINE
8
CYAN2
6
CONTINUOUS
10
3.5362795275590551
20
-6.6227992125984256
11
3.5553267716535433
21
-6.6227992125984256
0
LINE
8
CYAN2
6
CONTINUOUS
10
3.5553267716535433
20
-6.6227992125984256
11
3.5600905511811023
21
-6.6251811023622054
0
LINE
8
CYAN2
6
CONTINUOUS
10
3.5600905511811023
20
-6.6251811023622054
11
3.562472440944882
21
-6.6275629921259842
0
LINE
8
CYAN2
6
CONTINUOUS
10
3.562472440944882
20
-6.6275629921259842
11
3.5648503937007874
21
-6.6323228346456693
0
LINE
8
CYAN2
6
CONTINUOUS
10
3.5648503937007874
20
-6.6323228346456693
11
3.5648503937007874
21
-6.6394685039370085
0
LINE
8
CYAN2
6
CONTINUOUS
10
3.5648503937007874
20
-6.6394685039370085
11
3.562472440944882
21
-6.6442283464566936
0
LINE
8
CYAN2
6
CONTINUOUS
10
3.562472440944882
20
-6.6442283464566936
11
3.5600905511811023
21
-6.6466102362204724
0
LINE
8
CYAN2
6
CONTINUOUS
10
3.5600905511811023
20
-6.6466102362204724
11
3.5553267716535433
21
-6.6489921259842522
0
LINE
8
CYAN2
6
CONTINUOUS
10
3.5553267716535433
20
-6.6489921259842522
11
3.5362795275590551
21
-6.6489921259842522
0
LINE
8
CYAN2
6
CONTINUOUS
10
3.5862795275590553
20
-6.6466102362204724
11
3.6029488188976377
21
-6.6466102362204724
0
LINE
8
CYAN2
6
CONTINUOUS
10
3.6100905511811026
20
-6.6727992125984255
11
3.5862795275590553
21
-6.6727992125984255
0
LINE
8
CYAN2
6
CONTINUOUS
10
3.5862795275590553
20
-6.6727992125984255
11
3.5862795275590553
21
-6.6227992125984256
0
LINE
8
CYAN2
6
CONTINUOUS
10
3.5862795275590553
20
-6.6227992125984256
11
3.6100905511811026
21
-6.6227992125984256
0
LINE
8
CYAN2
6
CONTINUOUS
10
3.6315157480314961
20
-6.6727992125984255
11
3.6315157480314961
21
-6.6227992125984256
0
LINE
8
CYAN2
6
CONTINUOUS
10
3.6315157480314961
20
-6.6227992125984256
11
3.64342125984252
21
-6.6227992125984256
0
LINE
8
CYAN2
6
CONTINUOUS
10
3.64342125984252
20
-6.6227992125984256
11
3.6505629921259843
21
-6.6251811023622054
0
LINE
8
CYAN2
6
CONTINUOUS
10
3.6505629921259843
20
-6.6251811023622054
11
3.6553267716535434
21
-6.6299448818897639
0
LINE
8
CYAN2
6
CONTINUOUS
10
3.6553267716535434
20
-6.6299448818897639
11
3.6577086614173231
21
-6.634704724409449
0
LINE
8
CYAN2
6
CONTINUOUS
10
3.6577086614173231
20
-6.634704724409449
11
3.6600866141732284
21
-6.6442283464566936
0
LINE
8
CYAN2
6
CONTINUOUS
10
3.6600866141732284
20
-6.6442283464566936
11
3.6600866141732284
21
-6.6513700787401575
0
LINE
8
CYAN2
6
CONTINUOUS
10
3.6600866141732284
20
-6.6513700787401575
11
3.6577086614173231
21
-6.6608937007874021
0
LINE
8
CYAN2
6
CONTINUOUS
10
3.6577086614173231
20
-6.6608937007874021
11
3.6553267716535434
21
-6.6656574803149606
0
LINE
8
CYAN2
6
CONTINUOUS
10
3.6553267716535434
20
-6.6656574803149606
11
3.6505629921259843
21
-6.6704212598425201
0
LINE
8
CYAN2
6
CONTINUOUS
10
3.6505629921259843
20
-6.6704212598425201
11
3.64342125984252
21
-6.6727992125984255
0
LINE
8
CYAN2
6
CONTINUOUS
10
3.64342125984252
20
-6.6727992125984255
11
3.6315157480314961
21
-6.6727992125984255
0
LINE
8
RED2
6
CONTINUOUS
10
3.4100000000000001
20
-7.1500000000000004
11
3.4100000000000001
21
-6.9500000000000002
0
LINE
8
RED2
6
CONTINUOUS
10
3.4100000000000001
20
-6.9500000000000002
11
3.4900000000000002
21
-6.9500000000000002
0
LINE
8
RED2
6
CONTINUOUS
10
3.4900000000000002
20
-6.9500000000000002
11
3.4900000000000002
21
-7.1500000000000004
0
LINE
8
RED2
6
CONTINUOUS
10
3.4900000000000002
20
-7.1500000000000004
11
3.4100000000000001
21
-7.1500000000000004
0
LINE
8
RED2
6
CONTINUOUS
10
3.4500000000000002
20
-6.9500000000000002
11
3.4500000000000002
21
-6.9000000000000004
0
LINE
8
RED2
6
CONTINUOUS
10
3.4500000000000002
20
-7.1500000000000004
11
3.4500000000000002
21
-7.2000000000000002
0
LINE
8
CYAN2
6
CONTINUOUS
10
3.5948503937007876
20
-7.0227992125984251
11
3.5781850393700787
21
-6.9989921259842518
0
LINE
8
CYAN2
6
CONTINUOUS
10
3.5662795275590553
20
-7.0227992125984251
11
3.5662795275590553
21
-6.9727992125984253
0
LINE
8
CYAN2
6
CONTINUOUS
10
3.5662795275590553
20
-6.9727992125984253
11
3.5853267716535435
21
-6.9727992125984253
0
LINE
8
CYAN2
6
CONTINUOUS
10
3.5853267716535435
20
-6.9727992125984253
11
3.5900905511811025
21
-6.975181102362205
0
LINE
8
CYAN2
6
CONTINUOUS
10
3.5900905511811025
20
-6.975181102362205
11
3.5924724409448818
21
-6.9775629921259847
0
LINE
8
CYAN2
6
CONTINUOUS
10
3.5924724409448818
20
-6.9775629921259847
11
3.5948503937007876
21
-6.9823228346456698
0
LINE
8
CYAN2
6
CONTINUOUS
10
3.5948503937007876
20
-6.9823228346456698
11
3.5948503937007876
21
-6.9894685039370081
0
LINE
8
CYAN2
6
CONTINUOUS
10
3.5948503937007876
20
-6.9894685039370081
11
3.5924724409448818
21
-6.9942283464566932
0
LINE
8
CYAN2
6
CONTINUOUS
10
3.5924724409448818
20
-6.9942283464566932
11
3.5900905511811025
21
-6.996610236220473
0
LINE
8
CYAN2
6
CONTINUOUS
10
3.5900905511811025
20
-6.996610236220473
11
3.5853267716535435
21
-6.9989921259842518
0
LINE
8
CYAN2
6
CONTINUOUS
10
3.5853267716535435
20
-6.9989921259842518
11
3.5662795275590553
21
-6.9989921259842518
0
LINE
8
CYAN2
6
CONTINUOUS
10
3.61151968503937
20
-6.9727992125984253
11
3.6424724409448821
21
-6.9727992125984253
0
LINE
8
CYAN2
6
CONTINUOUS
10
3.6424724409448821
20
-6.9727992125984253
11
3.6258031496062992
21
-6.9918464566929135
0
LINE
8
CYAN2
6
CONTINUOUS
10
3.6258031496062992
20
-6.9918464566929135
11
3.632948818897638
21
-6.9918464566929135
0
LINE
8
CYAN2
6
CONTINUOUS
10
3.632948818897638
20
-6.9918464566929135
11
3.6377086614173231
21
-6.9942283464566932
0
LINE
8
CYAN2
6
CONTINUOUS
10
3.6377086614173231
20
-6.9942283464566932
11
3.6400905511811024
21
-6.996610236220473
0
LINE
8
CYAN2
6
CONTINUOUS
10
3.6400905511811024
20
-6.996610236220473
11
3.6424724409448821
21
-7.001370078740158
0
LINE
8
CYAN2
6
CONTINUOUS
10
3.6424724409448821
20
-7.001370078740158
11
3.6424724409448821
21
-7.0132755905511814
0
LINE
8
CYAN2
6
CONTINUOUS
10
3.6424724409448821
20
-7.0132755905511814
11
3.6400905511811024
21
-7.01803937007874
0
LINE
8
CYAN2
6
CONTINUOUS
10
3.6400905511811024
20
-7.01803937007874
11
3.6377086614173231
21
-7.0204212598425197
0
LINE
8
CYAN2
6
CONTINUOUS
10
3.6377086614173231
20
-7.0204212598425197
11
3.632948818897638
21
-7.0227992125984251
0
LINE
8
CYAN2
6
CONTINUOUS
10
3.632948818897638
20
-7.0227992125984251
11
3.6186614173228349
21
-7.0227992125984251
0
LINE
8
CYAN2
6
CONTINUOUS
10
3.6186614173228349
20
-7.0227992125984251
11
3.6139015748031498
21
-7.0204212598425197
0
LINE
8
CYAN2
6
CONTINUOUS
10
3.6139015748031498
20
-7.0204212598425197
11
3.61151968503937
21
-7.01803937007874
0
LINE
8
CYAN2
6
CONTINUOUS
10
3.6900905511811026
20
-7.0227992125984251
11
3.6615196850393703
21
-7.0227992125984251
0
LINE
8
CYAN2
6
CONTINUOUS
10
3.6758031496062995
20
-7.0227992125984251
11
3.6758031496062995
21
-6.9727992125984253
0
LINE
8
CYAN2
6
CONTINUOUS
10
3.6758031496062995
20
-6.9727992125984253
11
3.6710433070866144
21
-6.9799448818897645
0
LINE
8
CYAN2
6
CONTINUOUS
10
3.6710433070866144
20
-6.9799448818897645
11
3.6662795275590554
21
-6.9847047244094487
0
LINE
8
CYAN2
6
CONTINUOUS
10
3.6662795275590554
20
-6.9847047244094487
11
3.6615196850393703
21
-6.9870866141732284
0
LINE
8
CYAN2
6
CONTINUOUS
10
3.56390157480315
20
-7.0775629921259844
11
3.5662795275590553
21
-7.0751811023622047
0
LINE
8
CYAN2
6
CONTINUOUS
10
3.5662795275590553
20
-7.0751811023622047
11
3.5710433070866143
21
-7.0727992125984258
0
LINE
8
CYAN2
6
CONTINUOUS
10
3.5710433070866143
20
-7.0727992125984258
11
3.5829488188976377
21
-7.0727992125984258
0
LINE
8
CYAN2
6
CONTINUOUS
10
3.5829488188976377
20
-7.0727992125984258
11
3.5877086614173228
21
-7.0751811023622047
0
LINE
8
CYAN2
6
CONTINUOUS
10
3.5877086614173228
20
-7.0751811023622047
11
3.5900905511811025
21
-7.0775629921259844
0
LINE
8
CYAN2
6
CONTINUOUS
10
3.5900905511811025
20
-7.0775629921259844
11
3.5924724409448818
21
-7.0823228346456695
0
LINE
8
CYAN2
6
CONTINUOUS
10
3.5924724409448818
20
-7.0823228346456695
11
3.5924724409448818
21
-7.0870866141732289
0
LINE
8
CYAN2
6
CONTINUOUS
10
3.5924724409448818
20
-7.0870866141732289
11
3.5900905511811025
21
-7.0942283464566929
0
LINE
8
CYAN2
6
CONTINUOUS
10
3.5900905511811025
20
-7.0942283464566929
11
3.5615196850393702
21
-7.1227992125984256
0
LINE
8
CYAN2
6
CONTINUOUS
10
3.5615196850393702
20
-7.1227992125984256
11
3.5924724409448818
21
-7.1227992125984256
0
LINE
8
CYAN2
6
CONTINUOUS
10
3.61151968503937
20
-7.0775629921259844
11
3.6138976377952758
21
-7.0751811023622047
0
LINE
8
CYAN2
6
CONTINUOUS
10
3.6138976377952758
20
-7.0751811023622047
11
3.6186614173228349
21
-7.0727992125984258
0
LINE
8
CYAN2
6
CONTINUOUS
10
3.6186614173228349
20
-7.0727992125984258
11
3.6305669291338583
21
-7.0727992125984258
0
LINE
8
CYAN2
6
CONTINUOUS
10
3.6305669291338583
20
-7.0727992125984258
11
3.6353267716535433
21
-7.0751811023622047
0
LINE
8
CYAN2
6
CONTINUOUS
10
3.6353267716535433
20
-7.0751811023622047
11
3.6377086614173231
21
-7.0775629921259844
0
LINE
8
CYAN2
6
CONTINUOUS
10
3.6377086614173231
20
-7.0775629921259844
11
3.6400905511811024
21
-7.0823228346456695
0
LINE
8
CYAN2
6
CONTINUOUS
10
3.6400905511811024
20
-7.0823228346456695
11
3.6400905511811024
21
-7.0870866141732289
0
LINE
8
CYAN2
6
CONTINUOUS
10
3.6400905511811024
20
-7.0870866141732289
11
3.6377086614173231
21
-7.0942283464566929
0
LINE
8
CYAN2
6
CONTINUOUS
10
3.6377086614173231
20
-7.0942283464566929
11
3.6091377952755908
21
-7.1227992125984256
0
LINE
8
CYAN2
6
CONTINUOUS
10
3.6091377952755908
20
-7.1227992125984256
11
3.6400905511811024
21
-7.1227992125984256
0
LINE
8
CYAN2
6
CONTINUOUS
10
3.6710393700787405
20
-7.0727992125984258
11
3.6758031496062995
21
-7.0727992125984258
0
LINE
8
CYAN2
6
CONTINUOUS
10
3.6758031496062995
20
-7.0727992125984258
11
3.6805629921259846
21
-7.0751811023622047
0
LINE
8
CYAN2
6
CONTINUOUS
10
3.6805629921259846
20
-7.0751811023622047
11
3.6829448818897639
21
-7.0775629921259844
0
LINE
8
CYAN2
6
CONTINUOUS
10
3.6829448818897639
20
-7.0775629921259844
11
3.6853267716535436
21
-7.0823228346456695
0
LINE
8
CYAN2
6
CONTINUOUS
10
3.6853267716535436
20
-7.0823228346456695
11
3.6877086614173229
21
-7.091846456692914
0
LINE
8
CYAN2
6
CONTINUOUS
10
3.6877086614173229
20
-7.091846456692914
11
3.6877086614173229
21
-7.1037519685039374
0
LINE
8
CYAN2
6
CONTINUOUS
10
3.6877086614173229
20
-7.1037519685039374
11
3.6853267716535436
21
-7.1132755905511811
0
LINE
8
CYAN2
6
CONTINUOUS
10
3.6853267716535436
20
-7.1132755905511811
11
3.6829448818897639
21
-7.1180393700787405
0
LINE
8
CYAN2
6
CONTINUOUS
10
3.6829448818897639
20
-7.1180393700787405
11
3.6805629921259846
21
-7.1204212598425203
0
LINE
8
CYAN2
6
CONTINUOUS
10
3.6805629921259846
20
-7.1204212598425203
11
3.6758031496062995
21
-7.1227992125984256
0
LINE
8
CYAN2
6
CONTINUOUS
10
3.6758031496062995
20
-7.1227992125984256
11
3.6710393700787405
21
-7.1227992125984256
0
LINE
8
CYAN2
6
CONTINUOUS
10
3.6710393700787405
20
-7.1227992125984256
11
3.6662795275590554
21
-7.1204212598425203
0
LINE
8
CYAN2
6
CONTINUOUS
10
3.6662795275590554
20
-7.1204212598425203
11
3.6638976377952757
21
-7.1180393700787405
0
LINE
8
CYAN2
6
CONTINUOUS
10
3.6638976377952757
20
-7.1180393700787405
11
3.6615157480314964
21
-7.1132755905511811
0
LINE
8
CYAN2
6
CONTINUOUS
10
3.6615157480314964
20
-7.1132755905511811
11
3.6591377952755906
21
-7.1037519685039374
0
LINE
8
CYAN2
6
CONTINUOUS
10
3.6591377952755906
20
-7.1037519685039374
11
3.6591377952755906
21
-7.091846456692914
0
LINE
8
CYAN2
6
CONTINUOUS
10
3.6591377952755906
20
-7.091846456692914
11
3.6615157480314964
21
-7.0823228346456695
0
LINE
8
CYAN2
6
CONTINUOUS
10
3.6615157480314964
20
-7.0823228346456695
11
3.6638976377952757
21
-7.0775629921259844
0
LINE
8
CYAN2
6
CONTINUOUS
10
3.6638976377952757
20
-7.0775629921259844
11
3.6662795275590554
21
-7.0751811023622047
0
LINE
8
CYAN2
6
CONTINUOUS
10
3.6662795275590554
20
-7.0751811023622047
11
3.6710393700787405
21
-7.0727992125984258
0
LINE
8
RED2
6
CONTINUOUS
10
2.1600000000000001
20
-7.1500000000000004
11
2.1600000000000001
21
-6.9500000000000002
0
LINE
8
RED2
6
CONTINUOUS
10
2.1600000000000001
20
-6.9500000000000002
11
2.2400000000000002
21
-6.9500000000000002
0
LINE
8
RED2
6
CONTINUOUS
10
2.2400000000000002
20
-6.9500000000000002
11
2.2400000000000002
21
-7.1500000000000004
0
LINE
8
RED2
6
CONTINUOUS
10
2.2400000000000002
20
-7.1500000000000004
11
2.1600000000000001
21
-7.1500000000000004
0
LINE
8
RED2
6
CONTINUOUS
10
2.2000000000000002
20
-6.9500000000000002
11
2.2000000000000002
21
-6.9000000000000004
0
LINE
8
RED2
6
CONTINUOUS
10
2.2000000000000002
20
-7.1500000000000004
11
2.2000000000000002
21
-7.2000000000000002
0
LINE
8
CYAN2
6
CONTINUOUS
10
2.3448503937007876
20
-7.0227992125984251
11
2.3281850393700787
21
-6.9989921259842518
0
LINE
8
CYAN2
6
CONTINUOUS
10
2.3162795275590553
20
-7.0227992125984251
11
2.3162795275590553
21
-6.9727992125984253
0
LINE
8
CYAN2
6
CONTINUOUS
10
2.3162795275590553
20
-6.9727992125984253
11
2.3353267716535435
21
-6.9727992125984253
0
LINE
8
CYAN2
6
CONTINUOUS
10
2.3353267716535435
20
-6.9727992125984253
11
2.3400905511811025
21
-6.975181102362205
0
LINE
8
CYAN2
6
CONTINUOUS
10
2.3400905511811025
20
-6.975181102362205
11
2.3424724409448818
21
-6.9775629921259847
0
LINE
8
CYAN2
6
CONTINUOUS
10
2.3424724409448818
20
-6.9775629921259847
11
2.3448503937007876
21
-6.9823228346456698
0
LINE
8
CYAN2
6
CONTINUOUS
10
2.3448503937007876
20
-6.9823228346456698
11
2.3448503937007876
21
-6.9894685039370081
0
LINE
8
CYAN2
6
CONTINUOUS
10
2.3448503937007876
20
-6.9894685039370081
11
2.3424724409448818
21
-6.9942283464566932
0
LINE
8
CYAN2
6
CONTINUOUS
10
2.3424724409448818
20
-6.9942283464566932
11
2.3400905511811025
21
-6.996610236220473
0
LINE
8
CYAN2
6
CONTINUOUS
10
2.3400905511811025
20
-6.996610236220473
11
2.3353267716535435
21
-6.9989921259842518
0
LINE
8
CYAN2
6
CONTINUOUS
10
2.3353267716535435
20
-6.9989921259842518
11
2.3162795275590553
21
-6.9989921259842518
0
LINE
8
CYAN2
6
CONTINUOUS
10
2.3639015748031498
20
-6.9775629921259847
11
2.3662795275590551
21
-6.975181102362205
0
LINE
8
CYAN2
6
CONTINUOUS
10
2.3662795275590551
20
-6.975181102362205
11
2.3710433070866141
21
-6.9727992125984253
0
LINE
8
CYAN2
6
CONTINUOUS
10
2.3710433070866141
20
-6.9727992125984253
11
2.382948818897638
21
-6.9727992125984253
0
LINE
8
CYAN2
6
CONTINUOUS
10
2.382948818897638
20
-6.9727992125984253
11
2.3877086614173231
21
-6.975181102362205
0
LINE
8
CYAN2
6
CONTINUOUS
10
2.3877086614173231
20
-6.975181102362205
11
2.3900905511811024
21
-6.9775629921259847
0
LINE
8
CYAN2
6
CONTINUOUS
10
2.3900905511811024
20
-6.9775629921259847
11
2.3924724409448821
21
-6.9823228346456698
0
LINE
8
CYAN2
6
CONTINUOUS
10
2.3924724409448821
20
-6.9823228346456698
11
2.3924724409448821
21
-6.9870866141732284
0
LINE
8
CYAN2
6
CONTINUOUS
10
2.3924724409448821
20
-6.9870866141732284
11
2.3900905511811024
21
-6.9942283464566932
0
LINE
8
CYAN2
6
CONTINUOUS
10
2.3900905511811024
20
-6.9942283464566932
11
2.36151968503937
21
-7.0227992125984251
0
LINE
8
CYAN2
6
CONTINUOUS
10
2.36151968503937
20
-7.0227992125984251
11
2.3924724409448821
21
-7.0227992125984251
0
LINE
8
CYAN2
6
CONTINUOUS
10
2.4091377952755906
20
-6.9727992125984253
11
2.442468503937008
21
-6.9727992125984253
0
LINE
8
CYAN2
6
CONTINUOUS
10
2.442468503937008
20
-6.9727992125984253
11
2.4210433070866144
21
-7.0227992125984251
0
LINE
8
CYAN2
6
CONTINUOUS
10
2.3139015748031495
20
-7.0775629921259844
11
2.3162795275590553
21
-7.0751811023622047
0
LINE
8
CYAN2
6
CONTINUOUS
10
2.3162795275590553
20
-7.0751811023622047
11
2.3210433070866143
21
-7.0727992125984258
0
LINE
8
CYAN2
6
CONTINUOUS
10
2.3210433070866143
20
-7.0727992125984258
11
2.3329488188976377
21
-7.0727992125984258
0
LINE
8
CYAN2
6
CONTINUOUS
10
2.3329488188976377
20
-7.0727992125984258
11
2.3377086614173228
21
-7.0751811023622047
0
LINE
8
CYAN2
6
CONTINUOUS
10
2.3377086614173228
20
-7.0751811023622047
11
2.3400905511811025
21
-7.0775629921259844
0
LINE
8
CYAN2
6
CONTINUOUS
10
2.3400905511811025
20
-7.0775629921259844
11
2.3424724409448818
21
-7.0823228346456695
0
LINE
8
CYAN2
6
CONTINUOUS
10
2.3424724409448818
20
-7.0823228346456695
11
2.3424724409448818
21
-7.0870866141732289
0
LINE
8
CYAN2
6
CONTINUOUS
10
2.3424724409448818
20
-7.0870866141732289
11
2.3400905511811025
21
-7.0942283464566929
0
LINE
8
CYAN2
6
CONTINUOUS
10
2.3400905511811025
20
-7.0942283464566929
11
2.3115196850393702
21
-7.1227992125984256
0
LINE
8
CYAN2
6
CONTINUOUS
10
2.3115196850393702
20
-7.1227992125984256
11
2.3424724409448818
21
-7.1227992125984256
0
LINE
8
CYAN2
6
CONTINUOUS
10
2.36151968503937
20
-7.0775629921259844
11
2.3638976377952758
21
-7.0751811023622047
0
LINE
8
CYAN2
6
CONTINUOUS
10
2.3638976377952758
20
-7.0751811023622047
11
2.3686614173228349
21
-7.0727992125984258
0
LINE
8
CYAN2
6
CONTINUOUS
10
2.3686614173228349
20
-7.0727992125984258
11
2.3805669291338583
21
-7.0727992125984258
0
LINE
8
CYAN2
6
CONTINUOUS
10
2.3805669291338583
20
-7.0727992125984258
11
2.3853267716535433
21
-7.0751811023622047
0
LINE
8
CYAN2
6
CONTINUOUS
10
2.3853267716535433
20
-7.0751811023622047
11
2.3877086614173231
21
-7.0775629921259844
0
LINE
8
CYAN2
6
CONTINUOUS
10
2.3877086614173231
20
-7.0775629921259844
11
2.3900905511811024
21
-7.0823228346456695
0
LINE
8
CYAN2
6
CONTINUOUS
10
2.3900905511811024
20
-7.0823228346456695
11
2.3900905511811024
21
-7.0870866141732289
0
LINE
8
CYAN2
6
CONTINUOUS
10
2.3900905511811024
20
-7.0870866141732289
11
2.3877086614173231
21
-7.0942283464566929
0
LINE
8
CYAN2
6
CONTINUOUS
10
2.3877086614173231
20
-7.0942283464566929
11
2.3591377952755908
21
-7.1227992125984256
0
LINE
8
CYAN2
6
CONTINUOUS
10
2.3591377952755908
20
-7.1227992125984256
11
2.3900905511811024
21
-7.1227992125984256
0
LINE
8
CYAN2
6
CONTINUOUS
10
2.42103937007874
20
-7.0727992125984258
11
2.4258031496062995
21
-7.0727992125984258
0
LINE
8
CYAN2
6
CONTINUOUS
10
2.4258031496062995
20
-7.0727992125984258
11
2.4305629921259841
21
-7.0751811023622047
0
LINE
8
CYAN2
6
CONTINUOUS
10
2.4305629921259841
20
-7.0751811023622047
11
2.4329448818897639
21
-7.0775629921259844
0
LINE
8
CYAN2
6
CONTINUOUS
10
2.4329448818897639
20
-7.0775629921259844
11
2.4353267716535436
21
-7.0823228346456695
0
LINE
8
CYAN2
6
CONTINUOUS
10
2.4353267716535436
20
-7.0823228346456695
11
2.4377086614173229
21
-7.091846456692914
0
LINE
8
CYAN2
6
CONTINUOUS
10
2.4377086614173229
20
-7.091846456692914
11
2.4377086614173229
21
-7.1037519685039374
0
LINE
8
CYAN2
6
CONTINUOUS
10
2.4377086614173229
20
-7.1037519685039374
11
2.4353267716535436
21
-7.1132755905511811
0
LINE
8
CYAN2
6
CONTINUOUS
10
2.4353267716535436
20
-7.1132755905511811
11
2.4329448818897639
21
-7.1180393700787405
0
LINE
8
CYAN2
6
CONTINUOUS
10
2.4329448818897639
20
-7.1180393700787405
11
2.4305629921259841
21
-7.1204212598425203
0
LINE
8
CYAN2
6
CONTINUOUS
10
2.4305629921259841
20
-7.1204212598425203
11
2.4258031496062995
21
-7.1227992125984256
0
LINE
8
CYAN2
6
CONTINUOUS
10
2.4258031496062995
20
-7.1227992125984256
11
2.42103937007874
21
-7.1227992125984256
0
LINE
8
CYAN2
6
CONTINUOUS
10
2.42103937007874
20
-7.1227992125984256
11
2.4162795275590554
21
-7.1204212598425203
0
LINE
8
CYAN2
6
CONTINUOUS
10
2.4162795275590554
20
-7.1204212598425203
11
2.4138976377952757
21
-7.1180393700787405
0
LINE
8
CYAN2
6
CONTINUOUS
10
2.4138976377952757
20
-7.1180393700787405
11
2.4115157480314964
21
-7.1132755905511811
0
LINE
8
CYAN2
6
CONTINUOUS
10
2.4115157480314964
20
-7.1132755905511811
11
2.4091377952755906
21
-7.1037519685039374
0
LINE
8
CYAN2
6
CONTINUOUS
10
2.4091377952755906
20
-7.1037519685039374
11
2.4091377952755906
21
-7.091846456692914
0
LINE
8
CYAN2
6
CONTINUOUS
10
2.4091377952755906
20
-7.091846456692914
11
2.4115157480314964
21
-7.0823228346456695
0
LINE
8
CYAN2
6
CONTINUOUS
10
2.4115157480314964
20
-7.0823228346456695
11
2.4138976377952757
21
-7.0775629921259844
0
LINE
8
CYAN2
6
CONTINUOUS
10
2.4138976377952757
20
-7.0775629921259844
11
2.4162795275590554
21
-7.0751811023622047
0
LINE
8
CYAN2
6
CONTINUOUS
10
2.4162795275590554
20
-7.0751811023622047
11
2.42103937007874
21
-7.0727992125984258
0
LINE
8
RED2
6
CONTINUOUS
10
2.23
20
-6.7200000000000006
11
2.29
21
-6.7800000000000002
0
LINE
8
RED2
6
CONTINUOUS
10
2.29
20
-6.7800000000000002
11
2.29
21
-6.75
0
LINE
8
RED2
6
CONTINUOUS
10
2.29
20
-6.75
11
2.29
21
-6.7800000000000002
0
LINE
8
RED2
6
CONTINUOUS
10
2.29
20
-6.7800000000000002
11
2.2600000000000002
21
-6.7800000000000002
0
LINE
8
RED2
6
CONTINUOUS
10
2.23
20
-6.6699999999999999
11
2.29
21
-6.7300000000000004
0
LINE
8
RED2
6
CONTINUOUS
10
2.29
20
-6.7300000000000004
11
2.29
21
-6.7000000000000002
0
LINE
8
RED2
6
CONTINUOUS
10
2.29
20
-6.7000000000000002
11
2.29
21
-6.7300000000000004
0
LINE
8
RED2
6
CONTINUOUS
10
2.29
20
-6.7300000000000004
11
2.2600000000000002
21
-6.7300000000000004
0
LINE
8
RED2
6
CONTINUOUS
10
2.2000000000000002
20
-6.6500000000000004
11
2.2000000000000002
21
-6.5499999999999998
0
LINE
8
RED2
6
CONTINUOUS
10
2.25
20
-6.6500000000000004
11
2.1499999999999999
21
-6.6500000000000004
0
LINE
8
RED2
6
CONTINUOUS
10
2.25
20
-6.5499999999999998
11
2.1499999999999999
21
-6.5499999999999998
0
LINE
8
RED2
6
CONTINUOUS
10
2.1499999999999999
20
-6.5499999999999998
11
2.2000000000000002
21
-6.6500000000000004
0
LINE
8
RED2
6
CONTINUOUS
10
2.2000000000000002
20
-6.6500000000000004
11
2.25
21
-6.5499999999999998
0
LINE
8
RED2
6
CONTINUOUS
10
2.2000000000000002
20
-6.6500000000000004
11
2.2000000000000002
21
-6.75
0
LINE
8
RED2
6
CONTINUOUS
10
2.2000000000000002
20
-6.5499999999999998
11
2.2000000000000002
21
-6.4500000000000002
0
LINE
8
CYAN2
6
CONTINUOUS
10
2.016279527559055
20
-6.6027992125984252
11
2.016279527559055
21
-6.5527992125984253
0
LINE
8
CYAN2
6
CONTINUOUS
10
2.016279527559055
20
-6.5527992125984253
11
2.0281850393700789
21
-6.5527992125984253
0
LINE
8
CYAN2
6
CONTINUOUS
10
2.0281850393700789
20
-6.5527992125984253
11
2.0353267716535433
21
-6.5551811023622051
0
LINE
8
CYAN2
6
CONTINUOUS
10
2.0353267716535433
20
-6.5551811023622051
11
2.0400905511811023
21
-6.5599448818897637
0
LINE
8
CYAN2
6
CONTINUOUS
10
2.0400905511811023
20
-6.5599448818897637
11
2.042472440944882
21
-6.5647047244094487
0
LINE
8
CYAN2
6
CONTINUOUS
10
2.042472440944882
20
-6.5647047244094487
11
2.0448503937007874
21
-6.5742283464566933
0
LINE
8
CYAN2
6
CONTINUOUS
10
2.0448503937007874
20
-6.5742283464566933
11
2.0448503937007874
21
-6.5813700787401581
0
LINE
8
CYAN2
6
CONTINUOUS
10
2.0448503937007874
20
-6.5813700787401581
11
2.042472440944882
21
-6.5908937007874018
0
LINE
8
CYAN2
6
CONTINUOUS
10
2.042472440944882
20
-6.5908937007874018
11
2.0400905511811023
21
-6.5956574803149612
0
LINE
8
CYAN2
6
CONTINUOUS
10
2.0400905511811023
20
-6.5956574803149612
11
2.0353267716535433
21
-6.6004212598425198
0
LINE
8
CYAN2
6
CONTINUOUS
10
2.0353267716535433
20
-6.6004212598425198
11
2.0281850393700789
21
-6.6027992125984252
0
LINE
8
CYAN2
6
CONTINUOUS
10
2.0281850393700789
20
-6.6027992125984252
11
2.016279527559055
21
-6.6027992125984252
0
LINE
8
CYAN2
6
CONTINUOUS
10
2.0924724409448818
20
-6.6027992125984252
11
2.0639015748031495
21
-6.6027992125984252
0
LINE
8
CYAN2
6
CONTINUOUS
10
2.0781850393700787
20
-6.6027992125984252
11
2.0781850393700787
21
-6.5527992125984253
0
LINE
8
CYAN2
6
CONTINUOUS
10
2.0781850393700787
20
-6.5527992125984253
11
2.0734251968503936
21
-6.5599448818897637
0
LINE
8
CYAN2
6
CONTINUOUS
10
2.0734251968503936
20
-6.5599448818897637
11
2.0686614173228346
21
-6.5647047244094487
0
LINE
8
CYAN2
6
CONTINUOUS
10
2.0686614173228346
20
-6.5647047244094487
11
2.0639015748031495
21
-6.5670866141732285
0
LINE
8
CYAN2
6
CONTINUOUS
10
2.1162795275590551
20
-6.6027992125984252
11
2.1258031496062992
21
-6.6027992125984252
0
LINE
8
CYAN2
6
CONTINUOUS
10
2.1258031496062992
20
-6.6027992125984252
11
2.1305669291338583
21
-6.6004212598425198
0
LINE
8
CYAN2
6
CONTINUOUS
10
2.1305669291338583
20
-6.6004212598425198
11
2.1329448818897641
21
-6.5980393700787401
0
LINE
8
CYAN2
6
CONTINUOUS
10
2.1329448818897641
20
-6.5980393700787401
11
2.1377086614173231
21
-6.5908937007874018
0
LINE
8
CYAN2
6
CONTINUOUS
10
2.1377086614173231
20
-6.5908937007874018
11
2.1400905511811024
21
-6.5813700787401581
0
LINE
8
CYAN2
6
CONTINUOUS
10
2.1400905511811024
20
-6.5813700787401581
11
2.1400905511811024
21
-6.5623228346456699
0
LINE
8
CYAN2
6
CONTINUOUS
10
2.1400905511811024
20
-6.5623228346456699
11
2.1377086614173231
21
-6.5575629921259848
0
LINE
8
CYAN2
6
CONTINUOUS
10
2.1377086614173231
20
-6.5575629921259848
11
2.1353267716535433
21
-6.5551811023622051
0
LINE
8
CYAN2
6
CONTINUOUS
10
2.1353267716535433
20
-6.5551811023622051
11
2.1305669291338583
21
-6.5527992125984253
0
LINE
8
CYAN2
6
CONTINUOUS
10
2.1305669291338583
20
-6.5527992125984253
11
2.1210433070866141
21
-6.5527992125984253
0
LINE
8
CYAN2
6
CONTINUOUS
10
2.1210433070866141
20
-6.5527992125984253
11
2.1162795275590551
21
-6.5551811023622051
0
LINE
8
CYAN2
6
CONTINUOUS
10
2.1162795275590551
20
-6.5551811023622051
11
2.1138976377952758
21
-6.5575629921259848
0
LINE
8
CYAN2
6
CONTINUOUS
10
2.1138976377952758
20
-6.5575629921259848
11
2.11151968503937
21
-6.5623228346456699
0
LINE
8
CYAN2
6
CONTINUOUS
10
2.11151968503937
20
-6.5623228346456699
11
2.11151968503937
21
-6.5742283464566933
0
LINE
8
CYAN2
6
CONTINUOUS
10
2.11151968503937
20
-6.5742283464566933
11
2.1138976377952758
21
-6.5789921259842519
0
LINE
8
CYAN2
6
CONTINUOUS
10
2.1138976377952758
20
-6.5789921259842519
11
2.1162795275590551
21
-6.5813700787401581
0
LINE
8
CYAN2
6
CONTINUOUS
10
2.1162795275590551
20
-6.5813700787401581
11
2.1210433070866141
21
-6.583751968503937
0
LINE
8
CYAN2
6
CONTINUOUS
10
2.1210433070866141
20
-6.583751968503937
11
2.1305669291338583
21
-6.583751968503937
0
LINE
8
CYAN2
6
CONTINUOUS
10
2.1305669291338583
20
-6.583751968503937
11
2.1353267716535433
21
-6.5813700787401581
0
LINE
8
CYAN2
6
CONTINUOUS
10
2.1353267716535433
20
-6.5813700787401581
11
2.1377086614173231
21
-6.5789921259842519
0
LINE
8
CYAN2
6
CONTINUOUS
10
2.1377086614173231
20
-6.5789921259842519
11
2.1400905511811024
21
-6.5742283464566933
0
LINE
8
CYAN2
6
CONTINUOUS
10
2.0048503937007873
20
-6.7327992125984251
11
1.9881850393700788
21
-6.7089921259842527
0
LINE
8
CYAN2
6
CONTINUOUS
10
1.9762795275590552
20
-6.7327992125984251
11
1.9762795275590552
21
-6.6827992125984252
0
LINE
8
CYAN2
6
CONTINUOUS
10
1.9762795275590552
20
-6.6827992125984252
11
1.9953267716535434
21
-6.6827992125984252
0
LINE
8
CYAN2
6
CONTINUOUS
10
1.9953267716535434
20
-6.6827992125984252
11
2.0000905511811022
21
-6.685181102362205
0
LINE
8
CYAN2
6
CONTINUOUS
10
2.0000905511811022
20
-6.685181102362205
11
2.002472440944882
21
-6.6875629921259847
0
LINE
8
CYAN2
6
CONTINUOUS
10
2.002472440944882
20
-6.6875629921259847
11
2.0048503937007873
21
-6.6923228346456698
0
LINE
8
CYAN2
6
CONTINUOUS
10
2.0048503937007873
20
-6.6923228346456698
11
2.0048503937007873
21
-6.6994685039370081
0
LINE
8
CYAN2
6
CONTINUOUS
10
2.0048503937007873
20
-6.6994685039370081
11
2.002472440944882
21
-6.7042283464566932
0
LINE
8
CYAN2
6
CONTINUOUS
10
2.002472440944882
20
-6.7042283464566932
11
2.0000905511811022
21
-6.7066102362204729
0
LINE
8
CYAN2
6
CONTINUOUS
10
2.0000905511811022
20
-6.7066102362204729
11
1.9953267716535434
21
-6.7089921259842527
0
LINE
8
CYAN2
6
CONTINUOUS
10
1.9953267716535434
20
-6.7089921259842527
11
1.9762795275590552
21
-6.7089921259842527
0
LINE
8
CYAN2
6
CONTINUOUS
10
2.0262795275590553
20
-6.7066102362204729
11
2.0429488188976377
21
-6.7066102362204729
0
LINE
8
CYAN2
6
CONTINUOUS
10
2.0500905511811025
20
-6.7327992125984251
11
2.0262795275590553
21
-6.7327992125984251
0
LINE
8
CYAN2
6
CONTINUOUS
10
2.0262795275590553
20
-6.7327992125984251
11
2.0262795275590553
21
-6.6827992125984252
0
LINE
8
CYAN2
6
CONTINUOUS
10
2.0262795275590553
20
-6.6827992125984252
11
2.0500905511811025
21
-6.6827992125984252
0
LINE
8
CYAN2
6
CONTINUOUS
10
2.0715157480314961
20
-6.7327992125984251
11
2.0715157480314961
21
-6.6827992125984252
0
LINE
8
CYAN2
6
CONTINUOUS
10
2.0715157480314961
20
-6.6827992125984252
11
2.0834212598425199
21
-6.6827992125984252
0
LINE
8
CYAN2
6
CONTINUOUS
10
2.0834212598425199
20
-6.6827992125984252
11
2.0905629921259843
21
-6.685181102362205
0
LINE
8
CYAN2
6
CONTINUOUS
10
2.0905629921259843
20
-6.685181102362205
11
2.0953267716535433
21
-6.6899448818897644
0
LINE
8
CYAN2
6
CONTINUOUS
10
2.0953267716535433
20
-6.6899448818897644
11
2.097708661417323
21
-6.6947047244094486
0
LINE
8
CYAN2
6
CONTINUOUS
10
2.097708661417323
20
-6.6947047244094486
11
2.1000866141732284
21
-6.7042283464566932
0
LINE
8
CYAN2
6
CONTINUOUS
10
2.1000866141732284
20
-6.7042283464566932
11
2.1000866141732284
21
-6.711370078740158
0
LINE
8
CYAN2
6
CONTINUOUS
10
2.1000866141732284
20
-6.711370078740158
11
2.097708661417323
21
-6.7208937007874017
0
LINE
8
CYAN2
6
CONTINUOUS
10
2.097708661417323
20
-6.7208937007874017
11
2.0953267716535433
21
-6.7256574803149611
0
LINE
8
CYAN2
6
CONTINUOUS
10
2.0953267716535433
20
-6.7256574803149611
11
2.0905629921259843
21
-6.7304212598425197
0
LINE
8
CYAN2
6
CONTINUOUS
10
2.0905629921259843
20
-6.7304212598425197
11
2.0834212598425199
21
-6.7327992125984251
0
LINE
8
CYAN2
6
CONTINUOUS
10
2.0834212598425199
20
-6.7327992125984251
11
2.0715157480314961
21
-6.7327992125984251
0
LINE
8
RED2
6
CONTINUOUS
10
2.8300000000000001
20
-6.7200000000000006
11
2.8900000000000001
21
-6.7800000000000002
0
LINE
8
RED2
6
CONTINUOUS
10
2.8900000000000001
20
-6.7800000000000002
11
2.8900000000000001
21
-6.75
0
LINE
8
RED2
6
CONTINUOUS
10
2.8900000000000001
20
-6.75
11
2.8900000000000001
21
-6.7800000000000002
0
LINE
8
RED2
6
CONTINUOUS
10
2.8900000000000001
20
-6.7800000000000002
11
2.8600000000000003
21
-6.7800000000000002
0
LINE
8
RED2
6
CONTINUOUS
10
2.8300000000000001
20
-6.6699999999999999
11
2.8900000000000001
21
-6.7300000000000004
0
LINE
8
RED2
6
CONTINUOUS
10
2.8900000000000001
20
-6.7300000000000004
11
2.8900000000000001
21
-6.7000000000000002
0
LINE
8
RED2
6
CONTINUOUS
10
2.8900000000000001
20
-6.7000000000000002
11
2.8900000000000001
21
-6.7300000000000004
0
LINE
8
RED2
6
CONTINUOUS
10
2.8900000000000001
20
-6.7300000000000004
11
2.8600000000000003
21
-6.7300000000000004
0
LINE
8
RED2
6
CONTINUOUS
10
2.8000000000000003
20
-6.6500000000000004
11
2.8000000000000003
21
-6.5499999999999998
0
LINE
8
RED2
6
CONTINUOUS
10
2.8500000000000001
20
-6.6500000000000004
11
2.75
21
-6.6500000000000004
0
LINE
8
RED2
6
CONTINUOUS
10
2.8500000000000001
20
-6.5499999999999998
11
2.75
21
-6.5499999999999998
0
LINE
8
RED2
6
CONTINUOUS
10
2.75
20
-6.5499999999999998
11
2.8000000000000003
21
-6.6500000000000004
0
LINE
8
RED2
6
CONTINUOUS
10
2.8000000000000003
20
-6.6500000000000004
11
2.8500000000000001
21
-6.5499999999999998
0
LINE
8
RED2
6
CONTINUOUS
10
2.8000000000000003
20
-6.6500000000000004
11
2.8000000000000003
21
-6.75
0
LINE
8
RED2
6
CONTINUOUS
10
2.8000000000000003
20
-6.5499999999999998
11
2.8000000000000003
21
-6.4500000000000002
0
LINE
8
CYAN2
6
CONTINUOUS
10
2.8862795275590551
20
-6.5327992125984258
11
2.8862795275590551
21
-6.4827992125984251
0
LINE
8
CYAN2
6
CONTINUOUS
10
2.8862795275590551
20
-6.4827992125984251
11
2.898185039370079
21
-6.4827992125984251
0
LINE
8
CYAN2
6
CONTINUOUS
10
2.898185039370079
20
-6.4827992125984251
11
2.9053267716535434
21
-6.4851811023622048
0
LINE
8
CYAN2
6
CONTINUOUS
10
2.9053267716535434
20
-6.4851811023622048
11
2.9100905511811024
21
-6.4899448818897643
0
LINE
8
CYAN2
6
CONTINUOUS
10
2.9100905511811024
20
-6.4899448818897643
11
2.9124724409448821
21
-6.4947047244094493
0
LINE
8
CYAN2
6
CONTINUOUS
10
2.9124724409448821
20
-6.4947047244094493
11
2.9148503937007875
21
-6.504228346456693
0
LINE
8
CYAN2
6
CONTINUOUS
10
2.9148503937007875
20
-6.504228346456693
11
2.9148503937007875
21
-6.5113700787401578
0
LINE
8
CYAN2
6
CONTINUOUS
10
2.9148503937007875
20
-6.5113700787401578
11
2.9124724409448821
21
-6.5208937007874015
0
LINE
8
CYAN2
6
CONTINUOUS
10
2.9124724409448821
20
-6.5208937007874015
11
2.9100905511811024
21
-6.525657480314961
0
LINE
8
CYAN2
6
CONTINUOUS
10
2.9100905511811024
20
-6.525657480314961
11
2.9053267716535434
21
-6.5304212598425195
0
LINE
8
CYAN2
6
CONTINUOUS
10
2.9053267716535434
20
-6.5304212598425195
11
2.898185039370079
21
-6.5327992125984258
0
LINE
8
CYAN2
6
CONTINUOUS
10
2.898185039370079
20
-6.5327992125984258
11
2.8862795275590551
21
-6.5327992125984258
0
LINE
8
CYAN2
6
CONTINUOUS
10
2.9339015748031496
20
-6.4875629921259845
11
2.9362795275590554
21
-6.4851811023622048
0
LINE
8
CYAN2
6
CONTINUOUS
10
2.9362795275590554
20
-6.4851811023622048
11
2.9410433070866144
21
-6.4827992125984251
0
LINE
8
CYAN2
6
CONTINUOUS
10
2.9410433070866144
20
-6.4827992125984251
11
2.9529488188976378
21
-6.4827992125984251
0
LINE
8
CYAN2
6
CONTINUOUS
10
2.9529488188976378
20
-6.4827992125984251
11
2.9577086614173229
21
-6.4851811023622048
0
LINE
8
CYAN2
6
CONTINUOUS
10
2.9577086614173229
20
-6.4851811023622048
11
2.9600905511811026
21
-6.4875629921259845
0
LINE
8
CYAN2
6
CONTINUOUS
10
2.9600905511811026
20
-6.4875629921259845
11
2.9624724409448819
21
-6.4923228346456696
0
LINE
8
CYAN2
6
CONTINUOUS
10
2.9624724409448819
20
-6.4923228346456696
11
2.9624724409448819
21
-6.4970866141732282
0
LINE
8
CYAN2
6
CONTINUOUS
10
2.9624724409448819
20
-6.4970866141732282
11
2.9600905511811026
21
-6.504228346456693
0
LINE
8
CYAN2
6
CONTINUOUS
10
2.9600905511811026
20
-6.504228346456693
11
2.9315196850393703
21
-6.5327992125984258
0
LINE
8
CYAN2
6
CONTINUOUS
10
2.9315196850393703
20
-6.5327992125984258
11
2.9624724409448819
21
-6.5327992125984258
0
LINE
8
CYAN2
6
CONTINUOUS
10
3.0100905511811025
20
-6.5327992125984258
11
2.9815196850393701
21
-6.5327992125984258
0
LINE
8
CYAN2
6
CONTINUOUS
10
2.9958031496062993
20
-6.5327992125984258
11
2.9958031496062993
21
-6.4827992125984251
0
LINE
8
CYAN2
6
CONTINUOUS
10
2.9958031496062993
20
-6.4827992125984251
11
2.9910433070866143
21
-6.4899448818897643
0
LINE
8
CYAN2
6
CONTINUOUS
10
2.9910433070866143
20
-6.4899448818897643
11
2.9862795275590552
21
-6.4947047244094493
0
LINE
8
CYAN2
6
CONTINUOUS
10
2.9862795275590552
20
-6.4947047244094493
11
2.9815196850393701
21
-6.4970866141732282
0
LINE
8
CYAN2
6
CONTINUOUS
10
2.9148503937007875
20
-6.6327992125984254
11
2.898185039370079
21
-6.6089921259842521
0
LINE
8
CYAN2
6
CONTINUOUS
10
2.8862795275590551
20
-6.6327992125984254
11
2.8862795275590551
21
-6.5827992125984256
0
LINE
8
CYAN2
6
CONTINUOUS
10
2.8862795275590551
20
-6.5827992125984256
11
2.9053267716535434
21
-6.5827992125984256
0
LINE
8
CYAN2
6
CONTINUOUS
10
2.9053267716535434
20
-6.5827992125984256
11
2.9100905511811024
21
-6.5851811023622053
0
LINE
8
CYAN2
6
CONTINUOUS
10
2.9100905511811024
20
-6.5851811023622053
11
2.9124724409448821
21
-6.5875629921259842
0
LINE
8
CYAN2
6
CONTINUOUS
10
2.9124724409448821
20
-6.5875629921259842
11
2.9148503937007875
21
-6.5923228346456693
0
LINE
8
CYAN2
6
CONTINUOUS
10
2.9148503937007875
20
-6.5923228346456693
11
2.9148503937007875
21
-6.5994685039370085
0
LINE
8
CYAN2
6
CONTINUOUS
10
2.9148503937007875
20
-6.5994685039370085
11
2.9124724409448821
21
-6.6042283464566935
0
LINE
8
CYAN2
6
CONTINUOUS
10
2.9124724409448821
20
-6.6042283464566935
11
2.9100905511811024
21
-6.6066102362204724
0
LINE
8
CYAN2
6
CONTINUOUS
10
2.9100905511811024
20
-6.6066102362204724
11
2.9053267716535434
21
-6.6089921259842521
0
LINE
8
CYAN2
6
CONTINUOUS
10
2.9053267716535434
20
-6.6089921259842521
11
2.8862795275590551
21
-6.6089921259842521
0
LINE
8
CYAN2
6
CONTINUOUS
10
2.9362795275590554
20
-6.6066102362204724
11
2.9529488188976378
21
-6.6066102362204724
0
LINE
8
CYAN2
6
CONTINUOUS
10
2.9600905511811026
20
-6.6327992125984254
11
2.9362795275590554
21
-6.6327992125984254
0
LINE
8
CYAN2
6
CONTINUOUS
10
2.9362795275590554
20
-6.6327992125984254
11
2.9362795275590554
21
-6.5827992125984256
0
LINE
8
CYAN2
6
CONTINUOUS
10
2.9362795275590554
20
-6.5827992125984256
11
2.9600905511811026
21
-6.5827992125984256
0
LINE
8
CYAN2
6
CONTINUOUS
10
2.9815157480314962
20
-6.6327992125984254
11
2.9815157480314962
21
-6.5827992125984256
0
LINE
8
CYAN2
6
CONTINUOUS
10
2.9815157480314962
20
-6.5827992125984256
11
2.9934212598425196
21
-6.5827992125984256
0
LINE
8
CYAN2
6
CONTINUOUS
10
2.9934212598425196
20
-6.5827992125984256
11
3.0005629921259844
21
-6.5851811023622053
0
LINE
8
CYAN2
6
CONTINUOUS
10
3.0005629921259844
20
-6.5851811023622053
11
3.0053267716535434
21
-6.5899448818897639
0
LINE
8
CYAN2
6
CONTINUOUS
10
3.0053267716535434
20
-6.5899448818897639
11
3.0077086614173227
21
-6.594704724409449
0
LINE
8
CYAN2
6
CONTINUOUS
10
3.0077086614173227
20
-6.594704724409449
11
3.0100866141732285
21
-6.6042283464566935
0
LINE
8
CYAN2
6
CONTINUOUS
10
3.0100866141732285
20
-6.6042283464566935
11
3.0100866141732285
21
-6.6113700787401575
0
LINE
8
CYAN2
6
CONTINUOUS
10
3.0100866141732285
20
-6.6113700787401575
11
3.0077086614173227
21
-6.620893700787402
0
LINE
8
CYAN2
6
CONTINUOUS
10
3.0077086614173227
20
-6.620893700787402
11
3.0053267716535434
21
-6.6256574803149606
0
LINE
8
CYAN2
6
CONTINUOUS
10
3.0053267716535434
20
-6.6256574803149606
11
3.0005629921259844
21
-6.6304212598425201
0
LINE
8
CYAN2
6
CONTINUOUS
10
3.0005629921259844
20
-6.6304212598425201
11
2.9934212598425196
21
-6.6327992125984254
0
LINE
8
CYAN2
6
CONTINUOUS
10
2.9934212598425196
20
-6.6327992125984254
11
2.9815157480314962
21
-6.6327992125984254
0
LINE
8
RED2
6
CONTINUOUS
10
2.7600000000000002
20
-7.1500000000000004
11
2.7600000000000002
21
-6.9500000000000002
0
LINE
8
RED2
6
CONTINUOUS
10
2.7600000000000002
20
-6.9500000000000002
11
2.8400000000000003
21
-6.9500000000000002
0
LINE
8
RED2
6
CONTINUOUS
10
2.8400000000000003
20
-6.9500000000000002
11
2.8400000000000003
21
-7.1500000000000004
0
LINE
8
RED2
6
CONTINUOUS
10
2.8400000000000003
20
-7.1500000000000004
11
2.7600000000000002
21
-7.1500000000000004
0
LINE
8
RED2
6
CONTINUOUS
10
2.8000000000000003
20
-6.9500000000000002
11
2.8000000000000003
21
-6.9000000000000004
0
LINE
8
RED2
6
CONTINUOUS
10
2.8000000000000003
20
-7.1500000000000004
11
2.8000000000000003
21
-7.2000000000000002
0
LINE
8
CYAN2
6
CONTINUOUS
10
2.9448503937007877
20
-7.0227992125984251
11
2.9281850393700788
21
-6.9989921259842518
0
LINE
8
CYAN2
6
CONTINUOUS
10
2.9162795275590554
20
-7.0227992125984251
11
2.9162795275590554
21
-6.9727992125984253
0
LINE
8
CYAN2
6
CONTINUOUS
10
2.9162795275590554
20
-6.9727992125984253
11
2.9353267716535436
21
-6.9727992125984253
0
LINE
8
CYAN2
6
CONTINUOUS
10
2.9353267716535436
20
-6.9727992125984253
11
2.9400905511811026
21
-6.975181102362205
0
LINE
8
CYAN2
6
CONTINUOUS
10
2.9400905511811026
20
-6.975181102362205
11
2.9424724409448819
21
-6.9775629921259847
0
LINE
8
CYAN2
6
CONTINUOUS
10
2.9424724409448819
20
-6.9775629921259847
11
2.9448503937007877
21
-6.9823228346456698
0
LINE
8
CYAN2
6
CONTINUOUS
10
2.9448503937007877
20
-6.9823228346456698
11
2.9448503937007877
21
-6.9894685039370081
0
LINE
8
CYAN2
6
CONTINUOUS
10
2.9448503937007877
20
-6.9894685039370081
11
2.9424724409448819
21
-6.9942283464566932
0
LINE
8
CYAN2
6
CONTINUOUS
10
2.9424724409448819
20
-6.9942283464566932
11
2.9400905511811026
21
-6.996610236220473
0
LINE
8
CYAN2
6
CONTINUOUS
10
2.9400905511811026
20
-6.996610236220473
11
2.9353267716535436
21
-6.9989921259842518
0
LINE
8
CYAN2
6
CONTINUOUS
10
2.9353267716535436
20
-6.9989921259842518
11
2.9162795275590554
21
-6.9989921259842518
0
LINE
8
CYAN2
6
CONTINUOUS
10
2.9639015748031499
20
-6.9775629921259847
11
2.9662795275590552
21
-6.975181102362205
0
LINE
8
CYAN2
6
CONTINUOUS
10
2.9662795275590552
20
-6.975181102362205
11
2.9710433070866142
21
-6.9727992125984253
0
LINE
8
CYAN2
6
CONTINUOUS
10
2.9710433070866142
20
-6.9727992125984253
11
2.9829488188976381
21
-6.9727992125984253
0
LINE
8
CYAN2
6
CONTINUOUS
10
2.9829488188976381
20
-6.9727992125984253
11
2.9877086614173232
21
-6.975181102362205
0
LINE
8
CYAN2
6
CONTINUOUS
10
2.9877086614173232
20
-6.975181102362205
11
2.9900905511811025
21
-6.9775629921259847
0
LINE
8
CYAN2
6
CONTINUOUS
10
2.9900905511811025
20
-6.9775629921259847
11
2.9924724409448822
21
-6.9823228346456698
0
LINE
8
CYAN2
6
CONTINUOUS
10
2.9924724409448822
20
-6.9823228346456698
11
2.9924724409448822
21
-6.9870866141732284
0
LINE
8
CYAN2
6
CONTINUOUS
10
2.9924724409448822
20
-6.9870866141732284
11
2.9900905511811025
21
-6.9942283464566932
0
LINE
8
CYAN2
6
CONTINUOUS
10
2.9900905511811025
20
-6.9942283464566932
11
2.9615196850393701
21
-7.0227992125984251
0
LINE
8
CYAN2
6
CONTINUOUS
10
2.9615196850393701
20
-7.0227992125984251
11
2.9924724409448822
21
-7.0227992125984251
0
LINE
8
CYAN2
6
CONTINUOUS
10
3.016279527559055
20
-7.0227992125984251
11
3.0258031496062991
21
-7.0227992125984251
0
LINE
8
CYAN2
6
CONTINUOUS
10
3.0258031496062991
20
-7.0227992125984251
11
3.0305669291338582
21
-7.0204212598425197
0
LINE
8
CYAN2
6
CONTINUOUS
10
3.0305669291338582
20
-7.0204212598425197
11
3.032944881889764
21
-7.01803937007874
0
LINE
8
CYAN2
6
CONTINUOUS
10
3.032944881889764
20
-7.01803937007874
11
3.037708661417323
21
-7.0108937007874017
0
LINE
8
CYAN2
6
CONTINUOUS
10
3.037708661417323
20
-7.0108937007874017
11
3.0400905511811023
21
-7.001370078740158
0
LINE
8
CYAN2
6
CONTINUOUS
10
3.0400905511811023
20
-7.001370078740158
11
3.0400905511811023
21
-6.9823228346456698
0
LINE
8
CYAN2
6
CONTINUOUS
10
3.0400905511811023
20
-6.9823228346456698
11
3.037708661417323
21
-6.9775629921259847
0
LINE
8
CYAN2
6
CONTINUOUS
10
3.037708661417323
20
-6.9775629921259847
11
3.0353267716535433
21
-6.975181102362205
0
LINE
8
CYAN2
6
CONTINUOUS
10
3.0353267716535433
20
-6.975181102362205
11
3.0305669291338582
21
-6.9727992125984253
0
LINE
8
CYAN2
6
CONTINUOUS
10
3.0305669291338582
20
-6.9727992125984253
11
3.0210433070866145
21
-6.9727992125984253
0
LINE
8
CYAN2
6
CONTINUOUS
10
3.0210433070866145
20
-6.9727992125984253
11
3.016279527559055
21
-6.975181102362205
0
LINE
8
CYAN2
6
CONTINUOUS
10
3.016279527559055
20
-6.975181102362205
11
3.0138976377952758
21
-6.9775629921259847
0
LINE
8
CYAN2
6
CONTINUOUS
10
3.0138976377952758
20
-6.9775629921259847
11
3.0115196850393704
21
-6.9823228346456698
0
LINE
8
CYAN2
6
CONTINUOUS
10
3.0115196850393704
20
-6.9823228346456698
11
3.0115196850393704
21
-6.9942283464566932
0
LINE
8
CYAN2
6
CONTINUOUS
10
3.0115196850393704
20
-6.9942283464566932
11
3.0138976377952758
21
-6.9989921259842518
0
LINE
8
CYAN2
6
CONTINUOUS
10
3.0138976377952758
20
-6.9989921259842518
11
3.016279527559055
21
-7.001370078740158
0
LINE
8
CYAN2
6
CONTINUOUS
10
3.016279527559055
20
-7.001370078740158
11
3.0210433070866145
21
-7.0037519685039369
0
LINE
8
CYAN2
6
CONTINUOUS
10
3.0210433070866145
20
-7.0037519685039369
11
3.0305669291338582
21
-7.0037519685039369
0
LINE
8
CYAN2
6
CONTINUOUS
10
3.0305669291338582
20
-7.0037519685039369
11
3.0353267716535433
21
-7.001370078740158
0
LINE
8
CYAN2
6
CONTINUOUS
10
3.0353267716535433
20
-7.001370078740158
11
3.037708661417323
21
-6.9989921259842518
0
LINE
8
CYAN2
6
CONTINUOUS
10
3.037708661417323
20
-6.9989921259842518
11
3.0400905511811023
21
-6.9942283464566932
0
LINE
8
CYAN2
6
CONTINUOUS
10
2.9139015748031496
20
-7.0775629921259844
11
2.9162795275590554
21
-7.0751811023622047
0
LINE
8
CYAN2
6
CONTINUOUS
10
2.9162795275590554
20
-7.0751811023622047
11
2.9210433070866144
21
-7.0727992125984258
0
LINE
8
CYAN2
6
CONTINUOUS
10
2.9210433070866144
20
-7.0727992125984258
11
2.9329488188976378
21
-7.0727992125984258
0
LINE
8
CYAN2
6
CONTINUOUS
10
2.9329488188976378
20
-7.0727992125984258
11
2.9377086614173229
21
-7.0751811023622047
0
LINE
8
CYAN2
6
CONTINUOUS
10
2.9377086614173229
20
-7.0751811023622047
11
2.9400905511811026
21
-7.0775629921259844
0
LINE
8
CYAN2
6
CONTINUOUS
10
2.9400905511811026
20
-7.0775629921259844
11
2.9424724409448819
21
-7.0823228346456695
0
LINE
8
CYAN2
6
CONTINUOUS
10
2.9424724409448819
20
-7.0823228346456695
11
2.9424724409448819
21
-7.0870866141732289
0
LINE
8
CYAN2
6
CONTINUOUS
10
2.9424724409448819
20
-7.0870866141732289
11
2.9400905511811026
21
-7.0942283464566929
0
LINE
8
CYAN2
6
CONTINUOUS
10
2.9400905511811026
20
-7.0942283464566929
11
2.9115196850393703
21
-7.1227992125984256
0
LINE
8
CYAN2
6
CONTINUOUS
10
2.9115196850393703
20
-7.1227992125984256
11
2.9424724409448819
21
-7.1227992125984256
0
LINE
8
CYAN2
6
CONTINUOUS
10
2.9615196850393701
20
-7.0775629921259844
11
2.9638976377952755
21
-7.0751811023622047
0
LINE
8
CYAN2
6
CONTINUOUS
10
2.9638976377952755
20
-7.0751811023622047
11
2.968661417322835
21
-7.0727992125984258
0
LINE
8
CYAN2
6
CONTINUOUS
10
2.968661417322835
20
-7.0727992125984258
11
2.9805669291338583
21
-7.0727992125984258
0
LINE
8
CYAN2
6
CONTINUOUS
10
2.9805669291338583
20
-7.0727992125984258
11
2.9853267716535434
21
-7.0751811023622047
0
LINE
8
CYAN2
6
CONTINUOUS
10
2.9853267716535434
20
-7.0751811023622047
11
2.9877086614173232
21
-7.0775629921259844
0
LINE
8
CYAN2
6
CONTINUOUS
10
2.9877086614173232
20
-7.0775629921259844
11
2.9900905511811025
21
-7.0823228346456695
0
LINE
8
CYAN2
6
CONTINUOUS
10
2.9900905511811025
20
-7.0823228346456695
11
2.9900905511811025
21
-7.0870866141732289
0
LINE
8
CYAN2
6
CONTINUOUS
10
2.9900905511811025
20
-7.0870866141732289
11
2.9877086614173232
21
-7.0942283464566929
0
LINE
8
CYAN2
6
CONTINUOUS
10
2.9877086614173232
20
-7.0942283464566929
11
2.9591377952755908
21
-7.1227992125984256
0
LINE
8
CYAN2
6
CONTINUOUS
10
2.9591377952755908
20
-7.1227992125984256
11
2.9900905511811025
21
-7.1227992125984256
0
LINE
8
CYAN2
6
CONTINUOUS
10
3.0210393700787401
20
-7.0727992125984258
11
3.0258031496062991
21
-7.0727992125984258
0
LINE
8
CYAN2
6
CONTINUOUS
10
3.0258031496062991
20
-7.0727992125984258
11
3.0305629921259842
21
-7.0751811023622047
0
LINE
8
CYAN2
6
CONTINUOUS
10
3.0305629921259842
20
-7.0751811023622047
11
3.032944881889764
21
-7.0775629921259844
0
LINE
8
CYAN2
6
CONTINUOUS
10
3.032944881889764
20
-7.0775629921259844
11
3.0353267716535433
21
-7.0823228346456695
0
LINE
8
CYAN2
6
CONTINUOUS
10
3.0353267716535433
20
-7.0823228346456695
11
3.037708661417323
21
-7.091846456692914
0
LINE
8
CYAN2
6
CONTINUOUS
10
3.037708661417323
20
-7.091846456692914
11
3.037708661417323
21
-7.1037519685039374
0
LINE
8
CYAN2
6
CONTINUOUS
10
3.037708661417323
20
-7.1037519685039374
11
3.0353267716535433
21
-7.1132755905511811
0
LINE
8
CYAN2
6
CONTINUOUS
10
3.0353267716535433
20
-7.1132755905511811
11
3.032944881889764
21
-7.1180393700787405
0
LINE
8
CYAN2
6
CONTINUOUS
10
3.032944881889764
20
-7.1180393700787405
11
3.0305629921259842
21
-7.1204212598425203
0
LINE
8
CYAN2
6
CONTINUOUS
10
3.0305629921259842
20
-7.1204212598425203
11
3.0258031496062991
21
-7.1227992125984256
0
LINE
8
CYAN2
6
CONTINUOUS
10
3.0258031496062991
20
-7.1227992125984256
11
3.0210393700787401
21
-7.1227992125984256
0
LINE
8
CYAN2
6
CONTINUOUS
10
3.0210393700787401
20
-7.1227992125984256
11
3.016279527559055
21
-7.1204212598425203
0
LINE
8
CYAN2
6
CONTINUOUS
10
3.016279527559055
20
-7.1204212598425203
11
3.0138976377952758
21
-7.1180393700787405
0
LINE
8
CYAN2
6
CONTINUOUS
10
3.0138976377952758
20
-7.1180393700787405
11
3.011515748031496
21
-7.1132755905511811
0
LINE
8
CYAN2
6
CONTINUOUS
10
3.011515748031496
20
-7.1132755905511811
11
3.0091377952755907
21
-7.1037519685039374
0
LINE
8
CYAN2
6
CONTINUOUS
10
3.0091377952755907
20
-7.1037519685039374
11
3.0091377952755907
21
-7.091846456692914
0
LINE
8
CYAN2
6
CONTINUOUS
10
3.0091377952755907
20
-7.091846456692914
11
3.011515748031496
21
-7.0823228346456695
0
LINE
8
CYAN2
6
CONTINUOUS
10
3.011515748031496
20
-7.0823228346456695
11
3.0138976377952758
21
-7.0775629921259844
0
LINE
8
CYAN2
6
CONTINUOUS
10
3.0138976377952758
20
-7.0775629921259844
11
3.016279527559055
21
-7.0751811023622047
0
LINE
8
CYAN2
6
CONTINUOUS
10
3.016279527559055
20
-7.0751811023622047
11
3.0210393700787401
21
-7.0727992125984258
0
LINE
8
BROWN2
6
CONTINUOUS
10
6.2711338582677172
20
-6.0585196850393706
11
6.2949409448818896
21
-6.0585196850393706
0
LINE
8
BROWN2
6
CONTINUOUS
10
6.2663700787401577
20
-6.0728031496062993
11
6.2830354330708662
21
-6.0228031496062995
0
LINE
8
BROWN2
6
CONTINUOUS
10
6.2830354330708662
20
-6.0228031496062995
11
6.2997047244094491
21
-6.0728031496062993
0
LINE
8
BROWN2
6
CONTINUOUS
10
6.3044685039370085
20
-6.0775669291338588
11
6.3425629921259841
21
-6.0775669291338588
0
LINE
8
BROWN2
6
CONTINUOUS
10
6.3782755905511817
20
-6.0228031496062995
11
6.354464566929134
21
-6.0228031496062995
0
LINE
8
BROWN2
6
CONTINUOUS
10
6.354464566929134
20
-6.0228031496062995
11
6.3520866141732286
21
-6.0466141732283463
0
LINE
8
BROWN2
6
CONTINUOUS
10
6.3520866141732286
20
-6.0466141732283463
11
6.354464566929134
21
-6.0442322834645674
0
LINE
8
BROWN2
6
CONTINUOUS
10
6.354464566929134
20
-6.0442322834645674
11
6.3592283464566934
21
-6.0418503937007877
0
LINE
8
BROWN2
6
CONTINUOUS
10
6.3592283464566934
20
-6.0418503937007877
11
6.3711338582677168
21
-6.0418503937007877
0
LINE
8
BROWN2
6
CONTINUOUS
10
6.3711338582677168
20
-6.0418503937007877
11
6.3758937007874019
21
-6.0442322834645674
0
LINE
8
BROWN2
6
CONTINUOUS
10
6.3758937007874019
20
-6.0442322834645674
11
6.3782755905511817
21
-6.0466141732283463
0
LINE
8
BROWN2
6
CONTINUOUS
10
6.3782755905511817
20
-6.0466141732283463
11
6.3806574803149605
21
-6.0513740157480314
0
LINE
8
BROWN2
6
CONTINUOUS
10
6.3806574803149605
20
-6.0513740157480314
11
6.3806574803149605
21
-6.0632795275590556
0
LINE
8
BROWN2
6
CONTINUOUS
10
6.3806574803149605
20
-6.0632795275590556
11
6.3782755905511817
21
-6.0680433070866142
0
LINE
8
BROWN2
6
CONTINUOUS
10
6.3782755905511817
20
-6.0680433070866142
11
6.3758937007874019
21
-6.0704251968503939
0
LINE
8
BROWN2
6
CONTINUOUS
10
6.3758937007874019
20
-6.0704251968503939
11
6.3711338582677168
21
-6.0728031496062993
0
LINE
8
BROWN2
6
CONTINUOUS
10
6.3711338582677168
20
-6.0728031496062993
11
6.3592283464566934
21
-6.0728031496062993
0
LINE
8
BROWN2
6
CONTINUOUS
10
6.3592283464566934
20
-6.0728031496062993
11
6.354464566929134
21
-6.0704251968503939
0
LINE
8
BROWN2
6
CONTINUOUS
10
6.354464566929134
20
-6.0704251968503939
11
6.3520866141732286
21
-6.0680433070866142
0
LINE
8
BROWN2
6
CONTINUOUS
10
6.25
20
-6.0499999999999998
11
6.2250000000000005
21
-6.0250000000000004
0
LINE
8
BROWN2
6
CONTINUOUS
10
6.2250000000000005
20
-6.0250000000000004
11
6.2000000000000002
21
-6.0250000000000004
0
LINE
8
BROWN2
6
CONTINUOUS
10
6.2000000000000002
20
-6.0250000000000004
11
6.2000000000000002
21
-6.0750000000000002
0
LINE
8
BROWN2
6
CONTINUOUS
10
6.2000000000000002
20
-6.0750000000000002
11
6.2250000000000005
21
-6.0750000000000002
0
LINE
8
BROWN2
6
CONTINUOUS
10
6.2250000000000005
20
-6.0750000000000002
11
6.25
21
-6.0499999999999998
0
LINE
8
BROWN2
6
CONTINUOUS
10
1.0383858267716535
20
-1.6180433070866143
11
1.0360078740157481
21
-1.6204251968503938
0
LINE
8
BROWN2
6
CONTINUOUS
10
1.0360078740157481
20
-1.6204251968503938
11
1.0288622047244096
21
-1.6228031496062993
0
LINE
8
BROWN2
6
CONTINUOUS
10
1.0288622047244096
20
-1.6228031496062993
11
1.0241023622047245
21
-1.6228031496062993
0
LINE
8
BROWN2
6
CONTINUOUS
10
1.0241023622047245
20
-1.6228031496062993
11
1.0169606299212599
21
-1.6204251968503938
0
LINE
8
BROWN2
6
CONTINUOUS
10
1.0169606299212599
20
-1.6204251968503938
11
1.0121968503937009
21
-1.6156614173228347
0
LINE
8
BROWN2
6
CONTINUOUS
10
1.0121968503937009
20
-1.6156614173228347
11
1.0098149606299214
21
-1.6108976377952757
0
LINE
8
BROWN2
6
CONTINUOUS
10
1.0098149606299214
20
-1.6108976377952757
11
1.0074370078740158
21
-1.6013740157480316
0
LINE
8
BROWN2
6
CONTINUOUS
10
1.0074370078740158
20
-1.6013740157480316
11
1.0074370078740158
21
-1.594232283464567
0
LINE
8
BROWN2
6
CONTINUOUS
10
1.0074370078740158
20
-1.594232283464567
11
1.0098149606299214
21
-1.5847086614173229
0
LINE
8
BROWN2
6
CONTINUOUS
10
1.0098149606299214
20
-1.5847086614173229
11
1.0121968503937009
21
-1.5799488188976378
0
LINE
8
BROWN2
6
CONTINUOUS
10
1.0121968503937009
20
-1.5799488188976378
11
1.0169606299212599
21
-1.5751850393700788
0
LINE
8
BROWN2
6
CONTINUOUS
10
1.0169606299212599
20
-1.5751850393700788
11
1.0241023622047245
21
-1.5728031496062993
0
LINE
8
BROWN2
6
CONTINUOUS
10
1.0241023622047245
20
-1.5728031496062993
11
1.0288622047244096
21
-1.5728031496062993
0
LINE
8
BROWN2
6
CONTINUOUS
10
1.0288622047244096
20
-1.5728031496062993
11
1.0360078740157481
21
-1.5751850393700788
0
LINE
8
BROWN2
6
CONTINUOUS
10
1.0360078740157481
20
-1.5751850393700788
11
1.0383858267716535
21
-1.5775669291338583
0
LINE
8
BROWN2
6
CONTINUOUS
10
1.0836259842519687
20
-1.6228031496062993
11
1.0598149606299212
21
-1.6228031496062993
0
LINE
8
BROWN2
6
CONTINUOUS
10
1.0598149606299212
20
-1.6228031496062993
11
1.0598149606299212
21
-1.5728031496062993
0
LINE
8
BROWN2
6
CONTINUOUS
10
1.1002913385826771
20
-1.6228031496062993
11
1.1002913385826771
21
-1.5728031496062993
0
LINE
8
BROWN2
6
CONTINUOUS
10
1.1288622047244095
20
-1.6228031496062993
11
1.1074370078740159
21
-1.594232283464567
0
LINE
8
BROWN2
6
CONTINUOUS
10
1.1288622047244095
20
-1.5728031496062993
11
1.1002913385826771
21
-1.6013740157480316
0
LINE
8
BROWN2
6
CONTINUOUS
10
1.2
20
-1.6000000000000001
11
1.175
21
-1.575
0
LINE
8
BROWN2
6
CONTINUOUS
10
1.175
20
-1.575
11
1.1500000000000001
21
-1.575
0
LINE
8
BROWN2
6
CONTINUOUS
10
1.1500000000000001
20
-1.575
11
1.1500000000000001
21
-1.625
0
LINE
8
BROWN2
6
CONTINUOUS
10
1.1500000000000001
20
-1.625
11
1.175
21
-1.625
0
LINE
8
BROWN2
6
CONTINUOUS
10
1.175
20
-1.625
11
1.2
21
-1.6000000000000001
0
LINE
8
BROWN2
6
CONTINUOUS
10
0.9312480314960631
20
-1.1466141732283466
11
0.9383897637795275
21
-1.1489960629921261
0
LINE
8
BROWN2
6
CONTINUOUS
10
0.9383897637795275
20
-1.1489960629921261
11
0.9407716535433072
21
-1.1513740157480314
0
LINE
8
BROWN2
6
CONTINUOUS
10
0.9407716535433072
20
-1.1513740157480314
11
0.9431496062992126
21
-1.1561377952755907
0
LINE
8
BROWN2
6
CONTINUOUS
10
0.9431496062992126
20
-1.1561377952755907
11
0.9431496062992126
21
-1.1632795275590551
0
LINE
8
BROWN2
6
CONTINUOUS
10
0.9431496062992126
20
-1.1632795275590551
11
0.9407716535433072
21
-1.1680433070866143
0
LINE
8
BROWN2
6
CONTINUOUS
10
0.9407716535433072
20
-1.1680433070866143
11
0.9383897637795275
21
-1.1704251968503938
0
LINE
8
BROWN2
6
CONTINUOUS
10
0.9383897637795275
20
-1.1704251968503938
11
0.9336259842519685
21
-1.1728031496062992
0
LINE
8
BROWN2
6
CONTINUOUS
10
0.9336259842519685
20
-1.1728031496062992
11
0.9145787401574803
21
-1.1728031496062992
0
LINE
8
BROWN2
6
CONTINUOUS
10
0.9145787401574803
20
-1.1728031496062992
11
0.9145787401574803
21
-1.1228031496062993
0
LINE
8
BROWN2
6
CONTINUOUS
10
0.9145787401574803
20
-1.1228031496062993
11
0.9312480314960631
21
-1.1228031496062993
0
LINE
8
BROWN2
6
CONTINUOUS
10
0.9312480314960631
20
-1.1228031496062993
11
0.936007874015748
21
-1.1251850393700789
0
LINE
8
BROWN2
6
CONTINUOUS
10
0.936007874015748
20
-1.1251850393700789
11
0.9383897637795275
21
-1.1275669291338584
0
LINE
8
BROWN2
6
CONTINUOUS
10
0.9383897637795275
20
-1.1275669291338584
11
0.9407716535433072
21
-1.1323267716535435
0
LINE
8
BROWN2
6
CONTINUOUS
10
0.9407716535433072
20
-1.1323267716535435
11
0.9407716535433072
21
-1.1370905511811025
0
LINE
8
BROWN2
6
CONTINUOUS
10
0.9407716535433072
20
-1.1370905511811025
11
0.9383897637795275
21
-1.1418503937007873
0
LINE
8
BROWN2
6
CONTINUOUS
10
0.9383897637795275
20
-1.1418503937007873
11
0.936007874015748
21
-1.1442322834645671
0
LINE
8
BROWN2
6
CONTINUOUS
10
0.936007874015748
20
-1.1442322834645671
11
0.9312480314960631
21
-1.1466141732283466
0
LINE
8
BROWN2
6
CONTINUOUS
10
0.9312480314960631
20
-1.1466141732283466
11
0.9145787401574803
21
-1.1466141732283466
0
LINE
8
BROWN2
6
CONTINUOUS
10
0.9645787401574804
20
-1.1228031496062993
11
0.9645787401574804
21
-1.1632795275590551
0
LINE
8
BROWN2
6
CONTINUOUS
10
0.9645787401574804
20
-1.1632795275590551
11
0.9669606299212599
21
-1.1680433070866143
0
LINE
8
BROWN2
6
CONTINUOUS
10
0.9669606299212599
20
-1.1680433070866143
11
0.9693425196850394
21
-1.1704251968503938
0
LINE
8
BROWN2
6
CONTINUOUS
10
0.9693425196850394
20
-1.1704251968503938
11
0.9741023622047245
21
-1.1728031496062992
0
LINE
8
BROWN2
6
CONTINUOUS
10
0.9741023622047245
20
-1.1728031496062992
11
0.9836259842519686
21
-1.1728031496062992
0
LINE
8
BROWN2
6
CONTINUOUS
10
0.9836259842519686
20
-1.1728031496062992
11
0.9883897637795276
21
-1.1704251968503938
0
LINE
8
BROWN2
6
CONTINUOUS
10
0.9883897637795276
20
-1.1704251968503938
11
0.9907716535433071
21
-1.1680433070866143
0
LINE
8
BROWN2
6
CONTINUOUS
10
0.9907716535433071
20
-1.1680433070866143
11
0.9931496062992127
21
-1.1632795275590551
0
LINE
8
BROWN2
6
CONTINUOUS
10
0.9931496062992127
20
-1.1632795275590551
11
0.9931496062992127
21
-1.1228031496062993
0
LINE
8
BROWN2
6
CONTINUOUS
10
1.0145826771653543
20
-1.1704251968503938
11
1.0217244094488189
21
-1.1728031496062992
0
LINE
8
BROWN2
6
CONTINUOUS
10
1.0217244094488189
20
-1.1728031496062992
11
1.0336299212598425
21
-1.1728031496062992
0
LINE
8
BROWN2
6
CONTINUOUS
10
1.0336299212598425
20
-1.1728031496062992
11
1.0383897637795276
21
-1.1704251968503938
0
LINE
8
BROWN2
6
CONTINUOUS
10
1.0383897637795276
20
-1.1704251968503938
11
1.0407716535433071
21
-1.1680433070866143
0
LINE
8
BROWN2
6
CONTINUOUS
10
1.0407716535433071
20
-1.1680433070866143
11
1.0431535433070867
21
-1.1632795275590551
0
LINE
8
BROWN2
6
CONTINUOUS
10
1.0431535433070867
20
-1.1632795275590551
11
1.0431535433070867
21
-1.1585196850393702
0
LINE
8
BROWN2
6
CONTINUOUS
10
1.0431535433070867
20
-1.1585196850393702
11
1.0407716535433071
21
-1.1537559055118112
0
LINE
8
BROWN2
6
CONTINUOUS
10
1.0407716535433071
20
-1.1537559055118112
11
1.0383897637795276
21
-1.1513740157480314
0
LINE
8
BROWN2
6
CONTINUOUS
10
1.0383897637795276
20
-1.1513740157480314
11
1.0336299212598425
21
-1.1489960629921261
0
LINE
8
BROWN2
6
CONTINUOUS
10
1.0336299212598425
20
-1.1489960629921261
11
1.0241062992125984
21
-1.1466141732283466
0
LINE
8
BROWN2
6
CONTINUOUS
10
1.0241062992125984
20
-1.1466141732283466
11
1.0193425196850394
21
-1.1442322834645671
0
LINE
8
BROWN2
6
CONTINUOUS
10
1.0193425196850394
20
-1.1442322834645671
11
1.0169606299212599
21
-1.1418503937007873
0
LINE
8
BROWN2
6
CONTINUOUS
10
1.0169606299212599
20
-1.1418503937007873
11
1.0145826771653543
21
-1.1370905511811025
0
LINE
8
BROWN2
6
CONTINUOUS
10
1.0145826771653543
20
-1.1370905511811025
11
1.0145826771653543
21
-1.1323267716535435
0
LINE
8
BROWN2
6
CONTINUOUS
10
1.0145826771653543
20
-1.1323267716535435
11
1.0169606299212599
21
-1.1275669291338584
0
LINE
8
BROWN2
6
CONTINUOUS
10
1.0169606299212599
20
-1.1275669291338584
11
1.0193425196850394
21
-1.1251850393700789
0
LINE
8
BROWN2
6
CONTINUOUS
10
1.0193425196850394
20
-1.1251850393700789
11
1.0241062992125984
21
-1.1228031496062993
0
LINE
8
BROWN2
6
CONTINUOUS
10
1.0241062992125984
20
-1.1228031496062993
11
1.0360078740157481
21
-1.1228031496062993
0
LINE
8
BROWN2
6
CONTINUOUS
10
1.0360078740157481
20
-1.1228031496062993
11
1.0431535433070867
21
-1.1251850393700789
0
LINE
8
BROWN2
6
CONTINUOUS
10
1.0526771653543308
20
-1.1775669291338584
11
1.0907716535433072
21
-1.1775669291338584
0
LINE
8
BROWN2
6
CONTINUOUS
10
1.1241023622047244
20
-1.139472440944882
11
1.1241023622047244
21
-1.1728031496062992
0
LINE
8
BROWN2
6
CONTINUOUS
10
1.1121968503937008
20
-1.1204251968503938
11
1.1002952755905513
21
-1.1561377952755907
0
LINE
8
BROWN2
6
CONTINUOUS
10
1.1002952755905513
20
-1.1561377952755907
11
1.131244094488189
21
-1.1561377952755907
0
LINE
8
BROWN2
6
CONTINUOUS
10
1.2
20
-1.1500000000000001
11
1.175
21
-1.125
0
LINE
8
BROWN2
6
CONTINUOUS
10
1.175
20
-1.125
11
1.1500000000000001
21
-1.1500000000000001
0
LINE
8
BROWN2
6
CONTINUOUS
10
1.1500000000000001
20
-1.1500000000000001
11
1.175
21
-1.175
0
LINE
8
BROWN2
6
CONTINUOUS
10
1.175
20
-1.175
11
1.2
21
-1.1500000000000001
0
LINE
8
BROWN2
6
CONTINUOUS
10
0.9312480314960631
20
-0.7466141732283464
11
0.9383897637795275
21
-0.7489960629921261
0
LINE
8
BROWN2
6
CONTINUOUS
10
0.9383897637795275
20
-0.7489960629921261
11
0.9407716535433072
21
-0.7513740157480315
0
LINE
8
BROWN2
6
CONTINUOUS
10
0.9407716535433072
20
-0.7513740157480315
11
0.9431496062992126
21
-0.7561377952755906
0
LINE
8
BROWN2
6
CONTINUOUS
10
0.9431496062992126
20
-0.7561377952755906
11
0.9431496062992126
21
-0.7632795275590551
0
LINE
8
BROWN2
6
CONTINUOUS
10
0.9431496062992126
20
-0.7632795275590551
11
0.9407716535433072
21
-0.7680433070866142
0
LINE
8
BROWN2
6
CONTINUOUS
10
0.9407716535433072
20
-0.7680433070866142
11
0.9383897637795275
21
-0.7704251968503937
0
LINE
8
BROWN2
6
CONTINUOUS
10
0.9383897637795275
20
-0.7704251968503937
11
0.9336259842519685
21
-0.7728031496062993
0
LINE
8
BROWN2
6
CONTINUOUS
10
0.9336259842519685
20
-0.7728031496062993
11
0.9145787401574803
21
-0.7728031496062993
0
LINE
8
BROWN2
6
CONTINUOUS
10
0.9145787401574803
20
-0.7728031496062993
11
0.9145787401574803
21
-0.7228031496062992
0
LINE
8
BROWN2
6
CONTINUOUS
10
0.9145787401574803
20
-0.7228031496062992
11
0.9312480314960631
21
-0.7228031496062992
0
LINE
8
BROWN2
6
CONTINUOUS
10
0.9312480314960631
20
-0.7228031496062992
11
0.936007874015748
21
-0.7251850393700787
0
LINE
8
BROWN2
6
CONTINUOUS
10
0.936007874015748
20
-0.7251850393700787
11
0.9383897637795275
21
-0.7275669291338583
0
LINE
8
BROWN2
6
CONTINUOUS
10
0.9383897637795275
20
-0.7275669291338583
11
0.9407716535433072
21
-0.7323267716535433
0
LINE
8
BROWN2
6
CONTINUOUS
10
0.9407716535433072
20
-0.7323267716535433
11
0.9407716535433072
21
-0.7370905511811023
0
LINE
8
BROWN2
6
CONTINUOUS
10
0.9407716535433072
20
-0.7370905511811023
11
0.9383897637795275
21
-0.7418503937007874
0
LINE
8
BROWN2
6
CONTINUOUS
10
0.9383897637795275
20
-0.7418503937007874
11
0.936007874015748
21
-0.7442322834645669
0
LINE
8
BROWN2
6
CONTINUOUS
10
0.936007874015748
20
-0.7442322834645669
11
0.9312480314960631
21
-0.7466141732283464
0
LINE
8
BROWN2
6
CONTINUOUS
10
0.9312480314960631
20
-0.7466141732283464
11
0.9145787401574803
21
-0.7466141732283464
0
LINE
8
BROWN2
6
CONTINUOUS
10
0.9645787401574804
20
-0.7228031496062992
11
0.9645787401574804
21
-0.7632795275590551
0
LINE
8
BROWN2
6
CONTINUOUS
10
0.9645787401574804
20
-0.7632795275590551
11
0.9669606299212599
21
-0.7680433070866142
0
LINE
8
BROWN2
6
CONTINUOUS
10
0.9669606299212599
20
-0.7680433070866142
11
0.9693425196850394
21
-0.7704251968503937
0
LINE
8
BROWN2
6
CONTINUOUS
10
0.9693425196850394
20
-0.7704251968503937
11
0.9741023622047245
21
-0.7728031496062993
0
LINE
8
BROWN2
6
CONTINUOUS
10
0.9741023622047245
20
-0.7728031496062993
11
0.9836259842519686
21
-0.7728031496062993
0
LINE
8
BROWN2
6
CONTINUOUS
10
0.9836259842519686
20
-0.7728031496062993
11
0.9883897637795276
21
-0.7704251968503937
0
LINE
8
BROWN2
6
CONTINUOUS
10
0.9883897637795276
20
-0.7704251968503937
11
0.9907716535433071
21
-0.7680433070866142
0
LINE
8
BROWN2
6
CONTINUOUS
10
0.9907716535433071
20
-0.7680433070866142
11
0.9931496062992127
21
-0.7632795275590551
0
LINE
8
BROWN2
6
CONTINUOUS
10
0.9931496062992127
20
-0.7632795275590551
11
0.9931496062992127
21
-0.7228031496062992
0
LINE
8
BROWN2
6
CONTINUOUS
10
1.0145826771653543
20
-0.7704251968503937
11
1.0217244094488189
21
-0.7728031496062993
0
LINE
8
BROWN2
6
CONTINUOUS
10
1.0217244094488189
20
-0.7728031496062993
11
1.0336299212598425
21
-0.7728031496062993
0
LINE
8
BROWN2
6
CONTINUOUS
10
1.0336299212598425
20
-0.7728031496062993
11
1.0383897637795276
21
-0.7704251968503937
0
LINE
8
BROWN2
6
CONTINUOUS
10
1.0383897637795276
20
-0.7704251968503937
11
1.0407716535433071
21
-0.7680433070866142
0
LINE
8
BROWN2
6
CONTINUOUS
10
1.0407716535433071
20
-0.7680433070866142
11
1.0431535433070867
21
-0.7632795275590551
0
LINE
8
BROWN2
6
CONTINUOUS
10
1.0431535433070867
20
-0.7632795275590551
11
1.0431535433070867
21
-0.7585196850393701
0
LINE
8
BROWN2
6
CONTINUOUS
10
1.0431535433070867
20
-0.7585196850393701
11
1.0407716535433071
21
-0.753755905511811
0
LINE
8
BROWN2
6
CONTINUOUS
10
1.0407716535433071
20
-0.753755905511811
11
1.0383897637795276
21
-0.7513740157480315
0
LINE
8
BROWN2
6
CONTINUOUS
10
1.0383897637795276
20
-0.7513740157480315
11
1.0336299212598425
21
-0.7489960629921261
0
LINE
8
BROWN2
6
CONTINUOUS
10
1.0336299212598425
20
-0.7489960629921261
11
1.0241062992125984
21
-0.7466141732283464
0
LINE
8
BROWN2
6
CONTINUOUS
10
1.0241062992125984
20
-0.7466141732283464
11
1.0193425196850394
21
-0.7442322834645669
0
LINE
8
BROWN2
6
CONTINUOUS
10
1.0193425196850394
20
-0.7442322834645669
11
1.0169606299212599
21
-0.7418503937007874
0
LINE
8
BROWN2
6
CONTINUOUS
10
1.0169606299212599
20
-0.7418503937007874
11
1.0145826771653543
21
-0.7370905511811023
0
LINE
8
BROWN2
6
CONTINUOUS
10
1.0145826771653543
20
-0.7370905511811023
11
1.0145826771653543
21
-0.7323267716535433
0
LINE
8
BROWN2
6
CONTINUOUS
10
1.0145826771653543
20
-0.7323267716535433
11
1.0169606299212599
21
-0.7275669291338583
0
LINE
8
BROWN2
6
CONTINUOUS
10
1.0169606299212599
20
-0.7275669291338583
11
1.0193425196850394
21
-0.7251850393700787
0
LINE
8
BROWN2
6
CONTINUOUS
10
1.0193425196850394
20
-0.7251850393700787
11
1.0241062992125984
21
-0.7228031496062992
0
LINE
8
BROWN2
6
CONTINUOUS
10
1.0241062992125984
20
-0.7228031496062992
11
1.0360078740157481
21
-0.7228031496062992
0
LINE
8
BROWN2
6
CONTINUOUS
10
1.0360078740157481
20
-0.7228031496062992
11
1.0431535433070867
21
-0.7251850393700787
0
LINE
8
BROWN2
6
CONTINUOUS
10
1.0526771653543308
20
-0.7775669291338583
11
1.0907716535433072
21
-0.7775669291338583
0
LINE
8
BROWN2
6
CONTINUOUS
10
1.1121968503937008
20
-0.7228031496062992
11
1.11696062992126
21
-0.7228031496062992
0
LINE
8
BROWN2
6
CONTINUOUS
10
1.11696062992126
20
-0.7228031496062992
11
1.1217204724409449
21
-0.7251850393700787
0
LINE
8
BROWN2
6
CONTINUOUS
10
1.1217204724409449
20
-0.7251850393700787
11
1.1241023622047244
21
-0.7275669291338583
0
LINE
8
BROWN2
6
CONTINUOUS
10
1.1241023622047244
20
-0.7275669291338583
11
1.1264842519685039
21
-0.7323267716535433
0
LINE
8
BROWN2
6
CONTINUOUS
10
1.1264842519685039
20
-0.7323267716535433
11
1.1288661417322836
21
-0.7418503937007874
0
LINE
8
BROWN2
6
CONTINUOUS
10
1.1288661417322836
20
-0.7418503937007874
11
1.1288661417322836
21
-0.753755905511811
0
LINE
8
BROWN2
6
CONTINUOUS
10
1.1288661417322836
20
-0.753755905511811
11
1.1264842519685039
21
-0.7632795275590551
0
LINE
8
BROWN2
6
CONTINUOUS
10
1.1264842519685039
20
-0.7632795275590551
11
1.1241023622047244
21
-0.7680433070866142
0
LINE
8
BROWN2
6
CONTINUOUS
10
1.1241023622047244
20
-0.7680433070866142
11
1.1217204724409449
21
-0.7704251968503937
0
LINE
8
BROWN2
6
CONTINUOUS
10
1.1217204724409449
20
-0.7704251968503937
11
1.11696062992126
21
-0.7728031496062993
0
LINE
8
BROWN2
6
CONTINUOUS
10
1.11696062992126
20
-0.7728031496062993
11
1.1121968503937008
21
-0.7728031496062993
0
LINE
8
BROWN2
6
CONTINUOUS
10
1.1121968503937008
20
-0.7728031496062993
11
1.1074370078740159
21
-0.7704251968503937
0
LINE
8
BROWN2
6
CONTINUOUS
10
1.1074370078740159
20
-0.7704251968503937
11
1.1050551181102362
21
-0.7680433070866142
0
LINE
8
BROWN2
6
CONTINUOUS
10
1.1050551181102362
20
-0.7680433070866142
11
1.1026732283464566
21
-0.7632795275590551
0
LINE
8
BROWN2
6
CONTINUOUS
10
1.1026732283464566
20
-0.7632795275590551
11
1.1002952755905513
21
-0.753755905511811
0
LINE
8
BROWN2
6
CONTINUOUS
10
1.1002952755905513
20
-0.753755905511811
11
1.1002952755905513
21
-0.7418503937007874
0
LINE
8
BROWN2
6
CONTINUOUS
10
1.1002952755905513
20
-0.7418503937007874
11
1.1026732283464566
21
-0.7323267716535433
0
LINE
8
BROWN2
6
CONTINUOUS
10
1.1026732283464566
20
-0.7323267716535433
11
1.1050551181102362
21
-0.7275669291338583
0
LINE
8
BROWN2
6
CONTINUOUS
10
1.1050551181102362
20
-0.7275669291338583
11
1.1074370078740159
21
-0.7251850393700787
0
LINE
8
BROWN2
6
CONTINUOUS
10
1.1074370078740159
20
-0.7251850393700787
11
1.1121968503937008
21
-0.7228031496062992
0
LINE
8
BROWN2
6
CONTINUOUS
10
1.2
20
-0.75
11
1.175
21
-0.725
0
LINE
8
BROWN2
6
CONTINUOUS
10
1.175
20
-0.725
11
1.1500000000000001
21
-0.75
0
LINE
8
BROWN2
6
CONTINUOUS
10
1.1500000000000001
20
-0.75
11
1.175
21
-0.775
0
LINE
8
BROWN2
6
CONTINUOUS
10
1.175
20
-0.775
11
1.2
21
-0.75
0
LINE
8
BROWN2
6
CONTINUOUS
10
0.9312480314960631
20
-1.0466141732283465
11
0.9383897637795275
21
-1.048996062992126
0
LINE
8
BROWN2
6
CONTINUOUS
10
0.9383897637795275
20
-1.048996062992126
11
0.9407716535433072
21
-1.0513740157480316
0
LINE
8
BROWN2
6
CONTINUOUS
10
0.9407716535433072
20
-1.0513740157480316
11
0.9431496062992126
21
-1.0561377952755906
0
LINE
8
BROWN2
6
CONTINUOUS
10
0.9431496062992126
20
-1.0561377952755906
11
0.9431496062992126
21
-1.0632795275590552
0
LINE
8
BROWN2
6
CONTINUOUS
10
0.9431496062992126
20
-1.0632795275590552
11
0.9407716535433072
21
-1.0680433070866142
0
LINE
8
BROWN2
6
CONTINUOUS
10
0.9407716535433072
20
-1.0680433070866142
11
0.9383897637795275
21
-1.0704251968503937
0
LINE
8
BROWN2
6
CONTINUOUS
10
0.9383897637795275
20
-1.0704251968503937
11
0.9336259842519685
21
-1.0728031496062993
0
LINE
8
BROWN2
6
CONTINUOUS
10
0.9336259842519685
20
-1.0728031496062993
11
0.9145787401574803
21
-1.0728031496062993
0
LINE
8
BROWN2
6
CONTINUOUS
10
0.9145787401574803
20
-1.0728031496062993
11
0.9145787401574803
21
-1.0228031496062993
0
LINE
8
BROWN2
6
CONTINUOUS
10
0.9145787401574803
20
-1.0228031496062993
11
0.9312480314960631
21
-1.0228031496062993
0
LINE
8
BROWN2
6
CONTINUOUS
10
0.9312480314960631
20
-1.0228031496062993
11
0.936007874015748
21
-1.0251850393700788
0
LINE
8
BROWN2
6
CONTINUOUS
10
0.936007874015748
20
-1.0251850393700788
11
0.9383897637795275
21
-1.0275669291338583
0
LINE
8
BROWN2
6
CONTINUOUS
10
0.9383897637795275
20
-1.0275669291338583
11
0.9407716535433072
21
-1.0323267716535434
0
LINE
8
BROWN2
6
CONTINUOUS
10
0.9407716535433072
20
-1.0323267716535434
11
0.9407716535433072
21
-1.0370905511811024
0
LINE
8
BROWN2
6
CONTINUOUS
10
0.9407716535433072
20
-1.0370905511811024
11
0.9383897637795275
21
-1.0418503937007875
0
LINE
8
BROWN2
6
CONTINUOUS
10
0.9383897637795275
20
-1.0418503937007875
11
0.936007874015748
21
-1.044232283464567
0
LINE
8
BROWN2
6
CONTINUOUS
10
0.936007874015748
20
-1.044232283464567
11
0.9312480314960631
21
-1.0466141732283465
0
LINE
8
BROWN2
6
CONTINUOUS
10
0.9312480314960631
20
-1.0466141732283465
11
0.9145787401574803
21
-1.0466141732283465
0
LINE
8
BROWN2
6
CONTINUOUS
10
0.9645787401574804
20
-1.0228031496062993
11
0.9645787401574804
21
-1.0632795275590552
0
LINE
8
BROWN2
6
CONTINUOUS
10
0.9645787401574804
20
-1.0632795275590552
11
0.9669606299212599
21
-1.0680433070866142
0
LINE
8
BROWN2
6
CONTINUOUS
10
0.9669606299212599
20
-1.0680433070866142
11
0.9693425196850394
21
-1.0704251968503937
0
LINE
8
BROWN2
6
CONTINUOUS
10
0.9693425196850394
20
-1.0704251968503937
11
0.9741023622047245
21
-1.0728031496062993
0
LINE
8
BROWN2
6
CONTINUOUS
10
0.9741023622047245
20
-1.0728031496062993
11
0.9836259842519686
21
-1.0728031496062993
0
LINE
8
BROWN2
6
CONTINUOUS
10
0.9836259842519686
20
-1.0728031496062993
11
0.9883897637795276
21
-1.0704251968503937
0
LINE
8
BROWN2
6
CONTINUOUS
10
0.9883897637795276
20
-1.0704251968503937
11
0.9907716535433071
21
-1.0680433070866142
0
LINE
8
BROWN2
6
CONTINUOUS
10
0.9907716535433071
20
-1.0680433070866142
11
0.9931496062992127
21
-1.0632795275590552
0
LINE
8
BROWN2
6
CONTINUOUS
10
0.9931496062992127
20
-1.0632795275590552
11
0.9931496062992127
21
-1.0228031496062993
0
LINE
8
BROWN2
6
CONTINUOUS
10
1.0145826771653543
20
-1.0704251968503937
11
1.0217244094488189
21
-1.0728031496062993
0
LINE
8
BROWN2
6
CONTINUOUS
10
1.0217244094488189
20
-1.0728031496062993
11
1.0336299212598425
21
-1.0728031496062993
0
LINE
8
BROWN2
6
CONTINUOUS
10
1.0336299212598425
20
-1.0728031496062993
11
1.0383897637795276
21
-1.0704251968503937
0
LINE
8
BROWN2
6
CONTINUOUS
10
1.0383897637795276
20
-1.0704251968503937
11
1.0407716535433071
21
-1.0680433070866142
0
LINE
8
BROWN2
6
CONTINUOUS
10
1.0407716535433071
20
-1.0680433070866142
11
1.0431535433070867
21
-1.0632795275590552
0
LINE
8
BROWN2
6
CONTINUOUS
10
1.0431535433070867
20
-1.0632795275590552
11
1.0431535433070867
21
-1.0585196850393701
0
LINE
8
BROWN2
6
CONTINUOUS
10
1.0431535433070867
20
-1.0585196850393701
11
1.0407716535433071
21
-1.0537559055118111
0
LINE
8
BROWN2
6
CONTINUOUS
10
1.0407716535433071
20
-1.0537559055118111
11
1.0383897637795276
21
-1.0513740157480316
0
LINE
8
BROWN2
6
CONTINUOUS
10
1.0383897637795276
20
-1.0513740157480316
11
1.0336299212598425
21
-1.048996062992126
0
LINE
8
BROWN2
6
CONTINUOUS
10
1.0336299212598425
20
-1.048996062992126
11
1.0241062992125984
21
-1.0466141732283465
0
LINE
8
BROWN2
6
CONTINUOUS
10
1.0241062992125984
20
-1.0466141732283465
11
1.0193425196850394
21
-1.044232283464567
0
LINE
8
BROWN2
6
CONTINUOUS
10
1.0193425196850394
20
-1.044232283464567
11
1.0169606299212599
21
-1.0418503937007875
0
LINE
8
BROWN2
6
CONTINUOUS
10
1.0169606299212599
20
-1.0418503937007875
11
1.0145826771653543
21
-1.0370905511811024
0
LINE
8
BROWN2
6
CONTINUOUS
10
1.0145826771653543
20
-1.0370905511811024
11
1.0145826771653543
21
-1.0323267716535434
0
LINE
8
BROWN2
6
CONTINUOUS
10
1.0145826771653543
20
-1.0323267716535434
11
1.0169606299212599
21
-1.0275669291338583
0
LINE
8
BROWN2
6
CONTINUOUS
10
1.0169606299212599
20
-1.0275669291338583
11
1.0193425196850394
21
-1.0251850393700788
0
LINE
8
BROWN2
6
CONTINUOUS
10
1.0193425196850394
20
-1.0251850393700788
11
1.0241062992125984
21
-1.0228031496062993
0
LINE
8
BROWN2
6
CONTINUOUS
10
1.0241062992125984
20
-1.0228031496062993
11
1.0360078740157481
21
-1.0228031496062993
0
LINE
8
BROWN2
6
CONTINUOUS
10
1.0360078740157481
20
-1.0228031496062993
11
1.0431535433070867
21
-1.0251850393700788
0
LINE
8
BROWN2
6
CONTINUOUS
10
1.0526771653543308
20
-1.0775669291338583
11
1.0907716535433072
21
-1.0775669291338583
0
LINE
8
BROWN2
6
CONTINUOUS
10
1.0979133858267718
20
-1.0228031496062993
11
1.1288661417322836
21
-1.0228031496062993
0
LINE
8
BROWN2
6
CONTINUOUS
10
1.1288661417322836
20
-1.0228031496062993
11
1.1121968503937008
21
-1.0418503937007875
0
LINE
8
BROWN2
6
CONTINUOUS
10
1.1121968503937008
20
-1.0418503937007875
11
1.1193425196850395
21
-1.0418503937007875
0
LINE
8
BROWN2
6
CONTINUOUS
10
1.1193425196850395
20
-1.0418503937007875
11
1.1241023622047244
21
-1.044232283464567
0
LINE
8
BROWN2
6
CONTINUOUS
10
1.1241023622047244
20
-1.044232283464567
11
1.1264842519685039
21
-1.0466141732283465
0
LINE
8
BROWN2
6
CONTINUOUS
10
1.1264842519685039
20
-1.0466141732283465
11
1.1288661417322836
21
-1.0513740157480316
0
LINE
8
BROWN2
6
CONTINUOUS
10
1.1288661417322836
20
-1.0513740157480316
11
1.1288661417322836
21
-1.0632795275590552
0
LINE
8
BROWN2
6
CONTINUOUS
10
1.1288661417322836
20
-1.0632795275590552
11
1.1264842519685039
21
-1.0680433070866142
0
LINE
8
BROWN2
6
CONTINUOUS
10
1.1264842519685039
20
-1.0680433070866142
11
1.1241023622047244
21
-1.0704251968503937
0
LINE
8
BROWN2
6
CONTINUOUS
10
1.1241023622047244
20
-1.0704251968503937
11
1.1193425196850395
21
-1.0728031496062993
0
LINE
8
BROWN2
6
CONTINUOUS
10
1.1193425196850395
20
-1.0728031496062993
11
1.1050551181102362
21
-1.0728031496062993
0
LINE
8
BROWN2
6
CONTINUOUS
10
1.1050551181102362
20
-1.0728031496062993
11
1.1002952755905513
21
-1.0704251968503937
0
LINE
8
BROWN2
6
CONTINUOUS
10
1.1002952755905513
20
-1.0704251968503937
11
1.0979133858267718
21
-1.0680433070866142
0
LINE
8
BROWN2
6
CONTINUOUS
10
1.2
20
-1.05
11
1.175
21
-1.0250000000000001
0
LINE
8
BROWN2
6
CONTINUOUS
10
1.175
20
-1.0250000000000001
11
1.1500000000000001
21
-1.05
0
LINE
8
BROWN2
6
CONTINUOUS
10
1.1500000000000001
20
-1.05
11
1.175
21
-1.075
0
LINE
8
BROWN2
6
CONTINUOUS
10
1.175
20
-1.075
11
1.2
21
-1.05
0
LINE
8
BROWN2
6
CONTINUOUS
10
0.9312480314960631
20
-0.8466141732283465
11
0.9383897637795275
21
-0.848996062992126
0
LINE
8
BROWN2
6
CONTINUOUS
10
0.9383897637795275
20
-0.848996062992126
11
0.9407716535433072
21
-0.8513740157480315
0
LINE
8
BROWN2
6
CONTINUOUS
10
0.9407716535433072
20
-0.8513740157480315
11
0.9431496062992126
21
-0.8561377952755905
0
LINE
8
BROWN2
6
CONTINUOUS
10
0.9431496062992126
20
-0.8561377952755905
11
0.9431496062992126
21
-0.8632795275590551
0
LINE
8
BROWN2
6
CONTINUOUS
10
0.9431496062992126
20
-0.8632795275590551
11
0.9407716535433072
21
-0.8680433070866143
0
LINE
8
BROWN2
6
CONTINUOUS
10
0.9407716535433072
20
-0.8680433070866143
11
0.9383897637795275
21
-0.8704251968503938
0
LINE
8
BROWN2
6
CONTINUOUS
10
0.9383897637795275
20
-0.8704251968503938
11
0.9336259842519685
21
-0.8728031496062992
0
LINE
8
BROWN2
6
CONTINUOUS
10
0.9336259842519685
20
-0.8728031496062992
11
0.9145787401574803
21
-0.8728031496062992
0
LINE
8
BROWN2
6
CONTINUOUS
10
0.9145787401574803
20
-0.8728031496062992
11
0.9145787401574803
21
-0.8228031496062992
0
LINE
8
BROWN2
6
CONTINUOUS
10
0.9145787401574803
20
-0.8228031496062992
11
0.9312480314960631
21
-0.8228031496062992
0
LINE
8
BROWN2
6
CONTINUOUS
10
0.9312480314960631
20
-0.8228031496062992
11
0.936007874015748
21
-0.8251850393700788
0
LINE
8
BROWN2
6
CONTINUOUS
10
0.936007874015748
20
-0.8251850393700788
11
0.9383897637795275
21
-0.8275669291338583
0
LINE
8
BROWN2
6
CONTINUOUS
10
0.9383897637795275
20
-0.8275669291338583
11
0.9407716535433072
21
-0.8323267716535433
0
LINE
8
BROWN2
6
CONTINUOUS
10
0.9407716535433072
20
-0.8323267716535433
11
0.9407716535433072
21
-0.8370905511811024
0
LINE
8
BROWN2
6
CONTINUOUS
10
0.9407716535433072
20
-0.8370905511811024
11
0.9383897637795275
21
-0.8418503937007874
0
LINE
8
BROWN2
6
CONTINUOUS
10
0.9383897637795275
20
-0.8418503937007874
11
0.936007874015748
21
-0.8442322834645669
0
LINE
8
BROWN2
6
CONTINUOUS
10
0.936007874015748
20
-0.8442322834645669
11
0.9312480314960631
21
-0.8466141732283465
0
LINE
8
BROWN2
6
CONTINUOUS
10
0.9312480314960631
20
-0.8466141732283465
11
0.9145787401574803
21
-0.8466141732283465
0
LINE
8
BROWN2
6
CONTINUOUS
10
0.9645787401574804
20
-0.8228031496062992
11
0.9645787401574804
21
-0.8632795275590551
0
LINE
8
BROWN2
6
CONTINUOUS
10
0.9645787401574804
20
-0.8632795275590551
11
0.9669606299212599
21
-0.8680433070866143
0
LINE
8
BROWN2
6
CONTINUOUS
10
0.9669606299212599
20
-0.8680433070866143
11
0.9693425196850394
21
-0.8704251968503938
0
LINE
8
BROWN2
6
CONTINUOUS
10
0.9693425196850394
20
-0.8704251968503938
11
0.9741023622047245
21
-0.8728031496062992
0
LINE
8
BROWN2
6
CONTINUOUS
10
0.9741023622047245
20
-0.8728031496062992
11
0.9836259842519686
21
-0.8728031496062992
0
LINE
8
BROWN2
6
CONTINUOUS
10
0.9836259842519686
20
-0.8728031496062992
11
0.9883897637795276
21
-0.8704251968503938
0
LINE
8
BROWN2
6
CONTINUOUS
10
0.9883897637795276
20
-0.8704251968503938
11
0.9907716535433071
21
-0.8680433070866143
0
LINE
8
BROWN2
6
CONTINUOUS
10
0.9907716535433071
20
-0.8680433070866143
11
0.9931496062992127
21
-0.8632795275590551
0
LINE
8
BROWN2
6
CONTINUOUS
10
0.9931496062992127
20
-0.8632795275590551
11
0.9931496062992127
21
-0.8228031496062992
0
LINE
8
BROWN2
6
CONTINUOUS
10
1.0145826771653543
20
-0.8704251968503938
11
1.0217244094488189
21
-0.8728031496062992
0
LINE
8
BROWN2
6
CONTINUOUS
10
1.0217244094488189
20
-0.8728031496062992
11
1.0336299212598425
21
-0.8728031496062992
0
LINE
8
BROWN2
6
CONTINUOUS
10
1.0336299212598425
20
-0.8728031496062992
11
1.0383897637795276
21
-0.8704251968503938
0
LINE
8
BROWN2
6
CONTINUOUS
10
1.0383897637795276
20
-0.8704251968503938
11
1.0407716535433071
21
-0.8680433070866143
0
LINE
8
BROWN2
6
CONTINUOUS
10
1.0407716535433071
20
-0.8680433070866143
11
1.0431535433070867
21
-0.8632795275590551
0
LINE
8
BROWN2
6
CONTINUOUS
10
1.0431535433070867
20
-0.8632795275590551
11
1.0431535433070867
21
-0.8585196850393702
0
LINE
8
BROWN2
6
CONTINUOUS
10
1.0431535433070867
20
-0.8585196850393702
11
1.0407716535433071
21
-0.853755905511811
0
LINE
8
BROWN2
6
CONTINUOUS
10
1.0407716535433071
20
-0.853755905511811
11
1.0383897637795276
21
-0.8513740157480315
0
LINE
8
BROWN2
6
CONTINUOUS
10
1.0383897637795276
20
-0.8513740157480315
11
1.0336299212598425
21
-0.848996062992126
0
LINE
8
BROWN2
6
CONTINUOUS
10
1.0336299212598425
20
-0.848996062992126
11
1.0241062992125984
21
-0.8466141732283465
0
LINE
8
BROWN2
6
CONTINUOUS
10
1.0241062992125984
20
-0.8466141732283465
11
1.0193425196850394
21
-0.8442322834645669
0
LINE
8
BROWN2
6
CONTINUOUS
10
1.0193425196850394
20
-0.8442322834645669
11
1.0169606299212599
21
-0.8418503937007874
0
LINE
8
BROWN2
6
CONTINUOUS
10
1.0169606299212599
20
-0.8418503937007874
11
1.0145826771653543
21
-0.8370905511811024
0
LINE
8
BROWN2
6
CONTINUOUS
10
1.0145826771653543
20
-0.8370905511811024
11
1.0145826771653543
21
-0.8323267716535433
0
LINE
8
BROWN2
6
CONTINUOUS
10
1.0145826771653543
20
-0.8323267716535433
11
1.0169606299212599
21
-0.8275669291338583
0
LINE
8
BROWN2
6
CONTINUOUS
10
1.0169606299212599
20
-0.8275669291338583
11
1.0193425196850394
21
-0.8251850393700788
0
LINE
8
BROWN2
6
CONTINUOUS
10
1.0193425196850394
20
-0.8251850393700788
11
1.0241062992125984
21
-0.8228031496062992
0
LINE
8
BROWN2
6
CONTINUOUS
10
1.0241062992125984
20
-0.8228031496062992
11
1.0360078740157481
21
-0.8228031496062992
0
LINE
8
BROWN2
6
CONTINUOUS
10
1.0360078740157481
20
-0.8228031496062992
11
1.0431535433070867
21
-0.8251850393700788
0
LINE
8
BROWN2
6
CONTINUOUS
10
1.0526771653543308
20
-0.8775669291338583
11
1.0907716535433072
21
-0.8775669291338583
0
LINE
8
BROWN2
6
CONTINUOUS
10
1.1288661417322836
20
-0.8728031496062992
11
1.1002952755905513
21
-0.8728031496062992
0
LINE
8
BROWN2
6
CONTINUOUS
10
1.1145787401574803
20
-0.8728031496062992
11
1.1145787401574803
21
-0.8228031496062992
0
LINE
8
BROWN2
6
CONTINUOUS
10
1.1145787401574803
20
-0.8228031496062992
11
1.1098188976377954
21
-0.8299488188976378
0
LINE
8
BROWN2
6
CONTINUOUS
10
1.1098188976377954
20
-0.8299488188976378
11
1.1050551181102362
21
-0.8347086614173229
0
LINE
8
BROWN2
6
CONTINUOUS
10
1.1050551181102362
20
-0.8347086614173229
11
1.1002952755905513
21
-0.8370905511811024
0
LINE
8
BROWN2
6
CONTINUOUS
10
1.2
20
-0.85
11
1.175
21
-0.8250000000000001
0
LINE
8
BROWN2
6
CONTINUOUS
10
1.175
20
-0.8250000000000001
11
1.1500000000000001
21
-0.85
0
LINE
8
BROWN2
6
CONTINUOUS
10
1.1500000000000001
20
-0.85
11
1.175
21
-0.875
0
LINE
8
BROWN2
6
CONTINUOUS
10
1.175
20
-0.875
11
1.2
21
-0.85
0
LINE
8
BROWN2
6
CONTINUOUS
10
0.9312480314960631
20
-0.9466141732283465
11
0.9383897637795275
21
-0.948996062992126
0
LINE
8
BROWN2
6
CONTINUOUS
10
0.9383897637795275
20
-0.948996062992126
11
0.9407716535433072
21
-0.9513740157480315
0
LINE
8
BROWN2
6
CONTINUOUS
10
0.9407716535433072
20
-0.9513740157480315
11
0.9431496062992126
21
-0.9561377952755906
0
LINE
8
BROWN2
6
CONTINUOUS
10
0.9431496062992126
20
-0.9561377952755906
11
0.9431496062992126
21
-0.9632795275590551
0
LINE
8
BROWN2
6
CONTINUOUS
10
0.9431496062992126
20
-0.9632795275590551
11
0.9407716535433072
21
-0.9680433070866142
0
LINE
8
BROWN2
6
CONTINUOUS
10
0.9407716535433072
20
-0.9680433070866142
11
0.9383897637795275
21
-0.9704251968503937
0
LINE
8
BROWN2
6
CONTINUOUS
10
0.9383897637795275
20
-0.9704251968503937
11
0.9336259842519685
21
-0.9728031496062992
0
LINE
8
BROWN2
6
CONTINUOUS
10
0.9336259842519685
20
-0.9728031496062992
11
0.9145787401574803
21
-0.9728031496062992
0
LINE
8
BROWN2
6
CONTINUOUS
10
0.9145787401574803
20
-0.9728031496062992
11
0.9145787401574803
21
-0.9228031496062993
0
LINE
8
BROWN2
6
CONTINUOUS
10
0.9145787401574803
20
-0.9228031496062993
11
0.9312480314960631
21
-0.9228031496062993
0
LINE
8
BROWN2
6
CONTINUOUS
10
0.9312480314960631
20
-0.9228031496062993
11
0.936007874015748
21
-0.9251850393700788
0
LINE
8
BROWN2
6
CONTINUOUS
10
0.936007874015748
20
-0.9251850393700788
11
0.9383897637795275
21
-0.9275669291338583
0
LINE
8
BROWN2
6
CONTINUOUS
10
0.9383897637795275
20
-0.9275669291338583
11
0.9407716535433072
21
-0.9323267716535434
0
LINE
8
BROWN2
6
CONTINUOUS
10
0.9407716535433072
20
-0.9323267716535434
11
0.9407716535433072
21
-0.9370905511811024
0
LINE
8
BROWN2
6
CONTINUOUS
10
0.9407716535433072
20
-0.9370905511811024
11
0.9383897637795275
21
-0.9418503937007875
0
LINE
8
BROWN2
6
CONTINUOUS
10
0.9383897637795275
20
-0.9418503937007875
11
0.936007874015748
21
-0.944232283464567
0
LINE
8
BROWN2
6
CONTINUOUS
10
0.936007874015748
20
-0.944232283464567
11
0.9312480314960631
21
-0.9466141732283465
0
LINE
8
BROWN2
6
CONTINUOUS
10
0.9312480314960631
20
-0.9466141732283465
11
0.9145787401574803
21
-0.9466141732283465
0
LINE
8
BROWN2
6
CONTINUOUS
10
0.9645787401574804
20
-0.9228031496062993
11
0.9645787401574804
21
-0.9632795275590551
0
LINE
8
BROWN2
6
CONTINUOUS
10
0.9645787401574804
20
-0.9632795275590551
11
0.9669606299212599
21
-0.9680433070866142
0
LINE
8
BROWN2
6
CONTINUOUS
10
0.9669606299212599
20
-0.9680433070866142
11
0.9693425196850394
21
-0.9704251968503937
0
LINE
8
BROWN2
6
CONTINUOUS
10
0.9693425196850394
20
-0.9704251968503937
11
0.9741023622047245
21
-0.9728031496062992
0
LINE
8
BROWN2
6
CONTINUOUS
10
0.9741023622047245
20
-0.9728031496062992
11
0.9836259842519686
21
-0.9728031496062992
0
LINE
8
BROWN2
6
CONTINUOUS
10
0.9836259842519686
20
-0.9728031496062992
11
0.9883897637795276
21
-0.9704251968503937
0
LINE
8
BROWN2
6
CONTINUOUS
10
0.9883897637795276
20
-0.9704251968503937
11
0.9907716535433071
21
-0.9680433070866142
0
LINE
8
BROWN2
6
CONTINUOUS
10
0.9907716535433071
20
-0.9680433070866142
11
0.9931496062992127
21
-0.9632795275590551
0
LINE
8
BROWN2
6
CONTINUOUS
10
0.9931496062992127
20
-0.9632795275590551
11
0.9931496062992127
21
-0.9228031496062993
0
LINE
8
BROWN2
6
CONTINUOUS
10
1.0145826771653543
20
-0.9704251968503937
11
1.0217244094488189
21
-0.9728031496062992
0
LINE
8
BROWN2
6
CONTINUOUS
10
1.0217244094488189
20
-0.9728031496062992
11
1.0336299212598425
21
-0.9728031496062992
0
LINE
8
BROWN2
6
CONTINUOUS
10
1.0336299212598425
20
-0.9728031496062992
11
1.0383897637795276
21
-0.9704251968503937
0
LINE
8
BROWN2
6
CONTINUOUS
10
1.0383897637795276
20
-0.9704251968503937
11
1.0407716535433071
21
-0.9680433070866142
0
LINE
8
BROWN2
6
CONTINUOUS
10
1.0407716535433071
20
-0.9680433070866142
11
1.0431535433070867
21
-0.9632795275590551
0
LINE
8
BROWN2
6
CONTINUOUS
10
1.0431535433070867
20
-0.9632795275590551
11
1.0431535433070867
21
-0.9585196850393701
0
LINE
8
BROWN2
6
CONTINUOUS
10
1.0431535433070867
20
-0.9585196850393701
11
1.0407716535433071
21
-0.9537559055118111
0
LINE
8
BROWN2
6
CONTINUOUS
10
1.0407716535433071
20
-0.9537559055118111
11
1.0383897637795276
21
-0.9513740157480315
0
LINE
8
BROWN2
6
CONTINUOUS
10
1.0383897637795276
20
-0.9513740157480315
11
1.0336299212598425
21
-0.948996062992126
0
LINE
8
BROWN2
6
CONTINUOUS
10
1.0336299212598425
20
-0.948996062992126
11
1.0241062992125984
21
-0.9466141732283465
0
LINE
8
BROWN2
6
CONTINUOUS
10
1.0241062992125984
20
-0.9466141732283465
11
1.0193425196850394
21
-0.944232283464567
0
LINE
8
BROWN2
6
CONTINUOUS
10
1.0193425196850394
20
-0.944232283464567
11
1.0169606299212599
21
-0.9418503937007875
0
LINE
8
BROWN2
6
CONTINUOUS
10
1.0169606299212599
20
-0.9418503937007875
11
1.0145826771653543
21
-0.9370905511811024
0
LINE
8
BROWN2
6
CONTINUOUS
10
1.0145826771653543
20
-0.9370905511811024
11
1.0145826771653543
21
-0.9323267716535434
0
LINE
8
BROWN2
6
CONTINUOUS
10
1.0145826771653543
20
-0.9323267716535434
11
1.0169606299212599
21
-0.9275669291338583
0
LINE
8
BROWN2
6
CONTINUOUS
10
1.0169606299212599
20
-0.9275669291338583
11
1.0193425196850394
21
-0.9251850393700788
0
LINE
8
BROWN2
6
CONTINUOUS
10
1.0193425196850394
20
-0.9251850393700788
11
1.0241062992125984
21
-0.9228031496062993
0
LINE
8
BROWN2
6
CONTINUOUS
10
1.0241062992125984
20
-0.9228031496062993
11
1.0360078740157481
21
-0.9228031496062993
0
LINE
8
BROWN2
6
CONTINUOUS
10
1.0360078740157481
20
-0.9228031496062993
11
1.0431535433070867
21
-0.9251850393700788
0
LINE
8
BROWN2
6
CONTINUOUS
10
1.0526771653543308
20
-0.9775669291338583
11
1.0907716535433072
21
-0.9775669291338583
0
LINE
8
BROWN2
6
CONTINUOUS
10
1.1002952755905513
20
-0.9275669291338583
11
1.1026732283464566
21
-0.9251850393700788
0
LINE
8
BROWN2
6
CONTINUOUS
10
1.1026732283464566
20
-0.9251850393700788
11
1.1074370078740159
21
-0.9228031496062993
0
LINE
8
BROWN2
6
CONTINUOUS
10
1.1074370078740159
20
-0.9228031496062993
11
1.1193425196850395
21
-0.9228031496062993
0
LINE
8
BROWN2
6
CONTINUOUS
10
1.1193425196850395
20
-0.9228031496062993
11
1.1241023622047244
21
-0.9251850393700788
0
LINE
8
BROWN2
6
CONTINUOUS
10
1.1241023622047244
20
-0.9251850393700788
11
1.1264842519685039
21
-0.9275669291338583
0
LINE
8
BROWN2
6
CONTINUOUS
10
1.1264842519685039
20
-0.9275669291338583
11
1.1288661417322836
21
-0.9323267716535434
0
LINE
8
BROWN2
6
CONTINUOUS
10
1.1288661417322836
20
-0.9323267716535434
11
1.1288661417322836
21
-0.9370905511811024
0
LINE
8
BROWN2
6
CONTINUOUS
10
1.1288661417322836
20
-0.9370905511811024
11
1.1264842519685039
21
-0.944232283464567
0
LINE
8
BROWN2
6
CONTINUOUS
10
1.1264842519685039
20
-0.944232283464567
11
1.0979133858267718
21
-0.9728031496062992
0
LINE
8
BROWN2
6
CONTINUOUS
10
1.0979133858267718
20
-0.9728031496062992
11
1.1288661417322836
21
-0.9728031496062992
0
LINE
8
BROWN2
6
CONTINUOUS
10
1.2
20
-0.9500000000000001
11
1.175
21
-0.925
0
LINE
8
BROWN2
6
CONTINUOUS
10
1.175
20
-0.925
11
1.1500000000000001
21
-0.9500000000000001
0
LINE
8
BROWN2
6
CONTINUOUS
10
1.1500000000000001
20
-0.9500000000000001
11
1.175
21
-0.9750000000000001
0
LINE
8
BROWN2
6
CONTINUOUS
10
1.175
20
-0.9750000000000001
11
1.2
21
-0.9500000000000001
0
LINE
8
BROWN2
6
CONTINUOUS
10
0.9312480314960631
20
-1.2466141732283464
11
0.9383897637795275
21
-1.248996062992126
0
LINE
8
BROWN2
6
CONTINUOUS
10
0.9383897637795275
20
-1.248996062992126
11
0.9407716535433072
21
-1.2513740157480315
0
LINE
8
BROWN2
6
CONTINUOUS
10
0.9407716535433072
20
-1.2513740157480315
11
0.9431496062992126
21
-1.2561377952755906
0
LINE
8
BROWN2
6
CONTINUOUS
10
0.9431496062992126
20
-1.2561377952755906
11
0.9431496062992126
21
-1.2632795275590551
0
LINE
8
BROWN2
6
CONTINUOUS
10
0.9431496062992126
20
-1.2632795275590551
11
0.9407716535433072
21
-1.2680433070866142
0
LINE
8
BROWN2
6
CONTINUOUS
10
0.9407716535433072
20
-1.2680433070866142
11
0.9383897637795275
21
-1.2704251968503937
0
LINE
8
BROWN2
6
CONTINUOUS
10
0.9383897637795275
20
-1.2704251968503937
11
0.9336259842519685
21
-1.2728031496062993
0
LINE
8
BROWN2
6
CONTINUOUS
10
0.9336259842519685
20
-1.2728031496062993
11
0.9145787401574803
21
-1.2728031496062993
0
LINE
8
BROWN2
6
CONTINUOUS
10
0.9145787401574803
20
-1.2728031496062993
11
0.9145787401574803
21
-1.2228031496062992
0
LINE
8
BROWN2
6
CONTINUOUS
10
0.9145787401574803
20
-1.2228031496062992
11
0.9312480314960631
21
-1.2228031496062992
0
LINE
8
BROWN2
6
CONTINUOUS
10
0.9312480314960631
20
-1.2228031496062992
11
0.936007874015748
21
-1.2251850393700787
0
LINE
8
BROWN2
6
CONTINUOUS
10
0.936007874015748
20
-1.2251850393700787
11
0.9383897637795275
21
-1.2275669291338582
0
LINE
8
BROWN2
6
CONTINUOUS
10
0.9383897637795275
20
-1.2275669291338582
11
0.9407716535433072
21
-1.2323267716535433
0
LINE
8
BROWN2
6
CONTINUOUS
10
0.9407716535433072
20
-1.2323267716535433
11
0.9407716535433072
21
-1.2370905511811023
0
LINE
8
BROWN2
6
CONTINUOUS
10
0.9407716535433072
20
-1.2370905511811023
11
0.9383897637795275
21
-1.2418503937007874
0
LINE
8
BROWN2
6
CONTINUOUS
10
0.9383897637795275
20
-1.2418503937007874
11
0.936007874015748
21
-1.2442322834645669
0
LINE
8
BROWN2
6
CONTINUOUS
10
0.936007874015748
20
-1.2442322834645669
11
0.9312480314960631
21
-1.2466141732283464
0
LINE
8
BROWN2
6
CONTINUOUS
10
0.9312480314960631
20
-1.2466141732283464
11
0.9145787401574803
21
-1.2466141732283464
0
LINE
8
BROWN2
6
CONTINUOUS
10
0.9645787401574804
20
-1.2228031496062992
11
0.9645787401574804
21
-1.2632795275590551
0
LINE
8
BROWN2
6
CONTINUOUS
10
0.9645787401574804
20
-1.2632795275590551
11
0.9669606299212599
21
-1.2680433070866142
0
LINE
8
BROWN2
6
CONTINUOUS
10
0.9669606299212599
20
-1.2680433070866142
11
0.9693425196850394
21
-1.2704251968503937
0
LINE
8
BROWN2
6
CONTINUOUS
10
0.9693425196850394
20
-1.2704251968503937
11
0.9741023622047245
21
-1.2728031496062993
0
LINE
8
BROWN2
6
CONTINUOUS
10
0.9741023622047245
20
-1.2728031496062993
11
0.9836259842519686
21
-1.2728031496062993
0
LINE
8
BROWN2
6
CONTINUOUS
10
0.9836259842519686
20
-1.2728031496062993
11
0.9883897637795276
21
-1.2704251968503937
0
LINE
8
BROWN2
6
CONTINUOUS
10
0.9883897637795276
20
-1.2704251968503937
11
0.9907716535433071
21
-1.2680433070866142
0
LINE
8
BROWN2
6
CONTINUOUS
10
0.9907716535433071
20
-1.2680433070866142
11
0.9931496062992127
21
-1.2632795275590551
0
LINE
8
BROWN2
6
CONTINUOUS
10
0.9931496062992127
20
-1.2632795275590551
11
0.9931496062992127
21
-1.2228031496062992
0
LINE
8
BROWN2
6
CONTINUOUS
10
1.0145826771653543
20
-1.2704251968503937
11
1.0217244094488189
21
-1.2728031496062993
0
LINE
8
BROWN2
6
CONTINUOUS
10
1.0217244094488189
20
-1.2728031496062993
11
1.0336299212598425
21
-1.2728031496062993
0
LINE
8
BROWN2
6
CONTINUOUS
10
1.0336299212598425
20
-1.2728031496062993
11
1.0383897637795276
21
-1.2704251968503937
0
LINE
8
BROWN2
6
CONTINUOUS
10
1.0383897637795276
20
-1.2704251968503937
11
1.0407716535433071
21
-1.2680433070866142
0
LINE
8
BROWN2
6
CONTINUOUS
10
1.0407716535433071
20
-1.2680433070866142
11
1.0431535433070867
21
-1.2632795275590551
0
LINE
8
BROWN2
6
CONTINUOUS
10
1.0431535433070867
20
-1.2632795275590551
11
1.0431535433070867
21
-1.2585196850393701
0
LINE
8
BROWN2
6
CONTINUOUS
10
1.0431535433070867
20
-1.2585196850393701
11
1.0407716535433071
21
-1.253755905511811
0
LINE
8
BROWN2
6
CONTINUOUS
10
1.0407716535433071
20
-1.253755905511811
11
1.0383897637795276
21
-1.2513740157480315
0
LINE
8
BROWN2
6
CONTINUOUS
10
1.0383897637795276
20
-1.2513740157480315
11
1.0336299212598425
21
-1.248996062992126
0
LINE
8
BROWN2
6
CONTINUOUS
10
1.0336299212598425
20
-1.248996062992126
11
1.0241062992125984
21
-1.2466141732283464
0
LINE
8
BROWN2
6
CONTINUOUS
10
1.0241062992125984
20
-1.2466141732283464
11
1.0193425196850394
21
-1.2442322834645669
0
LINE
8
BROWN2
6
CONTINUOUS
10
1.0193425196850394
20
-1.2442322834645669
11
1.0169606299212599
21
-1.2418503937007874
0
LINE
8
BROWN2
6
CONTINUOUS
10
1.0169606299212599
20
-1.2418503937007874
11
1.0145826771653543
21
-1.2370905511811023
0
LINE
8
BROWN2
6
CONTINUOUS
10
1.0145826771653543
20
-1.2370905511811023
11
1.0145826771653543
21
-1.2323267716535433
0
LINE
8
BROWN2
6
CONTINUOUS
10
1.0145826771653543
20
-1.2323267716535433
11
1.0169606299212599
21
-1.2275669291338582
0
LINE
8
BROWN2
6
CONTINUOUS
10
1.0169606299212599
20
-1.2275669291338582
11
1.0193425196850394
21
-1.2251850393700787
0
LINE
8
BROWN2
6
CONTINUOUS
10
1.0193425196850394
20
-1.2251850393700787
11
1.0241062992125984
21
-1.2228031496062992
0
LINE
8
BROWN2
6
CONTINUOUS
10
1.0241062992125984
20
-1.2228031496062992
11
1.0360078740157481
21
-1.2228031496062992
0
LINE
8
BROWN2
6
CONTINUOUS
10
1.0360078740157481
20
-1.2228031496062992
11
1.0431535433070867
21
-1.2251850393700787
0
LINE
8
BROWN2
6
CONTINUOUS
10
1.0526771653543308
20
-1.2775669291338583
11
1.0907716535433072
21
-1.2775669291338583
0
LINE
8
BROWN2
6
CONTINUOUS
10
1.1264842519685039
20
-1.2228031496062992
11
1.1026732283464566
21
-1.2228031496062992
0
LINE
8
BROWN2
6
CONTINUOUS
10
1.1026732283464566
20
-1.2228031496062992
11
1.1002952755905513
21
-1.2466141732283464
0
LINE
8
BROWN2
6
CONTINUOUS
10
1.1002952755905513
20
-1.2466141732283464
11
1.1026732283464566
21
-1.2442322834645669
0
LINE
8
BROWN2
6
CONTINUOUS
10
1.1026732283464566
20
-1.2442322834645669
11
1.1074370078740159
21
-1.2418503937007874
0
LINE
8
BROWN2
6
CONTINUOUS
10
1.1074370078740159
20
-1.2418503937007874
11
1.1193425196850395
21
-1.2418503937007874
0
LINE
8
BROWN2
6
CONTINUOUS
10
1.1193425196850395
20
-1.2418503937007874
11
1.1241023622047244
21
-1.2442322834645669
0
LINE
8
BROWN2
6
CONTINUOUS
10
1.1241023622047244
20
-1.2442322834645669
11
1.1264842519685039
21
-1.2466141732283464
0
LINE
8
BROWN2
6
CONTINUOUS
10
1.1264842519685039
20
-1.2466141732283464
11
1.1288661417322836
21
-1.2513740157480315
0
LINE
8
BROWN2
6
CONTINUOUS
10
1.1288661417322836
20
-1.2513740157480315
11
1.1288661417322836
21
-1.2632795275590551
0
LINE
8
BROWN2
6
CONTINUOUS
10
1.1288661417322836
20
-1.2632795275590551
11
1.1264842519685039
21
-1.2680433070866142
0
LINE
8
BROWN2
6
CONTINUOUS
10
1.1264842519685039
20
-1.2680433070866142
11
1.1241023622047244
21
-1.2704251968503937
0
LINE
8
BROWN2
6
CONTINUOUS
10
1.1241023622047244
20
-1.2704251968503937
11
1.1193425196850395
21
-1.2728031496062993
0
LINE
8
BROWN2
6
CONTINUOUS
10
1.1193425196850395
20
-1.2728031496062993
11
1.1074370078740159
21
-1.2728031496062993
0
LINE
8
BROWN2
6
CONTINUOUS
10
1.1074370078740159
20
-1.2728031496062993
11
1.1026732283464566
21
-1.2704251968503937
0
LINE
8
BROWN2
6
CONTINUOUS
10
1.1026732283464566
20
-1.2704251968503937
11
1.1002952755905513
21
-1.2680433070866142
0
LINE
8
BROWN2
6
CONTINUOUS
10
1.2
20
-1.25
11
1.175
21
-1.2250000000000001
0
LINE
8
BROWN2
6
CONTINUOUS
10
1.175
20
-1.2250000000000001
11
1.1500000000000001
21
-1.25
0
LINE
8
BROWN2
6
CONTINUOUS
10
1.1500000000000001
20
-1.25
11
1.175
21
-1.2750000000000001
0
LINE
8
BROWN2
6
CONTINUOUS
10
1.175
20
-1.2750000000000001
11
1.2
21
-1.25
0
LINE
8
BROWN2
6
CONTINUOUS
10
0.9312480314960631
20
-1.3466141732283465
11
0.9383897637795275
21
-1.348996062992126
0
LINE
8
BROWN2
6
CONTINUOUS
10
0.9383897637795275
20
-1.348996062992126
11
0.9407716535433072
21
-1.3513740157480316
0
LINE
8
BROWN2
6
CONTINUOUS
10
0.9407716535433072
20
-1.3513740157480316
11
0.9431496062992126
21
-1.3561377952755906
0
LINE
8
BROWN2
6
CONTINUOUS
10
0.9431496062992126
20
-1.3561377952755906
11
0.9431496062992126
21
-1.3632795275590552
0
LINE
8
BROWN2
6
CONTINUOUS
10
0.9431496062992126
20
-1.3632795275590552
11
0.9407716535433072
21
-1.3680433070866143
0
LINE
8
BROWN2
6
CONTINUOUS
10
0.9407716535433072
20
-1.3680433070866143
11
0.9383897637795275
21
-1.3704251968503938
0
LINE
8
BROWN2
6
CONTINUOUS
10
0.9383897637795275
20
-1.3704251968503938
11
0.9336259842519685
21
-1.3728031496062993
0
LINE
8
BROWN2
6
CONTINUOUS
10
0.9336259842519685
20
-1.3728031496062993
11
0.9145787401574803
21
-1.3728031496062993
0
LINE
8
BROWN2
6
CONTINUOUS
10
0.9145787401574803
20
-1.3728031496062993
11
0.9145787401574803
21
-1.3228031496062993
0
LINE
8
BROWN2
6
CONTINUOUS
10
0.9145787401574803
20
-1.3228031496062993
11
0.9312480314960631
21
-1.3228031496062993
0
LINE
8
BROWN2
6
CONTINUOUS
10
0.9312480314960631
20
-1.3228031496062993
11
0.936007874015748
21
-1.3251850393700788
0
LINE
8
BROWN2
6
CONTINUOUS
10
0.936007874015748
20
-1.3251850393700788
11
0.9383897637795275
21
-1.3275669291338583
0
LINE
8
BROWN2
6
CONTINUOUS
10
0.9383897637795275
20
-1.3275669291338583
11
0.9407716535433072
21
-1.3323267716535434
0
LINE
8
BROWN2
6
CONTINUOUS
10
0.9407716535433072
20
-1.3323267716535434
11
0.9407716535433072
21
-1.3370905511811024
0
LINE
8
BROWN2
6
CONTINUOUS
10
0.9407716535433072
20
-1.3370905511811024
11
0.9383897637795275
21
-1.3418503937007875
0
LINE
8
BROWN2
6
CONTINUOUS
10
0.9383897637795275
20
-1.3418503937007875
11
0.936007874015748
21
-1.344232283464567
0
LINE
8
BROWN2
6
CONTINUOUS
10
0.936007874015748
20
-1.344232283464567
11
0.9312480314960631
21
-1.3466141732283465
0
LINE
8
BROWN2
6
CONTINUOUS
10
0.9312480314960631
20
-1.3466141732283465
11
0.9145787401574803
21
-1.3466141732283465
0
LINE
8
BROWN2
6
CONTINUOUS
10
0.9645787401574804
20
-1.3228031496062993
11
0.9645787401574804
21
-1.3632795275590552
0
LINE
8
BROWN2
6
CONTINUOUS
10
0.9645787401574804
20
-1.3632795275590552
11
0.9669606299212599
21
-1.3680433070866143
0
LINE
8
BROWN2
6
CONTINUOUS
10
0.9669606299212599
20
-1.3680433070866143
11
0.9693425196850394
21
-1.3704251968503938
0
LINE
8
BROWN2
6
CONTINUOUS
10
0.9693425196850394
20
-1.3704251968503938
11
0.9741023622047245
21
-1.3728031496062993
0
LINE
8
BROWN2
6
CONTINUOUS
10
0.9741023622047245
20
-1.3728031496062993
11
0.9836259842519686
21
-1.3728031496062993
0
LINE
8
BROWN2
6
CONTINUOUS
10
0.9836259842519686
20
-1.3728031496062993
11
0.9883897637795276
21
-1.3704251968503938
0
LINE
8
BROWN2
6
CONTINUOUS
10
0.9883897637795276
20
-1.3704251968503938
11
0.9907716535433071
21
-1.3680433070866143
0
LINE
8
BROWN2
6
CONTINUOUS
10
0.9907716535433071
20
-1.3680433070866143
11
0.9931496062992127
21
-1.3632795275590552
0
LINE
8
BROWN2
6
CONTINUOUS
10
0.9931496062992127
20
-1.3632795275590552
11
0.9931496062992127
21
-1.3228031496062993
0
LINE
8
BROWN2
6
CONTINUOUS
10
1.0145826771653543
20
-1.3704251968503938
11
1.0217244094488189
21
-1.3728031496062993
0
LINE
8
BROWN2
6
CONTINUOUS
10
1.0217244094488189
20
-1.3728031496062993
11
1.0336299212598425
21
-1.3728031496062993
0
LINE
8
BROWN2
6
CONTINUOUS
10
1.0336299212598425
20
-1.3728031496062993
11
1.0383897637795276
21
-1.3704251968503938
0
LINE
8
BROWN2
6
CONTINUOUS
10
1.0383897637795276
20
-1.3704251968503938
11
1.0407716535433071
21
-1.3680433070866143
0
LINE
8
BROWN2
6
CONTINUOUS
10
1.0407716535433071
20
-1.3680433070866143
11
1.0431535433070867
21
-1.3632795275590552
0
LINE
8
BROWN2
6
CONTINUOUS
10
1.0431535433070867
20
-1.3632795275590552
11
1.0431535433070867
21
-1.3585196850393702
0
LINE
8
BROWN2
6
CONTINUOUS
10
1.0431535433070867
20
-1.3585196850393702
11
1.0407716535433071
21
-1.3537559055118111
0
LINE
8
BROWN2
6
CONTINUOUS
10
1.0407716535433071
20
-1.3537559055118111
11
1.0383897637795276
21
-1.3513740157480316
0
LINE
8
BROWN2
6
CONTINUOUS
10
1.0383897637795276
20
-1.3513740157480316
11
1.0336299212598425
21
-1.348996062992126
0
LINE
8
BROWN2
6
CONTINUOUS
10
1.0336299212598425
20
-1.348996062992126
11
1.0241062992125984
21
-1.3466141732283465
0
LINE
8
BROWN2
6
CONTINUOUS
10
1.0241062992125984
20
-1.3466141732283465
11
1.0193425196850394
21
-1.344232283464567
0
LINE
8
BROWN2
6
CONTINUOUS
10
1.0193425196850394
20
-1.344232283464567
11
1.0169606299212599
21
-1.3418503937007875
0
LINE
8
BROWN2
6
CONTINUOUS
10
1.0169606299212599
20
-1.3418503937007875
11
1.0145826771653543
21
-1.3370905511811024
0
LINE
8
BROWN2
6
CONTINUOUS
10
1.0145826771653543
20
-1.3370905511811024
11
1.0145826771653543
21
-1.3323267716535434
0
LINE
8
BROWN2
6
CONTINUOUS
10
1.0145826771653543
20
-1.3323267716535434
11
1.0169606299212599
21
-1.3275669291338583
0
LINE
8
BROWN2
6
CONTINUOUS
10
1.0169606299212599
20
-1.3275669291338583
11
1.0193425196850394
21
-1.3251850393700788
0
LINE
8
BROWN2
6
CONTINUOUS
10
1.0193425196850394
20
-1.3251850393700788
11
1.0241062992125984
21
-1.3228031496062993
0
LINE
8
BROWN2
6
CONTINUOUS
10
1.0241062992125984
20
-1.3228031496062993
11
1.0360078740157481
21
-1.3228031496062993
0
LINE
8
BROWN2
6
CONTINUOUS
10
1.0360078740157481
20
-1.3228031496062993
11
1.0431535433070867
21
-1.3251850393700788
0
LINE
8
BROWN2
6
CONTINUOUS
10
1.0526771653543308
20
-1.3775669291338584
11
1.0907716535433072
21
-1.3775669291338584
0
LINE
8
BROWN2
6
CONTINUOUS
10
1.1241023622047244
20
-1.3228031496062993
11
1.1145787401574803
21
-1.3228031496062993
0
LINE
8
BROWN2
6
CONTINUOUS
10
1.1145787401574803
20
-1.3228031496062993
11
1.1098188976377954
21
-1.3251850393700788
0
LINE
8
BROWN2
6
CONTINUOUS
10
1.1098188976377954
20
-1.3251850393700788
11
1.1074370078740159
21
-1.3275669291338583
0
LINE
8
BROWN2
6
CONTINUOUS
10
1.1074370078740159
20
-1.3275669291338583
11
1.1026732283464566
21
-1.3347086614173229
0
LINE
8
BROWN2
6
CONTINUOUS
10
1.1026732283464566
20
-1.3347086614173229
11
1.1002952755905513
21
-1.344232283464567
0
LINE
8
BROWN2
6
CONTINUOUS
10
1.1002952755905513
20
-1.344232283464567
11
1.1002952755905513
21
-1.3632795275590552
0
LINE
8
BROWN2
6
CONTINUOUS
10
1.1002952755905513
20
-1.3632795275590552
11
1.1026732283464566
21
-1.3680433070866143
0
LINE
8
BROWN2
6
CONTINUOUS
10
1.1026732283464566
20
-1.3680433070866143
11
1.1050551181102362
21
-1.3704251968503938
0
LINE
8
BROWN2
6
CONTINUOUS
10
1.1050551181102362
20
-1.3704251968503938
11
1.1098188976377954
21
-1.3728031496062993
0
LINE
8
BROWN2
6
CONTINUOUS
10
1.1098188976377954
20
-1.3728031496062993
11
1.1193425196850395
21
-1.3728031496062993
0
LINE
8
BROWN2
6
CONTINUOUS
10
1.1193425196850395
20
-1.3728031496062993
11
1.1241023622047244
21
-1.3704251968503938
0
LINE
8
BROWN2
6
CONTINUOUS
10
1.1241023622047244
20
-1.3704251968503938
11
1.1264842519685039
21
-1.3680433070866143
0
LINE
8
BROWN2
6
CONTINUOUS
10
1.1264842519685039
20
-1.3680433070866143
11
1.1288661417322836
21
-1.3632795275590552
0
LINE
8
BROWN2
6
CONTINUOUS
10
1.1288661417322836
20
-1.3632795275590552
11
1.1288661417322836
21
-1.3513740157480316
0
LINE
8
BROWN2
6
CONTINUOUS
10
1.1288661417322836
20
-1.3513740157480316
11
1.1264842519685039
21
-1.3466141732283465
0
LINE
8
BROWN2
6
CONTINUOUS
10
1.1264842519685039
20
-1.3466141732283465
11
1.1241023622047244
21
-1.344232283464567
0
LINE
8
BROWN2
6
CONTINUOUS
10
1.1241023622047244
20
-1.344232283464567
11
1.1193425196850395
21
-1.3418503937007875
0
LINE
8
BROWN2
6
CONTINUOUS
10
1.1193425196850395
20
-1.3418503937007875
11
1.1098188976377954
21
-1.3418503937007875
0
LINE
8
BROWN2
6
CONTINUOUS
10
1.1098188976377954
20
-1.3418503937007875
11
1.1050551181102362
21
-1.344232283464567
0
LINE
8
BROWN2
6
CONTINUOUS
10
1.1050551181102362
20
-1.344232283464567
11
1.1026732283464566
21
-1.3466141732283465
0
LINE
8
BROWN2
6
CONTINUOUS
10
1.1026732283464566
20
-1.3466141732283465
11
1.1002952755905513
21
-1.3513740157480316
0
LINE
8
BROWN2
6
CONTINUOUS
10
1.2
20
-1.3500000000000001
11
1.175
21
-1.325
0
LINE
8
BROWN2
6
CONTINUOUS
10
1.175
20
-1.325
11
1.1500000000000001
21
-1.3500000000000001
0
LINE
8
BROWN2
6
CONTINUOUS
10
1.1500000000000001
20
-1.3500000000000001
11
1.175
21
-1.375
0
LINE
8
BROWN2
6
CONTINUOUS
10
1.175
20
-1.375
11
1.2
21
-1.3500000000000001
0
LINE
8
BROWN2
6
CONTINUOUS
10
6.2711338582677172
20
-5.9085196850393702
11
6.2949409448818896
21
-5.9085196850393702
0
LINE
8
BROWN2
6
CONTINUOUS
10
6.2663700787401577
20
-5.9228031496062998
11
6.2830354330708662
21
-5.8728031496062991
0
LINE
8
BROWN2
6
CONTINUOUS
10
6.2830354330708662
20
-5.8728031496062991
11
6.2997047244094491
21
-5.9228031496062998
0
LINE
8
BROWN2
6
CONTINUOUS
10
6.3044685039370085
20
-5.9275669291338584
11
6.3425629921259841
21
-5.9275669291338584
0
LINE
8
BROWN2
6
CONTINUOUS
10
6.3758937007874019
20
-5.889472440944882
11
6.3758937007874019
21
-5.9228031496062998
0
LINE
8
BROWN2
6
CONTINUOUS
10
6.3639881889763785
20
-5.8704251968503938
11
6.3520866141732286
21
-5.9061377952755905
0
LINE
8
BROWN2
6
CONTINUOUS
10
6.3520866141732286
20
-5.9061377952755905
11
6.3830354330708667
21
-5.9061377952755905
0
LINE
8
BROWN2
6
CONTINUOUS
10
6.25
20
-5.9000000000000004
11
6.2250000000000005
21
-5.875
0
LINE
8
BROWN2
6
CONTINUOUS
10
6.2250000000000005
20
-5.875
11
6.2000000000000002
21
-5.875
0
LINE
8
BROWN2
6
CONTINUOUS
10
6.2000000000000002
20
-5.875
11
6.2000000000000002
21
-5.9249999999999998
0
LINE
8
BROWN2
6
CONTINUOUS
10
6.2000000000000002
20
-5.9249999999999998
11
6.2250000000000005
21
-5.9249999999999998
0
LINE
8
BROWN2
6
CONTINUOUS
10
6.2250000000000005
20
-5.9249999999999998
11
6.25
21
-5.9000000000000004
0
LINE
8
BROWN2
6
CONTINUOUS
10
6.2711338582677172
20
-6.3585196850393704
11
6.2949409448818896
21
-6.3585196850393704
0
LINE
8
BROWN2
6
CONTINUOUS
10
6.2663700787401577
20
-6.3728031496062991
11
6.2830354330708662
21
-6.3228031496062993
0
LINE
8
BROWN2
6
CONTINUOUS
10
6.2830354330708662
20
-6.3228031496062993
11
6.2997047244094491
21
-6.3728031496062991
0
LINE
8
BROWN2
6
CONTINUOUS
10
6.3044685039370085
20
-6.3775669291338586
11
6.3425629921259841
21
-6.3775669291338586
0
LINE
8
BROWN2
6
CONTINUOUS
10
6.3497047244094489
20
-6.3228031496062993
11
6.3830354330708667
21
-6.3228031496062993
0
LINE
8
BROWN2
6
CONTINUOUS
10
6.3830354330708667
20
-6.3228031496062993
11
6.3616102362204723
21
-6.3728031496062991
0
LINE
8
BROWN2
6
CONTINUOUS
10
6.25
20
-6.3500000000000005
11
6.2250000000000005
21
-6.3250000000000002
0
LINE
8
BROWN2
6
CONTINUOUS
10
6.2250000000000005
20
-6.3250000000000002
11
6.2000000000000002
21
-6.3250000000000002
0
LINE
8
BROWN2
6
CONTINUOUS
10
6.2000000000000002
20
-6.3250000000000002
11
6.2000000000000002
21
-6.375
0
LINE
8
BROWN2
6
CONTINUOUS
10
6.2000000000000002
20
-6.375
11
6.2250000000000005
21
-6.375
0
LINE
8
BROWN2
6
CONTINUOUS
10
6.2250000000000005
20
-6.375
11
6.25
21
-6.3500000000000005
0
LINE
8
BROWN2
6
CONTINUOUS
10
6.2711338582677172
20
-5.6085196850393704
11
6.2949409448818896
21
-5.6085196850393704
0
LINE
8
BROWN2
6
CONTINUOUS
10
6.2663700787401577
20
-5.6228031496062991
11
6.2830354330708662
21
-5.5728031496062993
0
LINE
8
BROWN2
6
CONTINUOUS
10
6.2830354330708662
20
-5.5728031496062993
11
6.2997047244094491
21
-5.6228031496062991
0
LINE
8
BROWN2
6
CONTINUOUS
10
6.3044685039370085
20
-5.6275669291338586
11
6.3425629921259841
21
-5.6275669291338586
0
LINE
8
BROWN2
6
CONTINUOUS
10
6.3520866141732286
20
-5.5775669291338588
11
6.354464566929134
21
-5.575185039370079
0
LINE
8
BROWN2
6
CONTINUOUS
10
6.354464566929134
20
-5.575185039370079
11
6.3592283464566934
21
-5.5728031496062993
0
LINE
8
BROWN2
6
CONTINUOUS
10
6.3592283464566934
20
-5.5728031496062993
11
6.3711338582677168
21
-5.5728031496062993
0
LINE
8
BROWN2
6
CONTINUOUS
10
6.3711338582677168
20
-5.5728031496062993
11
6.3758937007874019
21
-5.575185039370079
0
LINE
8
BROWN2
6
CONTINUOUS
10
6.3758937007874019
20
-5.575185039370079
11
6.3782755905511817
21
-5.5775669291338588
0
LINE
8
BROWN2
6
CONTINUOUS
10
6.3782755905511817
20
-5.5775669291338588
11
6.3806574803149605
21
-5.5823267716535439
0
LINE
8
BROWN2
6
CONTINUOUS
10
6.3806574803149605
20
-5.5823267716535439
11
6.3806574803149605
21
-5.5870905511811024
0
LINE
8
BROWN2
6
CONTINUOUS
10
6.3806574803149605
20
-5.5870905511811024
11
6.3782755905511817
21
-5.5942322834645672
0
LINE
8
BROWN2
6
CONTINUOUS
10
6.3782755905511817
20
-5.5942322834645672
11
6.3497047244094489
21
-5.6228031496062991
0
LINE
8
BROWN2
6
CONTINUOUS
10
6.3497047244094489
20
-5.6228031496062991
11
6.3806574803149605
21
-5.6228031496062991
0
LINE
8
BROWN2
6
CONTINUOUS
10
6.25
20
-5.6000000000000005
11
6.2250000000000005
21
-5.5750000000000002
0
LINE
8
BROWN2
6
CONTINUOUS
10
6.2250000000000005
20
-5.5750000000000002
11
6.2000000000000002
21
-5.5750000000000002
0
LINE
8
BROWN2
6
CONTINUOUS
10
6.2000000000000002
20
-5.5750000000000002
11
6.2000000000000002
21
-5.625
0
LINE
8
BROWN2
6
CONTINUOUS
10
6.2000000000000002
20
-5.625
11
6.2250000000000005
21
-5.625
0
LINE
8
BROWN2
6
CONTINUOUS
10
6.2250000000000005
20
-5.625
11
6.25
21
-5.6000000000000005
0
LINE
8
BROWN2
6
CONTINUOUS
10
6.2711338582677172
20
-5.7585196850393707
11
6.2949409448818896
21
-5.7585196850393707
0
LINE
8
BROWN2
6
CONTINUOUS
10
6.2663700787401577
20
-5.7728031496062995
11
6.2830354330708662
21
-5.7228031496062997
0
LINE
8
BROWN2
6
CONTINUOUS
10
6.2830354330708662
20
-5.7228031496062997
11
6.2997047244094491
21
-5.7728031496062995
0
LINE
8
BROWN2
6
CONTINUOUS
10
6.3044685039370085
20
-5.7775669291338581
11
6.3425629921259841
21
-5.7775669291338581
0
LINE
8
BROWN2
6
CONTINUOUS
10
6.3497047244094489
20
-5.7228031496062997
11
6.3806574803149605
21
-5.7228031496062997
0
LINE
8
BROWN2
6
CONTINUOUS
10
6.3806574803149605
20
-5.7228031496062997
11
6.3639881889763785
21
-5.7418503937007879
0
LINE
8
BROWN2
6
CONTINUOUS
10
6.3639881889763785
20
-5.7418503937007879
11
6.3711338582677168
21
-5.7418503937007879
0
LINE
8
BROWN2
6
CONTINUOUS
10
6.3711338582677168
20
-5.7418503937007879
11
6.3758937007874019
21
-5.7442322834645667
0
LINE
8
BROWN2
6
CONTINUOUS
10
6.3758937007874019
20
-5.7442322834645667
11
6.3782755905511817
21
-5.7466141732283464
0
LINE
8
BROWN2
6
CONTINUOUS
10
6.3782755905511817
20
-5.7466141732283464
11
6.3806574803149605
21
-5.7513740157480315
0
LINE
8
BROWN2
6
CONTINUOUS
10
6.3806574803149605
20
-5.7513740157480315
11
6.3806574803149605
21
-5.7632795275590549
0
LINE
8
BROWN2
6
CONTINUOUS
10
6.3806574803149605
20
-5.7632795275590549
11
6.3782755905511817
21
-5.7680433070866144
0
LINE
8
BROWN2
6
CONTINUOUS
10
6.3782755905511817
20
-5.7680433070866144
11
6.3758937007874019
21
-5.7704251968503941
0
LINE
8
BROWN2
6
CONTINUOUS
10
6.3758937007874019
20
-5.7704251968503941
11
6.3711338582677168
21
-5.7728031496062995
0
LINE
8
BROWN2
6
CONTINUOUS
10
6.3711338582677168
20
-5.7728031496062995
11
6.3568464566929137
21
-5.7728031496062995
0
LINE
8
BROWN2
6
CONTINUOUS
10
6.3568464566929137
20
-5.7728031496062995
11
6.3520866141732286
21
-5.7704251968503941
0
LINE
8
BROWN2
6
CONTINUOUS
10
6.3520866141732286
20
-5.7704251968503941
11
6.3497047244094489
21
-5.7680433070866144
0
LINE
8
BROWN2
6
CONTINUOUS
10
6.25
20
-5.75
11
6.2250000000000005
21
-5.7250000000000005
0
LINE
8
BROWN2
6
CONTINUOUS
10
6.2250000000000005
20
-5.7250000000000005
11
6.2000000000000002
21
-5.7250000000000005
0
LINE
8
BROWN2
6
CONTINUOUS
10
6.2000000000000002
20
-5.7250000000000005
11
6.2000000000000002
21
-5.7750000000000004
0
LINE
8
BROWN2
6
CONTINUOUS
10
6.2000000000000002
20
-5.7750000000000004
11
6.2250000000000005
21
-5.7750000000000004
0
LINE
8
BROWN2
6
CONTINUOUS
10
6.2250000000000005
20
-5.7750000000000004
11
6.25
21
-5.75
0
LINE
8
BROWN2
6
CONTINUOUS
10
6.2711338582677172
20
-5.3085196850393706
11
6.2949409448818896
21
-5.3085196850393706
0
LINE
8
BROWN2
6
CONTINUOUS
10
6.2663700787401577
20
-5.3228031496062993
11
6.2830354330708662
21
-5.2728031496062995
0
LINE
8
BROWN2
6
CONTINUOUS
10
6.2830354330708662
20
-5.2728031496062995
11
6.2997047244094491
21
-5.3228031496062993
0
LINE
8
BROWN2
6
CONTINUOUS
10
6.3044685039370085
20
-5.3275669291338588
11
6.3425629921259841
21
-5.3275669291338588
0
LINE
8
BROWN2
6
CONTINUOUS
10
6.3639881889763785
20
-5.2728031496062995
11
6.3687519685039371
21
-5.2728031496062995
0
LINE
8
BROWN2
6
CONTINUOUS
10
6.3687519685039371
20
-5.2728031496062995
11
6.3735118110236222
21
-5.2751850393700792
0
LINE
8
BROWN2
6
CONTINUOUS
10
6.3735118110236222
20
-5.2751850393700792
11
6.3758937007874019
21
-5.2775669291338581
0
LINE
8
BROWN2
6
CONTINUOUS
10
6.3758937007874019
20
-5.2775669291338581
11
6.3782755905511817
21
-5.2823267716535431
0
LINE
8
BROWN2
6
CONTINUOUS
10
6.3782755905511817
20
-5.2823267716535431
11
6.3806574803149605
21
-5.2918503937007877
0
LINE
8
BROWN2
6
CONTINUOUS
10
6.3806574803149605
20
-5.2918503937007877
11
6.3806574803149605
21
-5.3037559055118111
0
LINE
8
BROWN2
6
CONTINUOUS
10
6.3806574803149605
20
-5.3037559055118111
11
6.3782755905511817
21
-5.3132795275590556
0
LINE
8
BROWN2
6
CONTINUOUS
10
6.3782755905511817
20
-5.3132795275590556
11
6.3758937007874019
21
-5.3180433070866142
0
LINE
8
BROWN2
6
CONTINUOUS
10
6.3758937007874019
20
-5.3180433070866142
11
6.3735118110236222
21
-5.3204251968503939
0
LINE
8
BROWN2
6
CONTINUOUS
10
6.3735118110236222
20
-5.3204251968503939
11
6.3687519685039371
21
-5.3228031496062993
0
LINE
8
BROWN2
6
CONTINUOUS
10
6.3687519685039371
20
-5.3228031496062993
11
6.3639881889763785
21
-5.3228031496062993
0
LINE
8
BROWN2
6
CONTINUOUS
10
6.3639881889763785
20
-5.3228031496062993
11
6.3592283464566934
21
-5.3204251968503939
0
LINE
8
BROWN2
6
CONTINUOUS
10
6.3592283464566934
20
-5.3204251968503939
11
6.3568464566929137
21
-5.3180433070866142
0
LINE
8
BROWN2
6
CONTINUOUS
10
6.3568464566929137
20
-5.3180433070866142
11
6.354464566929134
21
-5.3132795275590556
0
LINE
8
BROWN2
6
CONTINUOUS
10
6.354464566929134
20
-5.3132795275590556
11
6.3520866141732286
21
-5.3037559055118111
0
LINE
8
BROWN2
6
CONTINUOUS
10
6.3520866141732286
20
-5.3037559055118111
11
6.3520866141732286
21
-5.2918503937007877
0
LINE
8
BROWN2
6
CONTINUOUS
10
6.3520866141732286
20
-5.2918503937007877
11
6.354464566929134
21
-5.2823267716535431
0
LINE
8
BROWN2
6
CONTINUOUS
10
6.354464566929134
20
-5.2823267716535431
11
6.3568464566929137
21
-5.2775669291338581
0
LINE
8
BROWN2
6
CONTINUOUS
10
6.3568464566929137
20
-5.2775669291338581
11
6.3592283464566934
21
-5.2751850393700792
0
LINE
8
BROWN2
6
CONTINUOUS
10
6.3592283464566934
20
-5.2751850393700792
11
6.3639881889763785
21
-5.2728031496062995
0
LINE
8
BROWN2
6
CONTINUOUS
10
6.25
20
-5.2999999999999998
11
6.2250000000000005
21
-5.2750000000000004
0
LINE
8
BROWN2
6
CONTINUOUS
10
6.2250000000000005
20
-5.2750000000000004
11
6.2000000000000002
21
-5.2750000000000004
0
LINE
8
BROWN2
6
CONTINUOUS
10
6.2000000000000002
20
-5.2750000000000004
11
6.2000000000000002
21
-5.3250000000000002
0
LINE
8
BROWN2
6
CONTINUOUS
10
6.2000000000000002
20
-5.3250000000000002
11
6.2250000000000005
21
-5.3250000000000002
0
LINE
8
BROWN2
6
CONTINUOUS
10
6.2250000000000005
20
-5.3250000000000002
11
6.25
21
-5.2999999999999998
0
LINE
8
BROWN2
6
CONTINUOUS
10
9.2020826771653539
20
-3.9180433070866143
11
9.1997047244094485
21
-3.920425196850394
0
LINE
8
BROWN2
6
CONTINUOUS
10
9.1997047244094485
20
-3.920425196850394
11
9.1925590551181102
21
-3.9228031496062994
0
LINE
8
BROWN2
6
CONTINUOUS
10
9.1925590551181102
20
-3.9228031496062994
11
9.187799212598426
21
-3.9228031496062994
0
LINE
8
BROWN2
6
CONTINUOUS
10
9.187799212598426
20
-3.9228031496062994
11
9.1806574803149612
21
-3.920425196850394
0
LINE
8
BROWN2
6
CONTINUOUS
10
9.1806574803149612
20
-3.920425196850394
11
9.1758937007874017
21
-3.915661417322835
0
LINE
8
BROWN2
6
CONTINUOUS
10
9.1758937007874017
20
-3.915661417322835
11
9.1735118110236229
21
-3.9108976377952755
0
LINE
8
BROWN2
6
CONTINUOUS
10
9.1735118110236229
20
-3.9108976377952755
11
9.1711338582677175
21
-3.9013740157480314
0
LINE
8
BROWN2
6
CONTINUOUS
10
9.1711338582677175
20
-3.9013740157480314
11
9.1711338582677175
21
-3.8942322834645671
0
LINE
8
BROWN2
6
CONTINUOUS
10
9.1711338582677175
20
-3.8942322834645671
11
9.1735118110236229
21
-3.884708661417323
0
LINE
8
BROWN2
6
CONTINUOUS
10
9.1735118110236229
20
-3.884708661417323
11
9.1758937007874017
21
-3.8799488188976379
0
LINE
8
BROWN2
6
CONTINUOUS
10
9.1758937007874017
20
-3.8799488188976379
11
9.1806574803149612
21
-3.8751850393700789
0
LINE
8
BROWN2
6
CONTINUOUS
10
9.1806574803149612
20
-3.8751850393700789
11
9.187799212598426
21
-3.8728031496062996
0
LINE
8
BROWN2
6
CONTINUOUS
10
9.187799212598426
20
-3.8728031496062996
11
9.1925590551181102
21
-3.8728031496062996
0
LINE
8
BROWN2
6
CONTINUOUS
10
9.1925590551181102
20
-3.8728031496062996
11
9.1997047244094485
21
-3.8751850393700789
0
LINE
8
BROWN2
6
CONTINUOUS
10
9.1997047244094485
20
-3.8751850393700789
11
9.2020826771653539
21
-3.8775669291338586
0
LINE
8
BROWN2
6
CONTINUOUS
10
9.2473228346456704
20
-3.9228031496062994
11
9.2235118110236218
21
-3.9228031496062994
0
LINE
8
BROWN2
6
CONTINUOUS
10
9.2235118110236218
20
-3.9228031496062994
11
9.2235118110236218
21
-3.8728031496062996
0
LINE
8
BROWN2
6
CONTINUOUS
10
9.2925590551181099
20
-3.9228031496062994
11
9.2758937007874014
21
-3.8989960629921261
0
LINE
8
BROWN2
6
CONTINUOUS
10
9.2639881889763789
20
-3.9228031496062994
11
9.2639881889763789
21
-3.8728031496062996
0
LINE
8
BROWN2
6
CONTINUOUS
10
9.2639881889763789
20
-3.8728031496062996
11
9.2830354330708662
21
-3.8728031496062996
0
LINE
8
BROWN2
6
CONTINUOUS
10
9.2830354330708662
20
-3.8728031496062996
11
9.2877992125984257
21
-3.8751850393700789
0
LINE
8
BROWN2
6
CONTINUOUS
10
9.2877992125984257
20
-3.8751850393700789
11
9.2901811023622045
21
-3.8775669291338586
0
LINE
8
BROWN2
6
CONTINUOUS
10
9.2901811023622045
20
-3.8775669291338586
11
9.2925590551181099
21
-3.8823267716535437
0
LINE
8
BROWN2
6
CONTINUOUS
10
9.2925590551181099
20
-3.8823267716535437
11
9.2925590551181099
21
-3.889472440944882
0
LINE
8
BROWN2
6
CONTINUOUS
10
9.2925590551181099
20
-3.889472440944882
11
9.2901811023622045
21
-3.8942322834645671
0
LINE
8
BROWN2
6
CONTINUOUS
10
9.2901811023622045
20
-3.8942322834645671
11
9.2877992125984257
21
-3.8966141732283468
0
LINE
8
BROWN2
6
CONTINUOUS
10
9.2877992125984257
20
-3.8966141732283468
11
9.2830354330708662
21
-3.8989960629921261
0
LINE
8
BROWN2
6
CONTINUOUS
10
9.2830354330708662
20
-3.8989960629921261
11
9.2639881889763789
21
-3.8989960629921261
0
LINE
8
BROWN2
6
CONTINUOUS
10
9.0999999999999996
20
-3.9000000000000004
11
9.125
21
-3.9250000000000003
0
LINE
8
BROWN2
6
CONTINUOUS
10
9.125
20
-3.9250000000000003
11
9.1500000000000004
21
-3.9250000000000003
0
LINE
8
BROWN2
6
CONTINUOUS
10
9.1500000000000004
20
-3.9250000000000003
11
9.1500000000000004
21
-3.875
0
LINE
8
BROWN2
6
CONTINUOUS
10
9.1500000000000004
20
-3.875
11
9.125
21
-3.875
0
LINE
8
BROWN2
6
CONTINUOUS
10
9.125
20
-3.875
11
9.0999999999999996
21
-3.9000000000000004
0
LINE
8
BROWN2
6
CONTINUOUS
10
9.1711338582677175
20
-4.2585196850393698
11
9.1949409448818908
21
-4.2585196850393698
0
LINE
8
BROWN2
6
CONTINUOUS
10
9.1663700787401581
20
-4.2728031496062995
11
9.1830354330708666
21
-4.2228031496062997
0
LINE
8
BROWN2
6
CONTINUOUS
10
9.1830354330708666
20
-4.2228031496062997
11
9.1997047244094485
21
-4.2728031496062995
0
LINE
8
BROWN2
6
CONTINUOUS
10
9.2258937007874025
20
-4.2228031496062997
11
9.2354173228346461
21
-4.2228031496062997
0
LINE
8
BROWN2
6
CONTINUOUS
10
9.2354173228346461
20
-4.2228031496062997
11
9.2401811023622056
21
-4.2251850393700785
0
LINE
8
BROWN2
6
CONTINUOUS
10
9.2401811023622056
20
-4.2251850393700785
11
9.2449409448818898
21
-4.229948818897638
0
LINE
8
BROWN2
6
CONTINUOUS
10
9.2449409448818898
20
-4.229948818897638
11
9.2473228346456704
21
-4.2394724409448816
0
LINE
8
BROWN2
6
CONTINUOUS
10
9.2473228346456704
20
-4.2394724409448816
11
9.2473228346456704
21
-4.256137795275591
0
LINE
8
BROWN2
6
CONTINUOUS
10
9.2473228346456704
20
-4.256137795275591
11
9.2449409448818898
21
-4.2656614173228347
0
LINE
8
BROWN2
6
CONTINUOUS
10
9.2449409448818898
20
-4.2656614173228347
11
9.2401811023622056
21
-4.2704251968503941
0
LINE
8
BROWN2
6
CONTINUOUS
10
9.2401811023622056
20
-4.2704251968503941
11
9.2354173228346461
21
-4.2728031496062995
0
LINE
8
BROWN2
6
CONTINUOUS
10
9.2354173228346461
20
-4.2728031496062995
11
9.2258937007874025
21
-4.2728031496062995
0
LINE
8
BROWN2
6
CONTINUOUS
10
9.2258937007874025
20
-4.2728031496062995
11
9.2211338582677165
21
-4.2704251968503941
0
LINE
8
BROWN2
6
CONTINUOUS
10
9.2211338582677165
20
-4.2704251968503941
11
9.216370078740157
21
-4.2656614173228347
0
LINE
8
BROWN2
6
CONTINUOUS
10
9.216370078740157
20
-4.2656614173228347
11
9.2139921259842517
21
-4.256137795275591
0
LINE
8
BROWN2
6
CONTINUOUS
10
9.2139921259842517
20
-4.256137795275591
11
9.2139921259842517
21
-4.2394724409448816
0
LINE
8
BROWN2
6
CONTINUOUS
10
9.2139921259842517
20
-4.2394724409448816
11
9.216370078740157
21
-4.229948818897638
0
LINE
8
BROWN2
6
CONTINUOUS
10
9.216370078740157
20
-4.229948818897638
11
9.2211338582677165
21
-4.2251850393700785
0
LINE
8
BROWN2
6
CONTINUOUS
10
9.2211338582677165
20
-4.2251850393700785
11
9.2258937007874025
21
-4.2228031496062997
0
LINE
8
BROWN2
6
CONTINUOUS
10
9.1666102362204729
20
-4.2089251968503936
11
9.2518503937007885
21
-4.2089251968503936
0
LINE
8
BROWN2
6
CONTINUOUS
10
9.0999999999999996
20
-4.25
11
9.125
21
-4.2750000000000004
0
LINE
8
BROWN2
6
CONTINUOUS
10
9.125
20
-4.2750000000000004
11
9.1500000000000004
21
-4.2750000000000004
0
LINE
8
BROWN2
6
CONTINUOUS
10
9.1500000000000004
20
-4.2750000000000004
11
9.1500000000000004
21
-4.2250000000000005
0
LINE
8
BROWN2
6
CONTINUOUS
10
9.1500000000000004
20
-4.2250000000000005
11
9.125
21
-4.2250000000000005
0
LINE
8
BROWN2
6
CONTINUOUS
10
9.125
20
-4.2250000000000005
11
9.0999999999999996
21
-4.25
0
LINE
8
BROWN2
6
CONTINUOUS
10
6.2711338582677172
20
-5.45851968503937
11
6.2949409448818896
21
-5.45851968503937
0
LINE
8
BROWN2
6
CONTINUOUS
10
6.2663700787401577
20
-5.4728031496062997
11
6.2830354330708662
21
-5.4228031496062998
0
LINE
8
BROWN2
6
CONTINUOUS
10
6.2830354330708662
20
-5.4228031496062998
11
6.2997047244094491
21
-5.4728031496062997
0
LINE
8
BROWN2
6
CONTINUOUS
10
6.3044685039370085
20
-5.4775669291338582
11
6.3425629921259841
21
-5.4775669291338582
0
LINE
8
BROWN2
6
CONTINUOUS
10
6.3806574803149605
20
-5.4728031496062997
11
6.3520866141732286
21
-5.4728031496062997
0
LINE
8
BROWN2
6
CONTINUOUS
10
6.3663700787401574
20
-5.4728031496062997
11
6.3663700787401574
21
-5.4228031496062998
0
LINE
8
BROWN2
6
CONTINUOUS
10
6.3663700787401574
20
-5.4228031496062998
11
6.3616102362204723
21
-5.4299488188976381
0
LINE
8
BROWN2
6
CONTINUOUS
10
6.3616102362204723
20
-5.4299488188976381
11
6.3568464566929137
21
-5.4347086614173232
0
LINE
8
BROWN2
6
CONTINUOUS
10
6.3568464566929137
20
-5.4347086614173232
11
6.3520866141732286
21
-5.437090551181103
0
LINE
8
BROWN2
6
CONTINUOUS
10
6.25
20
-5.4500000000000002
11
6.2250000000000005
21
-5.4249999999999998
0
LINE
8
BROWN2
6
CONTINUOUS
10
6.2250000000000005
20
-5.4249999999999998
11
6.2000000000000002
21
-5.4249999999999998
0
LINE
8
BROWN2
6
CONTINUOUS
10
6.2000000000000002
20
-5.4249999999999998
11
6.2000000000000002
21
-5.4750000000000005
0
LINE
8
BROWN2
6
CONTINUOUS
10
6.2000000000000002
20
-5.4750000000000005
11
6.2250000000000005
21
-5.4750000000000005
0
LINE
8
BROWN2
6
CONTINUOUS
10
6.2250000000000005
20
-5.4750000000000005
11
6.25
21
-5.4500000000000002
0
LINE
8
BROWN2
6
CONTINUOUS
10
9.1711338582677175
20
-3.6585196850393702
11
9.1949409448818908
21
-3.6585196850393702
0
LINE
8
BROWN2
6
CONTINUOUS
10
9.1663700787401581
20
-3.6728031496062994
11
9.1830354330708666
21
-3.6228031496062996
0
LINE
8
BROWN2
6
CONTINUOUS
10
9.1830354330708666
20
-3.6228031496062996
11
9.1997047244094485
21
-3.6728031496062994
0
LINE
8
BROWN2
6
CONTINUOUS
10
9.216370078740157
20
-3.6728031496062994
11
9.216370078740157
21
-3.6228031496062996
0
LINE
8
BROWN2
6
CONTINUOUS
10
9.1666102362204729
20
-3.6089251968503939
11
9.2232795275590558
21
-3.6089251968503939
0
LINE
8
BROWN2
6
CONTINUOUS
10
9.0999999999999996
20
-3.6500000000000004
11
9.125
21
-3.6750000000000003
0
LINE
8
BROWN2
6
CONTINUOUS
10
9.125
20
-3.6750000000000003
11
9.1500000000000004
21
-3.6750000000000003
0
LINE
8
BROWN2
6
CONTINUOUS
10
9.1500000000000004
20
-3.6750000000000003
11
9.1500000000000004
21
-3.625
0
LINE
8
BROWN2
6
CONTINUOUS
10
9.1500000000000004
20
-3.625
11
9.125
21
-3.625
0
LINE
8
BROWN2
6
CONTINUOUS
10
9.125
20
-3.625
11
9.0999999999999996
21
-3.6500000000000004
0
LINE
8
BROWN2
6
CONTINUOUS
10
6.2711338582677172
20
-6.20851968503937
11
6.2949409448818896
21
-6.20851968503937
0
LINE
8
BROWN2
6
CONTINUOUS
10
6.2663700787401577
20
-6.2228031496062997
11
6.2830354330708662
21
-6.1728031496062998
0
LINE
8
BROWN2
6
CONTINUOUS
10
6.2830354330708662
20
-6.1728031496062998
11
6.2997047244094491
21
-6.2228031496062997
0
LINE
8
BROWN2
6
CONTINUOUS
10
6.3044685039370085
20
-6.2275669291338582
11
6.3425629921259841
21
-6.2275669291338582
0
LINE
8
BROWN2
6
CONTINUOUS
10
6.3758937007874019
20
-6.1728031496062998
11
6.3663700787401574
21
-6.1728031496062998
0
LINE
8
BROWN2
6
CONTINUOUS
10
6.3663700787401574
20
-6.1728031496062998
11
6.3616102362204723
21
-6.1751850393700787
0
LINE
8
BROWN2
6
CONTINUOUS
10
6.3616102362204723
20
-6.1751850393700787
11
6.3592283464566934
21
-6.1775669291338584
0
LINE
8
BROWN2
6
CONTINUOUS
10
6.3592283464566934
20
-6.1775669291338584
11
6.354464566929134
21
-6.1847086614173232
0
LINE
8
BROWN2
6
CONTINUOUS
10
6.354464566929134
20
-6.1847086614173232
11
6.3520866141732286
21
-6.1942322834645669
0
LINE
8
BROWN2
6
CONTINUOUS
10
6.3520866141732286
20
-6.1942322834645669
11
6.3520866141732286
21
-6.2132795275590551
0
LINE
8
BROWN2
6
CONTINUOUS
10
6.3520866141732286
20
-6.2132795275590551
11
6.354464566929134
21
-6.2180433070866146
0
LINE
8
BROWN2
6
CONTINUOUS
10
6.354464566929134
20
-6.2180433070866146
11
6.3568464566929137
21
-6.2204251968503943
0
LINE
8
BROWN2
6
CONTINUOUS
10
6.3568464566929137
20
-6.2204251968503943
11
6.3616102362204723
21
-6.2228031496062997
0
LINE
8
BROWN2
6
CONTINUOUS
10
6.3616102362204723
20
-6.2228031496062997
11
6.3711338582677168
21
-6.2228031496062997
0
LINE
8
BROWN2
6
CONTINUOUS
10
6.3711338582677168
20
-6.2228031496062997
11
6.3758937007874019
21
-6.2204251968503943
0
LINE
8
BROWN2
6
CONTINUOUS
10
6.3758937007874019
20
-6.2204251968503943
11
6.3782755905511817
21
-6.2180433070866146
0
LINE
8
BROWN2
6
CONTINUOUS
10
6.3782755905511817
20
-6.2180433070866146
11
6.3806574803149605
21
-6.2132795275590551
0
LINE
8
BROWN2
6
CONTINUOUS
10
6.3806574803149605
20
-6.2132795275590551
11
6.3806574803149605
21
-6.2013740157480317
0
LINE
8
BROWN2
6
CONTINUOUS
10
6.3806574803149605
20
-6.2013740157480317
11
6.3782755905511817
21
-6.1966141732283466
0
LINE
8
BROWN2
6
CONTINUOUS
10
6.3782755905511817
20
-6.1966141732283466
11
6.3758937007874019
21
-6.1942322834645669
0
LINE
8
BROWN2
6
CONTINUOUS
10
6.3758937007874019
20
-6.1942322834645669
11
6.3711338582677168
21
-6.191850393700788
0
LINE
8
BROWN2
6
CONTINUOUS
10
6.3711338582677168
20
-6.191850393700788
11
6.3616102362204723
21
-6.191850393700788
0
LINE
8
BROWN2
6
CONTINUOUS
10
6.3616102362204723
20
-6.191850393700788
11
6.3568464566929137
21
-6.1942322834645669
0
LINE
8
BROWN2
6
CONTINUOUS
10
6.3568464566929137
20
-6.1942322834645669
11
6.354464566929134
21
-6.1966141732283466
0
LINE
8
BROWN2
6
CONTINUOUS
10
6.354464566929134
20
-6.1966141732283466
11
6.3520866141732286
21
-6.2013740157480317
0
LINE
8
BROWN2
6
CONTINUOUS
10
6.25
20
-6.2000000000000002
11
6.2250000000000005
21
-6.1749999999999998
0
LINE
8
BROWN2
6
CONTINUOUS
10
6.2250000000000005
20
-6.1749999999999998
11
6.2000000000000002
21
-6.1749999999999998
0
LINE
8
BROWN2
6
CONTINUOUS
10
6.2000000000000002
20
-6.1749999999999998
11
6.2000000000000002
21
-6.2250000000000005
0
LINE
8
BROWN2
6
CONTINUOUS
10
6.2000000000000002
20
-6.2250000000000005
11
6.2250000000000005
21
-6.2250000000000005
0
LINE
8
BROWN2
6
CONTINUOUS
10
6.2250000000000005
20
-6.2250000000000005
11
6.25
21
-6.2000000000000002
0
LINE
8
BROWN2
6
CONTINUOUS
10
0.9312480314960631
20
-1.4466141732283464
11
0.9383897637795275
21
-1.4489960629921261
0
LINE
8
BROWN2
6
CONTINUOUS
10
0.9383897637795275
20
-1.4489960629921261
11
0.9407716535433072
21
-1.4513740157480315
0
LINE
8
BROWN2
6
CONTINUOUS
10
0.9407716535433072
20
-1.4513740157480315
11
0.9431496062992126
21
-1.4561377952755905
0
LINE
8
BROWN2
6
CONTINUOUS
10
0.9431496062992126
20
-1.4561377952755905
11
0.9431496062992126
21
-1.4632795275590551
0
LINE
8
BROWN2
6
CONTINUOUS
10
0.9431496062992126
20
-1.4632795275590551
11
0.9407716535433072
21
-1.4680433070866141
0
LINE
8
BROWN2
6
CONTINUOUS
10
0.9407716535433072
20
-1.4680433070866141
11
0.9383897637795275
21
-1.4704251968503939
0
LINE
8
BROWN2
6
CONTINUOUS
10
0.9383897637795275
20
-1.4704251968503939
11
0.9336259842519685
21
-1.4728031496062992
0
LINE
8
BROWN2
6
CONTINUOUS
10
0.9336259842519685
20
-1.4728031496062992
11
0.9145787401574803
21
-1.4728031496062992
0
LINE
8
BROWN2
6
CONTINUOUS
10
0.9145787401574803
20
-1.4728031496062992
11
0.9145787401574803
21
-1.4228031496062992
0
LINE
8
BROWN2
6
CONTINUOUS
10
0.9145787401574803
20
-1.4228031496062992
11
0.9312480314960631
21
-1.4228031496062992
0
LINE
8
BROWN2
6
CONTINUOUS
10
0.9312480314960631
20
-1.4228031496062992
11
0.936007874015748
21
-1.4251850393700789
0
LINE
8
BROWN2
6
CONTINUOUS
10
0.936007874015748
20
-1.4251850393700789
11
0.9383897637795275
21
-1.4275669291338584
0
LINE
8
BROWN2
6
CONTINUOUS
10
0.9383897637795275
20
-1.4275669291338584
11
0.9407716535433072
21
-1.4323267716535433
0
LINE
8
BROWN2
6
CONTINUOUS
10
0.9407716535433072
20
-1.4323267716535433
11
0.9407716535433072
21
-1.4370905511811025
0
LINE
8
BROWN2
6
CONTINUOUS
10
0.9407716535433072
20
-1.4370905511811025
11
0.9383897637795275
21
-1.4418503937007874
0
LINE
8
BROWN2
6
CONTINUOUS
10
0.9383897637795275
20
-1.4418503937007874
11
0.936007874015748
21
-1.4442322834645669
0
LINE
8
BROWN2
6
CONTINUOUS
10
0.936007874015748
20
-1.4442322834645669
11
0.9312480314960631
21
-1.4466141732283464
0
LINE
8
BROWN2
6
CONTINUOUS
10
0.9312480314960631
20
-1.4466141732283464
11
0.9145787401574803
21
-1.4466141732283464
0
LINE
8
BROWN2
6
CONTINUOUS
10
0.9645787401574804
20
-1.4228031496062992
11
0.9645787401574804
21
-1.4632795275590551
0
LINE
8
BROWN2
6
CONTINUOUS
10
0.9645787401574804
20
-1.4632795275590551
11
0.9669606299212599
21
-1.4680433070866141
0
LINE
8
BROWN2
6
CONTINUOUS
10
0.9669606299212599
20
-1.4680433070866141
11
0.9693425196850394
21
-1.4704251968503939
0
LINE
8
BROWN2
6
CONTINUOUS
10
0.9693425196850394
20
-1.4704251968503939
11
0.9741023622047245
21
-1.4728031496062992
0
LINE
8
BROWN2
6
CONTINUOUS
10
0.9741023622047245
20
-1.4728031496062992
11
0.9836259842519686
21
-1.4728031496062992
0
LINE
8
BROWN2
6
CONTINUOUS
10
0.9836259842519686
20
-1.4728031496062992
11
0.9883897637795276
21
-1.4704251968503939
0
LINE
8
BROWN2
6
CONTINUOUS
10
0.9883897637795276
20
-1.4704251968503939
11
0.9907716535433071
21
-1.4680433070866141
0
LINE
8
BROWN2
6
CONTINUOUS
10
0.9907716535433071
20
-1.4680433070866141
11
0.9931496062992127
21
-1.4632795275590551
0
LINE
8
BROWN2
6
CONTINUOUS
10
0.9931496062992127
20
-1.4632795275590551
11
0.9931496062992127
21
-1.4228031496062992
0
LINE
8
BROWN2
6
CONTINUOUS
10
1.0145826771653543
20
-1.4704251968503939
11
1.0217244094488189
21
-1.4728031496062992
0
LINE
8
BROWN2
6
CONTINUOUS
10
1.0217244094488189
20
-1.4728031496062992
11
1.0336299212598425
21
-1.4728031496062992
0
LINE
8
BROWN2
6
CONTINUOUS
10
1.0336299212598425
20
-1.4728031496062992
11
1.0383897637795276
21
-1.4704251968503939
0
LINE
8
BROWN2
6
CONTINUOUS
10
1.0383897637795276
20
-1.4704251968503939
11
1.0407716535433071
21
-1.4680433070866141
0
LINE
8
BROWN2
6
CONTINUOUS
10
1.0407716535433071
20
-1.4680433070866141
11
1.0431535433070867
21
-1.4632795275590551
0
LINE
8
BROWN2
6
CONTINUOUS
10
1.0431535433070867
20
-1.4632795275590551
11
1.0431535433070867
21
-1.4585196850393702
0
LINE
8
BROWN2
6
CONTINUOUS
10
1.0431535433070867
20
-1.4585196850393702
11
1.0407716535433071
21
-1.453755905511811
0
LINE
8
BROWN2
6
CONTINUOUS
10
1.0407716535433071
20
-1.453755905511811
11
1.0383897637795276
21
-1.4513740157480315
0
LINE
8
BROWN2
6
CONTINUOUS
10
1.0383897637795276
20
-1.4513740157480315
11
1.0336299212598425
21
-1.4489960629921261
0
LINE
8
BROWN2
6
CONTINUOUS
10
1.0336299212598425
20
-1.4489960629921261
11
1.0241062992125984
21
-1.4466141732283464
0
LINE
8
BROWN2
6
CONTINUOUS
10
1.0241062992125984
20
-1.4466141732283464
11
1.0193425196850394
21
-1.4442322834645669
0
LINE
8
BROWN2
6
CONTINUOUS
10
1.0193425196850394
20
-1.4442322834645669
11
1.0169606299212599
21
-1.4418503937007874
0
LINE
8
BROWN2
6
CONTINUOUS
10
1.0169606299212599
20
-1.4418503937007874
11
1.0145826771653543
21
-1.4370905511811025
0
LINE
8
BROWN2
6
CONTINUOUS
10
1.0145826771653543
20
-1.4370905511811025
11
1.0145826771653543
21
-1.4323267716535433
0
LINE
8
BROWN2
6
CONTINUOUS
10
1.0145826771653543
20
-1.4323267716535433
11
1.0169606299212599
21
-1.4275669291338584
0
LINE
8
BROWN2
6
CONTINUOUS
10
1.0169606299212599
20
-1.4275669291338584
11
1.0193425196850394
21
-1.4251850393700789
0
LINE
8
BROWN2
6
CONTINUOUS
10
1.0193425196850394
20
-1.4251850393700789
11
1.0241062992125984
21
-1.4228031496062992
0
LINE
8
BROWN2
6
CONTINUOUS
10
1.0241062992125984
20
-1.4228031496062992
11
1.0360078740157481
21
-1.4228031496062992
0
LINE
8
BROWN2
6
CONTINUOUS
10
1.0360078740157481
20
-1.4228031496062992
11
1.0431535433070867
21
-1.4251850393700789
0
LINE
8
BROWN2
6
CONTINUOUS
10
1.0526771653543308
20
-1.4775669291338582
11
1.0907716535433072
21
-1.4775669291338582
0
LINE
8
BROWN2
6
CONTINUOUS
10
1.0979133858267718
20
-1.4228031496062992
11
1.131244094488189
21
-1.4228031496062992
0
LINE
8
BROWN2
6
CONTINUOUS
10
1.131244094488189
20
-1.4228031496062992
11
1.1098188976377954
21
-1.4728031496062992
0
LINE
8
BROWN2
6
CONTINUOUS
10
1.2
20
-1.45
11
1.175
21
-1.425
0
LINE
8
BROWN2
6
CONTINUOUS
10
1.175
20
-1.425
11
1.1500000000000001
21
-1.45
0
LINE
8
BROWN2
6
CONTINUOUS
10
1.1500000000000001
20
-1.45
11
1.175
21
-1.4750000000000001
0
LINE
8
BROWN2
6
CONTINUOUS
10
1.175
20
-1.4750000000000001
11
1.2
21
-1.45
0
LINE
8
GREEN3
6
CONTINUOUS
10
4.7000000000000002
20
-4.7999999999999998
11
4.7000000000000002
21
-3.3000000000000003
0
LINE
8
GREEN3
6
CONTINUOUS
10
5.
20
-3.3000000000000003
11
5.
21
-5.1000000000000005
0
LINE
8
GREEN3
6
CONTINUOUS
10
5.2999999999999998
20
-2.8000000000000003
11
5.2999999999999998
21
-3.3500000000000001
0
LINE
8
GREEN3
6
CONTINUOUS
10
5.9500000000000002
20
-1.9500000000000002
11
5.9500000000000002
21
-3.6500000000000004
0
LINE
8
GREEN3
6
CONTINUOUS
10
5.6500000000000004
20
-2.8000000000000003
11
5.9000000000000004
21
-2.8000000000000003
0
LINE
8
GREEN3
6
CONTINUOUS
10
5.75
20
-2.3000000000000003
11
5.75
21
-3.9000000000000004
0
LINE
8
GREEN3
6
CONTINUOUS
10
3.5500000000000003
20
-1.9500000000000002
11
3.5500000000000003
21
-3.6500000000000004
0
LINE
8
GREEN3
6
CONTINUOUS
10
6.2000000000000002
20
-5.6000000000000005
11
3.8000000000000003
21
-5.6000000000000005
0
LINE
8
GREEN3
6
CONTINUOUS
10
3.8000000000000003
20
-4.6000000000000005
11
7.3000000000000007
21
-4.6000000000000005
0
LINE
8
GREEN3
6
CONTINUOUS
10
4.5
20
-5.2999999999999998
11
6.2000000000000002
21
-5.2999999999999998
0
LINE
8
GREEN3
6
CONTINUOUS
10
4.5
20
-4.4000000000000004
11
7.1000000000000005
21
-4.4000000000000004
0
LINE
8
GREEN3
6
CONTINUOUS
10
4.1500000000000004
20
-4.5
11
7.2000000000000002
21
-4.5
0
LINE
8
GREEN3
6
CONTINUOUS
10
6.4000000000000004
20
-1.6000000000000001
11
6.4000000000000004
21
-2.3000000000000003
0
LINE
8
GREEN3
6
CONTINUOUS
10
5.6500000000000004
20
-1.8500000000000001
11
5.6500000000000004
21
-2.8000000000000003
0
LINE
8
GREEN3
6
CONTINUOUS
10
6.5
20
-1.9500000000000002
11
5.9500000000000002
21
-1.9500000000000002
0
LINE
8
GREEN3
6
CONTINUOUS
10
6.7999999999999998
20
-1.8500000000000001
11
5.6500000000000004
21
-1.8500000000000001
0
LINE
8
GREEN3
6
CONTINUOUS
10
6.2000000000000002
20
-2.3000000000000003
11
5.75
21
-2.3000000000000003
0
LINE
8
GREEN3
6
CONTINUOUS
10
1.55
20
-3.3500000000000001
11
1.55
21
-3.3000000000000003
0
LINE
8
GREEN3
6
CONTINUOUS
10
1.55
20
-3.3500000000000001
11
1.05
21
-3.3500000000000001
0
LINE
8
GREEN3
6
CONTINUOUS
10
1.05
20
-1.8
11
1.05
21
-3.3500000000000001
0
LINE
8
GREEN3
6
CONTINUOUS
10
1.55
20
-3.3500000000000001
11
1.75
21
-3.3500000000000001
0
LINE
8
GREEN3
6
CONTINUOUS
10
3.3000000000000003
20
-1.8500000000000001
11
3.3000000000000003
21
-2.8000000000000003
0
LINE
8
GREEN3
6
CONTINUOUS
10
3.8000000000000003
20
-2.3000000000000003
11
3.3999999999999999
21
-2.3000000000000003
0
LINE
8
GREEN3
6
CONTINUOUS
10
4.4000000000000004
20
-1.8500000000000001
11
3.3000000000000003
21
-1.8500000000000001
0
LINE
8
GREEN3
6
CONTINUOUS
10
4.1000000000000005
20
-1.9500000000000002
11
3.5500000000000003
21
-1.9500000000000002
0
LINE
8
GREEN3
6
CONTINUOUS
10
2.9500000000000002
20
-4.1000000000000005
11
2.9500000000000002
21
-3.3000000000000003
0
LINE
8
GREEN3
6
CONTINUOUS
10
3.3999999999999999
20
-2.3000000000000003
11
3.3999999999999999
21
-3.9000000000000004
0
LINE
8
GREEN3
6
CONTINUOUS
10
2.9500000000000002
20
-4.1000000000000005
11
3.3000000000000003
21
-4.1000000000000005
0
LINE
8
GREEN3
6
CONTINUOUS
10
1.8500000000000001
20
-3.3000000000000003
11
1.8500000000000001
21
-4.25
0
LINE
8
GREEN3
6
CONTINUOUS
10
2.25
20
-3.3000000000000003
11
2.25
21
-4.9000000000000004
0
LINE
8
GREEN3
6
CONTINUOUS
10
2.1499999999999999
20
-3.3000000000000003
11
2.1499999999999999
21
-5.
0
LINE
8
GREEN3
6
CONTINUOUS
10
2.0500000000000003
20
-5.1000000000000005
11
2.0500000000000003
21
-3.3000000000000003
0
LINE
8
GREEN3
6
CONTINUOUS
10
1.75
20
-3.3500000000000001
11
1.75
21
-3.3000000000000003
0
LINE
8
GREEN3
6
CONTINUOUS
10
2.5500000000000003
20
-3.3000000000000003
11
2.5500000000000003
21
-4.6000000000000005
0
LINE
8
GREEN3
6
CONTINUOUS
10
2.4500000000000002
20
-3.3000000000000003
11
2.4500000000000002
21
-4.7000000000000002
0
LINE
8
GREEN3
6
CONTINUOUS
10
2.6499999999999999
20
-3.3000000000000003
11
2.6499999999999999
21
-4.5
0
LINE
8
GREEN3
6
CONTINUOUS
10
2.3500000000000001
20
-3.3000000000000003
11
2.3500000000000001
21
-4.7999999999999998
0
LINE
8
GREEN3
6
CONTINUOUS
10
2.75
20
-3.3000000000000003
11
2.75
21
-4.4000000000000004
0
LINE
8
GREEN3
6
CONTINUOUS
10
5.
20
-5.1000000000000005
11
2.2000000000000002
21
-5.1000000000000005
0
LINE
8
GREEN3
6
CONTINUOUS
10
5.2999999999999998
20
-3.3500000000000001
11
1.75
21
-3.3500000000000001
0
LINE
8
GREEN3
6
CONTINUOUS
10
4.9000000000000004
20
-5.
11
4.9000000000000004
21
-3.3000000000000003
0
LINE
8
GREEN3
6
CONTINUOUS
10
3.3000000000000003
20
-2.8000000000000003
11
3.5
21
-2.8000000000000003
0
LINE
8
GREEN3
6
CONTINUOUS
10
3.3000000000000003
20
-2.8000000000000003
11
3.3000000000000003
21
-4.1000000000000005
0
LINE
8
GREEN3
6
CONTINUOUS
10
3.3000000000000003
20
-4.1000000000000005
11
5.6500000000000004
21
-4.1000000000000005
0
LINE
8
GREEN3
6
CONTINUOUS
10
5.6500000000000004
20
-2.8000000000000003
11
5.6500000000000004
21
-4.1000000000000005
0
LINE
8
GREEN3
6
CONTINUOUS
10
4.1000000000000005
20
-1.9500000000000002
11
4.1000000000000005
21
-2.3000000000000003
0
LINE
8
GREEN3
6
CONTINUOUS
10
4.
20
-1.6000000000000001
11
4.
21
-2.3000000000000003
0
LINE
8
GREEN3
6
CONTINUOUS
10
4.1500000000000004
20
-7.2000000000000002
11
4.1500000000000004
21
-7.3000000000000007
0
LINE
8
GREEN3
6
CONTINUOUS
10
4.5
20
-7.2000000000000002
11
4.5
21
-7.3000000000000007
0
LINE
8
GREEN3
6
CONTINUOUS
10
4.5
20
-7.3000000000000007
11
4.1500000000000004
21
-7.3000000000000007
0
LINE
8
GREEN3
6
CONTINUOUS
10
4.1500000000000004
20
-7.3000000000000007
11
3.8000000000000003
21
-7.3000000000000007
0
LINE
8
GREEN3
6
CONTINUOUS
10
2.8000000000000003
20
-6.0499999999999998
11
2.8000000000000003
21
-6.4500000000000002
0
LINE
8
GREEN3
6
CONTINUOUS
10
3.4500000000000002
20
-5.75
11
3.4500000000000002
21
-6.4500000000000002
0
LINE
8
GREEN3
6
CONTINUOUS
10
4.1500000000000004
20
-5.4500000000000002
11
4.1500000000000004
21
-6.4500000000000002
0
LINE
8
GREEN3
6
CONTINUOUS
10
6.2000000000000002
20
-6.3500000000000005
11
2.2000000000000002
21
-6.3500000000000005
0
LINE
8
GREEN3
6
CONTINUOUS
10
6.2000000000000002
20
-6.2000000000000002
11
2.5
21
-6.2000000000000002
0
LINE
8
GREEN3
6
CONTINUOUS
10
6.2000000000000002
20
-6.0499999999999998
11
2.8000000000000003
21
-6.0499999999999998
0
LINE
8
GREEN3
6
CONTINUOUS
10
6.2000000000000002
20
-5.9000000000000004
11
3.1000000000000001
21
-5.9000000000000004
0
LINE
8
GREEN3
6
CONTINUOUS
10
3.4500000000000002
20
-5.75
11
6.2000000000000002
21
-5.75
0
LINE
8
GREEN3
6
CONTINUOUS
10
6.2000000000000002
20
-5.4500000000000002
11
4.1500000000000004
21
-5.4500000000000002
0
LINE
8
GREEN3
6
CONTINUOUS
10
4.5
20
-6.75
11
4.5
21
-6.9000000000000004
0
LINE
8
GREEN3
6
CONTINUOUS
10
4.2000000000000002
20
-1.9500000000000002
11
4.1000000000000005
21
-1.9500000000000002
0
LINE
8
GREEN3
6
CONTINUOUS
10
4.1500000000000004
20
-6.75
11
4.1500000000000004
21
-6.9000000000000004
0
LINE
8
GREEN3
6
CONTINUOUS
10
4.5
20
-4.4000000000000004
11
4.5
21
-5.2999999999999998
0
LINE
8
GREEN3
6
CONTINUOUS
10
3.8000000000000003
20
-5.6000000000000005
11
3.8000000000000003
21
-4.6000000000000005
0
LINE
8
GREEN3
6
CONTINUOUS
10
2.25
20
-1.45
11
5.
21
-1.45
0
LINE
8
GREEN3
6
CONTINUOUS
10
2.0500000000000003
20
-1.25
11
4.7999999999999998
21
-1.25
0
LINE
8
GREEN3
6
CONTINUOUS
10
1.9500000000000002
20
-1.1500000000000001
11
4.7000000000000002
21
-1.1500000000000001
0
LINE
8
GREEN3
6
CONTINUOUS
10
2.1499999999999999
20
-1.3500000000000001
11
4.9000000000000004
21
-1.3500000000000001
0
LINE
8
GREEN3
6
CONTINUOUS
10
7.3000000000000007
20
-0.9500000000000001
11
7.3000000000000007
21
-2.3000000000000003
0
LINE
8
GREEN3
6
CONTINUOUS
10
7.2000000000000002
20
-0.85
11
7.2000000000000002
21
-2.3000000000000003
0
LINE
8
GREEN3
6
CONTINUOUS
10
5.
20
-2.3000000000000003
11
5.
21
-1.45
0
LINE
8
GREEN3
6
CONTINUOUS
10
7.1000000000000005
20
-0.75
11
7.1000000000000005
21
-2.3000000000000003
0
LINE
8
GREEN3
6
CONTINUOUS
10
6.5
20
-1.9500000000000002
11
6.5
21
-2.3000000000000003
0
LINE
8
GREEN3
6
CONTINUOUS
10
6.9000000000000004
20
-1.8500000000000001
11
6.7999999999999998
21
-1.8500000000000001
0
LINE
8
GREEN3
6
CONTINUOUS
10
1.55
20
-0.75
11
7.1000000000000005
21
-0.75
0
LINE
8
GREEN3
6
CONTINUOUS
10
1.75
20
-0.9500000000000001
11
7.3000000000000007
21
-0.9500000000000001
0
LINE
8
GREEN3
6
CONTINUOUS
10
1.9500000000000002
20
-1.1500000000000001
11
1.9500000000000002
21
-1.9000000000000001
0
LINE
8
GREEN3
6
CONTINUOUS
10
1.8500000000000001
20
-1.05
11
1.8500000000000001
21
-1.9000000000000001
0
LINE
8
GREEN3
6
CONTINUOUS
10
1.6500000000000001
20
-0.85
11
7.2000000000000002
21
-0.85
0
LINE
8
GREEN3
6
CONTINUOUS
10
4.7999999999999998
20
-2.3000000000000003
11
4.7999999999999998
21
-1.25
0
LINE
8
GREEN3
6
CONTINUOUS
10
1.8500000000000001
20
-1.05
11
7.4000000000000004
21
-1.05
0
LINE
8
GREEN3
6
CONTINUOUS
10
4.7000000000000002
20
-2.3000000000000003
11
4.7000000000000002
21
-1.1500000000000001
0
LINE
8
GREEN3
6
CONTINUOUS
10
4.9000000000000004
20
-2.3000000000000003
11
4.9000000000000004
21
-1.3500000000000001
0
LINE
8
GREEN3
6
CONTINUOUS
10
2.0500000000000003
20
-1.9000000000000001
11
2.0500000000000003
21
-1.25
0
LINE
8
GREEN3
6
CONTINUOUS
10
7.4000000000000004
20
-1.05
11
7.4000000000000004
21
-2.3000000000000003
0
LINE
8
GREEN3
6
CONTINUOUS
10
6.6000000000000005
20
-2.3000000000000003
11
6.6000000000000005
21
-1.9500000000000002
0
LINE
8
GREEN3
6
CONTINUOUS
10
6.6000000000000005
20
-1.9500000000000002
11
6.5
21
-1.9500000000000002
0
LINE
8
GREEN3
6
CONTINUOUS
10
6.9000000000000004
20
-2.3000000000000003
11
6.9000000000000004
21
-1.8500000000000001
0
LINE
8
GREEN3
6
CONTINUOUS
10
6.7999999999999998
20
-1.8500000000000001
11
6.7999999999999998
21
-2.3000000000000003
0
LINE
8
GREEN3
6
CONTINUOUS
10
4.5
20
-5.2999999999999998
11
4.5
21
-6.4500000000000002
0
LINE
8
GREEN3
6
CONTINUOUS
10
7.7000000000000002
20
-2.8000000000000003
11
7.7000000000000002
21
-3.3500000000000001
0
LINE
8
GREEN3
6
CONTINUOUS
10
9.1500000000000004
20
-2.4500000000000002
11
9.1500000000000004
21
-2.5
0
LINE
8
GREEN3
6
CONTINUOUS
10
9.1500000000000004
20
-2.8000000000000003
11
9.1500000000000004
21
-2.8999999999999999
0
LINE
8
GREEN3
6
CONTINUOUS
10
3.8000000000000003
20
-5.6000000000000005
11
3.8000000000000003
21
-6.4500000000000002
0
LINE
8
GREEN3
6
CONTINUOUS
10
4.1500000000000004
20
-5.4500000000000002
11
4.1500000000000004
21
-4.5
0
LINE
8
GREEN3
6
CONTINUOUS
10
2.4500000000000002
20
-4.7000000000000002
11
3.4500000000000002
21
-4.7000000000000002
0
LINE
8
GREEN3
6
CONTINUOUS
10
1.8500000000000001
20
-4.25
11
9.0999999999999996
21
-4.25
0
LINE
8
GREEN3
6
CONTINUOUS
10
5.9500000000000002
20
-3.6500000000000004
11
9.0999999999999996
21
-3.6500000000000004
0
LINE
8
GREEN3
6
CONTINUOUS
10
5.75
20
-3.9000000000000004
11
9.0999999999999996
21
-3.9000000000000004
0
LINE
8
GREEN3
6
CONTINUOUS
10
3.4500000000000002
20
-4.7000000000000002
11
7.4000000000000004
21
-4.7000000000000002
0
LINE
8
GREEN3
6
CONTINUOUS
10
7.7000000000000002
20
-3.3500000000000001
11
5.2999999999999998
21
-3.3500000000000001
0
LINE
8
GREEN3
6
CONTINUOUS
10
3.3999999999999999
20
-3.9000000000000004
11
5.75
21
-3.9000000000000004
0
LINE
8
GREEN3
6
CONTINUOUS
10
7.2000000000000002
20
-4.5
11
7.2000000000000002
21
-3.3000000000000003
0
LINE
8
GREEN3
6
CONTINUOUS
10
7.4000000000000004
20
-4.7000000000000002
11
7.4000000000000004
21
-3.3000000000000003
0
LINE
8
GREEN3
6
CONTINUOUS
10
7.3000000000000007
20
-4.6000000000000005
11
7.3000000000000007
21
-3.3000000000000003
0
LINE
8
GREEN3
6
CONTINUOUS
10
7.1000000000000005
20
-4.4000000000000004
11
7.1000000000000005
21
-3.3000000000000003
0
LINE
8
GREEN3
6
CONTINUOUS
10
5.6500000000000004
20
-4.1000000000000005
11
9.5
21
-4.1000000000000005
0
LINE
8
GREEN3
6
CONTINUOUS
10
2.25
20
-4.9000000000000004
11
2.8000000000000003
21
-4.9000000000000004
0
LINE
8
GREEN3
6
CONTINUOUS
10
2.3500000000000001
20
-4.7999999999999998
11
3.1000000000000001
21
-4.7999999999999998
0
LINE
8
GREEN3
6
CONTINUOUS
10
2.5
20
-6.2000000000000002
11
2.5
21
-6.4500000000000002
0
LINE
8
GREEN3
6
CONTINUOUS
10
3.1000000000000001
20
-5.9000000000000004
11
3.1000000000000001
21
-6.4500000000000002
0
LINE
8
GREEN3
6
CONTINUOUS
10
1.2
20
-0.75
11
1.55
21
-0.75
0
LINE
8
GREEN3
6
CONTINUOUS
10
1.55
20
-0.75
11
1.55
21
-1.9000000000000001
0
LINE
8
GREEN3
6
CONTINUOUS
10
1.2
20
-1.05
11
1.8500000000000001
21
-1.05
0
LINE
8
GREEN3
6
CONTINUOUS
10
2.2000000000000002
20
-6.3500000000000005
11
2.2000000000000002
21
-6.4500000000000002
0
LINE
8
GREEN3
6
CONTINUOUS
10
1.2
20
-0.85
11
1.6500000000000001
21
-0.85
0
LINE
8
GREEN3
6
CONTINUOUS
10
1.75
20
-0.9500000000000001
11
1.2
21
-0.9500000000000001
0
LINE
8
GREEN3
6
CONTINUOUS
10
1.2
20
-1.1500000000000001
11
1.9500000000000002
21
-1.1500000000000001
0
LINE
8
GREEN3
6
CONTINUOUS
10
1.2
20
-1.6000000000000001
11
4.
21
-1.6000000000000001
0
LINE
8
GREEN3
6
CONTINUOUS
10
2.25
20
-1.45
11
2.25
21
-1.9000000000000001
0
LINE
8
GREEN3
6
CONTINUOUS
10
1.2
20
-1.45
11
2.25
21
-1.45
0
LINE
8
GREEN3
6
CONTINUOUS
10
1.2
20
-1.3500000000000001
11
2.1499999999999999
21
-1.3500000000000001
0
LINE
8
GREEN3
6
CONTINUOUS
10
2.1499999999999999
20
-1.3500000000000001
11
2.1499999999999999
21
-1.9000000000000001
0
LINE
8
GREEN3
6
CONTINUOUS
10
1.6500000000000001
20
-0.85
11
1.6500000000000001
21
-1.9000000000000001
0
LINE
8
GREEN3
6
CONTINUOUS
10
1.
20
-1.8
11
1.
21
-1.75
0
LINE
8
GREEN3
6
CONTINUOUS
10
1.75
20
-1.9000000000000001
11
1.75
21
-0.9500000000000001
0
LINE
8
GREEN3
6
CONTINUOUS
10
1.
20
-1.8
11
1.05
21
-1.8
0
LINE
8
GREEN3
6
CONTINUOUS
10
2.5
20
-5.
11
4.9000000000000004
21
-5.
0
LINE
8
GREEN3
6
CONTINUOUS
10
2.6499999999999999
20
-4.5
11
4.1500000000000004
21
-4.5
0
LINE
8
GREEN3
6
CONTINUOUS
10
2.8000000000000003
20
-4.9000000000000004
11
4.7999999999999998
21
-4.9000000000000004
0
LINE
8
GREEN3
6
CONTINUOUS
10
3.1000000000000001
20
-4.7999999999999998
11
4.7000000000000002
21
-4.7999999999999998
0
LINE
8
GREEN3
6
CONTINUOUS
10
2.5500000000000003
20
-4.6000000000000005
11
3.8000000000000003
21
-4.6000000000000005
0
LINE
8
GREEN3
6
CONTINUOUS
10
2.75
20
-4.4000000000000004
11
4.5
21
-4.4000000000000004
0
LINE
8
GREEN3
6
CONTINUOUS
10
3.4500000000000002
20
-5.75
11
3.4500000000000002
21
-4.7000000000000002
0
LINE
8
GREEN3
6
CONTINUOUS
10
3.1000000000000001
20
-5.9000000000000004
11
3.1000000000000001
21
-4.7999999999999998
0
LINE
8
GREEN3
6
CONTINUOUS
10
2.2000000000000002
20
-6.3500000000000005
11
2.2000000000000002
21
-5.1000000000000005
0
LINE
8
GREEN3
6
CONTINUOUS
10
2.8000000000000003
20
-4.9000000000000004
11
2.8000000000000003
21
-6.0499999999999998
0
LINE
8
GREEN3
6
CONTINUOUS
10
3.1000000000000001
20
-6.75
11
3.1000000000000001
21
-6.9000000000000004
0
LINE
8
GREEN3
6
CONTINUOUS
10
3.1000000000000001
20
-7.3000000000000007
11
3.3000000000000003
21
-7.3000000000000007
0
LINE
8
GREEN3
6
CONTINUOUS
10
3.1000000000000001
20
-7.2000000000000002
11
3.1000000000000001
21
-7.3000000000000007
0
LINE
8
GREEN3
6
CONTINUOUS
10
4.5
20
-1.8500000000000001
11
4.4000000000000004
21
-1.8500000000000001
0
LINE
8
GREEN3
6
CONTINUOUS
10
2.2000000000000002
20
-5.1000000000000005
11
2.0500000000000003
21
-5.1000000000000005
0
LINE
8
GREEN3
6
CONTINUOUS
10
2.1499999999999999
20
-5.
11
2.5
21
-5.
0
LINE
8
GREEN3
6
CONTINUOUS
10
3.4500000000000002
20
-7.2000000000000002
11
3.4500000000000002
21
-7.3000000000000007
0
LINE
8
GREEN3
6
CONTINUOUS
10
3.8000000000000003
20
-7.3000000000000007
11
3.4500000000000002
21
-7.3000000000000007
0
LINE
8
GREEN3
6
CONTINUOUS
10
3.8000000000000003
20
-7.2000000000000002
11
3.8000000000000003
21
-7.3000000000000007
0
LINE
8
GREEN3
6
CONTINUOUS
10
3.4500000000000002
20
-6.75
11
3.4500000000000002
21
-6.9000000000000004
0
LINE
8
GREEN3
6
CONTINUOUS
10
3.8000000000000003
20
-6.75
11
3.8000000000000003
21
-6.9000000000000004
0
LINE
8
GREEN3
6
CONTINUOUS
10
2.5
20
-6.2000000000000002
11
2.5
21
-5.
0
LINE
8
GREEN3
6
CONTINUOUS
10
2.8000000000000003
20
-7.3000000000000007
11
3.1000000000000001
21
-7.3000000000000007
0
LINE
8
GREEN3
6
CONTINUOUS
10
2.5
20
-7.3000000000000007
11
2.8000000000000003
21
-7.3000000000000007
0
LINE
8
GREEN3
6
CONTINUOUS
10
2.8000000000000003
20
-7.2000000000000002
11
2.8000000000000003
21
-7.3000000000000007
0
LINE
8
GREEN3
6
CONTINUOUS
10
3.3000000000000003
20
-7.3000000000000007
11
3.3000000000000003
21
-7.3500000000000005
0
LINE
8
GREEN3
6
CONTINUOUS
10
3.4500000000000002
20
-7.3000000000000007
11
3.3000000000000003
21
-7.3000000000000007
0
LINE
8
GREEN3
6
CONTINUOUS
10
4.
20
-1.6000000000000001
11
6.4000000000000004
21
-1.6000000000000001
0
LINE
8
GREEN3
6
CONTINUOUS
10
2.2000000000000002
20
-7.3000000000000007
11
2.5
21
-7.3000000000000007
0
LINE
8
GREEN3
6
CONTINUOUS
10
2.5
20
-7.2000000000000002
11
2.5
21
-7.3000000000000007
0
LINE
8
GREEN3
6
CONTINUOUS
10
2.2000000000000002
20
-7.2000000000000002
11
2.2000000000000002
21
-7.3000000000000007
0
LINE
8
GREEN3
6
CONTINUOUS
10
2.5
20
-6.75
11
2.5
21
-6.9000000000000004
0
LINE
8
GREEN3
6
CONTINUOUS
10
4.2000000000000002
20
-2.3000000000000003
11
4.2000000000000002
21
-1.9500000000000002
0
LINE
8
GREEN3
6
CONTINUOUS
10
2.2000000000000002
20
-6.75
11
2.2000000000000002
21
-6.9000000000000004
0
LINE
8
GREEN3
6
CONTINUOUS
10
4.4000000000000004
20
-1.8500000000000001
11
4.4000000000000004
21
-2.3000000000000003
0
LINE
8
GREEN3
6
CONTINUOUS
10
4.5
20
-2.3000000000000003
11
4.5
21
-1.8500000000000001
0
LINE
8
GREEN3
6
CONTINUOUS
10
3.5500000000000003
20
-3.6500000000000004
11
5.9500000000000002
21
-3.6500000000000004
0
LINE
8
GREEN3
6
CONTINUOUS
10
2.8000000000000003
20
-6.75
11
2.8000000000000003
21
-6.9000000000000004
0
LINE
8
GREEN3
6
CONTINUOUS
10
4.7999999999999998
20
-4.9000000000000004
11
4.7999999999999998
21
-3.3000000000000003
0
LINE
8
GREEN3
6
CONTINUOUS
10
2.0500000000000003
20
-1.25
11
1.2
21
-1.25
0
LINE
8
CYAN2
6
CONTINUOUS
10
2.8862795275590551
20
-6.5327992125984258
11
2.8862795275590551
21
-6.4827992125984251
0
LINE
8
CYAN2
6
CONTINUOUS
10
2.8862795275590551
20
-6.4827992125984251
11
2.898185039370079
21
-6.4827992125984251
0
LINE
8
CYAN2
6
CONTINUOUS
10
2.898185039370079
20
-6.4827992125984251
11
2.9053267716535434
21
-6.4851811023622048
0
LINE
8
CYAN2
6
CONTINUOUS
10
2.9053267716535434
20
-6.4851811023622048
11
2.9100905511811024
21
-6.4899448818897643
0
LINE
8
CYAN2
6
CONTINUOUS
10
2.9100905511811024
20
-6.4899448818897643
11
2.9124724409448821
21
-6.4947047244094493
0
LINE
8
CYAN2
6
CONTINUOUS
10
2.9124724409448821
20
-6.4947047244094493
11
2.9148503937007875
21
-6.504228346456693
0
LINE
8
CYAN2
6
CONTINUOUS
10
2.9148503937007875
20
-6.504228346456693
11
2.9148503937007875
21
-6.5113700787401578
0
LINE
8
CYAN2
6
CONTINUOUS
10
2.9148503937007875
20
-6.5113700787401578
11
2.9124724409448821
21
-6.5208937007874015
0
LINE
8
CYAN2
6
CONTINUOUS
10
2.9124724409448821
20
-6.5208937007874015
11
2.9100905511811024
21
-6.525657480314961
0
LINE
8
CYAN2
6
CONTINUOUS
10
2.9100905511811024
20
-6.525657480314961
11
2.9053267716535434
21
-6.5304212598425195
0
LINE
8
CYAN2
6
CONTINUOUS
10
2.9053267716535434
20
-6.5304212598425195
11
2.898185039370079
21
-6.5327992125984258
0
LINE
8
CYAN2
6
CONTINUOUS
10
2.898185039370079
20
-6.5327992125984258
11
2.8862795275590551
21
-6.5327992125984258
0
LINE
8
CYAN2
6
CONTINUOUS
10
2.9339015748031496
20
-6.4875629921259845
11
2.9362795275590554
21
-6.4851811023622048
0
LINE
8
CYAN2
6
CONTINUOUS
10
2.9362795275590554
20
-6.4851811023622048
11
2.9410433070866144
21
-6.4827992125984251
0
LINE
8
CYAN2
6
CONTINUOUS
10
2.9410433070866144
20
-6.4827992125984251
11
2.9529488188976378
21
-6.4827992125984251
0
LINE
8
CYAN2
6
CONTINUOUS
10
2.9529488188976378
20
-6.4827992125984251
11
2.9577086614173229
21
-6.4851811023622048
0
LINE
8
CYAN2
6
CONTINUOUS
10
2.9577086614173229
20
-6.4851811023622048
11
2.9600905511811026
21
-6.4875629921259845
0
LINE
8
CYAN2
6
CONTINUOUS
10
2.9600905511811026
20
-6.4875629921259845
11
2.9624724409448819
21
-6.4923228346456696
0
LINE
8
CYAN2
6
CONTINUOUS
10
2.9624724409448819
20
-6.4923228346456696
11
2.9624724409448819
21
-6.4970866141732282
0
LINE
8
CYAN2
6
CONTINUOUS
10
2.9624724409448819
20
-6.4970866141732282
11
2.9600905511811026
21
-6.504228346456693
0
LINE
8
CYAN2
6
CONTINUOUS
10
2.9600905511811026
20
-6.504228346456693
11
2.9315196850393703
21
-6.5327992125984258
0
LINE
8
CYAN2
6
CONTINUOUS
10
2.9315196850393703
20
-6.5327992125984258
11
2.9624724409448819
21
-6.5327992125984258
0
LINE
8
CYAN2
6
CONTINUOUS
10
3.0100905511811025
20
-6.5327992125984258
11
2.9815196850393701
21
-6.5327992125984258
0
LINE
8
CYAN2
6
CONTINUOUS
10
2.9958031496062993
20
-6.5327992125984258
11
2.9958031496062993
21
-6.4827992125984251
0
LINE
8
CYAN2
6
CONTINUOUS
10
2.9958031496062993
20
-6.4827992125984251
11
2.9910433070866143
21
-6.4899448818897643
0
LINE
8
CYAN2
6
CONTINUOUS
10
2.9910433070866143
20
-6.4899448818897643
11
2.9862795275590552
21
-6.4947047244094493
0
LINE
8
CYAN2
6
CONTINUOUS
10
2.9862795275590552
20
-6.4947047244094493
11
2.9815196850393701
21
-6.4970866141732282
0
LINE
8
CYAN2
6
CONTINUOUS
10
2.9148503937007875
20
-6.6327992125984254
11
2.898185039370079
21
-6.6089921259842521
0
LINE
8
CYAN2
6
CONTINUOUS
10
2.8862795275590551
20
-6.6327992125984254
11
2.8862795275590551
21
-6.5827992125984256
0
LINE
8
CYAN2
6
CONTINUOUS
10
2.8862795275590551
20
-6.5827992125984256
11
2.9053267716535434
21
-6.5827992125984256
0
LINE
8
CYAN2
6
CONTINUOUS
10
2.9053267716535434
20
-6.5827992125984256
11
2.9100905511811024
21
-6.5851811023622053
0
LINE
8
CYAN2
6
CONTINUOUS
10
2.9100905511811024
20
-6.5851811023622053
11
2.9124724409448821
21
-6.5875629921259842
0
LINE
8
CYAN2
6
CONTINUOUS
10
2.9124724409448821
20
-6.5875629921259842
11
2.9148503937007875
21
-6.5923228346456693
0
LINE
8
CYAN2
6
CONTINUOUS
10
2.9148503937007875
20
-6.5923228346456693
11
2.9148503937007875
21
-6.5994685039370085
0
LINE
8
CYAN2
6
CONTINUOUS
10
2.9148503937007875
20
-6.5994685039370085
11
2.9124724409448821
21
-6.6042283464566935
0
LINE
8
CYAN2
6
CONTINUOUS
10
2.9124724409448821
20
-6.6042283464566935
11
2.9100905511811024
21
-6.6066102362204724
0
LINE
8
CYAN2
6
CONTINUOUS
10
2.9100905511811024
20
-6.6066102362204724
11
2.9053267716535434
21
-6.6089921259842521
0
LINE
8
CYAN2
6
CONTINUOUS
10
2.9053267716535434
20
-6.6089921259842521
11
2.8862795275590551
21
-6.6089921259842521
0
LINE
8
CYAN2
6
CONTINUOUS
10
2.9362795275590554
20
-6.6066102362204724
11
2.9529488188976378
21
-6.6066102362204724
0
LINE
8
CYAN2
6
CONTINUOUS
10
2.9600905511811026
20
-6.6327992125984254
11
2.9362795275590554
21
-6.6327992125984254
0
LINE
8
CYAN2
6
CONTINUOUS
10
2.9362795275590554
20
-6.6327992125984254
11
2.9362795275590554
21
-6.5827992125984256
0
LINE
8
CYAN2
6
CONTINUOUS
10
2.9362795275590554
20
-6.5827992125984256
11
2.9600905511811026
21
-6.5827992125984256
0
LINE
8
CYAN2
6
CONTINUOUS
10
2.9815157480314962
20
-6.6327992125984254
11
2.9815157480314962
21
-6.5827992125984256
0
LINE
8
CYAN2
6
CONTINUOUS
10
2.9815157480314962
20
-6.5827992125984256
11
2.9934212598425196
21
-6.5827992125984256
0
LINE
8
CYAN2
6
CONTINUOUS
10
2.9934212598425196
20
-6.5827992125984256
11
3.0005629921259844
21
-6.5851811023622053
0
LINE
8
CYAN2
6
CONTINUOUS
10
3.0005629921259844
20
-6.5851811023622053
11
3.0053267716535434
21
-6.5899448818897639
0
LINE
8
CYAN2
6
CONTINUOUS
10
3.0053267716535434
20
-6.5899448818897639
11
3.0077086614173227
21
-6.594704724409449
0
LINE
8
CYAN2
6
CONTINUOUS
10
3.0077086614173227
20
-6.594704724409449
11
3.0100866141732285
21
-6.6042283464566935
0
LINE
8
CYAN2
6
CONTINUOUS
10
3.0100866141732285
20
-6.6042283464566935
11
3.0100866141732285
21
-6.6113700787401575
0
LINE
8
CYAN2
6
CONTINUOUS
10
3.0100866141732285
20
-6.6113700787401575
11
3.0077086614173227
21
-6.620893700787402
0
LINE
8
CYAN2
6
CONTINUOUS
10
3.0077086614173227
20
-6.620893700787402
11
3.0053267716535434
21
-6.6256574803149606
0
LINE
8
CYAN2
6
CONTINUOUS
10
3.0053267716535434
20
-6.6256574803149606
11
3.0005629921259844
21
-6.6304212598425201
0
LINE
8
CYAN2
6
CONTINUOUS
10
3.0005629921259844
20
-6.6304212598425201
11
2.9934212598425196
21
-6.6327992125984254
0
LINE
8
CYAN2
6
CONTINUOUS
10
2.9934212598425196
20
-6.6327992125984254
11
2.9815157480314962
21
-6.6327992125984254
0
LINE
8
RED2
6
CONTINUOUS
10
2.8000000000000003
20
-6.6500000000000004
11
2.8000000000000003
21
-6.75
0
LINE
8
RED2
6
CONTINUOUS
10
2.8000000000000003
20
-6.5499999999999998
11
2.8000000000000003
21
-6.4500000000000002
0
LINE
8
CYAN2
6
CONTINUOUS
10
2.6162795275590551
20
-6.6127992125984258
11
2.6162795275590551
21
-6.5627992125984251
0
LINE
8
CYAN2
6
CONTINUOUS
10
2.6162795275590551
20
-6.5627992125984251
11
2.628185039370079
21
-6.5627992125984251
0
LINE
8
CYAN2
6
CONTINUOUS
10
2.628185039370079
20
-6.5627992125984251
11
2.6353267716535433
21
-6.5651811023622049
0
LINE
8
CYAN2
6
CONTINUOUS
10
2.6353267716535433
20
-6.5651811023622049
11
2.6400905511811024
21
-6.5699448818897643
0
LINE
8
CYAN2
6
CONTINUOUS
10
2.6400905511811024
20
-6.5699448818897643
11
2.6424724409448821
21
-6.5747047244094494
0
LINE
8
CYAN2
6
CONTINUOUS
10
2.6424724409448821
20
-6.5747047244094494
11
2.6448503937007874
21
-6.5842283464566931
0
LINE
8
CYAN2
6
CONTINUOUS
10
2.6448503937007874
20
-6.5842283464566931
11
2.6448503937007874
21
-6.5913700787401579
0
LINE
8
CYAN2
6
CONTINUOUS
10
2.6448503937007874
20
-6.5913700787401579
11
2.6424724409448821
21
-6.6008937007874016
0
LINE
8
CYAN2
6
CONTINUOUS
10
2.6424724409448821
20
-6.6008937007874016
11
2.6400905511811024
21
-6.605657480314961
0
LINE
8
CYAN2
6
CONTINUOUS
10
2.6400905511811024
20
-6.605657480314961
11
2.6353267716535433
21
-6.6104212598425196
0
LINE
8
CYAN2
6
CONTINUOUS
10
2.6353267716535433
20
-6.6104212598425196
11
2.628185039370079
21
-6.6127992125984258
0
LINE
8
CYAN2
6
CONTINUOUS
10
2.628185039370079
20
-6.6127992125984258
11
2.6162795275590551
21
-6.6127992125984258
0
LINE
8
CYAN2
6
CONTINUOUS
10
2.6639015748031496
20
-6.5675629921259846
11
2.6662795275590554
21
-6.5651811023622049
0
LINE
8
CYAN2
6
CONTINUOUS
10
2.6662795275590554
20
-6.5651811023622049
11
2.6710433070866144
21
-6.5627992125984251
0
LINE
8
CYAN2
6
CONTINUOUS
10
2.6710433070866144
20
-6.5627992125984251
11
2.6829488188976378
21
-6.5627992125984251
0
LINE
8
CYAN2
6
CONTINUOUS
10
2.6829488188976378
20
-6.5627992125984251
11
2.6877086614173229
21
-6.5651811023622049
0
LINE
8
CYAN2
6
CONTINUOUS
10
2.6877086614173229
20
-6.5651811023622049
11
2.6900905511811026
21
-6.5675629921259846
0
LINE
8
CYAN2
6
CONTINUOUS
10
2.6900905511811026
20
-6.5675629921259846
11
2.6924724409448819
21
-6.5723228346456697
0
LINE
8
CYAN2
6
CONTINUOUS
10
2.6924724409448819
20
-6.5723228346456697
11
2.6924724409448819
21
-6.5770866141732283
0
LINE
8
CYAN2
6
CONTINUOUS
10
2.6924724409448819
20
-6.5770866141732283
11
2.6900905511811026
21
-6.5842283464566931
0
LINE
8
CYAN2
6
CONTINUOUS
10
2.6900905511811026
20
-6.5842283464566931
11
2.6615196850393703
21
-6.6127992125984258
0
LINE
8
CYAN2
6
CONTINUOUS
10
2.6615196850393703
20
-6.6127992125984258
11
2.6924724409448819
21
-6.6127992125984258
0
LINE
8
CYAN2
6
CONTINUOUS
10
2.7234212598425196
20
-6.5627992125984251
11
2.7281850393700791
21
-6.5627992125984251
0
LINE
8
CYAN2
6
CONTINUOUS
10
2.7281850393700791
20
-6.5627992125984251
11
2.7329448818897637
21
-6.5651811023622049
0
LINE
8
CYAN2
6
CONTINUOUS
10
2.7329448818897637
20
-6.5651811023622049
11
2.7353267716535434
21
-6.5675629921259846
0
LINE
8
CYAN2
6
CONTINUOUS
10
2.7353267716535434
20
-6.5675629921259846
11
2.7377086614173227
21
-6.5723228346456697
0
LINE
8
CYAN2
6
CONTINUOUS
10
2.7377086614173227
20
-6.5723228346456697
11
2.7400905511811025
21
-6.5818464566929133
0
LINE
8
CYAN2
6
CONTINUOUS
10
2.7400905511811025
20
-6.5818464566929133
11
2.7400905511811025
21
-6.5937519685039376
0
LINE
8
CYAN2
6
CONTINUOUS
10
2.7400905511811025
20
-6.5937519685039376
11
2.7377086614173227
21
-6.6032755905511813
0
LINE
8
CYAN2
6
CONTINUOUS
10
2.7377086614173227
20
-6.6032755905511813
11
2.7353267716535434
21
-6.6080393700787408
0
LINE
8
CYAN2
6
CONTINUOUS
10
2.7353267716535434
20
-6.6080393700787408
11
2.7329448818897637
21
-6.6104212598425196
0
LINE
8
CYAN2
6
CONTINUOUS
10
2.7329448818897637
20
-6.6104212598425196
11
2.7281850393700791
21
-6.6127992125984258
0
LINE
8
CYAN2
6
CONTINUOUS
10
2.7281850393700791
20
-6.6127992125984258
11
2.7234212598425196
21
-6.6127992125984258
0
LINE
8
CYAN2
6
CONTINUOUS
10
2.7234212598425196
20
-6.6127992125984258
11
2.718661417322835
21
-6.6104212598425196
0
LINE
8
CYAN2
6
CONTINUOUS
10
2.718661417322835
20
-6.6104212598425196
11
2.7162795275590552
21
-6.6080393700787408
0
LINE
8
CYAN2
6
CONTINUOUS
10
2.7162795275590552
20
-6.6080393700787408
11
2.7138976377952755
21
-6.6032755905511813
0
LINE
8
CYAN2
6
CONTINUOUS
10
2.7138976377952755
20
-6.6032755905511813
11
2.7115196850393701
21
-6.5937519685039376
0
LINE
8
CYAN2
6
CONTINUOUS
10
2.7115196850393701
20
-6.5937519685039376
11
2.7115196850393701
21
-6.5818464566929133
0
LINE
8
CYAN2
6
CONTINUOUS
10
2.7115196850393701
20
-6.5818464566929133
11
2.7138976377952755
21
-6.5723228346456697
0
LINE
8
CYAN2
6
CONTINUOUS
10
2.7138976377952755
20
-6.5723228346456697
11
2.7162795275590552
21
-6.5675629921259846
0
LINE
8
CYAN2
6
CONTINUOUS
10
2.7162795275590552
20
-6.5675629921259846
11
2.718661417322835
21
-6.5651811023622049
0
LINE
8
CYAN2
6
CONTINUOUS
10
2.718661417322835
20
-6.5651811023622049
11
2.7234212598425196
21
-6.5627992125984251
0
LINE
8
CYAN2
6
CONTINUOUS
10
2.6448503937007874
20
-6.7227992125984253
11
2.628185039370079
21
-6.698992125984252
0
LINE
8
CYAN2
6
CONTINUOUS
10
2.6162795275590551
20
-6.7227992125984253
11
2.6162795275590551
21
-6.6727992125984255
0
LINE
8
CYAN2
6
CONTINUOUS
10
2.6162795275590551
20
-6.6727992125984255
11
2.6353267716535433
21
-6.6727992125984255
0
LINE
8
CYAN2
6
CONTINUOUS
10
2.6353267716535433
20
-6.6727992125984255
11
2.6400905511811024
21
-6.6751811023622052
0
LINE
8
CYAN2
6
CONTINUOUS
10
2.6400905511811024
20
-6.6751811023622052
11
2.6424724409448821
21
-6.6775629921259849
0
LINE
8
CYAN2
6
CONTINUOUS
10
2.6424724409448821
20
-6.6775629921259849
11
2.6448503937007874
21
-6.6823228346456691
0
LINE
8
CYAN2
6
CONTINUOUS
10
2.6448503937007874
20
-6.6823228346456691
11
2.6448503937007874
21
-6.6894685039370083
0
LINE
8
CYAN2
6
CONTINUOUS
10
2.6448503937007874
20
-6.6894685039370083
11
2.6424724409448821
21
-6.6942283464566934
0
LINE
8
CYAN2
6
CONTINUOUS
10
2.6424724409448821
20
-6.6942283464566934
11
2.6400905511811024
21
-6.6966102362204731
0
LINE
8
CYAN2
6
CONTINUOUS
10
2.6400905511811024
20
-6.6966102362204731
11
2.6353267716535433
21
-6.698992125984252
0
LINE
8
CYAN2
6
CONTINUOUS
10
2.6353267716535433
20
-6.698992125984252
11
2.6162795275590551
21
-6.698992125984252
0
LINE
8
CYAN2
6
CONTINUOUS
10
2.6662795275590554
20
-6.6966102362204731
11
2.6829488188976378
21
-6.6966102362204731
0
LINE
8
CYAN2
6
CONTINUOUS
10
2.6900905511811026
20
-6.7227992125984253
11
2.6662795275590554
21
-6.7227992125984253
0
LINE
8
CYAN2
6
CONTINUOUS
10
2.6662795275590554
20
-6.7227992125984253
11
2.6662795275590554
21
-6.6727992125984255
0
LINE
8
CYAN2
6
CONTINUOUS
10
2.6662795275590554
20
-6.6727992125984255
11
2.6900905511811026
21
-6.6727992125984255
0
LINE
8
CYAN2
6
CONTINUOUS
10
2.7115157480314962
20
-6.7227992125984253
11
2.7115157480314962
21
-6.6727992125984255
0
LINE
8
CYAN2
6
CONTINUOUS
10
2.7115157480314962
20
-6.6727992125984255
11
2.7234212598425196
21
-6.6727992125984255
0
LINE
8
CYAN2
6
CONTINUOUS
10
2.7234212598425196
20
-6.6727992125984255
11
2.7305629921259844
21
-6.6751811023622052
0
LINE
8
CYAN2
6
CONTINUOUS
10
2.7305629921259844
20
-6.6751811023622052
11
2.7353267716535434
21
-6.6799448818897638
0
LINE
8
CYAN2
6
CONTINUOUS
10
2.7353267716535434
20
-6.6799448818897638
11
2.7377086614173227
21
-6.6847047244094489
0
LINE
8
CYAN2
6
CONTINUOUS
10
2.7377086614173227
20
-6.6847047244094489
11
2.7400866141732285
21
-6.6942283464566934
0
LINE
8
CYAN2
6
CONTINUOUS
10
2.7400866141732285
20
-6.6942283464566934
11
2.7400866141732285
21
-6.7013700787401573
0
LINE
8
CYAN2
6
CONTINUOUS
10
2.7400866141732285
20
-6.7013700787401573
11
2.7377086614173227
21
-6.7108937007874019
0
LINE
8
CYAN2
6
CONTINUOUS
10
2.7377086614173227
20
-6.7108937007874019
11
2.7353267716535434
21
-6.7156574803149605
0
LINE
8
CYAN2
6
CONTINUOUS
10
2.7353267716535434
20
-6.7156574803149605
11
2.7305629921259844
21
-6.7204212598425199
0
LINE
8
CYAN2
6
CONTINUOUS
10
2.7305629921259844
20
-6.7204212598425199
11
2.7234212598425196
21
-6.7227992125984253
0
LINE
8
CYAN2
6
CONTINUOUS
10
2.7234212598425196
20
-6.7227992125984253
11
2.7115157480314962
21
-6.7227992125984253
0
LINE
8
RED2
6
CONTINUOUS
10
2.5
20
-6.6500000000000004
11
2.5
21
-6.75
0
LINE
8
RED2
6
CONTINUOUS
10
2.5
20
-6.5499999999999998
11
2.5
21
-6.4500000000000002
0
POLYLINE
8
GREEN3
66
1
70
1
40
0.018
41
0.018
0
VERTEX
8
GREEN3
10
4.141
 20
-5.4500000000000002
42
1.0
0
VERTEX
8
GREEN3
10
4.1590000000000007
 20
-5.4500000000000002
42
1.0
0
SEQEND
0
POLYLINE
8
GREEN3
66
1
70
1
40
0.018
41
0.018
0
VERTEX
8
GREEN3
10
4.4909999999999997
 20
-5.2999999999999998
42
1.0
0
VERTEX
8
GREEN3
10
4.5090000000000003
 20
-5.2999999999999998
42
1.0
0
SEQEND
0
POLYLINE
8
GREEN3
66
1
70
1
40
0.018
41
0.018
0
VERTEX
8
GREEN3
10
3.7910000000000004
 20
-5.6000000000000005
42
1.0
0
VERTEX
8
GREEN3
10
3.8090000000000002
 20
-5.6000000000000005
42
1.0
0
SEQEND
0
POLYLINE
8
GREEN3
66
1
70
1
40
0.018
41
0.018
0
VERTEX
8
GREEN3
10
2.4910000000000001
 20
-5.
42
1.0
0
VERTEX
8
GREEN3
10
2.5089999999999999
 20
-5.
42
1.0
0
SEQEND
0
POLYLINE
8
GREEN3
66
1
70
1
40
0.018
41
0.018
0
VERTEX
8
GREEN3
10
2.1910000000000003
 20
-5.1000000000000005
42
1.0
0
VERTEX
8
GREEN3
10
2.2090000000000001
 20
-5.1000000000000005
42
1.0
0
SEQEND
0
POLYLINE
8
GREEN3
66
1
70
1
40
0.018
41
0.018
0
VERTEX
8
GREEN3
10
2.7910000000000004
 20
-4.9000000000000004
42
1.0
0
VERTEX
8
GREEN3
10
2.8090000000000002
 20
-4.9000000000000004
42
1.0
0
SEQEND
0
POLYLINE
8
GREEN3
66
1
70
1
40
0.018
41
0.018
0
VERTEX
8
GREEN3
10
2.4910000000000001
 20
-6.2000000000000002
42
1.0
0
VERTEX
8
GREEN3
10
2.5089999999999999
 20
-6.2000000000000002
42
1.0
0
SEQEND
0
POLYLINE
8
GREEN3
66
1
70
1
40
0.018
41
0.018
0
VERTEX
8
GREEN3
10
2.1910000000000003
 20
-6.3500000000000005
42
1.0
0
VERTEX
8
GREEN3
10
2.2090000000000001
 20
-6.3500000000000005
42
1.0
0
SEQEND
0
POLYLINE
8
GREEN3
66
1
70
1
40
0.018
41
0.018
0
VERTEX
8
GREEN3
10
3.7910000000000004
 20
-4.6000000000000005
42
1.0
0
VERTEX
8
GREEN3
10
3.8090000000000002
 20
-4.6000000000000005
42
1.0
0
SEQEND
0
POLYLINE
8
GREEN3
66
1
70
1
40
0.018
41
0.018
0
VERTEX
8
GREEN3
10
4.141
 20
-4.5
42
1.0
0
VERTEX
8
GREEN3
10
4.1590000000000007
 20
-4.5
42
1.0
0
SEQEND
0
POLYLINE
8
GREEN3
66
1
70
1
40
0.018
41
0.018
0
VERTEX
8
GREEN3
10
3.4410000000000003
 20
-5.75
42
1.0
0
VERTEX
8
GREEN3
10
3.4590000000000001
 20
-5.75
42
1.0
0
SEQEND
0
POLYLINE
8
GREEN3
66
1
70
1
40
0.018
41
0.018
0
VERTEX
8
GREEN3
10
3.0910000000000002
 20
-4.7999999999999998
42
1.0
0
VERTEX
8
GREEN3
10
3.109
 20
-4.7999999999999998
42
1.0
0
SEQEND
0
POLYLINE
8
GREEN3
66
1
70
1
40
0.018
41
0.018
0
VERTEX
8
GREEN3
10
3.4410000000000003
 20
-4.7000000000000002
42
1.0
0
VERTEX
8
GREEN3
10
3.4590000000000001
 20
-4.7000000000000002
42
1.0
0
SEQEND
0
POLYLINE
8
GREEN3
66
1
70
1
40
0.018
41
0.018
0
VERTEX
8
GREEN3
10
4.391
 20
-1.8500000000000001
42
1.0
0
VERTEX
8
GREEN3
10
4.4090000000000007
 20
-1.8500000000000001
42
1.0
0
SEQEND
0
POLYLINE
8
GREEN3
66
1
70
1
40
0.018
41
0.018
0
VERTEX
8
GREEN3
10
5.9409999999999998
 20
-3.6500000000000004
42
1.0
0
VERTEX
8
GREEN3
10
5.9590000000000005
 20
-3.6500000000000004
42
1.0
0
SEQEND
0
POLYLINE
8
GREEN3
66
1
70
1
40
0.018
41
0.018
0
VERTEX
8
GREEN3
10
5.7409999999999997
 20
-3.9000000000000004
42
1.0
0
VERTEX
8
GREEN3
10
5.7590000000000003
 20
-3.9000000000000004
42
1.0
0
SEQEND
0
POLYLINE
8
GREEN3
66
1
70
1
40
0.018
41
0.018
0
VERTEX
8
GREEN3
10
5.2909999999999995
 20
-3.3500000000000001
42
1.0
0
VERTEX
8
GREEN3
10
5.3090000000000002
 20
-3.3500000000000001
42
1.0
0
SEQEND
0
POLYLINE
8
GREEN3
66
1
70
1
40
0.018
41
0.018
0
VERTEX
8
GREEN3
10
5.641
 20
-4.1000000000000005
42
1.0
0
VERTEX
8
GREEN3
10
5.6590000000000007
 20
-4.1000000000000005
42
1.0
0
SEQEND
0
POLYLINE
8
GREEN3
66
1
70
1
40
0.018
41
0.018
0
VERTEX
8
GREEN3
10
5.641
 20
-2.8000000000000003
42
1.0
0
VERTEX
8
GREEN3
10
5.6590000000000007
 20
-2.8000000000000003
42
1.0
0
SEQEND
0
POLYLINE
8
GREEN3
66
1
70
1
40
0.018
41
0.018
0
VERTEX
8
GREEN3
10
4.4909999999999997
 20
-4.4000000000000004
42
1.0
0
VERTEX
8
GREEN3
10
4.5090000000000003
 20
-4.4000000000000004
42
1.0
0
SEQEND
0
POLYLINE
8
GREEN3
66
1
70
1
40
0.018
41
0.018
0
VERTEX
8
GREEN3
10
1.5410000000000001
 20
-3.3500000000000001
42
1.0
0
VERTEX
8
GREEN3
10
1.5589999999999999
 20
-3.3500000000000001
42
1.0
0
SEQEND
0
POLYLINE
8
GREEN3
66
1
70
1
40
0.018
41
0.018
0
VERTEX
8
GREEN3
10
3.2910000000000004
 20
-4.1000000000000005
42
1.0
0
VERTEX
8
GREEN3
10
3.3090000000000002
 20
-4.1000000000000005
42
1.0
0
SEQEND
0
POLYLINE
8
GREEN3
66
1
70
1
40
0.018
41
0.018
0
VERTEX
8
GREEN3
10
3.2910000000000004
 20
-2.8000000000000003
42
1.0
0
VERTEX
8
GREEN3
10
3.3090000000000002
 20
-2.8000000000000003
42
1.0
0
SEQEND
0
POLYLINE
8
GREEN3
66
1
70
1
40
0.018
41
0.018
0
VERTEX
8
GREEN3
10
1.7410000000000001
 20
-3.3500000000000001
42
1.0
0
VERTEX
8
GREEN3
10
1.7589999999999999
 20
-3.3500000000000001
42
1.0
0
SEQEND
0
POLYLINE
8
GREEN3
66
1
70
1
40
0.018
41
0.018
0
VERTEX
8
GREEN3
10
3.9910000000000001
 20
-1.6000000000000001
42
1.0
0
VERTEX
8
GREEN3
10
4.0090000000000003
 20
-1.6000000000000001
42
1.0
0
SEQEND
0
POLYLINE
8
GREEN3
66
1
70
1
40
0.018
41
0.018
0
VERTEX
8
GREEN3
10
4.0910000000000002
 20
-1.9500000000000002
42
1.0
0
VERTEX
8
GREEN3
10
4.1090000000000009
 20
-1.9500000000000002
42
1.0
0
SEQEND
0
POLYLINE
8
GREEN3
66
1
70
1
40
0.018
41
0.018
0
VERTEX
8
GREEN3
10
4.141
 20
-7.3000000000000007
42
1.0
0
VERTEX
8
GREEN3
10
4.1590000000000007
 20
-7.3000000000000007
42
1.0
0
SEQEND
0
POLYLINE
8
GREEN3
66
1
70
1
40
0.018
41
0.018
0
VERTEX
8
GREEN3
10
3.0910000000000002
 20
-5.9000000000000004
42
1.0
0
VERTEX
8
GREEN3
10
3.109
 20
-5.9000000000000004
42
1.0
0
SEQEND
0
POLYLINE
8
GREEN3
66
1
70
1
40
0.018
41
0.018
0
VERTEX
8
GREEN3
10
2.7910000000000004
 20
-6.0499999999999998
42
1.0
0
VERTEX
8
GREEN3
10
2.8090000000000002
 20
-6.0499999999999998
42
1.0
0
SEQEND
0
POLYLINE
8
GREEN3
66
1
70
1
40
0.018
41
0.018
0
VERTEX
8
GREEN3
10
1.8410000000000002
 20
-1.05
42
1.0
0
VERTEX
8
GREEN3
10
1.859
 20
-1.05
42
1.0
0
SEQEND
0
POLYLINE
8
GREEN3
66
1
70
1
40
0.018
41
0.018
0
VERTEX
8
GREEN3
10
1.9410000000000003
 20
-1.1500000000000001
42
1.0
0
VERTEX
8
GREEN3
10
1.9590000000000001
 20
-1.1500000000000001
42
1.0
0
SEQEND
0
POLYLINE
8
GREEN3
66
1
70
1
40
0.018
41
0.018
0
VERTEX
8
GREEN3
10
6.7909999999999995
 20
-1.8500000000000001
42
1.0
0
VERTEX
8
GREEN3
10
6.8090000000000002
 20
-1.8500000000000001
42
1.0
0
SEQEND
0
POLYLINE
8
GREEN3
66
1
70
1
40
0.018
41
0.018
0
VERTEX
8
GREEN3
10
6.4909999999999997
 20
-1.9500000000000002
42
1.0
0
VERTEX
8
GREEN3
10
6.5090000000000003
 20
-1.9500000000000002
42
1.0
0
SEQEND
0
POLYLINE
8
GREEN3
66
1
70
1
40
0.018
41
0.018
0
VERTEX
8
GREEN3
10
1.6410000000000002
 20
-0.85
42
1.0
0
VERTEX
8
GREEN3
10
1.659
 20
-0.85
42
1.0
0
SEQEND
0
POLYLINE
8
GREEN3
66
1
70
1
40
0.018
41
0.018
0
VERTEX
8
GREEN3
10
1.7410000000000001
 20
-0.9500000000000001
42
1.0
0
VERTEX
8
GREEN3
10
1.7589999999999999
 20
-0.9500000000000001
42
1.0
0
SEQEND
0
POLYLINE
8
GREEN3
66
1
70
1
40
0.018
41
0.018
0
VERTEX
8
GREEN3
10
1.5410000000000001
 20
-0.75
42
1.0
0
VERTEX
8
GREEN3
10
1.5589999999999999
 20
-0.75
42
1.0
0
SEQEND
0
POLYLINE
8
GREEN3
66
1
70
1
40
0.018
41
0.018
0
VERTEX
8
GREEN3
10
2.0410000000000004
 20
-1.25
42
1.0
0
VERTEX
8
GREEN3
10
2.0590000000000002
 20
-1.25
42
1.0
0
SEQEND
0
POLYLINE
8
GREEN3
66
1
70
1
40
0.018
41
0.018
0
VERTEX
8
GREEN3
10
2.2410000000000001
 20
-1.45
42
1.0
0
VERTEX
8
GREEN3
10
2.2589999999999999
 20
-1.45
42
1.0
0
SEQEND
0
POLYLINE
8
GREEN3
66
1
70
1
40
0.018
41
0.018
0
VERTEX
8
GREEN3
10
2.141
 20
-1.3500000000000001
42
1.0
0
VERTEX
8
GREEN3
10
2.1589999999999998
 20
-1.3500000000000001
42
1.0
0
SEQEND
0
POLYLINE
8
GREEN3
66
1
70
1
40
0.018
41
0.018
0
VERTEX
8
GREEN3
10
3.7910000000000004
 20
-7.3000000000000007
42
1.0
0
VERTEX
8
GREEN3
10
3.8090000000000002
 20
-7.3000000000000007
42
1.0
0
SEQEND
0
POLYLINE
8
GREEN3
66
1
70
1
40
0.018
41
0.018
0
VERTEX
8
GREEN3
10
3.4410000000000003
 20
-7.3000000000000007
42
1.0
0
VERTEX
8
GREEN3
10
3.4590000000000001
 20
-7.3000000000000007
42
1.0
0
SEQEND
0
POLYLINE
8
GREEN3
66
1
70
1
40
0.018
41
0.018
0
VERTEX
8
GREEN3
10
2.7910000000000004
 20
-7.3000000000000007
42
1.0
0
VERTEX
8
GREEN3
10
2.8090000000000002
 20
-7.3000000000000007
42
1.0
0
SEQEND
0
POLYLINE
8
GREEN3
66
1
70
1
40
0.018
41
0.018
0
VERTEX
8
GREEN3
10
3.2910000000000004
 20
-7.3000000000000007
42
1.0
0
VERTEX
8
GREEN3
10
3.3090000000000002
 20
-7.3000000000000007
42
1.0
0
SEQEND
0
POLYLINE
8
GREEN3
66
1
70
1
40
0.018
41
0.018
0
VERTEX
8
GREEN3
10
3.0910000000000002
 20
-7.3000000000000007
42
1.0
0
VERTEX
8
GREEN3
10
3.109
 20
-7.3000000000000007
42
1.0
0
SEQEND
0
POLYLINE
8
GREEN3
66
1
70
1
40
0.018
41
0.018
0
VERTEX
8
GREEN3
10
2.4910000000000001
 20
-7.3000000000000007
42
1.0
0
VERTEX
8
GREEN3
10
2.5089999999999999
 20
-7.3000000000000007
42
1.0
0
SEQEND
  0
ENDSEC
  0
EOF
