  0
SECTION
  2
HEADER
  9
$ANGBASE
  50
0.0
  9
$ANGDIR
  70
1
  9
$MEASUREMENT
  70
0
  0
ENDSEC
  0
SECTION
  2
TABLES
  0
TABLE
  2
LTYPE
  70
4
  0
LTYPE
  5
40F
  2
CONTINUOUS
  70
0
  3
Solid line
  72
65
  73
0
  40
0.0
  0
LTYPE
  5
410
  2
DASHDOT
 70
0
  3
Dash Dot ____ _ ____ _
 72
65
 73
4
 40
2.0
 49
1.25
 49
-0.25
 49
0.25
 49
-0.25
  0
LTYPE
  5
411
  2
DASHED
 70
0
  3
Dashed __ __ __ __ __
 72
65
 73
2
 40
0.75
 49
0.5
 49
-0.25
  0
LTYPE
  5
43B
  2
DOTTED
 70
0
  3
Dotted .  .  .  .
 72
65
 73
2
 40
0.2
 49
0.0
 49
-0.2
  0
ENDTAB
  0
TABLE
  2
STYLE
  70
4
  0
STYLE
  2
KICAD
  70
0
  40
0
  41
1
  42
1
  50
0
  71
0
  3
isocp.shx
  0
STYLE
  2
KICADB
  70
0
  40
0
  41
1
  42
1
  50
0
  71
0
  3
isocp.shx
  0
STYLE
  2
KICADI
  70
0
  40
0
  41
1
  42
1
  50
15
  71
0
  3
isocp.shx
  0
STYLE
  2
KICADBI
  70
0
  40
0
  41
1
  42
1
  50
15
  71
0
  3
isocp.shx
  0
ENDTAB
  0
TABLE
  2
LAYER
  70
35
  0
LAYER
  2
BLACK
  70
0
  62
7
  6
CONTINUOUS
  0
LAYER
  2
GRAY1
  70
0
  62
251
  6
CONTINUOUS
  0
LAYER
  2
GRAY2
  70
0
  62
8
  6
CONTINUOUS
  0
LAYER
  2
GRAY3
  70
0
  62
9
  6
CONTINUOUS
  0
LAYER
  2
WHITE
  70
0
  62
7
  6
CONTINUOUS
  0
LAYER
  2
LYELLOW
  70
0
  62
51
  6
CONTINUOUS
  0
LAYER
  2
LORANGE
  70
0
  62
41
  6
CONTINUOUS
  0
LAYER
  2
BLUE1
  70
0
  62
178
  6
CONTINUOUS
  0
LAYER
  2
GREEN1
  70
0
  62
98
  6
CONTINUOUS
  0
LAYER
  2
CYAN1
  70
0
  62
138
  6
CONTINUOUS
  0
LAYER
  2
RED1
  70
0
  62
18
  6
CONTINUOUS
  0
LAYER
  2
MAGENTA1
  70
0
  62
228
  6
CONTINUOUS
  0
LAYER
  2
BROWN1
  70
0
  62
58
  6
CONTINUOUS
  0
LAYER
  2
ORANGE1
  70
0
  62
34
  6
CONTINUOUS
  0
LAYER
  2
BLUE2
  70
0
  62
5
  6
CONTINUOUS
  0
LAYER
  2
GREEN2
  70
0
  62
3
  6
CONTINUOUS
  0
LAYER
  2
CYAN2
  70
0
  62
4
  6
CONTINUOUS
  0
LAYER
  2
RED2
  70
0
  62
1
  6
CONTINUOUS
  0
LAYER
  2
MAGENTA2
  70
0
  62
6
  6
CONTINUOUS
  0
LAYER
  2
BROWN2
  70
0
  62
54
  6
CONTINUOUS
  0
LAYER
  2
ORANGE2
  70
0
  62
42
  6
CONTINUOUS
  0
LAYER
  2
BLUE3
  70
0
  62
171
  6
CONTINUOUS
  0
LAYER
  2
GREEN3
  70
0
  62
91
  6
CONTINUOUS
  0
LAYER
  2
CYAN3
  70
0
  62
131
  6
CONTINUOUS
  0
LAYER
  2
RED3
  70
0
  62
11
  6
CONTINUOUS
  0
LAYER
  2
MAGENTA3
  70
0
  62
221
  6
CONTINUOUS
  0
LAYER
  2
YELLOW3
  70
0
  62
2
  6
CONTINUOUS
  0
LAYER
  2
ORANGE3
  70
0
  62
32
  6
CONTINUOUS
  0
LAYER
  2
BLUE4
  70
0
  62
5
  6
CONTINUOUS
  0
LAYER
  2
GREEN4
  70
0
  62
3
  6
CONTINUOUS
  0
LAYER
  2
CYAN4
  70
0
  62
4
  6
CONTINUOUS
  0
LAYER
  2
RED4
  70
0
  62
1
  6
CONTINUOUS
  0
LAYER
  2
MAGENTA4
  70
0
  62
6
  6
CONTINUOUS
  0
LAYER
  2
YELLOW4
  70
0
  62
2
  6
CONTINUOUS
  0
LAYER
  2
ORANGE4
  70
0
  62
40
  6
CONTINUOUS
  0
ENDTAB
  0
ENDSEC
  0
SECTION
  2
ENTITIES
0
LINE
8
RED2
6
CONTINUOUS
10
6.9685905511811024
20
-6.5357165354330711
11
11.2205590551181107
21
-6.5357165354330711
0
LINE
8
RED2
6
CONTINUOUS
10
11.2205590551181107
20
-6.5357165354330711
11
11.2205590551181107
21
-7.7955590551181109
0
LINE
8
RED2
6
CONTINUOUS
10
11.2205590551181107
20
-7.7955590551181109
11
6.9685905511811024
21
-7.7955590551181109
0
LINE
8
RED2
6
CONTINUOUS
10
6.9685905511811024
20
-7.7955590551181109
11
6.9685905511811024
21
-6.5357165354330711
0
LINE
8
RED2
6
CONTINUOUS
10
0.3937007874015748
20
-0.3937007874015748
11
11.2992992125984255
21
-0.3937007874015748
0
LINE
8
RED2
6
CONTINUOUS
10
11.2992992125984255
20
-0.3937007874015748
11
11.2992992125984255
21
-7.8742992125984257
0
LINE
8
RED2
6
CONTINUOUS
10
11.2992992125984255
20
-7.8742992125984257
11
0.3937007874015748
21
-7.8742992125984257
0
LINE
8
RED2
6
CONTINUOUS
10
0.3937007874015748
20
-7.8742992125984257
11
0.3937007874015748
21
-0.3937007874015748
0
LINE
8
RED2
6
CONTINUOUS
10
0.4724409448818898
20
-0.4724409448818898
11
11.2205590551181107
21
-0.4724409448818898
0
LINE
8
RED2
6
CONTINUOUS
10
11.2205590551181107
20
-0.4724409448818898
11
11.2205590551181107
21
-7.7955590551181109
0
LINE
8
RED2
6
CONTINUOUS
10
11.2205590551181107
20
-7.7955590551181109
11
0.4724409448818898
21
-7.7955590551181109
0
LINE
8
RED2
6
CONTINUOUS
10
0.4724409448818898
20
-7.7955590551181109
11
0.4724409448818898
21
-0.4724409448818898
0
LINE
8
RED2
6
CONTINUOUS
10
2.3622047244094491
20
-0.4724409448818898
11
2.3622047244094491
21
-0.3937007874015748
0
LINE
8
RED2
6
CONTINUOUS
10
4.3307086614173231
20
-0.4724409448818898
11
4.3307086614173231
21
-0.3937007874015748
0
LINE
8
RED2
6
CONTINUOUS
10
6.2992125984251972
20
-0.4724409448818898
11
6.2992125984251972
21
-0.3937007874015748
0
LINE
8
RED2
6
CONTINUOUS
10
8.2677165354330704
20
-0.4724409448818898
11
8.2677165354330704
21
-0.3937007874015748
0
LINE
8
RED2
6
CONTINUOUS
10
10.2362204724409445
20
-0.4724409448818898
11
10.2362204724409445
21
-0.3937007874015748
0
LINE
8
RED2
6
CONTINUOUS
10
1.4208267716535434
20
-0.4564448818897638
11
1.3915826771653543
21
-0.4564448818897638
0
LINE
8
RED2
6
CONTINUOUS
10
1.4062047244094489
20
-0.4564448818897638
11
1.4062047244094489
21
-0.4052637795275591
0
LINE
8
RED2
6
CONTINUOUS
10
1.4062047244094489
20
-0.4052637795275591
11
1.4013307086614173
21
-0.4125748031496063
0
LINE
8
RED2
6
CONTINUOUS
10
1.4013307086614173
20
-0.4125748031496063
11
1.3964566929133859
21
-0.4174488188976378
0
LINE
8
RED2
6
CONTINUOUS
10
1.3964566929133859
20
-0.4174488188976378
11
1.3915826771653543
21
-0.4198858267716535
0
LINE
8
RED2
6
CONTINUOUS
10
3.3600866141732286
20
-0.4101377952755906
11
3.3625236220472443
21
-0.4077007874015748
0
LINE
8
RED2
6
CONTINUOUS
10
3.3625236220472443
20
-0.4077007874015748
11
3.3673976377952757
21
-0.4052637795275591
0
LINE
8
RED2
6
CONTINUOUS
10
3.3673976377952757
20
-0.4052637795275591
11
3.3795826771653545
21
-0.4052637795275591
0
LINE
8
RED2
6
CONTINUOUS
10
3.3795826771653545
20
-0.4052637795275591
11
3.3844566929133859
21
-0.4077007874015748
0
LINE
8
RED2
6
CONTINUOUS
10
3.3844566929133859
20
-0.4077007874015748
11
3.3868937007874016
21
-0.4101377952755906
0
LINE
8
RED2
6
CONTINUOUS
10
3.3868937007874016
20
-0.4101377952755906
11
3.3893307086614173
21
-0.4150118110236221
0
LINE
8
RED2
6
CONTINUOUS
10
3.3893307086614173
20
-0.4150118110236221
11
3.3893307086614173
21
-0.4198858267716535
0
LINE
8
RED2
6
CONTINUOUS
10
3.3893307086614173
20
-0.4198858267716535
11
3.3868937007874016
21
-0.4271968503937008
0
LINE
8
RED2
6
CONTINUOUS
10
3.3868937007874016
20
-0.4271968503937008
11
3.3576496062992129
21
-0.4564448818897638
0
LINE
8
RED2
6
CONTINUOUS
10
3.3576496062992129
20
-0.4564448818897638
11
3.3893307086614173
21
-0.4564448818897638
0
LINE
8
RED2
6
CONTINUOUS
10
5.326153543307087
20
-0.4052637795275591
11
5.3578346456692918
21
-0.4052637795275591
0
LINE
8
RED2
6
CONTINUOUS
10
5.3578346456692918
20
-0.4052637795275591
11
5.3407755905511811
21
-0.4247598425196851
0
LINE
8
RED2
6
CONTINUOUS
10
5.3407755905511811
20
-0.4247598425196851
11
5.3480866141732282
21
-0.4247598425196851
0
LINE
8
RED2
6
CONTINUOUS
10
5.3480866141732282
20
-0.4247598425196851
11
5.3529606299212604
21
-0.4271968503937008
0
LINE
8
RED2
6
CONTINUOUS
10
5.3529606299212604
20
-0.4271968503937008
11
5.3553976377952761
21
-0.4296338582677166
0
LINE
8
RED2
6
CONTINUOUS
10
5.3553976377952761
20
-0.4296338582677166
11
5.3578346456692918
21
-0.434507874015748
0
LINE
8
RED2
6
CONTINUOUS
10
5.3578346456692918
20
-0.434507874015748
11
5.3578346456692918
21
-0.4466929133858268
0
LINE
8
RED2
6
CONTINUOUS
10
5.3578346456692918
20
-0.4466929133858268
11
5.3553976377952761
21
-0.4515669291338583
0
LINE
8
RED2
6
CONTINUOUS
10
5.3553976377952761
20
-0.4515669291338583
11
5.3529606299212604
21
-0.454007874015748
0
LINE
8
RED2
6
CONTINUOUS
10
5.3529606299212604
20
-0.454007874015748
11
5.3480866141732282
21
-0.4564448818897638
0
LINE
8
RED2
6
CONTINUOUS
10
5.3480866141732282
20
-0.4564448818897638
11
5.3334645669291341
21
-0.4564448818897638
0
LINE
8
RED2
6
CONTINUOUS
10
5.3334645669291341
20
-0.4564448818897638
11
5.3285905511811027
21
-0.454007874015748
0
LINE
8
RED2
6
CONTINUOUS
10
5.3285905511811027
20
-0.454007874015748
11
5.326153543307087
21
-0.4515669291338583
0
LINE
8
RED2
6
CONTINUOUS
10
7.3214645669291345
20
-0.4223228346456693
11
7.3214645669291345
21
-0.4564448818897638
0
LINE
8
RED2
6
CONTINUOUS
10
7.3092795275590552
20
-0.4028267716535433
11
7.2970944881889768
21
-0.4393818897637796
0
LINE
8
RED2
6
CONTINUOUS
10
7.2970944881889768
20
-0.4393818897637796
11
7.3287755905511816
21
-0.4393818897637796
0
LINE
8
RED2
6
CONTINUOUS
10
9.2924055118110243
20
-0.4052637795275591
11
9.2680354330708656
21
-0.4052637795275591
0
LINE
8
RED2
6
CONTINUOUS
10
9.2680354330708656
20
-0.4052637795275591
11
9.2655984251968508
21
-0.4296338582677166
0
LINE
8
RED2
6
CONTINUOUS
10
9.2655984251968508
20
-0.4296338582677166
11
9.2680354330708656
21
-0.4271968503937008
0
LINE
8
RED2
6
CONTINUOUS
10
9.2680354330708656
20
-0.4271968503937008
11
9.2729094488188988
21
-0.4247598425196851
0
LINE
8
RED2
6
CONTINUOUS
10
9.2729094488188988
20
-0.4247598425196851
11
9.2850944881889763
21
-0.4247598425196851
0
LINE
8
RED2
6
CONTINUOUS
10
9.2850944881889763
20
-0.4247598425196851
11
9.2899685039370077
21
-0.4271968503937008
0
LINE
8
RED2
6
CONTINUOUS
10
9.2899685039370077
20
-0.4271968503937008
11
9.2924055118110243
21
-0.4296338582677166
0
LINE
8
RED2
6
CONTINUOUS
10
9.2924055118110243
20
-0.4296338582677166
11
9.2948425196850391
21
-0.434507874015748
0
LINE
8
RED2
6
CONTINUOUS
10
9.2948425196850391
20
-0.434507874015748
11
9.2948425196850391
21
-0.4466929133858268
0
LINE
8
RED2
6
CONTINUOUS
10
9.2948425196850391
20
-0.4466929133858268
11
9.2924055118110243
21
-0.4515669291338583
0
LINE
8
RED2
6
CONTINUOUS
10
9.2924055118110243
20
-0.4515669291338583
11
9.2899685039370077
21
-0.454007874015748
0
LINE
8
RED2
6
CONTINUOUS
10
9.2899685039370077
20
-0.454007874015748
11
9.2850944881889763
21
-0.4564448818897638
0
LINE
8
RED2
6
CONTINUOUS
10
9.2850944881889763
20
-0.4564448818897638
11
9.2729094488188988
21
-0.4564448818897638
0
LINE
8
RED2
6
CONTINUOUS
10
9.2729094488188988
20
-0.4564448818897638
11
9.2680354330708656
21
-0.454007874015748
0
LINE
8
RED2
6
CONTINUOUS
10
9.2680354330708656
20
-0.454007874015748
11
9.2655984251968508
21
-0.4515669291338583
0
LINE
8
RED2
6
CONTINUOUS
10
11.2584724409448818
20
-0.4052637795275591
11
11.248724409448819
21
-0.4052637795275591
0
LINE
8
RED2
6
CONTINUOUS
10
11.248724409448819
20
-0.4052637795275591
11
11.2438503937007876
21
-0.4077007874015748
0
LINE
8
RED2
6
CONTINUOUS
10
11.2438503937007876
20
-0.4077007874015748
11
11.2414133858267729
21
-0.4101377952755906
0
LINE
8
RED2
6
CONTINUOUS
10
11.2414133858267729
20
-0.4101377952755906
11
11.2365393700787397
21
-0.4174488188976378
0
LINE
8
RED2
6
CONTINUOUS
10
11.2365393700787397
20
-0.4174488188976378
11
11.2341023622047249
21
-0.4271968503937008
0
LINE
8
RED2
6
CONTINUOUS
10
11.2341023622047249
20
-0.4271968503937008
11
11.2341023622047249
21
-0.4466929133858268
0
LINE
8
RED2
6
CONTINUOUS
10
11.2341023622047249
20
-0.4466929133858268
11
11.2365393700787397
21
-0.4515669291338583
0
LINE
8
RED2
6
CONTINUOUS
10
11.2365393700787397
20
-0.4515669291338583
11
11.2389763779527563
21
-0.454007874015748
0
LINE
8
RED2
6
CONTINUOUS
10
11.2389763779527563
20
-0.454007874015748
11
11.2438503937007876
21
-0.4564448818897638
0
LINE
8
RED2
6
CONTINUOUS
10
11.2438503937007876
20
-0.4564448818897638
11
11.2535984251968504
21
-0.4564448818897638
0
LINE
8
RED2
6
CONTINUOUS
10
11.2535984251968504
20
-0.4564448818897638
11
11.2584724409448818
21
-0.454007874015748
0
LINE
8
RED2
6
CONTINUOUS
10
11.2584724409448818
20
-0.454007874015748
11
11.2609094488188983
21
-0.4515669291338583
0
LINE
8
RED2
6
CONTINUOUS
10
11.2609094488188983
20
-0.4515669291338583
11
11.2633464566929131
21
-0.4466929133858268
0
LINE
8
RED2
6
CONTINUOUS
10
11.2633464566929131
20
-0.4466929133858268
11
11.2633464566929131
21
-0.434507874015748
0
LINE
8
RED2
6
CONTINUOUS
10
11.2633464566929131
20
-0.434507874015748
11
11.2609094488188983
21
-0.4296338582677166
0
LINE
8
RED2
6
CONTINUOUS
10
11.2609094488188983
20
-0.4296338582677166
11
11.2584724409448818
21
-0.4271968503937008
0
LINE
8
RED2
6
CONTINUOUS
10
11.2584724409448818
20
-0.4271968503937008
11
11.2535984251968504
21
-0.4247598425196851
0
LINE
8
RED2
6
CONTINUOUS
10
11.2535984251968504
20
-0.4247598425196851
11
11.2438503937007876
21
-0.4247598425196851
0
LINE
8
RED2
6
CONTINUOUS
10
11.2438503937007876
20
-0.4247598425196851
11
11.2389763779527563
21
-0.4271968503937008
0
LINE
8
RED2
6
CONTINUOUS
10
11.2389763779527563
20
-0.4271968503937008
11
11.2365393700787397
21
-0.4296338582677166
0
LINE
8
RED2
6
CONTINUOUS
10
11.2365393700787397
20
-0.4296338582677166
11
11.2341023622047249
21
-0.434507874015748
0
LINE
8
RED2
6
CONTINUOUS
10
2.3622047244094491
20
-7.7955590551181109
11
2.3622047244094491
21
-7.8742992125984257
0
LINE
8
RED2
6
CONTINUOUS
10
4.3307086614173231
20
-7.7955590551181109
11
4.3307086614173231
21
-7.8742992125984257
0
LINE
8
RED2
6
CONTINUOUS
10
6.2992125984251972
20
-7.7955590551181109
11
6.2992125984251972
21
-7.8742992125984257
0
LINE
8
RED2
6
CONTINUOUS
10
8.2677165354330704
20
-7.7955590551181109
11
8.2677165354330704
21
-7.8742992125984257
0
LINE
8
RED2
6
CONTINUOUS
10
10.2362204724409445
20
-7.7955590551181109
11
10.2362204724409445
21
-7.8742992125984257
0
LINE
8
RED2
6
CONTINUOUS
10
1.4208267716535434
20
-7.8583031496062992
11
1.3915826771653543
21
-7.8583031496062992
0
LINE
8
RED2
6
CONTINUOUS
10
1.4062047244094489
20
-7.8583031496062992
11
1.4062047244094489
21
-7.8071220472440945
0
LINE
8
RED2
6
CONTINUOUS
10
1.4062047244094489
20
-7.8071220472440945
11
1.4013307086614173
21
-7.8144330708661416
0
LINE
8
RED2
6
CONTINUOUS
10
1.4013307086614173
20
-7.8144330708661416
11
1.3964566929133859
21
-7.8193070866141738
0
LINE
8
RED2
6
CONTINUOUS
10
1.3964566929133859
20
-7.8193070866141738
11
1.3915826771653543
21
-7.8217440944881895
0
LINE
8
RED2
6
CONTINUOUS
10
3.3600866141732286
20
-7.8119960629921259
11
3.3625236220472443
21
-7.8095590551181102
0
LINE
8
RED2
6
CONTINUOUS
10
3.3625236220472443
20
-7.8095590551181102
11
3.3673976377952757
21
-7.8071220472440945
0
LINE
8
RED2
6
CONTINUOUS
10
3.3673976377952757
20
-7.8071220472440945
11
3.3795826771653545
21
-7.8071220472440945
0
LINE
8
RED2
6
CONTINUOUS
10
3.3795826771653545
20
-7.8071220472440945
11
3.3844566929133859
21
-7.8095590551181102
0
LINE
8
RED2
6
CONTINUOUS
10
3.3844566929133859
20
-7.8095590551181102
11
3.3868937007874016
21
-7.8119960629921259
0
LINE
8
RED2
6
CONTINUOUS
10
3.3868937007874016
20
-7.8119960629921259
11
3.3893307086614173
21
-7.8168700787401582
0
LINE
8
RED2
6
CONTINUOUS
10
3.3893307086614173
20
-7.8168700787401582
11
3.3893307086614173
21
-7.8217440944881895
0
LINE
8
RED2
6
CONTINUOUS
10
3.3893307086614173
20
-7.8217440944881895
11
3.3868937007874016
21
-7.8290551181102366
0
LINE
8
RED2
6
CONTINUOUS
10
3.3868937007874016
20
-7.8290551181102366
11
3.3576496062992129
21
-7.8583031496062992
0
LINE
8
RED2
6
CONTINUOUS
10
3.3576496062992129
20
-7.8583031496062992
11
3.3893307086614173
21
-7.8583031496062992
0
LINE
8
RED2
6
CONTINUOUS
10
5.326153543307087
20
-7.8071220472440945
11
5.3578346456692918
21
-7.8071220472440945
0
LINE
8
RED2
6
CONTINUOUS
10
5.3578346456692918
20
-7.8071220472440945
11
5.3407755905511811
21
-7.8266181102362209
0
LINE
8
RED2
6
CONTINUOUS
10
5.3407755905511811
20
-7.8266181102362209
11
5.3480866141732282
21
-7.8266181102362209
0
LINE
8
RED2
6
CONTINUOUS
10
5.3480866141732282
20
-7.8266181102362209
11
5.3529606299212604
21
-7.8290551181102366
0
LINE
8
RED2
6
CONTINUOUS
10
5.3529606299212604
20
-7.8290551181102366
11
5.3553976377952761
21
-7.8314921259842523
0
LINE
8
RED2
6
CONTINUOUS
10
5.3553976377952761
20
-7.8314921259842523
11
5.3578346456692918
21
-7.8363661417322836
0
LINE
8
RED2
6
CONTINUOUS
10
5.3578346456692918
20
-7.8363661417322836
11
5.3578346456692918
21
-7.8485511811023629
0
LINE
8
RED2
6
CONTINUOUS
10
5.3578346456692918
20
-7.8485511811023629
11
5.3553976377952761
21
-7.8534251968503943
0
LINE
8
RED2
6
CONTINUOUS
10
5.3553976377952761
20
-7.8534251968503943
11
5.3529606299212604
21
-7.8558661417322835
0
LINE
8
RED2
6
CONTINUOUS
10
5.3529606299212604
20
-7.8558661417322835
11
5.3480866141732282
21
-7.8583031496062992
0
LINE
8
RED2
6
CONTINUOUS
10
5.3480866141732282
20
-7.8583031496062992
11
5.3334645669291341
21
-7.8583031496062992
0
LINE
8
RED2
6
CONTINUOUS
10
5.3334645669291341
20
-7.8583031496062992
11
5.3285905511811027
21
-7.8558661417322835
0
LINE
8
RED2
6
CONTINUOUS
10
5.3285905511811027
20
-7.8558661417322835
11
5.326153543307087
21
-7.8534251968503943
0
LINE
8
RED2
6
CONTINUOUS
10
7.3214645669291345
20
-7.8241811023622052
11
7.3214645669291345
21
-7.8583031496062992
0
LINE
8
RED2
6
CONTINUOUS
10
7.3092795275590552
20
-7.8046850393700788
11
7.2970944881889768
21
-7.841240157480315
0
LINE
8
RED2
6
CONTINUOUS
10
7.2970944881889768
20
-7.841240157480315
11
7.3287755905511816
21
-7.841240157480315
0
LINE
8
RED2
6
CONTINUOUS
10
9.2924055118110243
20
-7.8071220472440945
11
9.2680354330708656
21
-7.8071220472440945
0
LINE
8
RED2
6
CONTINUOUS
10
9.2680354330708656
20
-7.8071220472440945
11
9.2655984251968508
21
-7.8314921259842523
0
LINE
8
RED2
6
CONTINUOUS
10
9.2655984251968508
20
-7.8314921259842523
11
9.2680354330708656
21
-7.8290551181102366
0
LINE
8
RED2
6
CONTINUOUS
10
9.2680354330708656
20
-7.8290551181102366
11
9.2729094488188988
21
-7.8266181102362209
0
LINE
8
RED2
6
CONTINUOUS
10
9.2729094488188988
20
-7.8266181102362209
11
9.2850944881889763
21
-7.8266181102362209
0
LINE
8
RED2
6
CONTINUOUS
10
9.2850944881889763
20
-7.8266181102362209
11
9.2899685039370077
21
-7.8290551181102366
0
LINE
8
RED2
6
CONTINUOUS
10
9.2899685039370077
20
-7.8290551181102366
11
9.2924055118110243
21
-7.8314921259842523
0
LINE
8
RED2
6
CONTINUOUS
10
9.2924055118110243
20
-7.8314921259842523
11
9.2948425196850391
21
-7.8363661417322836
0
LINE
8
RED2
6
CONTINUOUS
10
9.2948425196850391
20
-7.8363661417322836
11
9.2948425196850391
21
-7.8485511811023629
0
LINE
8
RED2
6
CONTINUOUS
10
9.2948425196850391
20
-7.8485511811023629
11
9.2924055118110243
21
-7.8534251968503943
0
LINE
8
RED2
6
CONTINUOUS
10
9.2924055118110243
20
-7.8534251968503943
11
9.2899685039370077
21
-7.8558661417322835
0
LINE
8
RED2
6
CONTINUOUS
10
9.2899685039370077
20
-7.8558661417322835
11
9.2850944881889763
21
-7.8583031496062992
0
LINE
8
RED2
6
CONTINUOUS
10
9.2850944881889763
20
-7.8583031496062992
11
9.2729094488188988
21
-7.8583031496062992
0
LINE
8
RED2
6
CONTINUOUS
10
9.2729094488188988
20
-7.8583031496062992
11
9.2680354330708656
21
-7.8558661417322835
0
LINE
8
RED2
6
CONTINUOUS
10
9.2680354330708656
20
-7.8558661417322835
11
9.2655984251968508
21
-7.8534251968503943
0
LINE
8
RED2
6
CONTINUOUS
10
11.2584724409448818
20
-7.8071220472440945
11
11.248724409448819
21
-7.8071220472440945
0
LINE
8
RED2
6
CONTINUOUS
10
11.248724409448819
20
-7.8071220472440945
11
11.2438503937007876
21
-7.8095590551181102
0
LINE
8
RED2
6
CONTINUOUS
10
11.2438503937007876
20
-7.8095590551181102
11
11.2414133858267729
21
-7.8119960629921259
0
LINE
8
RED2
6
CONTINUOUS
10
11.2414133858267729
20
-7.8119960629921259
11
11.2365393700787397
21
-7.8193070866141738
0
LINE
8
RED2
6
CONTINUOUS
10
11.2365393700787397
20
-7.8193070866141738
11
11.2341023622047249
21
-7.8290551181102366
0
LINE
8
RED2
6
CONTINUOUS
10
11.2341023622047249
20
-7.8290551181102366
11
11.2341023622047249
21
-7.8485511811023629
0
LINE
8
RED2
6
CONTINUOUS
10
11.2341023622047249
20
-7.8485511811023629
11
11.2365393700787397
21
-7.8534251968503943
0
LINE
8
RED2
6
CONTINUOUS
10
11.2365393700787397
20
-7.8534251968503943
11
11.2389763779527563
21
-7.8558661417322835
0
LINE
8
RED2
6
CONTINUOUS
10
11.2389763779527563
20
-7.8558661417322835
11
11.2438503937007876
21
-7.8583031496062992
0
LINE
8
RED2
6
CONTINUOUS
10
11.2438503937007876
20
-7.8583031496062992
11
11.2535984251968504
21
-7.8583031496062992
0
LINE
8
RED2
6
CONTINUOUS
10
11.2535984251968504
20
-7.8583031496062992
11
11.2584724409448818
21
-7.8558661417322835
0
LINE
8
RED2
6
CONTINUOUS
10
11.2584724409448818
20
-7.8558661417322835
11
11.2609094488188983
21
-7.8534251968503943
0
LINE
8
RED2
6
CONTINUOUS
10
11.2609094488188983
20
-7.8534251968503943
11
11.2633464566929131
21
-7.8485511811023629
0
LINE
8
RED2
6
CONTINUOUS
10
11.2633464566929131
20
-7.8485511811023629
11
11.2633464566929131
21
-7.8363661417322836
0
LINE
8
RED2
6
CONTINUOUS
10
11.2633464566929131
20
-7.8363661417322836
11
11.2609094488188983
21
-7.8314921259842523
0
LINE
8
RED2
6
CONTINUOUS
10
11.2609094488188983
20
-7.8314921259842523
11
11.2584724409448818
21
-7.8290551181102366
0
LINE
8
RED2
6
CONTINUOUS
10
11.2584724409448818
20
-7.8290551181102366
11
11.2535984251968504
21
-7.8266181102362209
0
LINE
8
RED2
6
CONTINUOUS
10
11.2535984251968504
20
-7.8266181102362209
11
11.2438503937007876
21
-7.8266181102362209
0
LINE
8
RED2
6
CONTINUOUS
10
11.2438503937007876
20
-7.8266181102362209
11
11.2389763779527563
21
-7.8290551181102366
0
LINE
8
RED2
6
CONTINUOUS
10
11.2389763779527563
20
-7.8290551181102366
11
11.2365393700787397
21
-7.8314921259842523
0
LINE
8
RED2
6
CONTINUOUS
10
11.2365393700787397
20
-7.8314921259842523
11
11.2341023622047249
21
-7.8363661417322836
0
LINE
8
RED2
6
CONTINUOUS
10
0.3937007874015748
20
-2.3622047244094491
11
0.4724409448818898
21
-2.3622047244094491
0
LINE
8
RED2
6
CONTINUOUS
10
0.3937007874015748
20
-4.3307086614173231
11
0.4724409448818898
21
-4.3307086614173231
0
LINE
8
RED2
6
CONTINUOUS
10
0.3937007874015748
20
-6.2992125984251972
11
0.4724409448818898
21
-6.2992125984251972
0
LINE
8
RED2
6
CONTINUOUS
10
0.4208858267716535
20
-1.3867007874015749
11
0.445255905511811
21
-1.3867007874015749
0
LINE
8
RED2
6
CONTINUOUS
10
0.4160118110236221
20
-1.4013267716535434
11
0.4330708661417323
21
-1.3501456692913387
0
LINE
8
RED2
6
CONTINUOUS
10
0.4330708661417323
20
-1.3501456692913387
11
0.4501299212598425
21
-1.4013267716535434
0
LINE
8
RED2
6
CONTINUOUS
10
0.4367244094488189
20
-3.3430196850393701
11
0.4440354330708662
21
-3.3454566929133858
0
LINE
8
RED2
6
CONTINUOUS
10
0.4440354330708662
20
-3.3454566929133858
11
0.4464724409448819
21
-3.3478937007874019
0
LINE
8
RED2
6
CONTINUOUS
10
0.4464724409448819
20
-3.3478937007874019
11
0.4489094488188977
21
-3.3527677165354333
0
LINE
8
RED2
6
CONTINUOUS
10
0.4489094488188977
20
-3.3527677165354333
11
0.4489094488188977
21
-3.3600787401574803
0
LINE
8
RED2
6
CONTINUOUS
10
0.4489094488188977
20
-3.3600787401574803
11
0.4464724409448819
21
-3.3649527559055121
0
LINE
8
RED2
6
CONTINUOUS
10
0.4464724409448819
20
-3.3649527559055121
11
0.4440354330708662
21
-3.3673937007874017
0
LINE
8
RED2
6
CONTINUOUS
10
0.4440354330708662
20
-3.3673937007874017
11
0.4391614173228346
21
-3.3698307086614174
0
LINE
8
RED2
6
CONTINUOUS
10
0.4391614173228346
20
-3.3698307086614174
11
0.4196653543307087
21
-3.3698307086614174
0
LINE
8
RED2
6
CONTINUOUS
10
0.4196653543307087
20
-3.3698307086614174
11
0.4196653543307087
21
-3.3186496062992128
0
LINE
8
RED2
6
CONTINUOUS
10
0.4196653543307087
20
-3.3186496062992128
11
0.4367244094488189
21
-3.3186496062992128
0
LINE
8
RED2
6
CONTINUOUS
10
0.4367244094488189
20
-3.3186496062992128
11
0.4415984251968504
21
-3.3210866141732285
0
LINE
8
RED2
6
CONTINUOUS
10
0.4415984251968504
20
-3.3210866141732285
11
0.4440354330708662
21
-3.3235236220472442
0
LINE
8
RED2
6
CONTINUOUS
10
0.4440354330708662
20
-3.3235236220472442
11
0.4464724409448819
21
-3.3283976377952755
0
LINE
8
RED2
6
CONTINUOUS
10
0.4464724409448819
20
-3.3283976377952755
11
0.4464724409448819
21
-3.3332716535433073
0
LINE
8
RED2
6
CONTINUOUS
10
0.4464724409448819
20
-3.3332716535433073
11
0.4440354330708662
21
-3.3381456692913387
0
LINE
8
RED2
6
CONTINUOUS
10
0.4440354330708662
20
-3.3381456692913387
11
0.4415984251968504
21
-3.3405826771653544
0
LINE
8
RED2
6
CONTINUOUS
10
0.4415984251968504
20
-3.3405826771653544
11
0.4367244094488189
21
-3.3430196850393701
0
LINE
8
RED2
6
CONTINUOUS
10
0.4367244094488189
20
-3.3430196850393701
11
0.4196653543307087
21
-3.3430196850393701
0
LINE
8
RED2
6
CONTINUOUS
10
0.4489094488188977
20
-5.3334566929133862
11
0.4464724409448819
21
-5.3358976377952754
0
LINE
8
RED2
6
CONTINUOUS
10
0.4464724409448819
20
-5.3358976377952754
11
0.4391614173228346
21
-5.3383346456692919
0
LINE
8
RED2
6
CONTINUOUS
10
0.4391614173228346
20
-5.3383346456692919
11
0.4342874015748032
21
-5.3383346456692919
0
LINE
8
RED2
6
CONTINUOUS
10
0.4342874015748032
20
-5.3383346456692919
11
0.4269763779527559
21
-5.3358976377952754
0
LINE
8
RED2
6
CONTINUOUS
10
0.4269763779527559
20
-5.3358976377952754
11
0.4221023622047244
21
-5.3310196850393705
0
LINE
8
RED2
6
CONTINUOUS
10
0.4221023622047244
20
-5.3310196850393705
11
0.4196653543307087
21
-5.3261456692913391
0
LINE
8
RED2
6
CONTINUOUS
10
0.4196653543307087
20
-5.3261456692913391
11
0.4172283464566929
21
-5.3163976377952755
0
LINE
8
RED2
6
CONTINUOUS
10
0.4172283464566929
20
-5.3163976377952755
11
0.4172283464566929
21
-5.3090866141732285
0
LINE
8
RED2
6
CONTINUOUS
10
0.4172283464566929
20
-5.3090866141732285
11
0.4196653543307087
21
-5.2993385826771657
0
LINE
8
RED2
6
CONTINUOUS
10
0.4196653543307087
20
-5.2993385826771657
11
0.4221023622047244
21
-5.2944645669291344
0
LINE
8
RED2
6
CONTINUOUS
10
0.4221023622047244
20
-5.2944645669291344
11
0.4269763779527559
21
-5.289590551181103
0
LINE
8
RED2
6
CONTINUOUS
10
0.4269763779527559
20
-5.289590551181103
11
0.4342874015748032
21
-5.2871535433070864
0
LINE
8
RED2
6
CONTINUOUS
10
0.4342874015748032
20
-5.2871535433070864
11
0.4391614173228346
21
-5.2871535433070864
0
LINE
8
RED2
6
CONTINUOUS
10
0.4391614173228346
20
-5.2871535433070864
11
0.4464724409448819
21
-5.289590551181103
0
LINE
8
RED2
6
CONTINUOUS
10
0.4464724409448819
20
-5.289590551181103
11
0.4489094488188977
21
-5.2920275590551187
0
LINE
8
RED2
6
CONTINUOUS
10
0.4196653543307087
20
-7.306838582677166
11
0.4196653543307087
21
-7.2556574803149605
0
LINE
8
RED2
6
CONTINUOUS
10
0.4196653543307087
20
-7.2556574803149605
11
0.4318503937007874
21
-7.2556574803149605
0
LINE
8
RED2
6
CONTINUOUS
10
0.4318503937007874
20
-7.2556574803149605
11
0.4391614173228346
21
-7.2580944881889771
0
LINE
8
RED2
6
CONTINUOUS
10
0.4391614173228346
20
-7.2580944881889771
11
0.4440354330708662
21
-7.2629685039370084
0
LINE
8
RED2
6
CONTINUOUS
10
0.4440354330708662
20
-7.2629685039370084
11
0.4464724409448819
21
-7.2678425196850398
0
LINE
8
RED2
6
CONTINUOUS
10
0.4464724409448819
20
-7.2678425196850398
11
0.4489094488188977
21
-7.2775905511811025
0
LINE
8
RED2
6
CONTINUOUS
10
0.4489094488188977
20
-7.2775905511811025
11
0.4489094488188977
21
-7.2849015748031496
0
LINE
8
RED2
6
CONTINUOUS
10
0.4489094488188977
20
-7.2849015748031496
11
0.4464724409448819
21
-7.2946496062992132
0
LINE
8
RED2
6
CONTINUOUS
10
0.4464724409448819
20
-7.2946496062992132
11
0.4440354330708662
21
-7.2995236220472446
0
LINE
8
RED2
6
CONTINUOUS
10
0.4440354330708662
20
-7.2995236220472446
11
0.4391614173228346
21
-7.3044015748031494
0
LINE
8
RED2
6
CONTINUOUS
10
0.4391614173228346
20
-7.3044015748031494
11
0.4318503937007874
21
-7.306838582677166
0
LINE
8
RED2
6
CONTINUOUS
10
0.4318503937007874
20
-7.306838582677166
11
0.4196653543307087
21
-7.306838582677166
0
LINE
8
RED2
6
CONTINUOUS
10
11.2992992125984255
20
-2.3622047244094491
11
11.2205590551181107
21
-2.3622047244094491
0
LINE
8
RED2
6
CONTINUOUS
10
11.2992992125984255
20
-4.3307086614173231
11
11.2205590551181107
21
-4.3307086614173231
0
LINE
8
RED2
6
CONTINUOUS
10
11.2992992125984255
20
-6.2992125984251972
11
11.2205590551181107
21
-6.2992125984251972
0
LINE
8
RED2
6
CONTINUOUS
10
11.2477440944881888
20
-1.3867007874015749
11
11.2721141732283474
21
-1.3867007874015749
0
LINE
8
RED2
6
CONTINUOUS
10
11.2428700787401574
20
-1.4013267716535434
11
11.2599291338582681
21
-1.3501456692913387
0
LINE
8
RED2
6
CONTINUOUS
10
11.2599291338582681
20
-1.3501456692913387
11
11.2769881889763788
21
-1.4013267716535434
0
LINE
8
RED2
6
CONTINUOUS
10
11.2635826771653544
20
-3.3430196850393701
11
11.2708937007874024
21
-3.3454566929133858
0
LINE
8
RED2
6
CONTINUOUS
10
11.2708937007874024
20
-3.3454566929133858
11
11.2733307086614172
21
-3.3478937007874019
0
LINE
8
RED2
6
CONTINUOUS
10
11.2733307086614172
20
-3.3478937007874019
11
11.2757677165354337
21
-3.3527677165354333
0
LINE
8
RED2
6
CONTINUOUS
10
11.2757677165354337
20
-3.3527677165354333
11
11.2757677165354337
21
-3.3600787401574803
0
LINE
8
RED2
6
CONTINUOUS
10
11.2757677165354337
20
-3.3600787401574803
11
11.2733307086614172
21
-3.3649527559055121
0
LINE
8
RED2
6
CONTINUOUS
10
11.2733307086614172
20
-3.3649527559055121
11
11.2708937007874024
21
-3.3673937007874017
0
LINE
8
RED2
6
CONTINUOUS
10
11.2708937007874024
20
-3.3673937007874017
11
11.266019685039371
21
-3.3698307086614174
0
LINE
8
RED2
6
CONTINUOUS
10
11.266019685039371
20
-3.3698307086614174
11
11.2465236220472438
21
-3.3698307086614174
0
LINE
8
RED2
6
CONTINUOUS
10
11.2465236220472438
20
-3.3698307086614174
11
11.2465236220472438
21
-3.3186496062992128
0
LINE
8
RED2
6
CONTINUOUS
10
11.2465236220472438
20
-3.3186496062992128
11
11.2635826771653544
21
-3.3186496062992128
0
LINE
8
RED2
6
CONTINUOUS
10
11.2635826771653544
20
-3.3186496062992128
11
11.2684566929133858
21
-3.3210866141732285
0
LINE
8
RED2
6
CONTINUOUS
10
11.2684566929133858
20
-3.3210866141732285
11
11.2708937007874024
21
-3.3235236220472442
0
LINE
8
RED2
6
CONTINUOUS
10
11.2708937007874024
20
-3.3235236220472442
11
11.2733307086614172
21
-3.3283976377952755
0
LINE
8
RED2
6
CONTINUOUS
10
11.2733307086614172
20
-3.3283976377952755
11
11.2733307086614172
21
-3.3332716535433073
0
LINE
8
RED2
6
CONTINUOUS
10
11.2733307086614172
20
-3.3332716535433073
11
11.2708937007874024
21
-3.3381456692913387
0
LINE
8
RED2
6
CONTINUOUS
10
11.2708937007874024
20
-3.3381456692913387
11
11.2684566929133858
21
-3.3405826771653544
0
LINE
8
RED2
6
CONTINUOUS
10
11.2684566929133858
20
-3.3405826771653544
11
11.2635826771653544
21
-3.3430196850393701
0
LINE
8
RED2
6
CONTINUOUS
10
11.2635826771653544
20
-3.3430196850393701
11
11.2465236220472438
21
-3.3430196850393701
0
LINE
8
RED2
6
CONTINUOUS
10
11.2757677165354337
20
-5.3334566929133862
11
11.2733307086614172
21
-5.3358976377952754
0
LINE
8
RED2
6
CONTINUOUS
10
11.2733307086614172
20
-5.3358976377952754
11
11.266019685039371
21
-5.3383346456692919
0
LINE
8
RED2
6
CONTINUOUS
10
11.266019685039371
20
-5.3383346456692919
11
11.2611456692913396
21
-5.3383346456692919
0
LINE
8
RED2
6
CONTINUOUS
10
11.2611456692913396
20
-5.3383346456692919
11
11.2538346456692917
21
-5.3358976377952754
0
LINE
8
RED2
6
CONTINUOUS
10
11.2538346456692917
20
-5.3358976377952754
11
11.2489606299212603
21
-5.3310196850393705
0
LINE
8
RED2
6
CONTINUOUS
10
11.2489606299212603
20
-5.3310196850393705
11
11.2465236220472438
21
-5.3261456692913391
0
LINE
8
RED2
6
CONTINUOUS
10
11.2465236220472438
20
-5.3261456692913391
11
11.244086614173229
21
-5.3163976377952755
0
LINE
8
RED2
6
CONTINUOUS
10
11.244086614173229
20
-5.3163976377952755
11
11.244086614173229
21
-5.3090866141732285
0
LINE
8
RED2
6
CONTINUOUS
10
11.244086614173229
20
-5.3090866141732285
11
11.2465236220472438
21
-5.2993385826771657
0
LINE
8
RED2
6
CONTINUOUS
10
11.2465236220472438
20
-5.2993385826771657
11
11.2489606299212603
21
-5.2944645669291344
0
LINE
8
RED2
6
CONTINUOUS
10
11.2489606299212603
20
-5.2944645669291344
11
11.2538346456692917
21
-5.289590551181103
0
LINE
8
RED2
6
CONTINUOUS
10
11.2538346456692917
20
-5.289590551181103
11
11.2611456692913396
21
-5.2871535433070864
0
LINE
8
RED2
6
CONTINUOUS
10
11.2611456692913396
20
-5.2871535433070864
11
11.266019685039371
21
-5.2871535433070864
0
LINE
8
RED2
6
CONTINUOUS
10
11.266019685039371
20
-5.2871535433070864
11
11.2733307086614172
21
-5.289590551181103
0
LINE
8
RED2
6
CONTINUOUS
10
11.2733307086614172
20
-5.289590551181103
11
11.2757677165354337
21
-5.2920275590551187
0
LINE
8
RED2
6
CONTINUOUS
10
11.2465236220472438
20
-7.306838582677166
11
11.2465236220472438
21
-7.2556574803149605
0
LINE
8
RED2
6
CONTINUOUS
10
11.2465236220472438
20
-7.2556574803149605
11
11.2587086614173231
21
-7.2556574803149605
0
LINE
8
RED2
6
CONTINUOUS
10
11.2587086614173231
20
-7.2556574803149605
11
11.266019685039371
21
-7.2580944881889771
0
LINE
8
RED2
6
CONTINUOUS
10
11.266019685039371
20
-7.2580944881889771
11
11.2708937007874024
21
-7.2629685039370084
0
LINE
8
RED2
6
CONTINUOUS
10
11.2708937007874024
20
-7.2629685039370084
11
11.2733307086614172
21
-7.2678425196850398
0
LINE
8
RED2
6
CONTINUOUS
10
11.2733307086614172
20
-7.2678425196850398
11
11.2757677165354337
21
-7.2775905511811025
0
LINE
8
RED2
6
CONTINUOUS
10
11.2757677165354337
20
-7.2775905511811025
11
11.2757677165354337
21
-7.2849015748031496
0
LINE
8
RED2
6
CONTINUOUS
10
11.2757677165354337
20
-7.2849015748031496
11
11.2733307086614172
21
-7.2946496062992132
0
LINE
8
RED2
6
CONTINUOUS
10
11.2733307086614172
20
-7.2946496062992132
11
11.2708937007874024
21
-7.2995236220472446
0
LINE
8
RED2
6
CONTINUOUS
10
11.2708937007874024
20
-7.2995236220472446
11
11.266019685039371
21
-7.3044015748031494
0
LINE
8
RED2
6
CONTINUOUS
10
11.266019685039371
20
-7.3044015748031494
11
11.2587086614173231
21
-7.306838582677166
0
LINE
8
RED2
6
CONTINUOUS
10
11.2587086614173231
20
-7.306838582677166
11
11.2465236220472438
21
-7.306838582677166
0
LINE
8
RED2
6
CONTINUOUS
10
7.8920433070866141
20
-7.629657480314961
11
7.8920433070866141
21
-7.5706023622047249
0
LINE
8
RED2
6
CONTINUOUS
10
7.8920433070866141
20
-7.5706023622047249
11
7.9061023622047246
21
-7.5706023622047249
0
LINE
8
RED2
6
CONTINUOUS
10
7.9061023622047246
20
-7.5706023622047249
11
7.9145393700787405
21
-7.5734133858267718
0
LINE
8
RED2
6
CONTINUOUS
10
7.9145393700787405
20
-7.5734133858267718
11
7.9201653543307087
21
-7.5790393700787408
0
LINE
8
RED2
6
CONTINUOUS
10
7.9201653543307087
20
-7.5790393700787408
11
7.9229763779527564
21
-7.5846614173228346
0
LINE
8
RED2
6
CONTINUOUS
10
7.9229763779527564
20
-7.5846614173228346
11
7.9257874015748033
21
-7.5959094488188983
0
LINE
8
RED2
6
CONTINUOUS
10
7.9257874015748033
20
-7.5959094488188983
11
7.9257874015748033
21
-7.6043464566929133
0
LINE
8
RED2
6
CONTINUOUS
10
7.9257874015748033
20
-7.6043464566929133
11
7.9229763779527564
21
-7.615594488188977
0
LINE
8
RED2
6
CONTINUOUS
10
7.9229763779527564
20
-7.615594488188977
11
7.9201653543307087
21
-7.6212204724409451
0
LINE
8
RED2
6
CONTINUOUS
10
7.9201653543307087
20
-7.6212204724409451
11
7.9145393700787405
21
-7.6268464566929133
0
LINE
8
RED2
6
CONTINUOUS
10
7.9145393700787405
20
-7.6268464566929133
11
7.9061023622047246
21
-7.629657480314961
0
LINE
8
RED2
6
CONTINUOUS
10
7.9061023622047246
20
-7.629657480314961
11
7.8920433070866141
21
-7.629657480314961
0
LINE
8
RED2
6
CONTINUOUS
10
7.9764094488188979
20
-7.629657480314961
11
7.9764094488188979
21
-7.5987244094488196
0
LINE
8
RED2
6
CONTINUOUS
10
7.9764094488188979
20
-7.5987244094488196
11
7.9735944881889766
21
-7.5930984251968505
0
LINE
8
RED2
6
CONTINUOUS
10
7.9735944881889766
20
-7.5930984251968505
11
7.967972440944882
21
-7.5902874015748036
0
LINE
8
RED2
6
CONTINUOUS
10
7.967972440944882
20
-7.5902874015748036
11
7.9567244094488192
21
-7.5902874015748036
0
LINE
8
RED2
6
CONTINUOUS
10
7.9567244094488192
20
-7.5902874015748036
11
7.9510984251968511
21
-7.5930984251968505
0
LINE
8
RED2
6
CONTINUOUS
10
7.9764094488188979
20
-7.6268464566929133
11
7.9707834645669298
21
-7.629657480314961
0
LINE
8
RED2
6
CONTINUOUS
10
7.9707834645669298
20
-7.629657480314961
11
7.9567244094488192
21
-7.629657480314961
0
LINE
8
RED2
6
CONTINUOUS
10
7.9567244094488192
20
-7.629657480314961
11
7.9510984251968511
21
-7.6268464566929133
0
LINE
8
RED2
6
CONTINUOUS
10
7.9510984251968511
20
-7.6268464566929133
11
7.9482874015748033
21
-7.6212204724409451
0
LINE
8
RED2
6
CONTINUOUS
10
7.9482874015748033
20
-7.6212204724409451
11
7.9482874015748033
21
-7.615594488188977
0
LINE
8
RED2
6
CONTINUOUS
10
7.9482874015748033
20
-7.615594488188977
11
7.9510984251968511
21
-7.6099724409448823
0
LINE
8
RED2
6
CONTINUOUS
10
7.9510984251968511
20
-7.6099724409448823
11
7.9567244094488192
21
-7.6071614173228346
0
LINE
8
RED2
6
CONTINUOUS
10
7.9567244094488192
20
-7.6071614173228346
11
7.9707834645669298
21
-7.6071614173228346
0
LINE
8
RED2
6
CONTINUOUS
10
7.9707834645669298
20
-7.6071614173228346
11
7.9764094488188979
21
-7.6043464566929133
0
LINE
8
RED2
6
CONTINUOUS
10
7.9960905511811022
20
-7.5902874015748036
11
8.0185866141732287
21
-7.5902874015748036
0
LINE
8
RED2
6
CONTINUOUS
10
8.0045275590551181
20
-7.5706023622047249
11
8.0045275590551181
21
-7.6212204724409451
0
LINE
8
RED2
6
CONTINUOUS
10
8.0045275590551181
20
-7.6212204724409451
11
8.0073385826771659
21
-7.6268464566929133
0
LINE
8
RED2
6
CONTINUOUS
10
8.0073385826771659
20
-7.6268464566929133
11
8.0129645669291349
21
-7.629657480314961
0
LINE
8
RED2
6
CONTINUOUS
10
8.0129645669291349
20
-7.629657480314961
11
8.0185866141732287
21
-7.629657480314961
0
LINE
8
RED2
6
CONTINUOUS
10
8.0607677165354339
20
-7.6268464566929133
11
8.0551456692913384
21
-7.629657480314961
0
LINE
8
RED2
6
CONTINUOUS
10
8.0551456692913384
20
-7.629657480314961
11
8.0438976377952756
21
-7.629657480314961
0
LINE
8
RED2
6
CONTINUOUS
10
8.0438976377952756
20
-7.629657480314961
11
8.0382716535433065
21
-7.6268464566929133
0
LINE
8
RED2
6
CONTINUOUS
10
8.0382716535433065
20
-7.6268464566929133
11
8.0354606299212605
21
-7.6212204724409451
0
LINE
8
RED2
6
CONTINUOUS
10
8.0354606299212605
20
-7.6212204724409451
11
8.0354606299212605
21
-7.5987244094488196
0
LINE
8
RED2
6
CONTINUOUS
10
8.0354606299212605
20
-7.5987244094488196
11
8.0382716535433065
21
-7.5930984251968505
0
LINE
8
RED2
6
CONTINUOUS
10
8.0382716535433065
20
-7.5930984251968505
11
8.0438976377952756
21
-7.5902874015748036
0
LINE
8
RED2
6
CONTINUOUS
10
8.0438976377952756
20
-7.5902874015748036
11
8.0551456692913384
21
-7.5902874015748036
0
LINE
8
RED2
6
CONTINUOUS
10
8.0551456692913384
20
-7.5902874015748036
11
8.0607677165354339
21
-7.5930984251968505
0
LINE
8
RED2
6
CONTINUOUS
10
8.0607677165354339
20
-7.5930984251968505
11
8.0635826771653552
21
-7.5987244094488196
0
LINE
8
RED2
6
CONTINUOUS
10
8.0635826771653552
20
-7.5987244094488196
11
8.0635826771653552
21
-7.6043464566929133
0
LINE
8
RED2
6
CONTINUOUS
10
8.0635826771653552
20
-7.6043464566929133
11
8.0354606299212605
21
-7.6099724409448823
0
LINE
8
RED2
6
CONTINUOUS
10
8.0888897637795285
20
-7.624031496062992
11
8.0917007874015745
21
-7.6268464566929133
0
LINE
8
RED2
6
CONTINUOUS
10
8.0917007874015745
20
-7.6268464566929133
11
8.0888897637795285
21
-7.629657480314961
0
LINE
8
RED2
6
CONTINUOUS
10
8.0888897637795285
20
-7.629657480314961
11
8.0860787401574807
21
-7.6268464566929133
0
LINE
8
RED2
6
CONTINUOUS
10
8.0860787401574807
20
-7.6268464566929133
11
8.0888897637795285
21
-7.624031496062992
0
LINE
8
RED2
6
CONTINUOUS
10
8.0888897637795285
20
-7.624031496062992
11
8.0888897637795285
21
-7.629657480314961
0
LINE
8
RED2
6
CONTINUOUS
10
8.0888897637795285
20
-7.5930984251968505
11
8.0917007874015745
21
-7.5959094488188983
0
LINE
8
RED2
6
CONTINUOUS
10
8.0917007874015745
20
-7.5959094488188983
11
8.0888897637795285
21
-7.5987244094488196
0
LINE
8
RED2
6
CONTINUOUS
10
8.0888897637795285
20
-7.5987244094488196
11
8.0860787401574807
21
-7.5959094488188983
0
LINE
8
RED2
6
CONTINUOUS
10
8.0860787401574807
20
-7.5959094488188983
11
8.0888897637795285
21
-7.5930984251968505
0
LINE
8
RED2
6
CONTINUOUS
10
8.0888897637795285
20
-7.5930984251968505
11
8.0888897637795285
21
-7.5987244094488196
0
LINE
8
RED2
6
CONTINUOUS
10
6.9685905511811024
20
-7.657763779527559
11
11.2205590551181107
21
-7.657763779527559
0
LINE
8
RED2
6
CONTINUOUS
10
7.0259015748031501
20
-7.7398937007874018
11
7.0259015748031501
21
-7.6808385826771657
0
LINE
8
RED2
6
CONTINUOUS
10
7.0596456692913385
20
-7.7398937007874018
11
7.0343385826771661
21
-7.706145669291339
0
LINE
8
RED2
6
CONTINUOUS
10
7.0596456692913385
20
-7.6808385826771657
11
7.0259015748031501
21
-7.714582677165355
0
LINE
8
RED2
6
CONTINUOUS
10
7.0849566929133863
20
-7.7398937007874018
11
7.0849566929133863
21
-7.7005236220472444
0
LINE
8
RED2
6
CONTINUOUS
10
7.0849566929133863
20
-7.6808385826771657
11
7.0821456692913385
21
-7.6836496062992126
0
LINE
8
RED2
6
CONTINUOUS
10
7.0821456692913385
20
-7.6836496062992126
11
7.0849566929133863
21
-7.6864606299212603
0
LINE
8
RED2
6
CONTINUOUS
10
7.0849566929133863
20
-7.6864606299212603
11
7.0877677165354331
21
-7.6836496062992126
0
LINE
8
RED2
6
CONTINUOUS
10
7.0877677165354331
20
-7.6836496062992126
11
7.0849566929133863
21
-7.6808385826771657
0
LINE
8
RED2
6
CONTINUOUS
10
7.0849566929133863
20
-7.6808385826771657
11
7.0849566929133863
21
-7.6864606299212603
0
LINE
8
RED2
6
CONTINUOUS
10
7.1468228346456693
20
-7.7342677165354337
11
7.1440118110236224
21
-7.7370826771653549
0
LINE
8
RED2
6
CONTINUOUS
10
7.1440118110236224
20
-7.7370826771653549
11
7.1355748031496065
21
-7.7398937007874018
0
LINE
8
RED2
6
CONTINUOUS
10
7.1355748031496065
20
-7.7398937007874018
11
7.1299527559055118
21
-7.7398937007874018
0
LINE
8
RED2
6
CONTINUOUS
10
7.1299527559055118
20
-7.7398937007874018
11
7.1215157480314959
21
-7.7370826771653549
0
LINE
8
RED2
6
CONTINUOUS
10
7.1215157480314959
20
-7.7370826771653549
11
7.1158897637795278
21
-7.7314566929133859
0
LINE
8
RED2
6
CONTINUOUS
10
7.1158897637795278
20
-7.7314566929133859
11
7.1130787401574809
21
-7.7258307086614177
0
LINE
8
RED2
6
CONTINUOUS
10
7.1130787401574809
20
-7.7258307086614177
11
7.1102677165354331
21
-7.714582677165355
0
LINE
8
RED2
6
CONTINUOUS
10
7.1102677165354331
20
-7.714582677165355
11
7.1102677165354331
21
-7.706145669291339
0
LINE
8
RED2
6
CONTINUOUS
10
7.1102677165354331
20
-7.706145669291339
11
7.1130787401574809
21
-7.6948976377952762
0
LINE
8
RED2
6
CONTINUOUS
10
7.1130787401574809
20
-7.6948976377952762
11
7.1158897637795278
21
-7.6892755905511816
0
LINE
8
RED2
6
CONTINUOUS
10
7.1158897637795278
20
-7.6892755905511816
11
7.1215157480314959
21
-7.6836496062992126
0
LINE
8
RED2
6
CONTINUOUS
10
7.1215157480314959
20
-7.6836496062992126
11
7.1299527559055118
21
-7.6808385826771657
0
LINE
8
RED2
6
CONTINUOUS
10
7.1299527559055118
20
-7.6808385826771657
11
7.1355748031496065
21
-7.6808385826771657
0
LINE
8
RED2
6
CONTINUOUS
10
7.1355748031496065
20
-7.6808385826771657
11
7.1440118110236224
21
-7.6836496062992126
0
LINE
8
RED2
6
CONTINUOUS
10
7.1440118110236224
20
-7.6836496062992126
11
7.1468228346456693
21
-7.6864606299212603
0
LINE
8
RED2
6
CONTINUOUS
10
7.1974448818897638
20
-7.7398937007874018
11
7.1974448818897638
21
-7.7089606299212603
0
LINE
8
RED2
6
CONTINUOUS
10
7.1974448818897638
20
-7.7089606299212603
11
7.1946299212598426
21
-7.7033346456692913
0
LINE
8
RED2
6
CONTINUOUS
10
7.1946299212598426
20
-7.7033346456692913
11
7.1890078740157479
21
-7.7005236220472444
0
LINE
8
RED2
6
CONTINUOUS
10
7.1890078740157479
20
-7.7005236220472444
11
7.1777598425196851
21
-7.7005236220472444
0
LINE
8
RED2
6
CONTINUOUS
10
7.1777598425196851
20
-7.7005236220472444
11
7.172133858267717
21
-7.7033346456692913
0
LINE
8
RED2
6
CONTINUOUS
10
7.1974448818897638
20
-7.7370826771653549
11
7.1918188976377957
21
-7.7398937007874018
0
LINE
8
RED2
6
CONTINUOUS
10
7.1918188976377957
20
-7.7398937007874018
11
7.1777598425196851
21
-7.7398937007874018
0
LINE
8
RED2
6
CONTINUOUS
10
7.1777598425196851
20
-7.7398937007874018
11
7.172133858267717
21
-7.7370826771653549
0
LINE
8
RED2
6
CONTINUOUS
10
7.172133858267717
20
-7.7370826771653549
11
7.1693228346456692
21
-7.7314566929133859
0
LINE
8
RED2
6
CONTINUOUS
10
7.1693228346456692
20
-7.7314566929133859
11
7.1693228346456692
21
-7.7258307086614177
0
LINE
8
RED2
6
CONTINUOUS
10
7.1693228346456692
20
-7.7258307086614177
11
7.172133858267717
21
-7.7202086614173231
0
LINE
8
RED2
6
CONTINUOUS
10
7.172133858267717
20
-7.7202086614173231
11
7.1777598425196851
21
-7.7173976377952762
0
LINE
8
RED2
6
CONTINUOUS
10
7.1777598425196851
20
-7.7173976377952762
11
7.1918188976377957
21
-7.7173976377952762
0
LINE
8
RED2
6
CONTINUOUS
10
7.1918188976377957
20
-7.7173976377952762
11
7.1974448818897638
21
-7.714582677165355
0
LINE
8
RED2
6
CONTINUOUS
10
7.2508740157480318
20
-7.7398937007874018
11
7.2508740157480318
21
-7.6808385826771657
0
LINE
8
RED2
6
CONTINUOUS
10
7.2508740157480318
20
-7.7370826771653549
11
7.2452480314960637
21
-7.7398937007874018
0
LINE
8
RED2
6
CONTINUOUS
10
7.2452480314960637
20
-7.7398937007874018
11
7.234
21
-7.7398937007874018
0
LINE
8
RED2
6
CONTINUOUS
10
7.234
20
-7.7398937007874018
11
7.2283740157480318
21
-7.7370826771653549
0
LINE
8
RED2
6
CONTINUOUS
10
7.2283740157480318
20
-7.7370826771653549
11
7.225562992125985
21
-7.7342677165354337
0
LINE
8
RED2
6
CONTINUOUS
10
7.225562992125985
20
-7.7342677165354337
11
7.2227519685039372
21
-7.728645669291339
0
LINE
8
RED2
6
CONTINUOUS
10
7.2227519685039372
20
-7.728645669291339
11
7.2227519685039372
21
-7.7117716535433072
0
LINE
8
RED2
6
CONTINUOUS
10
7.2227519685039372
20
-7.7117716535433072
11
7.225562992125985
21
-7.706145669291339
0
LINE
8
RED2
6
CONTINUOUS
10
7.225562992125985
20
-7.706145669291339
11
7.2283740157480318
21
-7.7033346456692913
0
LINE
8
RED2
6
CONTINUOUS
10
7.2283740157480318
20
-7.7033346456692913
11
7.234
21
-7.7005236220472444
0
LINE
8
RED2
6
CONTINUOUS
10
7.234
20
-7.7005236220472444
11
7.2452480314960637
21
-7.7005236220472444
0
LINE
8
RED2
6
CONTINUOUS
10
7.2452480314960637
20
-7.7005236220472444
11
7.2508740157480318
21
-7.7033346456692913
0
LINE
8
RED2
6
CONTINUOUS
10
7.3239881889763785
20
-7.7089606299212603
11
7.3436732283464572
21
-7.7089606299212603
0
LINE
8
RED2
6
CONTINUOUS
10
7.3521102362204731
20
-7.7398937007874018
11
7.3239881889763785
21
-7.7398937007874018
0
LINE
8
RED2
6
CONTINUOUS
10
7.3239881889763785
20
-7.7398937007874018
11
7.3239881889763785
21
-7.6808385826771657
0
LINE
8
RED2
6
CONTINUOUS
10
7.3239881889763785
20
-7.6808385826771657
11
7.3521102362204731
21
-7.6808385826771657
0
LINE
8
RED2
6
CONTINUOUS
10
7.3774173228346456
20
-7.7342677165354337
11
7.3802283464566933
21
-7.7370826771653549
0
LINE
8
RED2
6
CONTINUOUS
10
7.3802283464566933
20
-7.7370826771653549
11
7.3774173228346456
21
-7.7398937007874018
0
LINE
8
RED2
6
CONTINUOUS
10
7.3774173228346456
20
-7.7398937007874018
11
7.3746062992125987
21
-7.7370826771653549
0
LINE
8
RED2
6
CONTINUOUS
10
7.3746062992125987
20
-7.7370826771653549
11
7.3774173228346456
21
-7.7342677165354337
0
LINE
8
RED2
6
CONTINUOUS
10
7.3774173228346456
20
-7.7342677165354337
11
7.3774173228346456
21
-7.7398937007874018
0
LINE
8
RED2
6
CONTINUOUS
10
7.4055393700787402
20
-7.7398937007874018
11
7.4055393700787402
21
-7.6808385826771657
0
LINE
8
RED2
6
CONTINUOUS
10
7.4055393700787402
20
-7.6808385826771657
11
7.4195984251968508
21
-7.6808385826771657
0
LINE
8
RED2
6
CONTINUOUS
10
7.4195984251968508
20
-7.6808385826771657
11
7.4280354330708667
21
-7.6836496062992126
0
LINE
8
RED2
6
CONTINUOUS
10
7.4280354330708667
20
-7.6836496062992126
11
7.4336614173228348
21
-7.6892755905511816
0
LINE
8
RED2
6
CONTINUOUS
10
7.4336614173228348
20
-7.6892755905511816
11
7.4364724409448826
21
-7.6948976377952762
0
LINE
8
RED2
6
CONTINUOUS
10
7.4364724409448826
20
-7.6948976377952762
11
7.4392834645669295
21
-7.706145669291339
0
LINE
8
RED2
6
CONTINUOUS
10
7.4392834645669295
20
-7.706145669291339
11
7.4392834645669295
21
-7.714582677165355
0
LINE
8
RED2
6
CONTINUOUS
10
7.4392834645669295
20
-7.714582677165355
11
7.4364724409448826
21
-7.7258307086614177
0
LINE
8
RED2
6
CONTINUOUS
10
7.4364724409448826
20
-7.7258307086614177
11
7.4336614173228348
21
-7.7314566929133859
0
LINE
8
RED2
6
CONTINUOUS
10
7.4336614173228348
20
-7.7314566929133859
11
7.4280354330708667
21
-7.7370826771653549
0
LINE
8
RED2
6
CONTINUOUS
10
7.4280354330708667
20
-7.7370826771653549
11
7.4195984251968508
21
-7.7398937007874018
0
LINE
8
RED2
6
CONTINUOUS
10
7.4195984251968508
20
-7.7398937007874018
11
7.4055393700787402
21
-7.7398937007874018
0
LINE
8
RED2
6
CONTINUOUS
10
7.4645944881889763
20
-7.7342677165354337
11
7.4674055118110241
21
-7.7370826771653549
0
LINE
8
RED2
6
CONTINUOUS
10
7.4674055118110241
20
-7.7370826771653549
11
7.4645944881889763
21
-7.7398937007874018
0
LINE
8
RED2
6
CONTINUOUS
10
7.4645944881889763
20
-7.7398937007874018
11
7.4617834645669294
21
-7.7370826771653549
0
LINE
8
RED2
6
CONTINUOUS
10
7.4617834645669294
20
-7.7370826771653549
11
7.4645944881889763
21
-7.7342677165354337
0
LINE
8
RED2
6
CONTINUOUS
10
7.4645944881889763
20
-7.7342677165354337
11
7.4645944881889763
21
-7.7398937007874018
0
LINE
8
RED2
6
CONTINUOUS
10
7.489905511811024
20
-7.72301968503937
11
7.5180275590551187
21
-7.72301968503937
0
LINE
8
RED2
6
CONTINUOUS
10
7.484279527559055
20
-7.7398937007874018
11
7.5039645669291337
21
-7.6808385826771657
0
LINE
8
RED2
6
CONTINUOUS
10
7.5039645669291337
20
-7.6808385826771657
11
7.5236496062992133
21
-7.7398937007874018
0
LINE
8
RED2
6
CONTINUOUS
10
7.543334645669292
20
-7.7342677165354337
11
7.5461456692913389
21
-7.7370826771653549
0
LINE
8
RED2
6
CONTINUOUS
10
7.5461456692913389
20
-7.7370826771653549
11
7.543334645669292
21
-7.7398937007874018
0
LINE
8
RED2
6
CONTINUOUS
10
7.543334645669292
20
-7.7398937007874018
11
7.5405236220472442
21
-7.7370826771653549
0
LINE
8
RED2
6
CONTINUOUS
10
7.5405236220472442
20
-7.7370826771653549
11
7.543334645669292
21
-7.7342677165354337
0
LINE
8
RED2
6
CONTINUOUS
10
7.543334645669292
20
-7.7342677165354337
11
7.543334645669292
21
-7.7398937007874018
0
LINE
8
RED2
6
CONTINUOUS
10
7.6192637795275591
20
-7.7398937007874018
11
7.6305118110236227
21
-7.7398937007874018
0
LINE
8
RED2
6
CONTINUOUS
10
7.6305118110236227
20
-7.7398937007874018
11
7.6361377952755909
21
-7.7370826771653549
0
LINE
8
RED2
6
CONTINUOUS
10
7.6361377952755909
20
-7.7370826771653549
11
7.6389488188976378
21
-7.7342677165354337
0
LINE
8
RED2
6
CONTINUOUS
10
7.6389488188976378
20
-7.7342677165354337
11
7.6445748031496068
21
-7.7258307086614177
0
LINE
8
RED2
6
CONTINUOUS
10
7.6445748031496068
20
-7.7258307086614177
11
7.6473858267716537
21
-7.714582677165355
0
LINE
8
RED2
6
CONTINUOUS
10
7.6473858267716537
20
-7.714582677165355
11
7.6473858267716537
21
-7.6920866141732285
0
LINE
8
RED2
6
CONTINUOUS
10
7.6473858267716537
20
-7.6920866141732285
11
7.6445748031496068
21
-7.6864606299212603
0
LINE
8
RED2
6
CONTINUOUS
10
7.6445748031496068
20
-7.6864606299212603
11
7.641763779527559
21
-7.6836496062992126
0
LINE
8
RED2
6
CONTINUOUS
10
7.641763779527559
20
-7.6836496062992126
11
7.6361377952755909
21
-7.6808385826771657
0
LINE
8
RED2
6
CONTINUOUS
10
7.6361377952755909
20
-7.6808385826771657
11
7.6248897637795281
21
-7.6808385826771657
0
LINE
8
RED2
6
CONTINUOUS
10
7.6248897637795281
20
-7.6808385826771657
11
7.6192637795275591
21
-7.6836496062992126
0
LINE
8
RED2
6
CONTINUOUS
10
7.6192637795275591
20
-7.6836496062992126
11
7.6164527559055122
21
-7.6864606299212603
0
LINE
8
RED2
6
CONTINUOUS
10
7.6164527559055122
20
-7.6864606299212603
11
7.6136417322834644
21
-7.6920866141732285
0
LINE
8
RED2
6
CONTINUOUS
10
7.6136417322834644
20
-7.6920866141732285
11
7.6136417322834644
21
-7.706145669291339
0
LINE
8
RED2
6
CONTINUOUS
10
7.6136417322834644
20
-7.706145669291339
11
7.6164527559055122
21
-7.7117716535433072
0
LINE
8
RED2
6
CONTINUOUS
10
7.6164527559055122
20
-7.7117716535433072
11
7.6192637795275591
21
-7.714582677165355
0
LINE
8
RED2
6
CONTINUOUS
10
7.6192637795275591
20
-7.714582677165355
11
7.6248897637795281
21
-7.7173976377952762
0
LINE
8
RED2
6
CONTINUOUS
10
7.6248897637795281
20
-7.7173976377952762
11
7.6361377952755909
21
-7.7173976377952762
0
LINE
8
RED2
6
CONTINUOUS
10
7.6361377952755909
20
-7.7173976377952762
11
7.641763779527559
21
-7.714582677165355
0
LINE
8
RED2
6
CONTINUOUS
10
7.641763779527559
20
-7.714582677165355
11
7.6445748031496068
21
-7.7117716535433072
0
LINE
8
RED2
6
CONTINUOUS
10
7.6445748031496068
20
-7.7117716535433072
11
7.6473858267716537
21
-7.706145669291339
0
LINE
8
RED2
6
CONTINUOUS
10
7.6726968503937014
20
-7.7342677165354337
11
7.6755078740157483
21
-7.7370826771653549
0
LINE
8
RED2
6
CONTINUOUS
10
7.6755078740157483
20
-7.7370826771653549
11
7.6726968503937014
21
-7.7398937007874018
0
LINE
8
RED2
6
CONTINUOUS
10
7.6726968503937014
20
-7.7398937007874018
11
7.6698858267716536
21
-7.7370826771653549
0
LINE
8
RED2
6
CONTINUOUS
10
7.6698858267716536
20
-7.7370826771653549
11
7.6726968503937014
21
-7.7342677165354337
0
LINE
8
RED2
6
CONTINUOUS
10
7.6726968503937014
20
-7.7342677165354337
11
7.6726968503937014
21
-7.7398937007874018
0
LINE
8
RED2
6
CONTINUOUS
10
7.7120669291338588
20
-7.6808385826771657
11
7.717692913385827
21
-7.6808385826771657
0
LINE
8
RED2
6
CONTINUOUS
10
7.717692913385827
20
-7.6808385826771657
11
7.7233149606299216
21
-7.6836496062992126
0
LINE
8
RED2
6
CONTINUOUS
10
7.7233149606299216
20
-7.6836496062992126
11
7.7261299212598429
21
-7.6864606299212603
0
LINE
8
RED2
6
CONTINUOUS
10
7.7261299212598429
20
-7.6864606299212603
11
7.7289409448818898
21
-7.6920866141732285
0
LINE
8
RED2
6
CONTINUOUS
10
7.7289409448818898
20
-7.6920866141732285
11
7.7317519685039375
21
-7.7033346456692913
0
LINE
8
RED2
6
CONTINUOUS
10
7.7317519685039375
20
-7.7033346456692913
11
7.7317519685039375
21
-7.7173976377952762
0
LINE
8
RED2
6
CONTINUOUS
10
7.7317519685039375
20
-7.7173976377952762
11
7.7289409448818898
21
-7.728645669291339
0
LINE
8
RED2
6
CONTINUOUS
10
7.7289409448818898
20
-7.728645669291339
11
7.7261299212598429
21
-7.7342677165354337
0
LINE
8
RED2
6
CONTINUOUS
10
7.7261299212598429
20
-7.7342677165354337
11
7.7233149606299216
21
-7.7370826771653549
0
LINE
8
RED2
6
CONTINUOUS
10
7.7233149606299216
20
-7.7370826771653549
11
7.717692913385827
21
-7.7398937007874018
0
LINE
8
RED2
6
CONTINUOUS
10
7.717692913385827
20
-7.7398937007874018
11
7.7120669291338588
21
-7.7398937007874018
0
LINE
8
RED2
6
CONTINUOUS
10
7.7120669291338588
20
-7.7398937007874018
11
7.7064448818897642
21
-7.7370826771653549
0
LINE
8
RED2
6
CONTINUOUS
10
7.7064448818897642
20
-7.7370826771653549
11
7.7036299212598429
21
-7.7342677165354337
0
LINE
8
RED2
6
CONTINUOUS
10
7.7036299212598429
20
-7.7342677165354337
11
7.7008188976377951
21
-7.728645669291339
0
LINE
8
RED2
6
CONTINUOUS
10
7.7008188976377951
20
-7.728645669291339
11
7.6980078740157483
21
-7.7173976377952762
0
LINE
8
RED2
6
CONTINUOUS
10
7.6980078740157483
20
-7.7173976377952762
11
7.6980078740157483
21
-7.7033346456692913
0
LINE
8
RED2
6
CONTINUOUS
10
7.6980078740157483
20
-7.7033346456692913
11
7.7008188976377951
21
-7.6920866141732285
0
LINE
8
RED2
6
CONTINUOUS
10
7.7008188976377951
20
-7.6920866141732285
11
7.7036299212598429
21
-7.6864606299212603
0
LINE
8
RED2
6
CONTINUOUS
10
7.7036299212598429
20
-7.6864606299212603
11
7.7064448818897642
21
-7.6836496062992126
0
LINE
8
RED2
6
CONTINUOUS
10
7.7064448818897642
20
-7.6836496062992126
11
7.7120669291338588
21
-7.6808385826771657
0
LINE
8
RED2
6
CONTINUOUS
10
7.7570629921259844
20
-7.7342677165354337
11
7.7598740157480321
21
-7.7370826771653549
0
LINE
8
RED2
6
CONTINUOUS
10
7.7598740157480321
20
-7.7370826771653549
11
7.7570629921259844
21
-7.7398937007874018
0
LINE
8
RED2
6
CONTINUOUS
10
7.7570629921259844
20
-7.7398937007874018
11
7.7542519685039375
21
-7.7370826771653549
0
LINE
8
RED2
6
CONTINUOUS
10
7.7542519685039375
20
-7.7370826771653549
11
7.7570629921259844
21
-7.7342677165354337
0
LINE
8
RED2
6
CONTINUOUS
10
7.7570629921259844
20
-7.7342677165354337
11
7.7570629921259844
21
-7.7398937007874018
0
LINE
8
RED2
6
CONTINUOUS
10
7.7823740157480321
20
-7.6864606299212603
11
7.785185039370079
21
-7.6836496062992126
0
LINE
8
RED2
6
CONTINUOUS
10
7.785185039370079
20
-7.6836496062992126
11
7.7908110236220471
21
-7.6808385826771657
0
LINE
8
RED2
6
CONTINUOUS
10
7.7908110236220471
20
-7.6808385826771657
11
7.8048700787401577
21
-7.6808385826771657
0
LINE
8
RED2
6
CONTINUOUS
10
7.8048700787401577
20
-7.6808385826771657
11
7.8104960629921258
21
-7.6836496062992126
0
LINE
8
RED2
6
CONTINUOUS
10
7.8104960629921258
20
-7.6836496062992126
11
7.8133070866141736
21
-7.6864606299212603
0
LINE
8
RED2
6
CONTINUOUS
10
7.8133070866141736
20
-7.6864606299212603
11
7.8161181102362205
21
-7.6920866141732285
0
LINE
8
RED2
6
CONTINUOUS
10
7.8161181102362205
20
-7.6920866141732285
11
7.8161181102362205
21
-7.6977125984251975
0
LINE
8
RED2
6
CONTINUOUS
10
7.8161181102362205
20
-7.6977125984251975
11
7.8133070866141736
21
-7.706145669291339
0
LINE
8
RED2
6
CONTINUOUS
10
7.8133070866141736
20
-7.706145669291339
11
7.7795590551181109
21
-7.7398937007874018
0
LINE
8
RED2
6
CONTINUOUS
10
7.7795590551181109
20
-7.7398937007874018
11
7.8161181102362205
21
-7.7398937007874018
0
LINE
8
RED2
6
CONTINUOUS
10
6.9685905511811024
20
-7.5396535433070868
11
11.2205590551181107
21
-7.5396535433070868
0
LINE
8
RED2
6
CONTINUOUS
10
10.4099881889763779
20
-7.629350393700788
11
10.3903031496063001
21
-7.6012283464566934
0
LINE
8
RED2
6
CONTINUOUS
10
10.3762440944881895
20
-7.629350393700788
11
10.3762440944881895
21
-7.570295275590551
0
LINE
8
RED2
6
CONTINUOUS
10
10.3762440944881895
20
-7.570295275590551
11
10.3987401574803151
21
-7.570295275590551
0
LINE
8
RED2
6
CONTINUOUS
10
10.3987401574803151
20
-7.570295275590551
11
10.4043661417322841
21
-7.5731062992125988
0
LINE
8
RED2
6
CONTINUOUS
10
10.4043661417322841
20
-7.5731062992125988
11
10.4071771653543319
21
-7.5759173228346457
0
LINE
8
RED2
6
CONTINUOUS
10
10.4071771653543319
20
-7.5759173228346457
11
10.4099881889763779
21
-7.5815433070866147
0
LINE
8
RED2
6
CONTINUOUS
10
10.4099881889763779
20
-7.5815433070866147
11
10.4099881889763779
21
-7.5899803149606306
0
LINE
8
RED2
6
CONTINUOUS
10
10.4099881889763779
20
-7.5899803149606306
11
10.4071771653543319
21
-7.5956023622047244
0
LINE
8
RED2
6
CONTINUOUS
10
10.4071771653543319
20
-7.5956023622047244
11
10.4043661417322841
21
-7.5984173228346457
0
LINE
8
RED2
6
CONTINUOUS
10
10.4043661417322841
20
-7.5984173228346457
11
10.3987401574803151
21
-7.6012283464566934
0
LINE
8
RED2
6
CONTINUOUS
10
10.3987401574803151
20
-7.6012283464566934
11
10.3762440944881895
21
-7.6012283464566934
0
LINE
8
RED2
6
CONTINUOUS
10
10.4577952755905521
20
-7.6265393700787403
11
10.4521732283464566
21
-7.629350393700788
0
LINE
8
RED2
6
CONTINUOUS
10
10.4521732283464566
20
-7.629350393700788
11
10.4409251968503938
21
-7.629350393700788
0
LINE
8
RED2
6
CONTINUOUS
10
10.4409251968503938
20
-7.629350393700788
11
10.4352992125984247
21
-7.6265393700787403
0
LINE
8
RED2
6
CONTINUOUS
10
10.4352992125984247
20
-7.6265393700787403
11
10.4324881889763788
21
-7.6209133858267721
0
LINE
8
RED2
6
CONTINUOUS
10
10.4324881889763788
20
-7.6209133858267721
11
10.4324881889763788
21
-7.5984173228346457
0
LINE
8
RED2
6
CONTINUOUS
10
10.4324881889763788
20
-7.5984173228346457
11
10.4352992125984247
21
-7.5927913385826775
0
LINE
8
RED2
6
CONTINUOUS
10
10.4352992125984247
20
-7.5927913385826775
11
10.4409251968503938
21
-7.5899803149606306
0
LINE
8
RED2
6
CONTINUOUS
10
10.4409251968503938
20
-7.5899803149606306
11
10.4521732283464566
21
-7.5899803149606306
0
LINE
8
RED2
6
CONTINUOUS
10
10.4521732283464566
20
-7.5899803149606306
11
10.4577952755905521
21
-7.5927913385826775
0
LINE
8
RED2
6
CONTINUOUS
10
10.4577952755905521
20
-7.5927913385826775
11
10.4606102362204734
21
-7.5984173228346457
0
LINE
8
RED2
6
CONTINUOUS
10
10.4606102362204734
20
-7.5984173228346457
11
10.4606102362204734
21
-7.6040393700787403
0
LINE
8
RED2
6
CONTINUOUS
10
10.4606102362204734
20
-7.6040393700787403
11
10.4324881889763788
21
-7.6096653543307093
0
LINE
8
RED2
6
CONTINUOUS
10
10.4802913385826777
20
-7.5899803149606306
11
10.4943543307086617
21
-7.629350393700788
0
LINE
8
RED2
6
CONTINUOUS
10
10.4943543307086617
20
-7.629350393700788
11
10.5084133858267723
21
-7.5899803149606306
0
LINE
8
RED2
6
CONTINUOUS
10
10.5309133858267714
20
-7.623724409448819
11
10.5337244094488192
21
-7.6265393700787403
0
LINE
8
RED2
6
CONTINUOUS
10
10.5337244094488192
20
-7.6265393700787403
11
10.5309133858267714
21
-7.629350393700788
0
LINE
8
RED2
6
CONTINUOUS
10
10.5309133858267714
20
-7.629350393700788
11
10.5281023622047254
21
-7.6265393700787403
0
LINE
8
RED2
6
CONTINUOUS
10
10.5281023622047254
20
-7.6265393700787403
11
10.5309133858267714
21
-7.623724409448819
0
LINE
8
RED2
6
CONTINUOUS
10
10.5309133858267714
20
-7.623724409448819
11
10.5309133858267714
21
-7.629350393700788
0
LINE
8
RED2
6
CONTINUOUS
10
10.5309133858267714
20
-7.5927913385826775
11
10.5337244094488192
21
-7.5956023622047244
0
LINE
8
RED2
6
CONTINUOUS
10
10.5337244094488192
20
-7.5956023622047244
11
10.5309133858267714
21
-7.5984173228346457
0
LINE
8
RED2
6
CONTINUOUS
10
10.5309133858267714
20
-7.5984173228346457
11
10.5281023622047254
21
-7.5956023622047244
0
LINE
8
RED2
6
CONTINUOUS
10
10.5281023622047254
20
-7.5956023622047244
11
10.5309133858267714
21
-7.5927913385826775
0
LINE
8
RED2
6
CONTINUOUS
10
10.5309133858267714
20
-7.5927913385826775
11
10.5309133858267714
21
-7.5984173228346457
0
LINE
8
RED2
6
CONTINUOUS
10
7.0230905511811024
20
-7.6268464566929133
11
7.0315275590551183
21
-7.629657480314961
0
LINE
8
RED2
6
CONTINUOUS
10
7.0315275590551183
20
-7.629657480314961
11
7.0455866141732288
21
-7.629657480314961
0
LINE
8
RED2
6
CONTINUOUS
10
7.0455866141732288
20
-7.629657480314961
11
7.051212598425197
21
-7.6268464566929133
0
LINE
8
RED2
6
CONTINUOUS
10
7.051212598425197
20
-7.6268464566929133
11
7.0540236220472448
21
-7.624031496062992
0
LINE
8
RED2
6
CONTINUOUS
10
7.0540236220472448
20
-7.624031496062992
11
7.0568346456692916
21
-7.6184094488188983
0
LINE
8
RED2
6
CONTINUOUS
10
7.0568346456692916
20
-7.6184094488188983
11
7.0568346456692916
21
-7.6127834645669292
0
LINE
8
RED2
6
CONTINUOUS
10
7.0568346456692916
20
-7.6127834645669292
11
7.0540236220472448
21
-7.6071614173228346
0
LINE
8
RED2
6
CONTINUOUS
10
7.0540236220472448
20
-7.6071614173228346
11
7.051212598425197
21
-7.6043464566929133
0
LINE
8
RED2
6
CONTINUOUS
10
7.051212598425197
20
-7.6043464566929133
11
7.0455866141732288
21
-7.6015354330708664
0
LINE
8
RED2
6
CONTINUOUS
10
7.0455866141732288
20
-7.6015354330708664
11
7.0343385826771661
21
-7.5987244094488196
0
LINE
8
RED2
6
CONTINUOUS
10
7.0343385826771661
20
-7.5987244094488196
11
7.028712598425197
21
-7.5959094488188983
0
LINE
8
RED2
6
CONTINUOUS
10
7.028712598425197
20
-7.5959094488188983
11
7.0259015748031501
21
-7.5930984251968505
0
LINE
8
RED2
6
CONTINUOUS
10
7.0259015748031501
20
-7.5930984251968505
11
7.0230905511811024
21
-7.5874763779527559
0
LINE
8
RED2
6
CONTINUOUS
10
7.0230905511811024
20
-7.5874763779527559
11
7.0230905511811024
21
-7.5818503937007877
0
LINE
8
RED2
6
CONTINUOUS
10
7.0230905511811024
20
-7.5818503937007877
11
7.0259015748031501
21
-7.5762244094488196
0
LINE
8
RED2
6
CONTINUOUS
10
7.0259015748031501
20
-7.5762244094488196
11
7.028712598425197
21
-7.5734133858267718
0
LINE
8
RED2
6
CONTINUOUS
10
7.028712598425197
20
-7.5734133858267718
11
7.0343385826771661
21
-7.5706023622047249
0
LINE
8
RED2
6
CONTINUOUS
10
7.0343385826771661
20
-7.5706023622047249
11
7.0483976377952757
21
-7.5706023622047249
0
LINE
8
RED2
6
CONTINUOUS
10
7.0483976377952757
20
-7.5706023622047249
11
7.0568346456692916
21
-7.5734133858267718
0
LINE
8
RED2
6
CONTINUOUS
10
7.0821456692913385
20
-7.629657480314961
11
7.0821456692913385
21
-7.5902874015748036
0
LINE
8
RED2
6
CONTINUOUS
10
7.0821456692913385
20
-7.5706023622047249
11
7.0793346456692916
21
-7.5734133858267718
0
LINE
8
RED2
6
CONTINUOUS
10
7.0793346456692916
20
-7.5734133858267718
11
7.0821456692913385
21
-7.5762244094488196
0
LINE
8
RED2
6
CONTINUOUS
10
7.0821456692913385
20
-7.5762244094488196
11
7.0849566929133863
21
-7.5734133858267718
0
LINE
8
RED2
6
CONTINUOUS
10
7.0849566929133863
20
-7.5734133858267718
11
7.0821456692913385
21
-7.5706023622047249
0
LINE
8
RED2
6
CONTINUOUS
10
7.0821456692913385
20
-7.5706023622047249
11
7.0821456692913385
21
-7.5762244094488196
0
LINE
8
RED2
6
CONTINUOUS
10
7.104641732283465
20
-7.5902874015748036
11
7.1355787401574808
21
-7.5902874015748036
0
LINE
8
RED2
6
CONTINUOUS
10
7.1355787401574808
20
-7.5902874015748036
11
7.104641732283465
21
-7.629657480314961
0
LINE
8
RED2
6
CONTINUOUS
10
7.104641732283465
20
-7.629657480314961
11
7.1355787401574808
21
-7.629657480314961
0
LINE
8
RED2
6
CONTINUOUS
10
7.1805708661417329
20
-7.6268464566929133
11
7.1749488188976382
21
-7.629657480314961
0
LINE
8
RED2
6
CONTINUOUS
10
7.1749488188976382
20
-7.629657480314961
11
7.1637007874015755
21
-7.629657480314961
0
LINE
8
RED2
6
CONTINUOUS
10
7.1637007874015755
20
-7.629657480314961
11
7.1580748031496064
21
-7.6268464566929133
0
LINE
8
RED2
6
CONTINUOUS
10
7.1580748031496064
20
-7.6268464566929133
11
7.1552637795275595
21
-7.6212204724409451
0
LINE
8
RED2
6
CONTINUOUS
10
7.1552637795275595
20
-7.6212204724409451
11
7.1552637795275595
21
-7.5987244094488196
0
LINE
8
RED2
6
CONTINUOUS
10
7.1552637795275595
20
-7.5987244094488196
11
7.1580748031496064
21
-7.5930984251968505
0
LINE
8
RED2
6
CONTINUOUS
10
7.1580748031496064
20
-7.5930984251968505
11
7.1637007874015755
21
-7.5902874015748036
0
LINE
8
RED2
6
CONTINUOUS
10
7.1637007874015755
20
-7.5902874015748036
11
7.1749488188976382
21
-7.5902874015748036
0
LINE
8
RED2
6
CONTINUOUS
10
7.1749488188976382
20
-7.5902874015748036
11
7.1805708661417329
21
-7.5930984251968505
0
LINE
8
RED2
6
CONTINUOUS
10
7.1805708661417329
20
-7.5930984251968505
11
7.1833858267716542
21
-7.5987244094488196
0
LINE
8
RED2
6
CONTINUOUS
10
7.1833858267716542
20
-7.5987244094488196
11
7.1833858267716542
21
-7.6043464566929133
0
LINE
8
RED2
6
CONTINUOUS
10
7.1833858267716542
20
-7.6043464566929133
11
7.1552637795275595
21
-7.6099724409448823
0
LINE
8
RED2
6
CONTINUOUS
10
7.2086929133858266
20
-7.624031496062992
11
7.2115039370078744
21
-7.6268464566929133
0
LINE
8
RED2
6
CONTINUOUS
10
7.2115039370078744
20
-7.6268464566929133
11
7.2086929133858266
21
-7.629657480314961
0
LINE
8
RED2
6
CONTINUOUS
10
7.2086929133858266
20
-7.629657480314961
11
7.2058818897637797
21
-7.6268464566929133
0
LINE
8
RED2
6
CONTINUOUS
10
7.2058818897637797
20
-7.6268464566929133
11
7.2086929133858266
21
-7.624031496062992
0
LINE
8
RED2
6
CONTINUOUS
10
7.2086929133858266
20
-7.624031496062992
11
7.2086929133858266
21
-7.629657480314961
0
LINE
8
RED2
6
CONTINUOUS
10
7.2086929133858266
20
-7.5930984251968505
11
7.2115039370078744
21
-7.5959094488188983
0
LINE
8
RED2
6
CONTINUOUS
10
7.2115039370078744
20
-7.5959094488188983
11
7.2086929133858266
21
-7.5987244094488196
0
LINE
8
RED2
6
CONTINUOUS
10
7.2086929133858266
20
-7.5987244094488196
11
7.2058818897637797
21
-7.5959094488188983
0
LINE
8
RED2
6
CONTINUOUS
10
7.2058818897637797
20
-7.5959094488188983
11
7.2086929133858266
21
-7.5930984251968505
0
LINE
8
RED2
6
CONTINUOUS
10
7.2086929133858266
20
-7.5930984251968505
11
7.2086929133858266
21
-7.5987244094488196
0
LINE
8
RED2
6
CONTINUOUS
10
7.2789999999999999
20
-7.6127834645669292
11
7.3071220472440945
21
-7.6127834645669292
0
LINE
8
RED2
6
CONTINUOUS
10
7.2733740157480318
20
-7.629657480314961
11
7.2930590551181105
21
-7.5706023622047249
0
LINE
8
RED2
6
CONTINUOUS
10
7.2930590551181105
20
-7.5706023622047249
11
7.3127440944881892
21
-7.629657480314961
0
LINE
8
RED2
6
CONTINUOUS
10
7.3577401574803156
20
-7.5902874015748036
11
7.3577401574803156
21
-7.629657480314961
0
LINE
8
RED2
6
CONTINUOUS
10
7.3436771653543307
20
-7.5677913385826772
11
7.329618110236221
21
-7.6099724409448823
0
LINE
8
RED2
6
CONTINUOUS
10
7.329618110236221
20
-7.6099724409448823
11
7.3661732283464572
21
-7.6099724409448823
0
LINE
8
RED2
6
CONTINUOUS
10
10.3723582677165354
20
-7.7398937007874018
11
10.3723582677165354
21
-7.6808385826771657
0
LINE
8
RED2
6
CONTINUOUS
10
10.4257913385826768
20
-7.7398937007874018
11
10.4257913385826768
21
-7.6808385826771657
0
LINE
8
RED2
6
CONTINUOUS
10
10.4257913385826768
20
-7.7370826771653549
11
10.4201653543307096
21
-7.7398937007874018
0
LINE
8
RED2
6
CONTINUOUS
10
10.4201653543307096
20
-7.7398937007874018
11
10.4089173228346468
21
-7.7398937007874018
0
LINE
8
RED2
6
CONTINUOUS
10
10.4089173228346468
20
-7.7398937007874018
11
10.4032913385826777
21
-7.7370826771653549
0
LINE
8
RED2
6
CONTINUOUS
10
10.4032913385826777
20
-7.7370826771653549
11
10.40048031496063
21
-7.7342677165354337
0
LINE
8
RED2
6
CONTINUOUS
10
10.40048031496063
20
-7.7342677165354337
11
10.3976692913385822
21
-7.728645669291339
0
LINE
8
RED2
6
CONTINUOUS
10
10.3976692913385822
20
-7.728645669291339
11
10.3976692913385822
21
-7.7117716535433072
0
LINE
8
RED2
6
CONTINUOUS
10
10.3976692913385822
20
-7.7117716535433072
11
10.40048031496063
21
-7.706145669291339
0
LINE
8
RED2
6
CONTINUOUS
10
10.40048031496063
20
-7.706145669291339
11
10.4032913385826777
21
-7.7033346456692913
0
LINE
8
RED2
6
CONTINUOUS
10
10.4032913385826777
20
-7.7033346456692913
11
10.4089173228346468
21
-7.7005236220472444
0
LINE
8
RED2
6
CONTINUOUS
10
10.4089173228346468
20
-7.7005236220472444
11
10.4201653543307096
21
-7.7005236220472444
0
LINE
8
RED2
6
CONTINUOUS
10
10.4201653543307096
20
-7.7005236220472444
11
10.4257913385826768
21
-7.7033346456692913
0
LINE
8
RED2
6
CONTINUOUS
10
10.4539094488188979
20
-7.7342677165354337
11
10.4567204724409457
21
-7.7370826771653549
0
LINE
8
RED2
6
CONTINUOUS
10
10.4567204724409457
20
-7.7370826771653549
11
10.4539094488188979
21
-7.7398937007874018
0
LINE
8
RED2
6
CONTINUOUS
10
10.4539094488188979
20
-7.7398937007874018
11
10.4510984251968502
21
-7.7370826771653549
0
LINE
8
RED2
6
CONTINUOUS
10
10.4510984251968502
20
-7.7370826771653549
11
10.4539094488188979
21
-7.7342677165354337
0
LINE
8
RED2
6
CONTINUOUS
10
10.4539094488188979
20
-7.7342677165354337
11
10.4539094488188979
21
-7.7398937007874018
0
LINE
8
RED2
6
CONTINUOUS
10
10.4539094488188979
20
-7.7033346456692913
11
10.4567204724409457
21
-7.706145669291339
0
LINE
8
RED2
6
CONTINUOUS
10
10.4567204724409457
20
-7.706145669291339
11
10.4539094488188979
21
-7.7089606299212603
0
LINE
8
RED2
6
CONTINUOUS
10
10.4539094488188979
20
-7.7089606299212603
11
10.4510984251968502
21
-7.706145669291339
0
LINE
8
RED2
6
CONTINUOUS
10
10.4510984251968502
20
-7.706145669291339
11
10.4539094488188979
21
-7.7033346456692913
0
LINE
8
RED2
6
CONTINUOUS
10
10.4539094488188979
20
-7.7033346456692913
11
10.4539094488188979
21
-7.7089606299212603
0
LINE
8
RED2
6
CONTINUOUS
10
10.52140157480315
20
-7.6808385826771657
11
10.5607716535433074
21
-7.6808385826771657
0
LINE
8
RED2
6
CONTINUOUS
10
10.5607716535433074
20
-7.6808385826771657
11
10.535464566929134
21
-7.7398937007874018
0
LINE
8
RED2
6
CONTINUOUS
10
10.6254527559055116
20
-7.6780275590551188
11
10.5748346456692914
21
-7.7539527559055124
0
LINE
8
RED2
6
CONTINUOUS
10
10.6760708661417318
20
-7.7398937007874018
11
10.6423267716535435
21
-7.7398937007874018
0
LINE
8
RED2
6
CONTINUOUS
10
10.6591968503937018
20
-7.7398937007874018
11
10.6591968503937018
21
-7.6808385826771657
0
LINE
8
RED2
6
CONTINUOUS
10
10.6591968503937018
20
-7.6808385826771657
11
10.6535748031496063
21
-7.6892755905511816
0
LINE
8
RED2
6
CONTINUOUS
10
10.6535748031496063
20
-7.6892755905511816
11
10.647948818897639
21
-7.6948976377952762
0
LINE
8
RED2
6
CONTINUOUS
10
10.647948818897639
20
-7.6948976377952762
11
10.6423267716535435
21
-7.6977125984251975
0
LINE
8
RED2
6
CONTINUOUS
10
10.7323149606299211
20
-7.7398937007874018
11
10.6985708661417327
21
-7.7398937007874018
0
LINE
8
RED2
6
CONTINUOUS
10
10.715440944881891
20
-7.7398937007874018
11
10.715440944881891
21
-7.6808385826771657
0
LINE
8
RED2
6
CONTINUOUS
10
10.715440944881891
20
-7.6808385826771657
11
10.7098188976377955
21
-7.6892755905511816
0
LINE
8
RED2
6
CONTINUOUS
10
10.7098188976377955
20
-7.6892755905511816
11
10.7041929133858265
21
-7.6948976377952762
0
LINE
8
RED2
6
CONTINUOUS
10
10.7041929133858265
20
-7.6948976377952762
11
10.6985708661417327
21
-7.6977125984251975
0
LINE
8
RED2
6
CONTINUOUS
10
6.9685905511811024
20
-7.3821732283464572
11
11.2205590551181107
21
-7.3821732283464572
0
LINE
8
RED2
6
CONTINUOUS
10
7.0351889763779534
20
-7.409905511811024
11
7.0801850393700789
21
-7.409905511811024
0
LINE
8
RED2
6
CONTINUOUS
10
7.0478464566929135
20
-7.4886456692913388
11
7.0576889763779533
21
-7.409905511811024
0
LINE
8
RED2
6
CONTINUOUS
10
7.096586614173229
20
-7.4886456692913388
11
7.1031496062992128
21
-7.4361535433070873
0
LINE
8
RED2
6
CONTINUOUS
10
7.1064291338582679
20
-7.409905511811024
11
7.1022125984251971
21
-7.4136535433070865
0
LINE
8
RED2
6
CONTINUOUS
10
7.1022125984251971
20
-7.4136535433070865
11
7.1054921259842523
21
-7.4174055118110243
0
LINE
8
RED2
6
CONTINUOUS
10
7.1054921259842523
20
-7.4174055118110243
11
7.1097125984251974
21
-7.4136535433070865
0
LINE
8
RED2
6
CONTINUOUS
10
7.1097125984251974
20
-7.4136535433070865
11
7.1064291338582679
21
-7.409905511811024
0
LINE
8
RED2
6
CONTINUOUS
10
7.1064291338582679
20
-7.409905511811024
11
7.1054921259842523
21
-7.4174055118110243
0
LINE
8
RED2
6
CONTINUOUS
10
7.1293976377952761
20
-7.4361535433070873
11
7.159393700787402
21
-7.4361535433070873
0
LINE
8
RED2
6
CONTINUOUS
10
7.1439251968503941
20
-7.409905511811024
11
7.1354921259842525
21
-7.477397637795276
0
LINE
8
RED2
6
CONTINUOUS
10
7.1354921259842525
20
-7.477397637795276
11
7.1383031496062994
21
-7.4848976377952763
0
LINE
8
RED2
6
CONTINUOUS
10
7.1383031496062994
20
-7.4848976377952763
11
7.1453346456692914
21
-7.4886456692913388
0
LINE
8
RED2
6
CONTINUOUS
10
7.1453346456692914
20
-7.4886456692913388
11
7.1528307086614173
21
-7.4886456692913388
0
LINE
8
RED2
6
CONTINUOUS
10
7.1903307086614179
20
-7.4886456692913388
11
7.1832992125984259
21
-7.4848976377952763
0
LINE
8
RED2
6
CONTINUOUS
10
7.1832992125984259
20
-7.4848976377952763
11
7.1804881889763781
21
-7.477397637795276
0
LINE
8
RED2
6
CONTINUOUS
10
7.1804881889763781
20
-7.477397637795276
11
7.1889212598425196
21
-7.409905511811024
0
LINE
8
RED2
6
CONTINUOUS
10
7.2507874015748035
20
-7.4848976377952763
11
7.2428228346456693
21
-7.4886456692913388
0
LINE
8
RED2
6
CONTINUOUS
10
7.2428228346456693
20
-7.4886456692913388
11
7.2278228346456697
21
-7.4886456692913388
0
LINE
8
RED2
6
CONTINUOUS
10
7.2278228346456697
20
-7.4886456692913388
11
7.2207913385826776
21
-7.4848976377952763
0
LINE
8
RED2
6
CONTINUOUS
10
7.2207913385826776
20
-7.4848976377952763
11
7.2179803149606299
21
-7.477397637795276
0
LINE
8
RED2
6
CONTINUOUS
10
7.2179803149606299
20
-7.477397637795276
11
7.2217322834645676
21
-7.4474015748031501
0
LINE
8
RED2
6
CONTINUOUS
10
7.2217322834645676
20
-7.4474015748031501
11
7.2264173228346458
21
-7.4399015748031498
0
LINE
8
RED2
6
CONTINUOUS
10
7.2264173228346458
20
-7.4399015748031498
11
7.2343858267716534
21
-7.4361535433070873
0
LINE
8
RED2
6
CONTINUOUS
10
7.2343858267716534
20
-7.4361535433070873
11
7.2493818897637796
21
-7.4361535433070873
0
LINE
8
RED2
6
CONTINUOUS
10
7.2493818897637796
20
-7.4361535433070873
11
7.2564133858267716
21
-7.4399015748031498
0
LINE
8
RED2
6
CONTINUOUS
10
7.2564133858267716
20
-7.4399015748031498
11
7.2592244094488194
21
-7.4474015748031501
0
LINE
8
RED2
6
CONTINUOUS
10
7.2592244094488194
20
-7.4474015748031501
11
7.2582874015748038
21
-7.454897637795276
0
LINE
8
RED2
6
CONTINUOUS
10
7.2582874015748038
20
-7.454897637795276
11
7.219854330708662
21
-7.4623976377952754
0
LINE
8
RED2
6
CONTINUOUS
10
7.288751968503937
20
-7.4811456692913385
11
7.2920354330708665
21
-7.4848976377952763
0
LINE
8
RED2
6
CONTINUOUS
10
7.2920354330708665
20
-7.4848976377952763
11
7.2878149606299214
21
-7.4886456692913388
0
LINE
8
RED2
6
CONTINUOUS
10
7.2878149606299214
20
-7.4886456692913388
11
7.2845354330708663
21
-7.4848976377952763
0
LINE
8
RED2
6
CONTINUOUS
10
7.2845354330708663
20
-7.4848976377952763
11
7.288751968503937
21
-7.4811456692913385
0
LINE
8
RED2
6
CONTINUOUS
10
7.288751968503937
20
-7.4811456692913385
11
7.2878149606299214
21
-7.4886456692913388
0
LINE
8
RED2
6
CONTINUOUS
10
7.2939094488188978
20
-7.4399015748031498
11
7.2971889763779529
21
-7.4436496062992132
0
LINE
8
RED2
6
CONTINUOUS
10
7.2971889763779529
20
-7.4436496062992132
11
7.2929724409448822
21
-7.4474015748031501
0
LINE
8
RED2
6
CONTINUOUS
10
7.2929724409448822
20
-7.4474015748031501
11
7.289692913385827
21
-7.4436496062992132
0
LINE
8
RED2
6
CONTINUOUS
10
7.289692913385827
20
-7.4436496062992132
11
7.2939094488188978
21
-7.4399015748031498
0
LINE
8
RED2
6
CONTINUOUS
10
7.2939094488188978
20
-7.4399015748031498
11
7.2929724409448822
21
-7.4474015748031501
0
LINE
8
RED2
6
CONTINUOUS
10
7.0455866141732288
20
-7.3073858267716538
11
7.0259015748031501
21
-7.3073858267716538
0
LINE
8
RED2
6
CONTINUOUS
10
7.0259015748031501
20
-7.3383188976377953
11
7.0259015748031501
21
-7.2792637795275592
0
LINE
8
RED2
6
CONTINUOUS
10
7.0259015748031501
20
-7.2792637795275592
11
7.0540236220472448
21
-7.2792637795275592
0
LINE
8
RED2
6
CONTINUOUS
10
7.0765196850393703
20
-7.3383188976377953
11
7.0765196850393703
21
-7.2989488188976379
0
LINE
8
RED2
6
CONTINUOUS
10
7.0765196850393703
20
-7.2792637795275592
11
7.0737086614173235
21
-7.282074803149607
0
LINE
8
RED2
6
CONTINUOUS
10
7.0737086614173235
20
-7.282074803149607
11
7.0765196850393703
21
-7.2848858267716539
0
LINE
8
RED2
6
CONTINUOUS
10
7.0765196850393703
20
-7.2848858267716539
11
7.0793307086614172
21
-7.282074803149607
0
LINE
8
RED2
6
CONTINUOUS
10
7.0793307086614172
20
-7.282074803149607
11
7.0765196850393703
21
-7.2792637795275592
0
LINE
8
RED2
6
CONTINUOUS
10
7.0765196850393703
20
-7.2792637795275592
11
7.0765196850393703
21
-7.2848858267716539
0
LINE
8
RED2
6
CONTINUOUS
10
7.1130787401574809
20
-7.3383188976377953
11
7.1074527559055118
21
-7.3355078740157484
0
LINE
8
RED2
6
CONTINUOUS
10
7.1074527559055118
20
-7.3355078740157484
11
7.104641732283465
21
-7.3298818897637794
0
LINE
8
RED2
6
CONTINUOUS
10
7.104641732283465
20
-7.3298818897637794
11
7.104641732283465
21
-7.2792637795275592
0
LINE
8
RED2
6
CONTINUOUS
10
7.1580708661417329
20
-7.3355078740157484
11
7.1524488188976383
21
-7.3383188976377953
0
LINE
8
RED2
6
CONTINUOUS
10
7.1524488188976383
20
-7.3383188976377953
11
7.1412007874015755
21
-7.3383188976377953
0
LINE
8
RED2
6
CONTINUOUS
10
7.1412007874015755
20
-7.3383188976377953
11
7.1355748031496065
21
-7.3355078740157484
0
LINE
8
RED2
6
CONTINUOUS
10
7.1355748031496065
20
-7.3355078740157484
11
7.1327637795275596
21
-7.3298818897637794
0
LINE
8
RED2
6
CONTINUOUS
10
7.1327637795275596
20
-7.3298818897637794
11
7.1327637795275596
21
-7.3073858267716538
0
LINE
8
RED2
6
CONTINUOUS
10
7.1327637795275596
20
-7.3073858267716538
11
7.1355748031496065
21
-7.3017598425196857
0
LINE
8
RED2
6
CONTINUOUS
10
7.1355748031496065
20
-7.3017598425196857
11
7.1412007874015755
21
-7.2989488188976379
0
LINE
8
RED2
6
CONTINUOUS
10
7.1412007874015755
20
-7.2989488188976379
11
7.1524488188976383
21
-7.2989488188976379
0
LINE
8
RED2
6
CONTINUOUS
10
7.1524488188976383
20
-7.2989488188976379
11
7.1580708661417329
21
-7.3017598425196857
0
LINE
8
RED2
6
CONTINUOUS
10
7.1580708661417329
20
-7.3017598425196857
11
7.1608858267716542
21
-7.3073858267716538
0
LINE
8
RED2
6
CONTINUOUS
10
7.1608858267716542
20
-7.3073858267716538
11
7.1608858267716542
21
-7.3130078740157485
0
LINE
8
RED2
6
CONTINUOUS
10
7.1608858267716542
20
-7.3130078740157485
11
7.1327637795275596
21
-7.3186338582677166
0
LINE
8
RED2
6
CONTINUOUS
10
7.1861929133858267
20
-7.3326929133858272
11
7.1890039370078744
21
-7.3355078740157484
0
LINE
8
RED2
6
CONTINUOUS
10
7.1890039370078744
20
-7.3355078740157484
11
7.1861929133858267
21
-7.3383188976377953
0
LINE
8
RED2
6
CONTINUOUS
10
7.1861929133858267
20
-7.3383188976377953
11
7.1833818897637798
21
-7.3355078740157484
0
LINE
8
RED2
6
CONTINUOUS
10
7.1833818897637798
20
-7.3355078740157484
11
7.1861929133858267
21
-7.3326929133858272
0
LINE
8
RED2
6
CONTINUOUS
10
7.1861929133858267
20
-7.3326929133858272
11
7.1861929133858267
21
-7.3383188976377953
0
LINE
8
RED2
6
CONTINUOUS
10
7.1861929133858267
20
-7.3017598425196857
11
7.1890039370078744
21
-7.3045708661417326
0
LINE
8
RED2
6
CONTINUOUS
10
7.1890039370078744
20
-7.3045708661417326
11
7.1861929133858267
21
-7.3073858267716538
0
LINE
8
RED2
6
CONTINUOUS
10
7.1861929133858267
20
-7.3073858267716538
11
7.1833818897637798
21
-7.3045708661417326
0
LINE
8
RED2
6
CONTINUOUS
10
7.1833818897637798
20
-7.3045708661417326
11
7.1861929133858267
21
-7.3017598425196857
0
LINE
8
RED2
6
CONTINUOUS
10
7.1861929133858267
20
-7.3017598425196857
11
7.1861929133858267
21
-7.3073858267716538
0
LINE
8
RED2
6
CONTINUOUS
10
7.2677480314960636
20
-7.3045708661417326
11
7.2621220472440946
21
-7.3017598425196857
0
LINE
8
RED2
6
CONTINUOUS
10
7.2621220472440946
20
-7.3017598425196857
11
7.2593110236220477
21
-7.2989488188976379
0
LINE
8
RED2
6
CONTINUOUS
10
7.2593110236220477
20
-7.2989488188976379
11
7.2565
21
-7.2933228346456698
0
LINE
8
RED2
6
CONTINUOUS
10
7.2565
20
-7.2933228346456698
11
7.2565
21
-7.290511811023622
0
LINE
8
RED2
6
CONTINUOUS
10
7.2565
20
-7.290511811023622
11
7.2593110236220477
21
-7.2848858267716539
0
LINE
8
RED2
6
CONTINUOUS
10
7.2593110236220477
20
-7.2848858267716539
11
7.2621220472440946
21
-7.282074803149607
0
LINE
8
RED2
6
CONTINUOUS
10
7.2621220472440946
20
-7.282074803149607
11
7.2677480314960636
21
-7.2792637795275592
0
LINE
8
RED2
6
CONTINUOUS
10
7.2677480314960636
20
-7.2792637795275592
11
7.2789960629921264
21
-7.2792637795275592
0
LINE
8
RED2
6
CONTINUOUS
10
7.2789960629921264
20
-7.2792637795275592
11
7.2846220472440946
21
-7.282074803149607
0
LINE
8
RED2
6
CONTINUOUS
10
7.2846220472440946
20
-7.282074803149607
11
7.2874330708661423
21
-7.2848858267716539
0
LINE
8
RED2
6
CONTINUOUS
10
7.2874330708661423
20
-7.2848858267716539
11
7.2902440944881892
21
-7.290511811023622
0
LINE
8
RED2
6
CONTINUOUS
10
7.2902440944881892
20
-7.290511811023622
11
7.2902440944881892
21
-7.2933228346456698
0
LINE
8
RED2
6
CONTINUOUS
10
7.2902440944881892
20
-7.2933228346456698
11
7.2874330708661423
21
-7.2989488188976379
0
LINE
8
RED2
6
CONTINUOUS
10
7.2874330708661423
20
-7.2989488188976379
11
7.2846220472440946
21
-7.3017598425196857
0
LINE
8
RED2
6
CONTINUOUS
10
7.2846220472440946
20
-7.3017598425196857
11
7.2789960629921264
21
-7.3045708661417326
0
LINE
8
RED2
6
CONTINUOUS
10
7.2789960629921264
20
-7.3045708661417326
11
7.2677480314960636
21
-7.3045708661417326
0
LINE
8
RED2
6
CONTINUOUS
10
7.2677480314960636
20
-7.3045708661417326
11
7.2621220472440946
21
-7.3073858267716538
0
LINE
8
RED2
6
CONTINUOUS
10
7.2621220472440946
20
-7.3073858267716538
11
7.2593110236220477
21
-7.3101968503937007
0
LINE
8
RED2
6
CONTINUOUS
10
7.2593110236220477
20
-7.3101968503937007
11
7.2565
21
-7.3158228346456697
0
LINE
8
RED2
6
CONTINUOUS
10
7.2565
20
-7.3158228346456697
11
7.2565
21
-7.3270708661417325
0
LINE
8
RED2
6
CONTINUOUS
10
7.2565
20
-7.3270708661417325
11
7.2593110236220477
21
-7.3326929133858272
0
LINE
8
RED2
6
CONTINUOUS
10
7.2593110236220477
20
-7.3326929133858272
11
7.2621220472440946
21
-7.3355078740157484
0
LINE
8
RED2
6
CONTINUOUS
10
7.2621220472440946
20
-7.3355078740157484
11
7.2677480314960636
21
-7.3383188976377953
0
LINE
8
RED2
6
CONTINUOUS
10
7.2677480314960636
20
-7.3383188976377953
11
7.2789960629921264
21
-7.3383188976377953
0
LINE
8
RED2
6
CONTINUOUS
10
7.2789960629921264
20
-7.3383188976377953
11
7.2846220472440946
21
-7.3355078740157484
0
LINE
8
RED2
6
CONTINUOUS
10
7.2846220472440946
20
-7.3355078740157484
11
7.2874330708661423
21
-7.3326929133858272
0
LINE
8
RED2
6
CONTINUOUS
10
7.2874330708661423
20
-7.3326929133858272
11
7.2902440944881892
21
-7.3270708661417325
0
LINE
8
RED2
6
CONTINUOUS
10
7.2902440944881892
20
-7.3270708661417325
11
7.2902440944881892
21
-7.3158228346456697
0
LINE
8
RED2
6
CONTINUOUS
10
7.2902440944881892
20
-7.3158228346456697
11
7.2874330708661423
21
-7.3101968503937007
0
LINE
8
RED2
6
CONTINUOUS
10
7.2874330708661423
20
-7.3101968503937007
11
7.2846220472440946
21
-7.3073858267716538
0
LINE
8
RED2
6
CONTINUOUS
10
7.2846220472440946
20
-7.3073858267716538
11
7.2789960629921264
21
-7.3045708661417326
0
LINE
8
RED2
6
CONTINUOUS
10
7.3155551181102361
20
-7.3158228346456697
11
7.3605511811023625
21
-7.3158228346456697
0
LINE
8
RED2
6
CONTINUOUS
10
7.3886692913385827
20
-7.3383188976377953
11
7.3886692913385827
21
-7.2792637795275592
0
LINE
8
RED2
6
CONTINUOUS
10
7.3886692913385827
20
-7.3017598425196857
11
7.3942952755905518
21
-7.2989488188976379
0
LINE
8
RED2
6
CONTINUOUS
10
7.3942952755905518
20
-7.2989488188976379
11
7.4055433070866146
21
-7.2989488188976379
0
LINE
8
RED2
6
CONTINUOUS
10
7.4055433070866146
20
-7.2989488188976379
11
7.4111653543307092
21
-7.3017598425196857
0
LINE
8
RED2
6
CONTINUOUS
10
7.4111653543307092
20
-7.3017598425196857
11
7.4139803149606305
21
-7.3045708661417326
0
LINE
8
RED2
6
CONTINUOUS
10
7.4139803149606305
20
-7.3045708661417326
11
7.4167913385826774
21
-7.3101968503937007
0
LINE
8
RED2
6
CONTINUOUS
10
7.4167913385826774
20
-7.3101968503937007
11
7.4167913385826774
21
-7.3270708661417325
0
LINE
8
RED2
6
CONTINUOUS
10
7.4167913385826774
20
-7.3270708661417325
11
7.4139803149606305
21
-7.3326929133858272
0
LINE
8
RED2
6
CONTINUOUS
10
7.4139803149606305
20
-7.3326929133858272
11
7.4111653543307092
21
-7.3355078740157484
0
LINE
8
RED2
6
CONTINUOUS
10
7.4111653543307092
20
-7.3355078740157484
11
7.4055433070866146
21
-7.3383188976377953
0
LINE
8
RED2
6
CONTINUOUS
10
7.4055433070866146
20
-7.3383188976377953
11
7.3942952755905518
21
-7.3383188976377953
0
LINE
8
RED2
6
CONTINUOUS
10
7.3942952755905518
20
-7.3383188976377953
11
7.3886692913385827
21
-7.3355078740157484
0
LINE
8
RED2
6
CONTINUOUS
10
7.4420984251968507
20
-7.3383188976377953
11
7.4420984251968507
21
-7.2989488188976379
0
LINE
8
RED2
6
CONTINUOUS
10
7.4420984251968507
20
-7.2792637795275592
11
7.4392874015748038
21
-7.282074803149607
0
LINE
8
RED2
6
CONTINUOUS
10
7.4392874015748038
20
-7.282074803149607
11
7.4420984251968507
21
-7.2848858267716539
0
LINE
8
RED2
6
CONTINUOUS
10
7.4420984251968507
20
-7.2848858267716539
11
7.4449094488188976
21
-7.282074803149607
0
LINE
8
RED2
6
CONTINUOUS
10
7.4449094488188976
20
-7.282074803149607
11
7.4420984251968507
21
-7.2792637795275592
0
LINE
8
RED2
6
CONTINUOUS
10
7.4420984251968507
20
-7.2792637795275592
11
7.4420984251968507
21
-7.2848858267716539
0
LINE
8
RED2
6
CONTINUOUS
10
7.4617834645669294
20
-7.2989488188976379
11
7.484279527559055
21
-7.2989488188976379
0
LINE
8
RED2
6
CONTINUOUS
10
7.4702204724409453
20
-7.2792637795275592
11
7.4702204724409453
21
-7.3298818897637794
0
LINE
8
RED2
6
CONTINUOUS
10
7.4702204724409453
20
-7.3298818897637794
11
7.4730314960629922
21
-7.3355078740157484
0
LINE
8
RED2
6
CONTINUOUS
10
7.4730314960629922
20
-7.3355078740157484
11
7.4786574803149612
21
-7.3383188976377953
0
LINE
8
RED2
6
CONTINUOUS
10
7.4786574803149612
20
-7.3383188976377953
11
7.484279527559055
21
-7.3383188976377953
0
LINE
8
RED2
6
CONTINUOUS
10
7.489905511811024
20
-7.34394094488189
11
7.5348976377952761
21
-7.34394094488189
0
LINE
8
RED2
6
CONTINUOUS
10
7.574271653543307
20
-7.3355078740157484
11
7.5686456692913389
21
-7.3383188976377953
0
LINE
8
RED2
6
CONTINUOUS
10
7.5686456692913389
20
-7.3383188976377953
11
7.5573976377952761
21
-7.3383188976377953
0
LINE
8
RED2
6
CONTINUOUS
10
7.5573976377952761
20
-7.3383188976377953
11
7.551771653543307
21
-7.3355078740157484
0
LINE
8
RED2
6
CONTINUOUS
10
7.551771653543307
20
-7.3355078740157484
11
7.5489606299212602
21
-7.3326929133858272
0
LINE
8
RED2
6
CONTINUOUS
10
7.5489606299212602
20
-7.3326929133858272
11
7.5461496062992133
21
-7.3270708661417325
0
LINE
8
RED2
6
CONTINUOUS
10
7.5461496062992133
20
-7.3270708661417325
11
7.5461496062992133
21
-7.3101968503937007
0
LINE
8
RED2
6
CONTINUOUS
10
7.5461496062992133
20
-7.3101968503937007
11
7.5489606299212602
21
-7.3045708661417326
0
LINE
8
RED2
6
CONTINUOUS
10
7.5489606299212602
20
-7.3045708661417326
11
7.551771653543307
21
-7.3017598425196857
0
LINE
8
RED2
6
CONTINUOUS
10
7.551771653543307
20
-7.3017598425196857
11
7.5573976377952761
21
-7.2989488188976379
0
LINE
8
RED2
6
CONTINUOUS
10
7.5573976377952761
20
-7.2989488188976379
11
7.5686456692913389
21
-7.2989488188976379
0
LINE
8
RED2
6
CONTINUOUS
10
7.5686456692913389
20
-7.2989488188976379
11
7.574271653543307
21
-7.3017598425196857
0
LINE
8
RED2
6
CONTINUOUS
10
7.6080157480314963
20
-7.3383188976377953
11
7.6023897637795281
21
-7.3355078740157484
0
LINE
8
RED2
6
CONTINUOUS
10
7.6023897637795281
20
-7.3355078740157484
11
7.5995787401574804
21
-7.3298818897637794
0
LINE
8
RED2
6
CONTINUOUS
10
7.5995787401574804
20
-7.3298818897637794
11
7.5995787401574804
21
-7.2792637795275592
0
LINE
8
RED2
6
CONTINUOUS
10
7.6389488188976378
20
-7.3383188976377953
11
7.6333228346456696
21
-7.3355078740157484
0
LINE
8
RED2
6
CONTINUOUS
10
7.6333228346456696
20
-7.3355078740157484
11
7.6305118110236227
21
-7.3326929133858272
0
LINE
8
RED2
6
CONTINUOUS
10
7.6305118110236227
20
-7.3326929133858272
11
7.627700787401575
21
-7.3270708661417325
0
LINE
8
RED2
6
CONTINUOUS
10
7.627700787401575
20
-7.3270708661417325
11
7.627700787401575
21
-7.3101968503937007
0
LINE
8
RED2
6
CONTINUOUS
10
7.627700787401575
20
-7.3101968503937007
11
7.6305118110236227
21
-7.3045708661417326
0
LINE
8
RED2
6
CONTINUOUS
10
7.6305118110236227
20
-7.3045708661417326
11
7.6333228346456696
21
-7.3017598425196857
0
LINE
8
RED2
6
CONTINUOUS
10
7.6333228346456696
20
-7.3017598425196857
11
7.6389488188976378
21
-7.2989488188976379
0
LINE
8
RED2
6
CONTINUOUS
10
7.6389488188976378
20
-7.2989488188976379
11
7.6473858267716537
21
-7.2989488188976379
0
LINE
8
RED2
6
CONTINUOUS
10
7.6473858267716537
20
-7.2989488188976379
11
7.6530078740157483
21
-7.3017598425196857
0
LINE
8
RED2
6
CONTINUOUS
10
7.6530078740157483
20
-7.3017598425196857
11
7.6558228346456696
21
-7.3045708661417326
0
LINE
8
RED2
6
CONTINUOUS
10
7.6558228346456696
20
-7.3045708661417326
11
7.6586338582677165
21
-7.3101968503937007
0
LINE
8
RED2
6
CONTINUOUS
10
7.6586338582677165
20
-7.3101968503937007
11
7.6586338582677165
21
-7.3270708661417325
0
LINE
8
RED2
6
CONTINUOUS
10
7.6586338582677165
20
-7.3270708661417325
11
7.6558228346456696
21
-7.3326929133858272
0
LINE
8
RED2
6
CONTINUOUS
10
7.6558228346456696
20
-7.3326929133858272
11
7.6530078740157483
21
-7.3355078740157484
0
LINE
8
RED2
6
CONTINUOUS
10
7.6530078740157483
20
-7.3355078740157484
11
7.6473858267716537
21
-7.3383188976377953
0
LINE
8
RED2
6
CONTINUOUS
10
7.6473858267716537
20
-7.3383188976377953
11
7.6389488188976378
21
-7.3383188976377953
0
LINE
8
RED2
6
CONTINUOUS
10
7.7092519685039376
20
-7.3355078740157484
11
7.7036259842519685
21
-7.3383188976377953
0
LINE
8
RED2
6
CONTINUOUS
10
7.7036259842519685
20
-7.3383188976377953
11
7.6923779527559057
21
-7.3383188976377953
0
LINE
8
RED2
6
CONTINUOUS
10
7.6923779527559057
20
-7.3383188976377953
11
7.6867519685039376
21
-7.3355078740157484
0
LINE
8
RED2
6
CONTINUOUS
10
7.6867519685039376
20
-7.3355078740157484
11
7.6839409448818898
21
-7.3326929133858272
0
LINE
8
RED2
6
CONTINUOUS
10
7.6839409448818898
20
-7.3326929133858272
11
7.681129921259843
21
-7.3270708661417325
0
LINE
8
RED2
6
CONTINUOUS
10
7.681129921259843
20
-7.3270708661417325
11
7.681129921259843
21
-7.3101968503937007
0
LINE
8
RED2
6
CONTINUOUS
10
7.681129921259843
20
-7.3101968503937007
11
7.6839409448818898
21
-7.3045708661417326
0
LINE
8
RED2
6
CONTINUOUS
10
7.6839409448818898
20
-7.3045708661417326
11
7.6867519685039376
21
-7.3017598425196857
0
LINE
8
RED2
6
CONTINUOUS
10
7.6867519685039376
20
-7.3017598425196857
11
7.6923779527559057
21
-7.2989488188976379
0
LINE
8
RED2
6
CONTINUOUS
10
7.6923779527559057
20
-7.2989488188976379
11
7.7036259842519685
21
-7.2989488188976379
0
LINE
8
RED2
6
CONTINUOUS
10
7.7036259842519685
20
-7.2989488188976379
11
7.7092519685039376
21
-7.3017598425196857
0
LINE
8
RED2
6
CONTINUOUS
10
7.7345590551181109
20
-7.3383188976377953
11
7.7345590551181109
21
-7.2792637795275592
0
LINE
8
RED2
6
CONTINUOUS
10
7.7401850393700791
20
-7.3158228346456697
11
7.7570551181102365
21
-7.3383188976377953
0
LINE
8
RED2
6
CONTINUOUS
10
7.7570551181102365
20
-7.2989488188976379
11
7.7345590551181109
21
-7.3214448818897644
0
LINE
8
RED2
6
CONTINUOUS
10
7.7823661417322834
20
-7.3326929133858272
11
7.7851771653543311
21
-7.3355078740157484
0
LINE
8
RED2
6
CONTINUOUS
10
7.7851771653543311
20
-7.3355078740157484
11
7.7823661417322834
21
-7.3383188976377953
0
LINE
8
RED2
6
CONTINUOUS
10
7.7823661417322834
20
-7.3383188976377953
11
7.7795551181102365
21
-7.3355078740157484
0
LINE
8
RED2
6
CONTINUOUS
10
7.7795551181102365
20
-7.3355078740157484
11
7.7823661417322834
21
-7.3326929133858272
0
LINE
8
RED2
6
CONTINUOUS
10
7.7823661417322834
20
-7.3326929133858272
11
7.7823661417322834
21
-7.3383188976377953
0
LINE
8
RED2
6
CONTINUOUS
10
7.810488188976378
20
-7.3383188976377953
11
7.810488188976378
21
-7.2792637795275592
0
LINE
8
RED2
6
CONTINUOUS
10
7.816114173228347
20
-7.3158228346456697
11
7.8329842519685045
21
-7.3383188976377953
0
LINE
8
RED2
6
CONTINUOUS
10
7.8329842519685045
20
-7.2989488188976379
11
7.810488188976378
21
-7.3214448818897644
0
LINE
8
RED2
6
CONTINUOUS
10
7.8582952755905513
20
-7.3383188976377953
11
7.8582952755905513
21
-7.2989488188976379
0
LINE
8
RED2
6
CONTINUOUS
10
7.8582952755905513
20
-7.2792637795275592
11
7.8554842519685044
21
-7.282074803149607
0
LINE
8
RED2
6
CONTINUOUS
10
7.8554842519685044
20
-7.282074803149607
11
7.8582952755905513
21
-7.2848858267716539
0
LINE
8
RED2
6
CONTINUOUS
10
7.8582952755905513
20
-7.2848858267716539
11
7.8611062992125991
21
-7.282074803149607
0
LINE
8
RED2
6
CONTINUOUS
10
7.8611062992125991
20
-7.282074803149607
11
7.8582952755905513
21
-7.2792637795275592
0
LINE
8
RED2
6
CONTINUOUS
10
7.8582952755905513
20
-7.2792637795275592
11
7.8582952755905513
21
-7.2848858267716539
0
LINE
8
RED2
6
CONTINUOUS
10
7.9117283464566937
20
-7.3355078740157484
11
7.9061023622047246
21
-7.3383188976377953
0
LINE
8
RED2
6
CONTINUOUS
10
7.9061023622047246
20
-7.3383188976377953
11
7.8948543307086618
21
-7.3383188976377953
0
LINE
8
RED2
6
CONTINUOUS
10
7.8948543307086618
20
-7.3383188976377953
11
7.8892283464566928
21
-7.3355078740157484
0
LINE
8
RED2
6
CONTINUOUS
10
7.8892283464566928
20
-7.3355078740157484
11
7.8864173228346459
21
-7.3326929133858272
0
LINE
8
RED2
6
CONTINUOUS
10
7.8864173228346459
20
-7.3326929133858272
11
7.883606299212599
21
-7.3270708661417325
0
LINE
8
RED2
6
CONTINUOUS
10
7.883606299212599
20
-7.3270708661417325
11
7.883606299212599
21
-7.3101968503937007
0
LINE
8
RED2
6
CONTINUOUS
10
7.883606299212599
20
-7.3101968503937007
11
7.8864173228346459
21
-7.3045708661417326
0
LINE
8
RED2
6
CONTINUOUS
10
7.8864173228346459
20
-7.3045708661417326
11
7.8892283464566928
21
-7.3017598425196857
0
LINE
8
RED2
6
CONTINUOUS
10
7.8892283464566928
20
-7.3017598425196857
11
7.8948543307086618
21
-7.2989488188976379
0
LINE
8
RED2
6
CONTINUOUS
10
7.8948543307086618
20
-7.2989488188976379
11
7.9061023622047246
21
-7.2989488188976379
0
LINE
8
RED2
6
CONTINUOUS
10
7.9061023622047246
20
-7.2989488188976379
11
7.9117283464566937
21
-7.3017598425196857
0
LINE
8
RED2
6
CONTINUOUS
10
7.9623464566929139
20
-7.3383188976377953
11
7.9623464566929139
21
-7.3073858267716538
0
LINE
8
RED2
6
CONTINUOUS
10
7.9623464566929139
20
-7.3073858267716538
11
7.9595314960629926
21
-7.3017598425196857
0
LINE
8
RED2
6
CONTINUOUS
10
7.9595314960629926
20
-7.3017598425196857
11
7.9539094488188979
21
-7.2989488188976379
0
LINE
8
RED2
6
CONTINUOUS
10
7.9539094488188979
20
-7.2989488188976379
11
7.9426614173228351
21
-7.2989488188976379
0
LINE
8
RED2
6
CONTINUOUS
10
7.9426614173228351
20
-7.2989488188976379
11
7.9370354330708661
21
-7.3017598425196857
0
LINE
8
RED2
6
CONTINUOUS
10
7.9623464566929139
20
-7.3355078740157484
11
7.9567204724409448
21
-7.3383188976377953
0
LINE
8
RED2
6
CONTINUOUS
10
7.9567204724409448
20
-7.3383188976377953
11
7.9426614173228351
21
-7.3383188976377953
0
LINE
8
RED2
6
CONTINUOUS
10
7.9426614173228351
20
-7.3383188976377953
11
7.9370354330708661
21
-7.3355078740157484
0
LINE
8
RED2
6
CONTINUOUS
10
7.9370354330708661
20
-7.3355078740157484
11
7.9342244094488192
21
-7.3298818897637794
0
LINE
8
RED2
6
CONTINUOUS
10
7.9342244094488192
20
-7.3298818897637794
11
7.9342244094488192
21
-7.3242559055118113
0
LINE
8
RED2
6
CONTINUOUS
10
7.9342244094488192
20
-7.3242559055118113
11
7.9370354330708661
21
-7.3186338582677166
0
LINE
8
RED2
6
CONTINUOUS
10
7.9370354330708661
20
-7.3186338582677166
11
7.9426614173228351
21
-7.3158228346456697
0
LINE
8
RED2
6
CONTINUOUS
10
7.9426614173228351
20
-7.3158228346456697
11
7.9567204724409448
21
-7.3158228346456697
0
LINE
8
RED2
6
CONTINUOUS
10
7.9567204724409448
20
-7.3158228346456697
11
7.9623464566929139
21
-7.3130078740157485
0
LINE
8
RED2
6
CONTINUOUS
10
8.0157755905511809
20
-7.3383188976377953
11
8.0157755905511809
21
-7.2792637795275592
0
LINE
8
RED2
6
CONTINUOUS
10
8.0157755905511809
20
-7.3355078740157484
11
8.0101496062992137
21
-7.3383188976377953
0
LINE
8
RED2
6
CONTINUOUS
10
8.0101496062992137
20
-7.3383188976377953
11
7.99890157480315
21
-7.3383188976377953
0
LINE
8
RED2
6
CONTINUOUS
10
7.99890157480315
20
-7.3383188976377953
11
7.993275590551181
21
-7.3355078740157484
0
LINE
8
RED2
6
CONTINUOUS
10
7.993275590551181
20
-7.3355078740157484
11
7.9904645669291341
21
-7.3326929133858272
0
LINE
8
RED2
6
CONTINUOUS
10
7.9904645669291341
20
-7.3326929133858272
11
7.9876535433070872
21
-7.3270708661417325
0
LINE
8
RED2
6
CONTINUOUS
10
7.9876535433070872
20
-7.3270708661417325
11
7.9876535433070872
21
-7.3101968503937007
0
LINE
8
RED2
6
CONTINUOUS
10
7.9876535433070872
20
-7.3101968503937007
11
7.9904645669291341
21
-7.3045708661417326
0
LINE
8
RED2
6
CONTINUOUS
10
7.9904645669291341
20
-7.3045708661417326
11
7.993275590551181
21
-7.3017598425196857
0
LINE
8
RED2
6
CONTINUOUS
10
7.993275590551181
20
-7.3017598425196857
11
7.99890157480315
21
-7.2989488188976379
0
LINE
8
RED2
6
CONTINUOUS
10
7.99890157480315
20
-7.2989488188976379
11
8.0101496062992137
21
-7.2989488188976379
0
LINE
8
RED2
6
CONTINUOUS
10
8.0101496062992137
20
-7.2989488188976379
11
8.0157755905511809
21
-7.3017598425196857
0
LINE
8
RED2
6
CONTINUOUS
10
8.0298346456692915
20
-7.34394094488189
11
8.0748267716535445
21
-7.34394094488189
0
LINE
8
RED2
6
CONTINUOUS
10
8.0860787401574807
20
-7.3355078740157484
11
8.0917007874015745
21
-7.3383188976377953
0
LINE
8
RED2
6
CONTINUOUS
10
8.0917007874015745
20
-7.3383188976377953
11
8.1029488188976373
21
-7.3383188976377953
0
LINE
8
RED2
6
CONTINUOUS
10
8.1029488188976373
20
-7.3383188976377953
11
8.1085748031496063
21
-7.3355078740157484
0
LINE
8
RED2
6
CONTINUOUS
10
8.1085748031496063
20
-7.3355078740157484
11
8.1113858267716541
21
-7.3298818897637794
0
LINE
8
RED2
6
CONTINUOUS
10
8.1113858267716541
20
-7.3298818897637794
11
8.1113858267716541
21
-7.3270708661417325
0
LINE
8
RED2
6
CONTINUOUS
10
8.1113858267716541
20
-7.3270708661417325
11
8.1085748031496063
21
-7.3214448818897644
0
LINE
8
RED2
6
CONTINUOUS
10
8.1085748031496063
20
-7.3214448818897644
11
8.1029488188976373
21
-7.3186338582677166
0
LINE
8
RED2
6
CONTINUOUS
10
8.1029488188976373
20
-7.3186338582677166
11
8.0945157480314958
21
-7.3186338582677166
0
LINE
8
RED2
6
CONTINUOUS
10
8.0945157480314958
20
-7.3186338582677166
11
8.0888897637795285
21
-7.3158228346456697
0
LINE
8
RED2
6
CONTINUOUS
10
8.0888897637795285
20
-7.3158228346456697
11
8.0860787401574807
21
-7.3101968503937007
0
LINE
8
RED2
6
CONTINUOUS
10
8.0860787401574807
20
-7.3101968503937007
11
8.0860787401574807
21
-7.3073858267716538
0
LINE
8
RED2
6
CONTINUOUS
10
8.0860787401574807
20
-7.3073858267716538
11
8.0888897637795285
21
-7.3017598425196857
0
LINE
8
RED2
6
CONTINUOUS
10
8.0888897637795285
20
-7.3017598425196857
11
8.0945157480314958
21
-7.2989488188976379
0
LINE
8
RED2
6
CONTINUOUS
10
8.0945157480314958
20
-7.2989488188976379
11
8.1029488188976373
21
-7.2989488188976379
0
LINE
8
RED2
6
CONTINUOUS
10
8.1029488188976373
20
-7.2989488188976379
11
8.1085748031496063
21
-7.3017598425196857
0
LINE
8
RED2
6
CONTINUOUS
10
8.1620078740157478
20
-7.3355078740157484
11
8.1563818897637805
21
-7.3383188976377953
0
LINE
8
RED2
6
CONTINUOUS
10
8.1563818897637805
20
-7.3383188976377953
11
8.145133858267716
21
-7.3383188976377953
0
LINE
8
RED2
6
CONTINUOUS
10
8.145133858267716
20
-7.3383188976377953
11
8.1395078740157487
21
-7.3355078740157484
0
LINE
8
RED2
6
CONTINUOUS
10
8.1395078740157487
20
-7.3355078740157484
11
8.1366968503937009
21
-7.3326929133858272
0
LINE
8
RED2
6
CONTINUOUS
10
8.1366968503937009
20
-7.3326929133858272
11
8.1338858267716532
21
-7.3270708661417325
0
LINE
8
RED2
6
CONTINUOUS
10
8.1338858267716532
20
-7.3270708661417325
11
8.1338858267716532
21
-7.3101968503937007
0
LINE
8
RED2
6
CONTINUOUS
10
8.1338858267716532
20
-7.3101968503937007
11
8.1366968503937009
21
-7.3045708661417326
0
LINE
8
RED2
6
CONTINUOUS
10
8.1366968503937009
20
-7.3045708661417326
11
8.1395078740157487
21
-7.3017598425196857
0
LINE
8
RED2
6
CONTINUOUS
10
8.1395078740157487
20
-7.3017598425196857
11
8.145133858267716
21
-7.2989488188976379
0
LINE
8
RED2
6
CONTINUOUS
10
8.145133858267716
20
-7.2989488188976379
11
8.1563818897637805
21
-7.2989488188976379
0
LINE
8
RED2
6
CONTINUOUS
10
8.1563818897637805
20
-7.2989488188976379
11
8.1620078740157478
21
-7.3017598425196857
0
LINE
8
RED2
6
CONTINUOUS
10
8.1873149606299211
20
-7.3383188976377953
11
8.1873149606299211
21
-7.2792637795275592
0
LINE
8
RED2
6
CONTINUOUS
10
8.212625984251968
20
-7.3383188976377953
11
8.212625984251968
21
-7.3073858267716538
0
LINE
8
RED2
6
CONTINUOUS
10
8.212625984251968
20
-7.3073858267716538
11
8.2098110236220467
21
-7.3017598425196857
0
LINE
8
RED2
6
CONTINUOUS
10
8.2098110236220467
20
-7.3017598425196857
11
8.204188976377953
21
-7.2989488188976379
0
LINE
8
RED2
6
CONTINUOUS
10
8.204188976377953
20
-7.2989488188976379
11
8.1957519685039379
21
-7.2989488188976379
0
LINE
8
RED2
6
CONTINUOUS
10
8.1957519685039379
20
-7.2989488188976379
11
8.1901259842519689
21
-7.3017598425196857
0
LINE
8
RED2
6
CONTINUOUS
10
8.1901259842519689
20
-7.3017598425196857
11
8.1873149606299211
21
-7.3045708661417326
0
LINE
8
RED2
6
CONTINUOUS
10
6.9685905511811024
20
-7.1459527559055118
11
11.2205590551181107
21
-7.1459527559055118
0
LINE
8
RED2
6
CONTINUOUS
10
7.0230905511811024
20
-7.2292086614173234
11
7.0315275590551183
21
-7.2320196850393703
0
LINE
8
RED2
6
CONTINUOUS
10
7.0315275590551183
20
-7.2320196850393703
11
7.0455866141732288
21
-7.2320196850393703
0
LINE
8
RED2
6
CONTINUOUS
10
7.0455866141732288
20
-7.2320196850393703
11
7.051212598425197
21
-7.2292086614173234
0
LINE
8
RED2
6
CONTINUOUS
10
7.051212598425197
20
-7.2292086614173234
11
7.0540236220472448
21
-7.2263937007874022
0
LINE
8
RED2
6
CONTINUOUS
10
7.0540236220472448
20
-7.2263937007874022
11
7.0568346456692916
21
-7.2207716535433075
0
LINE
8
RED2
6
CONTINUOUS
10
7.0568346456692916
20
-7.2207716535433075
11
7.0568346456692916
21
-7.2151456692913385
0
LINE
8
RED2
6
CONTINUOUS
10
7.0568346456692916
20
-7.2151456692913385
11
7.0540236220472448
21
-7.2095236220472447
0
LINE
8
RED2
6
CONTINUOUS
10
7.0540236220472448
20
-7.2095236220472447
11
7.051212598425197
21
-7.2067086614173235
0
LINE
8
RED2
6
CONTINUOUS
10
7.051212598425197
20
-7.2067086614173235
11
7.0455866141732288
21
-7.2038976377952757
0
LINE
8
RED2
6
CONTINUOUS
10
7.0455866141732288
20
-7.2038976377952757
11
7.0343385826771661
21
-7.2010866141732288
0
LINE
8
RED2
6
CONTINUOUS
10
7.0343385826771661
20
-7.2010866141732288
11
7.028712598425197
21
-7.1982716535433076
0
LINE
8
RED2
6
CONTINUOUS
10
7.028712598425197
20
-7.1982716535433076
11
7.0259015748031501
21
-7.1954606299212598
0
LINE
8
RED2
6
CONTINUOUS
10
7.0259015748031501
20
-7.1954606299212598
11
7.0230905511811024
21
-7.189838582677166
0
LINE
8
RED2
6
CONTINUOUS
10
7.0230905511811024
20
-7.189838582677166
11
7.0230905511811024
21
-7.184212598425197
0
LINE
8
RED2
6
CONTINUOUS
10
7.0230905511811024
20
-7.184212598425197
11
7.0259015748031501
21
-7.1785866141732289
0
LINE
8
RED2
6
CONTINUOUS
10
7.0259015748031501
20
-7.1785866141732289
11
7.028712598425197
21
-7.1757755905511811
0
LINE
8
RED2
6
CONTINUOUS
10
7.028712598425197
20
-7.1757755905511811
11
7.0343385826771661
21
-7.1729645669291342
0
LINE
8
RED2
6
CONTINUOUS
10
7.0343385826771661
20
-7.1729645669291342
11
7.0483976377952757
21
-7.1729645669291342
0
LINE
8
RED2
6
CONTINUOUS
10
7.0483976377952757
20
-7.1729645669291342
11
7.0568346456692916
21
-7.1757755905511811
0
LINE
8
RED2
6
CONTINUOUS
10
7.0821456692913385
20
-7.2320196850393703
11
7.0821456692913385
21
-7.1729645669291342
0
LINE
8
RED2
6
CONTINUOUS
10
7.1074566929133862
20
-7.2320196850393703
11
7.1074566929133862
21
-7.2010866141732288
0
LINE
8
RED2
6
CONTINUOUS
10
7.1074566929133862
20
-7.2010866141732288
11
7.104641732283465
21
-7.1954606299212598
0
LINE
8
RED2
6
CONTINUOUS
10
7.104641732283465
20
-7.1954606299212598
11
7.0990196850393703
21
-7.1926496062992129
0
LINE
8
RED2
6
CONTINUOUS
10
7.0990196850393703
20
-7.1926496062992129
11
7.0905826771653544
21
-7.1926496062992129
0
LINE
8
RED2
6
CONTINUOUS
10
7.0905826771653544
20
-7.1926496062992129
11
7.0849566929133863
21
-7.1954606299212598
0
LINE
8
RED2
6
CONTINUOUS
10
7.0849566929133863
20
-7.1954606299212598
11
7.0821456692913385
21
-7.1982716535433076
0
LINE
8
RED2
6
CONTINUOUS
10
7.1580708661417329
20
-7.2292086614173234
11
7.1524488188976383
21
-7.2320196850393703
0
LINE
8
RED2
6
CONTINUOUS
10
7.1524488188976383
20
-7.2320196850393703
11
7.1412007874015755
21
-7.2320196850393703
0
LINE
8
RED2
6
CONTINUOUS
10
7.1412007874015755
20
-7.2320196850393703
11
7.1355748031496065
21
-7.2292086614173234
0
LINE
8
RED2
6
CONTINUOUS
10
7.1355748031496065
20
-7.2292086614173234
11
7.1327637795275596
21
-7.2235826771653544
0
LINE
8
RED2
6
CONTINUOUS
10
7.1327637795275596
20
-7.2235826771653544
11
7.1327637795275596
21
-7.2010866141732288
0
LINE
8
RED2
6
CONTINUOUS
10
7.1327637795275596
20
-7.2010866141732288
11
7.1355748031496065
21
-7.1954606299212598
0
LINE
8
RED2
6
CONTINUOUS
10
7.1355748031496065
20
-7.1954606299212598
11
7.1412007874015755
21
-7.1926496062992129
0
LINE
8
RED2
6
CONTINUOUS
10
7.1412007874015755
20
-7.1926496062992129
11
7.1524488188976383
21
-7.1926496062992129
0
LINE
8
RED2
6
CONTINUOUS
10
7.1524488188976383
20
-7.1926496062992129
11
7.1580708661417329
21
-7.1954606299212598
0
LINE
8
RED2
6
CONTINUOUS
10
7.1580708661417329
20
-7.1954606299212598
11
7.1608858267716542
21
-7.2010866141732288
0
LINE
8
RED2
6
CONTINUOUS
10
7.1608858267716542
20
-7.2010866141732288
11
7.1608858267716542
21
-7.2067086614173235
0
LINE
8
RED2
6
CONTINUOUS
10
7.1608858267716542
20
-7.2067086614173235
11
7.1327637795275596
21
-7.2123346456692916
0
LINE
8
RED2
6
CONTINUOUS
10
7.2086889763779531
20
-7.2292086614173234
11
7.2030669291338585
21
-7.2320196850393703
0
LINE
8
RED2
6
CONTINUOUS
10
7.2030669291338585
20
-7.2320196850393703
11
7.1918188976377957
21
-7.2320196850393703
0
LINE
8
RED2
6
CONTINUOUS
10
7.1918188976377957
20
-7.2320196850393703
11
7.1861929133858267
21
-7.2292086614173234
0
LINE
8
RED2
6
CONTINUOUS
10
7.1861929133858267
20
-7.2292086614173234
11
7.1833818897637798
21
-7.2235826771653544
0
LINE
8
RED2
6
CONTINUOUS
10
7.1833818897637798
20
-7.2235826771653544
11
7.1833818897637798
21
-7.2010866141732288
0
LINE
8
RED2
6
CONTINUOUS
10
7.1833818897637798
20
-7.2010866141732288
11
7.1861929133858267
21
-7.1954606299212598
0
LINE
8
RED2
6
CONTINUOUS
10
7.1861929133858267
20
-7.1954606299212598
11
7.1918188976377957
21
-7.1926496062992129
0
LINE
8
RED2
6
CONTINUOUS
10
7.1918188976377957
20
-7.1926496062992129
11
7.2030669291338585
21
-7.1926496062992129
0
LINE
8
RED2
6
CONTINUOUS
10
7.2030669291338585
20
-7.1926496062992129
11
7.2086889763779531
21
-7.1954606299212598
0
LINE
8
RED2
6
CONTINUOUS
10
7.2086889763779531
20
-7.1954606299212598
11
7.2115039370078744
21
-7.2010866141732288
0
LINE
8
RED2
6
CONTINUOUS
10
7.2115039370078744
20
-7.2010866141732288
11
7.2115039370078744
21
-7.2067086614173235
0
LINE
8
RED2
6
CONTINUOUS
10
7.2115039370078744
20
-7.2067086614173235
11
7.1833818897637798
21
-7.2123346456692916
0
LINE
8
RED2
6
CONTINUOUS
10
7.2283740157480318
20
-7.1926496062992129
11
7.2508700787401574
21
-7.1926496062992129
0
LINE
8
RED2
6
CONTINUOUS
10
7.2368110236220478
20
-7.1729645669291342
11
7.2368110236220478
21
-7.2235826771653544
0
LINE
8
RED2
6
CONTINUOUS
10
7.2368110236220478
20
-7.2235826771653544
11
7.2396220472440946
21
-7.2292086614173234
0
LINE
8
RED2
6
CONTINUOUS
10
7.2396220472440946
20
-7.2292086614173234
11
7.2452480314960637
21
-7.2320196850393703
0
LINE
8
RED2
6
CONTINUOUS
10
7.2452480314960637
20
-7.2320196850393703
11
7.2508700787401574
21
-7.2320196850393703
0
LINE
8
RED2
6
CONTINUOUS
10
7.2705551181102361
20
-7.2263937007874022
11
7.2733661417322839
21
-7.2292086614173234
0
LINE
8
RED2
6
CONTINUOUS
10
7.2733661417322839
20
-7.2292086614173234
11
7.2705551181102361
21
-7.2320196850393703
0
LINE
8
RED2
6
CONTINUOUS
10
7.2705551181102361
20
-7.2320196850393703
11
7.2677440944881893
21
-7.2292086614173234
0
LINE
8
RED2
6
CONTINUOUS
10
7.2677440944881893
20
-7.2292086614173234
11
7.2705551181102361
21
-7.2263937007874022
0
LINE
8
RED2
6
CONTINUOUS
10
7.2705551181102361
20
-7.2263937007874022
11
7.2705551181102361
21
-7.2320196850393703
0
LINE
8
RED2
6
CONTINUOUS
10
7.2705551181102361
20
-7.1954606299212598
11
7.2733661417322839
21
-7.1982716535433076
0
LINE
8
RED2
6
CONTINUOUS
10
7.2733661417322839
20
-7.1982716535433076
11
7.2705551181102361
21
-7.2010866141732288
0
LINE
8
RED2
6
CONTINUOUS
10
7.2705551181102361
20
-7.2010866141732288
11
7.2677440944881893
21
-7.1982716535433076
0
LINE
8
RED2
6
CONTINUOUS
10
7.2677440944881893
20
-7.1982716535433076
11
7.2705551181102361
21
-7.1954606299212598
0
LINE
8
RED2
6
CONTINUOUS
10
7.2705551181102361
20
-7.1954606299212598
11
7.2705551181102361
21
-7.2010866141732288
0
LINE
8
RED2
6
CONTINUOUS
10
7.3858543307086615
20
-7.1701535433070873
11
7.3352362204724413
21
-7.2460787401574809
0
LINE
8
RED2
6
CONTINUOUS
10
7.4392834645669295
20
-7.2263937007874022
11
7.4364724409448826
21
-7.2292086614173234
0
LINE
8
RED2
6
CONTINUOUS
10
7.4364724409448826
20
-7.2292086614173234
11
7.4280354330708667
21
-7.2320196850393703
0
LINE
8
RED2
6
CONTINUOUS
10
7.4280354330708667
20
-7.2320196850393703
11
7.422413385826772
21
-7.2320196850393703
0
LINE
8
RED2
6
CONTINUOUS
10
7.422413385826772
20
-7.2320196850393703
11
7.4139763779527561
21
-7.2292086614173234
0
LINE
8
RED2
6
CONTINUOUS
10
7.4139763779527561
20
-7.2292086614173234
11
7.408350393700788
21
-7.2235826771653544
0
LINE
8
RED2
6
CONTINUOUS
10
7.408350393700788
20
-7.2235826771653544
11
7.4055393700787402
21
-7.2179566929133863
0
LINE
8
RED2
6
CONTINUOUS
10
7.4055393700787402
20
-7.2179566929133863
11
7.4027283464566933
21
-7.2067086614173235
0
LINE
8
RED2
6
CONTINUOUS
10
7.4027283464566933
20
-7.2067086614173235
11
7.4027283464566933
21
-7.1982716535433076
0
LINE
8
RED2
6
CONTINUOUS
10
7.4027283464566933
20
-7.1982716535433076
11
7.4055393700787402
21
-7.1870236220472448
0
LINE
8
RED2
6
CONTINUOUS
10
7.4055393700787402
20
-7.1870236220472448
11
7.408350393700788
21
-7.1814015748031501
0
LINE
8
RED2
6
CONTINUOUS
10
7.408350393700788
20
-7.1814015748031501
11
7.4139763779527561
21
-7.1757755905511811
0
LINE
8
RED2
6
CONTINUOUS
10
7.4139763779527561
20
-7.1757755905511811
11
7.422413385826772
21
-7.1729645669291342
0
LINE
8
RED2
6
CONTINUOUS
10
7.422413385826772
20
-7.1729645669291342
11
7.4280354330708667
21
-7.1729645669291342
0
LINE
8
RED2
6
CONTINUOUS
10
7.4280354330708667
20
-7.1729645669291342
11
7.4364724409448826
21
-7.1757755905511811
0
LINE
8
RED2
6
CONTINUOUS
10
7.4364724409448826
20
-7.1757755905511811
11
7.4392834645669295
21
-7.1785866141732289
0
LINE
8
RED2
6
CONTINUOUS
10
7.4730314960629922
20
-7.2320196850393703
11
7.4674055118110241
21
-7.2292086614173234
0
LINE
8
RED2
6
CONTINUOUS
10
7.4674055118110241
20
-7.2292086614173234
11
7.4645944881889763
21
-7.2235826771653544
0
LINE
8
RED2
6
CONTINUOUS
10
7.4645944881889763
20
-7.2235826771653544
11
7.4645944881889763
21
-7.1729645669291342
0
LINE
8
RED2
6
CONTINUOUS
10
7.5039645669291337
20
-7.2320196850393703
11
7.4983385826771656
21
-7.2292086614173234
0
LINE
8
RED2
6
CONTINUOUS
10
7.4983385826771656
20
-7.2292086614173234
11
7.4955275590551187
21
-7.2263937007874022
0
LINE
8
RED2
6
CONTINUOUS
10
7.4955275590551187
20
-7.2263937007874022
11
7.4927165354330709
21
-7.2207716535433075
0
LINE
8
RED2
6
CONTINUOUS
10
7.4927165354330709
20
-7.2207716535433075
11
7.4927165354330709
21
-7.2038976377952757
0
LINE
8
RED2
6
CONTINUOUS
10
7.4927165354330709
20
-7.2038976377952757
11
7.4955275590551187
21
-7.1982716535433076
0
LINE
8
RED2
6
CONTINUOUS
10
7.4955275590551187
20
-7.1982716535433076
11
7.4983385826771656
21
-7.1954606299212598
0
LINE
8
RED2
6
CONTINUOUS
10
7.4983385826771656
20
-7.1954606299212598
11
7.5039645669291337
21
-7.1926496062992129
0
LINE
8
RED2
6
CONTINUOUS
10
7.5039645669291337
20
-7.1926496062992129
11
7.5124015748031496
21
-7.1926496062992129
0
LINE
8
RED2
6
CONTINUOUS
10
7.5124015748031496
20
-7.1926496062992129
11
7.5180236220472443
21
-7.1954606299212598
0
LINE
8
RED2
6
CONTINUOUS
10
7.5180236220472443
20
-7.1954606299212598
11
7.5208385826771655
21
-7.1982716535433076
0
LINE
8
RED2
6
CONTINUOUS
10
7.5208385826771655
20
-7.1982716535433076
11
7.5236496062992133
21
-7.2038976377952757
0
LINE
8
RED2
6
CONTINUOUS
10
7.5236496062992133
20
-7.2038976377952757
11
7.5236496062992133
21
-7.2207716535433075
0
LINE
8
RED2
6
CONTINUOUS
10
7.5236496062992133
20
-7.2207716535433075
11
7.5208385826771655
21
-7.2263937007874022
0
LINE
8
RED2
6
CONTINUOUS
10
7.5208385826771655
20
-7.2263937007874022
11
7.5180236220472443
21
-7.2292086614173234
0
LINE
8
RED2
6
CONTINUOUS
10
7.5180236220472443
20
-7.2292086614173234
11
7.5124015748031496
21
-7.2320196850393703
0
LINE
8
RED2
6
CONTINUOUS
10
7.5124015748031496
20
-7.2320196850393703
11
7.5039645669291337
21
-7.2320196850393703
0
LINE
8
RED2
6
CONTINUOUS
10
7.5742677165354335
20
-7.2292086614173234
11
7.5686417322834645
21
-7.2320196850393703
0
LINE
8
RED2
6
CONTINUOUS
10
7.5686417322834645
20
-7.2320196850393703
11
7.5573937007874017
21
-7.2320196850393703
0
LINE
8
RED2
6
CONTINUOUS
10
7.5573937007874017
20
-7.2320196850393703
11
7.5517677165354336
21
-7.2292086614173234
0
LINE
8
RED2
6
CONTINUOUS
10
7.5517677165354336
20
-7.2292086614173234
11
7.5489566929133858
21
-7.2263937007874022
0
LINE
8
RED2
6
CONTINUOUS
10
7.5489566929133858
20
-7.2263937007874022
11
7.5461456692913389
21
-7.2207716535433075
0
LINE
8
RED2
6
CONTINUOUS
10
7.5461456692913389
20
-7.2207716535433075
11
7.5461456692913389
21
-7.2038976377952757
0
LINE
8
RED2
6
CONTINUOUS
10
7.5461456692913389
20
-7.2038976377952757
11
7.5489566929133858
21
-7.1982716535433076
0
LINE
8
RED2
6
CONTINUOUS
10
7.5489566929133858
20
-7.1982716535433076
11
7.5517677165354336
21
-7.1954606299212598
0
LINE
8
RED2
6
CONTINUOUS
10
7.5517677165354336
20
-7.1954606299212598
11
7.5573937007874017
21
-7.1926496062992129
0
LINE
8
RED2
6
CONTINUOUS
10
7.5573937007874017
20
-7.1926496062992129
11
7.5686417322834645
21
-7.1926496062992129
0
LINE
8
RED2
6
CONTINUOUS
10
7.5686417322834645
20
-7.1926496062992129
11
7.5742677165354335
21
-7.1954606299212598
0
LINE
8
RED2
6
CONTINUOUS
10
7.5995748031496069
20
-7.2320196850393703
11
7.5995748031496069
21
-7.1729645669291342
0
LINE
8
RED2
6
CONTINUOUS
10
7.605200787401575
20
-7.2095236220472447
11
7.6220708661417325
21
-7.2320196850393703
0
LINE
8
RED2
6
CONTINUOUS
10
7.6220708661417325
20
-7.1926496062992129
11
7.5995748031496069
21
-7.2151456692913385
0
LINE
8
RED2
6
CONTINUOUS
10
7.6895629921259845
20
-7.1701535433070873
11
7.6389448818897643
21
-7.2460787401574809
0
LINE
8
RED2
6
CONTINUOUS
10
7.7559921259842524
20
-7.5396535433070868
11
7.7559921259842524
21
-7.657763779527559
0
LINE
8
RED2
6
CONTINUOUS
10
10.2756771653543311
20
-7.5396535433070868
11
10.2756771653543311
21
-7.7955590551181109
0
LINE
8
LYELLOW
6
CONTINUOUS
10
2.8000000000000003
20
-2.6000000000000001
11
2.8000000000000003
21
-2.
0
LINE
8
LYELLOW
6
CONTINUOUS
10
2.8000000000000003
20
-2.
11
3.5
21
-2.
0
LINE
8
LYELLOW
6
CONTINUOUS
10
3.5
20
-2.
11
3.5
21
-2.6000000000000001
0
LINE
8
LYELLOW
6
CONTINUOUS
10
3.5
20
-2.6000000000000001
11
2.8000000000000003
21
-2.6000000000000001
0
LINE
8
LYELLOW
6
CONTINUOUS
10
2.8000000000000003
20
-2.6000000000000001
11
2.8000000000000003
21
-2.
0
LINE
8
LYELLOW
6
CONTINUOUS
10
2.8000000000000003
20
-2.
11
3.5
21
-2.
0
LINE
8
LYELLOW
6
CONTINUOUS
10
3.5
20
-2.
11
3.5
21
-2.6000000000000001
0
LINE
8
LYELLOW
6
CONTINUOUS
10
3.5
20
-2.6000000000000001
11
2.8000000000000003
21
-2.6000000000000001
0
LINE
8
RED2
6
CONTINUOUS
10
2.8000000000000003
20
-2.6000000000000001
11
2.8000000000000003
21
-2.
0
LINE
8
RED2
6
CONTINUOUS
10
2.8000000000000003
20
-2.
11
3.5
21
-2.
0
LINE
8
RED2
6
CONTINUOUS
10
3.5
20
-2.
11
3.5
21
-2.6000000000000001
0
LINE
8
RED2
6
CONTINUOUS
10
3.5
20
-2.6000000000000001
11
2.8000000000000003
21
-2.6000000000000001
0
LINE
8
RED2
6
CONTINUOUS
10
2.8000000000000003
20
-2.6000000000000001
11
2.8000000000000003
21
-2.
0
LINE
8
RED2
6
CONTINUOUS
10
2.8000000000000003
20
-2.
11
3.5
21
-2.
0
LINE
8
RED2
6
CONTINUOUS
10
3.5
20
-2.
11
3.5
21
-2.6000000000000001
0
LINE
8
RED2
6
CONTINUOUS
10
3.5
20
-2.6000000000000001
11
2.8000000000000003
21
-2.6000000000000001
0
LINE
8
RED2
6
CONTINUOUS
10
3.1499999999999999
20
-2.
11
3.1499999999999999
21
-1.9000000000000001
0
LINE
8
CYAN2
6
CONTINUOUS
10
3.1231299212598427
20
-2.1580944881889765
11
3.1731299212598425
21
-2.1414291338582676
0
LINE
8
CYAN2
6
CONTINUOUS
10
3.1731299212598425
20
-2.1414291338582676
11
3.1231299212598427
21
-2.1247598425196852
0
LINE
8
CYAN2
6
CONTINUOUS
10
3.1683700787401574
20
-2.0795236220472444
11
3.1707519685039371
21
-2.0819015748031497
0
LINE
8
CYAN2
6
CONTINUOUS
10
3.1707519685039371
20
-2.0819015748031497
11
3.1731299212598425
21
-2.0890472440944881
0
LINE
8
CYAN2
6
CONTINUOUS
10
3.1731299212598425
20
-2.0890472440944881
11
3.1731299212598425
21
-2.0938070866141731
0
LINE
8
CYAN2
6
CONTINUOUS
10
3.1731299212598425
20
-2.0938070866141731
11
3.1707519685039371
21
-2.100948818897638
0
LINE
8
CYAN2
6
CONTINUOUS
10
3.1707519685039371
20
-2.100948818897638
11
3.1659881889763781
21
-2.105712598425197
0
LINE
8
CYAN2
6
CONTINUOUS
10
3.1659881889763781
20
-2.105712598425197
11
3.1612244094488191
21
-2.1080944881889763
0
LINE
8
CYAN2
6
CONTINUOUS
10
3.1612244094488191
20
-2.1080944881889763
11
3.151700787401575
21
-2.1104724409448821
0
LINE
8
CYAN2
6
CONTINUOUS
10
3.151700787401575
20
-2.1104724409448821
11
3.1445590551181102
21
-2.1104724409448821
0
LINE
8
CYAN2
6
CONTINUOUS
10
3.1445590551181102
20
-2.1104724409448821
11
3.1350354330708661
21
-2.1080944881889763
0
LINE
8
CYAN2
6
CONTINUOUS
10
3.1350354330708661
20
-2.1080944881889763
11
3.1302755905511814
21
-2.105712598425197
0
LINE
8
CYAN2
6
CONTINUOUS
10
3.1302755905511814
20
-2.105712598425197
11
3.125511811023622
21
-2.100948818897638
0
LINE
8
CYAN2
6
CONTINUOUS
10
3.125511811023622
20
-2.100948818897638
11
3.1231299212598427
21
-2.0938070866141731
0
LINE
8
CYAN2
6
CONTINUOUS
10
3.1231299212598427
20
-2.0938070866141731
11
3.1231299212598427
21
-2.0890472440944881
0
LINE
8
CYAN2
6
CONTINUOUS
10
3.1231299212598427
20
-2.0890472440944881
11
3.125511811023622
21
-2.0819015748031497
0
LINE
8
CYAN2
6
CONTINUOUS
10
3.125511811023622
20
-2.0819015748031497
11
3.1278937007874017
21
-2.0795236220472444
0
LINE
8
CYAN2
6
CONTINUOUS
10
3.1683700787401574
20
-2.0295236220472441
11
3.1707519685039371
21
-2.0319015748031495
0
LINE
8
CYAN2
6
CONTINUOUS
10
3.1707519685039371
20
-2.0319015748031495
11
3.1731299212598425
21
-2.0390472440944882
0
LINE
8
CYAN2
6
CONTINUOUS
10
3.1731299212598425
20
-2.0390472440944882
11
3.1731299212598425
21
-2.0438070866141733
0
LINE
8
CYAN2
6
CONTINUOUS
10
3.1731299212598425
20
-2.0438070866141733
11
3.1707519685039371
21
-2.0509488188976377
0
LINE
8
CYAN2
6
CONTINUOUS
10
3.1707519685039371
20
-2.0509488188976377
11
3.1659881889763781
21
-2.0557125984251967
0
LINE
8
CYAN2
6
CONTINUOUS
10
3.1659881889763781
20
-2.0557125984251967
11
3.1612244094488191
21
-2.0580944881889764
0
LINE
8
CYAN2
6
CONTINUOUS
10
3.1612244094488191
20
-2.0580944881889764
11
3.151700787401575
21
-2.0604724409448818
0
LINE
8
CYAN2
6
CONTINUOUS
10
3.151700787401575
20
-2.0604724409448818
11
3.1445590551181102
21
-2.0604724409448818
0
LINE
8
CYAN2
6
CONTINUOUS
10
3.1445590551181102
20
-2.0604724409448818
11
3.1350354330708661
21
-2.0580944881889764
0
LINE
8
CYAN2
6
CONTINUOUS
10
3.1350354330708661
20
-2.0580944881889764
11
3.1302755905511814
21
-2.0557125984251967
0
LINE
8
CYAN2
6
CONTINUOUS
10
3.1302755905511814
20
-2.0557125984251967
11
3.125511811023622
21
-2.0509488188976377
0
LINE
8
CYAN2
6
CONTINUOUS
10
3.125511811023622
20
-2.0509488188976377
11
3.1231299212598427
21
-2.0438070866141733
0
LINE
8
CYAN2
6
CONTINUOUS
10
3.1231299212598427
20
-2.0438070866141733
11
3.1231299212598427
21
-2.0390472440944882
0
LINE
8
CYAN2
6
CONTINUOUS
10
3.1231299212598427
20
-2.0390472440944882
11
3.125511811023622
21
-2.0319015748031495
0
LINE
8
CYAN2
6
CONTINUOUS
10
3.125511811023622
20
-2.0319015748031495
11
3.1278937007874017
21
-2.0295236220472441
0
LINE
8
RED3
6
CONTINUOUS
10
3.1113070866141732
20
-1.9547559055118111
11
3.1089251968503939
21
-1.9595196850393701
0
LINE
8
RED3
6
CONTINUOUS
10
3.1089251968503939
20
-1.9595196850393701
11
3.1065472440944881
21
-1.9619015748031496
0
LINE
8
RED3
6
CONTINUOUS
10
3.1065472440944881
20
-1.9619015748031496
11
3.1017834645669291
21
-1.9642795275590552
0
LINE
8
RED3
6
CONTINUOUS
10
3.1017834645669291
20
-1.9642795275590552
11
3.0994015748031498
21
-1.9642795275590552
0
LINE
8
RED3
6
CONTINUOUS
10
3.0994015748031498
20
-1.9642795275590552
11
3.0946417322834647
21
-1.9619015748031496
0
LINE
8
RED3
6
CONTINUOUS
10
3.0946417322834647
20
-1.9619015748031496
11
3.092259842519685
21
-1.9595196850393701
0
LINE
8
RED3
6
CONTINUOUS
10
3.092259842519685
20
-1.9595196850393701
11
3.0898779527559057
21
-1.9547559055118111
0
LINE
8
RED3
6
CONTINUOUS
10
3.0898779527559057
20
-1.9547559055118111
11
3.0898779527559057
21
-1.945232283464567
0
LINE
8
RED3
6
CONTINUOUS
10
3.0898779527559057
20
-1.945232283464567
11
3.092259842519685
21
-1.9404724409448819
0
LINE
8
RED3
6
CONTINUOUS
10
3.092259842519685
20
-1.9404724409448819
11
3.0946417322834647
21
-1.9380905511811024
0
LINE
8
RED3
6
CONTINUOUS
10
3.0946417322834647
20
-1.9380905511811024
11
3.0994015748031498
21
-1.9357086614173229
0
LINE
8
RED3
6
CONTINUOUS
10
3.0994015748031498
20
-1.9357086614173229
11
3.1017834645669291
21
-1.9357086614173229
0
LINE
8
RED3
6
CONTINUOUS
10
3.1017834645669291
20
-1.9357086614173229
11
3.1065472440944881
21
-1.9380905511811024
0
LINE
8
RED3
6
CONTINUOUS
10
3.1065472440944881
20
-1.9380905511811024
11
3.1089251968503939
21
-1.9404724409448819
0
LINE
8
RED3
6
CONTINUOUS
10
3.1089251968503939
20
-1.9404724409448819
11
3.1113070866141732
21
-1.945232283464567
0
LINE
8
RED3
6
CONTINUOUS
10
3.1113070866141732
20
-1.945232283464567
11
3.1113070866141732
21
-1.9547559055118111
0
LINE
8
RED3
6
CONTINUOUS
10
3.1113070866141732
20
-1.9547559055118111
11
3.1136889763779529
21
-1.9595196850393701
0
LINE
8
RED3
6
CONTINUOUS
10
3.1136889763779529
20
-1.9595196850393701
11
3.1160708661417322
21
-1.9619015748031496
0
LINE
8
RED3
6
CONTINUOUS
10
3.1160708661417322
20
-1.9619015748031496
11
3.1208307086614173
21
-1.9642795275590552
0
LINE
8
RED3
6
CONTINUOUS
10
3.1208307086614173
20
-1.9642795275590552
11
3.1303543307086614
21
-1.9642795275590552
0
LINE
8
RED3
6
CONTINUOUS
10
3.1303543307086614
20
-1.9642795275590552
11
3.1351181102362204
21
-1.9619015748031496
0
LINE
8
RED3
6
CONTINUOUS
10
3.1351181102362204
20
-1.9619015748031496
11
3.1375000000000002
21
-1.9595196850393701
0
LINE
8
RED3
6
CONTINUOUS
10
3.1375000000000002
20
-1.9595196850393701
11
3.1398779527559055
21
-1.9547559055118111
0
LINE
8
RED3
6
CONTINUOUS
10
3.1398779527559055
20
-1.9547559055118111
11
3.1398779527559055
21
-1.945232283464567
0
LINE
8
RED3
6
CONTINUOUS
10
3.1398779527559055
20
-1.945232283464567
11
3.1375000000000002
21
-1.9404724409448819
0
LINE
8
RED3
6
CONTINUOUS
10
3.1375000000000002
20
-1.9404724409448819
11
3.1351181102362204
21
-1.9380905511811024
0
LINE
8
RED3
6
CONTINUOUS
10
3.1351181102362204
20
-1.9380905511811024
11
3.1303543307086614
21
-1.9357086614173229
0
LINE
8
RED3
6
CONTINUOUS
10
3.1303543307086614
20
-1.9357086614173229
11
3.1208307086614173
21
-1.9357086614173229
0
LINE
8
RED3
6
CONTINUOUS
10
3.1208307086614173
20
-1.9357086614173229
11
3.1160708661417322
21
-1.9380905511811024
0
LINE
8
RED3
6
CONTINUOUS
10
3.1160708661417322
20
-1.9380905511811024
11
3.1136889763779529
21
-1.9404724409448819
0
LINE
8
RED3
6
CONTINUOUS
10
3.1136889763779529
20
-1.9404724409448819
11
3.1113070866141732
21
-1.945232283464567
0
LINE
8
RED2
6
CONTINUOUS
10
3.1499999999999999
20
-2.6000000000000001
11
3.1499999999999999
21
-2.7000000000000002
0
LINE
8
CYAN2
6
CONTINUOUS
10
3.125511811023622
20
-2.5419015748031497
11
3.1231299212598427
21
-2.5466653543307087
0
LINE
8
CYAN2
6
CONTINUOUS
10
3.1231299212598427
20
-2.5466653543307087
11
3.1231299212598427
21
-2.5538070866141731
0
LINE
8
CYAN2
6
CONTINUOUS
10
3.1231299212598427
20
-2.5538070866141731
11
3.125511811023622
21
-2.5609488188976379
0
LINE
8
CYAN2
6
CONTINUOUS
10
3.125511811023622
20
-2.5609488188976379
11
3.1302755905511814
21
-2.5657125984251969
0
LINE
8
CYAN2
6
CONTINUOUS
10
3.1302755905511814
20
-2.5657125984251969
11
3.1350354330708661
21
-2.5680944881889767
0
LINE
8
CYAN2
6
CONTINUOUS
10
3.1350354330708661
20
-2.5680944881889767
11
3.1445590551181102
21
-2.570472440944882
0
LINE
8
CYAN2
6
CONTINUOUS
10
3.1445590551181102
20
-2.570472440944882
11
3.151700787401575
21
-2.570472440944882
0
LINE
8
CYAN2
6
CONTINUOUS
10
3.151700787401575
20
-2.570472440944882
11
3.1612244094488191
21
-2.5680944881889767
0
LINE
8
CYAN2
6
CONTINUOUS
10
3.1612244094488191
20
-2.5680944881889767
11
3.1659881889763781
21
-2.5657125984251969
0
LINE
8
CYAN2
6
CONTINUOUS
10
3.1659881889763781
20
-2.5657125984251969
11
3.1707519685039371
21
-2.5609488188976379
0
LINE
8
CYAN2
6
CONTINUOUS
10
3.1707519685039371
20
-2.5609488188976379
11
3.1731299212598425
21
-2.5538070866141731
0
LINE
8
CYAN2
6
CONTINUOUS
10
3.1731299212598425
20
-2.5538070866141731
11
3.1731299212598425
21
-2.5490472440944885
0
LINE
8
CYAN2
6
CONTINUOUS
10
3.1731299212598425
20
-2.5490472440944885
11
3.1707519685039371
21
-2.5419015748031497
0
LINE
8
CYAN2
6
CONTINUOUS
10
3.1707519685039371
20
-2.5419015748031497
11
3.1683700787401574
21
-2.5395236220472444
0
LINE
8
CYAN2
6
CONTINUOUS
10
3.1683700787401574
20
-2.5395236220472444
11
3.151700787401575
21
-2.5395236220472444
0
LINE
8
CYAN2
6
CONTINUOUS
10
3.151700787401575
20
-2.5395236220472444
11
3.151700787401575
21
-2.5490472440944885
0
LINE
8
CYAN2
6
CONTINUOUS
10
3.1731299212598425
20
-2.5180944881889764
11
3.1231299212598427
21
-2.5180944881889764
0
LINE
8
CYAN2
6
CONTINUOUS
10
3.1231299212598427
20
-2.5180944881889764
11
3.1731299212598425
21
-2.4895236220472441
0
LINE
8
CYAN2
6
CONTINUOUS
10
3.1731299212598425
20
-2.4895236220472441
11
3.1231299212598427
21
-2.4895236220472441
0
LINE
8
CYAN2
6
CONTINUOUS
10
3.1731299212598425
20
-2.4657125984251969
11
3.1231299212598427
21
-2.4657125984251969
0
LINE
8
CYAN2
6
CONTINUOUS
10
3.1231299212598427
20
-2.4657125984251969
11
3.1231299212598427
21
-2.4538070866141735
0
LINE
8
CYAN2
6
CONTINUOUS
10
3.1231299212598427
20
-2.4538070866141735
11
3.125511811023622
21
-2.4466653543307086
0
LINE
8
CYAN2
6
CONTINUOUS
10
3.125511811023622
20
-2.4466653543307086
11
3.1302755905511814
21
-2.4419015748031496
0
LINE
8
CYAN2
6
CONTINUOUS
10
3.1302755905511814
20
-2.4419015748031496
11
3.1350354330708661
21
-2.4395196850393703
0
LINE
8
CYAN2
6
CONTINUOUS
10
3.1350354330708661
20
-2.4395196850393703
11
3.1445590551181102
21
-2.4371417322834645
0
LINE
8
CYAN2
6
CONTINUOUS
10
3.1445590551181102
20
-2.4371417322834645
11
3.151700787401575
21
-2.4371417322834645
0
LINE
8
CYAN2
6
CONTINUOUS
10
3.151700787401575
20
-2.4371417322834645
11
3.1612244094488191
21
-2.4395196850393703
0
LINE
8
CYAN2
6
CONTINUOUS
10
3.1612244094488191
20
-2.4395196850393703
11
3.1659881889763781
21
-2.4419015748031496
0
LINE
8
CYAN2
6
CONTINUOUS
10
3.1659881889763781
20
-2.4419015748031496
11
3.1707519685039371
21
-2.4466653543307086
0
LINE
8
CYAN2
6
CONTINUOUS
10
3.1707519685039371
20
-2.4466653543307086
11
3.1731299212598425
21
-2.4538070866141735
0
LINE
8
CYAN2
6
CONTINUOUS
10
3.1731299212598425
20
-2.4538070866141735
11
3.1731299212598425
21
-2.4657125984251969
0
LINE
8
RED3
6
CONTINUOUS
10
3.1398779527559055
20
-2.6357086614173229
11
3.1398779527559055
21
-2.6642795275590552
0
LINE
8
RED3
6
CONTINUOUS
10
3.1398779527559055
20
-2.649996062992126
11
3.0898779527559057
21
-2.649996062992126
0
LINE
8
RED3
6
CONTINUOUS
10
3.0898779527559057
20
-2.649996062992126
11
3.097023622047244
21
-2.6547559055118111
0
LINE
8
RED3
6
CONTINUOUS
10
3.097023622047244
20
-2.6547559055118111
11
3.1017834645669291
21
-2.6595196850393701
0
LINE
8
RED3
6
CONTINUOUS
10
3.1017834645669291
20
-2.6595196850393701
11
3.1041653543307088
21
-2.6642795275590552
0
LINE
8
RED2
6
CONTINUOUS
10
2.8000000000000003
20
-2.1000000000000001
11
2.6499999999999999
21
-2.1000000000000001
0
LINE
8
CYAN2
6
CONTINUOUS
10
2.8247598425196849
20
-2.0731299212598424
11
2.8533307086614172
21
-2.0731299212598424
0
LINE
8
CYAN2
6
CONTINUOUS
10
2.8390472440944885
20
-2.1231299212598427
11
2.8390472440944885
21
-2.0731299212598424
0
LINE
8
CYAN2
6
CONTINUOUS
10
2.8985669291338585
20
-2.1231299212598427
11
2.8819015748031496
21
-2.0993228346456694
0
LINE
8
CYAN2
6
CONTINUOUS
10
2.8699960629921262
20
-2.1231299212598427
11
2.8699960629921262
21
-2.0731299212598424
0
LINE
8
CYAN2
6
CONTINUOUS
10
2.8699960629921262
20
-2.0731299212598424
11
2.8890433070866144
21
-2.0731299212598424
0
LINE
8
CYAN2
6
CONTINUOUS
10
2.8890433070866144
20
-2.0731299212598424
11
2.8938070866141734
21
-2.0755118110236221
0
LINE
8
CYAN2
6
CONTINUOUS
10
2.8938070866141734
20
-2.0755118110236221
11
2.8961889763779527
21
-2.0778937007874014
0
LINE
8
CYAN2
6
CONTINUOUS
10
2.8961889763779527
20
-2.0778937007874014
11
2.8985669291338585
21
-2.0826535433070865
0
LINE
8
CYAN2
6
CONTINUOUS
10
2.8985669291338585
20
-2.0826535433070865
11
2.8985669291338585
21
-2.0897992125984253
0
LINE
8
CYAN2
6
CONTINUOUS
10
2.8985669291338585
20
-2.0897992125984253
11
2.8961889763779527
21
-2.0945590551181104
0
LINE
8
CYAN2
6
CONTINUOUS
10
2.8961889763779527
20
-2.0945590551181104
11
2.8938070866141734
21
-2.0969409448818896
0
LINE
8
CYAN2
6
CONTINUOUS
10
2.8938070866141734
20
-2.0969409448818896
11
2.8890433070866144
21
-2.0993228346456694
0
LINE
8
CYAN2
6
CONTINUOUS
10
2.8890433070866144
20
-2.0993228346456694
11
2.8699960629921262
21
-2.0993228346456694
0
LINE
8
RED3
6
CONTINUOUS
10
2.7107165354330709
20
-2.0446417322834645
11
2.7130944881889767
21
-2.0422598425196852
0
LINE
8
RED3
6
CONTINUOUS
10
2.7130944881889767
20
-2.0422598425196852
11
2.7178582677165357
21
-2.0398779527559054
0
LINE
8
RED3
6
CONTINUOUS
10
2.7178582677165357
20
-2.0398779527559054
11
2.7297637795275591
21
-2.0398779527559054
0
LINE
8
RED3
6
CONTINUOUS
10
2.7297637795275591
20
-2.0398779527559054
11
2.7345236220472442
21
-2.0422598425196852
0
LINE
8
RED3
6
CONTINUOUS
10
2.7345236220472442
20
-2.0422598425196852
11
2.7369055118110239
21
-2.0446417322834645
0
LINE
8
RED3
6
CONTINUOUS
10
2.7369055118110239
20
-2.0446417322834645
11
2.7392874015748032
21
-2.0494015748031496
0
LINE
8
RED3
6
CONTINUOUS
10
2.7392874015748032
20
-2.0494015748031496
11
2.7392874015748032
21
-2.0541653543307086
0
LINE
8
RED3
6
CONTINUOUS
10
2.7392874015748032
20
-2.0541653543307086
11
2.7369055118110239
21
-2.0613070866141734
0
LINE
8
RED3
6
CONTINUOUS
10
2.7369055118110239
20
-2.0613070866141734
11
2.7083346456692916
21
-2.0898779527559057
0
LINE
8
RED3
6
CONTINUOUS
10
2.7083346456692916
20
-2.0898779527559057
11
2.7392874015748032
21
-2.0898779527559057
0
LINE
8
RED2
6
CONTINUOUS
10
2.8000000000000003
20
-2.3000000000000003
11
2.6499999999999999
21
-2.3000000000000003
0
LINE
8
CYAN2
6
CONTINUOUS
10
2.8604724409448821
20
-2.3183700787401578
11
2.8580944881889763
21
-2.3207519685039371
0
LINE
8
CYAN2
6
CONTINUOUS
10
2.8580944881889763
20
-2.3207519685039371
11
2.850948818897638
21
-2.3231299212598424
0
LINE
8
CYAN2
6
CONTINUOUS
10
2.850948818897638
20
-2.3231299212598424
11
2.8461889763779529
21
-2.3231299212598424
0
LINE
8
CYAN2
6
CONTINUOUS
10
2.8461889763779529
20
-2.3231299212598424
11
2.8390472440944885
21
-2.3207519685039371
0
LINE
8
CYAN2
6
CONTINUOUS
10
2.8390472440944885
20
-2.3207519685039371
11
2.834283464566929
21
-2.315988188976378
0
LINE
8
CYAN2
6
CONTINUOUS
10
2.834283464566929
20
-2.315988188976378
11
2.8319015748031497
21
-2.311224409448819
0
LINE
8
CYAN2
6
CONTINUOUS
10
2.8319015748031497
20
-2.311224409448819
11
2.8295236220472444
21
-2.3017007874015749
0
LINE
8
CYAN2
6
CONTINUOUS
10
2.8295236220472444
20
-2.3017007874015749
11
2.8295236220472444
21
-2.2945590551181105
0
LINE
8
CYAN2
6
CONTINUOUS
10
2.8295236220472444
20
-2.2945590551181105
11
2.8319015748031497
21
-2.2850354330708664
0
LINE
8
CYAN2
6
CONTINUOUS
10
2.8319015748031497
20
-2.2850354330708664
11
2.834283464566929
21
-2.2802755905511813
0
LINE
8
CYAN2
6
CONTINUOUS
10
2.834283464566929
20
-2.2802755905511813
11
2.8390472440944885
21
-2.2755118110236223
0
LINE
8
CYAN2
6
CONTINUOUS
10
2.8390472440944885
20
-2.2755118110236223
11
2.8461889763779529
21
-2.2731299212598426
0
LINE
8
CYAN2
6
CONTINUOUS
10
2.8461889763779529
20
-2.2731299212598426
11
2.850948818897638
21
-2.2731299212598426
0
LINE
8
CYAN2
6
CONTINUOUS
10
2.850948818897638
20
-2.2731299212598426
11
2.8580944881889763
21
-2.2755118110236223
0
LINE
8
CYAN2
6
CONTINUOUS
10
2.8580944881889763
20
-2.2755118110236223
11
2.8604724409448821
21
-2.2778937007874016
0
LINE
8
CYAN2
6
CONTINUOUS
10
2.8747598425196852
20
-2.2731299212598426
11
2.8914251968503937
21
-2.3231299212598424
0
LINE
8
CYAN2
6
CONTINUOUS
10
2.8914251968503937
20
-2.3231299212598424
11
2.9080944881889765
21
-2.2731299212598426
0
LINE
8
RED3
6
CONTINUOUS
10
2.7369055118110239
20
-2.2398779527559056
11
2.7130944881889767
21
-2.2398779527559056
0
LINE
8
RED3
6
CONTINUOUS
10
2.7130944881889767
20
-2.2398779527559056
11
2.7107165354330709
21
-2.2636889763779529
0
LINE
8
RED3
6
CONTINUOUS
10
2.7107165354330709
20
-2.2636889763779529
11
2.7130944881889767
21
-2.2613070866141731
0
LINE
8
RED3
6
CONTINUOUS
10
2.7130944881889767
20
-2.2613070866141731
11
2.7178582677165357
21
-2.2589251968503938
0
LINE
8
RED3
6
CONTINUOUS
10
2.7178582677165357
20
-2.2589251968503938
11
2.7297637795275591
21
-2.2589251968503938
0
LINE
8
RED3
6
CONTINUOUS
10
2.7297637795275591
20
-2.2589251968503938
11
2.7345236220472442
21
-2.2613070866141731
0
LINE
8
RED3
6
CONTINUOUS
10
2.7345236220472442
20
-2.2613070866141731
11
2.7369055118110239
21
-2.2636889763779529
0
LINE
8
RED3
6
CONTINUOUS
10
2.7369055118110239
20
-2.2636889763779529
11
2.7392874015748032
21
-2.2684488188976379
0
LINE
8
RED3
6
CONTINUOUS
10
2.7392874015748032
20
-2.2684488188976379
11
2.7392874015748032
21
-2.2803543307086613
0
LINE
8
RED3
6
CONTINUOUS
10
2.7392874015748032
20
-2.2803543307086613
11
2.7369055118110239
21
-2.2851181102362204
0
LINE
8
RED3
6
CONTINUOUS
10
2.7369055118110239
20
-2.2851181102362204
11
2.7345236220472442
21
-2.2875000000000001
0
LINE
8
RED3
6
CONTINUOUS
10
2.7345236220472442
20
-2.2875000000000001
11
2.7297637795275591
21
-2.2898779527559054
0
LINE
8
RED3
6
CONTINUOUS
10
2.7297637795275591
20
-2.2898779527559054
11
2.7178582677165357
21
-2.2898779527559054
0
LINE
8
RED3
6
CONTINUOUS
10
2.7178582677165357
20
-2.2898779527559054
11
2.7130944881889767
21
-2.2875000000000001
0
LINE
8
RED3
6
CONTINUOUS
10
2.7130944881889767
20
-2.2875000000000001
11
2.7107165354330709
21
-2.2851181102362204
0
CIRCLE
8
RED2
10
2.7749999999999999
20
-2.5
40
0.025
0
LINE
8
RED2
6
CONTINUOUS
10
2.75
20
-2.5
11
2.6499999999999999
21
-2.5
0
LINE
8
CYAN2
6
CONTINUOUS
10
2.8604724409448821
20
-2.5231299212598426
11
2.8438070866141731
21
-2.4993228346456693
0
LINE
8
CYAN2
6
CONTINUOUS
10
2.8319015748031497
20
-2.5231299212598426
11
2.8319015748031497
21
-2.4731299212598428
0
LINE
8
CYAN2
6
CONTINUOUS
10
2.8319015748031497
20
-2.4731299212598428
11
2.850948818897638
21
-2.4731299212598428
0
LINE
8
CYAN2
6
CONTINUOUS
10
2.850948818897638
20
-2.4731299212598428
11
2.855712598425197
21
-2.4755118110236221
0
LINE
8
CYAN2
6
CONTINUOUS
10
2.855712598425197
20
-2.4755118110236221
11
2.8580944881889763
21
-2.4778937007874018
0
LINE
8
CYAN2
6
CONTINUOUS
10
2.8580944881889763
20
-2.4778937007874018
11
2.8604724409448821
21
-2.4826535433070869
0
LINE
8
CYAN2
6
CONTINUOUS
10
2.8604724409448821
20
-2.4826535433070869
11
2.8604724409448821
21
-2.4897992125984252
0
LINE
8
CYAN2
6
CONTINUOUS
10
2.8604724409448821
20
-2.4897992125984252
11
2.8580944881889763
21
-2.4945590551181103
0
LINE
8
CYAN2
6
CONTINUOUS
10
2.8580944881889763
20
-2.4945590551181103
11
2.855712598425197
21
-2.49694094488189
0
LINE
8
CYAN2
6
CONTINUOUS
10
2.855712598425197
20
-2.49694094488189
11
2.850948818897638
21
-2.4993228346456693
0
LINE
8
CYAN2
6
CONTINUOUS
10
2.850948818897638
20
-2.4993228346456693
11
2.8319015748031497
21
-2.4993228346456693
0
LINE
8
RED3
6
CONTINUOUS
10
2.7345236220472442
20
-2.4565472440944882
11
2.7345236220472442
21
-2.4898779527559056
0
LINE
8
RED3
6
CONTINUOUS
10
2.7226181102362204
20
-2.4375
11
2.7107165354330709
21
-2.4732125984251971
0
LINE
8
RED3
6
CONTINUOUS
10
2.7107165354330709
20
-2.4732125984251971
11
2.7416653543307086
21
-2.4732125984251971
0
LINE
8
RED2
6
CONTINUOUS
10
3.5
20
-2.1000000000000001
11
3.6500000000000004
21
-2.1000000000000001
0
LINE
8
CYAN2
6
CONTINUOUS
10
3.4728543307086617
20
-2.1278937007874017
11
3.4680905511811027
21
-2.125511811023622
0
LINE
8
CYAN2
6
CONTINUOUS
10
3.4680905511811027
20
-2.125511811023622
11
3.4633307086614176
21
-2.1207519685039369
0
LINE
8
CYAN2
6
CONTINUOUS
10
3.4633307086614176
20
-2.1207519685039369
11
3.4561889763779527
21
-2.1136062992125986
0
LINE
8
CYAN2
6
CONTINUOUS
10
3.4561889763779527
20
-2.1136062992125986
11
3.4514251968503937
21
-2.1112244094488188
0
LINE
8
CYAN2
6
CONTINUOUS
10
3.4514251968503937
20
-2.1112244094488188
11
3.4466653543307086
21
-2.1112244094488188
0
LINE
8
CYAN2
6
CONTINUOUS
10
3.4490433070866144
20
-2.1231299212598427
11
3.4442834645669294
21
-2.1207519685039369
0
LINE
8
CYAN2
6
CONTINUOUS
10
3.4442834645669294
20
-2.1207519685039369
11
3.4395196850393703
21
-2.1159881889763779
0
LINE
8
CYAN2
6
CONTINUOUS
10
3.4395196850393703
20
-2.1159881889763779
11
3.4371417322834645
21
-2.1064645669291338
0
LINE
8
CYAN2
6
CONTINUOUS
10
3.4371417322834645
20
-2.1064645669291338
11
3.4371417322834645
21
-2.0897992125984253
0
LINE
8
CYAN2
6
CONTINUOUS
10
3.4371417322834645
20
-2.0897992125984253
11
3.4395196850393703
21
-2.0802755905511812
0
LINE
8
CYAN2
6
CONTINUOUS
10
3.4395196850393703
20
-2.0802755905511812
11
3.4442834645669294
21
-2.0755118110236221
0
LINE
8
CYAN2
6
CONTINUOUS
10
3.4442834645669294
20
-2.0755118110236221
11
3.4490433070866144
21
-2.0731299212598424
0
LINE
8
CYAN2
6
CONTINUOUS
10
3.4490433070866144
20
-2.0731299212598424
11
3.4585669291338585
21
-2.0731299212598424
0
LINE
8
CYAN2
6
CONTINUOUS
10
3.4585669291338585
20
-2.0731299212598424
11
3.4633307086614176
21
-2.0755118110236221
0
LINE
8
CYAN2
6
CONTINUOUS
10
3.4633307086614176
20
-2.0755118110236221
11
3.4680905511811027
21
-2.0802755905511812
0
LINE
8
CYAN2
6
CONTINUOUS
10
3.4680905511811027
20
-2.0802755905511812
11
3.4704724409448819
21
-2.0897992125984253
0
LINE
8
CYAN2
6
CONTINUOUS
10
3.4704724409448819
20
-2.0897992125984253
11
3.4704724409448819
21
-2.1064645669291338
0
LINE
8
CYAN2
6
CONTINUOUS
10
3.4704724409448819
20
-2.1064645669291338
11
3.4680905511811027
21
-2.1159881889763779
0
LINE
8
CYAN2
6
CONTINUOUS
10
3.4680905511811027
20
-2.1159881889763779
11
3.4633307086614176
21
-2.1207519685039369
0
LINE
8
CYAN2
6
CONTINUOUS
10
3.4633307086614176
20
-2.1207519685039369
11
3.4585669291338585
21
-2.1231299212598427
0
LINE
8
CYAN2
6
CONTINUOUS
10
3.4585669291338585
20
-2.1231299212598427
11
3.4490433070866144
21
-2.1231299212598427
0
LINE
8
RED3
6
CONTINUOUS
10
3.5583346456692913
20
-2.0398779527559054
11
3.5892874015748033
21
-2.0398779527559054
0
LINE
8
RED3
6
CONTINUOUS
10
3.5892874015748033
20
-2.0398779527559054
11
3.5726181102362204
21
-2.0589251968503937
0
LINE
8
RED3
6
CONTINUOUS
10
3.5726181102362204
20
-2.0589251968503937
11
3.5797637795275592
21
-2.0589251968503937
0
LINE
8
RED3
6
CONTINUOUS
10
3.5797637795275592
20
-2.0589251968503937
11
3.5845236220472443
21
-2.0613070866141734
0
LINE
8
RED3
6
CONTINUOUS
10
3.5845236220472443
20
-2.0613070866141734
11
3.5869055118110236
21
-2.0636889763779527
0
LINE
8
RED3
6
CONTINUOUS
10
3.5869055118110236
20
-2.0636889763779527
11
3.5892874015748033
21
-2.0684488188976378
0
LINE
8
RED3
6
CONTINUOUS
10
3.5892874015748033
20
-2.0684488188976378
11
3.5892874015748033
21
-2.0803543307086616
0
LINE
8
RED3
6
CONTINUOUS
10
3.5892874015748033
20
-2.0803543307086616
11
3.5869055118110236
21
-2.0851181102362206
0
LINE
8
RED3
6
CONTINUOUS
10
3.5869055118110236
20
-2.0851181102362206
11
3.5845236220472443
21
-2.0874999999999999
0
LINE
8
RED3
6
CONTINUOUS
10
3.5845236220472443
20
-2.0874999999999999
11
3.5797637795275592
21
-2.0898779527559057
0
LINE
8
RED3
6
CONTINUOUS
10
3.5797637795275592
20
-2.0898779527559057
11
3.5654763779527561
21
-2.0898779527559057
0
LINE
8
RED3
6
CONTINUOUS
10
3.5654763779527561
20
-2.0898779527559057
11
3.560716535433071
21
-2.0874999999999999
0
LINE
8
RED3
6
CONTINUOUS
10
3.560716535433071
20
-2.0874999999999999
11
3.5583346456692913
21
-2.0851181102362206
0
LINE
8
RED2
6
CONTINUOUS
10
3.5
20
-2.3000000000000003
11
3.6500000000000004
21
-2.3000000000000003
0
LINE
8
CYAN2
6
CONTINUOUS
10
3.3704724409448819
20
-2.3231299212598424
11
3.3704724409448819
21
-2.2731299212598426
0
LINE
8
CYAN2
6
CONTINUOUS
10
3.3704724409448819
20
-2.2731299212598426
11
3.3823779527559057
21
-2.2731299212598426
0
LINE
8
CYAN2
6
CONTINUOUS
10
3.3823779527559057
20
-2.2731299212598426
11
3.3895196850393701
21
-2.2755118110236223
0
LINE
8
CYAN2
6
CONTINUOUS
10
3.3895196850393701
20
-2.2755118110236223
11
3.3942834645669291
21
-2.2802755905511813
0
LINE
8
CYAN2
6
CONTINUOUS
10
3.3942834645669291
20
-2.2802755905511813
11
3.3966653543307088
21
-2.2850354330708664
0
LINE
8
CYAN2
6
CONTINUOUS
10
3.3966653543307088
20
-2.2850354330708664
11
3.3990433070866142
21
-2.2945590551181105
0
LINE
8
CYAN2
6
CONTINUOUS
10
3.3990433070866142
20
-2.2945590551181105
11
3.3990433070866142
21
-2.3017007874015749
0
LINE
8
CYAN2
6
CONTINUOUS
10
3.3990433070866142
20
-2.3017007874015749
11
3.3966653543307088
21
-2.311224409448819
0
LINE
8
CYAN2
6
CONTINUOUS
10
3.3966653543307088
20
-2.311224409448819
11
3.3942834645669291
21
-2.315988188976378
0
LINE
8
CYAN2
6
CONTINUOUS
10
3.3942834645669291
20
-2.315988188976378
11
3.3895196850393701
21
-2.3207519685039371
0
LINE
8
CYAN2
6
CONTINUOUS
10
3.3895196850393701
20
-2.3207519685039371
11
3.3823779527559057
21
-2.3231299212598424
0
LINE
8
CYAN2
6
CONTINUOUS
10
3.3823779527559057
20
-2.3231299212598424
11
3.3704724409448819
21
-2.3231299212598424
0
LINE
8
CYAN2
6
CONTINUOUS
10
3.4204724409448821
20
-2.3231299212598424
11
3.4204724409448821
21
-2.2731299212598426
0
LINE
8
CYAN2
6
CONTINUOUS
10
3.4419055118110236
20
-2.3207519685039371
11
3.4490472440944884
21
-2.3231299212598424
0
LINE
8
CYAN2
6
CONTINUOUS
10
3.4490472440944884
20
-2.3231299212598424
11
3.4609527559055118
21
-2.3231299212598424
0
LINE
8
CYAN2
6
CONTINUOUS
10
3.4609527559055118
20
-2.3231299212598424
11
3.4657125984251969
21
-2.3207519685039371
0
LINE
8
CYAN2
6
CONTINUOUS
10
3.4657125984251969
20
-2.3207519685039371
11
3.4680944881889766
21
-2.3183700787401578
0
LINE
8
CYAN2
6
CONTINUOUS
10
3.4680944881889766
20
-2.3183700787401578
11
3.4704763779527559
21
-2.3136062992125983
0
LINE
8
CYAN2
6
CONTINUOUS
10
3.4704763779527559
20
-2.3136062992125983
11
3.4704763779527559
21
-2.3088464566929137
0
LINE
8
CYAN2
6
CONTINUOUS
10
3.4704763779527559
20
-2.3088464566929137
11
3.4680944881889766
21
-2.3040826771653542
0
LINE
8
CYAN2
6
CONTINUOUS
10
3.4680944881889766
20
-2.3040826771653542
11
3.4657125984251969
21
-2.3017007874015749
0
LINE
8
CYAN2
6
CONTINUOUS
10
3.4657125984251969
20
-2.3017007874015749
11
3.4609527559055118
21
-2.2993228346456696
0
LINE
8
CYAN2
6
CONTINUOUS
10
3.4609527559055118
20
-2.2993228346456696
11
3.4514291338582677
21
-2.2969409448818898
0
LINE
8
CYAN2
6
CONTINUOUS
10
3.4514291338582677
20
-2.2969409448818898
11
3.4466653543307086
21
-2.2945590551181105
0
LINE
8
CYAN2
6
CONTINUOUS
10
3.4466653543307086
20
-2.2945590551181105
11
3.4442834645669294
21
-2.2921771653543308
0
LINE
8
CYAN2
6
CONTINUOUS
10
3.4442834645669294
20
-2.2921771653543308
11
3.4419055118110236
21
-2.2874173228346457
0
LINE
8
CYAN2
6
CONTINUOUS
10
3.4419055118110236
20
-2.2874173228346457
11
3.4419055118110236
21
-2.2826535433070867
0
LINE
8
CYAN2
6
CONTINUOUS
10
3.4419055118110236
20
-2.2826535433070867
11
3.4442834645669294
21
-2.2778937007874016
0
LINE
8
CYAN2
6
CONTINUOUS
10
3.4442834645669294
20
-2.2778937007874016
11
3.4466653543307086
21
-2.2755118110236223
0
LINE
8
CYAN2
6
CONTINUOUS
10
3.4466653543307086
20
-2.2755118110236223
11
3.4514291338582677
21
-2.2731299212598426
0
LINE
8
CYAN2
6
CONTINUOUS
10
3.4514291338582677
20
-2.2731299212598426
11
3.4633307086614176
21
-2.2731299212598426
0
LINE
8
CYAN2
6
CONTINUOUS
10
3.4633307086614176
20
-2.2731299212598426
11
3.4704763779527559
21
-2.2755118110236223
0
LINE
8
RED3
6
CONTINUOUS
10
3.5583346456692913
20
-2.2398779527559056
11
3.5916653543307087
21
-2.2398779527559056
0
LINE
8
RED3
6
CONTINUOUS
10
3.5916653543307087
20
-2.2398779527559056
11
3.5702401574803151
21
-2.2898779527559054
0
LINE
8
RED2
6
CONTINUOUS
10
3.5
20
-2.5
11
3.6500000000000004
21
-2.5
0
LINE
8
CYAN2
6
CONTINUOUS
10
3.3442834645669293
20
-2.4731299212598428
11
3.3728543307086616
21
-2.4731299212598428
0
LINE
8
CYAN2
6
CONTINUOUS
10
3.3585708661417324
20
-2.5231299212598426
11
3.3585708661417324
21
-2.4731299212598428
0
LINE
8
CYAN2
6
CONTINUOUS
10
3.3895196850393701
20
-2.5231299212598426
11
3.3895196850393701
21
-2.4731299212598428
0
LINE
8
CYAN2
6
CONTINUOUS
10
3.3895196850393701
20
-2.49694094488189
11
3.4180905511811024
21
-2.49694094488189
0
LINE
8
CYAN2
6
CONTINUOUS
10
3.4180905511811024
20
-2.5231299212598426
11
3.4180905511811024
21
-2.4731299212598428
0
LINE
8
CYAN2
6
CONTINUOUS
10
3.4704724409448819
20
-2.5231299212598426
11
3.4538070866141735
21
-2.4993228346456693
0
LINE
8
CYAN2
6
CONTINUOUS
10
3.4419015748031496
20
-2.5231299212598426
11
3.4419015748031496
21
-2.4731299212598428
0
LINE
8
CYAN2
6
CONTINUOUS
10
3.4419015748031496
20
-2.4731299212598428
11
3.4609488188976378
21
-2.4731299212598428
0
LINE
8
CYAN2
6
CONTINUOUS
10
3.4609488188976378
20
-2.4731299212598428
11
3.4657125984251969
21
-2.4755118110236221
0
LINE
8
CYAN2
6
CONTINUOUS
10
3.4657125984251969
20
-2.4755118110236221
11
3.4680944881889766
21
-2.4778937007874018
0
LINE
8
CYAN2
6
CONTINUOUS
10
3.4680944881889766
20
-2.4778937007874018
11
3.4704724409448819
21
-2.4826535433070869
0
LINE
8
CYAN2
6
CONTINUOUS
10
3.4704724409448819
20
-2.4826535433070869
11
3.4704724409448819
21
-2.4897992125984252
0
LINE
8
CYAN2
6
CONTINUOUS
10
3.4704724409448819
20
-2.4897992125984252
11
3.4680944881889766
21
-2.4945590551181103
0
LINE
8
CYAN2
6
CONTINUOUS
10
3.4680944881889766
20
-2.4945590551181103
11
3.4657125984251969
21
-2.49694094488189
0
LINE
8
CYAN2
6
CONTINUOUS
10
3.4657125984251969
20
-2.49694094488189
11
3.4609488188976378
21
-2.4993228346456693
0
LINE
8
CYAN2
6
CONTINUOUS
10
3.4609488188976378
20
-2.4993228346456693
11
3.4419015748031496
21
-2.4993228346456693
0
LINE
8
RED3
6
CONTINUOUS
10
3.5845236220472443
20
-2.4398779527559058
11
3.5750000000000002
21
-2.4398779527559058
0
LINE
8
RED3
6
CONTINUOUS
10
3.5750000000000002
20
-2.4398779527559058
11
3.5702401574803151
21
-2.4422598425196851
0
LINE
8
RED3
6
CONTINUOUS
10
3.5702401574803151
20
-2.4422598425196851
11
3.5678582677165354
21
-2.4446417322834648
0
LINE
8
RED3
6
CONTINUOUS
10
3.5678582677165354
20
-2.4446417322834648
11
3.5630944881889763
21
-2.4517834645669292
0
LINE
8
RED3
6
CONTINUOUS
10
3.5630944881889763
20
-2.4517834645669292
11
3.560716535433071
21
-2.4613070866141733
0
LINE
8
RED3
6
CONTINUOUS
10
3.560716535433071
20
-2.4613070866141733
11
3.560716535433071
21
-2.4803543307086615
0
LINE
8
RED3
6
CONTINUOUS
10
3.560716535433071
20
-2.4803543307086615
11
3.5630944881889763
21
-2.4851181102362205
0
LINE
8
RED3
6
CONTINUOUS
10
3.5630944881889763
20
-2.4851181102362205
11
3.5654763779527561
21
-2.4875000000000003
0
LINE
8
RED3
6
CONTINUOUS
10
3.5654763779527561
20
-2.4875000000000003
11
3.5702401574803151
21
-2.4898779527559056
0
LINE
8
RED3
6
CONTINUOUS
10
3.5702401574803151
20
-2.4898779527559056
11
3.5797637795275592
21
-2.4898779527559056
0
LINE
8
RED3
6
CONTINUOUS
10
3.5797637795275592
20
-2.4898779527559056
11
3.5845236220472443
21
-2.4875000000000003
0
LINE
8
RED3
6
CONTINUOUS
10
3.5845236220472443
20
-2.4875000000000003
11
3.5869055118110236
21
-2.4851181102362205
0
LINE
8
RED3
6
CONTINUOUS
10
3.5869055118110236
20
-2.4851181102362205
11
3.5892874015748033
21
-2.4803543307086615
0
LINE
8
RED3
6
CONTINUOUS
10
3.5892874015748033
20
-2.4803543307086615
11
3.5892874015748033
21
-2.4684488188976377
0
LINE
8
RED3
6
CONTINUOUS
10
3.5892874015748033
20
-2.4684488188976377
11
3.5869055118110236
21
-2.463688976377953
0
LINE
8
RED3
6
CONTINUOUS
10
3.5869055118110236
20
-2.463688976377953
11
3.5845236220472443
21
-2.4613070866141733
0
LINE
8
RED3
6
CONTINUOUS
10
3.5845236220472443
20
-2.4613070866141733
11
3.5797637795275592
21
-2.458925196850394
0
LINE
8
RED3
6
CONTINUOUS
10
3.5797637795275592
20
-2.458925196850394
11
3.5702401574803151
21
-2.458925196850394
0
LINE
8
RED3
6
CONTINUOUS
10
3.5702401574803151
20
-2.458925196850394
11
3.5654763779527561
21
-2.4613070866141733
0
LINE
8
RED3
6
CONTINUOUS
10
3.5654763779527561
20
-2.4613070866141733
11
3.5630944881889763
21
-2.463688976377953
0
LINE
8
RED3
6
CONTINUOUS
10
3.5630944881889763
20
-2.463688976377953
11
3.560716535433071
21
-2.4684488188976377
0
LINE
8
CYAN2
6
CONTINUOUS
10
3.250661417322835
20
-1.7728031496062993
11
3.250661417322835
21
-1.8132795275590552
0
LINE
8
CYAN2
6
CONTINUOUS
10
3.250661417322835
20
-1.8132795275590552
11
3.2530433070866143
21
-1.8180433070866142
0
LINE
8
CYAN2
6
CONTINUOUS
10
3.2530433070866143
20
-1.8180433070866142
11
3.255425196850394
21
-1.8204251968503937
0
LINE
8
CYAN2
6
CONTINUOUS
10
3.255425196850394
20
-1.8204251968503937
11
3.2601850393700786
21
-1.8228031496062993
0
LINE
8
CYAN2
6
CONTINUOUS
10
3.2601850393700786
20
-1.8228031496062993
11
3.2697086614173227
21
-1.8228031496062993
0
LINE
8
CYAN2
6
CONTINUOUS
10
3.2697086614173227
20
-1.8228031496062993
11
3.2744724409448822
21
-1.8204251968503937
0
LINE
8
CYAN2
6
CONTINUOUS
10
3.2744724409448822
20
-1.8204251968503937
11
3.2768543307086615
21
-1.8180433070866142
0
LINE
8
CYAN2
6
CONTINUOUS
10
3.2768543307086615
20
-1.8180433070866142
11
3.2792322834645669
21
-1.8132795275590552
0
LINE
8
CYAN2
6
CONTINUOUS
10
3.2792322834645669
20
-1.8132795275590552
11
3.2792322834645669
21
-1.7728031496062993
0
LINE
8
CYAN2
6
CONTINUOUS
10
3.3006653543307087
20
-1.7775669291338583
11
3.3030433070866141
21
-1.7751850393700788
0
LINE
8
CYAN2
6
CONTINUOUS
10
3.3030433070866141
20
-1.7751850393700788
11
3.3078070866141736
21
-1.7728031496062993
0
LINE
8
CYAN2
6
CONTINUOUS
10
3.3078070866141736
20
-1.7728031496062993
11
3.3197125984251969
21
-1.7728031496062993
0
LINE
8
CYAN2
6
CONTINUOUS
10
3.3197125984251969
20
-1.7728031496062993
11
3.324472440944882
21
-1.7751850393700788
0
LINE
8
CYAN2
6
CONTINUOUS
10
3.324472440944882
20
-1.7751850393700788
11
3.3268543307086613
21
-1.7775669291338583
0
LINE
8
CYAN2
6
CONTINUOUS
10
3.3268543307086613
20
-1.7775669291338583
11
3.3292362204724411
21
-1.7823267716535434
0
LINE
8
CYAN2
6
CONTINUOUS
10
3.3292362204724411
20
-1.7823267716535434
11
3.3292362204724411
21
-1.7870905511811024
0
LINE
8
CYAN2
6
CONTINUOUS
10
3.3292362204724411
20
-1.7870905511811024
11
3.3268543307086613
21
-1.794232283464567
0
LINE
8
CYAN2
6
CONTINUOUS
10
3.3268543307086613
20
-1.794232283464567
11
3.2982834645669294
21
-1.8228031496062993
0
LINE
8
CYAN2
6
CONTINUOUS
10
3.2982834645669294
20
-1.8228031496062993
11
3.3292362204724411
21
-1.8228031496062993
0
LINE
8
CYAN2
6
CONTINUOUS
10
3.3601850393700787
20
-1.7728031496062993
11
3.3649488188976378
21
-1.7728031496062993
0
LINE
8
CYAN2
6
CONTINUOUS
10
3.3649488188976378
20
-1.7728031496062993
11
3.3697086614173228
21
-1.7751850393700788
0
LINE
8
CYAN2
6
CONTINUOUS
10
3.3697086614173228
20
-1.7751850393700788
11
3.3720905511811026
21
-1.7775669291338583
0
LINE
8
CYAN2
6
CONTINUOUS
10
3.3720905511811026
20
-1.7775669291338583
11
3.3744724409448819
21
-1.7823267716535434
0
LINE
8
CYAN2
6
CONTINUOUS
10
3.3744724409448819
20
-1.7823267716535434
11
3.3768543307086616
21
-1.7918503937007875
0
LINE
8
CYAN2
6
CONTINUOUS
10
3.3768543307086616
20
-1.7918503937007875
11
3.3768543307086616
21
-1.8037559055118111
0
LINE
8
CYAN2
6
CONTINUOUS
10
3.3768543307086616
20
-1.8037559055118111
11
3.3744724409448819
21
-1.8132795275590552
0
LINE
8
CYAN2
6
CONTINUOUS
10
3.3744724409448819
20
-1.8132795275590552
11
3.3720905511811026
21
-1.8180433070866142
0
LINE
8
CYAN2
6
CONTINUOUS
10
3.3720905511811026
20
-1.8180433070866142
11
3.3697086614173228
21
-1.8204251968503937
0
LINE
8
CYAN2
6
CONTINUOUS
10
3.3697086614173228
20
-1.8204251968503937
11
3.3649488188976378
21
-1.8228031496062993
0
LINE
8
CYAN2
6
CONTINUOUS
10
3.3649488188976378
20
-1.8228031496062993
11
3.3601850393700787
21
-1.8228031496062993
0
LINE
8
CYAN2
6
CONTINUOUS
10
3.3601850393700787
20
-1.8228031496062993
11
3.3554251968503936
21
-1.8204251968503937
0
LINE
8
CYAN2
6
CONTINUOUS
10
3.3554251968503936
20
-1.8204251968503937
11
3.3530433070866144
21
-1.8180433070866142
0
LINE
8
CYAN2
6
CONTINUOUS
10
3.3530433070866144
20
-1.8180433070866142
11
3.3506614173228346
21
-1.8132795275590552
0
LINE
8
CYAN2
6
CONTINUOUS
10
3.3506614173228346
20
-1.8132795275590552
11
3.3482834645669293
21
-1.8037559055118111
0
LINE
8
CYAN2
6
CONTINUOUS
10
3.3482834645669293
20
-1.8037559055118111
11
3.3482834645669293
21
-1.7918503937007875
0
LINE
8
CYAN2
6
CONTINUOUS
10
3.3482834645669293
20
-1.7918503937007875
11
3.3506614173228346
21
-1.7823267716535434
0
LINE
8
CYAN2
6
CONTINUOUS
10
3.3506614173228346
20
-1.7823267716535434
11
3.3530433070866144
21
-1.7775669291338583
0
LINE
8
CYAN2
6
CONTINUOUS
10
3.3530433070866144
20
-1.7775669291338583
11
3.3554251968503936
21
-1.7751850393700788
0
LINE
8
CYAN2
6
CONTINUOUS
10
3.3554251968503936
20
-1.7751850393700788
11
3.3601850393700787
21
-1.7728031496062993
0
LINE
8
CYAN2
6
CONTINUOUS
10
3.2744724409448822
20
-1.9228031496062994
11
3.250661417322835
21
-1.9228031496062994
0
LINE
8
CYAN2
6
CONTINUOUS
10
3.250661417322835
20
-1.9228031496062994
11
3.250661417322835
21
-1.8728031496062993
0
LINE
8
CYAN2
6
CONTINUOUS
10
3.2911377952755907
20
-1.9228031496062994
11
3.2911377952755907
21
-1.8728031496062993
0
LINE
8
CYAN2
6
CONTINUOUS
10
3.2911377952755907
20
-1.8728031496062993
11
3.3078070866141736
21
-1.9085196850393702
0
LINE
8
CYAN2
6
CONTINUOUS
10
3.3078070866141736
20
-1.9085196850393702
11
3.324472440944882
21
-1.8728031496062993
0
LINE
8
CYAN2
6
CONTINUOUS
10
3.324472440944882
20
-1.8728031496062993
11
3.324472440944882
21
-1.9228031496062994
0
LINE
8
CYAN2
6
CONTINUOUS
10
3.3720905511811026
20
-1.8728031496062993
11
3.3482795275590553
21
-1.8728031496062993
0
LINE
8
CYAN2
6
CONTINUOUS
10
3.3482795275590553
20
-1.8728031496062993
11
3.3459015748031495
21
-1.8966141732283466
0
LINE
8
CYAN2
6
CONTINUOUS
10
3.3459015748031495
20
-1.8966141732283466
11
3.3482795275590553
21
-1.8942322834645671
0
LINE
8
CYAN2
6
CONTINUOUS
10
3.3482795275590553
20
-1.8942322834645671
11
3.3530433070866144
21
-1.8918503937007876
0
LINE
8
CYAN2
6
CONTINUOUS
10
3.3530433070866144
20
-1.8918503937007876
11
3.3649488188976378
21
-1.8918503937007876
0
LINE
8
CYAN2
6
CONTINUOUS
10
3.3649488188976378
20
-1.8918503937007876
11
3.3697086614173228
21
-1.8942322834645671
0
LINE
8
CYAN2
6
CONTINUOUS
10
3.3697086614173228
20
-1.8942322834645671
11
3.3720905511811026
21
-1.8966141732283466
0
LINE
8
CYAN2
6
CONTINUOUS
10
3.3720905511811026
20
-1.8966141732283466
11
3.3744724409448819
21
-1.9013740157480317
0
LINE
8
CYAN2
6
CONTINUOUS
10
3.3744724409448819
20
-1.9013740157480317
11
3.3744724409448819
21
-1.9132795275590553
0
LINE
8
CYAN2
6
CONTINUOUS
10
3.3744724409448819
20
-1.9132795275590553
11
3.3720905511811026
21
-1.9180433070866143
0
LINE
8
CYAN2
6
CONTINUOUS
10
3.3720905511811026
20
-1.9180433070866143
11
3.3697086614173228
21
-1.9204251968503938
0
LINE
8
CYAN2
6
CONTINUOUS
10
3.3697086614173228
20
-1.9204251968503938
11
3.3649488188976378
21
-1.9228031496062994
0
LINE
8
CYAN2
6
CONTINUOUS
10
3.3649488188976378
20
-1.9228031496062994
11
3.3530433070866144
21
-1.9228031496062994
0
LINE
8
CYAN2
6
CONTINUOUS
10
3.3530433070866144
20
-1.9228031496062994
11
3.3482795275590553
21
-1.9204251968503938
0
LINE
8
CYAN2
6
CONTINUOUS
10
3.3482795275590553
20
-1.9204251968503938
11
3.3459015748031495
21
-1.9180433070866143
0
LINE
8
CYAN2
6
CONTINUOUS
10
3.4197086614173231
20
-1.8728031496062993
11
3.3958976377952759
21
-1.8728031496062993
0
LINE
8
CYAN2
6
CONTINUOUS
10
3.3958976377952759
20
-1.8728031496062993
11
3.3935196850393701
21
-1.8966141732283466
0
LINE
8
CYAN2
6
CONTINUOUS
10
3.3935196850393701
20
-1.8966141732283466
11
3.3958976377952759
21
-1.8942322834645671
0
LINE
8
CYAN2
6
CONTINUOUS
10
3.3958976377952759
20
-1.8942322834645671
11
3.4006614173228349
21
-1.8918503937007876
0
LINE
8
CYAN2
6
CONTINUOUS
10
3.4006614173228349
20
-1.8918503937007876
11
3.4125669291338583
21
-1.8918503937007876
0
LINE
8
CYAN2
6
CONTINUOUS
10
3.4125669291338583
20
-1.8918503937007876
11
3.4173267716535434
21
-1.8942322834645671
0
LINE
8
CYAN2
6
CONTINUOUS
10
3.4173267716535434
20
-1.8942322834645671
11
3.4197086614173231
21
-1.8966141732283466
0
LINE
8
CYAN2
6
CONTINUOUS
10
3.4197086614173231
20
-1.8966141732283466
11
3.4220905511811024
21
-1.9013740157480317
0
LINE
8
CYAN2
6
CONTINUOUS
10
3.4220905511811024
20
-1.9013740157480317
11
3.4220905511811024
21
-1.9132795275590553
0
LINE
8
CYAN2
6
CONTINUOUS
10
3.4220905511811024
20
-1.9132795275590553
11
3.4197086614173231
21
-1.9180433070866143
0
LINE
8
CYAN2
6
CONTINUOUS
10
3.4197086614173231
20
-1.9180433070866143
11
3.4173267716535434
21
-1.9204251968503938
0
LINE
8
CYAN2
6
CONTINUOUS
10
3.4173267716535434
20
-1.9204251968503938
11
3.4125669291338583
21
-1.9228031496062994
0
LINE
8
CYAN2
6
CONTINUOUS
10
3.4125669291338583
20
-1.9228031496062994
11
3.4006614173228349
21
-1.9228031496062994
0
LINE
8
CYAN2
6
CONTINUOUS
10
3.4006614173228349
20
-1.9228031496062994
11
3.3958976377952759
21
-1.9204251968503938
0
LINE
8
CYAN2
6
CONTINUOUS
10
3.3958976377952759
20
-1.9204251968503938
11
3.3935196850393701
21
-1.9180433070866143
0
LINE
8
CYAN2
6
CONTINUOUS
10
3.4673267716535436
20
-1.8728031496062993
11
3.4435157480314964
21
-1.8728031496062993
0
LINE
8
CYAN2
6
CONTINUOUS
10
3.4435157480314964
20
-1.8728031496062993
11
3.4411377952755906
21
-1.8966141732283466
0
LINE
8
CYAN2
6
CONTINUOUS
10
3.4411377952755906
20
-1.8966141732283466
11
3.4435157480314964
21
-1.8942322834645671
0
LINE
8
CYAN2
6
CONTINUOUS
10
3.4435157480314964
20
-1.8942322834645671
11
3.4482795275590554
21
-1.8918503937007876
0
LINE
8
CYAN2
6
CONTINUOUS
10
3.4482795275590554
20
-1.8918503937007876
11
3.4601850393700788
21
-1.8918503937007876
0
LINE
8
CYAN2
6
CONTINUOUS
10
3.4601850393700788
20
-1.8918503937007876
11
3.4649448818897639
21
-1.8942322834645671
0
LINE
8
CYAN2
6
CONTINUOUS
10
3.4649448818897639
20
-1.8942322834645671
11
3.4673267716535436
21
-1.8966141732283466
0
LINE
8
CYAN2
6
CONTINUOUS
10
3.4673267716535436
20
-1.8966141732283466
11
3.4697086614173229
21
-1.9013740157480317
0
LINE
8
CYAN2
6
CONTINUOUS
10
3.4697086614173229
20
-1.9013740157480317
11
3.4697086614173229
21
-1.9132795275590553
0
LINE
8
CYAN2
6
CONTINUOUS
10
3.4697086614173229
20
-1.9132795275590553
11
3.4673267716535436
21
-1.9180433070866143
0
LINE
8
CYAN2
6
CONTINUOUS
10
3.4673267716535436
20
-1.9180433070866143
11
3.4649448818897639
21
-1.9204251968503938
0
LINE
8
CYAN2
6
CONTINUOUS
10
3.4649448818897639
20
-1.9204251968503938
11
3.4601850393700788
21
-1.9228031496062994
0
LINE
8
CYAN2
6
CONTINUOUS
10
3.4601850393700788
20
-1.9228031496062994
11
3.4482795275590554
21
-1.9228031496062994
0
LINE
8
CYAN2
6
CONTINUOUS
10
3.4482795275590554
20
-1.9228031496062994
11
3.4435157480314964
21
-1.9204251968503938
0
LINE
8
CYAN2
6
CONTINUOUS
10
3.4435157480314964
20
-1.9204251968503938
11
3.4411377952755906
21
-1.9180433070866143
0
LINE
8
CYAN2
6
CONTINUOUS
10
3.4863740157480314
20
-1.9228031496062994
11
3.5125629921259844
21
-1.889472440944882
0
LINE
8
CYAN2
6
CONTINUOUS
10
3.4863740157480314
20
-1.889472440944882
11
3.5125629921259844
21
-1.9228031496062994
0
LINE
8
CYAN2
6
CONTINUOUS
10
3.5316102362204727
20
-1.9228031496062994
11
3.5316102362204727
21
-1.8728031496062993
0
LINE
8
CYAN2
6
CONTINUOUS
10
3.5316102362204727
20
-1.8728031496062993
11
3.5482795275590551
21
-1.9085196850393702
0
LINE
8
CYAN2
6
CONTINUOUS
10
3.5482795275590551
20
-1.9085196850393702
11
3.564944881889764
21
-1.8728031496062993
0
LINE
8
CYAN2
6
CONTINUOUS
10
3.564944881889764
20
-1.8728031496062993
11
3.564944881889764
21
-1.9228031496062994
0
LINE
8
RED2
6
CONTINUOUS
10
6.0200000000000005
20
-1.4000000000000001
11
6.0499999999999998
21
-1.3500000000000001
0
LINE
8
RED2
6
CONTINUOUS
10
6.0499999999999998
20
-1.3500000000000001
11
6.0800000000000001
21
-1.4000000000000001
0
LINE
8
RED2
6
CONTINUOUS
10
6.0499999999999998
20
-1.45
11
6.0499999999999998
21
-1.3500000000000001
0
LINE
8
CYAN2
6
CONTINUOUS
10
5.9833307086614171
20
-1.2228031496062992
11
5.9999960629921265
21
-1.2728031496062993
0
LINE
8
CYAN2
6
CONTINUOUS
10
5.9999960629921265
20
-1.2728031496062993
11
6.0166653543307085
21
-1.2228031496062992
0
LINE
8
CYAN2
6
CONTINUOUS
10
6.0619015748031497
20
-1.2680433070866142
11
6.0595236220472444
21
-1.2704251968503937
0
LINE
8
CYAN2
6
CONTINUOUS
10
6.0595236220472444
20
-1.2704251968503937
11
6.0523779527559061
21
-1.2728031496062993
0
LINE
8
CYAN2
6
CONTINUOUS
10
6.0523779527559061
20
-1.2728031496062993
11
6.047618110236221
21
-1.2728031496062993
0
LINE
8
CYAN2
6
CONTINUOUS
10
6.047618110236221
20
-1.2728031496062993
11
6.0404763779527562
21
-1.2704251968503937
0
LINE
8
CYAN2
6
CONTINUOUS
10
6.0404763779527562
20
-1.2704251968503937
11
6.0357125984251967
21
-1.2656614173228347
0
LINE
8
CYAN2
6
CONTINUOUS
10
6.0357125984251967
20
-1.2656614173228347
11
6.0333307086614179
21
-1.2608976377952756
0
LINE
8
CYAN2
6
CONTINUOUS
10
6.0333307086614179
20
-1.2608976377952756
11
6.0309527559055116
21
-1.2513740157480315
0
LINE
8
CYAN2
6
CONTINUOUS
10
6.0309527559055116
20
-1.2513740157480315
11
6.0309527559055116
21
-1.2442322834645669
0
LINE
8
CYAN2
6
CONTINUOUS
10
6.0309527559055116
20
-1.2442322834645669
11
6.0333307086614179
21
-1.2347086614173228
0
LINE
8
CYAN2
6
CONTINUOUS
10
6.0333307086614179
20
-1.2347086614173228
11
6.0357125984251967
21
-1.2299488188976377
0
LINE
8
CYAN2
6
CONTINUOUS
10
6.0357125984251967
20
-1.2299488188976377
11
6.0404763779527562
21
-1.2251850393700787
0
LINE
8
CYAN2
6
CONTINUOUS
10
6.0404763779527562
20
-1.2251850393700787
11
6.047618110236221
21
-1.2228031496062992
0
LINE
8
CYAN2
6
CONTINUOUS
10
6.047618110236221
20
-1.2228031496062992
11
6.0523779527559061
21
-1.2228031496062992
0
LINE
8
CYAN2
6
CONTINUOUS
10
6.0523779527559061
20
-1.2228031496062992
11
6.0595236220472444
21
-1.2251850393700787
0
LINE
8
CYAN2
6
CONTINUOUS
10
6.0595236220472444
20
-1.2251850393700787
11
6.0619015748031497
21
-1.2275669291338582
0
LINE
8
CYAN2
6
CONTINUOUS
10
6.1119015748031496
20
-1.2680433070866142
11
6.1095236220472442
21
-1.2704251968503937
0
LINE
8
CYAN2
6
CONTINUOUS
10
6.1095236220472442
20
-1.2704251968503937
11
6.1023779527559059
21
-1.2728031496062993
0
LINE
8
CYAN2
6
CONTINUOUS
10
6.1023779527559059
20
-1.2728031496062993
11
6.0976181102362208
21
-1.2728031496062993
0
LINE
8
CYAN2
6
CONTINUOUS
10
6.0976181102362208
20
-1.2728031496062993
11
6.090476377952756
21
-1.2704251968503937
0
LINE
8
CYAN2
6
CONTINUOUS
10
6.090476377952756
20
-1.2704251968503937
11
6.0857125984251974
21
-1.2656614173228347
0
LINE
8
CYAN2
6
CONTINUOUS
10
6.0857125984251974
20
-1.2656614173228347
11
6.0833307086614177
21
-1.2608976377952756
0
LINE
8
CYAN2
6
CONTINUOUS
10
6.0833307086614177
20
-1.2608976377952756
11
6.0809527559055123
21
-1.2513740157480315
0
LINE
8
CYAN2
6
CONTINUOUS
10
6.0809527559055123
20
-1.2513740157480315
11
6.0809527559055123
21
-1.2442322834645669
0
LINE
8
CYAN2
6
CONTINUOUS
10
6.0809527559055123
20
-1.2442322834645669
11
6.0833307086614177
21
-1.2347086614173228
0
LINE
8
CYAN2
6
CONTINUOUS
10
6.0833307086614177
20
-1.2347086614173228
11
6.0857125984251974
21
-1.2299488188976377
0
LINE
8
CYAN2
6
CONTINUOUS
10
6.0857125984251974
20
-1.2299488188976377
11
6.090476377952756
21
-1.2251850393700787
0
LINE
8
CYAN2
6
CONTINUOUS
10
6.090476377952756
20
-1.2251850393700787
11
6.0976181102362208
21
-1.2228031496062992
0
LINE
8
CYAN2
6
CONTINUOUS
10
6.0976181102362208
20
-1.2228031496062992
11
6.1023779527559059
21
-1.2228031496062992
0
LINE
8
CYAN2
6
CONTINUOUS
10
6.1023779527559059
20
-1.2228031496062992
11
6.1095236220472442
21
-1.2251850393700787
0
LINE
8
CYAN2
6
CONTINUOUS
10
6.1095236220472442
20
-1.2251850393700787
11
6.1119015748031496
21
-1.2275669291338582
0
LINE
8
RED2
6
CONTINUOUS
10
3.9199999999999999
20
-2.7200000000000002
11
4.0800000000000001
21
-2.7200000000000002
0
LINE
8
RED2
6
CONTINUOUS
10
3.9199999999999999
20
-2.7800000000000002
11
4.0800000000000001
21
-2.7800000000000002
0
LINE
8
RED2
6
CONTINUOUS
10
4.
20
-2.71
11
4.
21
-2.6000000000000001
0
LINE
8
RED2
6
CONTINUOUS
10
4.
20
-2.79
11
4.
21
-2.8999999999999999
0
LINE
8
CYAN2
6
CONTINUOUS
10
4.1948503937007873
20
-2.7180393700787402
11
4.1924724409448819
21
-2.7204212598425199
0
LINE
8
CYAN2
6
CONTINUOUS
10
4.1924724409448819
20
-2.7204212598425199
11
4.1853267716535436
21
-2.7227992125984253
0
LINE
8
CYAN2
6
CONTINUOUS
10
4.1853267716535436
20
-2.7227992125984253
11
4.1805669291338585
21
-2.7227992125984253
0
LINE
8
CYAN2
6
CONTINUOUS
10
4.1805669291338585
20
-2.7227992125984253
11
4.1734251968503937
21
-2.7204212598425199
0
LINE
8
CYAN2
6
CONTINUOUS
10
4.1734251968503937
20
-2.7204212598425199
11
4.1686614173228351
21
-2.7156574803149609
0
LINE
8
CYAN2
6
CONTINUOUS
10
4.1686614173228351
20
-2.7156574803149609
11
4.1662795275590554
21
-2.7108937007874019
0
LINE
8
CYAN2
6
CONTINUOUS
10
4.1662795275590554
20
-2.7108937007874019
11
4.16390157480315
21
-2.7013700787401578
0
LINE
8
CYAN2
6
CONTINUOUS
10
4.16390157480315
20
-2.7013700787401578
11
4.16390157480315
21
-2.694228346456693
0
LINE
8
CYAN2
6
CONTINUOUS
10
4.16390157480315
20
-2.694228346456693
11
4.1662795275590554
21
-2.6847047244094489
0
LINE
8
CYAN2
6
CONTINUOUS
10
4.1662795275590554
20
-2.6847047244094489
11
4.1686614173228351
21
-2.6799448818897638
0
LINE
8
CYAN2
6
CONTINUOUS
10
4.1686614173228351
20
-2.6799448818897638
11
4.1734251968503937
21
-2.6751811023622047
0
LINE
8
CYAN2
6
CONTINUOUS
10
4.1734251968503937
20
-2.6751811023622047
11
4.1805669291338585
21
-2.6727992125984255
0
LINE
8
CYAN2
6
CONTINUOUS
10
4.1805669291338585
20
-2.6727992125984255
11
4.1853267716535436
21
-2.6727992125984255
0
LINE
8
CYAN2
6
CONTINUOUS
10
4.1853267716535436
20
-2.6727992125984255
11
4.1924724409448819
21
-2.6751811023622047
0
LINE
8
CYAN2
6
CONTINUOUS
10
4.1924724409448819
20
-2.6751811023622047
11
4.1948503937007873
21
-2.6775629921259845
0
LINE
8
CYAN2
6
CONTINUOUS
10
4.2400905511811029
20
-2.6727992125984255
11
4.2162795275590552
21
-2.6727992125984255
0
LINE
8
CYAN2
6
CONTINUOUS
10
4.2162795275590552
20
-2.6727992125984255
11
4.2139015748031499
21
-2.6966102362204727
0
LINE
8
CYAN2
6
CONTINUOUS
10
4.2139015748031499
20
-2.6966102362204727
11
4.2162795275590552
21
-2.694228346456693
0
LINE
8
CYAN2
6
CONTINUOUS
10
4.2162795275590552
20
-2.694228346456693
11
4.2210433070866147
21
-2.6918464566929137
0
LINE
8
CYAN2
6
CONTINUOUS
10
4.2210433070866147
20
-2.6918464566929137
11
4.2329488188976381
21
-2.6918464566929137
0
LINE
8
CYAN2
6
CONTINUOUS
10
4.2329488188976381
20
-2.6918464566929137
11
4.2377086614173232
21
-2.694228346456693
0
LINE
8
CYAN2
6
CONTINUOUS
10
4.2377086614173232
20
-2.694228346456693
11
4.2400905511811029
21
-2.6966102362204727
0
LINE
8
CYAN2
6
CONTINUOUS
10
4.2400905511811029
20
-2.6966102362204727
11
4.2424724409448817
21
-2.7013700787401578
0
LINE
8
CYAN2
6
CONTINUOUS
10
4.2424724409448817
20
-2.7013700787401578
11
4.2424724409448817
21
-2.7132755905511812
0
LINE
8
CYAN2
6
CONTINUOUS
10
4.2424724409448817
20
-2.7132755905511812
11
4.2400905511811029
21
-2.7180393700787402
0
LINE
8
CYAN2
6
CONTINUOUS
10
4.2400905511811029
20
-2.7180393700787402
11
4.2377086614173232
21
-2.7204212598425199
0
LINE
8
CYAN2
6
CONTINUOUS
10
4.2377086614173232
20
-2.7204212598425199
11
4.2329488188976381
21
-2.7227992125984253
0
LINE
8
CYAN2
6
CONTINUOUS
10
4.2329488188976381
20
-2.7227992125984253
11
4.2210433070866147
21
-2.7227992125984253
0
LINE
8
CYAN2
6
CONTINUOUS
10
4.2210433070866147
20
-2.7227992125984253
11
4.2162795275590552
21
-2.7204212598425199
0
LINE
8
CYAN2
6
CONTINUOUS
10
4.2162795275590552
20
-2.7204212598425199
11
4.2139015748031499
21
-2.7180393700787402
0
LINE
8
CYAN2
6
CONTINUOUS
10
4.1758031496062991
20
-2.7727992125984251
11
4.1805669291338585
21
-2.7727992125984251
0
LINE
8
CYAN2
6
CONTINUOUS
10
4.1805669291338585
20
-2.7727992125984251
11
4.1853267716535436
21
-2.7751811023622048
0
LINE
8
CYAN2
6
CONTINUOUS
10
4.1853267716535436
20
-2.7751811023622048
11
4.1877086614173233
21
-2.7775629921259846
0
LINE
8
CYAN2
6
CONTINUOUS
10
4.1877086614173233
20
-2.7775629921259846
11
4.1900905511811022
21
-2.7823228346456692
0
LINE
8
CYAN2
6
CONTINUOUS
10
4.1900905511811022
20
-2.7823228346456692
11
4.1924724409448819
21
-2.7918464566929133
0
LINE
8
CYAN2
6
CONTINUOUS
10
4.1924724409448819
20
-2.7918464566929133
11
4.1924724409448819
21
-2.8037519685039372
0
LINE
8
CYAN2
6
CONTINUOUS
10
4.1924724409448819
20
-2.8037519685039372
11
4.1900905511811022
21
-2.8132755905511813
0
LINE
8
CYAN2
6
CONTINUOUS
10
4.1900905511811022
20
-2.8132755905511813
11
4.1877086614173233
21
-2.8180393700787403
0
LINE
8
CYAN2
6
CONTINUOUS
10
4.1877086614173233
20
-2.8180393700787403
11
4.1853267716535436
21
-2.82042125984252
0
LINE
8
CYAN2
6
CONTINUOUS
10
4.1853267716535436
20
-2.82042125984252
11
4.1805669291338585
21
-2.8227992125984254
0
LINE
8
CYAN2
6
CONTINUOUS
10
4.1805669291338585
20
-2.8227992125984254
11
4.1758031496062991
21
-2.8227992125984254
0
LINE
8
CYAN2
6
CONTINUOUS
10
4.1758031496062991
20
-2.8227992125984254
11
4.171043307086614
21
-2.82042125984252
0
LINE
8
CYAN2
6
CONTINUOUS
10
4.171043307086614
20
-2.82042125984252
11
4.1686614173228351
21
-2.8180393700787403
0
LINE
8
CYAN2
6
CONTINUOUS
10
4.1686614173228351
20
-2.8180393700787403
11
4.1662795275590554
21
-2.8132755905511813
0
LINE
8
CYAN2
6
CONTINUOUS
10
4.1662795275590554
20
-2.8132755905511813
11
4.16390157480315
21
-2.8037519685039372
0
LINE
8
CYAN2
6
CONTINUOUS
10
4.16390157480315
20
-2.8037519685039372
11
4.16390157480315
21
-2.7918464566929133
0
LINE
8
CYAN2
6
CONTINUOUS
10
4.16390157480315
20
-2.7918464566929133
11
4.1662795275590554
21
-2.7823228346456692
0
LINE
8
CYAN2
6
CONTINUOUS
10
4.1662795275590554
20
-2.7823228346456692
11
4.1686614173228351
21
-2.7775629921259846
0
LINE
8
CYAN2
6
CONTINUOUS
10
4.1686614173228351
20
-2.7775629921259846
11
4.171043307086614
21
-2.7751811023622048
0
LINE
8
CYAN2
6
CONTINUOUS
10
4.171043307086614
20
-2.7751811023622048
11
4.1758031496062991
21
-2.7727992125984251
0
LINE
8
CYAN2
6
CONTINUOUS
10
4.2138976377952755
20
-2.8180393700787403
11
4.2162795275590552
21
-2.82042125984252
0
LINE
8
CYAN2
6
CONTINUOUS
10
4.2162795275590552
20
-2.82042125984252
11
4.2138976377952755
21
-2.8227992125984254
0
LINE
8
CYAN2
6
CONTINUOUS
10
4.2138976377952755
20
-2.8227992125984254
11
4.2115196850393701
21
-2.82042125984252
0
LINE
8
CYAN2
6
CONTINUOUS
10
4.2115196850393701
20
-2.82042125984252
11
4.2138976377952755
21
-2.8180393700787403
0
LINE
8
CYAN2
6
CONTINUOUS
10
4.2138976377952755
20
-2.8180393700787403
11
4.2138976377952755
21
-2.8227992125984254
0
LINE
8
CYAN2
6
CONTINUOUS
10
4.2639015748031497
20
-2.8227992125984254
11
4.2353307086614178
21
-2.8227992125984254
0
LINE
8
CYAN2
6
CONTINUOUS
10
4.2496141732283466
20
-2.8227992125984254
11
4.2496141732283466
21
-2.7727992125984251
0
LINE
8
CYAN2
6
CONTINUOUS
10
4.2496141732283466
20
-2.7727992125984251
11
4.2448543307086615
21
-2.7799448818897639
0
LINE
8
CYAN2
6
CONTINUOUS
10
4.2448543307086615
20
-2.7799448818897639
11
4.2400905511811029
21
-2.7847047244094489
0
LINE
8
CYAN2
6
CONTINUOUS
10
4.2400905511811029
20
-2.7847047244094489
11
4.2353307086614178
21
-2.7870866141732287
0
LINE
8
CYAN2
6
CONTINUOUS
10
4.3067559055118112
20
-2.789468503937008
11
4.3067559055118112
21
-2.8227992125984254
0
LINE
8
CYAN2
6
CONTINUOUS
10
4.2853267716535433
20
-2.789468503937008
11
4.2853267716535433
21
-2.8156574803149605
0
LINE
8
CYAN2
6
CONTINUOUS
10
4.2853267716535433
20
-2.8156574803149605
11
4.287708661417323
21
-2.82042125984252
0
LINE
8
CYAN2
6
CONTINUOUS
10
4.287708661417323
20
-2.82042125984252
11
4.2924724409448825
21
-2.8227992125984254
0
LINE
8
CYAN2
6
CONTINUOUS
10
4.2924724409448825
20
-2.8227992125984254
11
4.2996141732283464
21
-2.8227992125984254
0
LINE
8
CYAN2
6
CONTINUOUS
10
4.2996141732283464
20
-2.8227992125984254
11
4.3043740157480315
21
-2.82042125984252
0
LINE
8
CYAN2
6
CONTINUOUS
10
4.3043740157480315
20
-2.82042125984252
11
4.3067559055118112
21
-2.8180393700787403
0
LINE
8
CYAN2
6
CONTINUOUS
10
4.3472322834645674
20
-2.7966102362204723
11
4.3305629921259845
21
-2.7966102362204723
0
LINE
8
CYAN2
6
CONTINUOUS
10
4.3305629921259845
20
-2.8227992125984254
11
4.3305629921259845
21
-2.7727992125984251
0
LINE
8
CYAN2
6
CONTINUOUS
10
4.3305629921259845
20
-2.7727992125984251
11
4.3543740157480313
21
-2.7727992125984251
0
LINE
8
RED2
6
CONTINUOUS
10
2.5100000000000002
20
-1.8500000000000001
11
2.5100000000000002
21
-1.6500000000000001
0
LINE
8
RED2
6
CONTINUOUS
10
2.5100000000000002
20
-1.6500000000000001
11
2.5900000000000003
21
-1.6500000000000001
0
LINE
8
RED2
6
CONTINUOUS
10
2.5900000000000003
20
-1.6500000000000001
11
2.5900000000000003
21
-1.8500000000000001
0
LINE
8
RED2
6
CONTINUOUS
10
2.5900000000000003
20
-1.8500000000000001
11
2.5100000000000002
21
-1.8500000000000001
0
LINE
8
RED2
6
CONTINUOUS
10
2.5500000000000003
20
-1.6500000000000001
11
2.5500000000000003
21
-1.6000000000000001
0
LINE
8
RED2
6
CONTINUOUS
10
2.5500000000000003
20
-1.8500000000000001
11
2.5500000000000003
21
-1.9000000000000001
0
LINE
8
CYAN2
6
CONTINUOUS
10
2.6948503937007877
20
-1.7227992125984253
11
2.6781850393700788
21
-1.698992125984252
0
LINE
8
CYAN2
6
CONTINUOUS
10
2.6662795275590554
20
-1.7227992125984253
11
2.6662795275590554
21
-1.6727992125984252
0
LINE
8
CYAN2
6
CONTINUOUS
10
2.6662795275590554
20
-1.6727992125984252
11
2.6853267716535436
21
-1.6727992125984252
0
LINE
8
CYAN2
6
CONTINUOUS
10
2.6853267716535436
20
-1.6727992125984252
11
2.6900905511811026
21
-1.6751811023622047
0
LINE
8
CYAN2
6
CONTINUOUS
10
2.6900905511811026
20
-1.6751811023622047
11
2.6924724409448819
21
-1.6775629921259843
0
LINE
8
CYAN2
6
CONTINUOUS
10
2.6924724409448819
20
-1.6775629921259843
11
2.6948503937007877
21
-1.6823228346456693
0
LINE
8
CYAN2
6
CONTINUOUS
10
2.6948503937007877
20
-1.6823228346456693
11
2.6948503937007877
21
-1.6894685039370079
0
LINE
8
CYAN2
6
CONTINUOUS
10
2.6948503937007877
20
-1.6894685039370079
11
2.6924724409448819
21
-1.694228346456693
0
LINE
8
CYAN2
6
CONTINUOUS
10
2.6924724409448819
20
-1.694228346456693
11
2.6900905511811026
21
-1.6966102362204725
0
LINE
8
CYAN2
6
CONTINUOUS
10
2.6900905511811026
20
-1.6966102362204725
11
2.6853267716535436
21
-1.698992125984252
0
LINE
8
CYAN2
6
CONTINUOUS
10
2.6853267716535436
20
-1.698992125984252
11
2.6662795275590554
21
-1.698992125984252
0
LINE
8
CYAN2
6
CONTINUOUS
10
2.7377086614173227
20
-1.6894685039370079
11
2.7377086614173227
21
-1.7227992125984253
0
LINE
8
CYAN2
6
CONTINUOUS
10
2.7258031496062993
20
-1.6704212598425197
11
2.7139015748031499
21
-1.7061338582677166
0
LINE
8
CYAN2
6
CONTINUOUS
10
2.7139015748031499
20
-1.7061338582677166
11
2.7448503937007875
21
-1.7061338582677166
0
LINE
8
CYAN2
6
CONTINUOUS
10
2.7591377952755907
20
-1.6727992125984252
11
2.7924685039370081
21
-1.6727992125984252
0
LINE
8
CYAN2
6
CONTINUOUS
10
2.7924685039370081
20
-1.6727992125984252
11
2.7710433070866141
21
-1.7227992125984253
0
LINE
8
CYAN2
6
CONTINUOUS
10
2.6924724409448819
20
-1.8227992125984254
11
2.6639015748031496
21
-1.8227992125984254
0
LINE
8
CYAN2
6
CONTINUOUS
10
2.6781850393700788
20
-1.8227992125984254
11
2.6781850393700788
21
-1.7727992125984253
0
LINE
8
CYAN2
6
CONTINUOUS
10
2.6781850393700788
20
-1.7727992125984253
11
2.6734251968503937
21
-1.7799448818897639
0
LINE
8
CYAN2
6
CONTINUOUS
10
2.6734251968503937
20
-1.7799448818897639
11
2.6686614173228347
21
-1.7847047244094489
0
LINE
8
CYAN2
6
CONTINUOUS
10
2.6686614173228347
20
-1.7847047244094489
11
2.6639015748031496
21
-1.7870866141732284
0
LINE
8
CYAN2
6
CONTINUOUS
10
2.7138976377952755
20
-1.8227992125984254
11
2.7138976377952755
21
-1.7727992125984253
0
LINE
8
CYAN2
6
CONTINUOUS
10
2.7424685039370078
20
-1.8227992125984254
11
2.7210433070866142
21
-1.794228346456693
0
LINE
8
CYAN2
6
CONTINUOUS
10
2.7424685039370078
20
-1.7727992125984253
11
2.7138976377952755
21
-1.8013700787401576
0
LINE
8
LYELLOW
6
CONTINUOUS
10
4.9500000000000002
20
-4.3500000000000005
11
5.0750000000000002
21
-4.3500000000000005
0
LINE
8
LYELLOW
6
CONTINUOUS
10
5.0750000000000002
20
-4.3500000000000005
11
4.9500000000000002
21
-4.3500000000000005
0
LINE
8
LYELLOW
6
CONTINUOUS
10
4.9500000000000002
20
-4.6500000000000004
11
5.0750000000000002
21
-4.6500000000000004
0
LINE
8
LYELLOW
6
CONTINUOUS
10
5.0750000000000002
20
-4.6500000000000004
11
4.9500000000000002
21
-4.6500000000000004
0
ARC
8
LYELLOW
10
5.0523622047244094
20
-4.4468503937007879
40
0.2046596657164219
50
-83.36310314
51
-15.05211443
0
ARC
8
LYELLOW
10
5.0539370078740156
20
-4.5511811023622046
40
0.2023872811448959
50
14.63024064
51
83.74153553
0
LINE
8
LYELLOW
6
CONTINUOUS
10
5.0750000000000002
20
-4.3500000000000005
11
4.9500000000000002
21
-4.3500000000000005
0
LINE
8
LYELLOW
6
CONTINUOUS
10
4.9500000000000002
20
-4.3500000000000005
11
4.96
21
-4.3660000000000005
0
LINE
8
LYELLOW
6
CONTINUOUS
10
4.96
20
-4.3660000000000005
11
4.9809999999999999
21
-4.4110000000000005
0
LINE
8
LYELLOW
6
CONTINUOUS
10
4.9809999999999999
20
-4.4110000000000005
11
4.9939999999999998
21
-4.4590000000000005
0
LINE
8
LYELLOW
6
CONTINUOUS
10
4.9939999999999998
20
-4.4590000000000005
11
4.9969999999999999
21
-4.5099999999999998
0
LINE
8
LYELLOW
6
CONTINUOUS
10
4.9969999999999999
20
-4.5099999999999998
11
4.9910000000000005
21
-4.5590000000000002
0
LINE
8
LYELLOW
6
CONTINUOUS
10
4.9910000000000005
20
-4.5590000000000002
11
4.9750000000000005
21
-4.6070000000000002
0
LINE
8
LYELLOW
6
CONTINUOUS
10
4.9750000000000005
20
-4.6070000000000002
11
4.9500000000000002
21
-4.6500000000000004
0
LINE
8
LYELLOW
6
CONTINUOUS
10
4.9500000000000002
20
-4.6500000000000004
11
5.0750000000000002
21
-4.6500000000000004
0
LINE
8
LYELLOW
6
CONTINUOUS
10
5.0750000000000002
20
-4.6500000000000004
11
5.0750000000000002
21
-4.3500000000000005
0
ARC
8
RED2
10
4.7401574803149611
20
-4.5
40
0.2579416272488141
50
-35.55800986
51
35.55800986
0
LINE
8
RED2
6
CONTINUOUS
10
4.9500000000000002
20
-4.3500000000000005
11
5.0750000000000002
21
-4.3500000000000005
0
LINE
8
RED2
6
CONTINUOUS
10
4.9500000000000002
20
-4.6500000000000004
11
5.0750000000000002
21
-4.6500000000000004
0
ARC
8
RED2
10
5.0523622047244094
20
-4.4468503937007879
40
0.2046596657164219
50
-83.36310314
51
-15.05211443
0
ARC
8
RED2
10
5.0539370078740156
20
-4.5511811023622046
40
0.2023872811448959
50
14.63024064
51
83.74153553
0
LINE
8
RED2
6
CONTINUOUS
10
5.0750000000000002
20
-4.3500000000000005
11
4.9500000000000002
21
-4.3500000000000005
0
LINE
8
RED2
6
CONTINUOUS
10
4.9500000000000002
20
-4.3500000000000005
11
4.96
21
-4.3660000000000005
0
LINE
8
RED2
6
CONTINUOUS
10
4.96
20
-4.3660000000000005
11
4.9809999999999999
21
-4.4110000000000005
0
LINE
8
RED2
6
CONTINUOUS
10
4.9809999999999999
20
-4.4110000000000005
11
4.9939999999999998
21
-4.4590000000000005
0
LINE
8
RED2
6
CONTINUOUS
10
4.9939999999999998
20
-4.4590000000000005
11
4.9969999999999999
21
-4.5099999999999998
0
LINE
8
RED2
6
CONTINUOUS
10
4.9969999999999999
20
-4.5099999999999998
11
4.9910000000000005
21
-4.5590000000000002
0
LINE
8
RED2
6
CONTINUOUS
10
4.9910000000000005
20
-4.5590000000000002
11
4.9750000000000005
21
-4.6070000000000002
0
LINE
8
RED2
6
CONTINUOUS
10
4.9750000000000005
20
-4.6070000000000002
11
4.9500000000000002
21
-4.6500000000000004
0
LINE
8
RED2
6
CONTINUOUS
10
4.9500000000000002
20
-4.6500000000000004
11
5.0750000000000002
21
-4.6500000000000004
0
LINE
8
RED2
6
CONTINUOUS
10
4.9699999999999998
20
-4.4000000000000004
11
4.7999999999999998
21
-4.4000000000000004
0
LINE
8
RED3
6
CONTINUOUS
10
4.8992874015748029
20
-4.3898779527559055
11
4.870716535433071
21
-4.3898779527559055
0
LINE
8
RED3
6
CONTINUOUS
10
4.8849999999999998
20
-4.3898779527559055
11
4.8849999999999998
21
-4.3398779527559057
0
LINE
8
RED3
6
CONTINUOUS
10
4.8849999999999998
20
-4.3398779527559057
11
4.8802401574803156
21
-4.347023622047244
0
LINE
8
RED3
6
CONTINUOUS
10
4.8802401574803156
20
-4.347023622047244
11
4.8754763779527561
21
-4.3517834645669291
0
LINE
8
RED3
6
CONTINUOUS
10
4.8754763779527561
20
-4.3517834645669291
11
4.870716535433071
21
-4.3541653543307088
0
LINE
8
RED2
6
CONTINUOUS
10
4.9699999999999998
20
-4.6000000000000005
11
4.7999999999999998
21
-4.6000000000000005
0
LINE
8
RED3
6
CONTINUOUS
10
4.870716535433071
20
-4.5446417322834645
11
4.8730944881889764
21
-4.5422598425196856
0
LINE
8
RED3
6
CONTINUOUS
10
4.8730944881889764
20
-4.5422598425196856
11
4.8778582677165359
21
-4.5398779527559059
0
LINE
8
RED3
6
CONTINUOUS
10
4.8778582677165359
20
-4.5398779527559059
11
4.8897637795275593
21
-4.5398779527559059
0
LINE
8
RED3
6
CONTINUOUS
10
4.8897637795275593
20
-4.5398779527559059
11
4.8945236220472443
21
-4.5422598425196856
0
LINE
8
RED3
6
CONTINUOUS
10
4.8945236220472443
20
-4.5422598425196856
11
4.8969055118110241
21
-4.5446417322834645
0
LINE
8
RED3
6
CONTINUOUS
10
4.8969055118110241
20
-4.5446417322834645
11
4.8992874015748029
21
-4.5494015748031496
0
LINE
8
RED3
6
CONTINUOUS
10
4.8992874015748029
20
-4.5494015748031496
11
4.8992874015748029
21
-4.554165354330709
0
LINE
8
RED3
6
CONTINUOUS
10
4.8992874015748029
20
-4.554165354330709
11
4.8969055118110241
21
-4.5613070866141738
0
LINE
8
RED3
6
CONTINUOUS
10
4.8969055118110241
20
-4.5613070866141738
11
4.8683346456692913
21
-4.5898779527559057
0
LINE
8
RED3
6
CONTINUOUS
10
4.8683346456692913
20
-4.5898779527559057
11
4.8992874015748029
21
-4.5898779527559057
0
LINE
8
RED2
6
CONTINUOUS
10
5.25
20
-4.5
11
5.4000000000000004
21
-4.5
0
LINE
8
RED3
6
CONTINUOUS
10
5.3083346456692917
20
-4.4398779527559054
11
5.3392874015748033
21
-4.4398779527559054
0
LINE
8
RED3
6
CONTINUOUS
10
5.3392874015748033
20
-4.4398779527559054
11
5.3226181102362204
21
-4.4589251968503936
0
LINE
8
RED3
6
CONTINUOUS
10
5.3226181102362204
20
-4.4589251968503936
11
5.3297637795275596
21
-4.4589251968503936
0
LINE
8
RED3
6
CONTINUOUS
10
5.3297637795275596
20
-4.4589251968503936
11
5.3345236220472447
21
-4.4613070866141733
0
LINE
8
RED3
6
CONTINUOUS
10
5.3345236220472447
20
-4.4613070866141733
11
5.3369055118110236
21
-4.463688976377953
0
LINE
8
RED3
6
CONTINUOUS
10
5.3369055118110236
20
-4.463688976377953
11
5.3392874015748033
21
-4.4684488188976381
0
LINE
8
RED3
6
CONTINUOUS
10
5.3392874015748033
20
-4.4684488188976381
11
5.3392874015748033
21
-4.4803543307086615
0
LINE
8
RED3
6
CONTINUOUS
10
5.3392874015748033
20
-4.4803543307086615
11
5.3369055118110236
21
-4.485118110236221
0
LINE
8
RED3
6
CONTINUOUS
10
5.3369055118110236
20
-4.485118110236221
11
5.3345236220472447
21
-4.4874999999999998
0
LINE
8
RED3
6
CONTINUOUS
10
5.3345236220472447
20
-4.4874999999999998
11
5.3297637795275596
21
-4.4898779527559061
0
LINE
8
RED3
6
CONTINUOUS
10
5.3297637795275596
20
-4.4898779527559061
11
5.3154763779527565
21
-4.4898779527559061
0
LINE
8
RED3
6
CONTINUOUS
10
5.3154763779527565
20
-4.4898779527559061
11
5.3107165354330714
21
-4.4874999999999998
0
LINE
8
RED3
6
CONTINUOUS
10
5.3107165354330714
20
-4.4874999999999998
11
5.3083346456692917
21
-4.485118110236221
0
LINE
8
CYAN2
6
CONTINUOUS
10
5.0166653543307085
20
-4.1228031496062991
11
5.0166653543307085
21
-4.1632795275590553
0
LINE
8
CYAN2
6
CONTINUOUS
10
5.0166653543307085
20
-4.1632795275590553
11
5.0190472440944882
21
-4.1680433070866147
0
LINE
8
CYAN2
6
CONTINUOUS
10
5.0190472440944882
20
-4.1680433070866147
11
5.0214291338582679
21
-4.1704251968503936
0
LINE
8
CYAN2
6
CONTINUOUS
10
5.0214291338582679
20
-4.1704251968503936
11
5.026188976377953
21
-4.1728031496062989
0
LINE
8
CYAN2
6
CONTINUOUS
10
5.026188976377953
20
-4.1728031496062989
11
5.0357125984251967
21
-4.1728031496062989
0
LINE
8
CYAN2
6
CONTINUOUS
10
5.0357125984251967
20
-4.1728031496062989
11
5.0404763779527562
21
-4.1704251968503936
0
LINE
8
CYAN2
6
CONTINUOUS
10
5.0404763779527562
20
-4.1704251968503936
11
5.0428582677165359
21
-4.1680433070866147
0
LINE
8
CYAN2
6
CONTINUOUS
10
5.0428582677165359
20
-4.1680433070866147
11
5.0452362204724412
21
-4.1632795275590553
0
LINE
8
CYAN2
6
CONTINUOUS
10
5.0452362204724412
20
-4.1632795275590553
11
5.0452362204724412
21
-4.1228031496062991
0
LINE
8
CYAN2
6
CONTINUOUS
10
5.0952401574803154
20
-4.1728031496062989
11
5.0666692913385827
21
-4.1728031496062989
0
LINE
8
CYAN2
6
CONTINUOUS
10
5.0809527559055123
20
-4.1728031496062989
11
5.0809527559055123
21
-4.1228031496062991
0
LINE
8
CYAN2
6
CONTINUOUS
10
5.0809527559055123
20
-4.1228031496062991
11
5.0761929133858272
21
-4.1299488188976383
0
LINE
8
CYAN2
6
CONTINUOUS
10
5.0761929133858272
20
-4.1299488188976383
11
5.0714291338582678
21
-4.1347086614173234
0
LINE
8
CYAN2
6
CONTINUOUS
10
5.0714291338582678
20
-4.1347086614173234
11
5.0666692913385827
21
-4.1370905511811022
0
LINE
8
CYAN2
6
CONTINUOUS
10
5.1190472440944887
20
-4.1728031496062989
11
5.1285708661417324
21
-4.1728031496062989
0
LINE
8
CYAN2
6
CONTINUOUS
10
5.1285708661417324
20
-4.1728031496062989
11
5.1333346456692919
21
-4.1704251968503936
0
LINE
8
CYAN2
6
CONTINUOUS
10
5.1333346456692919
20
-4.1704251968503936
11
5.1357125984251972
21
-4.1680433070866147
0
LINE
8
CYAN2
6
CONTINUOUS
10
5.1357125984251972
20
-4.1680433070866147
11
5.1404763779527558
21
-4.1608976377952755
0
LINE
8
CYAN2
6
CONTINUOUS
10
5.1404763779527558
20
-4.1608976377952755
11
5.1428582677165355
21
-4.1513740157480319
0
LINE
8
CYAN2
6
CONTINUOUS
10
5.1428582677165355
20
-4.1513740157480319
11
5.1428582677165355
21
-4.1323267716535437
0
LINE
8
CYAN2
6
CONTINUOUS
10
5.1428582677165355
20
-4.1323267716535437
11
5.1404763779527558
21
-4.1275669291338586
0
LINE
8
CYAN2
6
CONTINUOUS
10
5.1404763779527558
20
-4.1275669291338586
11
5.138094488188977
21
-4.1251850393700789
0
LINE
8
CYAN2
6
CONTINUOUS
10
5.138094488188977
20
-4.1251850393700789
11
5.1333346456692919
21
-4.1228031496062991
0
LINE
8
CYAN2
6
CONTINUOUS
10
5.1333346456692919
20
-4.1228031496062991
11
5.1238110236220473
21
-4.1228031496062991
0
LINE
8
CYAN2
6
CONTINUOUS
10
5.1238110236220473
20
-4.1228031496062991
11
5.1190472440944887
21
-4.1251850393700789
0
LINE
8
CYAN2
6
CONTINUOUS
10
5.1190472440944887
20
-4.1251850393700789
11
5.116665354330709
21
-4.1275669291338586
0
LINE
8
CYAN2
6
CONTINUOUS
10
5.116665354330709
20
-4.1275669291338586
11
5.1142874015748037
21
-4.1323267716535437
0
LINE
8
CYAN2
6
CONTINUOUS
10
5.1142874015748037
20
-4.1323267716535437
11
5.1142874015748037
21
-4.1442322834645671
0
LINE
8
CYAN2
6
CONTINUOUS
10
5.1142874015748037
20
-4.1442322834645671
11
5.116665354330709
21
-4.1489960629921265
0
LINE
8
CYAN2
6
CONTINUOUS
10
5.116665354330709
20
-4.1489960629921265
11
5.1190472440944887
21
-4.1513740157480319
0
LINE
8
CYAN2
6
CONTINUOUS
10
5.1190472440944887
20
-4.1513740157480319
11
5.1238110236220473
21
-4.1537559055118116
0
LINE
8
CYAN2
6
CONTINUOUS
10
5.1238110236220473
20
-4.1537559055118116
11
5.1333346456692919
21
-4.1537559055118116
0
LINE
8
CYAN2
6
CONTINUOUS
10
5.1333346456692919
20
-4.1537559055118116
11
5.138094488188977
21
-4.1513740157480319
0
LINE
8
CYAN2
6
CONTINUOUS
10
5.138094488188977
20
-4.1513740157480319
11
5.1404763779527558
21
-4.1489960629921265
0
LINE
8
CYAN2
6
CONTINUOUS
10
5.1404763779527558
20
-4.1489960629921265
11
5.1428582677165355
21
-4.1442322834645671
0
LINE
8
CYAN2
6
CONTINUOUS
10
5.1619055118110238
20
-4.1585196850393702
11
5.1857125984251971
21
-4.1585196850393702
0
LINE
8
CYAN2
6
CONTINUOUS
10
5.1571417322834652
20
-4.1728031496062989
11
5.1738070866141737
21
-4.1228031496062991
0
LINE
8
CYAN2
6
CONTINUOUS
10
5.1738070866141737
20
-4.1228031496062991
11
5.1904763779527565
21
-4.1728031496062989
0
LINE
8
CYAN2
6
CONTINUOUS
10
4.9678582677165357
20
-4.2228031496062997
11
5.0011889763779527
21
-4.2228031496062997
0
LINE
8
CYAN2
6
CONTINUOUS
10
5.0011889763779527
20
-4.2228031496062997
11
4.9797637795275591
21
-4.2728031496062995
0
LINE
8
CYAN2
6
CONTINUOUS
10
5.0416653543307088
20
-4.2394724409448816
11
5.0416653543307088
21
-4.2728031496062995
0
LINE
8
CYAN2
6
CONTINUOUS
10
5.0297598425196854
20
-4.2204251968503943
11
5.0178582677165355
21
-4.256137795275591
0
LINE
8
CYAN2
6
CONTINUOUS
10
5.0178582677165355
20
-4.256137795275591
11
5.0488070866141737
21
-4.256137795275591
0
LINE
8
CYAN2
6
CONTINUOUS
10
5.0916653543307087
20
-4.2728031496062995
11
5.0678543307086619
21
-4.2728031496062995
0
LINE
8
CYAN2
6
CONTINUOUS
10
5.0678543307086619
20
-4.2728031496062995
11
5.0678543307086619
21
-4.2228031496062997
0
LINE
8
CYAN2
6
CONTINUOUS
10
5.1059527559055118
20
-4.2704251968503941
11
5.1130944881889766
21
-4.2728031496062995
0
LINE
8
CYAN2
6
CONTINUOUS
10
5.1130944881889766
20
-4.2728031496062995
11
5.125
21
-4.2728031496062995
0
LINE
8
CYAN2
6
CONTINUOUS
10
5.125
20
-4.2728031496062995
11
5.1297598425196851
21
-4.2704251968503941
0
LINE
8
CYAN2
6
CONTINUOUS
10
5.1297598425196851
20
-4.2704251968503941
11
5.1321417322834648
21
-4.2680433070866144
0
LINE
8
CYAN2
6
CONTINUOUS
10
5.1321417322834648
20
-4.2680433070866144
11
5.1345236220472446
21
-4.2632795275590549
0
LINE
8
CYAN2
6
CONTINUOUS
10
5.1345236220472446
20
-4.2632795275590549
11
5.1345236220472446
21
-4.2585196850393698
0
LINE
8
CYAN2
6
CONTINUOUS
10
5.1345236220472446
20
-4.2585196850393698
11
5.1321417322834648
21
-4.2537559055118113
0
LINE
8
CYAN2
6
CONTINUOUS
10
5.1321417322834648
20
-4.2537559055118113
11
5.1297598425196851
21
-4.2513740157480315
0
LINE
8
CYAN2
6
CONTINUOUS
10
5.1297598425196851
20
-4.2513740157480315
11
5.125
21
-4.2489960629921262
0
LINE
8
CYAN2
6
CONTINUOUS
10
5.125
20
-4.2489960629921262
11
5.1154763779527563
21
-4.2466141732283464
0
LINE
8
CYAN2
6
CONTINUOUS
10
5.1154763779527563
20
-4.2466141732283464
11
5.1107125984251969
21
-4.2442322834645667
0
LINE
8
CYAN2
6
CONTINUOUS
10
5.1107125984251969
20
-4.2442322834645667
11
5.1083307086614171
21
-4.2418503937007879
0
LINE
8
CYAN2
6
CONTINUOUS
10
5.1083307086614171
20
-4.2418503937007879
11
5.1059527559055118
21
-4.2370905511811028
0
LINE
8
CYAN2
6
CONTINUOUS
10
5.1059527559055118
20
-4.2370905511811028
11
5.1059527559055118
21
-4.2323267716535433
0
LINE
8
CYAN2
6
CONTINUOUS
10
5.1059527559055118
20
-4.2323267716535433
11
5.1083307086614171
21
-4.2275669291338582
0
LINE
8
CYAN2
6
CONTINUOUS
10
5.1083307086614171
20
-4.2275669291338582
11
5.1107125984251969
21
-4.2251850393700785
0
LINE
8
CYAN2
6
CONTINUOUS
10
5.1107125984251969
20
-4.2251850393700785
11
5.1154763779527563
21
-4.2228031496062997
0
LINE
8
CYAN2
6
CONTINUOUS
10
5.1154763779527563
20
-4.2228031496062997
11
5.1273779527559054
21
-4.2228031496062997
0
LINE
8
CYAN2
6
CONTINUOUS
10
5.1273779527559054
20
-4.2228031496062997
11
5.1345236220472446
21
-4.2251850393700785
0
LINE
8
CYAN2
6
CONTINUOUS
10
5.151188976377953
20
-4.2228031496062997
11
5.1821417322834646
21
-4.2228031496062997
0
LINE
8
CYAN2
6
CONTINUOUS
10
5.1821417322834646
20
-4.2228031496062997
11
5.1654724409448818
21
-4.2418503937007879
0
LINE
8
CYAN2
6
CONTINUOUS
10
5.1654724409448818
20
-4.2418503937007879
11
5.172618110236221
21
-4.2418503937007879
0
LINE
8
CYAN2
6
CONTINUOUS
10
5.172618110236221
20
-4.2418503937007879
11
5.1773779527559061
21
-4.2442322834645667
0
LINE
8
CYAN2
6
CONTINUOUS
10
5.1773779527559061
20
-4.2442322834645667
11
5.1797598425196849
21
-4.2466141732283464
0
LINE
8
CYAN2
6
CONTINUOUS
10
5.1797598425196849
20
-4.2466141732283464
11
5.1821417322834646
21
-4.2513740157480315
0
LINE
8
CYAN2
6
CONTINUOUS
10
5.1821417322834646
20
-4.2513740157480315
11
5.1821417322834646
21
-4.2632795275590549
0
LINE
8
CYAN2
6
CONTINUOUS
10
5.1821417322834646
20
-4.2632795275590549
11
5.1797598425196849
21
-4.2680433070866144
0
LINE
8
CYAN2
6
CONTINUOUS
10
5.1797598425196849
20
-4.2680433070866144
11
5.1773779527559061
21
-4.2704251968503941
0
LINE
8
CYAN2
6
CONTINUOUS
10
5.1773779527559061
20
-4.2704251968503941
11
5.172618110236221
21
-4.2728031496062995
0
LINE
8
CYAN2
6
CONTINUOUS
10
5.172618110236221
20
-4.2728031496062995
11
5.1583307086614179
21
-4.2728031496062995
0
LINE
8
CYAN2
6
CONTINUOUS
10
5.1583307086614179
20
-4.2728031496062995
11
5.1535708661417328
21
-4.2704251968503941
0
LINE
8
CYAN2
6
CONTINUOUS
10
5.1535708661417328
20
-4.2704251968503941
11
5.151188976377953
21
-4.2680433070866144
0
LINE
8
CYAN2
6
CONTINUOUS
10
5.2011889763779529
20
-4.2275669291338582
11
5.2035669291338582
21
-4.2251850393700785
0
LINE
8
CYAN2
6
CONTINUOUS
10
5.2035669291338582
20
-4.2251850393700785
11
5.2083307086614177
21
-4.2228031496062997
0
LINE
8
CYAN2
6
CONTINUOUS
10
5.2083307086614177
20
-4.2228031496062997
11
5.2202362204724411
21
-4.2228031496062997
0
LINE
8
CYAN2
6
CONTINUOUS
10
5.2202362204724411
20
-4.2228031496062997
11
5.2249960629921262
21
-4.2251850393700785
0
LINE
8
CYAN2
6
CONTINUOUS
10
5.2249960629921262
20
-4.2251850393700785
11
5.2273779527559059
21
-4.2275669291338582
0
LINE
8
CYAN2
6
CONTINUOUS
10
5.2273779527559059
20
-4.2275669291338582
11
5.2297598425196856
21
-4.2323267716535433
0
LINE
8
CYAN2
6
CONTINUOUS
10
5.2297598425196856
20
-4.2323267716535433
11
5.2297598425196856
21
-4.2370905511811028
0
LINE
8
CYAN2
6
CONTINUOUS
10
5.2297598425196856
20
-4.2370905511811028
11
5.2273779527559059
21
-4.2442322834645667
0
LINE
8
CYAN2
6
CONTINUOUS
10
5.2273779527559059
20
-4.2442322834645667
11
5.1988070866141731
21
-4.2728031496062995
0
LINE
8
CYAN2
6
CONTINUOUS
10
5.1988070866141731
20
-4.2728031496062995
11
5.2297598425196856
21
-4.2728031496062995
0
LINE
8
RED2
6
CONTINUOUS
10
4.5
20
-7.4500000000000002
11
4.5
21
-7.5
0
LINE
8
RED2
6
CONTINUOUS
10
4.5
20
-7.5
11
4.5499999999999998
21
-7.5
0
LINE
8
RED2
6
CONTINUOUS
10
4.5499999999999998
20
-7.5
11
4.5
21
-7.5500000000000007
0
LINE
8
RED2
6
CONTINUOUS
10
4.5
20
-7.5500000000000007
11
4.4500000000000002
21
-7.5
0
LINE
8
RED2
6
CONTINUOUS
10
4.4500000000000002
20
-7.5
11
4.5
21
-7.5
0
LINE
8
CYAN2
6
CONTINUOUS
10
4.4619055118110236
20
-7.6251850393700789
11
4.457141732283465
21
-7.6228031496062991
0
LINE
8
CYAN2
6
CONTINUOUS
10
4.457141732283465
20
-7.6228031496062991
11
4.4500000000000002
21
-7.6228031496062991
0
LINE
8
CYAN2
6
CONTINUOUS
10
4.4500000000000002
20
-7.6228031496062991
11
4.4428582677165354
21
-7.6251850393700789
0
LINE
8
CYAN2
6
CONTINUOUS
10
4.4428582677165354
20
-7.6251850393700789
11
4.4380944881889768
21
-7.6299488188976383
0
LINE
8
CYAN2
6
CONTINUOUS
10
4.4380944881889768
20
-7.6299488188976383
11
4.4357125984251971
21
-7.6347086614173234
0
LINE
8
CYAN2
6
CONTINUOUS
10
4.4357125984251971
20
-7.6347086614173234
11
4.4333346456692917
21
-7.6442322834645671
0
LINE
8
CYAN2
6
CONTINUOUS
10
4.4333346456692917
20
-7.6442322834645671
11
4.4333346456692917
21
-7.6513740157480319
0
LINE
8
CYAN2
6
CONTINUOUS
10
4.4333346456692917
20
-7.6513740157480319
11
4.4357125984251971
21
-7.6608976377952755
0
LINE
8
CYAN2
6
CONTINUOUS
10
4.4357125984251971
20
-7.6608976377952755
11
4.4380944881889768
21
-7.665661417322835
0
LINE
8
CYAN2
6
CONTINUOUS
10
4.4380944881889768
20
-7.665661417322835
11
4.4428582677165354
21
-7.6704251968503936
0
LINE
8
CYAN2
6
CONTINUOUS
10
4.4428582677165354
20
-7.6704251968503936
11
4.4500000000000002
21
-7.6728031496062998
0
LINE
8
CYAN2
6
CONTINUOUS
10
4.4500000000000002
20
-7.6728031496062998
11
4.4547598425196853
21
-7.6728031496062998
0
LINE
8
CYAN2
6
CONTINUOUS
10
4.4547598425196853
20
-7.6728031496062998
11
4.4619055118110236
21
-7.6704251968503936
0
LINE
8
CYAN2
6
CONTINUOUS
10
4.4619055118110236
20
-7.6704251968503936
11
4.4642834645669289
21
-7.6680433070866147
0
LINE
8
CYAN2
6
CONTINUOUS
10
4.4642834645669289
20
-7.6680433070866147
11
4.4642834645669289
21
-7.6513740157480319
0
LINE
8
CYAN2
6
CONTINUOUS
10
4.4642834645669289
20
-7.6513740157480319
11
4.4547598425196853
21
-7.6513740157480319
0
LINE
8
CYAN2
6
CONTINUOUS
10
4.4857125984251969
20
-7.6728031496062998
11
4.4857125984251969
21
-7.6228031496062991
0
LINE
8
CYAN2
6
CONTINUOUS
10
4.4857125984251969
20
-7.6228031496062991
11
4.5142834645669296
21
-7.6728031496062998
0
LINE
8
CYAN2
6
CONTINUOUS
10
4.5142834645669296
20
-7.6728031496062998
11
4.5142834645669296
21
-7.6228031496062991
0
LINE
8
CYAN2
6
CONTINUOUS
10
4.5380944881889764
20
-7.6728031496062998
11
4.5380944881889764
21
-7.6228031496062991
0
LINE
8
CYAN2
6
CONTINUOUS
10
4.5380944881889764
20
-7.6228031496062991
11
4.5499999999999998
21
-7.6228031496062991
0
LINE
8
CYAN2
6
CONTINUOUS
10
4.5499999999999998
20
-7.6228031496062991
11
4.5571417322834646
21
-7.6251850393700789
0
LINE
8
CYAN2
6
CONTINUOUS
10
4.5571417322834646
20
-7.6251850393700789
11
4.5619055118110241
21
-7.6299488188976383
0
LINE
8
CYAN2
6
CONTINUOUS
10
4.5619055118110241
20
-7.6299488188976383
11
4.5642874015748029
21
-7.6347086614173234
0
LINE
8
CYAN2
6
CONTINUOUS
10
4.5642874015748029
20
-7.6347086614173234
11
4.5666653543307092
21
-7.6442322834645671
0
LINE
8
CYAN2
6
CONTINUOUS
10
4.5666653543307092
20
-7.6442322834645671
11
4.5666653543307092
21
-7.6513740157480319
0
LINE
8
CYAN2
6
CONTINUOUS
10
4.5666653543307092
20
-7.6513740157480319
11
4.5642874015748029
21
-7.6608976377952755
0
LINE
8
CYAN2
6
CONTINUOUS
10
4.5642874015748029
20
-7.6608976377952755
11
4.5619055118110241
21
-7.665661417322835
0
LINE
8
CYAN2
6
CONTINUOUS
10
4.5619055118110241
20
-7.665661417322835
11
4.5571417322834646
21
-7.6704251968503936
0
LINE
8
CYAN2
6
CONTINUOUS
10
4.5571417322834646
20
-7.6704251968503936
11
4.5499999999999998
21
-7.6728031496062998
0
LINE
8
CYAN2
6
CONTINUOUS
10
4.5499999999999998
20
-7.6728031496062998
11
4.5380944881889764
21
-7.6728031496062998
0
LINE
8
RED2
6
CONTINUOUS
10
3.1200000000000001
20
-1.45
11
3.1499999999999999
21
-1.4000000000000001
0
LINE
8
RED2
6
CONTINUOUS
10
3.1499999999999999
20
-1.4000000000000001
11
3.1800000000000002
21
-1.45
0
LINE
8
RED2
6
CONTINUOUS
10
3.1499999999999999
20
-1.5
11
3.1499999999999999
21
-1.4000000000000001
0
LINE
8
CYAN2
6
CONTINUOUS
10
3.0833307086614172
20
-1.2728031496062993
11
3.0999960629921262
21
-1.3228031496062993
0
LINE
8
CYAN2
6
CONTINUOUS
10
3.0999960629921262
20
-1.3228031496062993
11
3.1166653543307086
21
-1.2728031496062993
0
LINE
8
CYAN2
6
CONTINUOUS
10
3.1619015748031498
20
-1.3180433070866142
11
3.159523622047244
21
-1.3204251968503937
0
LINE
8
CYAN2
6
CONTINUOUS
10
3.159523622047244
20
-1.3204251968503937
11
3.1523779527559057
21
-1.3228031496062993
0
LINE
8
CYAN2
6
CONTINUOUS
10
3.1523779527559057
20
-1.3228031496062993
11
3.1476181102362206
21
-1.3228031496062993
0
LINE
8
CYAN2
6
CONTINUOUS
10
3.1476181102362206
20
-1.3228031496062993
11
3.1404763779527558
21
-1.3204251968503937
0
LINE
8
CYAN2
6
CONTINUOUS
10
3.1404763779527558
20
-1.3204251968503937
11
3.1357125984251968
21
-1.3156614173228347
0
LINE
8
CYAN2
6
CONTINUOUS
10
3.1357125984251968
20
-1.3156614173228347
11
3.1333307086614175
21
-1.3108976377952757
0
LINE
8
CYAN2
6
CONTINUOUS
10
3.1333307086614175
20
-1.3108976377952757
11
3.1309527559055121
21
-1.3013740157480316
0
LINE
8
CYAN2
6
CONTINUOUS
10
3.1309527559055121
20
-1.3013740157480316
11
3.1309527559055121
21
-1.294232283464567
0
LINE
8
CYAN2
6
CONTINUOUS
10
3.1309527559055121
20
-1.294232283464567
11
3.1333307086614175
21
-1.2847086614173229
0
LINE
8
CYAN2
6
CONTINUOUS
10
3.1333307086614175
20
-1.2847086614173229
11
3.1357125984251968
21
-1.2799488188976378
0
LINE
8
CYAN2
6
CONTINUOUS
10
3.1357125984251968
20
-1.2799488188976378
11
3.1404763779527558
21
-1.2751850393700788
0
LINE
8
CYAN2
6
CONTINUOUS
10
3.1404763779527558
20
-1.2751850393700788
11
3.1476181102362206
21
-1.2728031496062993
0
LINE
8
CYAN2
6
CONTINUOUS
10
3.1476181102362206
20
-1.2728031496062993
11
3.1523779527559057
21
-1.2728031496062993
0
LINE
8
CYAN2
6
CONTINUOUS
10
3.1523779527559057
20
-1.2728031496062993
11
3.159523622047244
21
-1.2751850393700788
0
LINE
8
CYAN2
6
CONTINUOUS
10
3.159523622047244
20
-1.2751850393700788
11
3.1619015748031498
21
-1.2775669291338583
0
LINE
8
CYAN2
6
CONTINUOUS
10
3.2119015748031496
20
-1.3180433070866142
11
3.2095236220472443
21
-1.3204251968503937
0
LINE
8
CYAN2
6
CONTINUOUS
10
3.2095236220472443
20
-1.3204251968503937
11
3.2023779527559055
21
-1.3228031496062993
0
LINE
8
CYAN2
6
CONTINUOUS
10
3.2023779527559055
20
-1.3228031496062993
11
3.1976181102362204
21
-1.3228031496062993
0
LINE
8
CYAN2
6
CONTINUOUS
10
3.1976181102362204
20
-1.3228031496062993
11
3.1904763779527561
21
-1.3204251968503937
0
LINE
8
CYAN2
6
CONTINUOUS
10
3.1904763779527561
20
-1.3204251968503937
11
3.1857125984251971
21
-1.3156614173228347
0
LINE
8
CYAN2
6
CONTINUOUS
10
3.1857125984251971
20
-1.3156614173228347
11
3.1833307086614173
21
-1.3108976377952757
0
LINE
8
CYAN2
6
CONTINUOUS
10
3.1833307086614173
20
-1.3108976377952757
11
3.180952755905512
21
-1.3013740157480316
0
LINE
8
CYAN2
6
CONTINUOUS
10
3.180952755905512
20
-1.3013740157480316
11
3.180952755905512
21
-1.294232283464567
0
LINE
8
CYAN2
6
CONTINUOUS
10
3.180952755905512
20
-1.294232283464567
11
3.1833307086614173
21
-1.2847086614173229
0
LINE
8
CYAN2
6
CONTINUOUS
10
3.1833307086614173
20
-1.2847086614173229
11
3.1857125984251971
21
-1.2799488188976378
0
LINE
8
CYAN2
6
CONTINUOUS
10
3.1857125984251971
20
-1.2799488188976378
11
3.1904763779527561
21
-1.2751850393700788
0
LINE
8
CYAN2
6
CONTINUOUS
10
3.1904763779527561
20
-1.2751850393700788
11
3.1976181102362204
21
-1.2728031496062993
0
LINE
8
CYAN2
6
CONTINUOUS
10
3.1976181102362204
20
-1.2728031496062993
11
3.2023779527559055
21
-1.2728031496062993
0
LINE
8
CYAN2
6
CONTINUOUS
10
3.2023779527559055
20
-1.2728031496062993
11
3.2095236220472443
21
-1.2751850393700788
0
LINE
8
CYAN2
6
CONTINUOUS
10
3.2095236220472443
20
-1.2751850393700788
11
3.2119015748031496
21
-1.2775669291338583
0
LINE
8
RED2
6
CONTINUOUS
10
2.4700000000000002
20
-2.7200000000000002
11
2.6299999999999999
21
-2.7200000000000002
0
LINE
8
RED2
6
CONTINUOUS
10
2.4700000000000002
20
-2.7800000000000002
11
2.6299999999999999
21
-2.7800000000000002
0
LINE
8
RED2
6
CONTINUOUS
10
2.5500000000000003
20
-2.71
11
2.5500000000000003
21
-2.6000000000000001
0
LINE
8
RED2
6
CONTINUOUS
10
2.5500000000000003
20
-2.79
11
2.5500000000000003
21
-2.8999999999999999
0
LINE
8
CYAN2
6
CONTINUOUS
10
2.7448503937007875
20
-2.7180393700787402
11
2.7424724409448822
21
-2.7204212598425199
0
LINE
8
CYAN2
6
CONTINUOUS
10
2.7424724409448822
20
-2.7204212598425199
11
2.7353267716535434
21
-2.7227992125984253
0
LINE
8
CYAN2
6
CONTINUOUS
10
2.7353267716535434
20
-2.7227992125984253
11
2.7305669291338583
21
-2.7227992125984253
0
LINE
8
CYAN2
6
CONTINUOUS
10
2.7305669291338583
20
-2.7227992125984253
11
2.723425196850394
21
-2.7204212598425199
0
LINE
8
CYAN2
6
CONTINUOUS
10
2.723425196850394
20
-2.7204212598425199
11
2.718661417322835
21
-2.7156574803149609
0
LINE
8
CYAN2
6
CONTINUOUS
10
2.718661417322835
20
-2.7156574803149609
11
2.7162795275590552
21
-2.7108937007874019
0
LINE
8
CYAN2
6
CONTINUOUS
10
2.7162795275590552
20
-2.7108937007874019
11
2.7139015748031499
21
-2.7013700787401578
0
LINE
8
CYAN2
6
CONTINUOUS
10
2.7139015748031499
20
-2.7013700787401578
11
2.7139015748031499
21
-2.694228346456693
0
LINE
8
CYAN2
6
CONTINUOUS
10
2.7139015748031499
20
-2.694228346456693
11
2.7162795275590552
21
-2.6847047244094489
0
LINE
8
CYAN2
6
CONTINUOUS
10
2.7162795275590552
20
-2.6847047244094489
11
2.718661417322835
21
-2.6799448818897638
0
LINE
8
CYAN2
6
CONTINUOUS
10
2.718661417322835
20
-2.6799448818897638
11
2.723425196850394
21
-2.6751811023622047
0
LINE
8
CYAN2
6
CONTINUOUS
10
2.723425196850394
20
-2.6751811023622047
11
2.7305669291338583
21
-2.6727992125984255
0
LINE
8
CYAN2
6
CONTINUOUS
10
2.7305669291338583
20
-2.6727992125984255
11
2.7353267716535434
21
-2.6727992125984255
0
LINE
8
CYAN2
6
CONTINUOUS
10
2.7353267716535434
20
-2.6727992125984255
11
2.7424724409448822
21
-2.6751811023622047
0
LINE
8
CYAN2
6
CONTINUOUS
10
2.7424724409448822
20
-2.6751811023622047
11
2.7448503937007875
21
-2.6775629921259845
0
LINE
8
CYAN2
6
CONTINUOUS
10
2.787708661417323
20
-2.6894685039370079
11
2.787708661417323
21
-2.7227992125984253
0
LINE
8
CYAN2
6
CONTINUOUS
10
2.7758031496062991
20
-2.6704212598425197
11
2.7639015748031497
21
-2.7061338582677168
0
LINE
8
CYAN2
6
CONTINUOUS
10
2.7639015748031497
20
-2.7061338582677168
11
2.7948503937007874
21
-2.7061338582677168
0
LINE
8
CYAN2
6
CONTINUOUS
10
2.7258031496062993
20
-2.7727992125984251
11
2.7305669291338583
21
-2.7727992125984251
0
LINE
8
CYAN2
6
CONTINUOUS
10
2.7305669291338583
20
-2.7727992125984251
11
2.7353267716535434
21
-2.7751811023622048
0
LINE
8
CYAN2
6
CONTINUOUS
10
2.7353267716535434
20
-2.7751811023622048
11
2.7377086614173227
21
-2.7775629921259846
0
LINE
8
CYAN2
6
CONTINUOUS
10
2.7377086614173227
20
-2.7775629921259846
11
2.7400905511811025
21
-2.7823228346456692
0
LINE
8
CYAN2
6
CONTINUOUS
10
2.7400905511811025
20
-2.7823228346456692
11
2.7424724409448822
21
-2.7918464566929133
0
LINE
8
CYAN2
6
CONTINUOUS
10
2.7424724409448822
20
-2.7918464566929133
11
2.7424724409448822
21
-2.8037519685039372
0
LINE
8
CYAN2
6
CONTINUOUS
10
2.7424724409448822
20
-2.8037519685039372
11
2.7400905511811025
21
-2.8132755905511813
0
LINE
8
CYAN2
6
CONTINUOUS
10
2.7400905511811025
20
-2.8132755905511813
11
2.7377086614173227
21
-2.8180393700787403
0
LINE
8
CYAN2
6
CONTINUOUS
10
2.7377086614173227
20
-2.8180393700787403
11
2.7353267716535434
21
-2.82042125984252
0
LINE
8
CYAN2
6
CONTINUOUS
10
2.7353267716535434
20
-2.82042125984252
11
2.7305669291338583
21
-2.8227992125984254
0
LINE
8
CYAN2
6
CONTINUOUS
10
2.7305669291338583
20
-2.8227992125984254
11
2.7258031496062993
21
-2.8227992125984254
0
LINE
8
CYAN2
6
CONTINUOUS
10
2.7258031496062993
20
-2.8227992125984254
11
2.7210433070866142
21
-2.82042125984252
0
LINE
8
CYAN2
6
CONTINUOUS
10
2.7210433070866142
20
-2.82042125984252
11
2.718661417322835
21
-2.8180393700787403
0
LINE
8
CYAN2
6
CONTINUOUS
10
2.718661417322835
20
-2.8180393700787403
11
2.7162795275590552
21
-2.8132755905511813
0
LINE
8
CYAN2
6
CONTINUOUS
10
2.7162795275590552
20
-2.8132755905511813
11
2.7139015748031499
21
-2.8037519685039372
0
LINE
8
CYAN2
6
CONTINUOUS
10
2.7139015748031499
20
-2.8037519685039372
11
2.7139015748031499
21
-2.7918464566929133
0
LINE
8
CYAN2
6
CONTINUOUS
10
2.7139015748031499
20
-2.7918464566929133
11
2.7162795275590552
21
-2.7823228346456692
0
LINE
8
CYAN2
6
CONTINUOUS
10
2.7162795275590552
20
-2.7823228346456692
11
2.718661417322835
21
-2.7775629921259846
0
LINE
8
CYAN2
6
CONTINUOUS
10
2.718661417322835
20
-2.7775629921259846
11
2.7210433070866142
21
-2.7751811023622048
0
LINE
8
CYAN2
6
CONTINUOUS
10
2.7210433070866142
20
-2.7751811023622048
11
2.7258031496062993
21
-2.7727992125984251
0
LINE
8
CYAN2
6
CONTINUOUS
10
2.7638976377952758
20
-2.8180393700787403
11
2.766279527559055
21
-2.82042125984252
0
LINE
8
CYAN2
6
CONTINUOUS
10
2.766279527559055
20
-2.82042125984252
11
2.7638976377952758
21
-2.8227992125984254
0
LINE
8
CYAN2
6
CONTINUOUS
10
2.7638976377952758
20
-2.8227992125984254
11
2.7615196850393704
21
-2.82042125984252
0
LINE
8
CYAN2
6
CONTINUOUS
10
2.7615196850393704
20
-2.82042125984252
11
2.7638976377952758
21
-2.8180393700787403
0
LINE
8
CYAN2
6
CONTINUOUS
10
2.7638976377952758
20
-2.8180393700787403
11
2.7638976377952758
21
-2.8227992125984254
0
LINE
8
CYAN2
6
CONTINUOUS
10
2.7972322834645671
20
-2.7727992125984251
11
2.8019960629921261
21
-2.7727992125984251
0
LINE
8
CYAN2
6
CONTINUOUS
10
2.8019960629921261
20
-2.7727992125984251
11
2.8067559055118112
21
-2.7751811023622048
0
LINE
8
CYAN2
6
CONTINUOUS
10
2.8067559055118112
20
-2.7751811023622048
11
2.8091377952755905
21
-2.7775629921259846
0
LINE
8
CYAN2
6
CONTINUOUS
10
2.8091377952755905
20
-2.7775629921259846
11
2.8115196850393702
21
-2.7823228346456692
0
LINE
8
CYAN2
6
CONTINUOUS
10
2.8115196850393702
20
-2.7823228346456692
11
2.8139015748031495
21
-2.7918464566929133
0
LINE
8
CYAN2
6
CONTINUOUS
10
2.8139015748031495
20
-2.7918464566929133
11
2.8139015748031495
21
-2.8037519685039372
0
LINE
8
CYAN2
6
CONTINUOUS
10
2.8139015748031495
20
-2.8037519685039372
11
2.8115196850393702
21
-2.8132755905511813
0
LINE
8
CYAN2
6
CONTINUOUS
10
2.8115196850393702
20
-2.8132755905511813
11
2.8091377952755905
21
-2.8180393700787403
0
LINE
8
CYAN2
6
CONTINUOUS
10
2.8091377952755905
20
-2.8180393700787403
11
2.8067559055118112
21
-2.82042125984252
0
LINE
8
CYAN2
6
CONTINUOUS
10
2.8067559055118112
20
-2.82042125984252
11
2.8019960629921261
21
-2.8227992125984254
0
LINE
8
CYAN2
6
CONTINUOUS
10
2.8019960629921261
20
-2.8227992125984254
11
2.7972322834645671
21
-2.8227992125984254
0
LINE
8
CYAN2
6
CONTINUOUS
10
2.7972322834645671
20
-2.8227992125984254
11
2.792472440944882
21
-2.82042125984252
0
LINE
8
CYAN2
6
CONTINUOUS
10
2.792472440944882
20
-2.82042125984252
11
2.7900905511811023
21
-2.8180393700787403
0
LINE
8
CYAN2
6
CONTINUOUS
10
2.7900905511811023
20
-2.8180393700787403
11
2.787708661417323
21
-2.8132755905511813
0
LINE
8
CYAN2
6
CONTINUOUS
10
2.787708661417323
20
-2.8132755905511813
11
2.7853307086614176
21
-2.8037519685039372
0
LINE
8
CYAN2
6
CONTINUOUS
10
2.7853307086614176
20
-2.8037519685039372
11
2.7853307086614176
21
-2.7918464566929133
0
LINE
8
CYAN2
6
CONTINUOUS
10
2.7853307086614176
20
-2.7918464566929133
11
2.787708661417323
21
-2.7823228346456692
0
LINE
8
CYAN2
6
CONTINUOUS
10
2.787708661417323
20
-2.7823228346456692
11
2.7900905511811023
21
-2.7775629921259846
0
LINE
8
CYAN2
6
CONTINUOUS
10
2.7900905511811023
20
-2.7775629921259846
11
2.792472440944882
21
-2.7751811023622048
0
LINE
8
CYAN2
6
CONTINUOUS
10
2.792472440944882
20
-2.7751811023622048
11
2.7972322834645671
21
-2.7727992125984251
0
LINE
8
CYAN2
6
CONTINUOUS
10
2.86151968503937
20
-2.8227992125984254
11
2.8329488188976377
21
-2.8227992125984254
0
LINE
8
CYAN2
6
CONTINUOUS
10
2.8472322834645669
20
-2.8227992125984254
11
2.8472322834645669
21
-2.7727992125984251
0
LINE
8
CYAN2
6
CONTINUOUS
10
2.8472322834645669
20
-2.7727992125984251
11
2.8424724409448818
21
-2.7799448818897639
0
LINE
8
CYAN2
6
CONTINUOUS
10
2.8424724409448818
20
-2.7799448818897639
11
2.8377086614173228
21
-2.7847047244094489
0
LINE
8
CYAN2
6
CONTINUOUS
10
2.8377086614173228
20
-2.7847047244094489
11
2.8329488188976377
21
-2.7870866141732287
0
LINE
8
CYAN2
6
CONTINUOUS
10
2.9043740157480316
20
-2.789468503937008
11
2.9043740157480316
21
-2.8227992125984254
0
LINE
8
CYAN2
6
CONTINUOUS
10
2.8829448818897641
20
-2.789468503937008
11
2.8829448818897641
21
-2.8156574803149605
0
LINE
8
CYAN2
6
CONTINUOUS
10
2.8829448818897641
20
-2.8156574803149605
11
2.8853267716535433
21
-2.82042125984252
0
LINE
8
CYAN2
6
CONTINUOUS
10
2.8853267716535433
20
-2.82042125984252
11
2.8900905511811024
21
-2.8227992125984254
0
LINE
8
CYAN2
6
CONTINUOUS
10
2.8900905511811024
20
-2.8227992125984254
11
2.8972322834645672
21
-2.8227992125984254
0
LINE
8
CYAN2
6
CONTINUOUS
10
2.8972322834645672
20
-2.8227992125984254
11
2.9019921259842523
21
-2.82042125984252
0
LINE
8
CYAN2
6
CONTINUOUS
10
2.9019921259842523
20
-2.82042125984252
11
2.9043740157480316
21
-2.8180393700787403
0
LINE
8
CYAN2
6
CONTINUOUS
10
2.9448503937007877
20
-2.7966102362204723
11
2.9281811023622049
21
-2.7966102362204723
0
LINE
8
CYAN2
6
CONTINUOUS
10
2.9281811023622049
20
-2.8227992125984254
11
2.9281811023622049
21
-2.7727992125984251
0
LINE
8
CYAN2
6
CONTINUOUS
10
2.9281811023622049
20
-2.7727992125984251
11
2.9519921259842521
21
-2.7727992125984251
0
LINE
8
RED2
6
CONTINUOUS
10
8.3100000000000005
20
-1.7
11
8.3100000000000005
21
-1.5
0
LINE
8
RED2
6
CONTINUOUS
10
8.3100000000000005
20
-1.5
11
8.3900000000000006
21
-1.5
0
LINE
8
RED2
6
CONTINUOUS
10
8.3900000000000006
20
-1.5
11
8.3900000000000006
21
-1.7
0
LINE
8
RED2
6
CONTINUOUS
10
8.3900000000000006
20
-1.7
11
8.3100000000000005
21
-1.7
0
LINE
8
RED2
6
CONTINUOUS
10
8.3499999999999996
20
-1.5
11
8.3499999999999996
21
-1.45
0
LINE
8
RED2
6
CONTINUOUS
10
8.3499999999999996
20
-1.7
11
8.3499999999999996
21
-1.75
0
LINE
8
CYAN2
6
CONTINUOUS
10
8.4948503937007871
20
-1.5727992125984254
11
8.4781850393700786
21
-1.5489921259842521
0
LINE
8
CYAN2
6
CONTINUOUS
10
8.4662795275590561
20
-1.5727992125984254
11
8.4662795275590561
21
-1.5227992125984253
0
LINE
8
CYAN2
6
CONTINUOUS
10
8.4662795275590561
20
-1.5227992125984253
11
8.4853267716535434
21
-1.5227992125984253
0
LINE
8
CYAN2
6
CONTINUOUS
10
8.4853267716535434
20
-1.5227992125984253
11
8.4900905511811029
21
-1.5251811023622048
0
LINE
8
CYAN2
6
CONTINUOUS
10
8.4900905511811029
20
-1.5251811023622048
11
8.4924724409448817
21
-1.5275629921259843
0
LINE
8
CYAN2
6
CONTINUOUS
10
8.4924724409448817
20
-1.5275629921259843
11
8.4948503937007871
21
-1.5323228346456694
0
LINE
8
CYAN2
6
CONTINUOUS
10
8.4948503937007871
20
-1.5323228346456694
11
8.4948503937007871
21
-1.539468503937008
0
LINE
8
CYAN2
6
CONTINUOUS
10
8.4948503937007871
20
-1.539468503937008
11
8.4924724409448817
21
-1.544228346456693
0
LINE
8
CYAN2
6
CONTINUOUS
10
8.4924724409448817
20
-1.544228346456693
11
8.4900905511811029
21
-1.5466102362204726
0
LINE
8
CYAN2
6
CONTINUOUS
10
8.4900905511811029
20
-1.5466102362204726
11
8.4853267716535434
21
-1.5489921259842521
0
LINE
8
CYAN2
6
CONTINUOUS
10
8.4853267716535434
20
-1.5489921259842521
11
8.4662795275590561
21
-1.5489921259842521
0
LINE
8
CYAN2
6
CONTINUOUS
10
8.5400905511811018
20
-1.5227992125984253
11
8.516279527559055
21
-1.5227992125984253
0
LINE
8
CYAN2
6
CONTINUOUS
10
8.516279527559055
20
-1.5227992125984253
11
8.5139015748031497
21
-1.5466102362204726
0
LINE
8
CYAN2
6
CONTINUOUS
10
8.5139015748031497
20
-1.5466102362204726
11
8.516279527559055
21
-1.544228346456693
0
LINE
8
CYAN2
6
CONTINUOUS
10
8.516279527559055
20
-1.544228346456693
11
8.5210433070866145
21
-1.5418464566929135
0
LINE
8
CYAN2
6
CONTINUOUS
10
8.5210433070866145
20
-1.5418464566929135
11
8.5329488188976388
21
-1.5418464566929135
0
LINE
8
CYAN2
6
CONTINUOUS
10
8.5329488188976388
20
-1.5418464566929135
11
8.537708661417323
21
-1.544228346456693
0
LINE
8
CYAN2
6
CONTINUOUS
10
8.537708661417323
20
-1.544228346456693
11
8.5400905511811018
21
-1.5466102362204726
0
LINE
8
CYAN2
6
CONTINUOUS
10
8.5400905511811018
20
-1.5466102362204726
11
8.5424724409448825
21
-1.5513700787401576
0
LINE
8
CYAN2
6
CONTINUOUS
10
8.5424724409448825
20
-1.5513700787401576
11
8.5424724409448825
21
-1.5632755905511813
0
LINE
8
CYAN2
6
CONTINUOUS
10
8.5424724409448825
20
-1.5632755905511813
11
8.5400905511811018
21
-1.5680393700787403
0
LINE
8
CYAN2
6
CONTINUOUS
10
8.5400905511811018
20
-1.5680393700787403
11
8.537708661417323
21
-1.5704212598425198
0
LINE
8
CYAN2
6
CONTINUOUS
10
8.537708661417323
20
-1.5704212598425198
11
8.5329488188976388
21
-1.5727992125984254
0
LINE
8
CYAN2
6
CONTINUOUS
10
8.5329488188976388
20
-1.5727992125984254
11
8.5210433070866145
21
-1.5727992125984254
0
LINE
8
CYAN2
6
CONTINUOUS
10
8.5210433070866145
20
-1.5727992125984254
11
8.516279527559055
21
-1.5704212598425198
0
LINE
8
CYAN2
6
CONTINUOUS
10
8.516279527559055
20
-1.5704212598425198
11
8.5139015748031497
21
-1.5680393700787403
0
LINE
8
CYAN2
6
CONTINUOUS
10
8.5591377952755909
20
-1.5227992125984253
11
8.5900905511811025
21
-1.5227992125984253
0
LINE
8
CYAN2
6
CONTINUOUS
10
8.5900905511811025
20
-1.5227992125984253
11
8.5734212598425206
21
-1.5418464566929135
0
LINE
8
CYAN2
6
CONTINUOUS
10
8.5734212598425206
20
-1.5418464566929135
11
8.5805669291338589
21
-1.5418464566929135
0
LINE
8
CYAN2
6
CONTINUOUS
10
8.5805669291338589
20
-1.5418464566929135
11
8.5853267716535431
21
-1.544228346456693
0
LINE
8
CYAN2
6
CONTINUOUS
10
8.5853267716535431
20
-1.544228346456693
11
8.5877086614173237
21
-1.5466102362204726
0
LINE
8
CYAN2
6
CONTINUOUS
10
8.5877086614173237
20
-1.5466102362204726
11
8.5900905511811025
21
-1.5513700787401576
0
LINE
8
CYAN2
6
CONTINUOUS
10
8.5900905511811025
20
-1.5513700787401576
11
8.5900905511811025
21
-1.5632755905511813
0
LINE
8
CYAN2
6
CONTINUOUS
10
8.5900905511811025
20
-1.5632755905511813
11
8.5877086614173237
21
-1.5680393700787403
0
LINE
8
CYAN2
6
CONTINUOUS
10
8.5877086614173237
20
-1.5680393700787403
11
8.5853267716535431
21
-1.5704212598425198
0
LINE
8
CYAN2
6
CONTINUOUS
10
8.5853267716535431
20
-1.5704212598425198
11
8.5805669291338589
21
-1.5727992125984254
0
LINE
8
CYAN2
6
CONTINUOUS
10
8.5805669291338589
20
-1.5727992125984254
11
8.5662795275590558
21
-1.5727992125984254
0
LINE
8
CYAN2
6
CONTINUOUS
10
8.5662795275590558
20
-1.5727992125984254
11
8.5615196850393698
21
-1.5704212598425198
0
LINE
8
CYAN2
6
CONTINUOUS
10
8.5615196850393698
20
-1.5704212598425198
11
8.5591377952755909
21
-1.5680393700787403
0
LINE
8
CYAN2
6
CONTINUOUS
10
8.4924724409448817
20
-1.6727992125984252
11
8.4639015748031508
21
-1.6727992125984252
0
LINE
8
CYAN2
6
CONTINUOUS
10
8.4781850393700786
20
-1.6727992125984252
11
8.4781850393700786
21
-1.6227992125984252
0
LINE
8
CYAN2
6
CONTINUOUS
10
8.4781850393700786
20
-1.6227992125984252
11
8.4734251968503944
21
-1.6299448818897639
0
LINE
8
CYAN2
6
CONTINUOUS
10
8.4734251968503944
20
-1.6299448818897639
11
8.468661417322835
21
-1.6347047244094488
0
LINE
8
CYAN2
6
CONTINUOUS
10
8.468661417322835
20
-1.6347047244094488
11
8.4639015748031508
21
-1.6370866141732283
0
LINE
8
CYAN2
6
CONTINUOUS
10
8.5138976377952762
20
-1.6727992125984252
11
8.5138976377952762
21
-1.6227992125984252
0
LINE
8
CYAN2
6
CONTINUOUS
10
8.542468503937009
20
-1.6727992125984252
11
8.5210433070866145
21
-1.6442283464566929
0
LINE
8
CYAN2
6
CONTINUOUS
10
8.542468503937009
20
-1.6227992125984252
11
8.5138976377952762
21
-1.6513700787401575
0
ARC
8
LYELLOW
10
6.9493307086614173
20
-4.4500000000000002
40
0.1500014931622212
50
-89.74435124
51
89.74435124
0
LINE
8
LYELLOW
6
CONTINUOUS
10
6.9500000000000002
20
-4.2999999999999998
11
6.7999999999999998
21
-4.2999999999999998
0
LINE
8
LYELLOW
6
CONTINUOUS
10
6.7999999999999998
20
-4.2999999999999998
11
6.7999999999999998
21
-4.6000000000000005
0
LINE
8
LYELLOW
6
CONTINUOUS
10
6.7999999999999998
20
-4.6000000000000005
11
6.9500000000000002
21
-4.6000000000000005
0
LINE
8
LYELLOW
6
CONTINUOUS
10
6.9500000000000002
20
-4.6000000000000005
11
6.9500000000000002
21
-4.2999999999999998
0
ARC
8
RED2
10
6.9493307086614173
20
-4.4500000000000002
40
0.1500014931622212
50
-89.74435124
51
89.74435124
0
LINE
8
RED2
6
CONTINUOUS
10
6.9500000000000002
20
-4.2999999999999998
11
6.7999999999999998
21
-4.2999999999999998
0
LINE
8
RED2
6
CONTINUOUS
10
6.7999999999999998
20
-4.2999999999999998
11
6.7999999999999998
21
-4.6000000000000005
0
LINE
8
RED2
6
CONTINUOUS
10
6.7999999999999998
20
-4.6000000000000005
11
6.9500000000000002
21
-4.6000000000000005
0
LINE
8
RED2
6
CONTINUOUS
10
6.7999999999999998
20
-4.3500000000000005
11
6.6500000000000004
21
-4.3500000000000005
0
LINE
8
RED3
6
CONTINUOUS
10
6.715476377952756
20
-4.3398779527559057
11
6.7250000000000005
21
-4.3398779527559057
0
LINE
8
RED3
6
CONTINUOUS
10
6.7250000000000005
20
-4.3398779527559057
11
6.7297637795275591
21
-4.3375000000000004
0
LINE
8
RED3
6
CONTINUOUS
10
6.7297637795275591
20
-4.3375000000000004
11
6.7321417322834645
21
-4.3351181102362206
0
LINE
8
RED3
6
CONTINUOUS
10
6.7321417322834645
20
-4.3351181102362206
11
6.7369055118110239
21
-4.3279724409448823
0
LINE
8
RED3
6
CONTINUOUS
10
6.7369055118110239
20
-4.3279724409448823
11
6.7392874015748037
21
-4.3184488188976378
0
LINE
8
RED3
6
CONTINUOUS
10
6.7392874015748037
20
-4.3184488188976378
11
6.7392874015748037
21
-4.2994015748031496
0
LINE
8
RED3
6
CONTINUOUS
10
6.7392874015748037
20
-4.2994015748031496
11
6.7369055118110239
21
-4.2946417322834645
0
LINE
8
RED3
6
CONTINUOUS
10
6.7369055118110239
20
-4.2946417322834645
11
6.7345236220472442
21
-4.2922598425196856
0
LINE
8
RED3
6
CONTINUOUS
10
6.7345236220472442
20
-4.2922598425196856
11
6.7297637795275591
21
-4.2898779527559059
0
LINE
8
RED3
6
CONTINUOUS
10
6.7297637795275591
20
-4.2898779527559059
11
6.7202401574803154
21
-4.2898779527559059
0
LINE
8
RED3
6
CONTINUOUS
10
6.7202401574803154
20
-4.2898779527559059
11
6.715476377952756
21
-4.2922598425196856
0
LINE
8
RED3
6
CONTINUOUS
10
6.715476377952756
20
-4.2922598425196856
11
6.7130944881889762
21
-4.2946417322834645
0
LINE
8
RED3
6
CONTINUOUS
10
6.7130944881889762
20
-4.2946417322834645
11
6.7107165354330709
21
-4.2994015748031496
0
LINE
8
RED3
6
CONTINUOUS
10
6.7107165354330709
20
-4.2994015748031496
11
6.7107165354330709
21
-4.3113070866141738
0
LINE
8
RED3
6
CONTINUOUS
10
6.7107165354330709
20
-4.3113070866141738
11
6.7130944881889762
21
-4.3160708661417324
0
LINE
8
RED3
6
CONTINUOUS
10
6.7130944881889762
20
-4.3160708661417324
11
6.715476377952756
21
-4.3184488188976378
0
LINE
8
RED3
6
CONTINUOUS
10
6.715476377952756
20
-4.3184488188976378
11
6.7202401574803154
21
-4.3208307086614175
0
LINE
8
RED3
6
CONTINUOUS
10
6.7202401574803154
20
-4.3208307086614175
11
6.7297637795275591
21
-4.3208307086614175
0
LINE
8
RED3
6
CONTINUOUS
10
6.7297637795275591
20
-4.3208307086614175
11
6.7345236220472442
21
-4.3184488188976378
0
LINE
8
RED3
6
CONTINUOUS
10
6.7345236220472442
20
-4.3184488188976378
11
6.7369055118110239
21
-4.3160708661417324
0
LINE
8
RED3
6
CONTINUOUS
10
6.7369055118110239
20
-4.3160708661417324
11
6.7392874015748037
21
-4.3113070866141738
0
LINE
8
RED2
6
CONTINUOUS
10
6.7999999999999998
20
-4.5499999999999998
11
6.6500000000000004
21
-4.5499999999999998
0
LINE
8
RED3
6
CONTINUOUS
10
6.715476377952756
20
-4.5398779527559059
11
6.6869055118110241
21
-4.5398779527559059
0
LINE
8
RED3
6
CONTINUOUS
10
6.7011889763779529
20
-4.5398779527559059
11
6.7011889763779529
21
-4.4898779527559061
0
LINE
8
RED3
6
CONTINUOUS
10
6.7011889763779529
20
-4.4898779527559061
11
6.6964291338582678
21
-4.4970236220472444
0
LINE
8
RED3
6
CONTINUOUS
10
6.6964291338582678
20
-4.4970236220472444
11
6.6916653543307092
21
-4.5017834645669295
0
LINE
8
RED3
6
CONTINUOUS
10
6.6916653543307092
20
-4.5017834645669295
11
6.6869055118110241
21
-4.5041653543307092
0
LINE
8
RED3
6
CONTINUOUS
10
6.7464251968503941
20
-4.4898779527559061
11
6.7511889763779527
21
-4.4898779527559061
0
LINE
8
RED3
6
CONTINUOUS
10
6.7511889763779527
20
-4.4898779527559061
11
6.7559488188976378
21
-4.4922598425196849
0
LINE
8
RED3
6
CONTINUOUS
10
6.7559488188976378
20
-4.4922598425196849
11
6.7583307086614175
21
-4.4946417322834646
0
LINE
8
RED3
6
CONTINUOUS
10
6.7583307086614175
20
-4.4946417322834646
11
6.7607125984251972
21
-4.4994015748031497
0
LINE
8
RED3
6
CONTINUOUS
10
6.7607125984251972
20
-4.4994015748031497
11
6.763094488188977
21
-4.5089251968503943
0
LINE
8
RED3
6
CONTINUOUS
10
6.763094488188977
20
-4.5089251968503943
11
6.763094488188977
21
-4.5208307086614177
0
LINE
8
RED3
6
CONTINUOUS
10
6.763094488188977
20
-4.5208307086614177
11
6.7607125984251972
21
-4.5303543307086613
0
LINE
8
RED3
6
CONTINUOUS
10
6.7607125984251972
20
-4.5303543307086613
11
6.7583307086614175
21
-4.5351181102362208
0
LINE
8
RED3
6
CONTINUOUS
10
6.7583307086614175
20
-4.5351181102362208
11
6.7559488188976378
21
-4.5375000000000005
0
LINE
8
RED3
6
CONTINUOUS
10
6.7559488188976378
20
-4.5375000000000005
11
6.7511889763779527
21
-4.5398779527559059
0
LINE
8
RED3
6
CONTINUOUS
10
6.7511889763779527
20
-4.5398779527559059
11
6.7464251968503941
21
-4.5398779527559059
0
LINE
8
RED3
6
CONTINUOUS
10
6.7464251968503941
20
-4.5398779527559059
11
6.741665354330709
21
-4.5375000000000005
0
LINE
8
RED3
6
CONTINUOUS
10
6.741665354330709
20
-4.5375000000000005
11
6.7392834645669293
21
-4.5351181102362208
0
LINE
8
RED3
6
CONTINUOUS
10
6.7392834645669293
20
-4.5351181102362208
11
6.7369015748031496
21
-4.5303543307086613
0
LINE
8
RED3
6
CONTINUOUS
10
6.7369015748031496
20
-4.5303543307086613
11
6.7345236220472442
21
-4.5208307086614177
0
LINE
8
RED3
6
CONTINUOUS
10
6.7345236220472442
20
-4.5208307086614177
11
6.7345236220472442
21
-4.5089251968503943
0
LINE
8
RED3
6
CONTINUOUS
10
6.7345236220472442
20
-4.5089251968503943
11
6.7369015748031496
21
-4.4994015748031497
0
LINE
8
RED3
6
CONTINUOUS
10
6.7369015748031496
20
-4.4994015748031497
11
6.7392834645669293
21
-4.4946417322834646
0
LINE
8
RED3
6
CONTINUOUS
10
6.7392834645669293
20
-4.4946417322834646
11
6.741665354330709
21
-4.4922598425196849
0
LINE
8
RED3
6
CONTINUOUS
10
6.741665354330709
20
-4.4922598425196849
11
6.7464251968503941
21
-4.4898779527559061
0
LINE
8
RED2
6
CONTINUOUS
10
7.1000000000000005
20
-4.4500000000000002
11
7.25
21
-4.4500000000000002
0
LINE
8
RED3
6
CONTINUOUS
10
7.1702401574803156
20
-4.4113070866141735
11
7.1654763779527562
21
-4.4089251968503937
0
LINE
8
RED3
6
CONTINUOUS
10
7.1654763779527562
20
-4.4089251968503937
11
7.1630944881889764
21
-4.4065472440944884
0
LINE
8
RED3
6
CONTINUOUS
10
7.1630944881889764
20
-4.4065472440944884
11
7.1607165354330711
21
-4.4017834645669289
0
LINE
8
RED3
6
CONTINUOUS
10
7.1607165354330711
20
-4.4017834645669289
11
7.1607165354330711
21
-4.3994015748031501
0
LINE
8
RED3
6
CONTINUOUS
10
7.1607165354330711
20
-4.3994015748031501
11
7.1630944881889764
21
-4.394641732283465
0
LINE
8
RED3
6
CONTINUOUS
10
7.1630944881889764
20
-4.394641732283465
11
7.1654763779527562
21
-4.3922598425196853
0
LINE
8
RED3
6
CONTINUOUS
10
7.1654763779527562
20
-4.3922598425196853
11
7.1702401574803156
21
-4.3898779527559055
0
LINE
8
RED3
6
CONTINUOUS
10
7.1702401574803156
20
-4.3898779527559055
11
7.1797637795275593
21
-4.3898779527559055
0
LINE
8
RED3
6
CONTINUOUS
10
7.1797637795275593
20
-4.3898779527559055
11
7.1845236220472444
21
-4.3922598425196853
0
LINE
8
RED3
6
CONTINUOUS
10
7.1845236220472444
20
-4.3922598425196853
11
7.1869055118110241
21
-4.394641732283465
0
LINE
8
RED3
6
CONTINUOUS
10
7.1869055118110241
20
-4.394641732283465
11
7.1892874015748038
21
-4.3994015748031501
0
LINE
8
RED3
6
CONTINUOUS
10
7.1892874015748038
20
-4.3994015748031501
11
7.1892874015748038
21
-4.4017834645669289
0
LINE
8
RED3
6
CONTINUOUS
10
7.1892874015748038
20
-4.4017834645669289
11
7.1869055118110241
21
-4.4065472440944884
0
LINE
8
RED3
6
CONTINUOUS
10
7.1869055118110241
20
-4.4065472440944884
11
7.1845236220472444
21
-4.4089251968503937
0
LINE
8
RED3
6
CONTINUOUS
10
7.1845236220472444
20
-4.4089251968503937
11
7.1797637795275593
21
-4.4113070866141735
0
LINE
8
RED3
6
CONTINUOUS
10
7.1797637795275593
20
-4.4113070866141735
11
7.1702401574803156
21
-4.4113070866141735
0
LINE
8
RED3
6
CONTINUOUS
10
7.1702401574803156
20
-4.4113070866141735
11
7.1654763779527562
21
-4.4136889763779532
0
LINE
8
RED3
6
CONTINUOUS
10
7.1654763779527562
20
-4.4136889763779532
11
7.1630944881889764
21
-4.4160708661417321
0
LINE
8
RED3
6
CONTINUOUS
10
7.1630944881889764
20
-4.4160708661417321
11
7.1607165354330711
21
-4.4208307086614171
0
LINE
8
RED3
6
CONTINUOUS
10
7.1607165354330711
20
-4.4208307086614171
11
7.1607165354330711
21
-4.4303543307086617
0
LINE
8
RED3
6
CONTINUOUS
10
7.1607165354330711
20
-4.4303543307086617
11
7.1630944881889764
21
-4.4351181102362203
0
LINE
8
RED3
6
CONTINUOUS
10
7.1630944881889764
20
-4.4351181102362203
11
7.1654763779527562
21
-4.4375
0
LINE
8
RED3
6
CONTINUOUS
10
7.1654763779527562
20
-4.4375
11
7.1702401574803156
21
-4.4398779527559054
0
LINE
8
RED3
6
CONTINUOUS
10
7.1702401574803156
20
-4.4398779527559054
11
7.1797637795275593
21
-4.4398779527559054
0
LINE
8
RED3
6
CONTINUOUS
10
7.1797637795275593
20
-4.4398779527559054
11
7.1845236220472444
21
-4.4375
0
LINE
8
RED3
6
CONTINUOUS
10
7.1845236220472444
20
-4.4375
11
7.1869055118110241
21
-4.4351181102362203
0
LINE
8
RED3
6
CONTINUOUS
10
7.1869055118110241
20
-4.4351181102362203
11
7.1892874015748038
21
-4.4303543307086617
0
LINE
8
RED3
6
CONTINUOUS
10
7.1892874015748038
20
-4.4303543307086617
11
7.1892874015748038
21
-4.4208307086614171
0
LINE
8
RED3
6
CONTINUOUS
10
7.1892874015748038
20
-4.4208307086614171
11
7.1869055118110241
21
-4.4160708661417321
0
LINE
8
RED3
6
CONTINUOUS
10
7.1869055118110241
20
-4.4160708661417321
11
7.1845236220472444
21
-4.4136889763779532
0
LINE
8
RED3
6
CONTINUOUS
10
7.1845236220472444
20
-4.4136889763779532
11
7.1797637795275593
21
-4.4113070866141735
0
LINE
8
CYAN2
6
CONTINUOUS
10
6.8865748031496068
20
-4.0728031496062993
11
6.8865748031496068
21
-4.1132795275590555
0
LINE
8
CYAN2
6
CONTINUOUS
10
6.8865748031496068
20
-4.1132795275590555
11
6.8889566929133865
21
-4.118043307086614
0
LINE
8
CYAN2
6
CONTINUOUS
10
6.8889566929133865
20
-4.118043307086614
11
6.8913385826771654
21
-4.1204251968503938
0
LINE
8
CYAN2
6
CONTINUOUS
10
6.8913385826771654
20
-4.1204251968503938
11
6.8960984251968505
21
-4.1228031496062991
0
LINE
8
CYAN2
6
CONTINUOUS
10
6.8960984251968505
20
-4.1228031496062991
11
6.905622047244095
21
-4.1228031496062991
0
LINE
8
CYAN2
6
CONTINUOUS
10
6.905622047244095
20
-4.1228031496062991
11
6.9103858267716536
21
-4.1204251968503938
0
LINE
8
CYAN2
6
CONTINUOUS
10
6.9103858267716536
20
-4.1204251968503938
11
6.9127677165354333
21
-4.118043307086614
0
LINE
8
CYAN2
6
CONTINUOUS
10
6.9127677165354333
20
-4.118043307086614
11
6.9151456692913387
21
-4.1132795275590555
0
LINE
8
CYAN2
6
CONTINUOUS
10
6.9151456692913387
20
-4.1132795275590555
11
6.9151456692913387
21
-4.0728031496062993
0
LINE
8
CYAN2
6
CONTINUOUS
10
6.9651496062992129
20
-4.1228031496062991
11
6.936578740157481
21
-4.1228031496062991
0
LINE
8
CYAN2
6
CONTINUOUS
10
6.9508622047244097
20
-4.1228031496062991
11
6.9508622047244097
21
-4.0728031496062993
0
LINE
8
CYAN2
6
CONTINUOUS
10
6.9508622047244097
20
-4.0728031496062993
11
6.9461023622047247
21
-4.0799488188976376
0
LINE
8
CYAN2
6
CONTINUOUS
10
6.9461023622047247
20
-4.0799488188976376
11
6.9413385826771652
21
-4.0847086614173227
0
LINE
8
CYAN2
6
CONTINUOUS
10
6.9413385826771652
20
-4.0847086614173227
11
6.936578740157481
21
-4.0870905511811024
0
LINE
8
CYAN2
6
CONTINUOUS
10
7.0151456692913392
20
-4.118043307086614
11
7.012767716535433
21
-4.1204251968503938
0
LINE
8
CYAN2
6
CONTINUOUS
10
7.012767716535433
20
-4.1204251968503938
11
7.0056220472440947
21
-4.1228031496062991
0
LINE
8
CYAN2
6
CONTINUOUS
10
7.0056220472440947
20
-4.1228031496062991
11
7.0008622047244096
21
-4.1228031496062991
0
LINE
8
CYAN2
6
CONTINUOUS
10
7.0008622047244096
20
-4.1228031496062991
11
6.9937204724409447
21
-4.1204251968503938
0
LINE
8
CYAN2
6
CONTINUOUS
10
6.9937204724409447
20
-4.1204251968503938
11
6.9889566929133862
21
-4.1156614173228352
0
LINE
8
CYAN2
6
CONTINUOUS
10
6.9889566929133862
20
-4.1156614173228352
11
6.9865748031496064
21
-4.1108976377952757
0
LINE
8
CYAN2
6
CONTINUOUS
10
6.9865748031496064
20
-4.1108976377952757
11
6.9841968503937011
21
-4.1013740157480321
0
LINE
8
CYAN2
6
CONTINUOUS
10
6.9841968503937011
20
-4.1013740157480321
11
6.9841968503937011
21
-4.0942322834645672
0
LINE
8
CYAN2
6
CONTINUOUS
10
6.9841968503937011
20
-4.0942322834645672
11
6.9865748031496064
21
-4.0847086614173227
0
LINE
8
CYAN2
6
CONTINUOUS
10
6.9865748031496064
20
-4.0847086614173227
11
6.9889566929133862
21
-4.0799488188976376
0
LINE
8
CYAN2
6
CONTINUOUS
10
6.9889566929133862
20
-4.0799488188976376
11
6.9937204724409447
21
-4.075185039370079
0
LINE
8
CYAN2
6
CONTINUOUS
10
6.9937204724409447
20
-4.075185039370079
11
7.0008622047244096
21
-4.0728031496062993
0
LINE
8
CYAN2
6
CONTINUOUS
10
7.0008622047244096
20
-4.0728031496062993
11
7.0056220472440947
21
-4.0728031496062993
0
LINE
8
CYAN2
6
CONTINUOUS
10
7.0056220472440947
20
-4.0728031496062993
11
7.012767716535433
21
-4.075185039370079
0
LINE
8
CYAN2
6
CONTINUOUS
10
7.012767716535433
20
-4.075185039370079
11
7.0151456692913392
21
-4.0775669291338588
0
LINE
8
CYAN2
6
CONTINUOUS
10
6.8175314960629922
20
-4.1728031496062989
11
6.8508622047244101
21
-4.1728031496062989
0
LINE
8
CYAN2
6
CONTINUOUS
10
6.8508622047244101
20
-4.1728031496062989
11
6.8294370078740156
21
-4.2228031496062997
0
LINE
8
CYAN2
6
CONTINUOUS
10
6.8913385826771654
20
-4.1894724409448818
11
6.8913385826771654
21
-4.2228031496062997
0
LINE
8
CYAN2
6
CONTINUOUS
10
6.879433070866142
20
-4.1704251968503936
11
6.8675314960629921
21
-4.2061377952755903
0
LINE
8
CYAN2
6
CONTINUOUS
10
6.8675314960629921
20
-4.2061377952755903
11
6.8984803149606302
21
-4.2061377952755903
0
LINE
8
CYAN2
6
CONTINUOUS
10
6.9413385826771652
20
-4.2228031496062997
11
6.9175275590551184
21
-4.2228031496062997
0
LINE
8
CYAN2
6
CONTINUOUS
10
6.9175275590551184
20
-4.2228031496062997
11
6.9175275590551184
21
-4.1728031496062989
0
LINE
8
CYAN2
6
CONTINUOUS
10
6.9556259842519692
20
-4.2204251968503943
11
6.9627677165354331
21
-4.2228031496062997
0
LINE
8
CYAN2
6
CONTINUOUS
10
6.9627677165354331
20
-4.2228031496062997
11
6.9746732283464565
21
-4.2228031496062997
0
LINE
8
CYAN2
6
CONTINUOUS
10
6.9746732283464565
20
-4.2228031496062997
11
6.9794330708661416
21
-4.2204251968503943
0
LINE
8
CYAN2
6
CONTINUOUS
10
6.9794330708661416
20
-4.2204251968503943
11
6.9818149606299214
21
-4.2180433070866146
0
LINE
8
CYAN2
6
CONTINUOUS
10
6.9818149606299214
20
-4.2180433070866146
11
6.9841968503937011
21
-4.2132795275590551
0
LINE
8
CYAN2
6
CONTINUOUS
10
6.9841968503937011
20
-4.2132795275590551
11
6.9841968503937011
21
-4.20851968503937
0
LINE
8
CYAN2
6
CONTINUOUS
10
6.9841968503937011
20
-4.20851968503937
11
6.9818149606299214
21
-4.2037559055118114
0
LINE
8
CYAN2
6
CONTINUOUS
10
6.9818149606299214
20
-4.2037559055118114
11
6.9794330708661416
21
-4.2013740157480317
0
LINE
8
CYAN2
6
CONTINUOUS
10
6.9794330708661416
20
-4.2013740157480317
11
6.9746732283464565
21
-4.1989960629921264
0
LINE
8
CYAN2
6
CONTINUOUS
10
6.9746732283464565
20
-4.1989960629921264
11
6.9651496062992129
21
-4.1966141732283466
0
LINE
8
CYAN2
6
CONTINUOUS
10
6.9651496062992129
20
-4.1966141732283466
11
6.9603858267716534
21
-4.1942322834645669
0
LINE
8
CYAN2
6
CONTINUOUS
10
6.9603858267716534
20
-4.1942322834645669
11
6.9580039370078746
21
-4.1918503937007872
0
LINE
8
CYAN2
6
CONTINUOUS
10
6.9580039370078746
20
-4.1918503937007872
11
6.9556259842519692
21
-4.187090551181103
0
LINE
8
CYAN2
6
CONTINUOUS
10
6.9556259842519692
20
-4.187090551181103
11
6.9556259842519692
21
-4.1823267716535435
0
LINE
8
CYAN2
6
CONTINUOUS
10
6.9556259842519692
20
-4.1823267716535435
11
6.9580039370078746
21
-4.1775669291338584
0
LINE
8
CYAN2
6
CONTINUOUS
10
6.9580039370078746
20
-4.1775669291338584
11
6.9603858267716534
21
-4.1751850393700787
0
LINE
8
CYAN2
6
CONTINUOUS
10
6.9603858267716534
20
-4.1751850393700787
11
6.9651496062992129
21
-4.1728031496062989
0
LINE
8
CYAN2
6
CONTINUOUS
10
6.9651496062992129
20
-4.1728031496062989
11
6.9770511811023628
21
-4.1728031496062989
0
LINE
8
CYAN2
6
CONTINUOUS
10
6.9770511811023628
20
-4.1728031496062989
11
6.9841968503937011
21
-4.1751850393700787
0
LINE
8
CYAN2
6
CONTINUOUS
10
7.0151456692913392
20
-4.1728031496062989
11
7.0199094488188978
21
-4.1728031496062989
0
LINE
8
CYAN2
6
CONTINUOUS
10
7.0199094488188978
20
-4.1728031496062989
11
7.0246692913385829
21
-4.1751850393700787
0
LINE
8
CYAN2
6
CONTINUOUS
10
7.0246692913385829
20
-4.1751850393700787
11
7.0270511811023626
21
-4.1775669291338584
0
LINE
8
CYAN2
6
CONTINUOUS
10
7.0270511811023626
20
-4.1775669291338584
11
7.0294330708661423
21
-4.1823267716535435
0
LINE
8
CYAN2
6
CONTINUOUS
10
7.0294330708661423
20
-4.1823267716535435
11
7.0318149606299212
21
-4.1918503937007872
0
LINE
8
CYAN2
6
CONTINUOUS
10
7.0318149606299212
20
-4.1918503937007872
11
7.0318149606299212
21
-4.2037559055118114
0
LINE
8
CYAN2
6
CONTINUOUS
10
7.0318149606299212
20
-4.2037559055118114
11
7.0294330708661423
21
-4.2132795275590551
0
LINE
8
CYAN2
6
CONTINUOUS
10
7.0294330708661423
20
-4.2132795275590551
11
7.0270511811023626
21
-4.2180433070866146
0
LINE
8
CYAN2
6
CONTINUOUS
10
7.0270511811023626
20
-4.2180433070866146
11
7.0246692913385829
21
-4.2204251968503943
0
LINE
8
CYAN2
6
CONTINUOUS
10
7.0246692913385829
20
-4.2204251968503943
11
7.0199094488188978
21
-4.2228031496062997
0
LINE
8
CYAN2
6
CONTINUOUS
10
7.0199094488188978
20
-4.2228031496062997
11
7.0151456692913392
21
-4.2228031496062997
0
LINE
8
CYAN2
6
CONTINUOUS
10
7.0151456692913392
20
-4.2228031496062997
11
7.0103858267716541
21
-4.2204251968503943
0
LINE
8
CYAN2
6
CONTINUOUS
10
7.0103858267716541
20
-4.2204251968503943
11
7.0080039370078744
21
-4.2180433070866146
0
LINE
8
CYAN2
6
CONTINUOUS
10
7.0080039370078744
20
-4.2180433070866146
11
7.0056220472440947
21
-4.2132795275590551
0
LINE
8
CYAN2
6
CONTINUOUS
10
7.0056220472440947
20
-4.2132795275590551
11
7.0032440944881893
21
-4.2037559055118114
0
LINE
8
CYAN2
6
CONTINUOUS
10
7.0032440944881893
20
-4.2037559055118114
11
7.0032440944881893
21
-4.1918503937007872
0
LINE
8
CYAN2
6
CONTINUOUS
10
7.0032440944881893
20
-4.1918503937007872
11
7.0056220472440947
21
-4.1823267716535435
0
LINE
8
CYAN2
6
CONTINUOUS
10
7.0056220472440947
20
-4.1823267716535435
11
7.0080039370078744
21
-4.1775669291338584
0
LINE
8
CYAN2
6
CONTINUOUS
10
7.0080039370078744
20
-4.1775669291338584
11
7.0103858267716541
21
-4.1751850393700787
0
LINE
8
CYAN2
6
CONTINUOUS
10
7.0103858267716541
20
-4.1751850393700787
11
7.0151456692913392
21
-4.1728031496062989
0
LINE
8
CYAN2
6
CONTINUOUS
10
7.0603858267716539
20
-4.1942322834645669
11
7.0556220472440945
21
-4.1918503937007872
0
LINE
8
CYAN2
6
CONTINUOUS
10
7.0556220472440945
20
-4.1918503937007872
11
7.0532401574803156
21
-4.1894724409448818
0
LINE
8
CYAN2
6
CONTINUOUS
10
7.0532401574803156
20
-4.1894724409448818
11
7.0508622047244094
21
-4.1847086614173232
0
LINE
8
CYAN2
6
CONTINUOUS
10
7.0508622047244094
20
-4.1847086614173232
11
7.0508622047244094
21
-4.1823267716535435
0
LINE
8
CYAN2
6
CONTINUOUS
10
7.0508622047244094
20
-4.1823267716535435
11
7.0532401574803156
21
-4.1775669291338584
0
LINE
8
CYAN2
6
CONTINUOUS
10
7.0532401574803156
20
-4.1775669291338584
11
7.0556220472440945
21
-4.1751850393700787
0
LINE
8
CYAN2
6
CONTINUOUS
10
7.0556220472440945
20
-4.1751850393700787
11
7.0603858267716539
21
-4.1728031496062989
0
LINE
8
CYAN2
6
CONTINUOUS
10
7.0603858267716539
20
-4.1728031496062989
11
7.0699094488188976
21
-4.1728031496062989
0
LINE
8
CYAN2
6
CONTINUOUS
10
7.0699094488188976
20
-4.1728031496062989
11
7.0746692913385827
21
-4.1751850393700787
0
LINE
8
CYAN2
6
CONTINUOUS
10
7.0746692913385827
20
-4.1751850393700787
11
7.0770511811023624
21
-4.1775669291338584
0
LINE
8
CYAN2
6
CONTINUOUS
10
7.0770511811023624
20
-4.1775669291338584
11
7.0794330708661422
21
-4.1823267716535435
0
LINE
8
CYAN2
6
CONTINUOUS
10
7.0794330708661422
20
-4.1823267716535435
11
7.0794330708661422
21
-4.1847086614173232
0
LINE
8
CYAN2
6
CONTINUOUS
10
7.0794330708661422
20
-4.1847086614173232
11
7.0770511811023624
21
-4.1894724409448818
0
LINE
8
CYAN2
6
CONTINUOUS
10
7.0770511811023624
20
-4.1894724409448818
11
7.0746692913385827
21
-4.1918503937007872
0
LINE
8
CYAN2
6
CONTINUOUS
10
7.0746692913385827
20
-4.1918503937007872
11
7.0699094488188976
21
-4.1942322834645669
0
LINE
8
CYAN2
6
CONTINUOUS
10
7.0699094488188976
20
-4.1942322834645669
11
7.0603858267716539
21
-4.1942322834645669
0
LINE
8
CYAN2
6
CONTINUOUS
10
7.0603858267716539
20
-4.1942322834645669
11
7.0556220472440945
21
-4.1966141732283466
0
LINE
8
CYAN2
6
CONTINUOUS
10
7.0556220472440945
20
-4.1966141732283466
11
7.0532401574803156
21
-4.1989960629921264
0
LINE
8
CYAN2
6
CONTINUOUS
10
7.0532401574803156
20
-4.1989960629921264
11
7.0508622047244094
21
-4.2037559055118114
0
LINE
8
CYAN2
6
CONTINUOUS
10
7.0508622047244094
20
-4.2037559055118114
11
7.0508622047244094
21
-4.2132795275590551
0
LINE
8
CYAN2
6
CONTINUOUS
10
7.0508622047244094
20
-4.2132795275590551
11
7.0532401574803156
21
-4.2180433070866146
0
LINE
8
CYAN2
6
CONTINUOUS
10
7.0532401574803156
20
-4.2180433070866146
11
7.0556220472440945
21
-4.2204251968503943
0
LINE
8
CYAN2
6
CONTINUOUS
10
7.0556220472440945
20
-4.2204251968503943
11
7.0603858267716539
21
-4.2228031496062997
0
LINE
8
CYAN2
6
CONTINUOUS
10
7.0603858267716539
20
-4.2228031496062997
11
7.0699094488188976
21
-4.2228031496062997
0
LINE
8
CYAN2
6
CONTINUOUS
10
7.0699094488188976
20
-4.2228031496062997
11
7.0746692913385827
21
-4.2204251968503943
0
LINE
8
CYAN2
6
CONTINUOUS
10
7.0746692913385827
20
-4.2204251968503943
11
7.0770511811023624
21
-4.2180433070866146
0
LINE
8
CYAN2
6
CONTINUOUS
10
7.0770511811023624
20
-4.2180433070866146
11
7.0794330708661422
21
-4.2132795275590551
0
LINE
8
CYAN2
6
CONTINUOUS
10
7.0794330708661422
20
-4.2132795275590551
11
7.0794330708661422
21
-4.2037559055118114
0
LINE
8
CYAN2
6
CONTINUOUS
10
7.0794330708661422
20
-4.2037559055118114
11
7.0770511811023624
21
-4.1989960629921264
0
LINE
8
CYAN2
6
CONTINUOUS
10
7.0770511811023624
20
-4.1989960629921264
11
7.0746692913385827
21
-4.1966141732283466
0
LINE
8
CYAN2
6
CONTINUOUS
10
7.0746692913385827
20
-4.1966141732283466
11
7.0699094488188976
21
-4.1942322834645669
0
LINE
8
RED2
6
CONTINUOUS
10
7.1600000000000001
20
-2.1499999999999999
11
7.1600000000000001
21
-2.3500000000000001
0
LINE
8
RED2
6
CONTINUOUS
10
7.1600000000000001
20
-2.3500000000000001
11
7.2400000000000002
21
-2.3500000000000001
0
LINE
8
RED2
6
CONTINUOUS
10
7.2400000000000002
20
-2.3500000000000001
11
7.2400000000000002
21
-2.1499999999999999
0
LINE
8
RED2
6
CONTINUOUS
10
7.2400000000000002
20
-2.1499999999999999
11
7.1600000000000001
21
-2.1499999999999999
0
LINE
8
RED2
6
CONTINUOUS
10
7.1100748031496064
20
-2.2270590551181102
11
7.1105866141732283
21
-2.2270590551181102
0
LINE
8
RED2
6
CONTINUOUS
10
7.1105866141732283
20
-2.2270590551181102
11
7.1106220472440951
21
-2.2270708661417324
0
LINE
8
RED2
6
CONTINUOUS
10
7.1106220472440951
20
-2.2270708661417324
11
7.1106574803149609
21
-2.2270748031496064
0
LINE
8
RED2
6
CONTINUOUS
10
7.1106574803149609
20
-2.2270748031496064
11
7.111216535433071
21
-2.2272598425196852
0
LINE
8
RED2
6
CONTINUOUS
10
7.111216535433071
20
-2.2272598425196852
11
7.1562165354330709
21
-2.2472598425196852
0
LINE
8
RED2
6
CONTINUOUS
10
7.1562165354330709
20
-2.2472598425196852
11
7.1565118110236225
21
-2.2474291338582679
0
LINE
8
RED2
6
CONTINUOUS
10
7.1565118110236225
20
-2.2474291338582679
11
7.1566062992125987
21
-2.2474645669291338
0
LINE
8
RED2
6
CONTINUOUS
10
7.1566062992125987
20
-2.2474645669291338
11
7.1566496062992124
21
-2.247503937007874
0
LINE
8
RED2
6
CONTINUOUS
10
7.1566496062992124
20
-2.247503937007874
11
7.1567283464566929
21
-2.2475511811023621
0
LINE
8
RED2
6
CONTINUOUS
10
7.1567283464566929
20
-2.2475511811023621
11
7.1570551181102369
21
-2.2478897637795274
0
LINE
8
RED2
6
CONTINUOUS
10
7.1570551181102369
20
-2.2478897637795274
11
7.1574488188976382
21
-2.248267716535433
0
LINE
8
RED2
6
CONTINUOUS
10
7.1574488188976382
20
-2.248267716535433
11
7.1574763779527562
21
-2.2483307086614173
0
LINE
8
RED2
6
CONTINUOUS
10
7.1574763779527562
20
-2.2483307086614173
11
7.1575354330708665
21
-2.2483937007874015
0
LINE
8
RED2
6
CONTINUOUS
10
7.1575354330708665
20
-2.2483937007874015
11
7.1577322834645676
21
-2.2489055118110235
0
LINE
8
RED2
6
CONTINUOUS
10
7.1577322834645676
20
-2.2489055118110235
11
7.1579251968503943
21
-2.2493425196850394
0
LINE
8
RED2
6
CONTINUOUS
10
7.1579251968503943
20
-2.2493425196850394
11
7.1579251968503943
21
-2.2494133858267715
0
LINE
8
RED2
6
CONTINUOUS
10
7.1579251968503943
20
-2.2494133858267715
11
7.1579566929133858
21
-2.249492125984252
0
LINE
8
RED2
6
CONTINUOUS
10
7.1579566929133858
20
-2.249492125984252
11
7.15794094488189
21
-2.25
0
LINE
8
RED2
6
CONTINUOUS
10
7.15794094488189
20
-2.25
11
7.1579566929133858
21
-2.250507874015748
0
LINE
8
RED2
6
CONTINUOUS
10
7.1579566929133858
20
-2.250507874015748
11
7.1579251968503943
21
-2.2505826771653545
0
LINE
8
RED2
6
CONTINUOUS
10
7.1579251968503943
20
-2.2505826771653545
11
7.1579251968503943
21
-2.2506574803149606
0
LINE
8
RED2
6
CONTINUOUS
10
7.1579251968503943
20
-2.2506574803149606
11
7.1577322834645676
21
-2.2510905511811026
0
LINE
8
RED2
6
CONTINUOUS
10
7.1577322834645676
20
-2.2510905511811026
11
7.1575354330708665
21
-2.2516062992125985
0
LINE
8
RED2
6
CONTINUOUS
10
7.1575354330708665
20
-2.2516062992125985
11
7.1574763779527562
21
-2.2516653543307088
0
LINE
8
RED2
6
CONTINUOUS
10
7.1574763779527562
20
-2.2516653543307088
11
7.1574488188976382
21
-2.251732283464567
0
LINE
8
RED2
6
CONTINUOUS
10
7.1574488188976382
20
-2.251732283464567
11
7.1570551181102369
21
-2.2521062992125986
0
LINE
8
RED2
6
CONTINUOUS
10
7.1570551181102369
20
-2.2521062992125986
11
7.1567283464566929
21
-2.2524488188976379
0
LINE
8
RED2
6
CONTINUOUS
10
7.1567283464566929
20
-2.2524488188976379
11
7.1566496062992124
21
-2.2524921259842521
0
LINE
8
RED2
6
CONTINUOUS
10
7.1566496062992124
20
-2.2524921259842521
11
7.1566062992125987
21
-2.2525354330708662
0
LINE
8
RED2
6
CONTINUOUS
10
7.1566062992125987
20
-2.2525354330708662
11
7.1565118110236225
21
-2.2525669291338581
0
LINE
8
RED2
6
CONTINUOUS
10
7.1565118110236225
20
-2.2525669291338581
11
7.1562165354330709
21
-2.2527401574803152
0
LINE
8
RED2
6
CONTINUOUS
10
7.1562165354330709
20
-2.2527401574803152
11
7.111216535433071
21
-2.2727401574803152
0
LINE
8
RED2
6
CONTINUOUS
10
7.111216535433071
20
-2.2727401574803152
11
7.1106574803149609
21
-2.2729251968503936
0
LINE
8
RED2
6
CONTINUOUS
10
7.1106574803149609
20
-2.2729251968503936
11
7.1106220472440951
21
-2.2729251968503936
0
LINE
8
RED2
6
CONTINUOUS
10
7.1106220472440951
20
-2.2729251968503936
11
7.1105866141732283
21
-2.2729409448818898
0
LINE
8
RED2
6
CONTINUOUS
10
7.1105866141732283
20
-2.2729409448818898
11
7.1100748031496064
21
-2.2729409448818898
0
LINE
8
RED2
6
CONTINUOUS
10
7.1100748031496064
20
-2.2729409448818898
11
7.1094921259842518
21
-2.272956692913386
0
LINE
8
RED2
6
CONTINUOUS
10
7.1094921259842518
20
-2.272956692913386
11
7.1094527559055125
21
-2.2729409448818898
0
LINE
8
RED2
6
CONTINUOUS
10
7.1094527559055125
20
-2.2729409448818898
11
7.1094133858267723
21
-2.2729409448818898
0
LINE
8
RED2
6
CONTINUOUS
10
7.1094133858267723
20
-2.2729409448818898
11
7.1089094488188982
21
-2.2727322834645669
0
LINE
8
RED2
6
CONTINUOUS
10
7.1089094488188982
20
-2.2727322834645669
11
7.1083937007874018
21
-2.2725354330708663
0
LINE
8
RED2
6
CONTINUOUS
10
7.1083937007874018
20
-2.2725354330708663
11
7.1083622047244095
21
-2.2725078740157483
0
LINE
8
RED2
6
CONTINUOUS
10
7.1083622047244095
20
-2.2725078740157483
11
7.1083346456692915
21
-2.272496062992126
0
LINE
8
RED2
6
CONTINUOUS
10
7.1083346456692915
20
-2.272496062992126
11
7.1079724409448826
21
-2.2721338582677166
0
LINE
8
RED2
6
CONTINUOUS
10
7.1079724409448826
20
-2.2721338582677166
11
7.1075511811023624
21
-2.271732283464567
0
LINE
8
RED2
6
CONTINUOUS
10
7.1075511811023624
20
-2.271732283464567
11
7.1075354330708667
21
-2.2716968503937007
0
LINE
8
RED2
6
CONTINUOUS
10
7.1075354330708667
20
-2.2716968503937007
11
7.1075039370078743
21
-2.2716653543307088
0
LINE
8
RED2
6
CONTINUOUS
10
7.1075039370078743
20
-2.2716653543307088
11
7.107267716535433
21
-2.2710944881889765
0
LINE
8
RED2
6
CONTINUOUS
10
7.107267716535433
20
-2.2710944881889765
11
7.1070748031496063
21
-2.2706574803149606
0
LINE
8
RED2
6
CONTINUOUS
10
7.1070748031496063
20
-2.2706574803149606
11
7.1070708661417328
21
-2.2706220472440948
0
LINE
8
RED2
6
CONTINUOUS
10
7.1070708661417328
20
-2.2706220472440948
11
7.1070590551181105
21
-2.2705866141732285
0
LINE
8
RED2
6
CONTINUOUS
10
7.1070590551181105
20
-2.2705866141732285
11
7.1070000000000002
21
-2.27
0
LINE
8
RED2
6
CONTINUOUS
10
7.1070000000000002
20
-2.27
11
7.1070000000000002
21
-2.23
0
LINE
8
RED2
6
CONTINUOUS
10
7.1070000000000002
20
-2.23
11
7.1070590551181105
21
-2.229413385826772
0
LINE
8
RED2
6
CONTINUOUS
10
7.1070590551181105
20
-2.229413385826772
11
7.1070708661417328
21
-2.2293740157480317
0
LINE
8
RED2
6
CONTINUOUS
10
7.1070708661417328
20
-2.2293740157480317
11
7.1070748031496063
21
-2.2293425196850394
0
LINE
8
RED2
6
CONTINUOUS
10
7.1070748031496063
20
-2.2293425196850394
11
7.107267716535433
21
-2.2289015748031495
0
LINE
8
RED2
6
CONTINUOUS
10
7.107267716535433
20
-2.2289015748031495
11
7.1075039370078743
21
-2.2283346456692916
0
LINE
8
RED2
6
CONTINUOUS
10
7.1075039370078743
20
-2.2283346456692916
11
7.1075354330708667
21
-2.2282992125984253
0
LINE
8
RED2
6
CONTINUOUS
10
7.1075354330708667
20
-2.2282992125984253
11
7.1075511811023624
21
-2.228267716535433
0
LINE
8
RED2
6
CONTINUOUS
10
7.1075511811023624
20
-2.228267716535433
11
7.1079724409448826
21
-2.2278661417322834
0
LINE
8
RED2
6
CONTINUOUS
10
7.1079724409448826
20
-2.2278661417322834
11
7.1083346456692915
21
-2.227503937007874
0
LINE
8
RED2
6
CONTINUOUS
10
7.1083346456692915
20
-2.227503937007874
11
7.1083622047244095
21
-2.2274881889763782
0
LINE
8
RED2
6
CONTINUOUS
10
7.1083622047244095
20
-2.2274881889763782
11
7.1083937007874018
21
-2.2274645669291337
0
LINE
8
RED2
6
CONTINUOUS
10
7.1083937007874018
20
-2.2274645669291337
11
7.1089094488188982
21
-2.2272637795275592
0
LINE
8
RED2
6
CONTINUOUS
10
7.1089094488188982
20
-2.2272637795275592
11
7.1094133858267723
21
-2.2270590551181102
0
LINE
8
RED2
6
CONTINUOUS
10
7.1094133858267723
20
-2.2270590551181102
11
7.1094527559055125
21
-2.2270590551181102
0
LINE
8
RED2
6
CONTINUOUS
10
7.1094527559055125
20
-2.2270590551181102
11
7.1094921259842518
21
-2.2270433070866145
0
LINE
8
RED2
6
CONTINUOUS
10
7.1094921259842518
20
-2.2270433070866145
11
7.1100748031496064
21
-2.2270590551181102
0
LINE
8
RED2
6
CONTINUOUS
10
7.1000000000000005
20
-2.25
11
7.1400000000000006
21
-2.25
0
LINE
8
RED2
6
CONTINUOUS
10
7.2000000000000002
20
-2.1499999999999999
11
7.2000000000000002
21
-2.1000000000000001
0
LINE
8
RED3
6
CONTINUOUS
10
7.1898779527559054
20
-2.1107086614173229
11
7.1898779527559054
21
-2.1392795275590553
0
LINE
8
RED3
6
CONTINUOUS
10
7.1898779527559054
20
-2.1249960629921261
11
7.1398779527559055
21
-2.1249960629921261
0
LINE
8
RED3
6
CONTINUOUS
10
7.1398779527559055
20
-2.1249960629921261
11
7.1470236220472447
21
-2.1297559055118112
0
LINE
8
RED3
6
CONTINUOUS
10
7.1470236220472447
20
-2.1297559055118112
11
7.1517834645669298
21
-2.1345196850393702
0
LINE
8
RED3
6
CONTINUOUS
10
7.1517834645669298
20
-2.1345196850393702
11
7.1541653543307087
21
-2.1392795275590553
0
LINE
8
RED2
6
CONTINUOUS
10
7.2000000000000002
20
-2.3500000000000001
11
7.2000000000000002
21
-2.3999999999999999
0
LINE
8
RED3
6
CONTINUOUS
10
7.1398779527559055
20
-2.3916614173228345
11
7.1398779527559055
21
-2.3607086614173229
0
LINE
8
RED3
6
CONTINUOUS
10
7.1398779527559055
20
-2.3607086614173229
11
7.1589251968503937
21
-2.3773779527559058
0
LINE
8
RED3
6
CONTINUOUS
10
7.1589251968503937
20
-2.3773779527559058
11
7.1589251968503937
21
-2.370232283464567
0
LINE
8
RED3
6
CONTINUOUS
10
7.1589251968503937
20
-2.370232283464567
11
7.1613070866141735
21
-2.365472440944882
0
LINE
8
RED3
6
CONTINUOUS
10
7.1613070866141735
20
-2.365472440944882
11
7.1636889763779532
21
-2.3630905511811027
0
LINE
8
RED3
6
CONTINUOUS
10
7.1636889763779532
20
-2.3630905511811027
11
7.1684488188976383
21
-2.3607086614173229
0
LINE
8
RED3
6
CONTINUOUS
10
7.1684488188976383
20
-2.3607086614173229
11
7.1803543307086617
21
-2.3607086614173229
0
LINE
8
RED3
6
CONTINUOUS
10
7.1803543307086617
20
-2.3607086614173229
11
7.1851181102362212
21
-2.3630905511811027
0
LINE
8
RED3
6
CONTINUOUS
10
7.1851181102362212
20
-2.3630905511811027
11
7.1875
21
-2.365472440944882
0
LINE
8
RED3
6
CONTINUOUS
10
7.1875
20
-2.365472440944882
11
7.1898779527559054
21
-2.370232283464567
0
LINE
8
RED3
6
CONTINUOUS
10
7.1898779527559054
20
-2.370232283464567
11
7.1898779527559054
21
-2.3845196850393702
0
LINE
8
RED3
6
CONTINUOUS
10
7.1898779527559054
20
-2.3845196850393702
11
7.1875
21
-2.3892795275590553
0
LINE
8
RED3
6
CONTINUOUS
10
7.1875
20
-2.3892795275590553
11
7.1851181102362212
21
-2.3916614173228345
0
LINE
8
RED2
6
CONTINUOUS
10
7.1000000000000005
20
-2.25
11
7.0499999999999998
21
-2.25
0
LINE
8
RED3
6
CONTINUOUS
10
7.0607165354330714
20
-2.1946417322834648
11
7.0630944881889768
21
-2.1922598425196851
0
LINE
8
RED3
6
CONTINUOUS
10
7.0630944881889768
20
-2.1922598425196851
11
7.0678582677165354
21
-2.1898779527559058
0
LINE
8
RED3
6
CONTINUOUS
10
7.0678582677165354
20
-2.1898779527559058
11
7.0797637795275596
21
-2.1898779527559058
0
LINE
8
RED3
6
CONTINUOUS
10
7.0797637795275596
20
-2.1898779527559058
11
7.0845236220472447
21
-2.1922598425196851
0
LINE
8
RED3
6
CONTINUOUS
10
7.0845236220472447
20
-2.1922598425196851
11
7.0869055118110236
21
-2.1946417322834648
0
LINE
8
RED3
6
CONTINUOUS
10
7.0869055118110236
20
-2.1946417322834648
11
7.0892874015748033
21
-2.1994015748031499
0
LINE
8
RED3
6
CONTINUOUS
10
7.0892874015748033
20
-2.1994015748031499
11
7.0892874015748033
21
-2.2041653543307089
0
LINE
8
RED3
6
CONTINUOUS
10
7.0892874015748033
20
-2.2041653543307089
11
7.0869055118110236
21
-2.2113070866141733
0
LINE
8
RED3
6
CONTINUOUS
10
7.0869055118110236
20
-2.2113070866141733
11
7.0583346456692917
21
-2.2398779527559056
0
LINE
8
RED3
6
CONTINUOUS
10
7.0583346456692917
20
-2.2398779527559056
11
7.0892874015748033
21
-2.2398779527559056
0
LINE
8
CYAN2
6
CONTINUOUS
10
7.3448503937007876
20
-2.2227992125984253
11
7.3281850393700791
21
-2.198992125984252
0
LINE
8
CYAN2
6
CONTINUOUS
10
7.3162795275590558
20
-2.2227992125984253
11
7.3162795275590558
21
-2.1727992125984255
0
LINE
8
CYAN2
6
CONTINUOUS
10
7.3162795275590558
20
-2.1727992125984255
11
7.335326771653544
21
-2.1727992125984255
0
LINE
8
CYAN2
6
CONTINUOUS
10
7.335326771653544
20
-2.1727992125984255
11
7.3400905511811025
21
-2.1751811023622047
0
LINE
8
CYAN2
6
CONTINUOUS
10
7.3400905511811025
20
-2.1751811023622047
11
7.3424724409448823
21
-2.1775629921259845
0
LINE
8
CYAN2
6
CONTINUOUS
10
7.3424724409448823
20
-2.1775629921259845
11
7.3448503937007876
21
-2.1823228346456696
0
LINE
8
CYAN2
6
CONTINUOUS
10
7.3448503937007876
20
-2.1823228346456696
11
7.3448503937007876
21
-2.1894685039370079
0
LINE
8
CYAN2
6
CONTINUOUS
10
7.3448503937007876
20
-2.1894685039370079
11
7.3424724409448823
21
-2.194228346456693
0
LINE
8
CYAN2
6
CONTINUOUS
10
7.3424724409448823
20
-2.194228346456693
11
7.3400905511811025
21
-2.1966102362204727
0
LINE
8
CYAN2
6
CONTINUOUS
10
7.3400905511811025
20
-2.1966102362204727
11
7.335326771653544
21
-2.198992125984252
0
LINE
8
CYAN2
6
CONTINUOUS
10
7.335326771653544
20
-2.198992125984252
11
7.3162795275590558
21
-2.198992125984252
0
LINE
8
CYAN2
6
CONTINUOUS
10
7.3591377952755908
20
-2.1727992125984255
11
7.3758031496062992
21
-2.2227992125984253
0
LINE
8
CYAN2
6
CONTINUOUS
10
7.3758031496062992
20
-2.2227992125984253
11
7.3924724409448821
21
-2.1727992125984255
0
LINE
8
CYAN2
6
CONTINUOUS
10
7.435330708661418
20
-2.2227992125984253
11
7.4067598425196852
21
-2.2227992125984253
0
LINE
8
CYAN2
6
CONTINUOUS
10
7.4210433070866149
20
-2.2227992125984253
11
7.4210433070866149
21
-2.1727992125984255
0
LINE
8
CYAN2
6
CONTINUOUS
10
7.4210433070866149
20
-2.1727992125984255
11
7.4162834645669298
21
-2.1799448818897638
0
LINE
8
CYAN2
6
CONTINUOUS
10
7.4162834645669298
20
-2.1799448818897638
11
7.4115196850393703
21
-2.1847047244094489
0
LINE
8
CYAN2
6
CONTINUOUS
10
7.4115196850393703
20
-2.1847047244094489
11
7.4067598425196852
21
-2.1870866141732286
0
LINE
8
CYAN2
6
CONTINUOUS
10
7.3424724409448823
20
-2.3227992125984254
11
7.3139015748031495
21
-2.3227992125984254
0
LINE
8
CYAN2
6
CONTINUOUS
10
7.3281850393700791
20
-2.3227992125984254
11
7.3281850393700791
21
-2.2727992125984251
0
LINE
8
CYAN2
6
CONTINUOUS
10
7.3281850393700791
20
-2.2727992125984251
11
7.3234251968503941
21
-2.2799448818897639
0
LINE
8
CYAN2
6
CONTINUOUS
10
7.3234251968503941
20
-2.2799448818897639
11
7.3186614173228346
21
-2.2847047244094489
0
LINE
8
CYAN2
6
CONTINUOUS
10
7.3186614173228346
20
-2.2847047244094489
11
7.3139015748031495
21
-2.2870866141732282
0
LINE
8
CYAN2
6
CONTINUOUS
10
7.3638976377952758
20
-2.3227992125984254
11
7.3638976377952758
21
-2.2727992125984251
0
LINE
8
CYAN2
6
CONTINUOUS
10
7.3638976377952758
20
-2.2727992125984251
11
7.3805669291338587
21
-2.3085157480314962
0
LINE
8
CYAN2
6
CONTINUOUS
10
7.3805669291338587
20
-2.3085157480314962
11
7.3972322834645672
21
-2.2727992125984251
0
LINE
8
CYAN2
6
CONTINUOUS
10
7.3972322834645672
20
-2.2727992125984251
11
7.3972322834645672
21
-2.3227992125984254
0
LINE
8
RED2
6
CONTINUOUS
10
4.4699999999999998
20
-6.
11
4.5
21
-5.9500000000000002
0
LINE
8
RED2
6
CONTINUOUS
10
4.5
20
-5.9500000000000002
11
4.5300000000000002
21
-6.
0
LINE
8
RED2
6
CONTINUOUS
10
4.5
20
-6.0499999999999998
11
4.5
21
-5.9500000000000002
0
LINE
8
CYAN2
6
CONTINUOUS
10
4.4333307086614173
20
-5.8228031496062993
11
4.4499960629921258
21
-5.8728031496062991
0
LINE
8
CYAN2
6
CONTINUOUS
10
4.4499960629921258
20
-5.8728031496062991
11
4.4666653543307087
21
-5.8228031496062993
0
LINE
8
CYAN2
6
CONTINUOUS
10
4.5119015748031499
20
-5.868043307086614
11
4.5095236220472446
21
-5.8704251968503938
0
LINE
8
CYAN2
6
CONTINUOUS
10
4.5095236220472446
20
-5.8704251968503938
11
4.5023779527559054
21
-5.8728031496062991
0
LINE
8
CYAN2
6
CONTINUOUS
10
4.5023779527559054
20
-5.8728031496062991
11
4.4976181102362203
21
-5.8728031496062991
0
LINE
8
CYAN2
6
CONTINUOUS
10
4.4976181102362203
20
-5.8728031496062991
11
4.4904763779527563
21
-5.8704251968503938
0
LINE
8
CYAN2
6
CONTINUOUS
10
4.4904763779527563
20
-5.8704251968503938
11
4.4857125984251969
21
-5.8656614173228352
0
LINE
8
CYAN2
6
CONTINUOUS
10
4.4857125984251969
20
-5.8656614173228352
11
4.4833307086614171
21
-5.8608976377952757
0
LINE
8
CYAN2
6
CONTINUOUS
10
4.4833307086614171
20
-5.8608976377952757
11
4.4809527559055118
21
-5.8513740157480321
0
LINE
8
CYAN2
6
CONTINUOUS
10
4.4809527559055118
20
-5.8513740157480321
11
4.4809527559055118
21
-5.8442322834645672
0
LINE
8
CYAN2
6
CONTINUOUS
10
4.4809527559055118
20
-5.8442322834645672
11
4.4833307086614171
21
-5.8347086614173227
0
LINE
8
CYAN2
6
CONTINUOUS
10
4.4833307086614171
20
-5.8347086614173227
11
4.4857125984251969
21
-5.8299488188976376
0
LINE
8
CYAN2
6
CONTINUOUS
10
4.4857125984251969
20
-5.8299488188976376
11
4.4904763779527563
21
-5.825185039370079
0
LINE
8
CYAN2
6
CONTINUOUS
10
4.4904763779527563
20
-5.825185039370079
11
4.4976181102362203
21
-5.8228031496062993
0
LINE
8
CYAN2
6
CONTINUOUS
10
4.4976181102362203
20
-5.8228031496062993
11
4.5023779527559054
21
-5.8228031496062993
0
LINE
8
CYAN2
6
CONTINUOUS
10
4.5023779527559054
20
-5.8228031496062993
11
4.5095236220472446
21
-5.825185039370079
0
LINE
8
CYAN2
6
CONTINUOUS
10
4.5095236220472446
20
-5.825185039370079
11
4.5119015748031499
21
-5.8275669291338588
0
LINE
8
CYAN2
6
CONTINUOUS
10
4.5619015748031497
20
-5.868043307086614
11
4.5595236220472444
21
-5.8704251968503938
0
LINE
8
CYAN2
6
CONTINUOUS
10
4.5595236220472444
20
-5.8704251968503938
11
4.5523779527559061
21
-5.8728031496062991
0
LINE
8
CYAN2
6
CONTINUOUS
10
4.5523779527559061
20
-5.8728031496062991
11
4.547618110236221
21
-5.8728031496062991
0
LINE
8
CYAN2
6
CONTINUOUS
10
4.547618110236221
20
-5.8728031496062991
11
4.5404763779527562
21
-5.8704251968503938
0
LINE
8
CYAN2
6
CONTINUOUS
10
4.5404763779527562
20
-5.8704251968503938
11
4.5357125984251967
21
-5.8656614173228352
0
LINE
8
CYAN2
6
CONTINUOUS
10
4.5357125984251967
20
-5.8656614173228352
11
4.5333307086614179
21
-5.8608976377952757
0
LINE
8
CYAN2
6
CONTINUOUS
10
4.5333307086614179
20
-5.8608976377952757
11
4.5309527559055116
21
-5.8513740157480321
0
LINE
8
CYAN2
6
CONTINUOUS
10
4.5309527559055116
20
-5.8513740157480321
11
4.5309527559055116
21
-5.8442322834645672
0
LINE
8
CYAN2
6
CONTINUOUS
10
4.5309527559055116
20
-5.8442322834645672
11
4.5333307086614179
21
-5.8347086614173227
0
LINE
8
CYAN2
6
CONTINUOUS
10
4.5333307086614179
20
-5.8347086614173227
11
4.5357125984251967
21
-5.8299488188976376
0
LINE
8
CYAN2
6
CONTINUOUS
10
4.5357125984251967
20
-5.8299488188976376
11
4.5404763779527562
21
-5.825185039370079
0
LINE
8
CYAN2
6
CONTINUOUS
10
4.5404763779527562
20
-5.825185039370079
11
4.547618110236221
21
-5.8228031496062993
0
LINE
8
CYAN2
6
CONTINUOUS
10
4.547618110236221
20
-5.8228031496062993
11
4.5523779527559061
21
-5.8228031496062993
0
LINE
8
CYAN2
6
CONTINUOUS
10
4.5523779527559061
20
-5.8228031496062993
11
4.5595236220472444
21
-5.825185039370079
0
LINE
8
CYAN2
6
CONTINUOUS
10
4.5595236220472444
20
-5.825185039370079
11
4.5619015748031497
21
-5.8275669291338588
0
LINE
8
LYELLOW
6
CONTINUOUS
10
3.5
20
-6.4500000000000002
11
3.5
21
-7.0499999999999998
0
LINE
8
LYELLOW
6
CONTINUOUS
10
3.5
20
-7.0499999999999998
11
3.9000000000000004
21
-7.0499999999999998
0
LINE
8
LYELLOW
6
CONTINUOUS
10
3.9000000000000004
20
-7.0499999999999998
11
3.9000000000000004
21
-6.4500000000000002
0
LINE
8
LYELLOW
6
CONTINUOUS
10
3.9000000000000004
20
-6.4500000000000002
11
3.5
21
-6.4500000000000002
0
LINE
8
RED2
6
CONTINUOUS
10
3.5
20
-6.4500000000000002
11
3.5
21
-7.0499999999999998
0
LINE
8
RED2
6
CONTINUOUS
10
3.5
20
-7.0499999999999998
11
3.9000000000000004
21
-7.0499999999999998
0
LINE
8
RED2
6
CONTINUOUS
10
3.9000000000000004
20
-7.0499999999999998
11
3.9000000000000004
21
-6.4500000000000002
0
LINE
8
RED2
6
CONTINUOUS
10
3.9000000000000004
20
-6.4500000000000002
11
3.5
21
-6.4500000000000002
0
LINE
8
RED2
6
CONTINUOUS
10
3.7000000000000002
20
-6.4500000000000002
11
3.7000000000000002
21
-6.25
0
LINE
8
CYAN2
6
CONTINUOUS
10
3.6731299212598425
20
-6.6080944881889767
11
3.7231299212598428
21
-6.5914291338582682
0
LINE
8
CYAN2
6
CONTINUOUS
10
3.7231299212598428
20
-6.5914291338582682
11
3.6731299212598425
21
-6.5747598425196854
0
LINE
8
CYAN2
6
CONTINUOUS
10
3.7183700787401577
20
-6.5295236220472441
11
3.720751968503937
21
-6.5319015748031495
0
LINE
8
CYAN2
6
CONTINUOUS
10
3.720751968503937
20
-6.5319015748031495
11
3.7231299212598428
21
-6.5390472440944887
0
LINE
8
CYAN2
6
CONTINUOUS
10
3.7231299212598428
20
-6.5390472440944887
11
3.7231299212598428
21
-6.5438070866141738
0
LINE
8
CYAN2
6
CONTINUOUS
10
3.7231299212598428
20
-6.5438070866141738
11
3.720751968503937
21
-6.5509488188976377
0
LINE
8
CYAN2
6
CONTINUOUS
10
3.720751968503937
20
-6.5509488188976377
11
3.7159881889763779
21
-6.5557125984251972
0
LINE
8
CYAN2
6
CONTINUOUS
10
3.7159881889763779
20
-6.5557125984251972
11
3.7112244094488189
21
-6.5580944881889769
0
LINE
8
CYAN2
6
CONTINUOUS
10
3.7112244094488189
20
-6.5580944881889769
11
3.7017007874015748
21
-6.5604724409448822
0
LINE
8
CYAN2
6
CONTINUOUS
10
3.7017007874015748
20
-6.5604724409448822
11
3.6945590551181104
21
-6.5604724409448822
0
LINE
8
CYAN2
6
CONTINUOUS
10
3.6945590551181104
20
-6.5604724409448822
11
3.6850354330708663
21
-6.5580944881889769
0
LINE
8
CYAN2
6
CONTINUOUS
10
3.6850354330708663
20
-6.5580944881889769
11
3.6802755905511813
21
-6.5557125984251972
0
LINE
8
CYAN2
6
CONTINUOUS
10
3.6802755905511813
20
-6.5557125984251972
11
3.6755118110236222
21
-6.5509488188976377
0
LINE
8
CYAN2
6
CONTINUOUS
10
3.6755118110236222
20
-6.5509488188976377
11
3.6731299212598425
21
-6.5438070866141738
0
LINE
8
CYAN2
6
CONTINUOUS
10
3.6731299212598425
20
-6.5438070866141738
11
3.6731299212598425
21
-6.5390472440944887
0
LINE
8
CYAN2
6
CONTINUOUS
10
3.6731299212598425
20
-6.5390472440944887
11
3.6755118110236222
21
-6.5319015748031495
0
LINE
8
CYAN2
6
CONTINUOUS
10
3.6755118110236222
20
-6.5319015748031495
11
3.6778937007874015
21
-6.5295236220472441
0
LINE
8
CYAN2
6
CONTINUOUS
10
3.7183700787401577
20
-6.4795236220472443
11
3.720751968503937
21
-6.4819015748031497
0
LINE
8
CYAN2
6
CONTINUOUS
10
3.720751968503937
20
-6.4819015748031497
11
3.7231299212598428
21
-6.4890472440944889
0
LINE
8
CYAN2
6
CONTINUOUS
10
3.7231299212598428
20
-6.4890472440944889
11
3.7231299212598428
21
-6.4938070866141731
0
LINE
8
CYAN2
6
CONTINUOUS
10
3.7231299212598428
20
-6.4938070866141731
11
3.720751968503937
21
-6.5009488188976379
0
LINE
8
CYAN2
6
CONTINUOUS
10
3.720751968503937
20
-6.5009488188976379
11
3.7159881889763779
21
-6.5057125984251973
0
LINE
8
CYAN2
6
CONTINUOUS
10
3.7159881889763779
20
-6.5057125984251973
11
3.7112244094488189
21
-6.5080944881889771
0
LINE
8
CYAN2
6
CONTINUOUS
10
3.7112244094488189
20
-6.5080944881889771
11
3.7017007874015748
21
-6.5104724409448824
0
LINE
8
CYAN2
6
CONTINUOUS
10
3.7017007874015748
20
-6.5104724409448824
11
3.6945590551181104
21
-6.5104724409448824
0
LINE
8
CYAN2
6
CONTINUOUS
10
3.6945590551181104
20
-6.5104724409448824
11
3.6850354330708663
21
-6.5080944881889771
0
LINE
8
CYAN2
6
CONTINUOUS
10
3.6850354330708663
20
-6.5080944881889771
11
3.6802755905511813
21
-6.5057125984251973
0
LINE
8
CYAN2
6
CONTINUOUS
10
3.6802755905511813
20
-6.5057125984251973
11
3.6755118110236222
21
-6.5009488188976379
0
LINE
8
CYAN2
6
CONTINUOUS
10
3.6755118110236222
20
-6.5009488188976379
11
3.6731299212598425
21
-6.4938070866141731
0
LINE
8
CYAN2
6
CONTINUOUS
10
3.6731299212598425
20
-6.4938070866141731
11
3.6731299212598425
21
-6.4890472440944889
0
LINE
8
CYAN2
6
CONTINUOUS
10
3.6731299212598425
20
-6.4890472440944889
11
3.6755118110236222
21
-6.4819015748031497
0
LINE
8
CYAN2
6
CONTINUOUS
10
3.6755118110236222
20
-6.4819015748031497
11
3.6778937007874015
21
-6.4795236220472443
0
LINE
8
RED3
6
CONTINUOUS
10
3.6898779527559058
20
-6.3595196850393707
11
3.6898779527559058
21
-6.3880905511811026
0
LINE
8
RED3
6
CONTINUOUS
10
3.6898779527559058
20
-6.3738070866141738
11
3.6398779527559055
21
-6.3738070866141738
0
LINE
8
RED3
6
CONTINUOUS
10
3.6398779527559055
20
-6.3738070866141738
11
3.6470236220472443
21
-6.3785669291338589
0
LINE
8
RED3
6
CONTINUOUS
10
3.6470236220472443
20
-6.3785669291338589
11
3.6517834645669294
21
-6.3833307086614175
0
LINE
8
RED3
6
CONTINUOUS
10
3.6517834645669294
20
-6.3833307086614175
11
3.6541653543307087
21
-6.3880905511811026
0
LINE
8
RED3
6
CONTINUOUS
10
3.6565472440944884
20
-6.3166653543307092
11
3.6898779527559058
21
-6.3166653543307092
0
LINE
8
RED3
6
CONTINUOUS
10
3.6375000000000002
20
-6.3285708661417326
11
3.6732125984251969
21
-6.3404724409448825
0
LINE
8
RED3
6
CONTINUOUS
10
3.6732125984251969
20
-6.3404724409448825
11
3.6732125984251969
21
-6.3095236220472444
0
LINE
8
RED2
6
CONTINUOUS
10
3.7000000000000002
20
-7.0499999999999998
11
3.7000000000000002
21
-7.25
0
LINE
8
CYAN2
6
CONTINUOUS
10
3.6755118110236222
20
-6.9919015748031494
11
3.6731299212598425
21
-6.9966653543307089
0
LINE
8
CYAN2
6
CONTINUOUS
10
3.6731299212598425
20
-6.9966653543307089
11
3.6731299212598425
21
-7.0038070866141737
0
LINE
8
CYAN2
6
CONTINUOUS
10
3.6731299212598425
20
-7.0038070866141737
11
3.6755118110236222
21
-7.0109488188976377
0
LINE
8
CYAN2
6
CONTINUOUS
10
3.6755118110236222
20
-7.0109488188976377
11
3.6802755905511813
21
-7.0157125984251971
0
LINE
8
CYAN2
6
CONTINUOUS
10
3.6802755905511813
20
-7.0157125984251971
11
3.6850354330708663
21
-7.0180944881889769
0
LINE
8
CYAN2
6
CONTINUOUS
10
3.6850354330708663
20
-7.0180944881889769
11
3.6945590551181104
21
-7.0204724409448822
0
LINE
8
CYAN2
6
CONTINUOUS
10
3.6945590551181104
20
-7.0204724409448822
11
3.7017007874015748
21
-7.0204724409448822
0
LINE
8
CYAN2
6
CONTINUOUS
10
3.7017007874015748
20
-7.0204724409448822
11
3.7112244094488189
21
-7.0180944881889769
0
LINE
8
CYAN2
6
CONTINUOUS
10
3.7112244094488189
20
-7.0180944881889769
11
3.7159881889763779
21
-7.0157125984251971
0
LINE
8
CYAN2
6
CONTINUOUS
10
3.7159881889763779
20
-7.0157125984251971
11
3.720751968503937
21
-7.0109488188976377
0
LINE
8
CYAN2
6
CONTINUOUS
10
3.720751968503937
20
-7.0109488188976377
11
3.7231299212598428
21
-7.0038070866141737
0
LINE
8
CYAN2
6
CONTINUOUS
10
3.7231299212598428
20
-7.0038070866141737
11
3.7231299212598428
21
-6.9990472440944886
0
LINE
8
CYAN2
6
CONTINUOUS
10
3.7231299212598428
20
-6.9990472440944886
11
3.720751968503937
21
-6.9919015748031494
0
LINE
8
CYAN2
6
CONTINUOUS
10
3.720751968503937
20
-6.9919015748031494
11
3.7183700787401577
21
-6.9895236220472441
0
LINE
8
CYAN2
6
CONTINUOUS
10
3.7183700787401577
20
-6.9895236220472441
11
3.7017007874015748
21
-6.9895236220472441
0
LINE
8
CYAN2
6
CONTINUOUS
10
3.7017007874015748
20
-6.9895236220472441
11
3.7017007874015748
21
-6.9990472440944886
0
LINE
8
CYAN2
6
CONTINUOUS
10
3.7231299212598428
20
-6.968094488188977
11
3.6731299212598425
21
-6.968094488188977
0
LINE
8
CYAN2
6
CONTINUOUS
10
3.6731299212598425
20
-6.968094488188977
11
3.7231299212598428
21
-6.9395236220472443
0
LINE
8
CYAN2
6
CONTINUOUS
10
3.7231299212598428
20
-6.9395236220472443
11
3.6731299212598425
21
-6.9395236220472443
0
LINE
8
CYAN2
6
CONTINUOUS
10
3.7231299212598428
20
-6.9157125984251975
11
3.6731299212598425
21
-6.9157125984251975
0
LINE
8
CYAN2
6
CONTINUOUS
10
3.6731299212598425
20
-6.9157125984251975
11
3.6731299212598425
21
-6.9038070866141732
0
LINE
8
CYAN2
6
CONTINUOUS
10
3.6731299212598425
20
-6.9038070866141732
11
3.6755118110236222
21
-6.8966653543307093
0
LINE
8
CYAN2
6
CONTINUOUS
10
3.6755118110236222
20
-6.8966653543307093
11
3.6802755905511813
21
-6.8919015748031498
0
LINE
8
CYAN2
6
CONTINUOUS
10
3.6802755905511813
20
-6.8919015748031498
11
3.6850354330708663
21
-6.8895196850393701
0
LINE
8
CYAN2
6
CONTINUOUS
10
3.6850354330708663
20
-6.8895196850393701
11
3.6945590551181104
21
-6.8871417322834647
0
LINE
8
CYAN2
6
CONTINUOUS
10
3.6945590551181104
20
-6.8871417322834647
11
3.7017007874015748
21
-6.8871417322834647
0
LINE
8
CYAN2
6
CONTINUOUS
10
3.7017007874015748
20
-6.8871417322834647
11
3.7112244094488189
21
-6.8895196850393701
0
LINE
8
CYAN2
6
CONTINUOUS
10
3.7112244094488189
20
-6.8895196850393701
11
3.7159881889763779
21
-6.8919015748031498
0
LINE
8
CYAN2
6
CONTINUOUS
10
3.7159881889763779
20
-6.8919015748031498
11
3.720751968503937
21
-6.8966653543307093
0
LINE
8
CYAN2
6
CONTINUOUS
10
3.720751968503937
20
-6.8966653543307093
11
3.7231299212598428
21
-6.9038070866141732
0
LINE
8
CYAN2
6
CONTINUOUS
10
3.7231299212598428
20
-6.9038070866141732
11
3.7231299212598428
21
-6.9157125984251975
0
LINE
8
RED3
6
CONTINUOUS
10
3.6398779527559055
20
-7.1666614173228353
11
3.6398779527559055
21
-7.1333307086614175
0
LINE
8
RED3
6
CONTINUOUS
10
3.6398779527559055
20
-7.1333307086614175
11
3.6898779527559058
21
-7.1547559055118111
0
LINE
8
CYAN2
6
CONTINUOUS
10
3.9662795275590552
20
-6.6727992125984255
11
3.9662795275590552
21
-6.7132755905511816
0
LINE
8
CYAN2
6
CONTINUOUS
10
3.9662795275590552
20
-6.7132755905511816
11
3.968661417322835
21
-6.7180393700787402
0
LINE
8
CYAN2
6
CONTINUOUS
10
3.968661417322835
20
-6.7180393700787402
11
3.9710433070866142
21
-6.7204212598425199
0
LINE
8
CYAN2
6
CONTINUOUS
10
3.9710433070866142
20
-6.7204212598425199
11
3.9758031496062993
21
-6.7227992125984253
0
LINE
8
CYAN2
6
CONTINUOUS
10
3.9758031496062993
20
-6.7227992125984253
11
3.9853267716535434
21
-6.7227992125984253
0
LINE
8
CYAN2
6
CONTINUOUS
10
3.9853267716535434
20
-6.7227992125984253
11
3.9900905511811025
21
-6.7204212598425199
0
LINE
8
CYAN2
6
CONTINUOUS
10
3.9900905511811025
20
-6.7204212598425199
11
3.9924724409448822
21
-6.7180393700787402
0
LINE
8
CYAN2
6
CONTINUOUS
10
3.9924724409448822
20
-6.7180393700787402
11
3.9948503937007875
21
-6.7132755905511816
0
LINE
8
CYAN2
6
CONTINUOUS
10
3.9948503937007875
20
-6.7132755905511816
11
3.9948503937007875
21
-6.6727992125984255
0
LINE
8
CYAN2
6
CONTINUOUS
10
4.0400905511811027
20
-6.6894685039370083
11
4.0400905511811027
21
-6.7227992125984253
0
LINE
8
CYAN2
6
CONTINUOUS
10
4.0281850393700793
20
-6.6704212598425201
11
4.0162834645669294
21
-6.7061338582677168
0
LINE
8
CYAN2
6
CONTINUOUS
10
4.0162834645669294
20
-6.7061338582677168
11
4.0472322834645666
21
-6.7061338582677168
0
LINE
8
CYAN2
6
CONTINUOUS
10
4.0924724409448823
20
-6.7227992125984253
11
4.0639015748031495
21
-6.7227992125984253
0
LINE
8
CYAN2
6
CONTINUOUS
10
4.0781850393700791
20
-6.7227992125984253
11
4.0781850393700791
21
-6.6727992125984255
0
LINE
8
CYAN2
6
CONTINUOUS
10
4.0781850393700791
20
-6.6727992125984255
11
4.0734251968503941
21
-6.6799448818897638
0
LINE
8
CYAN2
6
CONTINUOUS
10
4.0734251968503941
20
-6.6799448818897638
11
4.0686614173228346
21
-6.6847047244094489
0
LINE
8
CYAN2
6
CONTINUOUS
10
4.0686614173228346
20
-6.6847047244094489
11
4.0639015748031495
21
-6.6870866141732286
0
LINE
8
CYAN2
6
CONTINUOUS
10
4.1400905511811024
20
-6.6751811023622052
11
4.1353267716535438
21
-6.6727992125984255
0
LINE
8
CYAN2
6
CONTINUOUS
10
4.1353267716535438
20
-6.6727992125984255
11
4.128185039370079
21
-6.6727992125984255
0
LINE
8
CYAN2
6
CONTINUOUS
10
4.128185039370079
20
-6.6727992125984255
11
4.1210433070866141
21
-6.6751811023622052
0
LINE
8
CYAN2
6
CONTINUOUS
10
4.1210433070866141
20
-6.6751811023622052
11
4.1162795275590556
21
-6.6799448818897638
0
LINE
8
CYAN2
6
CONTINUOUS
10
4.1162795275590556
20
-6.6799448818897638
11
4.1138976377952758
21
-6.6847047244094489
0
LINE
8
CYAN2
6
CONTINUOUS
10
4.1138976377952758
20
-6.6847047244094489
11
4.1115196850393705
21
-6.6942283464566934
0
LINE
8
CYAN2
6
CONTINUOUS
10
4.1115196850393705
20
-6.6942283464566934
11
4.1115196850393705
21
-6.7013700787401573
0
LINE
8
CYAN2
6
CONTINUOUS
10
4.1115196850393705
20
-6.7013700787401573
11
4.1138976377952758
21
-6.7108937007874019
0
LINE
8
CYAN2
6
CONTINUOUS
10
4.1138976377952758
20
-6.7108937007874019
11
4.1162795275590556
21
-6.7156574803149605
0
LINE
8
CYAN2
6
CONTINUOUS
10
4.1162795275590556
20
-6.7156574803149605
11
4.1210433070866141
21
-6.7204212598425199
0
LINE
8
CYAN2
6
CONTINUOUS
10
4.1210433070866141
20
-6.7204212598425199
11
4.128185039370079
21
-6.7227992125984253
0
LINE
8
CYAN2
6
CONTINUOUS
10
4.128185039370079
20
-6.7227992125984253
11
4.1329448818897641
21
-6.7227992125984253
0
LINE
8
CYAN2
6
CONTINUOUS
10
4.1329448818897641
20
-6.7227992125984253
11
4.1400905511811024
21
-6.7204212598425199
0
LINE
8
CYAN2
6
CONTINUOUS
10
4.1400905511811024
20
-6.7204212598425199
11
4.1424685039370077
21
-6.7180393700787402
0
LINE
8
CYAN2
6
CONTINUOUS
10
4.1424685039370077
20
-6.7180393700787402
11
4.1424685039370077
21
-6.7013700787401573
0
LINE
8
CYAN2
6
CONTINUOUS
10
4.1424685039370077
20
-6.7013700787401573
11
4.1329448818897641
21
-6.7013700787401573
0
LINE
8
CYAN2
6
CONTINUOUS
10
3.9615196850393701
20
-6.7727992125984251
11
3.9948503937007875
21
-6.7727992125984251
0
LINE
8
CYAN2
6
CONTINUOUS
10
3.9948503937007875
20
-6.7727992125984251
11
3.973425196850394
21
-6.8227992125984258
0
LINE
8
CYAN2
6
CONTINUOUS
10
4.0353267716535433
20
-6.789468503937008
11
4.0353267716535433
21
-6.8227992125984258
0
LINE
8
CYAN2
6
CONTINUOUS
10
4.0234212598425199
20
-6.7704212598425197
11
4.01151968503937
21
-6.8061338582677164
0
LINE
8
CYAN2
6
CONTINUOUS
10
4.01151968503937
20
-6.8061338582677164
11
4.0424685039370081
21
-6.8061338582677164
0
LINE
8
CYAN2
6
CONTINUOUS
10
4.0615157480314963
20
-6.8227992125984258
11
4.0615157480314963
21
-6.7727992125984251
0
LINE
8
CYAN2
6
CONTINUOUS
10
4.0615157480314963
20
-6.7966102362204728
11
4.0900866141732282
21
-6.7966102362204728
0
LINE
8
CYAN2
6
CONTINUOUS
10
4.0900866141732282
20
-6.8227992125984258
11
4.0900866141732282
21
-6.7727992125984251
0
LINE
8
CYAN2
6
CONTINUOUS
10
4.1424685039370077
20
-6.8180393700787407
11
4.1400905511811024
21
-6.8204212598425196
0
LINE
8
CYAN2
6
CONTINUOUS
10
4.1400905511811024
20
-6.8204212598425196
11
4.1329448818897641
21
-6.8227992125984258
0
LINE
8
CYAN2
6
CONTINUOUS
10
4.1329448818897641
20
-6.8227992125984258
11
4.128185039370079
21
-6.8227992125984258
0
LINE
8
CYAN2
6
CONTINUOUS
10
4.128185039370079
20
-6.8227992125984258
11
4.1210433070866141
21
-6.8204212598425196
0
LINE
8
CYAN2
6
CONTINUOUS
10
4.1210433070866141
20
-6.8204212598425196
11
4.1162795275590556
21
-6.815657480314961
0
LINE
8
CYAN2
6
CONTINUOUS
10
4.1162795275590556
20
-6.815657480314961
11
4.1138976377952758
21
-6.8108937007874015
0
LINE
8
CYAN2
6
CONTINUOUS
10
4.1138976377952758
20
-6.8108937007874015
11
4.1115196850393705
21
-6.8013700787401579
0
LINE
8
CYAN2
6
CONTINUOUS
10
4.1115196850393705
20
-6.8013700787401579
11
4.1115196850393705
21
-6.794228346456693
0
LINE
8
CYAN2
6
CONTINUOUS
10
4.1115196850393705
20
-6.794228346456693
11
4.1138976377952758
21
-6.7847047244094494
0
LINE
8
CYAN2
6
CONTINUOUS
10
4.1138976377952758
20
-6.7847047244094494
11
4.1162795275590556
21
-6.7799448818897643
0
LINE
8
CYAN2
6
CONTINUOUS
10
4.1162795275590556
20
-6.7799448818897643
11
4.1210433070866141
21
-6.7751811023622048
0
LINE
8
CYAN2
6
CONTINUOUS
10
4.1210433070866141
20
-6.7751811023622048
11
4.128185039370079
21
-6.7727992125984251
0
LINE
8
CYAN2
6
CONTINUOUS
10
4.128185039370079
20
-6.7727992125984251
11
4.1329448818897641
21
-6.7727992125984251
0
LINE
8
CYAN2
6
CONTINUOUS
10
4.1329448818897641
20
-6.7727992125984251
11
4.1400905511811024
21
-6.7751811023622048
0
LINE
8
CYAN2
6
CONTINUOUS
10
4.1400905511811024
20
-6.7751811023622048
11
4.1424685039370077
21
-6.7775629921259846
0
LINE
8
CYAN2
6
CONTINUOUS
10
4.1567559055118108
20
-6.7727992125984251
11
4.1853267716535436
21
-6.7727992125984251
0
LINE
8
CYAN2
6
CONTINUOUS
10
4.171043307086614
20
-6.8227992125984258
11
4.171043307086614
21
-6.7727992125984251
0
LINE
8
CYAN2
6
CONTINUOUS
10
4.2115157480314966
20
-6.7727992125984251
11
4.2162795275590552
21
-6.7727992125984251
0
LINE
8
CYAN2
6
CONTINUOUS
10
4.2162795275590552
20
-6.7727992125984251
11
4.2210393700787403
21
-6.7751811023622048
0
LINE
8
CYAN2
6
CONTINUOUS
10
4.2210393700787403
20
-6.7751811023622048
11
4.22342125984252
21
-6.7775629921259846
0
LINE
8
CYAN2
6
CONTINUOUS
10
4.22342125984252
20
-6.7775629921259846
11
4.2258031496062998
21
-6.7823228346456697
0
LINE
8
CYAN2
6
CONTINUOUS
10
4.2258031496062998
20
-6.7823228346456697
11
4.2281850393700786
21
-6.7918464566929133
0
LINE
8
CYAN2
6
CONTINUOUS
10
4.2281850393700786
20
-6.7918464566929133
11
4.2281850393700786
21
-6.8037519685039376
0
LINE
8
CYAN2
6
CONTINUOUS
10
4.2281850393700786
20
-6.8037519685039376
11
4.2258031496062998
21
-6.8132755905511813
0
LINE
8
CYAN2
6
CONTINUOUS
10
4.2258031496062998
20
-6.8132755905511813
11
4.22342125984252
21
-6.8180393700787407
0
LINE
8
CYAN2
6
CONTINUOUS
10
4.22342125984252
20
-6.8180393700787407
11
4.2210393700787403
21
-6.8204212598425196
0
LINE
8
CYAN2
6
CONTINUOUS
10
4.2210393700787403
20
-6.8204212598425196
11
4.2162795275590552
21
-6.8227992125984258
0
LINE
8
CYAN2
6
CONTINUOUS
10
4.2162795275590552
20
-6.8227992125984258
11
4.2115157480314966
21
-6.8227992125984258
0
LINE
8
CYAN2
6
CONTINUOUS
10
4.2115157480314966
20
-6.8227992125984258
11
4.2067559055118116
21
-6.8204212598425196
0
LINE
8
CYAN2
6
CONTINUOUS
10
4.2067559055118116
20
-6.8204212598425196
11
4.2043740157480318
21
-6.8180393700787407
0
LINE
8
CYAN2
6
CONTINUOUS
10
4.2043740157480318
20
-6.8180393700787407
11
4.2019921259842521
21
-6.8132755905511813
0
LINE
8
CYAN2
6
CONTINUOUS
10
4.2019921259842521
20
-6.8132755905511813
11
4.1996141732283467
21
-6.8037519685039376
0
LINE
8
CYAN2
6
CONTINUOUS
10
4.1996141732283467
20
-6.8037519685039376
11
4.1996141732283467
21
-6.7918464566929133
0
LINE
8
CYAN2
6
CONTINUOUS
10
4.1996141732283467
20
-6.7918464566929133
11
4.2019921259842521
21
-6.7823228346456697
0
LINE
8
CYAN2
6
CONTINUOUS
10
4.2019921259842521
20
-6.7823228346456697
11
4.2043740157480318
21
-6.7775629921259846
0
LINE
8
CYAN2
6
CONTINUOUS
10
4.2043740157480318
20
-6.7775629921259846
11
4.2067559055118116
21
-6.7751811023622048
0
LINE
8
CYAN2
6
CONTINUOUS
10
4.2067559055118116
20
-6.7751811023622048
11
4.2115157480314966
21
-6.7727992125984251
0
LINE
8
CYAN2
6
CONTINUOUS
10
4.2710393700787401
20
-6.789468503937008
11
4.2710393700787401
21
-6.8227992125984258
0
LINE
8
CYAN2
6
CONTINUOUS
10
4.2591338582677167
20
-6.7704212598425197
11
4.2472322834645668
21
-6.8061338582677164
0
LINE
8
CYAN2
6
CONTINUOUS
10
4.2472322834645668
20
-6.8061338582677164
11
4.2781811023622049
21
-6.8061338582677164
0
LINE
8
RED2
6
CONTINUOUS
10
8.0099999999999998
20
-1.7
11
8.0099999999999998
21
-1.5
0
LINE
8
RED2
6
CONTINUOUS
10
8.0099999999999998
20
-1.5
11
8.0899999999999999
21
-1.5
0
LINE
8
RED2
6
CONTINUOUS
10
8.0899999999999999
20
-1.5
11
8.0899999999999999
21
-1.7
0
LINE
8
RED2
6
CONTINUOUS
10
8.0899999999999999
20
-1.7
11
8.0099999999999998
21
-1.7
0
LINE
8
RED2
6
CONTINUOUS
10
8.0500000000000007
20
-1.5
11
8.0500000000000007
21
-1.45
0
LINE
8
RED2
6
CONTINUOUS
10
8.0500000000000007
20
-1.7
11
8.0500000000000007
21
-1.75
0
LINE
8
CYAN2
6
CONTINUOUS
10
8.1948503937007882
20
-1.5727992125984254
11
8.1781850393700797
21
-1.5489921259842521
0
LINE
8
CYAN2
6
CONTINUOUS
10
8.1662795275590554
20
-1.5727992125984254
11
8.1662795275590554
21
-1.5227992125984253
0
LINE
8
CYAN2
6
CONTINUOUS
10
8.1662795275590554
20
-1.5227992125984253
11
8.1853267716535445
21
-1.5227992125984253
0
LINE
8
CYAN2
6
CONTINUOUS
10
8.1853267716535445
20
-1.5227992125984253
11
8.1900905511811022
21
-1.5251811023622048
0
LINE
8
CYAN2
6
CONTINUOUS
10
8.1900905511811022
20
-1.5251811023622048
11
8.1924724409448828
21
-1.5275629921259843
0
LINE
8
CYAN2
6
CONTINUOUS
10
8.1924724409448828
20
-1.5275629921259843
11
8.1948503937007882
21
-1.5323228346456694
0
LINE
8
CYAN2
6
CONTINUOUS
10
8.1948503937007882
20
-1.5323228346456694
11
8.1948503937007882
21
-1.539468503937008
0
LINE
8
CYAN2
6
CONTINUOUS
10
8.1948503937007882
20
-1.539468503937008
11
8.1924724409448828
21
-1.544228346456693
0
LINE
8
CYAN2
6
CONTINUOUS
10
8.1924724409448828
20
-1.544228346456693
11
8.1900905511811022
21
-1.5466102362204726
0
LINE
8
CYAN2
6
CONTINUOUS
10
8.1900905511811022
20
-1.5466102362204726
11
8.1853267716535445
21
-1.5489921259842521
0
LINE
8
CYAN2
6
CONTINUOUS
10
8.1853267716535445
20
-1.5489921259842521
11
8.1662795275590554
21
-1.5489921259842521
0
LINE
8
CYAN2
6
CONTINUOUS
10
8.2400905511811029
20
-1.5227992125984253
11
8.2162795275590561
21
-1.5227992125984253
0
LINE
8
CYAN2
6
CONTINUOUS
10
8.2162795275590561
20
-1.5227992125984253
11
8.2139015748031508
21
-1.5466102362204726
0
LINE
8
CYAN2
6
CONTINUOUS
10
8.2139015748031508
20
-1.5466102362204726
11
8.2162795275590561
21
-1.544228346456693
0
LINE
8
CYAN2
6
CONTINUOUS
10
8.2162795275590561
20
-1.544228346456693
11
8.2210433070866138
21
-1.5418464566929135
0
LINE
8
CYAN2
6
CONTINUOUS
10
8.2210433070866138
20
-1.5418464566929135
11
8.2329488188976381
21
-1.5418464566929135
0
LINE
8
CYAN2
6
CONTINUOUS
10
8.2329488188976381
20
-1.5418464566929135
11
8.2377086614173223
21
-1.544228346456693
0
LINE
8
CYAN2
6
CONTINUOUS
10
8.2377086614173223
20
-1.544228346456693
11
8.2400905511811029
21
-1.5466102362204726
0
LINE
8
CYAN2
6
CONTINUOUS
10
8.2400905511811029
20
-1.5466102362204726
11
8.2424724409448817
21
-1.5513700787401576
0
LINE
8
CYAN2
6
CONTINUOUS
10
8.2424724409448817
20
-1.5513700787401576
11
8.2424724409448817
21
-1.5632755905511813
0
LINE
8
CYAN2
6
CONTINUOUS
10
8.2424724409448817
20
-1.5632755905511813
11
8.2400905511811029
21
-1.5680393700787403
0
LINE
8
CYAN2
6
CONTINUOUS
10
8.2400905511811029
20
-1.5680393700787403
11
8.2377086614173223
21
-1.5704212598425198
0
LINE
8
CYAN2
6
CONTINUOUS
10
8.2377086614173223
20
-1.5704212598425198
11
8.2329488188976381
21
-1.5727992125984254
0
LINE
8
CYAN2
6
CONTINUOUS
10
8.2329488188976381
20
-1.5727992125984254
11
8.2210433070866138
21
-1.5727992125984254
0
LINE
8
CYAN2
6
CONTINUOUS
10
8.2210433070866138
20
-1.5727992125984254
11
8.2162795275590561
21
-1.5704212598425198
0
LINE
8
CYAN2
6
CONTINUOUS
10
8.2162795275590561
20
-1.5704212598425198
11
8.2139015748031508
21
-1.5680393700787403
0
LINE
8
CYAN2
6
CONTINUOUS
10
8.2615196850393708
20
-1.5275629921259843
11
8.2638976377952762
21
-1.5251811023622048
0
LINE
8
CYAN2
6
CONTINUOUS
10
8.2638976377952762
20
-1.5251811023622048
11
8.2686614173228357
21
-1.5227992125984253
0
LINE
8
CYAN2
6
CONTINUOUS
10
8.2686614173228357
20
-1.5227992125984253
11
8.2805669291338582
21
-1.5227992125984253
0
LINE
8
CYAN2
6
CONTINUOUS
10
8.2805669291338582
20
-1.5227992125984253
11
8.2853267716535441
21
-1.5251811023622048
0
LINE
8
CYAN2
6
CONTINUOUS
10
8.2853267716535441
20
-1.5251811023622048
11
8.287708661417323
21
-1.5275629921259843
0
LINE
8
CYAN2
6
CONTINUOUS
10
8.287708661417323
20
-1.5275629921259843
11
8.2900905511811018
21
-1.5323228346456694
0
LINE
8
CYAN2
6
CONTINUOUS
10
8.2900905511811018
20
-1.5323228346456694
11
8.2900905511811018
21
-1.5370866141732284
0
LINE
8
CYAN2
6
CONTINUOUS
10
8.2900905511811018
20
-1.5370866141732284
11
8.287708661417323
21
-1.544228346456693
0
LINE
8
CYAN2
6
CONTINUOUS
10
8.287708661417323
20
-1.544228346456693
11
8.2591377952755902
21
-1.5727992125984254
0
LINE
8
CYAN2
6
CONTINUOUS
10
8.2591377952755902
20
-1.5727992125984254
11
8.2900905511811018
21
-1.5727992125984254
0
LINE
8
CYAN2
6
CONTINUOUS
10
8.1924724409448828
20
-1.6727992125984252
11
8.16390157480315
21
-1.6727992125984252
0
LINE
8
CYAN2
6
CONTINUOUS
10
8.1781850393700797
20
-1.6727992125984252
11
8.1781850393700797
21
-1.6227992125984252
0
LINE
8
CYAN2
6
CONTINUOUS
10
8.1781850393700797
20
-1.6227992125984252
11
8.1734251968503937
21
-1.6299448818897639
0
LINE
8
CYAN2
6
CONTINUOUS
10
8.1734251968503937
20
-1.6299448818897639
11
8.1686614173228342
21
-1.6347047244094488
0
LINE
8
CYAN2
6
CONTINUOUS
10
8.1686614173228342
20
-1.6347047244094488
11
8.16390157480315
21
-1.6370866141732283
0
LINE
8
CYAN2
6
CONTINUOUS
10
8.2138976377952755
20
-1.6727992125984252
11
8.2138976377952755
21
-1.6227992125984252
0
LINE
8
CYAN2
6
CONTINUOUS
10
8.2424685039370083
20
-1.6727992125984252
11
8.2210433070866138
21
-1.6442283464566929
0
LINE
8
CYAN2
6
CONTINUOUS
10
8.2424685039370083
20
-1.6227992125984252
11
8.2138976377952755
21
-1.6513700787401575
0
LINE
8
RED2
6
CONTINUOUS
10
7.4100000000000001
20
-5.3500000000000005
11
7.4100000000000001
21
-5.1500000000000004
0
LINE
8
RED2
6
CONTINUOUS
10
7.4100000000000001
20
-5.1500000000000004
11
7.4900000000000002
21
-5.1500000000000004
0
LINE
8
RED2
6
CONTINUOUS
10
7.4900000000000002
20
-5.1500000000000004
11
7.4900000000000002
21
-5.3500000000000005
0
LINE
8
RED2
6
CONTINUOUS
10
7.4900000000000002
20
-5.3500000000000005
11
7.4100000000000001
21
-5.3500000000000005
0
LINE
8
RED2
6
CONTINUOUS
10
7.4500000000000002
20
-5.1500000000000004
11
7.4500000000000002
21
-5.1000000000000005
0
LINE
8
RED2
6
CONTINUOUS
10
7.4500000000000002
20
-5.3500000000000005
11
7.4500000000000002
21
-5.4000000000000004
0
LINE
8
CYAN2
6
CONTINUOUS
10
7.5948503937007876
20
-5.2227992125984253
11
7.5781850393700791
21
-5.198992125984252
0
LINE
8
CYAN2
6
CONTINUOUS
10
7.5662795275590558
20
-5.2227992125984253
11
7.5662795275590558
21
-5.1727992125984255
0
LINE
8
CYAN2
6
CONTINUOUS
10
7.5662795275590558
20
-5.1727992125984255
11
7.585326771653544
21
-5.1727992125984255
0
LINE
8
CYAN2
6
CONTINUOUS
10
7.585326771653544
20
-5.1727992125984255
11
7.5900905511811025
21
-5.1751811023622052
0
LINE
8
CYAN2
6
CONTINUOUS
10
7.5900905511811025
20
-5.1751811023622052
11
7.5924724409448823
21
-5.177562992125984
0
LINE
8
CYAN2
6
CONTINUOUS
10
7.5924724409448823
20
-5.177562992125984
11
7.5948503937007876
21
-5.1823228346456691
0
LINE
8
CYAN2
6
CONTINUOUS
10
7.5948503937007876
20
-5.1823228346456691
11
7.5948503937007876
21
-5.1894685039370083
0
LINE
8
CYAN2
6
CONTINUOUS
10
7.5948503937007876
20
-5.1894685039370083
11
7.5924724409448823
21
-5.1942283464566934
0
LINE
8
CYAN2
6
CONTINUOUS
10
7.5924724409448823
20
-5.1942283464566934
11
7.5900905511811025
21
-5.1966102362204722
0
LINE
8
CYAN2
6
CONTINUOUS
10
7.5900905511811025
20
-5.1966102362204722
11
7.585326771653544
21
-5.198992125984252
0
LINE
8
CYAN2
6
CONTINUOUS
10
7.585326771653544
20
-5.198992125984252
11
7.5662795275590558
21
-5.198992125984252
0
LINE
8
CYAN2
6
CONTINUOUS
10
7.6400905511811024
20
-5.1727992125984255
11
7.6162795275590556
21
-5.1727992125984255
0
LINE
8
CYAN2
6
CONTINUOUS
10
7.6162795275590556
20
-5.1727992125984255
11
7.6139015748031502
21
-5.1966102362204722
0
LINE
8
CYAN2
6
CONTINUOUS
10
7.6139015748031502
20
-5.1966102362204722
11
7.6162795275590556
21
-5.1942283464566934
0
LINE
8
CYAN2
6
CONTINUOUS
10
7.6162795275590556
20
-5.1942283464566934
11
7.6210433070866141
21
-5.1918464566929137
0
LINE
8
CYAN2
6
CONTINUOUS
10
7.6210433070866141
20
-5.1918464566929137
11
7.6329488188976384
21
-5.1918464566929137
0
LINE
8
CYAN2
6
CONTINUOUS
10
7.6329488188976384
20
-5.1918464566929137
11
7.6377086614173235
21
-5.1942283464566934
0
LINE
8
CYAN2
6
CONTINUOUS
10
7.6377086614173235
20
-5.1942283464566934
11
7.6400905511811024
21
-5.1966102362204722
0
LINE
8
CYAN2
6
CONTINUOUS
10
7.6400905511811024
20
-5.1966102362204722
11
7.6424724409448821
21
-5.2013700787401573
0
LINE
8
CYAN2
6
CONTINUOUS
10
7.6424724409448821
20
-5.2013700787401573
11
7.6424724409448821
21
-5.2132755905511816
0
LINE
8
CYAN2
6
CONTINUOUS
10
7.6424724409448821
20
-5.2132755905511816
11
7.6400905511811024
21
-5.2180393700787402
0
LINE
8
CYAN2
6
CONTINUOUS
10
7.6400905511811024
20
-5.2180393700787402
11
7.6377086614173235
21
-5.2204212598425199
0
LINE
8
CYAN2
6
CONTINUOUS
10
7.6377086614173235
20
-5.2204212598425199
11
7.6329488188976384
21
-5.2227992125984253
0
LINE
8
CYAN2
6
CONTINUOUS
10
7.6329488188976384
20
-5.2227992125984253
11
7.6210433070866141
21
-5.2227992125984253
0
LINE
8
CYAN2
6
CONTINUOUS
10
7.6210433070866141
20
-5.2227992125984253
11
7.6162795275590556
21
-5.2204212598425199
0
LINE
8
CYAN2
6
CONTINUOUS
10
7.6162795275590556
20
-5.2204212598425199
11
7.6139015748031502
21
-5.2180393700787402
0
LINE
8
CYAN2
6
CONTINUOUS
10
7.6900905511811031
20
-5.2227992125984253
11
7.6615196850393703
21
-5.2227992125984253
0
LINE
8
CYAN2
6
CONTINUOUS
10
7.6758031496062991
20
-5.2227992125984253
11
7.6758031496062991
21
-5.1727992125984255
0
LINE
8
CYAN2
6
CONTINUOUS
10
7.6758031496062991
20
-5.1727992125984255
11
7.6710433070866149
21
-5.1799448818897638
0
LINE
8
CYAN2
6
CONTINUOUS
10
7.6710433070866149
20
-5.1799448818897638
11
7.6662795275590554
21
-5.1847047244094489
0
LINE
8
CYAN2
6
CONTINUOUS
10
7.6662795275590554
20
-5.1847047244094489
11
7.6615196850393703
21
-5.1870866141732286
0
LINE
8
CYAN2
6
CONTINUOUS
10
7.5639015748031495
20
-5.2775629921259846
11
7.5662795275590558
21
-5.2751811023622048
0
LINE
8
CYAN2
6
CONTINUOUS
10
7.5662795275590558
20
-5.2751811023622048
11
7.5710433070866143
21
-5.2727992125984251
0
LINE
8
CYAN2
6
CONTINUOUS
10
7.5710433070866143
20
-5.2727992125984251
11
7.5829488188976377
21
-5.2727992125984251
0
LINE
8
CYAN2
6
CONTINUOUS
10
7.5829488188976377
20
-5.2727992125984251
11
7.5877086614173228
21
-5.2751811023622048
0
LINE
8
CYAN2
6
CONTINUOUS
10
7.5877086614173228
20
-5.2751811023622048
11
7.5900905511811025
21
-5.2775629921259846
0
LINE
8
CYAN2
6
CONTINUOUS
10
7.5900905511811025
20
-5.2775629921259846
11
7.5924724409448823
21
-5.2823228346456697
0
LINE
8
CYAN2
6
CONTINUOUS
10
7.5924724409448823
20
-5.2823228346456697
11
7.5924724409448823
21
-5.2870866141732282
0
LINE
8
CYAN2
6
CONTINUOUS
10
7.5924724409448823
20
-5.2870866141732282
11
7.5900905511811025
21
-5.294228346456693
0
LINE
8
CYAN2
6
CONTINUOUS
10
7.5900905511811025
20
-5.294228346456693
11
7.5615196850393707
21
-5.3227992125984258
0
LINE
8
CYAN2
6
CONTINUOUS
10
7.5615196850393707
20
-5.3227992125984258
11
7.5924724409448823
21
-5.3227992125984258
0
LINE
8
CYAN2
6
CONTINUOUS
10
7.6115196850393705
20
-5.2775629921259846
11
7.6138976377952758
21
-5.2751811023622048
0
LINE
8
CYAN2
6
CONTINUOUS
10
7.6138976377952758
20
-5.2751811023622048
11
7.6186614173228353
21
-5.2727992125984251
0
LINE
8
CYAN2
6
CONTINUOUS
10
7.6186614173228353
20
-5.2727992125984251
11
7.6305669291338587
21
-5.2727992125984251
0
LINE
8
CYAN2
6
CONTINUOUS
10
7.6305669291338587
20
-5.2727992125984251
11
7.6353267716535438
21
-5.2751811023622048
0
LINE
8
CYAN2
6
CONTINUOUS
10
7.6353267716535438
20
-5.2751811023622048
11
7.6377086614173235
21
-5.2775629921259846
0
LINE
8
CYAN2
6
CONTINUOUS
10
7.6377086614173235
20
-5.2775629921259846
11
7.6400905511811024
21
-5.2823228346456697
0
LINE
8
CYAN2
6
CONTINUOUS
10
7.6400905511811024
20
-5.2823228346456697
11
7.6400905511811024
21
-5.2870866141732282
0
LINE
8
CYAN2
6
CONTINUOUS
10
7.6400905511811024
20
-5.2870866141732282
11
7.6377086614173235
21
-5.294228346456693
0
LINE
8
CYAN2
6
CONTINUOUS
10
7.6377086614173235
20
-5.294228346456693
11
7.6091377952755908
21
-5.3227992125984258
0
LINE
8
CYAN2
6
CONTINUOUS
10
7.6091377952755908
20
-5.3227992125984258
11
7.6400905511811024
21
-5.3227992125984258
0
LINE
8
CYAN2
6
CONTINUOUS
10
7.6710393700787405
20
-5.2727992125984251
11
7.6758031496062991
21
-5.2727992125984251
0
LINE
8
CYAN2
6
CONTINUOUS
10
7.6758031496062991
20
-5.2727992125984251
11
7.6805629921259841
21
-5.2751811023622048
0
LINE
8
CYAN2
6
CONTINUOUS
10
7.6805629921259841
20
-5.2751811023622048
11
7.6829448818897639
21
-5.2775629921259846
0
LINE
8
CYAN2
6
CONTINUOUS
10
7.6829448818897639
20
-5.2775629921259846
11
7.6853267716535436
21
-5.2823228346456697
0
LINE
8
CYAN2
6
CONTINUOUS
10
7.6853267716535436
20
-5.2823228346456697
11
7.6877086614173233
21
-5.2918464566929133
0
LINE
8
CYAN2
6
CONTINUOUS
10
7.6877086614173233
20
-5.2918464566929133
11
7.6877086614173233
21
-5.3037519685039376
0
LINE
8
CYAN2
6
CONTINUOUS
10
7.6877086614173233
20
-5.3037519685039376
11
7.6853267716535436
21
-5.3132755905511813
0
LINE
8
CYAN2
6
CONTINUOUS
10
7.6853267716535436
20
-5.3132755905511813
11
7.6829448818897639
21
-5.3180393700787407
0
LINE
8
CYAN2
6
CONTINUOUS
10
7.6829448818897639
20
-5.3180393700787407
11
7.6805629921259841
21
-5.3204212598425196
0
LINE
8
CYAN2
6
CONTINUOUS
10
7.6805629921259841
20
-5.3204212598425196
11
7.6758031496062991
21
-5.3227992125984258
0
LINE
8
CYAN2
6
CONTINUOUS
10
7.6758031496062991
20
-5.3227992125984258
11
7.6710393700787405
21
-5.3227992125984258
0
LINE
8
CYAN2
6
CONTINUOUS
10
7.6710393700787405
20
-5.3227992125984258
11
7.6662795275590554
21
-5.3204212598425196
0
LINE
8
CYAN2
6
CONTINUOUS
10
7.6662795275590554
20
-5.3204212598425196
11
7.6638976377952757
21
-5.3180393700787407
0
LINE
8
CYAN2
6
CONTINUOUS
10
7.6638976377952757
20
-5.3180393700787407
11
7.6615157480314959
21
-5.3132755905511813
0
LINE
8
CYAN2
6
CONTINUOUS
10
7.6615157480314959
20
-5.3132755905511813
11
7.6591377952755906
21
-5.3037519685039376
0
LINE
8
CYAN2
6
CONTINUOUS
10
7.6591377952755906
20
-5.3037519685039376
11
7.6591377952755906
21
-5.2918464566929133
0
LINE
8
CYAN2
6
CONTINUOUS
10
7.6591377952755906
20
-5.2918464566929133
11
7.6615157480314959
21
-5.2823228346456697
0
LINE
8
CYAN2
6
CONTINUOUS
10
7.6615157480314959
20
-5.2823228346456697
11
7.6638976377952757
21
-5.2775629921259846
0
LINE
8
CYAN2
6
CONTINUOUS
10
7.6638976377952757
20
-5.2775629921259846
11
7.6662795275590554
21
-5.2751811023622048
0
LINE
8
CYAN2
6
CONTINUOUS
10
7.6662795275590554
20
-5.2751811023622048
11
7.6710393700787405
21
-5.2727992125984251
0
LINE
8
RED2
6
CONTINUOUS
10
7.4500000000000002
20
-5.5499999999999998
11
7.4500000000000002
21
-5.6000000000000005
0
LINE
8
RED2
6
CONTINUOUS
10
7.4500000000000002
20
-5.6000000000000005
11
7.5
21
-5.6000000000000005
0
LINE
8
RED2
6
CONTINUOUS
10
7.5
20
-5.6000000000000005
11
7.4500000000000002
21
-5.6500000000000004
0
LINE
8
RED2
6
CONTINUOUS
10
7.4500000000000002
20
-5.6500000000000004
11
7.4000000000000004
21
-5.6000000000000005
0
LINE
8
RED2
6
CONTINUOUS
10
7.4000000000000004
20
-5.6000000000000005
11
7.4500000000000002
21
-5.6000000000000005
0
LINE
8
CYAN2
6
CONTINUOUS
10
7.4119055118110238
20
-5.7251850393700794
11
7.4071417322834652
21
-5.7228031496062997
0
LINE
8
CYAN2
6
CONTINUOUS
10
7.4071417322834652
20
-5.7228031496062997
11
7.4000000000000004
21
-5.7228031496062997
0
LINE
8
CYAN2
6
CONTINUOUS
10
7.4000000000000004
20
-5.7228031496062997
11
7.3928582677165355
21
-5.7251850393700794
0
LINE
8
CYAN2
6
CONTINUOUS
10
7.3928582677165355
20
-5.7251850393700794
11
7.388094488188977
21
-5.729948818897638
0
LINE
8
CYAN2
6
CONTINUOUS
10
7.388094488188977
20
-5.729948818897638
11
7.3857125984251972
21
-5.7347086614173231
0
LINE
8
CYAN2
6
CONTINUOUS
10
7.3857125984251972
20
-5.7347086614173231
11
7.3833346456692919
21
-5.7442322834645667
0
LINE
8
CYAN2
6
CONTINUOUS
10
7.3833346456692919
20
-5.7442322834645667
11
7.3833346456692919
21
-5.7513740157480315
0
LINE
8
CYAN2
6
CONTINUOUS
10
7.3833346456692919
20
-5.7513740157480315
11
7.3857125984251972
21
-5.7608976377952761
0
LINE
8
CYAN2
6
CONTINUOUS
10
7.3857125984251972
20
-5.7608976377952761
11
7.388094488188977
21
-5.7656614173228347
0
LINE
8
CYAN2
6
CONTINUOUS
10
7.388094488188977
20
-5.7656614173228347
11
7.3928582677165355
21
-5.7704251968503941
0
LINE
8
CYAN2
6
CONTINUOUS
10
7.3928582677165355
20
-5.7704251968503941
11
7.4000000000000004
21
-5.7728031496062995
0
LINE
8
CYAN2
6
CONTINUOUS
10
7.4000000000000004
20
-5.7728031496062995
11
7.4047598425196854
21
-5.7728031496062995
0
LINE
8
CYAN2
6
CONTINUOUS
10
7.4047598425196854
20
-5.7728031496062995
11
7.4119055118110238
21
-5.7704251968503941
0
LINE
8
CYAN2
6
CONTINUOUS
10
7.4119055118110238
20
-5.7704251968503941
11
7.4142834645669291
21
-5.7680433070866144
0
LINE
8
CYAN2
6
CONTINUOUS
10
7.4142834645669291
20
-5.7680433070866144
11
7.4142834645669291
21
-5.7513740157480315
0
LINE
8
CYAN2
6
CONTINUOUS
10
7.4142834645669291
20
-5.7513740157480315
11
7.4047598425196854
21
-5.7513740157480315
0
LINE
8
CYAN2
6
CONTINUOUS
10
7.4357125984251971
20
-5.7728031496062995
11
7.4357125984251971
21
-5.7228031496062997
0
LINE
8
CYAN2
6
CONTINUOUS
10
7.4357125984251971
20
-5.7228031496062997
11
7.4642834645669298
21
-5.7728031496062995
0
LINE
8
CYAN2
6
CONTINUOUS
10
7.4642834645669298
20
-5.7728031496062995
11
7.4642834645669298
21
-5.7228031496062997
0
LINE
8
CYAN2
6
CONTINUOUS
10
7.4880944881889766
20
-5.7728031496062995
11
7.4880944881889766
21
-5.7228031496062997
0
LINE
8
CYAN2
6
CONTINUOUS
10
7.4880944881889766
20
-5.7228031496062997
11
7.5
21
-5.7228031496062997
0
LINE
8
CYAN2
6
CONTINUOUS
10
7.5
20
-5.7228031496062997
11
7.5071417322834648
21
-5.7251850393700794
0
LINE
8
CYAN2
6
CONTINUOUS
10
7.5071417322834648
20
-5.7251850393700794
11
7.5119055118110243
21
-5.729948818897638
0
LINE
8
CYAN2
6
CONTINUOUS
10
7.5119055118110243
20
-5.729948818897638
11
7.5142874015748031
21
-5.7347086614173231
0
LINE
8
CYAN2
6
CONTINUOUS
10
7.5142874015748031
20
-5.7347086614173231
11
7.5166653543307094
21
-5.7442322834645667
0
LINE
8
CYAN2
6
CONTINUOUS
10
7.5166653543307094
20
-5.7442322834645667
11
7.5166653543307094
21
-5.7513740157480315
0
LINE
8
CYAN2
6
CONTINUOUS
10
7.5166653543307094
20
-5.7513740157480315
11
7.5142874015748031
21
-5.7608976377952761
0
LINE
8
CYAN2
6
CONTINUOUS
10
7.5142874015748031
20
-5.7608976377952761
11
7.5119055118110243
21
-5.7656614173228347
0
LINE
8
CYAN2
6
CONTINUOUS
10
7.5119055118110243
20
-5.7656614173228347
11
7.5071417322834648
21
-5.7704251968503941
0
LINE
8
CYAN2
6
CONTINUOUS
10
7.5071417322834648
20
-5.7704251968503941
11
7.5
21
-5.7728031496062995
0
LINE
8
CYAN2
6
CONTINUOUS
10
7.5
20
-5.7728031496062995
11
7.4880944881889766
21
-5.7728031496062995
0
LINE
8
RED2
6
CONTINUOUS
10
7.4800000000000004
20
-4.9699999999999998
11
7.54
21
-5.0300000000000002
0
LINE
8
RED2
6
CONTINUOUS
10
7.54
20
-5.0300000000000002
11
7.54
21
-5.
0
LINE
8
RED2
6
CONTINUOUS
10
7.54
20
-5.
11
7.54
21
-5.0300000000000002
0
LINE
8
RED2
6
CONTINUOUS
10
7.54
20
-5.0300000000000002
11
7.5100000000000007
21
-5.0300000000000002
0
LINE
8
RED2
6
CONTINUOUS
10
7.4800000000000004
20
-4.9199999999999999
11
7.54
21
-4.9800000000000004
0
LINE
8
RED2
6
CONTINUOUS
10
7.54
20
-4.9800000000000004
11
7.54
21
-4.9500000000000002
0
LINE
8
RED2
6
CONTINUOUS
10
7.54
20
-4.9500000000000002
11
7.54
21
-4.9800000000000004
0
LINE
8
RED2
6
CONTINUOUS
10
7.54
20
-4.9800000000000004
11
7.5100000000000007
21
-4.9800000000000004
0
LINE
8
RED2
6
CONTINUOUS
10
7.4500000000000002
20
-4.9000000000000004
11
7.4500000000000002
21
-4.7999999999999998
0
LINE
8
RED2
6
CONTINUOUS
10
7.5
20
-4.9000000000000004
11
7.4000000000000004
21
-4.9000000000000004
0
LINE
8
RED2
6
CONTINUOUS
10
7.5
20
-4.7999999999999998
11
7.4000000000000004
21
-4.7999999999999998
0
LINE
8
RED2
6
CONTINUOUS
10
7.4000000000000004
20
-4.7999999999999998
11
7.4500000000000002
21
-4.9000000000000004
0
LINE
8
RED2
6
CONTINUOUS
10
7.4500000000000002
20
-4.9000000000000004
11
7.5
21
-4.7999999999999998
0
LINE
8
RED2
6
CONTINUOUS
10
7.4500000000000002
20
-4.9000000000000004
11
7.4500000000000002
21
-5.
0
LINE
8
RED2
6
CONTINUOUS
10
7.4500000000000002
20
-4.7999999999999998
11
7.4500000000000002
21
-4.7000000000000002
0
LINE
8
CYAN2
6
CONTINUOUS
10
7.6162795275590556
20
-4.8852952755905514
11
7.6162795275590556
21
-4.8352952755905516
0
LINE
8
CYAN2
6
CONTINUOUS
10
7.6162795275590556
20
-4.8352952755905516
11
7.628185039370079
21
-4.8352952755905516
0
LINE
8
CYAN2
6
CONTINUOUS
10
7.628185039370079
20
-4.8352952755905516
11
7.6353267716535438
21
-4.8376771653543305
0
LINE
8
CYAN2
6
CONTINUOUS
10
7.6353267716535438
20
-4.8376771653543305
11
7.6400905511811024
21
-4.8424409448818899
0
LINE
8
CYAN2
6
CONTINUOUS
10
7.6400905511811024
20
-4.8424409448818899
11
7.6424724409448821
21
-4.847200787401575
0
LINE
8
CYAN2
6
CONTINUOUS
10
7.6424724409448821
20
-4.847200787401575
11
7.6448503937007874
21
-4.8567244094488187
0
LINE
8
CYAN2
6
CONTINUOUS
10
7.6448503937007874
20
-4.8567244094488187
11
7.6448503937007874
21
-4.8638661417322835
0
LINE
8
CYAN2
6
CONTINUOUS
10
7.6448503937007874
20
-4.8638661417322835
11
7.6424724409448821
21
-4.873389763779528
0
LINE
8
CYAN2
6
CONTINUOUS
10
7.6424724409448821
20
-4.873389763779528
11
7.6400905511811024
21
-4.8781535433070866
0
LINE
8
CYAN2
6
CONTINUOUS
10
7.6400905511811024
20
-4.8781535433070866
11
7.6353267716535438
21
-4.8829173228346461
0
LINE
8
CYAN2
6
CONTINUOUS
10
7.6353267716535438
20
-4.8829173228346461
11
7.628185039370079
21
-4.8852952755905514
0
LINE
8
CYAN2
6
CONTINUOUS
10
7.628185039370079
20
-4.8852952755905514
11
7.6162795275590556
21
-4.8852952755905514
0
LINE
8
CYAN2
6
CONTINUOUS
10
7.6615196850393703
20
-4.8352952755905516
11
7.6924724409448819
21
-4.8352952755905516
0
LINE
8
CYAN2
6
CONTINUOUS
10
7.6924724409448819
20
-4.8352952755905516
11
7.6758031496062991
21
-4.8543425196850398
0
LINE
8
CYAN2
6
CONTINUOUS
10
7.6758031496062991
20
-4.8543425196850398
11
7.6829488188976383
21
-4.8543425196850398
0
LINE
8
CYAN2
6
CONTINUOUS
10
7.6829488188976383
20
-4.8543425196850398
11
7.6877086614173233
21
-4.8567244094488187
0
LINE
8
CYAN2
6
CONTINUOUS
10
7.6877086614173233
20
-4.8567244094488187
11
7.6900905511811031
21
-4.8591062992125984
0
LINE
8
CYAN2
6
CONTINUOUS
10
7.6900905511811031
20
-4.8591062992125984
11
7.6924724409448819
21
-4.8638661417322835
0
LINE
8
CYAN2
6
CONTINUOUS
10
7.6924724409448819
20
-4.8638661417322835
11
7.6924724409448819
21
-4.8757716535433069
0
LINE
8
CYAN2
6
CONTINUOUS
10
7.6924724409448819
20
-4.8757716535433069
11
7.6900905511811031
21
-4.8805354330708663
0
LINE
8
CYAN2
6
CONTINUOUS
10
7.6900905511811031
20
-4.8805354330708663
11
7.6877086614173233
21
-4.8829173228346461
0
LINE
8
CYAN2
6
CONTINUOUS
10
7.6877086614173233
20
-4.8829173228346461
11
7.6829488188976383
21
-4.8852952755905514
0
LINE
8
CYAN2
6
CONTINUOUS
10
7.6829488188976383
20
-4.8852952755905514
11
7.6686614173228351
21
-4.8852952755905514
0
LINE
8
CYAN2
6
CONTINUOUS
10
7.6686614173228351
20
-4.8852952755905514
11
7.66390157480315
21
-4.8829173228346461
0
LINE
8
CYAN2
6
CONTINUOUS
10
7.66390157480315
20
-4.8829173228346461
11
7.6615196850393703
21
-4.8805354330708663
0
LINE
8
CYAN2
6
CONTINUOUS
10
7.7162795275590552
20
-4.8852952755905514
11
7.7258031496062998
21
-4.8852952755905514
0
LINE
8
CYAN2
6
CONTINUOUS
10
7.7258031496062998
20
-4.8852952755905514
11
7.7305669291338583
21
-4.8829173228346461
0
LINE
8
CYAN2
6
CONTINUOUS
10
7.7305669291338583
20
-4.8829173228346461
11
7.7329448818897637
21
-4.8805354330708663
0
LINE
8
CYAN2
6
CONTINUOUS
10
7.7329448818897637
20
-4.8805354330708663
11
7.7377086614173232
21
-4.873389763779528
0
LINE
8
CYAN2
6
CONTINUOUS
10
7.7377086614173232
20
-4.873389763779528
11
7.7400905511811029
21
-4.8638661417322835
0
LINE
8
CYAN2
6
CONTINUOUS
10
7.7400905511811029
20
-4.8638661417322835
11
7.7400905511811029
21
-4.8448188976377953
0
LINE
8
CYAN2
6
CONTINUOUS
10
7.7400905511811029
20
-4.8448188976377953
11
7.7377086614173232
21
-4.8400590551181102
0
LINE
8
CYAN2
6
CONTINUOUS
10
7.7377086614173232
20
-4.8400590551181102
11
7.7353267716535434
21
-4.8376771653543305
0
LINE
8
CYAN2
6
CONTINUOUS
10
7.7353267716535434
20
-4.8376771653543305
11
7.7305669291338583
21
-4.8352952755905516
0
LINE
8
CYAN2
6
CONTINUOUS
10
7.7305669291338583
20
-4.8352952755905516
11
7.7210433070866147
21
-4.8352952755905516
0
LINE
8
CYAN2
6
CONTINUOUS
10
7.7210433070866147
20
-4.8352952755905516
11
7.7162795275590552
21
-4.8376771653543305
0
LINE
8
CYAN2
6
CONTINUOUS
10
7.7162795275590552
20
-4.8376771653543305
11
7.7138976377952755
21
-4.8400590551181102
0
LINE
8
CYAN2
6
CONTINUOUS
10
7.7138976377952755
20
-4.8400590551181102
11
7.7115196850393701
21
-4.8448188976377953
0
LINE
8
CYAN2
6
CONTINUOUS
10
7.7115196850393701
20
-4.8448188976377953
11
7.7115196850393701
21
-4.8567244094488187
0
LINE
8
CYAN2
6
CONTINUOUS
10
7.7115196850393701
20
-4.8567244094488187
11
7.7138976377952755
21
-4.8614881889763781
0
LINE
8
CYAN2
6
CONTINUOUS
10
7.7138976377952755
20
-4.8614881889763781
11
7.7162795275590552
21
-4.8638661417322835
0
LINE
8
CYAN2
6
CONTINUOUS
10
7.7162795275590552
20
-4.8638661417322835
11
7.7210433070866147
21
-4.8662480314960632
0
LINE
8
CYAN2
6
CONTINUOUS
10
7.7210433070866147
20
-4.8662480314960632
11
7.7305669291338583
21
-4.8662480314960632
0
LINE
8
CYAN2
6
CONTINUOUS
10
7.7305669291338583
20
-4.8662480314960632
11
7.7353267716535434
21
-4.8638661417322835
0
LINE
8
CYAN2
6
CONTINUOUS
10
7.7353267716535434
20
-4.8638661417322835
11
7.7377086614173232
21
-4.8614881889763781
0
LINE
8
CYAN2
6
CONTINUOUS
10
7.7377086614173232
20
-4.8614881889763781
11
7.7400905511811029
21
-4.8567244094488187
0
LINE
8
CYAN2
6
CONTINUOUS
10
7.6329488188976384
20
-4.9591062992125989
11
7.6400905511811024
21
-4.9614881889763778
0
LINE
8
CYAN2
6
CONTINUOUS
10
7.6400905511811024
20
-4.9614881889763778
11
7.6424724409448821
21
-4.963866141732284
0
LINE
8
CYAN2
6
CONTINUOUS
10
7.6424724409448821
20
-4.963866141732284
11
7.6448503937007874
21
-4.9686299212598426
0
LINE
8
CYAN2
6
CONTINUOUS
10
7.6448503937007874
20
-4.9686299212598426
11
7.6448503937007874
21
-4.9757716535433074
0
LINE
8
CYAN2
6
CONTINUOUS
10
7.6448503937007874
20
-4.9757716535433074
11
7.6424724409448821
21
-4.980535433070866
0
LINE
8
CYAN2
6
CONTINUOUS
10
7.6424724409448821
20
-4.980535433070866
11
7.6400905511811024
21
-4.9829173228346457
0
LINE
8
CYAN2
6
CONTINUOUS
10
7.6400905511811024
20
-4.9829173228346457
11
7.6353267716535438
21
-4.9852952755905511
0
LINE
8
CYAN2
6
CONTINUOUS
10
7.6353267716535438
20
-4.9852952755905511
11
7.6162795275590556
21
-4.9852952755905511
0
LINE
8
CYAN2
6
CONTINUOUS
10
7.6162795275590556
20
-4.9852952755905511
11
7.6162795275590556
21
-4.9352952755905513
0
LINE
8
CYAN2
6
CONTINUOUS
10
7.6162795275590556
20
-4.9352952755905513
11
7.6329488188976384
21
-4.9352952755905513
0
LINE
8
CYAN2
6
CONTINUOUS
10
7.6329488188976384
20
-4.9352952755905513
11
7.6377086614173235
21
-4.937677165354331
0
LINE
8
CYAN2
6
CONTINUOUS
10
7.6377086614173235
20
-4.937677165354331
11
7.6400905511811024
21
-4.9400590551181107
0
LINE
8
CYAN2
6
CONTINUOUS
10
7.6400905511811024
20
-4.9400590551181107
11
7.6424724409448821
21
-4.9448188976377958
0
LINE
8
CYAN2
6
CONTINUOUS
10
7.6424724409448821
20
-4.9448188976377958
11
7.6424724409448821
21
-4.9495826771653544
0
LINE
8
CYAN2
6
CONTINUOUS
10
7.6424724409448821
20
-4.9495826771653544
11
7.6400905511811024
21
-4.9543425196850395
0
LINE
8
CYAN2
6
CONTINUOUS
10
7.6400905511811024
20
-4.9543425196850395
11
7.6377086614173235
21
-4.9567244094488192
0
LINE
8
CYAN2
6
CONTINUOUS
10
7.6377086614173235
20
-4.9567244094488192
11
7.6329488188976384
21
-4.9591062992125989
0
LINE
8
CYAN2
6
CONTINUOUS
10
7.6329488188976384
20
-4.9591062992125989
11
7.6162795275590556
21
-4.9591062992125989
0
LINE
8
CYAN2
6
CONTINUOUS
10
7.6900905511811031
20
-4.9852952755905511
11
7.6662795275590554
21
-4.9852952755905511
0
LINE
8
CYAN2
6
CONTINUOUS
10
7.6662795275590554
20
-4.9852952755905511
11
7.6662795275590554
21
-4.9352952755905513
0
LINE
8
CYAN2
6
CONTINUOUS
10
7.7067559055118116
20
-4.9352952755905513
11
7.7067559055118116
21
-4.9757716535433074
0
LINE
8
CYAN2
6
CONTINUOUS
10
7.7067559055118116
20
-4.9757716535433074
11
7.7091377952755904
21
-4.980535433070866
0
LINE
8
CYAN2
6
CONTINUOUS
10
7.7091377952755904
20
-4.980535433070866
11
7.7115196850393701
21
-4.9829173228346457
0
LINE
8
CYAN2
6
CONTINUOUS
10
7.7115196850393701
20
-4.9829173228346457
11
7.7162795275590552
21
-4.9852952755905511
0
LINE
8
CYAN2
6
CONTINUOUS
10
7.7162795275590552
20
-4.9852952755905511
11
7.7258031496062998
21
-4.9852952755905511
0
LINE
8
CYAN2
6
CONTINUOUS
10
7.7258031496062998
20
-4.9852952755905511
11
7.7305669291338583
21
-4.9829173228346457
0
LINE
8
CYAN2
6
CONTINUOUS
10
7.7305669291338583
20
-4.9829173228346457
11
7.7329488188976381
21
-4.980535433070866
0
LINE
8
CYAN2
6
CONTINUOUS
10
7.7329488188976381
20
-4.980535433070866
11
7.7353267716535434
21
-4.9757716535433074
0
LINE
8
CYAN2
6
CONTINUOUS
10
7.7353267716535434
20
-4.9757716535433074
11
7.7353267716535434
21
-4.9352952755905513
0
LINE
8
CYAN2
6
CONTINUOUS
10
7.7591377952755911
20
-4.9591062992125989
11
7.7758070866141731
21
-4.9591062992125989
0
LINE
8
CYAN2
6
CONTINUOUS
10
7.7829488188976379
20
-4.9852952755905511
11
7.7591377952755911
21
-4.9852952755905511
0
LINE
8
CYAN2
6
CONTINUOUS
10
7.7591377952755911
20
-4.9852952755905511
11
7.7591377952755911
21
-4.9352952755905513
0
LINE
8
CYAN2
6
CONTINUOUS
10
7.7591377952755911
20
-4.9352952755905513
11
7.7829488188976379
21
-4.9352952755905513
0
LINE
8
RED2
6
CONTINUOUS
10
6.7600000000000007
20
-1.8
11
6.7600000000000007
21
-1.6000000000000001
0
LINE
8
RED2
6
CONTINUOUS
10
6.7600000000000007
20
-1.6000000000000001
11
6.8399999999999999
21
-1.6000000000000001
0
LINE
8
RED2
6
CONTINUOUS
10
6.8399999999999999
20
-1.6000000000000001
11
6.8399999999999999
21
-1.8
0
LINE
8
RED2
6
CONTINUOUS
10
6.8399999999999999
20
-1.8
11
6.7600000000000007
21
-1.8
0
LINE
8
RED2
6
CONTINUOUS
10
6.7999999999999998
20
-1.6000000000000001
11
6.7999999999999998
21
-1.55
0
LINE
8
RED2
6
CONTINUOUS
10
6.7999999999999998
20
-1.8
11
6.7999999999999998
21
-1.8500000000000001
0
LINE
8
CYAN2
6
CONTINUOUS
10
6.9448503937007873
20
-1.6727992125984252
11
6.9281850393700788
21
-1.6489921259842519
0
LINE
8
CYAN2
6
CONTINUOUS
10
6.9162795275590554
20
-1.6727992125984252
11
6.9162795275590554
21
-1.6227992125984252
0
LINE
8
CYAN2
6
CONTINUOUS
10
6.9162795275590554
20
-1.6227992125984252
11
6.9353267716535436
21
-1.6227992125984252
0
LINE
8
CYAN2
6
CONTINUOUS
10
6.9353267716535436
20
-1.6227992125984252
11
6.9400905511811022
21
-1.6251811023622047
0
LINE
8
CYAN2
6
CONTINUOUS
10
6.9400905511811022
20
-1.6251811023622047
11
6.9424724409448819
21
-1.6275629921259842
0
LINE
8
CYAN2
6
CONTINUOUS
10
6.9424724409448819
20
-1.6275629921259842
11
6.9448503937007873
21
-1.6323228346456693
0
LINE
8
CYAN2
6
CONTINUOUS
10
6.9448503937007873
20
-1.6323228346456693
11
6.9448503937007873
21
-1.6394685039370078
0
LINE
8
CYAN2
6
CONTINUOUS
10
6.9448503937007873
20
-1.6394685039370078
11
6.9424724409448819
21
-1.6442283464566929
0
LINE
8
CYAN2
6
CONTINUOUS
10
6.9424724409448819
20
-1.6442283464566929
11
6.9400905511811022
21
-1.6466102362204724
0
LINE
8
CYAN2
6
CONTINUOUS
10
6.9400905511811022
20
-1.6466102362204724
11
6.9353267716535436
21
-1.6489921259842519
0
LINE
8
CYAN2
6
CONTINUOUS
10
6.9353267716535436
20
-1.6489921259842519
11
6.9162795275590554
21
-1.6489921259842519
0
LINE
8
CYAN2
6
CONTINUOUS
10
6.9877086614173232
20
-1.6394685039370078
11
6.9877086614173232
21
-1.6727992125984252
0
LINE
8
CYAN2
6
CONTINUOUS
10
6.9758031496062998
20
-1.6204212598425198
11
6.9639015748031499
21
-1.6561338582677165
0
LINE
8
CYAN2
6
CONTINUOUS
10
6.9639015748031499
20
-1.6561338582677165
11
6.994850393700788
21
-1.6561338582677165
0
LINE
8
CYAN2
6
CONTINUOUS
10
7.016279527559055
20
-1.6727992125984252
11
7.0258031496062996
21
-1.6727992125984252
0
LINE
8
CYAN2
6
CONTINUOUS
10
7.0258031496062996
20
-1.6727992125984252
11
7.0305669291338582
21
-1.6704212598425197
0
LINE
8
CYAN2
6
CONTINUOUS
10
7.0305669291338582
20
-1.6704212598425197
11
7.0329448818897644
21
-1.6680393700787401
0
LINE
8
CYAN2
6
CONTINUOUS
10
7.0329448818897644
20
-1.6680393700787401
11
7.037708661417323
21
-1.6608937007874016
0
LINE
8
CYAN2
6
CONTINUOUS
10
7.037708661417323
20
-1.6608937007874016
11
7.0400905511811027
21
-1.6513700787401575
0
LINE
8
CYAN2
6
CONTINUOUS
10
7.0400905511811027
20
-1.6513700787401575
11
7.0400905511811027
21
-1.6323228346456693
0
LINE
8
CYAN2
6
CONTINUOUS
10
7.0400905511811027
20
-1.6323228346456693
11
7.037708661417323
21
-1.6275629921259842
0
LINE
8
CYAN2
6
CONTINUOUS
10
7.037708661417323
20
-1.6275629921259842
11
7.0353267716535433
21
-1.6251811023622047
0
LINE
8
CYAN2
6
CONTINUOUS
10
7.0353267716535433
20
-1.6251811023622047
11
7.0305669291338582
21
-1.6227992125984252
0
LINE
8
CYAN2
6
CONTINUOUS
10
7.0305669291338582
20
-1.6227992125984252
11
7.0210433070866145
21
-1.6227992125984252
0
LINE
8
CYAN2
6
CONTINUOUS
10
7.0210433070866145
20
-1.6227992125984252
11
7.016279527559055
21
-1.6251811023622047
0
LINE
8
CYAN2
6
CONTINUOUS
10
7.016279527559055
20
-1.6251811023622047
11
7.0138976377952762
21
-1.6275629921259842
0
LINE
8
CYAN2
6
CONTINUOUS
10
7.0138976377952762
20
-1.6275629921259842
11
7.01151968503937
21
-1.6323228346456693
0
LINE
8
CYAN2
6
CONTINUOUS
10
7.01151968503937
20
-1.6323228346456693
11
7.01151968503937
21
-1.6442283464566929
0
LINE
8
CYAN2
6
CONTINUOUS
10
7.01151968503937
20
-1.6442283464566929
11
7.0138976377952762
21
-1.6489921259842519
0
LINE
8
CYAN2
6
CONTINUOUS
10
7.0138976377952762
20
-1.6489921259842519
11
7.016279527559055
21
-1.6513700787401575
0
LINE
8
CYAN2
6
CONTINUOUS
10
7.016279527559055
20
-1.6513700787401575
11
7.0210433070866145
21
-1.653751968503937
0
LINE
8
CYAN2
6
CONTINUOUS
10
7.0210433070866145
20
-1.653751968503937
11
7.0305669291338582
21
-1.653751968503937
0
LINE
8
CYAN2
6
CONTINUOUS
10
7.0305669291338582
20
-1.653751968503937
11
7.0353267716535433
21
-1.6513700787401575
0
LINE
8
CYAN2
6
CONTINUOUS
10
7.0353267716535433
20
-1.6513700787401575
11
7.037708661417323
21
-1.6489921259842519
0
LINE
8
CYAN2
6
CONTINUOUS
10
7.037708661417323
20
-1.6489921259842519
11
7.0400905511811027
21
-1.6442283464566929
0
LINE
8
CYAN2
6
CONTINUOUS
10
6.9424724409448819
20
-1.7727992125984253
11
6.91390157480315
21
-1.7727992125984253
0
LINE
8
CYAN2
6
CONTINUOUS
10
6.9281850393700788
20
-1.7727992125984253
11
6.9281850393700788
21
-1.7227992125984253
0
LINE
8
CYAN2
6
CONTINUOUS
10
6.9281850393700788
20
-1.7227992125984253
11
6.9234251968503937
21
-1.7299448818897638
0
LINE
8
CYAN2
6
CONTINUOUS
10
6.9234251968503937
20
-1.7299448818897638
11
6.9186614173228351
21
-1.7347047244094489
0
LINE
8
CYAN2
6
CONTINUOUS
10
6.9186614173228351
20
-1.7347047244094489
11
6.91390157480315
21
-1.7370866141732284
0
LINE
8
CYAN2
6
CONTINUOUS
10
6.9638976377952755
20
-1.7727992125984253
11
6.9638976377952755
21
-1.7227992125984253
0
LINE
8
CYAN2
6
CONTINUOUS
10
6.9924685039370083
20
-1.7727992125984253
11
6.9710433070866147
21
-1.744228346456693
0
LINE
8
CYAN2
6
CONTINUOUS
10
6.9924685039370083
20
-1.7227992125984253
11
6.9638976377952755
21
-1.7513700787401576
0
LINE
8
RED2
6
CONTINUOUS
10
2.5500000000000003
20
-3.0500000000000003
11
2.5500000000000003
21
-3.1000000000000001
0
LINE
8
RED2
6
CONTINUOUS
10
2.5500000000000003
20
-3.1000000000000001
11
2.6000000000000001
21
-3.1000000000000001
0
LINE
8
RED2
6
CONTINUOUS
10
2.6000000000000001
20
-3.1000000000000001
11
2.5500000000000003
21
-3.1499999999999999
0
LINE
8
RED2
6
CONTINUOUS
10
2.5500000000000003
20
-3.1499999999999999
11
2.5
21
-3.1000000000000001
0
LINE
8
RED2
6
CONTINUOUS
10
2.5
20
-3.1000000000000001
11
2.5500000000000003
21
-3.1000000000000001
0
LINE
8
CYAN2
6
CONTINUOUS
10
2.5119055118110238
20
-3.2251850393700789
11
2.5071417322834648
21
-3.2228031496062992
0
LINE
8
CYAN2
6
CONTINUOUS
10
2.5071417322834648
20
-3.2228031496062992
11
2.5
21
-3.2228031496062992
0
LINE
8
CYAN2
6
CONTINUOUS
10
2.5
20
-3.2228031496062992
11
2.4928582677165356
21
-3.2251850393700789
0
LINE
8
CYAN2
6
CONTINUOUS
10
2.4928582677165356
20
-3.2251850393700789
11
2.4880944881889766
21
-3.229948818897638
0
LINE
8
CYAN2
6
CONTINUOUS
10
2.4880944881889766
20
-3.229948818897638
11
2.4857125984251969
21
-3.2347086614173231
0
LINE
8
CYAN2
6
CONTINUOUS
10
2.4857125984251969
20
-3.2347086614173231
11
2.4833346456692915
21
-3.2442322834645672
0
LINE
8
CYAN2
6
CONTINUOUS
10
2.4833346456692915
20
-3.2442322834645672
11
2.4833346456692915
21
-3.2513740157480315
0
LINE
8
CYAN2
6
CONTINUOUS
10
2.4833346456692915
20
-3.2513740157480315
11
2.4857125984251969
21
-3.2608976377952756
0
LINE
8
CYAN2
6
CONTINUOUS
10
2.4857125984251969
20
-3.2608976377952756
11
2.4880944881889766
21
-3.2656614173228347
0
LINE
8
CYAN2
6
CONTINUOUS
10
2.4880944881889766
20
-3.2656614173228347
11
2.4928582677165356
21
-3.2704251968503937
0
LINE
8
CYAN2
6
CONTINUOUS
10
2.4928582677165356
20
-3.2704251968503937
11
2.5
21
-3.2728031496062995
0
LINE
8
CYAN2
6
CONTINUOUS
10
2.5
20
-3.2728031496062995
11
2.5047598425196851
21
-3.2728031496062995
0
LINE
8
CYAN2
6
CONTINUOUS
10
2.5047598425196851
20
-3.2728031496062995
11
2.5119055118110238
21
-3.2704251968503937
0
LINE
8
CYAN2
6
CONTINUOUS
10
2.5119055118110238
20
-3.2704251968503937
11
2.5142834645669292
21
-3.2680433070866144
0
LINE
8
CYAN2
6
CONTINUOUS
10
2.5142834645669292
20
-3.2680433070866144
11
2.5142834645669292
21
-3.2513740157480315
0
LINE
8
CYAN2
6
CONTINUOUS
10
2.5142834645669292
20
-3.2513740157480315
11
2.5047598425196851
21
-3.2513740157480315
0
LINE
8
CYAN2
6
CONTINUOUS
10
2.5357125984251971
20
-3.2728031496062995
11
2.5357125984251971
21
-3.2228031496062992
0
LINE
8
CYAN2
6
CONTINUOUS
10
2.5357125984251971
20
-3.2228031496062992
11
2.564283464566929
21
-3.2728031496062995
0
LINE
8
CYAN2
6
CONTINUOUS
10
2.564283464566929
20
-3.2728031496062995
11
2.564283464566929
21
-3.2228031496062992
0
LINE
8
CYAN2
6
CONTINUOUS
10
2.5880944881889767
20
-3.2728031496062995
11
2.5880944881889767
21
-3.2228031496062992
0
LINE
8
CYAN2
6
CONTINUOUS
10
2.5880944881889767
20
-3.2228031496062992
11
2.6000000000000001
21
-3.2228031496062992
0
LINE
8
CYAN2
6
CONTINUOUS
10
2.6000000000000001
20
-3.2228031496062992
11
2.6071417322834645
21
-3.2251850393700789
0
LINE
8
CYAN2
6
CONTINUOUS
10
2.6071417322834645
20
-3.2251850393700789
11
2.6119055118110239
21
-3.229948818897638
0
LINE
8
CYAN2
6
CONTINUOUS
10
2.6119055118110239
20
-3.229948818897638
11
2.6142874015748032
21
-3.2347086614173231
0
LINE
8
CYAN2
6
CONTINUOUS
10
2.6142874015748032
20
-3.2347086614173231
11
2.6166653543307086
21
-3.2442322834645672
0
LINE
8
CYAN2
6
CONTINUOUS
10
2.6166653543307086
20
-3.2442322834645672
11
2.6166653543307086
21
-3.2513740157480315
0
LINE
8
CYAN2
6
CONTINUOUS
10
2.6166653543307086
20
-3.2513740157480315
11
2.6142874015748032
21
-3.2608976377952756
0
LINE
8
CYAN2
6
CONTINUOUS
10
2.6142874015748032
20
-3.2608976377952756
11
2.6119055118110239
21
-3.2656614173228347
0
LINE
8
CYAN2
6
CONTINUOUS
10
2.6119055118110239
20
-3.2656614173228347
11
2.6071417322834645
21
-3.2704251968503937
0
LINE
8
CYAN2
6
CONTINUOUS
10
2.6071417322834645
20
-3.2704251968503937
11
2.6000000000000001
21
-3.2728031496062995
0
LINE
8
CYAN2
6
CONTINUOUS
10
2.6000000000000001
20
-3.2728031496062995
11
2.5880944881889767
21
-3.2728031496062995
0
LINE
8
RED2
6
CONTINUOUS
10
3.96
20
-1.8500000000000001
11
3.96
21
-1.6500000000000001
0
LINE
8
RED2
6
CONTINUOUS
10
3.96
20
-1.6500000000000001
11
4.04
21
-1.6500000000000001
0
LINE
8
RED2
6
CONTINUOUS
10
4.04
20
-1.6500000000000001
11
4.04
21
-1.8500000000000001
0
LINE
8
RED2
6
CONTINUOUS
10
4.04
20
-1.8500000000000001
11
3.96
21
-1.8500000000000001
0
LINE
8
RED2
6
CONTINUOUS
10
4.
20
-1.6500000000000001
11
4.
21
-1.6000000000000001
0
LINE
8
RED2
6
CONTINUOUS
10
4.
20
-1.8500000000000001
11
4.
21
-1.9000000000000001
0
LINE
8
CYAN2
6
CONTINUOUS
10
4.1448503937007874
20
-1.7227992125984253
11
4.128185039370079
21
-1.698992125984252
0
LINE
8
CYAN2
6
CONTINUOUS
10
4.1162795275590556
20
-1.7227992125984253
11
4.1162795275590556
21
-1.6727992125984252
0
LINE
8
CYAN2
6
CONTINUOUS
10
4.1162795275590556
20
-1.6727992125984252
11
4.1353267716535438
21
-1.6727992125984252
0
LINE
8
CYAN2
6
CONTINUOUS
10
4.1353267716535438
20
-1.6727992125984252
11
4.1400905511811024
21
-1.6751811023622047
0
LINE
8
CYAN2
6
CONTINUOUS
10
4.1400905511811024
20
-1.6751811023622047
11
4.1424724409448821
21
-1.6775629921259843
0
LINE
8
CYAN2
6
CONTINUOUS
10
4.1424724409448821
20
-1.6775629921259843
11
4.1448503937007874
21
-1.6823228346456693
0
LINE
8
CYAN2
6
CONTINUOUS
10
4.1448503937007874
20
-1.6823228346456693
11
4.1448503937007874
21
-1.6894685039370079
0
LINE
8
CYAN2
6
CONTINUOUS
10
4.1448503937007874
20
-1.6894685039370079
11
4.1424724409448821
21
-1.694228346456693
0
LINE
8
CYAN2
6
CONTINUOUS
10
4.1424724409448821
20
-1.694228346456693
11
4.1400905511811024
21
-1.6966102362204725
0
LINE
8
CYAN2
6
CONTINUOUS
10
4.1400905511811024
20
-1.6966102362204725
11
4.1353267716535438
21
-1.698992125984252
0
LINE
8
CYAN2
6
CONTINUOUS
10
4.1353267716535438
20
-1.698992125984252
11
4.1162795275590556
21
-1.698992125984252
0
LINE
8
CYAN2
6
CONTINUOUS
10
4.1877086614173233
20
-1.6894685039370079
11
4.1877086614173233
21
-1.7227992125984253
0
LINE
8
CYAN2
6
CONTINUOUS
10
4.1758031496062991
20
-1.6704212598425197
11
4.16390157480315
21
-1.7061338582677166
0
LINE
8
CYAN2
6
CONTINUOUS
10
4.16390157480315
20
-1.7061338582677166
11
4.1948503937007873
21
-1.7061338582677166
0
LINE
8
CYAN2
6
CONTINUOUS
10
4.2210433070866147
20
-1.694228346456693
11
4.2162795275590552
21
-1.6918464566929134
0
LINE
8
CYAN2
6
CONTINUOUS
10
4.2162795275590552
20
-1.6918464566929134
11
4.2138976377952755
21
-1.6894685039370079
0
LINE
8
CYAN2
6
CONTINUOUS
10
4.2138976377952755
20
-1.6894685039370079
11
4.2115196850393701
21
-1.6847047244094489
0
LINE
8
CYAN2
6
CONTINUOUS
10
4.2115196850393701
20
-1.6847047244094489
11
4.2115196850393701
21
-1.6823228346456693
0
LINE
8
CYAN2
6
CONTINUOUS
10
4.2115196850393701
20
-1.6823228346456693
11
4.2138976377952755
21
-1.6775629921259843
0
LINE
8
CYAN2
6
CONTINUOUS
10
4.2138976377952755
20
-1.6775629921259843
11
4.2162795275590552
21
-1.6751811023622047
0
LINE
8
CYAN2
6
CONTINUOUS
10
4.2162795275590552
20
-1.6751811023622047
11
4.2210433070866147
21
-1.6727992125984252
0
LINE
8
CYAN2
6
CONTINUOUS
10
4.2210433070866147
20
-1.6727992125984252
11
4.2305669291338583
21
-1.6727992125984252
0
LINE
8
CYAN2
6
CONTINUOUS
10
4.2305669291338583
20
-1.6727992125984252
11
4.2353267716535434
21
-1.6751811023622047
0
LINE
8
CYAN2
6
CONTINUOUS
10
4.2353267716535434
20
-1.6751811023622047
11
4.2377086614173232
21
-1.6775629921259843
0
LINE
8
CYAN2
6
CONTINUOUS
10
4.2377086614173232
20
-1.6775629921259843
11
4.2400905511811029
21
-1.6823228346456693
0
LINE
8
CYAN2
6
CONTINUOUS
10
4.2400905511811029
20
-1.6823228346456693
11
4.2400905511811029
21
-1.6847047244094489
0
LINE
8
CYAN2
6
CONTINUOUS
10
4.2400905511811029
20
-1.6847047244094489
11
4.2377086614173232
21
-1.6894685039370079
0
LINE
8
CYAN2
6
CONTINUOUS
10
4.2377086614173232
20
-1.6894685039370079
11
4.2353267716535434
21
-1.6918464566929134
0
LINE
8
CYAN2
6
CONTINUOUS
10
4.2353267716535434
20
-1.6918464566929134
11
4.2305669291338583
21
-1.694228346456693
0
LINE
8
CYAN2
6
CONTINUOUS
10
4.2305669291338583
20
-1.694228346456693
11
4.2210433070866147
21
-1.694228346456693
0
LINE
8
CYAN2
6
CONTINUOUS
10
4.2210433070866147
20
-1.694228346456693
11
4.2162795275590552
21
-1.6966102362204725
0
LINE
8
CYAN2
6
CONTINUOUS
10
4.2162795275590552
20
-1.6966102362204725
11
4.2138976377952755
21
-1.698992125984252
0
LINE
8
CYAN2
6
CONTINUOUS
10
4.2138976377952755
20
-1.698992125984252
11
4.2115196850393701
21
-1.7037519685039371
0
LINE
8
CYAN2
6
CONTINUOUS
10
4.2115196850393701
20
-1.7037519685039371
11
4.2115196850393701
21
-1.7132755905511812
0
LINE
8
CYAN2
6
CONTINUOUS
10
4.2115196850393701
20
-1.7132755905511812
11
4.2138976377952755
21
-1.7180393700787402
0
LINE
8
CYAN2
6
CONTINUOUS
10
4.2138976377952755
20
-1.7180393700787402
11
4.2162795275590552
21
-1.7204212598425197
0
LINE
8
CYAN2
6
CONTINUOUS
10
4.2162795275590552
20
-1.7204212598425197
11
4.2210433070866147
21
-1.7227992125984253
0
LINE
8
CYAN2
6
CONTINUOUS
10
4.2210433070866147
20
-1.7227992125984253
11
4.2305669291338583
21
-1.7227992125984253
0
LINE
8
CYAN2
6
CONTINUOUS
10
4.2305669291338583
20
-1.7227992125984253
11
4.2353267716535434
21
-1.7204212598425197
0
LINE
8
CYAN2
6
CONTINUOUS
10
4.2353267716535434
20
-1.7204212598425197
11
4.2377086614173232
21
-1.7180393700787402
0
LINE
8
CYAN2
6
CONTINUOUS
10
4.2377086614173232
20
-1.7180393700787402
11
4.2400905511811029
21
-1.7132755905511812
0
LINE
8
CYAN2
6
CONTINUOUS
10
4.2400905511811029
20
-1.7132755905511812
11
4.2400905511811029
21
-1.7037519685039371
0
LINE
8
CYAN2
6
CONTINUOUS
10
4.2400905511811029
20
-1.7037519685039371
11
4.2377086614173232
21
-1.698992125984252
0
LINE
8
CYAN2
6
CONTINUOUS
10
4.2377086614173232
20
-1.698992125984252
11
4.2353267716535434
21
-1.6966102362204725
0
LINE
8
CYAN2
6
CONTINUOUS
10
4.2353267716535434
20
-1.6966102362204725
11
4.2305669291338583
21
-1.694228346456693
0
LINE
8
CYAN2
6
CONTINUOUS
10
4.1424724409448821
20
-1.8227992125984254
11
4.1139015748031493
21
-1.8227992125984254
0
LINE
8
CYAN2
6
CONTINUOUS
10
4.128185039370079
20
-1.8227992125984254
11
4.128185039370079
21
-1.7727992125984253
0
LINE
8
CYAN2
6
CONTINUOUS
10
4.128185039370079
20
-1.7727992125984253
11
4.1234251968503939
21
-1.7799448818897639
0
LINE
8
CYAN2
6
CONTINUOUS
10
4.1234251968503939
20
-1.7799448818897639
11
4.1186614173228344
21
-1.7847047244094489
0
LINE
8
CYAN2
6
CONTINUOUS
10
4.1186614173228344
20
-1.7847047244094489
11
4.1139015748031493
21
-1.7870866141732284
0
LINE
8
CYAN2
6
CONTINUOUS
10
4.1638976377952757
20
-1.8227992125984254
11
4.1638976377952757
21
-1.7727992125984253
0
LINE
8
CYAN2
6
CONTINUOUS
10
4.1638976377952757
20
-1.7727992125984253
11
4.1805669291338585
21
-1.8085157480314962
0
LINE
8
CYAN2
6
CONTINUOUS
10
4.1805669291338585
20
-1.8085157480314962
11
4.197232283464567
21
-1.7727992125984253
0
LINE
8
CYAN2
6
CONTINUOUS
10
4.197232283464567
20
-1.7727992125984253
11
4.197232283464567
21
-1.8227992125984254
0
LINE
8
LYELLOW
6
CONTINUOUS
10
5.1000000000000005
20
-6.4500000000000002
11
5.1000000000000005
21
-7.0499999999999998
0
LINE
8
LYELLOW
6
CONTINUOUS
10
5.1000000000000005
20
-7.0499999999999998
11
5.5
21
-7.0499999999999998
0
LINE
8
LYELLOW
6
CONTINUOUS
10
5.5
20
-7.0499999999999998
11
5.5
21
-6.4500000000000002
0
LINE
8
LYELLOW
6
CONTINUOUS
10
5.5
20
-6.4500000000000002
11
5.1000000000000005
21
-6.4500000000000002
0
LINE
8
RED2
6
CONTINUOUS
10
5.1000000000000005
20
-6.4500000000000002
11
5.1000000000000005
21
-7.0499999999999998
0
LINE
8
RED2
6
CONTINUOUS
10
5.1000000000000005
20
-7.0499999999999998
11
5.5
21
-7.0499999999999998
0
LINE
8
RED2
6
CONTINUOUS
10
5.5
20
-7.0499999999999998
11
5.5
21
-6.4500000000000002
0
LINE
8
RED2
6
CONTINUOUS
10
5.5
20
-6.4500000000000002
11
5.1000000000000005
21
-6.4500000000000002
0
LINE
8
RED2
6
CONTINUOUS
10
5.2999999999999998
20
-6.4500000000000002
11
5.2999999999999998
21
-6.25
0
LINE
8
CYAN2
6
CONTINUOUS
10
5.2731299212598426
20
-6.6280944881889763
11
5.3231299212598424
21
-6.6114291338582678
0
LINE
8
CYAN2
6
CONTINUOUS
10
5.3231299212598424
20
-6.6114291338582678
11
5.2731299212598426
21
-6.5947598425196849
0
LINE
8
CYAN2
6
CONTINUOUS
10
5.3183700787401573
20
-6.5495236220472446
11
5.3207519685039371
21
-6.5519015748031499
0
LINE
8
CYAN2
6
CONTINUOUS
10
5.3207519685039371
20
-6.5519015748031499
11
5.3231299212598424
21
-6.5590472440944882
0
LINE
8
CYAN2
6
CONTINUOUS
10
5.3231299212598424
20
-6.5590472440944882
11
5.3231299212598424
21
-6.5638070866141733
0
LINE
8
CYAN2
6
CONTINUOUS
10
5.3231299212598424
20
-6.5638070866141733
11
5.3207519685039371
21
-6.5709488188976382
0
LINE
8
CYAN2
6
CONTINUOUS
10
5.3207519685039371
20
-6.5709488188976382
11
5.3159881889763785
21
-6.5757125984251967
0
LINE
8
CYAN2
6
CONTINUOUS
10
5.3159881889763785
20
-6.5757125984251967
11
5.311224409448819
21
-6.5780944881889765
0
LINE
8
CYAN2
6
CONTINUOUS
10
5.311224409448819
20
-6.5780944881889765
11
5.3017007874015754
21
-6.5804724409448818
0
LINE
8
CYAN2
6
CONTINUOUS
10
5.3017007874015754
20
-6.5804724409448818
11
5.2945590551181105
21
-6.5804724409448818
0
LINE
8
CYAN2
6
CONTINUOUS
10
5.2945590551181105
20
-6.5804724409448818
11
5.285035433070866
21
-6.5780944881889765
0
LINE
8
CYAN2
6
CONTINUOUS
10
5.285035433070866
20
-6.5780944881889765
11
5.2802755905511809
21
-6.5757125984251967
0
LINE
8
CYAN2
6
CONTINUOUS
10
5.2802755905511809
20
-6.5757125984251967
11
5.2755118110236223
21
-6.5709488188976382
0
LINE
8
CYAN2
6
CONTINUOUS
10
5.2755118110236223
20
-6.5709488188976382
11
5.2731299212598426
21
-6.5638070866141733
0
LINE
8
CYAN2
6
CONTINUOUS
10
5.2731299212598426
20
-6.5638070866141733
11
5.2731299212598426
21
-6.5590472440944882
0
LINE
8
CYAN2
6
CONTINUOUS
10
5.2731299212598426
20
-6.5590472440944882
11
5.2755118110236223
21
-6.5519015748031499
0
LINE
8
CYAN2
6
CONTINUOUS
10
5.2755118110236223
20
-6.5519015748031499
11
5.2778937007874021
21
-6.5495236220472446
0
LINE
8
CYAN2
6
CONTINUOUS
10
5.3183700787401573
20
-6.4995236220472448
11
5.3207519685039371
21
-6.5019015748031501
0
LINE
8
CYAN2
6
CONTINUOUS
10
5.3207519685039371
20
-6.5019015748031501
11
5.3231299212598424
21
-6.5090472440944884
0
LINE
8
CYAN2
6
CONTINUOUS
10
5.3231299212598424
20
-6.5090472440944884
11
5.3231299212598424
21
-6.5138070866141735
0
LINE
8
CYAN2
6
CONTINUOUS
10
5.3231299212598424
20
-6.5138070866141735
11
5.3207519685039371
21
-6.5209488188976383
0
LINE
8
CYAN2
6
CONTINUOUS
10
5.3207519685039371
20
-6.5209488188976383
11
5.3159881889763785
21
-6.5257125984251969
0
LINE
8
CYAN2
6
CONTINUOUS
10
5.3159881889763785
20
-6.5257125984251969
11
5.311224409448819
21
-6.5280944881889766
0
LINE
8
CYAN2
6
CONTINUOUS
10
5.311224409448819
20
-6.5280944881889766
11
5.3017007874015754
21
-6.530472440944882
0
LINE
8
CYAN2
6
CONTINUOUS
10
5.3017007874015754
20
-6.530472440944882
11
5.2945590551181105
21
-6.530472440944882
0
LINE
8
CYAN2
6
CONTINUOUS
10
5.2945590551181105
20
-6.530472440944882
11
5.285035433070866
21
-6.5280944881889766
0
LINE
8
CYAN2
6
CONTINUOUS
10
5.285035433070866
20
-6.5280944881889766
11
5.2802755905511809
21
-6.5257125984251969
0
LINE
8
CYAN2
6
CONTINUOUS
10
5.2802755905511809
20
-6.5257125984251969
11
5.2755118110236223
21
-6.5209488188976383
0
LINE
8
CYAN2
6
CONTINUOUS
10
5.2755118110236223
20
-6.5209488188976383
11
5.2731299212598426
21
-6.5138070866141735
0
LINE
8
CYAN2
6
CONTINUOUS
10
5.2731299212598426
20
-6.5138070866141735
11
5.2731299212598426
21
-6.5090472440944884
0
LINE
8
CYAN2
6
CONTINUOUS
10
5.2731299212598426
20
-6.5090472440944884
11
5.2755118110236223
21
-6.5019015748031501
0
LINE
8
CYAN2
6
CONTINUOUS
10
5.2755118110236223
20
-6.5019015748031501
11
5.2778937007874021
21
-6.4995236220472448
0
LINE
8
RED3
6
CONTINUOUS
10
5.2898779527559059
20
-6.3595196850393707
11
5.2898779527559059
21
-6.3880905511811026
0
LINE
8
RED3
6
CONTINUOUS
10
5.2898779527559059
20
-6.3738070866141738
11
5.2398779527559061
21
-6.3738070866141738
0
LINE
8
RED3
6
CONTINUOUS
10
5.2398779527559061
20
-6.3738070866141738
11
5.2470236220472444
21
-6.3785669291338589
0
LINE
8
RED3
6
CONTINUOUS
10
5.2470236220472444
20
-6.3785669291338589
11
5.2517834645669295
21
-6.3833307086614175
0
LINE
8
RED3
6
CONTINUOUS
10
5.2517834645669295
20
-6.3833307086614175
11
5.2541653543307092
21
-6.3880905511811026
0
LINE
8
RED3
6
CONTINUOUS
10
5.256547244094488
20
-6.3166653543307092
11
5.2898779527559059
21
-6.3166653543307092
0
LINE
8
RED3
6
CONTINUOUS
10
5.2374999999999998
20
-6.3285708661417326
11
5.2732125984251974
21
-6.3404724409448825
0
LINE
8
RED3
6
CONTINUOUS
10
5.2732125984251974
20
-6.3404724409448825
11
5.2732125984251974
21
-6.3095236220472444
0
LINE
8
RED2
6
CONTINUOUS
10
5.2999999999999998
20
-7.0499999999999998
11
5.2999999999999998
21
-7.25
0
LINE
8
CYAN2
6
CONTINUOUS
10
5.2755118110236223
20
-6.9719015748031499
11
5.2731299212598426
21
-6.9766653543307093
0
LINE
8
CYAN2
6
CONTINUOUS
10
5.2731299212598426
20
-6.9766653543307093
11
5.2731299212598426
21
-6.9838070866141733
0
LINE
8
CYAN2
6
CONTINUOUS
10
5.2731299212598426
20
-6.9838070866141733
11
5.2755118110236223
21
-6.9909488188976381
0
LINE
8
CYAN2
6
CONTINUOUS
10
5.2755118110236223
20
-6.9909488188976381
11
5.2802755905511809
21
-6.9957125984251975
0
LINE
8
CYAN2
6
CONTINUOUS
10
5.2802755905511809
20
-6.9957125984251975
11
5.285035433070866
21
-6.9980944881889764
0
LINE
8
CYAN2
6
CONTINUOUS
10
5.285035433070866
20
-6.9980944881889764
11
5.2945590551181105
21
-7.0004724409448817
0
LINE
8
CYAN2
6
CONTINUOUS
10
5.2945590551181105
20
-7.0004724409448817
11
5.3017007874015754
21
-7.0004724409448817
0
LINE
8
CYAN2
6
CONTINUOUS
10
5.3017007874015754
20
-7.0004724409448817
11
5.311224409448819
21
-6.9980944881889764
0
LINE
8
CYAN2
6
CONTINUOUS
10
5.311224409448819
20
-6.9980944881889764
11
5.3159881889763785
21
-6.9957125984251975
0
LINE
8
CYAN2
6
CONTINUOUS
10
5.3159881889763785
20
-6.9957125984251975
11
5.3207519685039371
21
-6.9909488188976381
0
LINE
8
CYAN2
6
CONTINUOUS
10
5.3207519685039371
20
-6.9909488188976381
11
5.3231299212598424
21
-6.9838070866141733
0
LINE
8
CYAN2
6
CONTINUOUS
10
5.3231299212598424
20
-6.9838070866141733
11
5.3231299212598424
21
-6.9790472440944882
0
LINE
8
CYAN2
6
CONTINUOUS
10
5.3231299212598424
20
-6.9790472440944882
11
5.3207519685039371
21
-6.9719015748031499
0
LINE
8
CYAN2
6
CONTINUOUS
10
5.3207519685039371
20
-6.9719015748031499
11
5.3183700787401573
21
-6.9695236220472445
0
LINE
8
CYAN2
6
CONTINUOUS
10
5.3183700787401573
20
-6.9695236220472445
11
5.3017007874015754
21
-6.9695236220472445
0
LINE
8
CYAN2
6
CONTINUOUS
10
5.3017007874015754
20
-6.9695236220472445
11
5.3017007874015754
21
-6.9790472440944882
0
LINE
8
CYAN2
6
CONTINUOUS
10
5.3231299212598424
20
-6.9480944881889766
11
5.2731299212598426
21
-6.9480944881889766
0
LINE
8
CYAN2
6
CONTINUOUS
10
5.2731299212598426
20
-6.9480944881889766
11
5.3231299212598424
21
-6.9195236220472447
0
LINE
8
CYAN2
6
CONTINUOUS
10
5.3231299212598424
20
-6.9195236220472447
11
5.2731299212598426
21
-6.9195236220472447
0
LINE
8
CYAN2
6
CONTINUOUS
10
5.3231299212598424
20
-6.895712598425197
11
5.2731299212598426
21
-6.895712598425197
0
LINE
8
CYAN2
6
CONTINUOUS
10
5.2731299212598426
20
-6.895712598425197
11
5.2731299212598426
21
-6.8838070866141736
0
LINE
8
CYAN2
6
CONTINUOUS
10
5.2731299212598426
20
-6.8838070866141736
11
5.2755118110236223
21
-6.8766653543307088
0
LINE
8
CYAN2
6
CONTINUOUS
10
5.2755118110236223
20
-6.8766653543307088
11
5.2802755905511809
21
-6.8719015748031502
0
LINE
8
CYAN2
6
CONTINUOUS
10
5.2802755905511809
20
-6.8719015748031502
11
5.285035433070866
21
-6.8695196850393705
0
LINE
8
CYAN2
6
CONTINUOUS
10
5.285035433070866
20
-6.8695196850393705
11
5.2945590551181105
21
-6.8671417322834651
0
LINE
8
CYAN2
6
CONTINUOUS
10
5.2945590551181105
20
-6.8671417322834651
11
5.3017007874015754
21
-6.8671417322834651
0
LINE
8
CYAN2
6
CONTINUOUS
10
5.3017007874015754
20
-6.8671417322834651
11
5.311224409448819
21
-6.8695196850393705
0
LINE
8
CYAN2
6
CONTINUOUS
10
5.311224409448819
20
-6.8695196850393705
11
5.3159881889763785
21
-6.8719015748031502
0
LINE
8
CYAN2
6
CONTINUOUS
10
5.3159881889763785
20
-6.8719015748031502
11
5.3207519685039371
21
-6.8766653543307088
0
LINE
8
CYAN2
6
CONTINUOUS
10
5.3207519685039371
20
-6.8766653543307088
11
5.3231299212598424
21
-6.8838070866141736
0
LINE
8
CYAN2
6
CONTINUOUS
10
5.3231299212598424
20
-6.8838070866141736
11
5.3231299212598424
21
-6.895712598425197
0
LINE
8
RED3
6
CONTINUOUS
10
5.2398779527559061
20
-7.1666614173228353
11
5.2398779527559061
21
-7.1333307086614175
0
LINE
8
RED3
6
CONTINUOUS
10
5.2398779527559061
20
-7.1333307086614175
11
5.2898779527559059
21
-7.1547559055118111
0
LINE
8
CYAN2
6
CONTINUOUS
10
5.5662795275590558
20
-6.6727992125984255
11
5.5662795275590558
21
-6.7132755905511816
0
LINE
8
CYAN2
6
CONTINUOUS
10
5.5662795275590558
20
-6.7132755905511816
11
5.5686614173228346
21
-6.7180393700787402
0
LINE
8
CYAN2
6
CONTINUOUS
10
5.5686614173228346
20
-6.7180393700787402
11
5.5710433070866143
21
-6.7204212598425199
0
LINE
8
CYAN2
6
CONTINUOUS
10
5.5710433070866143
20
-6.7204212598425199
11
5.5758031496062994
21
-6.7227992125984253
0
LINE
8
CYAN2
6
CONTINUOUS
10
5.5758031496062994
20
-6.7227992125984253
11
5.5853267716535431
21
-6.7227992125984253
0
LINE
8
CYAN2
6
CONTINUOUS
10
5.5853267716535431
20
-6.7227992125984253
11
5.5900905511811025
21
-6.7204212598425199
0
LINE
8
CYAN2
6
CONTINUOUS
10
5.5900905511811025
20
-6.7204212598425199
11
5.5924724409448823
21
-6.7180393700787402
0
LINE
8
CYAN2
6
CONTINUOUS
10
5.5924724409448823
20
-6.7180393700787402
11
5.5948503937007876
21
-6.7132755905511816
0
LINE
8
CYAN2
6
CONTINUOUS
10
5.5948503937007876
20
-6.7132755905511816
11
5.5948503937007876
21
-6.6727992125984255
0
LINE
8
CYAN2
6
CONTINUOUS
10
5.6448543307086618
20
-6.7227992125984253
11
5.6162834645669291
21
-6.7227992125984253
0
LINE
8
CYAN2
6
CONTINUOUS
10
5.6305669291338587
20
-6.7227992125984253
11
5.6305669291338587
21
-6.6727992125984255
0
LINE
8
CYAN2
6
CONTINUOUS
10
5.6305669291338587
20
-6.6727992125984255
11
5.6258070866141736
21
-6.6799448818897638
0
LINE
8
CYAN2
6
CONTINUOUS
10
5.6258070866141736
20
-6.6799448818897638
11
5.6210433070866141
21
-6.6847047244094489
0
LINE
8
CYAN2
6
CONTINUOUS
10
5.6210433070866141
20
-6.6847047244094489
11
5.6162834645669291
21
-6.6870866141732286
0
LINE
8
CYAN2
6
CONTINUOUS
10
5.6662795275590554
20
-6.6966102362204731
11
5.6829488188976383
21
-6.6966102362204731
0
LINE
8
CYAN2
6
CONTINUOUS
10
5.6900905511811022
20
-6.7227992125984253
11
5.6662795275590554
21
-6.7227992125984253
0
LINE
8
CYAN2
6
CONTINUOUS
10
5.6662795275590554
20
-6.7227992125984253
11
5.6662795275590554
21
-6.6727992125984255
0
LINE
8
CYAN2
6
CONTINUOUS
10
5.6662795275590554
20
-6.6727992125984255
11
5.6900905511811022
21
-6.6727992125984255
0
LINE
8
CYAN2
6
CONTINUOUS
10
5.5615196850393707
20
-6.7727992125984251
11
5.5948503937007876
21
-6.7727992125984251
0
LINE
8
CYAN2
6
CONTINUOUS
10
5.5948503937007876
20
-6.7727992125984251
11
5.5734251968503941
21
-6.8227992125984258
0
LINE
8
CYAN2
6
CONTINUOUS
10
5.6353267716535438
20
-6.789468503937008
11
5.6353267716535438
21
-6.8227992125984258
0
LINE
8
CYAN2
6
CONTINUOUS
10
5.6234212598425195
20
-6.7704212598425197
11
5.6115196850393705
21
-6.8061338582677164
0
LINE
8
CYAN2
6
CONTINUOUS
10
5.6115196850393705
20
-6.8061338582677164
11
5.6424685039370077
21
-6.8061338582677164
0
LINE
8
CYAN2
6
CONTINUOUS
10
5.6853267716535436
20
-6.8227992125984258
11
5.6615157480314959
21
-6.8227992125984258
0
LINE
8
CYAN2
6
CONTINUOUS
10
5.6615157480314959
20
-6.8227992125984258
11
5.6615157480314959
21
-6.7727992125984251
0
LINE
8
CYAN2
6
CONTINUOUS
10
5.6996141732283467
20
-6.8204212598425196
11
5.7067559055118116
21
-6.8227992125984258
0
LINE
8
CYAN2
6
CONTINUOUS
10
5.7067559055118116
20
-6.8227992125984258
11
5.718661417322835
21
-6.8227992125984258
0
LINE
8
CYAN2
6
CONTINUOUS
10
5.718661417322835
20
-6.8227992125984258
11
5.72342125984252
21
-6.8204212598425196
0
LINE
8
CYAN2
6
CONTINUOUS
10
5.72342125984252
20
-6.8204212598425196
11
5.7258031496062998
21
-6.8180393700787407
0
LINE
8
CYAN2
6
CONTINUOUS
10
5.7258031496062998
20
-6.8180393700787407
11
5.7281850393700786
21
-6.8132755905511813
0
LINE
8
CYAN2
6
CONTINUOUS
10
5.7281850393700786
20
-6.8132755905511813
11
5.7281850393700786
21
-6.8085157480314962
0
LINE
8
CYAN2
6
CONTINUOUS
10
5.7281850393700786
20
-6.8085157480314962
11
5.7258031496062998
21
-6.8037519685039376
0
LINE
8
CYAN2
6
CONTINUOUS
10
5.7258031496062998
20
-6.8037519685039376
11
5.72342125984252
21
-6.8013700787401579
0
LINE
8
CYAN2
6
CONTINUOUS
10
5.72342125984252
20
-6.8013700787401579
11
5.718661417322835
21
-6.7989921259842525
0
LINE
8
CYAN2
6
CONTINUOUS
10
5.718661417322835
20
-6.7989921259842525
11
5.7091377952755904
21
-6.7966102362204728
0
LINE
8
CYAN2
6
CONTINUOUS
10
5.7091377952755904
20
-6.7966102362204728
11
5.7043740157480318
21
-6.794228346456693
0
LINE
8
CYAN2
6
CONTINUOUS
10
5.7043740157480318
20
-6.794228346456693
11
5.7019921259842521
21
-6.7918464566929133
0
LINE
8
CYAN2
6
CONTINUOUS
10
5.7019921259842521
20
-6.7918464566929133
11
5.6996141732283467
21
-6.7870866141732282
0
LINE
8
CYAN2
6
CONTINUOUS
10
5.6996141732283467
20
-6.7870866141732282
11
5.6996141732283467
21
-6.7823228346456697
0
LINE
8
CYAN2
6
CONTINUOUS
10
5.6996141732283467
20
-6.7823228346456697
11
5.7019921259842521
21
-6.7775629921259846
0
LINE
8
CYAN2
6
CONTINUOUS
10
5.7019921259842521
20
-6.7775629921259846
11
5.7043740157480318
21
-6.7751811023622048
0
LINE
8
CYAN2
6
CONTINUOUS
10
5.7043740157480318
20
-6.7751811023622048
11
5.7091377952755904
21
-6.7727992125984251
0
LINE
8
CYAN2
6
CONTINUOUS
10
5.7091377952755904
20
-6.7727992125984251
11
5.7210393700787403
21
-6.7727992125984251
0
LINE
8
CYAN2
6
CONTINUOUS
10
5.7210393700787403
20
-6.7727992125984251
11
5.7281850393700786
21
-6.7751811023622048
0
LINE
8
CYAN2
6
CONTINUOUS
10
5.7591338582677167
20
-6.7727992125984251
11
5.7638976377952762
21
-6.7727992125984251
0
LINE
8
CYAN2
6
CONTINUOUS
10
5.7638976377952762
20
-6.7727992125984251
11
5.7686574803149613
21
-6.7751811023622048
0
LINE
8
CYAN2
6
CONTINUOUS
10
5.7686574803149613
20
-6.7751811023622048
11
5.7710393700787401
21
-6.7775629921259846
0
LINE
8
CYAN2
6
CONTINUOUS
10
5.7710393700787401
20
-6.7775629921259846
11
5.7734212598425199
21
-6.7823228346456697
0
LINE
8
CYAN2
6
CONTINUOUS
10
5.7734212598425199
20
-6.7823228346456697
11
5.7758031496062996
21
-6.7918464566929133
0
LINE
8
CYAN2
6
CONTINUOUS
10
5.7758031496062996
20
-6.7918464566929133
11
5.7758031496062996
21
-6.8037519685039376
0
LINE
8
CYAN2
6
CONTINUOUS
10
5.7758031496062996
20
-6.8037519685039376
11
5.7734212598425199
21
-6.8132755905511813
0
LINE
8
CYAN2
6
CONTINUOUS
10
5.7734212598425199
20
-6.8132755905511813
11
5.7710393700787401
21
-6.8180393700787407
0
LINE
8
CYAN2
6
CONTINUOUS
10
5.7710393700787401
20
-6.8180393700787407
11
5.7686574803149613
21
-6.8204212598425196
0
LINE
8
CYAN2
6
CONTINUOUS
10
5.7686574803149613
20
-6.8204212598425196
11
5.7638976377952762
21
-6.8227992125984258
0
LINE
8
CYAN2
6
CONTINUOUS
10
5.7638976377952762
20
-6.8227992125984258
11
5.7591338582677167
21
-6.8227992125984258
0
LINE
8
CYAN2
6
CONTINUOUS
10
5.7591338582677167
20
-6.8227992125984258
11
5.7543740157480316
21
-6.8204212598425196
0
LINE
8
CYAN2
6
CONTINUOUS
10
5.7543740157480316
20
-6.8204212598425196
11
5.7519921259842519
21
-6.8180393700787407
0
LINE
8
CYAN2
6
CONTINUOUS
10
5.7519921259842519
20
-6.8180393700787407
11
5.7496102362204731
21
-6.8132755905511813
0
LINE
8
CYAN2
6
CONTINUOUS
10
5.7496102362204731
20
-6.8132755905511813
11
5.7472322834645668
21
-6.8037519685039376
0
LINE
8
CYAN2
6
CONTINUOUS
10
5.7472322834645668
20
-6.8037519685039376
11
5.7472322834645668
21
-6.7918464566929133
0
LINE
8
CYAN2
6
CONTINUOUS
10
5.7472322834645668
20
-6.7918464566929133
11
5.7496102362204731
21
-6.7823228346456697
0
LINE
8
CYAN2
6
CONTINUOUS
10
5.7496102362204731
20
-6.7823228346456697
11
5.7519921259842519
21
-6.7775629921259846
0
LINE
8
CYAN2
6
CONTINUOUS
10
5.7519921259842519
20
-6.7775629921259846
11
5.7543740157480316
21
-6.7751811023622048
0
LINE
8
CYAN2
6
CONTINUOUS
10
5.7543740157480316
20
-6.7751811023622048
11
5.7591338582677167
21
-6.7727992125984251
0
LINE
8
CYAN2
6
CONTINUOUS
10
5.8043740157480315
20
-6.794228346456693
11
5.7996102362204729
21
-6.7918464566929133
0
LINE
8
CYAN2
6
CONTINUOUS
10
5.7996102362204729
20
-6.7918464566929133
11
5.7972283464566932
21
-6.789468503937008
0
LINE
8
CYAN2
6
CONTINUOUS
10
5.7972283464566932
20
-6.789468503937008
11
5.7948503937007878
21
-6.7847047244094494
0
LINE
8
CYAN2
6
CONTINUOUS
10
5.7948503937007878
20
-6.7847047244094494
11
5.7948503937007878
21
-6.7823228346456697
0
LINE
8
CYAN2
6
CONTINUOUS
10
5.7948503937007878
20
-6.7823228346456697
11
5.7972283464566932
21
-6.7775629921259846
0
LINE
8
CYAN2
6
CONTINUOUS
10
5.7972283464566932
20
-6.7775629921259846
11
5.7996102362204729
21
-6.7751811023622048
0
LINE
8
CYAN2
6
CONTINUOUS
10
5.7996102362204729
20
-6.7751811023622048
11
5.8043740157480315
21
-6.7727992125984251
0
LINE
8
CYAN2
6
CONTINUOUS
10
5.8043740157480315
20
-6.7727992125984251
11
5.813897637795276
21
-6.7727992125984251
0
LINE
8
CYAN2
6
CONTINUOUS
10
5.813897637795276
20
-6.7727992125984251
11
5.8186574803149611
21
-6.7751811023622048
0
LINE
8
CYAN2
6
CONTINUOUS
10
5.8186574803149611
20
-6.7751811023622048
11
5.8210393700787399
21
-6.7775629921259846
0
LINE
8
CYAN2
6
CONTINUOUS
10
5.8210393700787399
20
-6.7775629921259846
11
5.8234212598425197
21
-6.7823228346456697
0
LINE
8
CYAN2
6
CONTINUOUS
10
5.8234212598425197
20
-6.7823228346456697
11
5.8234212598425197
21
-6.7847047244094494
0
LINE
8
CYAN2
6
CONTINUOUS
10
5.8234212598425197
20
-6.7847047244094494
11
5.8210393700787399
21
-6.789468503937008
0
LINE
8
CYAN2
6
CONTINUOUS
10
5.8210393700787399
20
-6.789468503937008
11
5.8186574803149611
21
-6.7918464566929133
0
LINE
8
CYAN2
6
CONTINUOUS
10
5.8186574803149611
20
-6.7918464566929133
11
5.813897637795276
21
-6.794228346456693
0
LINE
8
CYAN2
6
CONTINUOUS
10
5.813897637795276
20
-6.794228346456693
11
5.8043740157480315
21
-6.794228346456693
0
LINE
8
CYAN2
6
CONTINUOUS
10
5.8043740157480315
20
-6.794228346456693
11
5.7996102362204729
21
-6.7966102362204728
0
LINE
8
CYAN2
6
CONTINUOUS
10
5.7996102362204729
20
-6.7966102362204728
11
5.7972283464566932
21
-6.7989921259842525
0
LINE
8
CYAN2
6
CONTINUOUS
10
5.7972283464566932
20
-6.7989921259842525
11
5.7948503937007878
21
-6.8037519685039376
0
LINE
8
CYAN2
6
CONTINUOUS
10
5.7948503937007878
20
-6.8037519685039376
11
5.7948503937007878
21
-6.8132755905511813
0
LINE
8
CYAN2
6
CONTINUOUS
10
5.7948503937007878
20
-6.8132755905511813
11
5.7972283464566932
21
-6.8180393700787407
0
LINE
8
CYAN2
6
CONTINUOUS
10
5.7972283464566932
20
-6.8180393700787407
11
5.7996102362204729
21
-6.8204212598425196
0
LINE
8
CYAN2
6
CONTINUOUS
10
5.7996102362204729
20
-6.8204212598425196
11
5.8043740157480315
21
-6.8227992125984258
0
LINE
8
CYAN2
6
CONTINUOUS
10
5.8043740157480315
20
-6.8227992125984258
11
5.813897637795276
21
-6.8227992125984258
0
LINE
8
CYAN2
6
CONTINUOUS
10
5.813897637795276
20
-6.8227992125984258
11
5.8186574803149611
21
-6.8204212598425196
0
LINE
8
CYAN2
6
CONTINUOUS
10
5.8186574803149611
20
-6.8204212598425196
11
5.8210393700787399
21
-6.8180393700787407
0
LINE
8
CYAN2
6
CONTINUOUS
10
5.8210393700787399
20
-6.8180393700787407
11
5.8234212598425197
21
-6.8132755905511813
0
LINE
8
CYAN2
6
CONTINUOUS
10
5.8234212598425197
20
-6.8132755905511813
11
5.8234212598425197
21
-6.8037519685039376
0
LINE
8
CYAN2
6
CONTINUOUS
10
5.8234212598425197
20
-6.8037519685039376
11
5.8210393700787399
21
-6.7989921259842525
0
LINE
8
CYAN2
6
CONTINUOUS
10
5.8210393700787399
20
-6.7989921259842525
11
5.8186574803149611
21
-6.7966102362204728
0
LINE
8
CYAN2
6
CONTINUOUS
10
5.8186574803149611
20
-6.7966102362204728
11
5.813897637795276
21
-6.794228346456693
0
LINE
8
LYELLOW
6
CONTINUOUS
10
4.2999999999999998
20
-6.4500000000000002
11
4.2999999999999998
21
-7.0499999999999998
0
LINE
8
LYELLOW
6
CONTINUOUS
10
4.2999999999999998
20
-7.0499999999999998
11
4.7000000000000002
21
-7.0499999999999998
0
LINE
8
LYELLOW
6
CONTINUOUS
10
4.7000000000000002
20
-7.0499999999999998
11
4.7000000000000002
21
-6.4500000000000002
0
LINE
8
LYELLOW
6
CONTINUOUS
10
4.7000000000000002
20
-6.4500000000000002
11
4.2999999999999998
21
-6.4500000000000002
0
LINE
8
RED2
6
CONTINUOUS
10
4.2999999999999998
20
-6.4500000000000002
11
4.2999999999999998
21
-7.0499999999999998
0
LINE
8
RED2
6
CONTINUOUS
10
4.2999999999999998
20
-7.0499999999999998
11
4.7000000000000002
21
-7.0499999999999998
0
LINE
8
RED2
6
CONTINUOUS
10
4.7000000000000002
20
-7.0499999999999998
11
4.7000000000000002
21
-6.4500000000000002
0
LINE
8
RED2
6
CONTINUOUS
10
4.7000000000000002
20
-6.4500000000000002
11
4.2999999999999998
21
-6.4500000000000002
0
LINE
8
RED2
6
CONTINUOUS
10
4.5
20
-6.4500000000000002
11
4.5
21
-6.25
0
LINE
8
CYAN2
6
CONTINUOUS
10
4.4731299212598428
20
-6.6280944881889763
11
4.5231299212598426
21
-6.6114291338582678
0
LINE
8
CYAN2
6
CONTINUOUS
10
4.5231299212598426
20
-6.6114291338582678
11
4.4731299212598428
21
-6.5947598425196849
0
LINE
8
CYAN2
6
CONTINUOUS
10
4.5183700787401575
20
-6.5495236220472446
11
4.5207519685039372
21
-6.5519015748031499
0
LINE
8
CYAN2
6
CONTINUOUS
10
4.5207519685039372
20
-6.5519015748031499
11
4.5231299212598426
21
-6.5590472440944882
0
LINE
8
CYAN2
6
CONTINUOUS
10
4.5231299212598426
20
-6.5590472440944882
11
4.5231299212598426
21
-6.5638070866141733
0
LINE
8
CYAN2
6
CONTINUOUS
10
4.5231299212598426
20
-6.5638070866141733
11
4.5207519685039372
21
-6.5709488188976382
0
LINE
8
CYAN2
6
CONTINUOUS
10
4.5207519685039372
20
-6.5709488188976382
11
4.5159881889763778
21
-6.5757125984251967
0
LINE
8
CYAN2
6
CONTINUOUS
10
4.5159881889763778
20
-6.5757125984251967
11
4.5112244094488192
21
-6.5780944881889765
0
LINE
8
CYAN2
6
CONTINUOUS
10
4.5112244094488192
20
-6.5780944881889765
11
4.5017007874015746
21
-6.5804724409448818
0
LINE
8
CYAN2
6
CONTINUOUS
10
4.5017007874015746
20
-6.5804724409448818
11
4.4945590551181107
21
-6.5804724409448818
0
LINE
8
CYAN2
6
CONTINUOUS
10
4.4945590551181107
20
-6.5804724409448818
11
4.4850354330708662
21
-6.5780944881889765
0
LINE
8
CYAN2
6
CONTINUOUS
10
4.4850354330708662
20
-6.5780944881889765
11
4.4802755905511811
21
-6.5757125984251967
0
LINE
8
CYAN2
6
CONTINUOUS
10
4.4802755905511811
20
-6.5757125984251967
11
4.4755118110236225
21
-6.5709488188976382
0
LINE
8
CYAN2
6
CONTINUOUS
10
4.4755118110236225
20
-6.5709488188976382
11
4.4731299212598428
21
-6.5638070866141733
0
LINE
8
CYAN2
6
CONTINUOUS
10
4.4731299212598428
20
-6.5638070866141733
11
4.4731299212598428
21
-6.5590472440944882
0
LINE
8
CYAN2
6
CONTINUOUS
10
4.4731299212598428
20
-6.5590472440944882
11
4.4755118110236225
21
-6.5519015748031499
0
LINE
8
CYAN2
6
CONTINUOUS
10
4.4755118110236225
20
-6.5519015748031499
11
4.4778937007874013
21
-6.5495236220472446
0
LINE
8
CYAN2
6
CONTINUOUS
10
4.5183700787401575
20
-6.4995236220472448
11
4.5207519685039372
21
-6.5019015748031501
0
LINE
8
CYAN2
6
CONTINUOUS
10
4.5207519685039372
20
-6.5019015748031501
11
4.5231299212598426
21
-6.5090472440944884
0
LINE
8
CYAN2
6
CONTINUOUS
10
4.5231299212598426
20
-6.5090472440944884
11
4.5231299212598426
21
-6.5138070866141735
0
LINE
8
CYAN2
6
CONTINUOUS
10
4.5231299212598426
20
-6.5138070866141735
11
4.5207519685039372
21
-6.5209488188976383
0
LINE
8
CYAN2
6
CONTINUOUS
10
4.5207519685039372
20
-6.5209488188976383
11
4.5159881889763778
21
-6.5257125984251969
0
LINE
8
CYAN2
6
CONTINUOUS
10
4.5159881889763778
20
-6.5257125984251969
11
4.5112244094488192
21
-6.5280944881889766
0
LINE
8
CYAN2
6
CONTINUOUS
10
4.5112244094488192
20
-6.5280944881889766
11
4.5017007874015746
21
-6.530472440944882
0
LINE
8
CYAN2
6
CONTINUOUS
10
4.5017007874015746
20
-6.530472440944882
11
4.4945590551181107
21
-6.530472440944882
0
LINE
8
CYAN2
6
CONTINUOUS
10
4.4945590551181107
20
-6.530472440944882
11
4.4850354330708662
21
-6.5280944881889766
0
LINE
8
CYAN2
6
CONTINUOUS
10
4.4850354330708662
20
-6.5280944881889766
11
4.4802755905511811
21
-6.5257125984251969
0
LINE
8
CYAN2
6
CONTINUOUS
10
4.4802755905511811
20
-6.5257125984251969
11
4.4755118110236225
21
-6.5209488188976383
0
LINE
8
CYAN2
6
CONTINUOUS
10
4.4755118110236225
20
-6.5209488188976383
11
4.4731299212598428
21
-6.5138070866141735
0
LINE
8
CYAN2
6
CONTINUOUS
10
4.4731299212598428
20
-6.5138070866141735
11
4.4731299212598428
21
-6.5090472440944884
0
LINE
8
CYAN2
6
CONTINUOUS
10
4.4731299212598428
20
-6.5090472440944884
11
4.4755118110236225
21
-6.5019015748031501
0
LINE
8
CYAN2
6
CONTINUOUS
10
4.4755118110236225
20
-6.5019015748031501
11
4.4778937007874013
21
-6.4995236220472448
0
LINE
8
RED3
6
CONTINUOUS
10
4.4898779527559061
20
-6.3595196850393707
11
4.4898779527559061
21
-6.3880905511811026
0
LINE
8
RED3
6
CONTINUOUS
10
4.4898779527559061
20
-6.3738070866141738
11
4.4398779527559054
21
-6.3738070866141738
0
LINE
8
RED3
6
CONTINUOUS
10
4.4398779527559054
20
-6.3738070866141738
11
4.4470236220472446
21
-6.3785669291338589
0
LINE
8
RED3
6
CONTINUOUS
10
4.4470236220472446
20
-6.3785669291338589
11
4.4517834645669296
21
-6.3833307086614175
0
LINE
8
RED3
6
CONTINUOUS
10
4.4517834645669296
20
-6.3833307086614175
11
4.4541653543307085
21
-6.3880905511811026
0
LINE
8
RED3
6
CONTINUOUS
10
4.4565472440944882
20
-6.3166653543307092
11
4.4898779527559061
21
-6.3166653543307092
0
LINE
8
RED3
6
CONTINUOUS
10
4.4375
20
-6.3285708661417326
11
4.4732125984251967
21
-6.3404724409448825
0
LINE
8
RED3
6
CONTINUOUS
10
4.4732125984251967
20
-6.3404724409448825
11
4.4732125984251967
21
-6.3095236220472444
0
LINE
8
RED2
6
CONTINUOUS
10
4.5
20
-7.0499999999999998
11
4.5
21
-7.25
0
LINE
8
CYAN2
6
CONTINUOUS
10
4.4755118110236225
20
-6.9719015748031499
11
4.4731299212598428
21
-6.9766653543307093
0
LINE
8
CYAN2
6
CONTINUOUS
10
4.4731299212598428
20
-6.9766653543307093
11
4.4731299212598428
21
-6.9838070866141733
0
LINE
8
CYAN2
6
CONTINUOUS
10
4.4731299212598428
20
-6.9838070866141733
11
4.4755118110236225
21
-6.9909488188976381
0
LINE
8
CYAN2
6
CONTINUOUS
10
4.4755118110236225
20
-6.9909488188976381
11
4.4802755905511811
21
-6.9957125984251975
0
LINE
8
CYAN2
6
CONTINUOUS
10
4.4802755905511811
20
-6.9957125984251975
11
4.4850354330708662
21
-6.9980944881889764
0
LINE
8
CYAN2
6
CONTINUOUS
10
4.4850354330708662
20
-6.9980944881889764
11
4.4945590551181107
21
-7.0004724409448817
0
LINE
8
CYAN2
6
CONTINUOUS
10
4.4945590551181107
20
-7.0004724409448817
11
4.5017007874015746
21
-7.0004724409448817
0
LINE
8
CYAN2
6
CONTINUOUS
10
4.5017007874015746
20
-7.0004724409448817
11
4.5112244094488192
21
-6.9980944881889764
0
LINE
8
CYAN2
6
CONTINUOUS
10
4.5112244094488192
20
-6.9980944881889764
11
4.5159881889763778
21
-6.9957125984251975
0
LINE
8
CYAN2
6
CONTINUOUS
10
4.5159881889763778
20
-6.9957125984251975
11
4.5207519685039372
21
-6.9909488188976381
0
LINE
8
CYAN2
6
CONTINUOUS
10
4.5207519685039372
20
-6.9909488188976381
11
4.5231299212598426
21
-6.9838070866141733
0
LINE
8
CYAN2
6
CONTINUOUS
10
4.5231299212598426
20
-6.9838070866141733
11
4.5231299212598426
21
-6.9790472440944882
0
LINE
8
CYAN2
6
CONTINUOUS
10
4.5231299212598426
20
-6.9790472440944882
11
4.5207519685039372
21
-6.9719015748031499
0
LINE
8
CYAN2
6
CONTINUOUS
10
4.5207519685039372
20
-6.9719015748031499
11
4.5183700787401575
21
-6.9695236220472445
0
LINE
8
CYAN2
6
CONTINUOUS
10
4.5183700787401575
20
-6.9695236220472445
11
4.5017007874015746
21
-6.9695236220472445
0
LINE
8
CYAN2
6
CONTINUOUS
10
4.5017007874015746
20
-6.9695236220472445
11
4.5017007874015746
21
-6.9790472440944882
0
LINE
8
CYAN2
6
CONTINUOUS
10
4.5231299212598426
20
-6.9480944881889766
11
4.4731299212598428
21
-6.9480944881889766
0
LINE
8
CYAN2
6
CONTINUOUS
10
4.4731299212598428
20
-6.9480944881889766
11
4.5231299212598426
21
-6.9195236220472447
0
LINE
8
CYAN2
6
CONTINUOUS
10
4.5231299212598426
20
-6.9195236220472447
11
4.4731299212598428
21
-6.9195236220472447
0
LINE
8
CYAN2
6
CONTINUOUS
10
4.5231299212598426
20
-6.895712598425197
11
4.4731299212598428
21
-6.895712598425197
0
LINE
8
CYAN2
6
CONTINUOUS
10
4.4731299212598428
20
-6.895712598425197
11
4.4731299212598428
21
-6.8838070866141736
0
LINE
8
CYAN2
6
CONTINUOUS
10
4.4731299212598428
20
-6.8838070866141736
11
4.4755118110236225
21
-6.8766653543307088
0
LINE
8
CYAN2
6
CONTINUOUS
10
4.4755118110236225
20
-6.8766653543307088
11
4.4802755905511811
21
-6.8719015748031502
0
LINE
8
CYAN2
6
CONTINUOUS
10
4.4802755905511811
20
-6.8719015748031502
11
4.4850354330708662
21
-6.8695196850393705
0
LINE
8
CYAN2
6
CONTINUOUS
10
4.4850354330708662
20
-6.8695196850393705
11
4.4945590551181107
21
-6.8671417322834651
0
LINE
8
CYAN2
6
CONTINUOUS
10
4.4945590551181107
20
-6.8671417322834651
11
4.5017007874015746
21
-6.8671417322834651
0
LINE
8
CYAN2
6
CONTINUOUS
10
4.5017007874015746
20
-6.8671417322834651
11
4.5112244094488192
21
-6.8695196850393705
0
LINE
8
CYAN2
6
CONTINUOUS
10
4.5112244094488192
20
-6.8695196850393705
11
4.5159881889763778
21
-6.8719015748031502
0
LINE
8
CYAN2
6
CONTINUOUS
10
4.5159881889763778
20
-6.8719015748031502
11
4.5207519685039372
21
-6.8766653543307088
0
LINE
8
CYAN2
6
CONTINUOUS
10
4.5207519685039372
20
-6.8766653543307088
11
4.5231299212598426
21
-6.8838070866141736
0
LINE
8
CYAN2
6
CONTINUOUS
10
4.5231299212598426
20
-6.8838070866141736
11
4.5231299212598426
21
-6.895712598425197
0
LINE
8
RED3
6
CONTINUOUS
10
4.4398779527559054
20
-7.1666614173228353
11
4.4398779527559054
21
-7.1333307086614175
0
LINE
8
RED3
6
CONTINUOUS
10
4.4398779527559054
20
-7.1333307086614175
11
4.4898779527559061
21
-7.1547559055118111
0
LINE
8
CYAN2
6
CONTINUOUS
10
4.766279527559055
20
-6.6727992125984255
11
4.766279527559055
21
-6.7132755905511816
0
LINE
8
CYAN2
6
CONTINUOUS
10
4.766279527559055
20
-6.7132755905511816
11
4.7686614173228348
21
-6.7180393700787402
0
LINE
8
CYAN2
6
CONTINUOUS
10
4.7686614173228348
20
-6.7180393700787402
11
4.7710433070866145
21
-6.7204212598425199
0
LINE
8
CYAN2
6
CONTINUOUS
10
4.7710433070866145
20
-6.7204212598425199
11
4.7758031496062996
21
-6.7227992125984253
0
LINE
8
CYAN2
6
CONTINUOUS
10
4.7758031496062996
20
-6.7227992125984253
11
4.7853267716535433
21
-6.7227992125984253
0
LINE
8
CYAN2
6
CONTINUOUS
10
4.7853267716535433
20
-6.7227992125984253
11
4.7900905511811027
21
-6.7204212598425199
0
LINE
8
CYAN2
6
CONTINUOUS
10
4.7900905511811027
20
-6.7204212598425199
11
4.7924724409448825
21
-6.7180393700787402
0
LINE
8
CYAN2
6
CONTINUOUS
10
4.7924724409448825
20
-6.7180393700787402
11
4.7948503937007878
21
-6.7132755905511816
0
LINE
8
CYAN2
6
CONTINUOUS
10
4.7948503937007878
20
-6.7132755905511816
11
4.7948503937007878
21
-6.6727992125984255
0
LINE
8
CYAN2
6
CONTINUOUS
10
4.844854330708662
20
-6.7227992125984253
11
4.8162834645669292
21
-6.7227992125984253
0
LINE
8
CYAN2
6
CONTINUOUS
10
4.8305669291338589
20
-6.7227992125984253
11
4.8305669291338589
21
-6.6727992125984255
0
LINE
8
CYAN2
6
CONTINUOUS
10
4.8305669291338589
20
-6.6727992125984255
11
4.8258070866141738
21
-6.6799448818897638
0
LINE
8
CYAN2
6
CONTINUOUS
10
4.8258070866141738
20
-6.6799448818897638
11
4.8210433070866143
21
-6.6847047244094489
0
LINE
8
CYAN2
6
CONTINUOUS
10
4.8210433070866143
20
-6.6847047244094489
11
4.8162834645669292
21
-6.6870866141732286
0
LINE
8
CYAN2
6
CONTINUOUS
10
4.8686614173228344
20
-6.7227992125984253
11
4.878185039370079
21
-6.7227992125984253
0
LINE
8
CYAN2
6
CONTINUOUS
10
4.878185039370079
20
-6.7227992125984253
11
4.8829488188976375
21
-6.7204212598425199
0
LINE
8
CYAN2
6
CONTINUOUS
10
4.8829488188976375
20
-6.7204212598425199
11
4.8853267716535438
21
-6.7180393700787402
0
LINE
8
CYAN2
6
CONTINUOUS
10
4.8853267716535438
20
-6.7180393700787402
11
4.8900905511811024
21
-6.7108937007874019
0
LINE
8
CYAN2
6
CONTINUOUS
10
4.8900905511811024
20
-6.7108937007874019
11
4.8924724409448821
21
-6.7013700787401573
0
LINE
8
CYAN2
6
CONTINUOUS
10
4.8924724409448821
20
-6.7013700787401573
11
4.8924724409448821
21
-6.6823228346456691
0
LINE
8
CYAN2
6
CONTINUOUS
10
4.8924724409448821
20
-6.6823228346456691
11
4.8900905511811024
21
-6.6775629921259849
0
LINE
8
CYAN2
6
CONTINUOUS
10
4.8900905511811024
20
-6.6775629921259849
11
4.8877086614173226
21
-6.6751811023622052
0
LINE
8
CYAN2
6
CONTINUOUS
10
4.8877086614173226
20
-6.6751811023622052
11
4.8829488188976375
21
-6.6727992125984255
0
LINE
8
CYAN2
6
CONTINUOUS
10
4.8829488188976375
20
-6.6727992125984255
11
4.8734251968503939
21
-6.6727992125984255
0
LINE
8
CYAN2
6
CONTINUOUS
10
4.8734251968503939
20
-6.6727992125984255
11
4.8686614173228344
21
-6.6751811023622052
0
LINE
8
CYAN2
6
CONTINUOUS
10
4.8686614173228344
20
-6.6751811023622052
11
4.8662795275590556
21
-6.6775629921259849
0
LINE
8
CYAN2
6
CONTINUOUS
10
4.8662795275590556
20
-6.6775629921259849
11
4.8639015748031502
21
-6.6823228346456691
0
LINE
8
CYAN2
6
CONTINUOUS
10
4.8639015748031502
20
-6.6823228346456691
11
4.8639015748031502
21
-6.6942283464566934
0
LINE
8
CYAN2
6
CONTINUOUS
10
4.8639015748031502
20
-6.6942283464566934
11
4.8662795275590556
21
-6.698992125984252
0
LINE
8
CYAN2
6
CONTINUOUS
10
4.8662795275590556
20
-6.698992125984252
11
4.8686614173228344
21
-6.7013700787401573
0
LINE
8
CYAN2
6
CONTINUOUS
10
4.8686614173228344
20
-6.7013700787401573
11
4.8734251968503939
21
-6.7037519685039371
0
LINE
8
CYAN2
6
CONTINUOUS
10
4.8734251968503939
20
-6.7037519685039371
11
4.8829488188976375
21
-6.7037519685039371
0
LINE
8
CYAN2
6
CONTINUOUS
10
4.8829488188976375
20
-6.7037519685039371
11
4.8877086614173226
21
-6.7013700787401573
0
LINE
8
CYAN2
6
CONTINUOUS
10
4.8877086614173226
20
-6.7013700787401573
11
4.8900905511811024
21
-6.698992125984252
0
LINE
8
CYAN2
6
CONTINUOUS
10
4.8900905511811024
20
-6.698992125984252
11
4.8924724409448821
21
-6.6942283464566934
0
LINE
8
CYAN2
6
CONTINUOUS
10
4.9138976377952757
20
-6.6966102362204731
11
4.9305669291338585
21
-6.6966102362204731
0
LINE
8
CYAN2
6
CONTINUOUS
10
4.9377086614173233
20
-6.7227992125984253
11
4.9138976377952757
21
-6.7227992125984253
0
LINE
8
CYAN2
6
CONTINUOUS
10
4.9138976377952757
20
-6.7227992125984253
11
4.9138976377952757
21
-6.6727992125984255
0
LINE
8
CYAN2
6
CONTINUOUS
10
4.9138976377952757
20
-6.6727992125984255
11
4.9377086614173233
21
-6.6727992125984255
0
LINE
8
CYAN2
6
CONTINUOUS
10
4.76151968503937
20
-6.7727992125984251
11
4.7948503937007878
21
-6.7727992125984251
0
LINE
8
CYAN2
6
CONTINUOUS
10
4.7948503937007878
20
-6.7727992125984251
11
4.7734251968503942
21
-6.8227992125984258
0
LINE
8
CYAN2
6
CONTINUOUS
10
4.8353267716535431
20
-6.789468503937008
11
4.8353267716535431
21
-6.8227992125984258
0
LINE
8
CYAN2
6
CONTINUOUS
10
4.8234212598425197
20
-6.7704212598425197
11
4.8115196850393707
21
-6.8061338582677164
0
LINE
8
CYAN2
6
CONTINUOUS
10
4.8115196850393707
20
-6.8061338582677164
11
4.8424685039370079
21
-6.8061338582677164
0
LINE
8
CYAN2
6
CONTINUOUS
10
4.8853267716535438
20
-6.8227992125984258
11
4.8615157480314961
21
-6.8227992125984258
0
LINE
8
CYAN2
6
CONTINUOUS
10
4.8615157480314961
20
-6.8227992125984258
11
4.8615157480314961
21
-6.7727992125984251
0
LINE
8
CYAN2
6
CONTINUOUS
10
4.8996141732283469
20
-6.8204212598425196
11
4.9067559055118108
21
-6.8227992125984258
0
LINE
8
CYAN2
6
CONTINUOUS
10
4.9067559055118108
20
-6.8227992125984258
11
4.9186614173228351
21
-6.8227992125984258
0
LINE
8
CYAN2
6
CONTINUOUS
10
4.9186614173228351
20
-6.8227992125984258
11
4.9234212598425202
21
-6.8204212598425196
0
LINE
8
CYAN2
6
CONTINUOUS
10
4.9234212598425202
20
-6.8204212598425196
11
4.9258031496062991
21
-6.8180393700787407
0
LINE
8
CYAN2
6
CONTINUOUS
10
4.9258031496062991
20
-6.8180393700787407
11
4.9281850393700788
21
-6.8132755905511813
0
LINE
8
CYAN2
6
CONTINUOUS
10
4.9281850393700788
20
-6.8132755905511813
11
4.9281850393700788
21
-6.8085157480314962
0
LINE
8
CYAN2
6
CONTINUOUS
10
4.9281850393700788
20
-6.8085157480314962
11
4.9258031496062991
21
-6.8037519685039376
0
LINE
8
CYAN2
6
CONTINUOUS
10
4.9258031496062991
20
-6.8037519685039376
11
4.9234212598425202
21
-6.8013700787401579
0
LINE
8
CYAN2
6
CONTINUOUS
10
4.9234212598425202
20
-6.8013700787401579
11
4.9186614173228351
21
-6.7989921259842525
0
LINE
8
CYAN2
6
CONTINUOUS
10
4.9186614173228351
20
-6.7989921259842525
11
4.9091377952755906
21
-6.7966102362204728
0
LINE
8
CYAN2
6
CONTINUOUS
10
4.9091377952755906
20
-6.7966102362204728
11
4.904374015748032
21
-6.794228346456693
0
LINE
8
CYAN2
6
CONTINUOUS
10
4.904374015748032
20
-6.794228346456693
11
4.9019921259842523
21
-6.7918464566929133
0
LINE
8
CYAN2
6
CONTINUOUS
10
4.9019921259842523
20
-6.7918464566929133
11
4.8996141732283469
21
-6.7870866141732282
0
LINE
8
CYAN2
6
CONTINUOUS
10
4.8996141732283469
20
-6.7870866141732282
11
4.8996141732283469
21
-6.7823228346456697
0
LINE
8
CYAN2
6
CONTINUOUS
10
4.8996141732283469
20
-6.7823228346456697
11
4.9019921259842523
21
-6.7775629921259846
0
LINE
8
CYAN2
6
CONTINUOUS
10
4.9019921259842523
20
-6.7775629921259846
11
4.904374015748032
21
-6.7751811023622048
0
LINE
8
CYAN2
6
CONTINUOUS
10
4.904374015748032
20
-6.7751811023622048
11
4.9091377952755906
21
-6.7727992125984251
0
LINE
8
CYAN2
6
CONTINUOUS
10
4.9091377952755906
20
-6.7727992125984251
11
4.9210393700787405
21
-6.7727992125984251
0
LINE
8
CYAN2
6
CONTINUOUS
10
4.9210393700787405
20
-6.7727992125984251
11
4.9281850393700788
21
-6.7751811023622048
0
LINE
8
CYAN2
6
CONTINUOUS
10
4.9448503937007873
20
-6.7727992125984251
11
4.9758031496062998
21
-6.7727992125984251
0
LINE
8
CYAN2
6
CONTINUOUS
10
4.9758031496062998
20
-6.7727992125984251
11
4.9591338582677169
21
-6.7918464566929133
0
LINE
8
CYAN2
6
CONTINUOUS
10
4.9591338582677169
20
-6.7918464566929133
11
4.9662795275590552
21
-6.7918464566929133
0
LINE
8
CYAN2
6
CONTINUOUS
10
4.9662795275590552
20
-6.7918464566929133
11
4.9710393700787403
21
-6.794228346456693
0
LINE
8
CYAN2
6
CONTINUOUS
10
4.9710393700787403
20
-6.794228346456693
11
4.97342125984252
21
-6.7966102362204728
0
LINE
8
CYAN2
6
CONTINUOUS
10
4.97342125984252
20
-6.7966102362204728
11
4.9758031496062998
21
-6.8013700787401579
0
LINE
8
CYAN2
6
CONTINUOUS
10
4.9758031496062998
20
-6.8013700787401579
11
4.9758031496062998
21
-6.8132755905511813
0
LINE
8
CYAN2
6
CONTINUOUS
10
4.9758031496062998
20
-6.8132755905511813
11
4.97342125984252
21
-6.8180393700787407
0
LINE
8
CYAN2
6
CONTINUOUS
10
4.97342125984252
20
-6.8180393700787407
11
4.9710393700787403
21
-6.8204212598425196
0
LINE
8
CYAN2
6
CONTINUOUS
10
4.9710393700787403
20
-6.8204212598425196
11
4.9662795275590552
21
-6.8227992125984258
0
LINE
8
CYAN2
6
CONTINUOUS
10
4.9662795275590552
20
-6.8227992125984258
11
4.9519921259842521
21
-6.8227992125984258
0
LINE
8
CYAN2
6
CONTINUOUS
10
4.9519921259842521
20
-6.8227992125984258
11
4.947232283464567
21
-6.8204212598425196
0
LINE
8
CYAN2
6
CONTINUOUS
10
4.947232283464567
20
-6.8204212598425196
11
4.9448503937007873
21
-6.8180393700787407
0
LINE
8
CYAN2
6
CONTINUOUS
10
4.994850393700788
20
-6.7775629921259846
11
4.9972283464566933
21
-6.7751811023622048
0
LINE
8
CYAN2
6
CONTINUOUS
10
4.9972283464566933
20
-6.7751811023622048
11
5.0019921259842519
21
-6.7727992125984251
0
LINE
8
CYAN2
6
CONTINUOUS
10
5.0019921259842519
20
-6.7727992125984251
11
5.0138976377952762
21
-6.7727992125984251
0
LINE
8
CYAN2
6
CONTINUOUS
10
5.0138976377952762
20
-6.7727992125984251
11
5.0186574803149604
21
-6.7751811023622048
0
LINE
8
CYAN2
6
CONTINUOUS
10
5.0186574803149604
20
-6.7751811023622048
11
5.0210393700787401
21
-6.7775629921259846
0
LINE
8
CYAN2
6
CONTINUOUS
10
5.0210393700787401
20
-6.7775629921259846
11
5.0234212598425199
21
-6.7823228346456697
0
LINE
8
CYAN2
6
CONTINUOUS
10
5.0234212598425199
20
-6.7823228346456697
11
5.0234212598425199
21
-6.7870866141732282
0
LINE
8
CYAN2
6
CONTINUOUS
10
5.0234212598425199
20
-6.7870866141732282
11
5.0210393700787401
21
-6.794228346456693
0
LINE
8
CYAN2
6
CONTINUOUS
10
5.0210393700787401
20
-6.794228346456693
11
4.9924685039370083
21
-6.8227992125984258
0
LINE
8
CYAN2
6
CONTINUOUS
10
4.9924685039370083
20
-6.8227992125984258
11
5.0234212598425199
21
-6.8227992125984258
0
CIRCLE
8
RED2
10
2.2200000000000002
20
-2.1000000000000001
40
0.02
0
LINE
8
RED2
6
CONTINUOUS
10
2.3000000000000003
20
-2.0500000000000003
11
2.3000000000000003
21
-1.98
0
CIRCLE
8
RED2
10
2.3799999999999999
20
-2.1000000000000001
40
0.02
0
LINE
8
RED2
6
CONTINUOUS
10
2.3999999999999999
20
-2.0500000000000003
11
2.2000000000000002
21
-2.0500000000000003
0
LINE
8
RED2
6
CONTINUOUS
10
2.2000000000000002
20
-2.1000000000000001
11
2.1000000000000001
21
-2.1000000000000001
0
LINE
8
RED2
6
CONTINUOUS
10
2.3999999999999999
20
-2.1000000000000001
11
2.5
21
-2.1000000000000001
0
LINE
8
CYAN2
6
CONTINUOUS
10
2.2333346456692915
20
-1.8204251968503937
11
2.2404763779527559
21
-1.8228031496062993
0
LINE
8
CYAN2
6
CONTINUOUS
10
2.2404763779527559
20
-1.8228031496062993
11
2.2523818897637797
21
-1.8228031496062993
0
LINE
8
CYAN2
6
CONTINUOUS
10
2.2523818897637797
20
-1.8228031496062993
11
2.2571417322834648
21
-1.8204251968503937
0
LINE
8
CYAN2
6
CONTINUOUS
10
2.2571417322834648
20
-1.8204251968503937
11
2.2595236220472441
21
-1.8180433070866142
0
LINE
8
CYAN2
6
CONTINUOUS
10
2.2595236220472441
20
-1.8180433070866142
11
2.2619055118110238
21
-1.8132795275590552
0
LINE
8
CYAN2
6
CONTINUOUS
10
2.2619055118110238
20
-1.8132795275590552
11
2.2619055118110238
21
-1.8085196850393701
0
LINE
8
CYAN2
6
CONTINUOUS
10
2.2619055118110238
20
-1.8085196850393701
11
2.2595236220472441
21
-1.8037559055118111
0
LINE
8
CYAN2
6
CONTINUOUS
10
2.2595236220472441
20
-1.8037559055118111
11
2.2571417322834648
21
-1.8013740157480316
0
LINE
8
CYAN2
6
CONTINUOUS
10
2.2571417322834648
20
-1.8013740157480316
11
2.2523818897637797
21
-1.798996062992126
0
LINE
8
CYAN2
6
CONTINUOUS
10
2.2523818897637797
20
-1.798996062992126
11
2.2428582677165356
21
-1.7966141732283465
0
LINE
8
CYAN2
6
CONTINUOUS
10
2.2428582677165356
20
-1.7966141732283465
11
2.2380944881889766
21
-1.794232283464567
0
LINE
8
CYAN2
6
CONTINUOUS
10
2.2380944881889766
20
-1.794232283464567
11
2.2357125984251969
21
-1.7918503937007875
0
LINE
8
CYAN2
6
CONTINUOUS
10
2.2357125984251969
20
-1.7918503937007875
11
2.2333346456692915
21
-1.7870905511811024
0
LINE
8
CYAN2
6
CONTINUOUS
10
2.2333346456692915
20
-1.7870905511811024
11
2.2333346456692915
21
-1.7823267716535434
0
LINE
8
CYAN2
6
CONTINUOUS
10
2.2333346456692915
20
-1.7823267716535434
11
2.2357125984251969
21
-1.7775669291338583
0
LINE
8
CYAN2
6
CONTINUOUS
10
2.2357125984251969
20
-1.7775669291338583
11
2.2380944881889766
21
-1.7751850393700788
0
LINE
8
CYAN2
6
CONTINUOUS
10
2.2380944881889766
20
-1.7751850393700788
11
2.2428582677165356
21
-1.7728031496062993
0
LINE
8
CYAN2
6
CONTINUOUS
10
2.2428582677165356
20
-1.7728031496062993
11
2.2547598425196851
21
-1.7728031496062993
0
LINE
8
CYAN2
6
CONTINUOUS
10
2.2547598425196851
20
-1.7728031496062993
11
2.2619055118110238
21
-1.7751850393700788
0
LINE
8
CYAN2
6
CONTINUOUS
10
2.2785708661417323
20
-1.7728031496062993
11
2.2904763779527562
21
-1.8228031496062993
0
LINE
8
CYAN2
6
CONTINUOUS
10
2.2904763779527562
20
-1.8228031496062993
11
2.3000000000000003
21
-1.7870905511811024
0
LINE
8
CYAN2
6
CONTINUOUS
10
2.3000000000000003
20
-1.7870905511811024
11
2.3095236220472444
21
-1.8228031496062993
0
LINE
8
CYAN2
6
CONTINUOUS
10
2.3095236220472444
20
-1.8228031496062993
11
2.3214291338582678
21
-1.7728031496062993
0
LINE
8
CYAN2
6
CONTINUOUS
10
2.3666653543307086
20
-1.8228031496062993
11
2.3380944881889762
21
-1.8228031496062993
0
LINE
8
CYAN2
6
CONTINUOUS
10
2.3523779527559054
20
-1.8228031496062993
11
2.3523779527559054
21
-1.7728031496062993
0
LINE
8
CYAN2
6
CONTINUOUS
10
2.3523779527559054
20
-1.7728031496062993
11
2.3476181102362204
21
-1.7799488188976378
0
LINE
8
CYAN2
6
CONTINUOUS
10
2.3476181102362204
20
-1.7799488188976378
11
2.3428543307086613
21
-1.7847086614173229
0
LINE
8
CYAN2
6
CONTINUOUS
10
2.3428543307086613
20
-1.7847086614173229
11
2.3380944881889762
21
-1.7870905511811024
0
LINE
8
CYAN2
6
CONTINUOUS
10
2.1476220472440946
20
-1.9204251968503938
11
2.1547637795275589
21
-1.9228031496062994
0
LINE
8
CYAN2
6
CONTINUOUS
10
2.1547637795275589
20
-1.9228031496062994
11
2.1666692913385828
21
-1.9228031496062994
0
LINE
8
CYAN2
6
CONTINUOUS
10
2.1666692913385828
20
-1.9228031496062994
11
2.1714291338582679
21
-1.9204251968503938
0
LINE
8
CYAN2
6
CONTINUOUS
10
2.1714291338582679
20
-1.9204251968503938
11
2.1738110236220471
21
-1.9180433070866143
0
LINE
8
CYAN2
6
CONTINUOUS
10
2.1738110236220471
20
-1.9180433070866143
11
2.1761929133858269
21
-1.9132795275590553
0
LINE
8
CYAN2
6
CONTINUOUS
10
2.1761929133858269
20
-1.9132795275590553
11
2.1761929133858269
21
-1.9085196850393702
0
LINE
8
CYAN2
6
CONTINUOUS
10
2.1761929133858269
20
-1.9085196850393702
11
2.1738110236220471
21
-1.9037559055118112
0
LINE
8
CYAN2
6
CONTINUOUS
10
2.1738110236220471
20
-1.9037559055118112
11
2.1714291338582679
21
-1.9013740157480317
0
LINE
8
CYAN2
6
CONTINUOUS
10
2.1714291338582679
20
-1.9013740157480317
11
2.1666692913385828
21
-1.8989960629921261
0
LINE
8
CYAN2
6
CONTINUOUS
10
2.1666692913385828
20
-1.8989960629921261
11
2.1571456692913387
21
-1.8966141732283466
0
LINE
8
CYAN2
6
CONTINUOUS
10
2.1571456692913387
20
-1.8966141732283466
11
2.1523818897637796
21
-1.8942322834645671
0
LINE
8
CYAN2
6
CONTINUOUS
10
2.1523818897637796
20
-1.8942322834645671
11
2.1499999999999999
21
-1.8918503937007876
0
LINE
8
CYAN2
6
CONTINUOUS
10
2.1499999999999999
20
-1.8918503937007876
11
2.1476220472440946
21
-1.8870905511811025
0
LINE
8
CYAN2
6
CONTINUOUS
10
2.1476220472440946
20
-1.8870905511811025
11
2.1476220472440946
21
-1.8823267716535435
0
LINE
8
CYAN2
6
CONTINUOUS
10
2.1476220472440946
20
-1.8823267716535435
11
2.1499999999999999
21
-1.8775669291338584
0
LINE
8
CYAN2
6
CONTINUOUS
10
2.1499999999999999
20
-1.8775669291338584
11
2.1523818897637796
21
-1.8751850393700789
0
LINE
8
CYAN2
6
CONTINUOUS
10
2.1523818897637796
20
-1.8751850393700789
11
2.1571456692913387
21
-1.8728031496062993
0
LINE
8
CYAN2
6
CONTINUOUS
10
2.1571456692913387
20
-1.8728031496062993
11
2.1690472440944881
21
-1.8728031496062993
0
LINE
8
CYAN2
6
CONTINUOUS
10
2.1690472440944881
20
-1.8728031496062993
11
2.1761929133858269
21
-1.8751850393700789
0
LINE
8
CYAN2
6
CONTINUOUS
10
2.1928582677165354
20
-1.8728031496062993
11
2.2047637795275592
21
-1.9228031496062994
0
LINE
8
CYAN2
6
CONTINUOUS
10
2.2047637795275592
20
-1.9228031496062994
11
2.2142874015748033
21
-1.8870905511811025
0
LINE
8
CYAN2
6
CONTINUOUS
10
2.2142874015748033
20
-1.8870905511811025
11
2.2238110236220474
21
-1.9228031496062994
0
LINE
8
CYAN2
6
CONTINUOUS
10
2.2238110236220474
20
-1.9228031496062994
11
2.2357165354330708
21
-1.8728031496062993
0
LINE
8
CYAN2
6
CONTINUOUS
10
2.2428582677165356
20
-1.9275669291338584
11
2.2809527559055121
21
-1.9275669291338584
0
LINE
8
CYAN2
6
CONTINUOUS
10
2.2928543307086615
20
-1.9228031496062994
11
2.2928543307086615
21
-1.8728031496062993
0
LINE
8
CYAN2
6
CONTINUOUS
10
2.2928543307086615
20
-1.8728031496062993
11
2.3119015748031497
21
-1.8728031496062993
0
LINE
8
CYAN2
6
CONTINUOUS
10
2.3119015748031497
20
-1.8728031496062993
11
2.3166653543307087
21
-1.8751850393700789
0
LINE
8
CYAN2
6
CONTINUOUS
10
2.3166653543307087
20
-1.8751850393700789
11
2.3190472440944885
21
-1.8775669291338584
0
LINE
8
CYAN2
6
CONTINUOUS
10
2.3190472440944885
20
-1.8775669291338584
11
2.3214251968503938
21
-1.8823267716535435
0
LINE
8
CYAN2
6
CONTINUOUS
10
2.3214251968503938
20
-1.8823267716535435
11
2.3214251968503938
21
-1.889472440944882
0
LINE
8
CYAN2
6
CONTINUOUS
10
2.3214251968503938
20
-1.889472440944882
11
2.3190472440944885
21
-1.8942322834645671
0
LINE
8
CYAN2
6
CONTINUOUS
10
2.3190472440944885
20
-1.8942322834645671
11
2.3166653543307087
21
-1.8966141732283466
0
LINE
8
CYAN2
6
CONTINUOUS
10
2.3166653543307087
20
-1.8966141732283466
11
2.3119015748031497
21
-1.8989960629921261
0
LINE
8
CYAN2
6
CONTINUOUS
10
2.3119015748031497
20
-1.8989960629921261
11
2.2928543307086615
21
-1.8989960629921261
0
LINE
8
CYAN2
6
CONTINUOUS
10
2.3642834645669293
20
-1.889472440944882
11
2.3642834645669293
21
-1.9228031496062994
0
LINE
8
CYAN2
6
CONTINUOUS
10
2.3428543307086613
20
-1.889472440944882
11
2.3428543307086613
21
-1.9156614173228348
0
LINE
8
CYAN2
6
CONTINUOUS
10
2.3428543307086613
20
-1.9156614173228348
11
2.3452362204724411
21
-1.9204251968503938
0
LINE
8
CYAN2
6
CONTINUOUS
10
2.3452362204724411
20
-1.9204251968503938
11
2.3500000000000001
21
-1.9228031496062994
0
LINE
8
CYAN2
6
CONTINUOUS
10
2.3500000000000001
20
-1.9228031496062994
11
2.3571417322834645
21
-1.9228031496062994
0
LINE
8
CYAN2
6
CONTINUOUS
10
2.3571417322834645
20
-1.9228031496062994
11
2.3619015748031496
21
-1.9204251968503938
0
LINE
8
CYAN2
6
CONTINUOUS
10
2.3619015748031496
20
-1.9204251968503938
11
2.3642834645669293
21
-1.9180433070866143
0
LINE
8
CYAN2
6
CONTINUOUS
10
2.3857125984251968
20
-1.9204251968503938
11
2.3904724409448819
21
-1.9228031496062994
0
LINE
8
CYAN2
6
CONTINUOUS
10
2.3904724409448819
20
-1.9228031496062994
11
2.399996062992126
21
-1.9228031496062994
0
LINE
8
CYAN2
6
CONTINUOUS
10
2.399996062992126
20
-1.9228031496062994
11
2.404759842519685
21
-1.9204251968503938
0
LINE
8
CYAN2
6
CONTINUOUS
10
2.404759842519685
20
-1.9204251968503938
11
2.4071377952755908
21
-1.9156614173228348
0
LINE
8
CYAN2
6
CONTINUOUS
10
2.4071377952755908
20
-1.9156614173228348
11
2.4071377952755908
21
-1.9132795275590553
0
LINE
8
CYAN2
6
CONTINUOUS
10
2.4071377952755908
20
-1.9132795275590553
11
2.404759842519685
21
-1.9085196850393702
0
LINE
8
CYAN2
6
CONTINUOUS
10
2.404759842519685
20
-1.9085196850393702
11
2.399996062992126
21
-1.9061377952755907
0
LINE
8
CYAN2
6
CONTINUOUS
10
2.399996062992126
20
-1.9061377952755907
11
2.3928543307086616
21
-1.9061377952755907
0
LINE
8
CYAN2
6
CONTINUOUS
10
2.3928543307086616
20
-1.9061377952755907
11
2.3880905511811026
21
-1.9037559055118112
0
LINE
8
CYAN2
6
CONTINUOUS
10
2.3880905511811026
20
-1.9037559055118112
11
2.3857125984251968
21
-1.8989960629921261
0
LINE
8
CYAN2
6
CONTINUOUS
10
2.3857125984251968
20
-1.8989960629921261
11
2.3857125984251968
21
-1.8966141732283466
0
LINE
8
CYAN2
6
CONTINUOUS
10
2.3857125984251968
20
-1.8966141732283466
11
2.3880905511811026
21
-1.8918503937007876
0
LINE
8
CYAN2
6
CONTINUOUS
10
2.3880905511811026
20
-1.8918503937007876
11
2.3928543307086616
21
-1.889472440944882
0
LINE
8
CYAN2
6
CONTINUOUS
10
2.3928543307086616
20
-1.889472440944882
11
2.399996062992126
21
-1.889472440944882
0
LINE
8
CYAN2
6
CONTINUOUS
10
2.399996062992126
20
-1.889472440944882
11
2.404759842519685
21
-1.8918503937007876
0
LINE
8
CYAN2
6
CONTINUOUS
10
2.4285669291338583
20
-1.9228031496062994
11
2.4285669291338583
21
-1.8728031496062993
0
LINE
8
CYAN2
6
CONTINUOUS
10
2.4499960629921262
20
-1.9228031496062994
11
2.4499960629921262
21
-1.8966141732283466
0
LINE
8
CYAN2
6
CONTINUOUS
10
2.4499960629921262
20
-1.8966141732283466
11
2.4476141732283465
21
-1.8918503937007876
0
LINE
8
CYAN2
6
CONTINUOUS
10
2.4476141732283465
20
-1.8918503937007876
11
2.4428543307086614
21
-1.889472440944882
0
LINE
8
CYAN2
6
CONTINUOUS
10
2.4428543307086614
20
-1.889472440944882
11
2.4357125984251971
21
-1.889472440944882
0
LINE
8
CYAN2
6
CONTINUOUS
10
2.4357125984251971
20
-1.889472440944882
11
2.430948818897638
21
-1.8918503937007876
0
LINE
8
CYAN2
6
CONTINUOUS
10
2.430948818897638
20
-1.8918503937007876
11
2.4285669291338583
21
-1.8942322834645671
0
LINE
8
RED2
6
CONTINUOUS
10
8.9199999999999999
20
-1.4000000000000001
11
8.9500000000000011
21
-1.3500000000000001
0
LINE
8
RED2
6
CONTINUOUS
10
8.9500000000000011
20
-1.3500000000000001
11
8.9800000000000004
21
-1.4000000000000001
0
LINE
8
RED2
6
CONTINUOUS
10
8.9500000000000011
20
-1.45
11
8.9500000000000011
21
-1.3500000000000001
0
LINE
8
CYAN2
6
CONTINUOUS
10
8.8833307086614184
20
-1.2228031496062992
11
8.8999960629921269
21
-1.2728031496062993
0
LINE
8
CYAN2
6
CONTINUOUS
10
8.8999960629921269
20
-1.2728031496062993
11
8.9166653543307088
21
-1.2228031496062992
0
LINE
8
CYAN2
6
CONTINUOUS
10
8.9619015748031501
20
-1.2680433070866142
11
8.9595236220472447
21
-1.2704251968503937
0
LINE
8
CYAN2
6
CONTINUOUS
10
8.9595236220472447
20
-1.2704251968503937
11
8.9523779527559064
21
-1.2728031496062993
0
LINE
8
CYAN2
6
CONTINUOUS
10
8.9523779527559064
20
-1.2728031496062993
11
8.9476181102362204
21
-1.2728031496062993
0
LINE
8
CYAN2
6
CONTINUOUS
10
8.9476181102362204
20
-1.2728031496062993
11
8.9404763779527556
21
-1.2704251968503937
0
LINE
8
CYAN2
6
CONTINUOUS
10
8.9404763779527556
20
-1.2704251968503937
11
8.9357125984251979
21
-1.2656614173228347
0
LINE
8
CYAN2
6
CONTINUOUS
10
8.9357125984251979
20
-1.2656614173228347
11
8.9333307086614173
21
-1.2608976377952756
0
LINE
8
CYAN2
6
CONTINUOUS
10
8.9333307086614173
20
-1.2608976377952756
11
8.930952755905512
21
-1.2513740157480315
0
LINE
8
CYAN2
6
CONTINUOUS
10
8.930952755905512
20
-1.2513740157480315
11
8.930952755905512
21
-1.2442322834645669
0
LINE
8
CYAN2
6
CONTINUOUS
10
8.930952755905512
20
-1.2442322834645669
11
8.9333307086614173
21
-1.2347086614173228
0
LINE
8
CYAN2
6
CONTINUOUS
10
8.9333307086614173
20
-1.2347086614173228
11
8.9357125984251979
21
-1.2299488188976377
0
LINE
8
CYAN2
6
CONTINUOUS
10
8.9357125984251979
20
-1.2299488188976377
11
8.9404763779527556
21
-1.2251850393700787
0
LINE
8
CYAN2
6
CONTINUOUS
10
8.9404763779527556
20
-1.2251850393700787
11
8.9476181102362204
21
-1.2228031496062992
0
LINE
8
CYAN2
6
CONTINUOUS
10
8.9476181102362204
20
-1.2228031496062992
11
8.9523779527559064
21
-1.2228031496062992
0
LINE
8
CYAN2
6
CONTINUOUS
10
8.9523779527559064
20
-1.2228031496062992
11
8.9595236220472447
21
-1.2251850393700787
0
LINE
8
CYAN2
6
CONTINUOUS
10
8.9595236220472447
20
-1.2251850393700787
11
8.9619015748031501
21
-1.2275669291338582
0
LINE
8
CYAN2
6
CONTINUOUS
10
9.0119015748031508
20
-1.2680433070866142
11
9.0095236220472437
21
-1.2704251968503937
0
LINE
8
CYAN2
6
CONTINUOUS
10
9.0095236220472437
20
-1.2704251968503937
11
9.0023779527559054
21
-1.2728031496062993
0
LINE
8
CYAN2
6
CONTINUOUS
10
9.0023779527559054
20
-1.2728031496062993
11
8.9976181102362212
21
-1.2728031496062993
0
LINE
8
CYAN2
6
CONTINUOUS
10
8.9976181102362212
20
-1.2728031496062993
11
8.9904763779527563
21
-1.2704251968503937
0
LINE
8
CYAN2
6
CONTINUOUS
10
8.9904763779527563
20
-1.2704251968503937
11
8.9857125984251969
21
-1.2656614173228347
0
LINE
8
CYAN2
6
CONTINUOUS
10
8.9857125984251969
20
-1.2656614173228347
11
8.983330708661418
21
-1.2608976377952756
0
LINE
8
CYAN2
6
CONTINUOUS
10
8.983330708661418
20
-1.2608976377952756
11
8.9809527559055127
21
-1.2513740157480315
0
LINE
8
CYAN2
6
CONTINUOUS
10
8.9809527559055127
20
-1.2513740157480315
11
8.9809527559055127
21
-1.2442322834645669
0
LINE
8
CYAN2
6
CONTINUOUS
10
8.9809527559055127
20
-1.2442322834645669
11
8.983330708661418
21
-1.2347086614173228
0
LINE
8
CYAN2
6
CONTINUOUS
10
8.983330708661418
20
-1.2347086614173228
11
8.9857125984251969
21
-1.2299488188976377
0
LINE
8
CYAN2
6
CONTINUOUS
10
8.9857125984251969
20
-1.2299488188976377
11
8.9904763779527563
21
-1.2251850393700787
0
LINE
8
CYAN2
6
CONTINUOUS
10
8.9904763779527563
20
-1.2251850393700787
11
8.9976181102362212
21
-1.2228031496062992
0
LINE
8
CYAN2
6
CONTINUOUS
10
8.9976181102362212
20
-1.2228031496062992
11
9.0023779527559054
21
-1.2228031496062992
0
LINE
8
CYAN2
6
CONTINUOUS
10
9.0023779527559054
20
-1.2228031496062992
11
9.0095236220472437
21
-1.2251850393700787
0
LINE
8
CYAN2
6
CONTINUOUS
10
9.0095236220472437
20
-1.2251850393700787
11
9.0119015748031508
21
-1.2275669291338582
0
LINE
8
LYELLOW
6
CONTINUOUS
10
8.5999999999999996
20
-2.6000000000000001
11
8.5999999999999996
21
-2.
0
LINE
8
LYELLOW
6
CONTINUOUS
10
8.5999999999999996
20
-2.
11
9.3000000000000007
21
-2.
0
LINE
8
LYELLOW
6
CONTINUOUS
10
9.3000000000000007
20
-2.
11
9.3000000000000007
21
-2.6000000000000001
0
LINE
8
LYELLOW
6
CONTINUOUS
10
9.3000000000000007
20
-2.6000000000000001
11
8.5999999999999996
21
-2.6000000000000001
0
LINE
8
LYELLOW
6
CONTINUOUS
10
8.5999999999999996
20
-2.6000000000000001
11
8.5999999999999996
21
-2.
0
LINE
8
LYELLOW
6
CONTINUOUS
10
8.5999999999999996
20
-2.
11
9.3000000000000007
21
-2.
0
LINE
8
LYELLOW
6
CONTINUOUS
10
9.3000000000000007
20
-2.
11
9.3000000000000007
21
-2.6000000000000001
0
LINE
8
LYELLOW
6
CONTINUOUS
10
9.3000000000000007
20
-2.6000000000000001
11
8.5999999999999996
21
-2.6000000000000001
0
LINE
8
RED2
6
CONTINUOUS
10
8.5999999999999996
20
-2.6000000000000001
11
8.5999999999999996
21
-2.
0
LINE
8
RED2
6
CONTINUOUS
10
8.5999999999999996
20
-2.
11
9.3000000000000007
21
-2.
0
LINE
8
RED2
6
CONTINUOUS
10
9.3000000000000007
20
-2.
11
9.3000000000000007
21
-2.6000000000000001
0
LINE
8
RED2
6
CONTINUOUS
10
9.3000000000000007
20
-2.6000000000000001
11
8.5999999999999996
21
-2.6000000000000001
0
LINE
8
RED2
6
CONTINUOUS
10
8.5999999999999996
20
-2.6000000000000001
11
8.5999999999999996
21
-2.
0
LINE
8
RED2
6
CONTINUOUS
10
8.5999999999999996
20
-2.
11
9.3000000000000007
21
-2.
0
LINE
8
RED2
6
CONTINUOUS
10
9.3000000000000007
20
-2.
11
9.3000000000000007
21
-2.6000000000000001
0
LINE
8
RED2
6
CONTINUOUS
10
9.3000000000000007
20
-2.6000000000000001
11
8.5999999999999996
21
-2.6000000000000001
0
LINE
8
RED2
6
CONTINUOUS
10
8.9500000000000011
20
-2.
11
8.9500000000000011
21
-1.9000000000000001
0
LINE
8
CYAN2
6
CONTINUOUS
10
8.9231299212598429
20
-2.1580944881889765
11
8.9731299212598437
21
-2.1414291338582676
0
LINE
8
CYAN2
6
CONTINUOUS
10
8.9731299212598437
20
-2.1414291338582676
11
8.9231299212598429
21
-2.1247598425196852
0
LINE
8
CYAN2
6
CONTINUOUS
10
8.9683700787401577
20
-2.0795236220472444
11
8.9707519685039365
21
-2.0819015748031497
0
LINE
8
CYAN2
6
CONTINUOUS
10
8.9707519685039365
20
-2.0819015748031497
11
8.9731299212598437
21
-2.0890472440944881
0
LINE
8
CYAN2
6
CONTINUOUS
10
8.9731299212598437
20
-2.0890472440944881
11
8.9731299212598437
21
-2.0938070866141731
0
LINE
8
CYAN2
6
CONTINUOUS
10
8.9731299212598437
20
-2.0938070866141731
11
8.9707519685039365
21
-2.100948818897638
0
LINE
8
CYAN2
6
CONTINUOUS
10
8.9707519685039365
20
-2.100948818897638
11
8.9659881889763788
21
-2.105712598425197
0
LINE
8
CYAN2
6
CONTINUOUS
10
8.9659881889763788
20
-2.105712598425197
11
8.9612244094488194
21
-2.1080944881889763
0
LINE
8
CYAN2
6
CONTINUOUS
10
8.9612244094488194
20
-2.1080944881889763
11
8.9517007874015757
21
-2.1104724409448821
0
LINE
8
CYAN2
6
CONTINUOUS
10
8.9517007874015757
20
-2.1104724409448821
11
8.9445590551181109
21
-2.1104724409448821
0
LINE
8
CYAN2
6
CONTINUOUS
10
8.9445590551181109
20
-2.1104724409448821
11
8.9350354330708672
21
-2.1080944881889763
0
LINE
8
CYAN2
6
CONTINUOUS
10
8.9350354330708672
20
-2.1080944881889763
11
8.9302755905511813
21
-2.105712598425197
0
LINE
8
CYAN2
6
CONTINUOUS
10
8.9302755905511813
20
-2.105712598425197
11
8.9255118110236218
21
-2.100948818897638
0
LINE
8
CYAN2
6
CONTINUOUS
10
8.9255118110236218
20
-2.100948818897638
11
8.9231299212598429
21
-2.0938070866141731
0
LINE
8
CYAN2
6
CONTINUOUS
10
8.9231299212598429
20
-2.0938070866141731
11
8.9231299212598429
21
-2.0890472440944881
0
LINE
8
CYAN2
6
CONTINUOUS
10
8.9231299212598429
20
-2.0890472440944881
11
8.9255118110236218
21
-2.0819015748031497
0
LINE
8
CYAN2
6
CONTINUOUS
10
8.9255118110236218
20
-2.0819015748031497
11
8.9278937007874024
21
-2.0795236220472444
0
LINE
8
CYAN2
6
CONTINUOUS
10
8.9683700787401577
20
-2.0295236220472441
11
8.9707519685039365
21
-2.0319015748031495
0
LINE
8
CYAN2
6
CONTINUOUS
10
8.9707519685039365
20
-2.0319015748031495
11
8.9731299212598437
21
-2.0390472440944882
0
LINE
8
CYAN2
6
CONTINUOUS
10
8.9731299212598437
20
-2.0390472440944882
11
8.9731299212598437
21
-2.0438070866141733
0
LINE
8
CYAN2
6
CONTINUOUS
10
8.9731299212598437
20
-2.0438070866141733
11
8.9707519685039365
21
-2.0509488188976377
0
LINE
8
CYAN2
6
CONTINUOUS
10
8.9707519685039365
20
-2.0509488188976377
11
8.9659881889763788
21
-2.0557125984251967
0
LINE
8
CYAN2
6
CONTINUOUS
10
8.9659881889763788
20
-2.0557125984251967
11
8.9612244094488194
21
-2.0580944881889764
0
LINE
8
CYAN2
6
CONTINUOUS
10
8.9612244094488194
20
-2.0580944881889764
11
8.9517007874015757
21
-2.0604724409448818
0
LINE
8
CYAN2
6
CONTINUOUS
10
8.9517007874015757
20
-2.0604724409448818
11
8.9445590551181109
21
-2.0604724409448818
0
LINE
8
CYAN2
6
CONTINUOUS
10
8.9445590551181109
20
-2.0604724409448818
11
8.9350354330708672
21
-2.0580944881889764
0
LINE
8
CYAN2
6
CONTINUOUS
10
8.9350354330708672
20
-2.0580944881889764
11
8.9302755905511813
21
-2.0557125984251967
0
LINE
8
CYAN2
6
CONTINUOUS
10
8.9302755905511813
20
-2.0557125984251967
11
8.9255118110236218
21
-2.0509488188976377
0
LINE
8
CYAN2
6
CONTINUOUS
10
8.9255118110236218
20
-2.0509488188976377
11
8.9231299212598429
21
-2.0438070866141733
0
LINE
8
CYAN2
6
CONTINUOUS
10
8.9231299212598429
20
-2.0438070866141733
11
8.9231299212598429
21
-2.0390472440944882
0
LINE
8
CYAN2
6
CONTINUOUS
10
8.9231299212598429
20
-2.0390472440944882
11
8.9255118110236218
21
-2.0319015748031495
0
LINE
8
CYAN2
6
CONTINUOUS
10
8.9255118110236218
20
-2.0319015748031495
11
8.9278937007874024
21
-2.0295236220472441
0
LINE
8
RED3
6
CONTINUOUS
10
8.9113070866141744
20
-1.9547559055118111
11
8.9089251968503937
21
-1.9595196850393701
0
LINE
8
RED3
6
CONTINUOUS
10
8.9089251968503937
20
-1.9595196850393701
11
8.9065472440944884
21
-1.9619015748031496
0
LINE
8
RED3
6
CONTINUOUS
10
8.9065472440944884
20
-1.9619015748031496
11
8.9017834645669289
21
-1.9642795275590552
0
LINE
8
RED3
6
CONTINUOUS
10
8.9017834645669289
20
-1.9642795275590552
11
8.8994015748031501
21
-1.9642795275590552
0
LINE
8
RED3
6
CONTINUOUS
10
8.8994015748031501
20
-1.9642795275590552
11
8.8946417322834641
21
-1.9619015748031496
0
LINE
8
RED3
6
CONTINUOUS
10
8.8946417322834641
20
-1.9619015748031496
11
8.8922598425196853
21
-1.9595196850393701
0
LINE
8
RED3
6
CONTINUOUS
10
8.8922598425196853
20
-1.9595196850393701
11
8.8898779527559064
21
-1.9547559055118111
0
LINE
8
RED3
6
CONTINUOUS
10
8.8898779527559064
20
-1.9547559055118111
11
8.8898779527559064
21
-1.945232283464567
0
LINE
8
RED3
6
CONTINUOUS
10
8.8898779527559064
20
-1.945232283464567
11
8.8922598425196853
21
-1.9404724409448819
0
LINE
8
RED3
6
CONTINUOUS
10
8.8922598425196853
20
-1.9404724409448819
11
8.8946417322834641
21
-1.9380905511811024
0
LINE
8
RED3
6
CONTINUOUS
10
8.8946417322834641
20
-1.9380905511811024
11
8.8994015748031501
21
-1.9357086614173229
0
LINE
8
RED3
6
CONTINUOUS
10
8.8994015748031501
20
-1.9357086614173229
11
8.9017834645669289
21
-1.9357086614173229
0
LINE
8
RED3
6
CONTINUOUS
10
8.9017834645669289
20
-1.9357086614173229
11
8.9065472440944884
21
-1.9380905511811024
0
LINE
8
RED3
6
CONTINUOUS
10
8.9065472440944884
20
-1.9380905511811024
11
8.9089251968503937
21
-1.9404724409448819
0
LINE
8
RED3
6
CONTINUOUS
10
8.9089251968503937
20
-1.9404724409448819
11
8.9113070866141744
21
-1.945232283464567
0
LINE
8
RED3
6
CONTINUOUS
10
8.9113070866141744
20
-1.945232283464567
11
8.9113070866141744
21
-1.9547559055118111
0
LINE
8
RED3
6
CONTINUOUS
10
8.9113070866141744
20
-1.9547559055118111
11
8.9136889763779532
21
-1.9595196850393701
0
LINE
8
RED3
6
CONTINUOUS
10
8.9136889763779532
20
-1.9595196850393701
11
8.9160708661417321
21
-1.9619015748031496
0
LINE
8
RED3
6
CONTINUOUS
10
8.9160708661417321
20
-1.9619015748031496
11
8.920830708661418
21
-1.9642795275590552
0
LINE
8
RED3
6
CONTINUOUS
10
8.920830708661418
20
-1.9642795275590552
11
8.9303543307086617
21
-1.9642795275590552
0
LINE
8
RED3
6
CONTINUOUS
10
8.9303543307086617
20
-1.9642795275590552
11
8.9351181102362212
21
-1.9619015748031496
0
LINE
8
RED3
6
CONTINUOUS
10
8.9351181102362212
20
-1.9619015748031496
11
8.9375
21
-1.9595196850393701
0
LINE
8
RED3
6
CONTINUOUS
10
8.9375
20
-1.9595196850393701
11
8.9398779527559054
21
-1.9547559055118111
0
LINE
8
RED3
6
CONTINUOUS
10
8.9398779527559054
20
-1.9547559055118111
11
8.9398779527559054
21
-1.945232283464567
0
LINE
8
RED3
6
CONTINUOUS
10
8.9398779527559054
20
-1.945232283464567
11
8.9375
21
-1.9404724409448819
0
LINE
8
RED3
6
CONTINUOUS
10
8.9375
20
-1.9404724409448819
11
8.9351181102362212
21
-1.9380905511811024
0
LINE
8
RED3
6
CONTINUOUS
10
8.9351181102362212
20
-1.9380905511811024
11
8.9303543307086617
21
-1.9357086614173229
0
LINE
8
RED3
6
CONTINUOUS
10
8.9303543307086617
20
-1.9357086614173229
11
8.920830708661418
21
-1.9357086614173229
0
LINE
8
RED3
6
CONTINUOUS
10
8.920830708661418
20
-1.9357086614173229
11
8.9160708661417321
21
-1.9380905511811024
0
LINE
8
RED3
6
CONTINUOUS
10
8.9160708661417321
20
-1.9380905511811024
11
8.9136889763779532
21
-1.9404724409448819
0
LINE
8
RED3
6
CONTINUOUS
10
8.9136889763779532
20
-1.9404724409448819
11
8.9113070866141744
21
-1.945232283464567
0
LINE
8
RED2
6
CONTINUOUS
10
8.9500000000000011
20
-2.6000000000000001
11
8.9500000000000011
21
-2.7000000000000002
0
LINE
8
CYAN2
6
CONTINUOUS
10
8.9255118110236218
20
-2.5419015748031497
11
8.9231299212598429
21
-2.5466653543307087
0
LINE
8
CYAN2
6
CONTINUOUS
10
8.9231299212598429
20
-2.5466653543307087
11
8.9231299212598429
21
-2.5538070866141731
0
LINE
8
CYAN2
6
CONTINUOUS
10
8.9231299212598429
20
-2.5538070866141731
11
8.9255118110236218
21
-2.5609488188976379
0
LINE
8
CYAN2
6
CONTINUOUS
10
8.9255118110236218
20
-2.5609488188976379
11
8.9302755905511813
21
-2.5657125984251969
0
LINE
8
CYAN2
6
CONTINUOUS
10
8.9302755905511813
20
-2.5657125984251969
11
8.9350354330708672
21
-2.5680944881889767
0
LINE
8
CYAN2
6
CONTINUOUS
10
8.9350354330708672
20
-2.5680944881889767
11
8.9445590551181109
21
-2.570472440944882
0
LINE
8
CYAN2
6
CONTINUOUS
10
8.9445590551181109
20
-2.570472440944882
11
8.9517007874015757
21
-2.570472440944882
0
LINE
8
CYAN2
6
CONTINUOUS
10
8.9517007874015757
20
-2.570472440944882
11
8.9612244094488194
21
-2.5680944881889767
0
LINE
8
CYAN2
6
CONTINUOUS
10
8.9612244094488194
20
-2.5680944881889767
11
8.9659881889763788
21
-2.5657125984251969
0
LINE
8
CYAN2
6
CONTINUOUS
10
8.9659881889763788
20
-2.5657125984251969
11
8.9707519685039365
21
-2.5609488188976379
0
LINE
8
CYAN2
6
CONTINUOUS
10
8.9707519685039365
20
-2.5609488188976379
11
8.9731299212598437
21
-2.5538070866141731
0
LINE
8
CYAN2
6
CONTINUOUS
10
8.9731299212598437
20
-2.5538070866141731
11
8.9731299212598437
21
-2.5490472440944885
0
LINE
8
CYAN2
6
CONTINUOUS
10
8.9731299212598437
20
-2.5490472440944885
11
8.9707519685039365
21
-2.5419015748031497
0
LINE
8
CYAN2
6
CONTINUOUS
10
8.9707519685039365
20
-2.5419015748031497
11
8.9683700787401577
21
-2.5395236220472444
0
LINE
8
CYAN2
6
CONTINUOUS
10
8.9683700787401577
20
-2.5395236220472444
11
8.9517007874015757
21
-2.5395236220472444
0
LINE
8
CYAN2
6
CONTINUOUS
10
8.9517007874015757
20
-2.5395236220472444
11
8.9517007874015757
21
-2.5490472440944885
0
LINE
8
CYAN2
6
CONTINUOUS
10
8.9731299212598437
20
-2.5180944881889764
11
8.9231299212598429
21
-2.5180944881889764
0
LINE
8
CYAN2
6
CONTINUOUS
10
8.9231299212598429
20
-2.5180944881889764
11
8.9731299212598437
21
-2.4895236220472441
0
LINE
8
CYAN2
6
CONTINUOUS
10
8.9731299212598437
20
-2.4895236220472441
11
8.9231299212598429
21
-2.4895236220472441
0
LINE
8
CYAN2
6
CONTINUOUS
10
8.9731299212598437
20
-2.4657125984251969
11
8.9231299212598429
21
-2.4657125984251969
0
LINE
8
CYAN2
6
CONTINUOUS
10
8.9231299212598429
20
-2.4657125984251969
11
8.9231299212598429
21
-2.4538070866141735
0
LINE
8
CYAN2
6
CONTINUOUS
10
8.9231299212598429
20
-2.4538070866141735
11
8.9255118110236218
21
-2.4466653543307086
0
LINE
8
CYAN2
6
CONTINUOUS
10
8.9255118110236218
20
-2.4466653543307086
11
8.9302755905511813
21
-2.4419015748031496
0
LINE
8
CYAN2
6
CONTINUOUS
10
8.9302755905511813
20
-2.4419015748031496
11
8.9350354330708672
21
-2.4395196850393703
0
LINE
8
CYAN2
6
CONTINUOUS
10
8.9350354330708672
20
-2.4395196850393703
11
8.9445590551181109
21
-2.4371417322834645
0
LINE
8
CYAN2
6
CONTINUOUS
10
8.9445590551181109
20
-2.4371417322834645
11
8.9517007874015757
21
-2.4371417322834645
0
LINE
8
CYAN2
6
CONTINUOUS
10
8.9517007874015757
20
-2.4371417322834645
11
8.9612244094488194
21
-2.4395196850393703
0
LINE
8
CYAN2
6
CONTINUOUS
10
8.9612244094488194
20
-2.4395196850393703
11
8.9659881889763788
21
-2.4419015748031496
0
LINE
8
CYAN2
6
CONTINUOUS
10
8.9659881889763788
20
-2.4419015748031496
11
8.9707519685039365
21
-2.4466653543307086
0
LINE
8
CYAN2
6
CONTINUOUS
10
8.9707519685039365
20
-2.4466653543307086
11
8.9731299212598437
21
-2.4538070866141735
0
LINE
8
CYAN2
6
CONTINUOUS
10
8.9731299212598437
20
-2.4538070866141735
11
8.9731299212598437
21
-2.4657125984251969
0
LINE
8
RED3
6
CONTINUOUS
10
8.9398779527559054
20
-2.6357086614173229
11
8.9398779527559054
21
-2.6642795275590552
0
LINE
8
RED3
6
CONTINUOUS
10
8.9398779527559054
20
-2.649996062992126
11
8.8898779527559064
21
-2.649996062992126
0
LINE
8
RED3
6
CONTINUOUS
10
8.8898779527559064
20
-2.649996062992126
11
8.8970236220472447
21
-2.6547559055118111
0
LINE
8
RED3
6
CONTINUOUS
10
8.8970236220472447
20
-2.6547559055118111
11
8.9017834645669289
21
-2.6595196850393701
0
LINE
8
RED3
6
CONTINUOUS
10
8.9017834645669289
20
-2.6595196850393701
11
8.9041653543307095
21
-2.6642795275590552
0
LINE
8
RED2
6
CONTINUOUS
10
8.5999999999999996
20
-2.1000000000000001
11
8.4500000000000011
21
-2.1000000000000001
0
LINE
8
CYAN2
6
CONTINUOUS
10
8.6247598425196852
20
-2.0731299212598424
11
8.653330708661418
21
-2.0731299212598424
0
LINE
8
CYAN2
6
CONTINUOUS
10
8.6390472440944883
20
-2.1231299212598427
11
8.6390472440944883
21
-2.0731299212598424
0
LINE
8
CYAN2
6
CONTINUOUS
10
8.6985669291338592
20
-2.1231299212598427
11
8.6819015748031507
21
-2.0993228346456694
0
LINE
8
CYAN2
6
CONTINUOUS
10
8.6699960629921264
20
-2.1231299212598427
11
8.6699960629921264
21
-2.0731299212598424
0
LINE
8
CYAN2
6
CONTINUOUS
10
8.6699960629921264
20
-2.0731299212598424
11
8.6890433070866138
21
-2.0731299212598424
0
LINE
8
CYAN2
6
CONTINUOUS
10
8.6890433070866138
20
-2.0731299212598424
11
8.6938070866141732
21
-2.0755118110236221
0
LINE
8
CYAN2
6
CONTINUOUS
10
8.6938070866141732
20
-2.0755118110236221
11
8.6961889763779538
21
-2.0778937007874014
0
LINE
8
CYAN2
6
CONTINUOUS
10
8.6961889763779538
20
-2.0778937007874014
11
8.6985669291338592
21
-2.0826535433070865
0
LINE
8
CYAN2
6
CONTINUOUS
10
8.6985669291338592
20
-2.0826535433070865
11
8.6985669291338592
21
-2.0897992125984253
0
LINE
8
CYAN2
6
CONTINUOUS
10
8.6985669291338592
20
-2.0897992125984253
11
8.6961889763779538
21
-2.0945590551181104
0
LINE
8
CYAN2
6
CONTINUOUS
10
8.6961889763779538
20
-2.0945590551181104
11
8.6938070866141732
21
-2.0969409448818896
0
LINE
8
CYAN2
6
CONTINUOUS
10
8.6938070866141732
20
-2.0969409448818896
11
8.6890433070866138
21
-2.0993228346456694
0
LINE
8
CYAN2
6
CONTINUOUS
10
8.6890433070866138
20
-2.0993228346456694
11
8.6699960629921264
21
-2.0993228346456694
0
LINE
8
RED3
6
CONTINUOUS
10
8.5107165354330707
20
-2.0446417322834645
11
8.5130944881889761
21
-2.0422598425196852
0
LINE
8
RED3
6
CONTINUOUS
10
8.5130944881889761
20
-2.0422598425196852
11
8.5178582677165355
21
-2.0398779527559054
0
LINE
8
RED3
6
CONTINUOUS
10
8.5178582677165355
20
-2.0398779527559054
11
8.5297637795275598
21
-2.0398779527559054
0
LINE
8
RED3
6
CONTINUOUS
10
8.5297637795275598
20
-2.0398779527559054
11
8.534523622047244
21
-2.0422598425196852
0
LINE
8
RED3
6
CONTINUOUS
10
8.534523622047244
20
-2.0422598425196852
11
8.5369055118110246
21
-2.0446417322834645
0
LINE
8
RED3
6
CONTINUOUS
10
8.5369055118110246
20
-2.0446417322834645
11
8.5392874015748035
21
-2.0494015748031496
0
LINE
8
RED3
6
CONTINUOUS
10
8.5392874015748035
20
-2.0494015748031496
11
8.5392874015748035
21
-2.0541653543307086
0
LINE
8
RED3
6
CONTINUOUS
10
8.5392874015748035
20
-2.0541653543307086
11
8.5369055118110246
21
-2.0613070866141734
0
LINE
8
RED3
6
CONTINUOUS
10
8.5369055118110246
20
-2.0613070866141734
11
8.5083346456692919
21
-2.0898779527559057
0
LINE
8
RED3
6
CONTINUOUS
10
8.5083346456692919
20
-2.0898779527559057
11
8.5392874015748035
21
-2.0898779527559057
0
LINE
8
RED2
6
CONTINUOUS
10
8.5999999999999996
20
-2.3000000000000003
11
8.4500000000000011
21
-2.3000000000000003
0
LINE
8
CYAN2
6
CONTINUOUS
10
8.6604724409448828
20
-2.3183700787401578
11
8.6580944881889774
21
-2.3207519685039371
0
LINE
8
CYAN2
6
CONTINUOUS
10
8.6580944881889774
20
-2.3207519685039371
11
8.6509488188976373
21
-2.3231299212598424
0
LINE
8
CYAN2
6
CONTINUOUS
10
8.6509488188976373
20
-2.3231299212598424
11
8.6461889763779531
21
-2.3231299212598424
0
LINE
8
CYAN2
6
CONTINUOUS
10
8.6461889763779531
20
-2.3231299212598424
11
8.6390472440944883
21
-2.3207519685039371
0
LINE
8
CYAN2
6
CONTINUOUS
10
8.6390472440944883
20
-2.3207519685039371
11
8.6342834645669289
21
-2.315988188976378
0
LINE
8
CYAN2
6
CONTINUOUS
10
8.6342834645669289
20
-2.315988188976378
11
8.63190157480315
21
-2.311224409448819
0
LINE
8
CYAN2
6
CONTINUOUS
10
8.63190157480315
20
-2.311224409448819
11
8.6295236220472447
21
-2.3017007874015749
0
LINE
8
CYAN2
6
CONTINUOUS
10
8.6295236220472447
20
-2.3017007874015749
11
8.6295236220472447
21
-2.2945590551181105
0
LINE
8
CYAN2
6
CONTINUOUS
10
8.6295236220472447
20
-2.2945590551181105
11
8.63190157480315
21
-2.2850354330708664
0
LINE
8
CYAN2
6
CONTINUOUS
10
8.63190157480315
20
-2.2850354330708664
11
8.6342834645669289
21
-2.2802755905511813
0
LINE
8
CYAN2
6
CONTINUOUS
10
8.6342834645669289
20
-2.2802755905511813
11
8.6390472440944883
21
-2.2755118110236223
0
LINE
8
CYAN2
6
CONTINUOUS
10
8.6390472440944883
20
-2.2755118110236223
11
8.6461889763779531
21
-2.2731299212598426
0
LINE
8
CYAN2
6
CONTINUOUS
10
8.6461889763779531
20
-2.2731299212598426
11
8.6509488188976373
21
-2.2731299212598426
0
LINE
8
CYAN2
6
CONTINUOUS
10
8.6509488188976373
20
-2.2731299212598426
11
8.6580944881889774
21
-2.2755118110236223
0
LINE
8
CYAN2
6
CONTINUOUS
10
8.6580944881889774
20
-2.2755118110236223
11
8.6604724409448828
21
-2.2778937007874016
0
LINE
8
CYAN2
6
CONTINUOUS
10
8.6747598425196859
20
-2.2731299212598426
11
8.6914251968503944
21
-2.3231299212598424
0
LINE
8
CYAN2
6
CONTINUOUS
10
8.6914251968503944
20
-2.3231299212598424
11
8.7080944881889764
21
-2.2731299212598426
0
LINE
8
RED3
6
CONTINUOUS
10
8.5369055118110246
20
-2.2398779527559056
11
8.5130944881889761
21
-2.2398779527559056
0
LINE
8
RED3
6
CONTINUOUS
10
8.5130944881889761
20
-2.2398779527559056
11
8.5107165354330707
21
-2.2636889763779529
0
LINE
8
RED3
6
CONTINUOUS
10
8.5107165354330707
20
-2.2636889763779529
11
8.5130944881889761
21
-2.2613070866141731
0
LINE
8
RED3
6
CONTINUOUS
10
8.5130944881889761
20
-2.2613070866141731
11
8.5178582677165355
21
-2.2589251968503938
0
LINE
8
RED3
6
CONTINUOUS
10
8.5178582677165355
20
-2.2589251968503938
11
8.5297637795275598
21
-2.2589251968503938
0
LINE
8
RED3
6
CONTINUOUS
10
8.5297637795275598
20
-2.2589251968503938
11
8.534523622047244
21
-2.2613070866141731
0
LINE
8
RED3
6
CONTINUOUS
10
8.534523622047244
20
-2.2613070866141731
11
8.5369055118110246
21
-2.2636889763779529
0
LINE
8
RED3
6
CONTINUOUS
10
8.5369055118110246
20
-2.2636889763779529
11
8.5392874015748035
21
-2.2684488188976379
0
LINE
8
RED3
6
CONTINUOUS
10
8.5392874015748035
20
-2.2684488188976379
11
8.5392874015748035
21
-2.2803543307086613
0
LINE
8
RED3
6
CONTINUOUS
10
8.5392874015748035
20
-2.2803543307086613
11
8.5369055118110246
21
-2.2851181102362204
0
LINE
8
RED3
6
CONTINUOUS
10
8.5369055118110246
20
-2.2851181102362204
11
8.534523622047244
21
-2.2875000000000001
0
LINE
8
RED3
6
CONTINUOUS
10
8.534523622047244
20
-2.2875000000000001
11
8.5297637795275598
21
-2.2898779527559054
0
LINE
8
RED3
6
CONTINUOUS
10
8.5297637795275598
20
-2.2898779527559054
11
8.5178582677165355
21
-2.2898779527559054
0
LINE
8
RED3
6
CONTINUOUS
10
8.5178582677165355
20
-2.2898779527559054
11
8.5130944881889761
21
-2.2875000000000001
0
LINE
8
RED3
6
CONTINUOUS
10
8.5130944881889761
20
-2.2875000000000001
11
8.5107165354330707
21
-2.2851181102362204
0
CIRCLE
8
RED2
10
8.5750000000000011
20
-2.5
40
0.025
0
LINE
8
RED2
6
CONTINUOUS
10
8.5500000000000007
20
-2.5
11
8.4500000000000011
21
-2.5
0
LINE
8
CYAN2
6
CONTINUOUS
10
8.6604724409448828
20
-2.5231299212598426
11
8.6438070866141743
21
-2.4993228346456693
0
LINE
8
CYAN2
6
CONTINUOUS
10
8.63190157480315
20
-2.5231299212598426
11
8.63190157480315
21
-2.4731299212598428
0
LINE
8
CYAN2
6
CONTINUOUS
10
8.63190157480315
20
-2.4731299212598428
11
8.6509488188976373
21
-2.4731299212598428
0
LINE
8
CYAN2
6
CONTINUOUS
10
8.6509488188976373
20
-2.4731299212598428
11
8.6557125984251968
21
-2.4755118110236221
0
LINE
8
CYAN2
6
CONTINUOUS
10
8.6557125984251968
20
-2.4755118110236221
11
8.6580944881889774
21
-2.4778937007874018
0
LINE
8
CYAN2
6
CONTINUOUS
10
8.6580944881889774
20
-2.4778937007874018
11
8.6604724409448828
21
-2.4826535433070869
0
LINE
8
CYAN2
6
CONTINUOUS
10
8.6604724409448828
20
-2.4826535433070869
11
8.6604724409448828
21
-2.4897992125984252
0
LINE
8
CYAN2
6
CONTINUOUS
10
8.6604724409448828
20
-2.4897992125984252
11
8.6580944881889774
21
-2.4945590551181103
0
LINE
8
CYAN2
6
CONTINUOUS
10
8.6580944881889774
20
-2.4945590551181103
11
8.6557125984251968
21
-2.49694094488189
0
LINE
8
CYAN2
6
CONTINUOUS
10
8.6557125984251968
20
-2.49694094488189
11
8.6509488188976373
21
-2.4993228346456693
0
LINE
8
CYAN2
6
CONTINUOUS
10
8.6509488188976373
20
-2.4993228346456693
11
8.63190157480315
21
-2.4993228346456693
0
LINE
8
RED3
6
CONTINUOUS
10
8.534523622047244
20
-2.4565472440944882
11
8.534523622047244
21
-2.4898779527559056
0
LINE
8
RED3
6
CONTINUOUS
10
8.5226181102362215
20
-2.4375
11
8.5107165354330707
21
-2.4732125984251971
0
LINE
8
RED3
6
CONTINUOUS
10
8.5107165354330707
20
-2.4732125984251971
11
8.5416653543307088
21
-2.4732125984251971
0
LINE
8
RED2
6
CONTINUOUS
10
9.3000000000000007
20
-2.1000000000000001
11
9.4500000000000011
21
-2.1000000000000001
0
LINE
8
CYAN2
6
CONTINUOUS
10
9.2728543307086611
20
-2.1278937007874017
11
9.2680905511811034
21
-2.125511811023622
0
LINE
8
CYAN2
6
CONTINUOUS
10
9.2680905511811034
20
-2.125511811023622
11
9.2633307086614174
21
-2.1207519685039369
0
LINE
8
CYAN2
6
CONTINUOUS
10
9.2633307086614174
20
-2.1207519685039369
11
9.2561889763779526
21
-2.1136062992125986
0
LINE
8
CYAN2
6
CONTINUOUS
10
9.2561889763779526
20
-2.1136062992125986
11
9.2514251968503949
21
-2.1112244094488188
0
LINE
8
CYAN2
6
CONTINUOUS
10
9.2514251968503949
20
-2.1112244094488188
11
9.2466653543307089
21
-2.1112244094488188
0
LINE
8
CYAN2
6
CONTINUOUS
10
9.2490433070866143
20
-2.1231299212598427
11
9.2442834645669301
21
-2.1207519685039369
0
LINE
8
CYAN2
6
CONTINUOUS
10
9.2442834645669301
20
-2.1207519685039369
11
9.2395196850393706
21
-2.1159881889763779
0
LINE
8
CYAN2
6
CONTINUOUS
10
9.2395196850393706
20
-2.1159881889763779
11
9.2371417322834652
21
-2.1064645669291338
0
LINE
8
CYAN2
6
CONTINUOUS
10
9.2371417322834652
20
-2.1064645669291338
11
9.2371417322834652
21
-2.0897992125984253
0
LINE
8
CYAN2
6
CONTINUOUS
10
9.2371417322834652
20
-2.0897992125984253
11
9.2395196850393706
21
-2.0802755905511812
0
LINE
8
CYAN2
6
CONTINUOUS
10
9.2395196850393706
20
-2.0802755905511812
11
9.2442834645669301
21
-2.0755118110236221
0
LINE
8
CYAN2
6
CONTINUOUS
10
9.2442834645669301
20
-2.0755118110236221
11
9.2490433070866143
21
-2.0731299212598424
0
LINE
8
CYAN2
6
CONTINUOUS
10
9.2490433070866143
20
-2.0731299212598424
11
9.2585669291338579
21
-2.0731299212598424
0
LINE
8
CYAN2
6
CONTINUOUS
10
9.2585669291338579
20
-2.0731299212598424
11
9.2633307086614174
21
-2.0755118110236221
0
LINE
8
CYAN2
6
CONTINUOUS
10
9.2633307086614174
20
-2.0755118110236221
11
9.2680905511811034
21
-2.0802755905511812
0
LINE
8
CYAN2
6
CONTINUOUS
10
9.2680905511811034
20
-2.0802755905511812
11
9.2704724409448822
21
-2.0897992125984253
0
LINE
8
CYAN2
6
CONTINUOUS
10
9.2704724409448822
20
-2.0897992125984253
11
9.2704724409448822
21
-2.1064645669291338
0
LINE
8
CYAN2
6
CONTINUOUS
10
9.2704724409448822
20
-2.1064645669291338
11
9.2680905511811034
21
-2.1159881889763779
0
LINE
8
CYAN2
6
CONTINUOUS
10
9.2680905511811034
20
-2.1159881889763779
11
9.2633307086614174
21
-2.1207519685039369
0
LINE
8
CYAN2
6
CONTINUOUS
10
9.2633307086614174
20
-2.1207519685039369
11
9.2585669291338579
21
-2.1231299212598427
0
LINE
8
CYAN2
6
CONTINUOUS
10
9.2585669291338579
20
-2.1231299212598427
11
9.2490433070866143
21
-2.1231299212598427
0
LINE
8
RED3
6
CONTINUOUS
10
9.3583346456692915
20
-2.0398779527559054
11
9.3892874015748031
21
-2.0398779527559054
0
LINE
8
RED3
6
CONTINUOUS
10
9.3892874015748031
20
-2.0398779527559054
11
9.3726181102362212
21
-2.0589251968503937
0
LINE
8
RED3
6
CONTINUOUS
10
9.3726181102362212
20
-2.0589251968503937
11
9.3797637795275595
21
-2.0589251968503937
0
LINE
8
RED3
6
CONTINUOUS
10
9.3797637795275595
20
-2.0589251968503937
11
9.3845236220472437
21
-2.0613070866141734
0
LINE
8
RED3
6
CONTINUOUS
10
9.3845236220472437
20
-2.0613070866141734
11
9.3869055118110243
21
-2.0636889763779527
0
LINE
8
RED3
6
CONTINUOUS
10
9.3869055118110243
20
-2.0636889763779527
11
9.3892874015748031
21
-2.0684488188976378
0
LINE
8
RED3
6
CONTINUOUS
10
9.3892874015748031
20
-2.0684488188976378
11
9.3892874015748031
21
-2.0803543307086616
0
LINE
8
RED3
6
CONTINUOUS
10
9.3892874015748031
20
-2.0803543307086616
11
9.3869055118110243
21
-2.0851181102362206
0
LINE
8
RED3
6
CONTINUOUS
10
9.3869055118110243
20
-2.0851181102362206
11
9.3845236220472437
21
-2.0874999999999999
0
LINE
8
RED3
6
CONTINUOUS
10
9.3845236220472437
20
-2.0874999999999999
11
9.3797637795275595
21
-2.0898779527559057
0
LINE
8
RED3
6
CONTINUOUS
10
9.3797637795275595
20
-2.0898779527559057
11
9.3654763779527563
21
-2.0898779527559057
0
LINE
8
RED3
6
CONTINUOUS
10
9.3654763779527563
20
-2.0898779527559057
11
9.3607165354330704
21
-2.0874999999999999
0
LINE
8
RED3
6
CONTINUOUS
10
9.3607165354330704
20
-2.0874999999999999
11
9.3583346456692915
21
-2.0851181102362206
0
LINE
8
RED2
6
CONTINUOUS
10
9.3000000000000007
20
-2.3000000000000003
11
9.4500000000000011
21
-2.3000000000000003
0
LINE
8
CYAN2
6
CONTINUOUS
10
9.1704724409448826
20
-2.3231299212598424
11
9.1704724409448826
21
-2.2731299212598426
0
LINE
8
CYAN2
6
CONTINUOUS
10
9.1704724409448826
20
-2.2731299212598426
11
9.1823779527559051
21
-2.2731299212598426
0
LINE
8
CYAN2
6
CONTINUOUS
10
9.1823779527559051
20
-2.2731299212598426
11
9.1895196850393699
21
-2.2755118110236223
0
LINE
8
CYAN2
6
CONTINUOUS
10
9.1895196850393699
20
-2.2755118110236223
11
9.1942834645669294
21
-2.2802755905511813
0
LINE
8
CYAN2
6
CONTINUOUS
10
9.1942834645669294
20
-2.2802755905511813
11
9.1966653543307082
21
-2.2850354330708664
0
LINE
8
CYAN2
6
CONTINUOUS
10
9.1966653543307082
20
-2.2850354330708664
11
9.1990433070866153
21
-2.2945590551181105
0
LINE
8
CYAN2
6
CONTINUOUS
10
9.1990433070866153
20
-2.2945590551181105
11
9.1990433070866153
21
-2.3017007874015749
0
LINE
8
CYAN2
6
CONTINUOUS
10
9.1990433070866153
20
-2.3017007874015749
11
9.1966653543307082
21
-2.311224409448819
0
LINE
8
CYAN2
6
CONTINUOUS
10
9.1966653543307082
20
-2.311224409448819
11
9.1942834645669294
21
-2.315988188976378
0
LINE
8
CYAN2
6
CONTINUOUS
10
9.1942834645669294
20
-2.315988188976378
11
9.1895196850393699
21
-2.3207519685039371
0
LINE
8
CYAN2
6
CONTINUOUS
10
9.1895196850393699
20
-2.3207519685039371
11
9.1823779527559051
21
-2.3231299212598424
0
LINE
8
CYAN2
6
CONTINUOUS
10
9.1823779527559051
20
-2.3231299212598424
11
9.1704724409448826
21
-2.3231299212598424
0
LINE
8
CYAN2
6
CONTINUOUS
10
9.2204724409448815
20
-2.3231299212598424
11
9.2204724409448815
21
-2.2731299212598426
0
LINE
8
CYAN2
6
CONTINUOUS
10
9.2419055118110247
20
-2.3207519685039371
11
9.2490472440944878
21
-2.3231299212598424
0
LINE
8
CYAN2
6
CONTINUOUS
10
9.2490472440944878
20
-2.3231299212598424
11
9.260952755905512
21
-2.3231299212598424
0
LINE
8
CYAN2
6
CONTINUOUS
10
9.260952755905512
20
-2.3231299212598424
11
9.265712598425198
21
-2.3207519685039371
0
LINE
8
CYAN2
6
CONTINUOUS
10
9.265712598425198
20
-2.3207519685039371
11
9.2680944881889769
21
-2.3183700787401578
0
LINE
8
CYAN2
6
CONTINUOUS
10
9.2680944881889769
20
-2.3183700787401578
11
9.2704763779527557
21
-2.3136062992125983
0
LINE
8
CYAN2
6
CONTINUOUS
10
9.2704763779527557
20
-2.3136062992125983
11
9.2704763779527557
21
-2.3088464566929137
0
LINE
8
CYAN2
6
CONTINUOUS
10
9.2704763779527557
20
-2.3088464566929137
11
9.2680944881889769
21
-2.3040826771653542
0
LINE
8
CYAN2
6
CONTINUOUS
10
9.2680944881889769
20
-2.3040826771653542
11
9.265712598425198
21
-2.3017007874015749
0
LINE
8
CYAN2
6
CONTINUOUS
10
9.265712598425198
20
-2.3017007874015749
11
9.260952755905512
21
-2.2993228346456696
0
LINE
8
CYAN2
6
CONTINUOUS
10
9.260952755905512
20
-2.2993228346456696
11
9.2514291338582684
21
-2.2969409448818898
0
LINE
8
CYAN2
6
CONTINUOUS
10
9.2514291338582684
20
-2.2969409448818898
11
9.2466653543307089
21
-2.2945590551181105
0
LINE
8
CYAN2
6
CONTINUOUS
10
9.2466653543307089
20
-2.2945590551181105
11
9.2442834645669301
21
-2.2921771653543308
0
LINE
8
CYAN2
6
CONTINUOUS
10
9.2442834645669301
20
-2.2921771653543308
11
9.2419055118110247
21
-2.2874173228346457
0
LINE
8
CYAN2
6
CONTINUOUS
10
9.2419055118110247
20
-2.2874173228346457
11
9.2419055118110247
21
-2.2826535433070867
0
LINE
8
CYAN2
6
CONTINUOUS
10
9.2419055118110247
20
-2.2826535433070867
11
9.2442834645669301
21
-2.2778937007874016
0
LINE
8
CYAN2
6
CONTINUOUS
10
9.2442834645669301
20
-2.2778937007874016
11
9.2466653543307089
21
-2.2755118110236223
0
LINE
8
CYAN2
6
CONTINUOUS
10
9.2466653543307089
20
-2.2755118110236223
11
9.2514291338582684
21
-2.2731299212598426
0
LINE
8
CYAN2
6
CONTINUOUS
10
9.2514291338582684
20
-2.2731299212598426
11
9.2633307086614174
21
-2.2731299212598426
0
LINE
8
CYAN2
6
CONTINUOUS
10
9.2633307086614174
20
-2.2731299212598426
11
9.2704763779527557
21
-2.2755118110236223
0
LINE
8
RED3
6
CONTINUOUS
10
9.3583346456692915
20
-2.2398779527559056
11
9.3916653543307085
21
-2.2398779527559056
0
LINE
8
RED3
6
CONTINUOUS
10
9.3916653543307085
20
-2.2398779527559056
11
9.3702401574803158
21
-2.2898779527559054
0
LINE
8
RED2
6
CONTINUOUS
10
9.3000000000000007
20
-2.5
11
9.4500000000000011
21
-2.5
0
LINE
8
CYAN2
6
CONTINUOUS
10
9.1442834645669286
20
-2.4731299212598428
11
9.1728543307086614
21
-2.4731299212598428
0
LINE
8
CYAN2
6
CONTINUOUS
10
9.1585708661417318
20
-2.5231299212598426
11
9.1585708661417318
21
-2.4731299212598428
0
LINE
8
CYAN2
6
CONTINUOUS
10
9.1895196850393699
20
-2.5231299212598426
11
9.1895196850393699
21
-2.4731299212598428
0
LINE
8
CYAN2
6
CONTINUOUS
10
9.1895196850393699
20
-2.49694094488189
11
9.2180905511811027
21
-2.49694094488189
0
LINE
8
CYAN2
6
CONTINUOUS
10
9.2180905511811027
20
-2.5231299212598426
11
9.2180905511811027
21
-2.4731299212598428
0
LINE
8
CYAN2
6
CONTINUOUS
10
9.2704724409448822
20
-2.5231299212598426
11
9.2538070866141737
21
-2.4993228346456693
0
LINE
8
CYAN2
6
CONTINUOUS
10
9.2419015748031494
20
-2.5231299212598426
11
9.2419015748031494
21
-2.4731299212598428
0
LINE
8
CYAN2
6
CONTINUOUS
10
9.2419015748031494
20
-2.4731299212598428
11
9.2609488188976385
21
-2.4731299212598428
0
LINE
8
CYAN2
6
CONTINUOUS
10
9.2609488188976385
20
-2.4731299212598428
11
9.265712598425198
21
-2.4755118110236221
0
LINE
8
CYAN2
6
CONTINUOUS
10
9.265712598425198
20
-2.4755118110236221
11
9.2680944881889769
21
-2.4778937007874018
0
LINE
8
CYAN2
6
CONTINUOUS
10
9.2680944881889769
20
-2.4778937007874018
11
9.2704724409448822
21
-2.4826535433070869
0
LINE
8
CYAN2
6
CONTINUOUS
10
9.2704724409448822
20
-2.4826535433070869
11
9.2704724409448822
21
-2.4897992125984252
0
LINE
8
CYAN2
6
CONTINUOUS
10
9.2704724409448822
20
-2.4897992125984252
11
9.2680944881889769
21
-2.4945590551181103
0
LINE
8
CYAN2
6
CONTINUOUS
10
9.2680944881889769
20
-2.4945590551181103
11
9.265712598425198
21
-2.49694094488189
0
LINE
8
CYAN2
6
CONTINUOUS
10
9.265712598425198
20
-2.49694094488189
11
9.2609488188976385
21
-2.4993228346456693
0
LINE
8
CYAN2
6
CONTINUOUS
10
9.2609488188976385
20
-2.4993228346456693
11
9.2419015748031494
21
-2.4993228346456693
0
LINE
8
RED3
6
CONTINUOUS
10
9.3845236220472437
20
-2.4398779527559058
11
9.375
21
-2.4398779527559058
0
LINE
8
RED3
6
CONTINUOUS
10
9.375
20
-2.4398779527559058
11
9.3702401574803158
21
-2.4422598425196851
0
LINE
8
RED3
6
CONTINUOUS
10
9.3702401574803158
20
-2.4422598425196851
11
9.3678582677165352
21
-2.4446417322834648
0
LINE
8
RED3
6
CONTINUOUS
10
9.3678582677165352
20
-2.4446417322834648
11
9.3630944881889775
21
-2.4517834645669292
0
LINE
8
RED3
6
CONTINUOUS
10
9.3630944881889775
20
-2.4517834645669292
11
9.3607165354330704
21
-2.4613070866141733
0
LINE
8
RED3
6
CONTINUOUS
10
9.3607165354330704
20
-2.4613070866141733
11
9.3607165354330704
21
-2.4803543307086615
0
LINE
8
RED3
6
CONTINUOUS
10
9.3607165354330704
20
-2.4803543307086615
11
9.3630944881889775
21
-2.4851181102362205
0
LINE
8
RED3
6
CONTINUOUS
10
9.3630944881889775
20
-2.4851181102362205
11
9.3654763779527563
21
-2.4875000000000003
0
LINE
8
RED3
6
CONTINUOUS
10
9.3654763779527563
20
-2.4875000000000003
11
9.3702401574803158
21
-2.4898779527559056
0
LINE
8
RED3
6
CONTINUOUS
10
9.3702401574803158
20
-2.4898779527559056
11
9.3797637795275595
21
-2.4898779527559056
0
LINE
8
RED3
6
CONTINUOUS
10
9.3797637795275595
20
-2.4898779527559056
11
9.3845236220472437
21
-2.4875000000000003
0
LINE
8
RED3
6
CONTINUOUS
10
9.3845236220472437
20
-2.4875000000000003
11
9.3869055118110243
21
-2.4851181102362205
0
LINE
8
RED3
6
CONTINUOUS
10
9.3869055118110243
20
-2.4851181102362205
11
9.3892874015748031
21
-2.4803543307086615
0
LINE
8
RED3
6
CONTINUOUS
10
9.3892874015748031
20
-2.4803543307086615
11
9.3892874015748031
21
-2.4684488188976377
0
LINE
8
RED3
6
CONTINUOUS
10
9.3892874015748031
20
-2.4684488188976377
11
9.3869055118110243
21
-2.463688976377953
0
LINE
8
RED3
6
CONTINUOUS
10
9.3869055118110243
20
-2.463688976377953
11
9.3845236220472437
21
-2.4613070866141733
0
LINE
8
RED3
6
CONTINUOUS
10
9.3845236220472437
20
-2.4613070866141733
11
9.3797637795275595
21
-2.458925196850394
0
LINE
8
RED3
6
CONTINUOUS
10
9.3797637795275595
20
-2.458925196850394
11
9.3702401574803158
21
-2.458925196850394
0
LINE
8
RED3
6
CONTINUOUS
10
9.3702401574803158
20
-2.458925196850394
11
9.3654763779527563
21
-2.4613070866141733
0
LINE
8
RED3
6
CONTINUOUS
10
9.3654763779527563
20
-2.4613070866141733
11
9.3630944881889775
21
-2.463688976377953
0
LINE
8
RED3
6
CONTINUOUS
10
9.3630944881889775
20
-2.463688976377953
11
9.3607165354330704
21
-2.4684488188976377
0
LINE
8
CYAN2
6
CONTINUOUS
10
9.0506614173228357
20
-1.7728031496062993
11
9.0506614173228357
21
-1.8132795275590552
0
LINE
8
CYAN2
6
CONTINUOUS
10
9.0506614173228357
20
-1.8132795275590552
11
9.0530433070866145
21
-1.8180433070866142
0
LINE
8
CYAN2
6
CONTINUOUS
10
9.0530433070866145
20
-1.8180433070866142
11
9.0554251968503934
21
-1.8204251968503937
0
LINE
8
CYAN2
6
CONTINUOUS
10
9.0554251968503934
20
-1.8204251968503937
11
9.0601850393700794
21
-1.8228031496062993
0
LINE
8
CYAN2
6
CONTINUOUS
10
9.0601850393700794
20
-1.8228031496062993
11
9.069708661417323
21
-1.8228031496062993
0
LINE
8
CYAN2
6
CONTINUOUS
10
9.069708661417323
20
-1.8228031496062993
11
9.0744724409448825
21
-1.8204251968503937
0
LINE
8
CYAN2
6
CONTINUOUS
10
9.0744724409448825
20
-1.8204251968503937
11
9.0768543307086613
21
-1.8180433070866142
0
LINE
8
CYAN2
6
CONTINUOUS
10
9.0768543307086613
20
-1.8180433070866142
11
9.0792322834645667
21
-1.8132795275590552
0
LINE
8
CYAN2
6
CONTINUOUS
10
9.0792322834645667
20
-1.8132795275590552
11
9.0792322834645667
21
-1.7728031496062993
0
LINE
8
CYAN2
6
CONTINUOUS
10
9.1006653543307099
20
-1.7775669291338583
11
9.1030433070866152
21
-1.7751850393700788
0
LINE
8
CYAN2
6
CONTINUOUS
10
9.1030433070866152
20
-1.7751850393700788
11
9.1078070866141729
21
-1.7728031496062993
0
LINE
8
CYAN2
6
CONTINUOUS
10
9.1078070866141729
20
-1.7728031496062993
11
9.1197125984251972
21
-1.7728031496062993
0
LINE
8
CYAN2
6
CONTINUOUS
10
9.1197125984251972
20
-1.7728031496062993
11
9.1244724409448814
21
-1.7751850393700788
0
LINE
8
CYAN2
6
CONTINUOUS
10
9.1244724409448814
20
-1.7751850393700788
11
9.126854330708662
21
-1.7775669291338583
0
LINE
8
CYAN2
6
CONTINUOUS
10
9.126854330708662
20
-1.7775669291338583
11
9.1292362204724409
21
-1.7823267716535434
0
LINE
8
CYAN2
6
CONTINUOUS
10
9.1292362204724409
20
-1.7823267716535434
11
9.1292362204724409
21
-1.7870905511811024
0
LINE
8
CYAN2
6
CONTINUOUS
10
9.1292362204724409
20
-1.7870905511811024
11
9.126854330708662
21
-1.794232283464567
0
LINE
8
CYAN2
6
CONTINUOUS
10
9.126854330708662
20
-1.794232283464567
11
9.0982834645669293
21
-1.8228031496062993
0
LINE
8
CYAN2
6
CONTINUOUS
10
9.0982834645669293
20
-1.8228031496062993
11
9.1292362204724409
21
-1.8228031496062993
0
LINE
8
CYAN2
6
CONTINUOUS
10
9.1720905511811033
20
-1.7894724409448819
11
9.1720905511811033
21
-1.8228031496062993
0
LINE
8
CYAN2
6
CONTINUOUS
10
9.160185039370079
20
-1.7704251968503937
11
9.14828346456693
21
-1.8061377952755906
0
LINE
8
CYAN2
6
CONTINUOUS
10
9.14828346456693
20
-1.8061377952755906
11
9.1792322834645681
21
-1.8061377952755906
0
LINE
8
CYAN2
6
CONTINUOUS
10
9.0744724409448825
20
-1.9228031496062994
11
9.0506614173228357
21
-1.9228031496062994
0
LINE
8
CYAN2
6
CONTINUOUS
10
9.0506614173228357
20
-1.9228031496062994
11
9.0506614173228357
21
-1.8728031496062993
0
LINE
8
CYAN2
6
CONTINUOUS
10
9.091137795275591
20
-1.9228031496062994
11
9.091137795275591
21
-1.8728031496062993
0
LINE
8
CYAN2
6
CONTINUOUS
10
9.091137795275591
20
-1.8728031496062993
11
9.1078070866141729
21
-1.9085196850393702
0
LINE
8
CYAN2
6
CONTINUOUS
10
9.1078070866141729
20
-1.9085196850393702
11
9.1244724409448814
21
-1.8728031496062993
0
LINE
8
CYAN2
6
CONTINUOUS
10
9.1244724409448814
20
-1.8728031496062993
11
9.1244724409448814
21
-1.9228031496062994
0
LINE
8
CYAN2
6
CONTINUOUS
10
9.1720905511811033
20
-1.8728031496062993
11
9.1482795275590547
21
-1.8728031496062993
0
LINE
8
CYAN2
6
CONTINUOUS
10
9.1482795275590547
20
-1.8728031496062993
11
9.1459015748031494
21
-1.8966141732283466
0
LINE
8
CYAN2
6
CONTINUOUS
10
9.1459015748031494
20
-1.8966141732283466
11
9.1482795275590547
21
-1.8942322834645671
0
LINE
8
CYAN2
6
CONTINUOUS
10
9.1482795275590547
20
-1.8942322834645671
11
9.1530433070866142
21
-1.8918503937007876
0
LINE
8
CYAN2
6
CONTINUOUS
10
9.1530433070866142
20
-1.8918503937007876
11
9.1649488188976385
21
-1.8918503937007876
0
LINE
8
CYAN2
6
CONTINUOUS
10
9.1649488188976385
20
-1.8918503937007876
11
9.1697086614173227
21
-1.8942322834645671
0
LINE
8
CYAN2
6
CONTINUOUS
10
9.1697086614173227
20
-1.8942322834645671
11
9.1720905511811033
21
-1.8966141732283466
0
LINE
8
CYAN2
6
CONTINUOUS
10
9.1720905511811033
20
-1.8966141732283466
11
9.1744724409448821
21
-1.9013740157480317
0
LINE
8
CYAN2
6
CONTINUOUS
10
9.1744724409448821
20
-1.9013740157480317
11
9.1744724409448821
21
-1.9132795275590553
0
LINE
8
CYAN2
6
CONTINUOUS
10
9.1744724409448821
20
-1.9132795275590553
11
9.1720905511811033
21
-1.9180433070866143
0
LINE
8
CYAN2
6
CONTINUOUS
10
9.1720905511811033
20
-1.9180433070866143
11
9.1697086614173227
21
-1.9204251968503938
0
LINE
8
CYAN2
6
CONTINUOUS
10
9.1697086614173227
20
-1.9204251968503938
11
9.1649488188976385
21
-1.9228031496062994
0
LINE
8
CYAN2
6
CONTINUOUS
10
9.1649488188976385
20
-1.9228031496062994
11
9.1530433070866142
21
-1.9228031496062994
0
LINE
8
CYAN2
6
CONTINUOUS
10
9.1530433070866142
20
-1.9228031496062994
11
9.1482795275590547
21
-1.9204251968503938
0
LINE
8
CYAN2
6
CONTINUOUS
10
9.1482795275590547
20
-1.9204251968503938
11
9.1459015748031494
21
-1.9180433070866143
0
LINE
8
CYAN2
6
CONTINUOUS
10
9.2197086614173234
20
-1.8728031496062993
11
9.1958976377952766
21
-1.8728031496062993
0
LINE
8
CYAN2
6
CONTINUOUS
10
9.1958976377952766
20
-1.8728031496062993
11
9.1935196850393712
21
-1.8966141732283466
0
LINE
8
CYAN2
6
CONTINUOUS
10
9.1935196850393712
20
-1.8966141732283466
11
9.1958976377952766
21
-1.8942322834645671
0
LINE
8
CYAN2
6
CONTINUOUS
10
9.1958976377952766
20
-1.8942322834645671
11
9.2006614173228343
21
-1.8918503937007876
0
LINE
8
CYAN2
6
CONTINUOUS
10
9.2006614173228343
20
-1.8918503937007876
11
9.2125669291338586
21
-1.8918503937007876
0
LINE
8
CYAN2
6
CONTINUOUS
10
9.2125669291338586
20
-1.8918503937007876
11
9.2173267716535445
21
-1.8942322834645671
0
LINE
8
CYAN2
6
CONTINUOUS
10
9.2173267716535445
20
-1.8942322834645671
11
9.2197086614173234
21
-1.8966141732283466
0
LINE
8
CYAN2
6
CONTINUOUS
10
9.2197086614173234
20
-1.8966141732283466
11
9.2220905511811022
21
-1.9013740157480317
0
LINE
8
CYAN2
6
CONTINUOUS
10
9.2220905511811022
20
-1.9013740157480317
11
9.2220905511811022
21
-1.9132795275590553
0
LINE
8
CYAN2
6
CONTINUOUS
10
9.2220905511811022
20
-1.9132795275590553
11
9.2197086614173234
21
-1.9180433070866143
0
LINE
8
CYAN2
6
CONTINUOUS
10
9.2197086614173234
20
-1.9180433070866143
11
9.2173267716535445
21
-1.9204251968503938
0
LINE
8
CYAN2
6
CONTINUOUS
10
9.2173267716535445
20
-1.9204251968503938
11
9.2125669291338586
21
-1.9228031496062994
0
LINE
8
CYAN2
6
CONTINUOUS
10
9.2125669291338586
20
-1.9228031496062994
11
9.2006614173228343
21
-1.9228031496062994
0
LINE
8
CYAN2
6
CONTINUOUS
10
9.2006614173228343
20
-1.9228031496062994
11
9.1958976377952766
21
-1.9204251968503938
0
LINE
8
CYAN2
6
CONTINUOUS
10
9.1958976377952766
20
-1.9204251968503938
11
9.1935196850393712
21
-1.9180433070866143
0
LINE
8
CYAN2
6
CONTINUOUS
10
9.2673267716535435
20
-1.8728031496062993
11
9.2435157480314967
21
-1.8728031496062993
0
LINE
8
CYAN2
6
CONTINUOUS
10
9.2435157480314967
20
-1.8728031496062993
11
9.2411377952755913
21
-1.8966141732283466
0
LINE
8
CYAN2
6
CONTINUOUS
10
9.2411377952755913
20
-1.8966141732283466
11
9.2435157480314967
21
-1.8942322834645671
0
LINE
8
CYAN2
6
CONTINUOUS
10
9.2435157480314967
20
-1.8942322834645671
11
9.2482795275590561
21
-1.8918503937007876
0
LINE
8
CYAN2
6
CONTINUOUS
10
9.2482795275590561
20
-1.8918503937007876
11
9.2601850393700786
21
-1.8918503937007876
0
LINE
8
CYAN2
6
CONTINUOUS
10
9.2601850393700786
20
-1.8918503937007876
11
9.2649448818897646
21
-1.8942322834645671
0
LINE
8
CYAN2
6
CONTINUOUS
10
9.2649448818897646
20
-1.8942322834645671
11
9.2673267716535435
21
-1.8966141732283466
0
LINE
8
CYAN2
6
CONTINUOUS
10
9.2673267716535435
20
-1.8966141732283466
11
9.2697086614173223
21
-1.9013740157480317
0
LINE
8
CYAN2
6
CONTINUOUS
10
9.2697086614173223
20
-1.9013740157480317
11
9.2697086614173223
21
-1.9132795275590553
0
LINE
8
CYAN2
6
CONTINUOUS
10
9.2697086614173223
20
-1.9132795275590553
11
9.2673267716535435
21
-1.9180433070866143
0
LINE
8
CYAN2
6
CONTINUOUS
10
9.2673267716535435
20
-1.9180433070866143
11
9.2649448818897646
21
-1.9204251968503938
0
LINE
8
CYAN2
6
CONTINUOUS
10
9.2649448818897646
20
-1.9204251968503938
11
9.2601850393700786
21
-1.9228031496062994
0
LINE
8
CYAN2
6
CONTINUOUS
10
9.2601850393700786
20
-1.9228031496062994
11
9.2482795275590561
21
-1.9228031496062994
0
LINE
8
CYAN2
6
CONTINUOUS
10
9.2482795275590561
20
-1.9228031496062994
11
9.2435157480314967
21
-1.9204251968503938
0
LINE
8
CYAN2
6
CONTINUOUS
10
9.2435157480314967
20
-1.9204251968503938
11
9.2411377952755913
21
-1.9180433070866143
0
LINE
8
CYAN2
6
CONTINUOUS
10
9.2863740157480326
20
-1.9228031496062994
11
9.3125629921259847
21
-1.889472440944882
0
LINE
8
CYAN2
6
CONTINUOUS
10
9.2863740157480326
20
-1.889472440944882
11
9.3125629921259847
21
-1.9228031496062994
0
LINE
8
CYAN2
6
CONTINUOUS
10
9.331610236220472
20
-1.9228031496062994
11
9.331610236220472
21
-1.8728031496062993
0
LINE
8
CYAN2
6
CONTINUOUS
10
9.331610236220472
20
-1.8728031496062993
11
9.3482795275590558
21
-1.9085196850393702
0
LINE
8
CYAN2
6
CONTINUOUS
10
9.3482795275590558
20
-1.9085196850393702
11
9.3649448818897643
21
-1.8728031496062993
0
LINE
8
CYAN2
6
CONTINUOUS
10
9.3649448818897643
20
-1.8728031496062993
11
9.3649448818897643
21
-1.9228031496062994
0
LINE
8
RED2
6
CONTINUOUS
10
8.9500000000000011
20
-2.9500000000000002
11
8.9500000000000011
21
-3.
0
LINE
8
RED2
6
CONTINUOUS
10
8.9500000000000011
20
-3.
11
9.
21
-3.
0
LINE
8
RED2
6
CONTINUOUS
10
9.
20
-3.
11
8.9500000000000011
21
-3.0500000000000003
0
LINE
8
RED2
6
CONTINUOUS
10
8.9500000000000011
20
-3.0500000000000003
11
8.9000000000000004
21
-3.
0
LINE
8
RED2
6
CONTINUOUS
10
8.9000000000000004
20
-3.
11
8.9500000000000011
21
-3.
0
LINE
8
CYAN2
6
CONTINUOUS
10
8.9119055118110246
20
-3.1251850393700789
11
8.9071417322834652
21
-3.1228031496062991
0
LINE
8
CYAN2
6
CONTINUOUS
10
8.9071417322834652
20
-3.1228031496062991
11
8.9000000000000004
21
-3.1228031496062991
0
LINE
8
CYAN2
6
CONTINUOUS
10
8.9000000000000004
20
-3.1228031496062991
11
8.8928582677165355
21
-3.1251850393700789
0
LINE
8
CYAN2
6
CONTINUOUS
10
8.8928582677165355
20
-3.1251850393700789
11
8.8880944881889761
21
-3.1299488188976379
0
LINE
8
CYAN2
6
CONTINUOUS
10
8.8880944881889761
20
-3.1299488188976379
11
8.8857125984251972
21
-3.134708661417323
0
LINE
8
CYAN2
6
CONTINUOUS
10
8.8857125984251972
20
-3.134708661417323
11
8.8833346456692919
21
-3.1442322834645671
0
LINE
8
CYAN2
6
CONTINUOUS
10
8.8833346456692919
20
-3.1442322834645671
11
8.8833346456692919
21
-3.1513740157480314
0
LINE
8
CYAN2
6
CONTINUOUS
10
8.8833346456692919
20
-3.1513740157480314
11
8.8857125984251972
21
-3.1608976377952755
0
LINE
8
CYAN2
6
CONTINUOUS
10
8.8857125984251972
20
-3.1608976377952755
11
8.8880944881889761
21
-3.1656614173228346
0
LINE
8
CYAN2
6
CONTINUOUS
10
8.8880944881889761
20
-3.1656614173228346
11
8.8928582677165355
21
-3.170425196850394
0
LINE
8
CYAN2
6
CONTINUOUS
10
8.8928582677165355
20
-3.170425196850394
11
8.9000000000000004
21
-3.1728031496062994
0
LINE
8
CYAN2
6
CONTINUOUS
10
8.9000000000000004
20
-3.1728031496062994
11
8.9047598425196846
21
-3.1728031496062994
0
LINE
8
CYAN2
6
CONTINUOUS
10
8.9047598425196846
20
-3.1728031496062994
11
8.9119055118110246
21
-3.170425196850394
0
LINE
8
CYAN2
6
CONTINUOUS
10
8.9119055118110246
20
-3.170425196850394
11
8.91428346456693
21
-3.1680433070866143
0
LINE
8
CYAN2
6
CONTINUOUS
10
8.91428346456693
20
-3.1680433070866143
11
8.91428346456693
21
-3.1513740157480314
0
LINE
8
CYAN2
6
CONTINUOUS
10
8.91428346456693
20
-3.1513740157480314
11
8.9047598425196846
21
-3.1513740157480314
0
LINE
8
CYAN2
6
CONTINUOUS
10
8.9357125984251979
20
-3.1728031496062994
11
8.9357125984251979
21
-3.1228031496062991
0
LINE
8
CYAN2
6
CONTINUOUS
10
8.9357125984251979
20
-3.1228031496062991
11
8.9642834645669289
21
-3.1728031496062994
0
LINE
8
CYAN2
6
CONTINUOUS
10
8.9642834645669289
20
-3.1728031496062994
11
8.9642834645669289
21
-3.1228031496062991
0
LINE
8
CYAN2
6
CONTINUOUS
10
8.9880944881889775
20
-3.1728031496062994
11
8.9880944881889775
21
-3.1228031496062991
0
LINE
8
CYAN2
6
CONTINUOUS
10
8.9880944881889775
20
-3.1228031496062991
11
9.
21
-3.1228031496062991
0
LINE
8
CYAN2
6
CONTINUOUS
10
9.
20
-3.1228031496062991
11
9.0071417322834648
21
-3.1251850393700789
0
LINE
8
CYAN2
6
CONTINUOUS
10
9.0071417322834648
20
-3.1251850393700789
11
9.0119055118110243
21
-3.1299488188976379
0
LINE
8
CYAN2
6
CONTINUOUS
10
9.0119055118110243
20
-3.1299488188976379
11
9.0142874015748031
21
-3.134708661417323
0
LINE
8
CYAN2
6
CONTINUOUS
10
9.0142874015748031
20
-3.134708661417323
11
9.0166653543307085
21
-3.1442322834645671
0
LINE
8
CYAN2
6
CONTINUOUS
10
9.0166653543307085
20
-3.1442322834645671
11
9.0166653543307085
21
-3.1513740157480314
0
LINE
8
CYAN2
6
CONTINUOUS
10
9.0166653543307085
20
-3.1513740157480314
11
9.0142874015748031
21
-3.1608976377952755
0
LINE
8
CYAN2
6
CONTINUOUS
10
9.0142874015748031
20
-3.1608976377952755
11
9.0119055118110243
21
-3.1656614173228346
0
LINE
8
CYAN2
6
CONTINUOUS
10
9.0119055118110243
20
-3.1656614173228346
11
9.0071417322834648
21
-3.170425196850394
0
LINE
8
CYAN2
6
CONTINUOUS
10
9.0071417322834648
20
-3.170425196850394
11
9.
21
-3.1728031496062994
0
LINE
8
CYAN2
6
CONTINUOUS
10
9.
20
-3.1728031496062994
11
8.9880944881889775
21
-3.1728031496062994
0
LINE
8
RED2
6
CONTINUOUS
10
10.4500000000000011
20
-1.7
11
10.4500000000000011
21
-1.75
0
LINE
8
RED2
6
CONTINUOUS
10
10.4500000000000011
20
-1.75
11
10.5
21
-1.75
0
LINE
8
RED2
6
CONTINUOUS
10
10.5
20
-1.75
11
10.4500000000000011
21
-1.8
0
LINE
8
RED2
6
CONTINUOUS
10
10.4500000000000011
20
-1.8
11
10.4000000000000004
21
-1.75
0
LINE
8
RED2
6
CONTINUOUS
10
10.4000000000000004
20
-1.75
11
10.4500000000000011
21
-1.75
0
LINE
8
CYAN2
6
CONTINUOUS
10
10.4119055118110246
20
-1.8751850393700789
11
10.4071417322834652
21
-1.8728031496062993
0
LINE
8
CYAN2
6
CONTINUOUS
10
10.4071417322834652
20
-1.8728031496062993
11
10.4000000000000004
21
-1.8728031496062993
0
LINE
8
CYAN2
6
CONTINUOUS
10
10.4000000000000004
20
-1.8728031496062993
11
10.3928582677165355
21
-1.8751850393700789
0
LINE
8
CYAN2
6
CONTINUOUS
10
10.3928582677165355
20
-1.8751850393700789
11
10.3880944881889761
21
-1.8799488188976379
0
LINE
8
CYAN2
6
CONTINUOUS
10
10.3880944881889761
20
-1.8799488188976379
11
10.3857125984251972
21
-1.884708661417323
0
LINE
8
CYAN2
6
CONTINUOUS
10
10.3857125984251972
20
-1.884708661417323
11
10.3833346456692919
21
-1.8942322834645671
0
LINE
8
CYAN2
6
CONTINUOUS
10
10.3833346456692919
20
-1.8942322834645671
11
10.3833346456692919
21
-1.9013740157480317
0
LINE
8
CYAN2
6
CONTINUOUS
10
10.3833346456692919
20
-1.9013740157480317
11
10.3857125984251972
21
-1.9108976377952758
0
LINE
8
CYAN2
6
CONTINUOUS
10
10.3857125984251972
20
-1.9108976377952758
11
10.3880944881889761
21
-1.9156614173228348
0
LINE
8
CYAN2
6
CONTINUOUS
10
10.3880944881889761
20
-1.9156614173228348
11
10.3928582677165355
21
-1.9204251968503938
0
LINE
8
CYAN2
6
CONTINUOUS
10
10.3928582677165355
20
-1.9204251968503938
11
10.4000000000000004
21
-1.9228031496062994
0
LINE
8
CYAN2
6
CONTINUOUS
10
10.4000000000000004
20
-1.9228031496062994
11
10.4047598425196846
21
-1.9228031496062994
0
LINE
8
CYAN2
6
CONTINUOUS
10
10.4047598425196846
20
-1.9228031496062994
11
10.4119055118110246
21
-1.9204251968503938
0
LINE
8
CYAN2
6
CONTINUOUS
10
10.4119055118110246
20
-1.9204251968503938
11
10.41428346456693
21
-1.9180433070866143
0
LINE
8
CYAN2
6
CONTINUOUS
10
10.41428346456693
20
-1.9180433070866143
11
10.41428346456693
21
-1.9013740157480317
0
LINE
8
CYAN2
6
CONTINUOUS
10
10.41428346456693
20
-1.9013740157480317
11
10.4047598425196846
21
-1.9013740157480317
0
LINE
8
CYAN2
6
CONTINUOUS
10
10.4357125984251979
20
-1.9228031496062994
11
10.4357125984251979
21
-1.8728031496062993
0
LINE
8
CYAN2
6
CONTINUOUS
10
10.4357125984251979
20
-1.8728031496062993
11
10.4642834645669289
21
-1.9228031496062994
0
LINE
8
CYAN2
6
CONTINUOUS
10
10.4642834645669289
20
-1.9228031496062994
11
10.4642834645669289
21
-1.8728031496062993
0
LINE
8
CYAN2
6
CONTINUOUS
10
10.4880944881889775
20
-1.9228031496062994
11
10.4880944881889775
21
-1.8728031496062993
0
LINE
8
CYAN2
6
CONTINUOUS
10
10.4880944881889775
20
-1.8728031496062993
11
10.5
21
-1.8728031496062993
0
LINE
8
CYAN2
6
CONTINUOUS
10
10.5
20
-1.8728031496062993
11
10.5071417322834648
21
-1.8751850393700789
0
LINE
8
CYAN2
6
CONTINUOUS
10
10.5071417322834648
20
-1.8751850393700789
11
10.5119055118110243
21
-1.8799488188976379
0
LINE
8
CYAN2
6
CONTINUOUS
10
10.5119055118110243
20
-1.8799488188976379
11
10.5142874015748031
21
-1.884708661417323
0
LINE
8
CYAN2
6
CONTINUOUS
10
10.5142874015748031
20
-1.884708661417323
11
10.5166653543307085
21
-1.8942322834645671
0
LINE
8
CYAN2
6
CONTINUOUS
10
10.5166653543307085
20
-1.8942322834645671
11
10.5166653543307085
21
-1.9013740157480317
0
LINE
8
CYAN2
6
CONTINUOUS
10
10.5166653543307085
20
-1.9013740157480317
11
10.5142874015748031
21
-1.9108976377952758
0
LINE
8
CYAN2
6
CONTINUOUS
10
10.5142874015748031
20
-1.9108976377952758
11
10.5119055118110243
21
-1.9156614173228348
0
LINE
8
CYAN2
6
CONTINUOUS
10
10.5119055118110243
20
-1.9156614173228348
11
10.5071417322834648
21
-1.9204251968503938
0
LINE
8
CYAN2
6
CONTINUOUS
10
10.5071417322834648
20
-1.9204251968503938
11
10.5
21
-1.9228031496062994
0
LINE
8
CYAN2
6
CONTINUOUS
10
10.5
20
-1.9228031496062994
11
10.4880944881889775
21
-1.9228031496062994
0
LINE
8
RED2
6
CONTINUOUS
10
10.4199999999999999
20
-1.05
11
10.4500000000000011
21
-1.
0
LINE
8
RED2
6
CONTINUOUS
10
10.4500000000000011
20
-1.
11
10.4800000000000004
21
-1.05
0
LINE
8
RED2
6
CONTINUOUS
10
10.4500000000000011
20
-1.1000000000000001
11
10.4500000000000011
21
-1.
0
LINE
8
CYAN2
6
CONTINUOUS
10
10.3833307086614184
20
-0.8728031496062992
11
10.3999960629921269
21
-0.9228031496062993
0
LINE
8
CYAN2
6
CONTINUOUS
10
10.3999960629921269
20
-0.9228031496062993
11
10.4166653543307088
21
-0.8728031496062992
0
LINE
8
CYAN2
6
CONTINUOUS
10
10.4619015748031501
20
-0.9180433070866142
11
10.4595236220472447
21
-0.9204251968503937
0
LINE
8
CYAN2
6
CONTINUOUS
10
10.4595236220472447
20
-0.9204251968503937
11
10.4523779527559064
21
-0.9228031496062993
0
LINE
8
CYAN2
6
CONTINUOUS
10
10.4523779527559064
20
-0.9228031496062993
11
10.4476181102362204
21
-0.9228031496062993
0
LINE
8
CYAN2
6
CONTINUOUS
10
10.4476181102362204
20
-0.9228031496062993
11
10.4404763779527556
21
-0.9204251968503937
0
LINE
8
CYAN2
6
CONTINUOUS
10
10.4404763779527556
20
-0.9204251968503937
11
10.4357125984251979
21
-0.9156614173228347
0
LINE
8
CYAN2
6
CONTINUOUS
10
10.4357125984251979
20
-0.9156614173228347
11
10.4333307086614173
21
-0.9108976377952757
0
LINE
8
CYAN2
6
CONTINUOUS
10
10.4333307086614173
20
-0.9108976377952757
11
10.430952755905512
21
-0.9013740157480316
0
LINE
8
CYAN2
6
CONTINUOUS
10
10.430952755905512
20
-0.9013740157480316
11
10.430952755905512
21
-0.894232283464567
0
LINE
8
CYAN2
6
CONTINUOUS
10
10.430952755905512
20
-0.894232283464567
11
10.4333307086614173
21
-0.8847086614173229
0
LINE
8
CYAN2
6
CONTINUOUS
10
10.4333307086614173
20
-0.8847086614173229
11
10.4357125984251979
21
-0.8799488188976379
0
LINE
8
CYAN2
6
CONTINUOUS
10
10.4357125984251979
20
-0.8799488188976379
11
10.4404763779527556
21
-0.8751850393700787
0
LINE
8
CYAN2
6
CONTINUOUS
10
10.4404763779527556
20
-0.8751850393700787
11
10.4476181102362204
21
-0.8728031496062992
0
LINE
8
CYAN2
6
CONTINUOUS
10
10.4476181102362204
20
-0.8728031496062992
11
10.4523779527559064
21
-0.8728031496062992
0
LINE
8
CYAN2
6
CONTINUOUS
10
10.4523779527559064
20
-0.8728031496062992
11
10.4595236220472447
21
-0.8751850393700787
0
LINE
8
CYAN2
6
CONTINUOUS
10
10.4595236220472447
20
-0.8751850393700787
11
10.4619015748031501
21
-0.8775669291338583
0
LINE
8
CYAN2
6
CONTINUOUS
10
10.5119015748031508
20
-0.9180433070866142
11
10.5095236220472437
21
-0.9204251968503937
0
LINE
8
CYAN2
6
CONTINUOUS
10
10.5095236220472437
20
-0.9204251968503937
11
10.5023779527559054
21
-0.9228031496062993
0
LINE
8
CYAN2
6
CONTINUOUS
10
10.5023779527559054
20
-0.9228031496062993
11
10.4976181102362212
21
-0.9228031496062993
0
LINE
8
CYAN2
6
CONTINUOUS
10
10.4976181102362212
20
-0.9228031496062993
11
10.4904763779527563
21
-0.9204251968503937
0
LINE
8
CYAN2
6
CONTINUOUS
10
10.4904763779527563
20
-0.9204251968503937
11
10.4857125984251969
21
-0.9156614173228347
0
LINE
8
CYAN2
6
CONTINUOUS
10
10.4857125984251969
20
-0.9156614173228347
11
10.483330708661418
21
-0.9108976377952757
0
LINE
8
CYAN2
6
CONTINUOUS
10
10.483330708661418
20
-0.9108976377952757
11
10.4809527559055127
21
-0.9013740157480316
0
LINE
8
CYAN2
6
CONTINUOUS
10
10.4809527559055127
20
-0.9013740157480316
11
10.4809527559055127
21
-0.894232283464567
0
LINE
8
CYAN2
6
CONTINUOUS
10
10.4809527559055127
20
-0.894232283464567
11
10.483330708661418
21
-0.8847086614173229
0
LINE
8
CYAN2
6
CONTINUOUS
10
10.483330708661418
20
-0.8847086614173229
11
10.4857125984251969
21
-0.8799488188976379
0
LINE
8
CYAN2
6
CONTINUOUS
10
10.4857125984251969
20
-0.8799488188976379
11
10.4904763779527563
21
-0.8751850393700787
0
LINE
8
CYAN2
6
CONTINUOUS
10
10.4904763779527563
20
-0.8751850393700787
11
10.4976181102362212
21
-0.8728031496062992
0
LINE
8
CYAN2
6
CONTINUOUS
10
10.4976181102362212
20
-0.8728031496062992
11
10.5023779527559054
21
-0.8728031496062992
0
LINE
8
CYAN2
6
CONTINUOUS
10
10.5023779527559054
20
-0.8728031496062992
11
10.5095236220472437
21
-0.8751850393700787
0
LINE
8
CYAN2
6
CONTINUOUS
10
10.5095236220472437
20
-0.8751850393700787
11
10.5119015748031508
21
-0.8775669291338583
0
LINE
8
RED2
6
CONTINUOUS
10
10.5199999999999996
20
-1.3700000000000001
11
10.6799999999999997
21
-1.3700000000000001
0
LINE
8
RED2
6
CONTINUOUS
10
10.5199999999999996
20
-1.4300000000000002
11
10.6799999999999997
21
-1.4300000000000002
0
LINE
8
RED2
6
CONTINUOUS
10
10.5999999999999996
20
-1.3600000000000001
11
10.5999999999999996
21
-1.25
0
LINE
8
RED2
6
CONTINUOUS
10
10.5999999999999996
20
-1.4399999999999999
11
10.5999999999999996
21
-1.55
0
LINE
8
CYAN2
6
CONTINUOUS
10
10.7948503937007878
20
-1.3680393700787401
11
10.7924724409448825
21
-1.3704212598425198
0
LINE
8
CYAN2
6
CONTINUOUS
10
10.7924724409448825
20
-1.3704212598425198
11
10.7853267716535441
21
-1.3727992125984252
0
LINE
8
CYAN2
6
CONTINUOUS
10
10.7853267716535441
20
-1.3727992125984252
11
10.7805669291338582
21
-1.3727992125984252
0
LINE
8
CYAN2
6
CONTINUOUS
10
10.7805669291338582
20
-1.3727992125984252
11
10.7734251968503933
21
-1.3704212598425198
0
LINE
8
CYAN2
6
CONTINUOUS
10
10.7734251968503933
20
-1.3704212598425198
11
10.7686614173228357
21
-1.3656574803149606
0
LINE
8
CYAN2
6
CONTINUOUS
10
10.7686614173228357
20
-1.3656574803149606
11
10.766279527559055
21
-1.3608937007874016
0
LINE
8
CYAN2
6
CONTINUOUS
10
10.766279527559055
20
-1.3608937007874016
11
10.7639015748031497
21
-1.3513700787401575
0
LINE
8
CYAN2
6
CONTINUOUS
10
10.7639015748031497
20
-1.3513700787401575
11
10.7639015748031497
21
-1.3442283464566929
0
LINE
8
CYAN2
6
CONTINUOUS
10
10.7639015748031497
20
-1.3442283464566929
11
10.766279527559055
21
-1.3347047244094488
0
LINE
8
CYAN2
6
CONTINUOUS
10
10.766279527559055
20
-1.3347047244094488
11
10.7686614173228357
21
-1.3299448818897639
0
LINE
8
CYAN2
6
CONTINUOUS
10
10.7686614173228357
20
-1.3299448818897639
11
10.7734251968503933
21
-1.3251811023622049
0
LINE
8
CYAN2
6
CONTINUOUS
10
10.7734251968503933
20
-1.3251811023622049
11
10.7805669291338582
21
-1.3227992125984251
0
LINE
8
CYAN2
6
CONTINUOUS
10
10.7805669291338582
20
-1.3227992125984251
11
10.7853267716535441
21
-1.3227992125984251
0
LINE
8
CYAN2
6
CONTINUOUS
10
10.7853267716535441
20
-1.3227992125984251
11
10.7924724409448825
21
-1.3251811023622049
0
LINE
8
CYAN2
6
CONTINUOUS
10
10.7924724409448825
20
-1.3251811023622049
11
10.7948503937007878
21
-1.3275629921259844
0
LINE
8
CYAN2
6
CONTINUOUS
10
10.8424724409448832
20
-1.3727992125984252
11
10.8139015748031504
21
-1.3727992125984252
0
LINE
8
CYAN2
6
CONTINUOUS
10
10.82818503937008
20
-1.3727992125984252
11
10.82818503937008
21
-1.3227992125984251
0
LINE
8
CYAN2
6
CONTINUOUS
10
10.82818503937008
20
-1.3227992125984251
11
10.8234251968503941
21
-1.3299448818897639
0
LINE
8
CYAN2
6
CONTINUOUS
10
10.8234251968503941
20
-1.3299448818897639
11
10.8186614173228346
21
-1.3347047244094488
0
LINE
8
CYAN2
6
CONTINUOUS
10
10.8186614173228346
20
-1.3347047244094488
11
10.8139015748031504
21
-1.3370866141732285
0
LINE
8
CYAN2
6
CONTINUOUS
10
10.8734212598425195
20
-1.3227992125984251
11
10.878185039370079
21
-1.3227992125984251
0
LINE
8
CYAN2
6
CONTINUOUS
10
10.878185039370079
20
-1.3227992125984251
11
10.8829448818897649
21
-1.3251811023622049
0
LINE
8
CYAN2
6
CONTINUOUS
10
10.8829448818897649
20
-1.3251811023622049
11
10.8853267716535438
21
-1.3275629921259844
0
LINE
8
CYAN2
6
CONTINUOUS
10
10.8853267716535438
20
-1.3275629921259844
11
10.8877086614173226
21
-1.3323228346456693
0
LINE
8
CYAN2
6
CONTINUOUS
10
10.8877086614173226
20
-1.3323228346456693
11
10.8900905511811033
21
-1.3418464566929134
0
LINE
8
CYAN2
6
CONTINUOUS
10
10.8900905511811033
20
-1.3418464566929134
11
10.8900905511811033
21
-1.353751968503937
0
LINE
8
CYAN2
6
CONTINUOUS
10
10.8900905511811033
20
-1.353751968503937
11
10.8877086614173226
21
-1.3632755905511811
0
LINE
8
CYAN2
6
CONTINUOUS
10
10.8877086614173226
20
-1.3632755905511811
11
10.8853267716535438
21
-1.3680393700787401
0
LINE
8
CYAN2
6
CONTINUOUS
10
10.8853267716535438
20
-1.3680393700787401
11
10.8829448818897649
21
-1.3704212598425198
0
LINE
8
CYAN2
6
CONTINUOUS
10
10.8829448818897649
20
-1.3704212598425198
11
10.878185039370079
21
-1.3727992125984252
0
LINE
8
CYAN2
6
CONTINUOUS
10
10.878185039370079
20
-1.3727992125984252
11
10.8734212598425195
21
-1.3727992125984252
0
LINE
8
CYAN2
6
CONTINUOUS
10
10.8734212598425195
20
-1.3727992125984252
11
10.8686614173228353
21
-1.3704212598425198
0
LINE
8
CYAN2
6
CONTINUOUS
10
10.8686614173228353
20
-1.3704212598425198
11
10.8662795275590547
21
-1.3680393700787401
0
LINE
8
CYAN2
6
CONTINUOUS
10
10.8662795275590547
20
-1.3680393700787401
11
10.8638976377952758
21
-1.3632755905511811
0
LINE
8
CYAN2
6
CONTINUOUS
10
10.8638976377952758
20
-1.3632755905511811
11
10.8615196850393705
21
-1.353751968503937
0
LINE
8
CYAN2
6
CONTINUOUS
10
10.8615196850393705
20
-1.353751968503937
11
10.8615196850393705
21
-1.3418464566929134
0
LINE
8
CYAN2
6
CONTINUOUS
10
10.8615196850393705
20
-1.3418464566929134
11
10.8638976377952758
21
-1.3323228346456693
0
LINE
8
CYAN2
6
CONTINUOUS
10
10.8638976377952758
20
-1.3323228346456693
11
10.8662795275590547
21
-1.3275629921259844
0
LINE
8
CYAN2
6
CONTINUOUS
10
10.8662795275590547
20
-1.3275629921259844
11
10.8686614173228353
21
-1.3251811023622049
0
LINE
8
CYAN2
6
CONTINUOUS
10
10.8686614173228353
20
-1.3251811023622049
11
10.8734212598425195
21
-1.3227992125984251
0
LINE
8
CYAN2
6
CONTINUOUS
10
10.7758031496063005
20
-1.4227992125984252
11
10.7805669291338582
21
-1.4227992125984252
0
LINE
8
CYAN2
6
CONTINUOUS
10
10.7805669291338582
20
-1.4227992125984252
11
10.7853267716535441
21
-1.4251811023622047
0
LINE
8
CYAN2
6
CONTINUOUS
10
10.7853267716535441
20
-1.4251811023622047
11
10.787708661417323
21
-1.4275629921259843
0
LINE
8
CYAN2
6
CONTINUOUS
10
10.787708661417323
20
-1.4275629921259843
11
10.7900905511811036
21
-1.4323228346456693
0
LINE
8
CYAN2
6
CONTINUOUS
10
10.7900905511811036
20
-1.4323228346456693
11
10.7924724409448825
21
-1.4418464566929134
0
LINE
8
CYAN2
6
CONTINUOUS
10
10.7924724409448825
20
-1.4418464566929134
11
10.7924724409448825
21
-1.4537519685039371
0
LINE
8
CYAN2
6
CONTINUOUS
10
10.7924724409448825
20
-1.4537519685039371
11
10.7900905511811036
21
-1.4632755905511812
0
LINE
8
CYAN2
6
CONTINUOUS
10
10.7900905511811036
20
-1.4632755905511812
11
10.787708661417323
21
-1.4680393700787402
0
LINE
8
CYAN2
6
CONTINUOUS
10
10.787708661417323
20
-1.4680393700787402
11
10.7853267716535441
21
-1.4704212598425197
0
LINE
8
CYAN2
6
CONTINUOUS
10
10.7853267716535441
20
-1.4704212598425197
11
10.7805669291338582
21
-1.4727992125984253
0
LINE
8
CYAN2
6
CONTINUOUS
10
10.7805669291338582
20
-1.4727992125984253
11
10.7758031496063005
21
-1.4727992125984253
0
LINE
8
CYAN2
6
CONTINUOUS
10
10.7758031496063005
20
-1.4727992125984253
11
10.7710433070866145
21
-1.4704212598425197
0
LINE
8
CYAN2
6
CONTINUOUS
10
10.7710433070866145
20
-1.4704212598425197
11
10.7686614173228357
21
-1.4680393700787402
0
LINE
8
CYAN2
6
CONTINUOUS
10
10.7686614173228357
20
-1.4680393700787402
11
10.766279527559055
21
-1.4632755905511812
0
LINE
8
CYAN2
6
CONTINUOUS
10
10.766279527559055
20
-1.4632755905511812
11
10.7639015748031497
21
-1.4537519685039371
0
LINE
8
CYAN2
6
CONTINUOUS
10
10.7639015748031497
20
-1.4537519685039371
11
10.7639015748031497
21
-1.4418464566929134
0
LINE
8
CYAN2
6
CONTINUOUS
10
10.7639015748031497
20
-1.4418464566929134
11
10.766279527559055
21
-1.4323228346456693
0
LINE
8
CYAN2
6
CONTINUOUS
10
10.766279527559055
20
-1.4323228346456693
11
10.7686614173228357
21
-1.4275629921259843
0
LINE
8
CYAN2
6
CONTINUOUS
10
10.7686614173228357
20
-1.4275629921259843
11
10.7710433070866145
21
-1.4251811023622047
0
LINE
8
CYAN2
6
CONTINUOUS
10
10.7710433070866145
20
-1.4251811023622047
11
10.7758031496063005
21
-1.4227992125984252
0
LINE
8
CYAN2
6
CONTINUOUS
10
10.8138976377952751
20
-1.4680393700787402
11
10.8162795275590558
21
-1.4704212598425197
0
LINE
8
CYAN2
6
CONTINUOUS
10
10.8162795275590558
20
-1.4704212598425197
11
10.8138976377952751
21
-1.4727992125984253
0
LINE
8
CYAN2
6
CONTINUOUS
10
10.8138976377952751
20
-1.4727992125984253
11
10.8115196850393698
21
-1.4704212598425197
0
LINE
8
CYAN2
6
CONTINUOUS
10
10.8115196850393698
20
-1.4704212598425197
11
10.8138976377952751
21
-1.4680393700787402
0
LINE
8
CYAN2
6
CONTINUOUS
10
10.8138976377952751
20
-1.4680393700787402
11
10.8138976377952751
21
-1.4727992125984253
0
LINE
8
CYAN2
6
CONTINUOUS
10
10.8639015748031493
20
-1.4727992125984253
11
10.8353307086614183
21
-1.4727992125984253
0
LINE
8
CYAN2
6
CONTINUOUS
10
10.8496141732283462
20
-1.4727992125984253
11
10.8496141732283462
21
-1.4227992125984252
0
LINE
8
CYAN2
6
CONTINUOUS
10
10.8496141732283462
20
-1.4227992125984252
11
10.844854330708662
21
-1.4299448818897638
0
LINE
8
CYAN2
6
CONTINUOUS
10
10.844854330708662
20
-1.4299448818897638
11
10.8400905511811025
21
-1.4347047244094489
0
LINE
8
CYAN2
6
CONTINUOUS
10
10.8400905511811025
20
-1.4347047244094489
11
10.8353307086614183
21
-1.4370866141732284
0
LINE
8
CYAN2
6
CONTINUOUS
10
10.9067559055118117
20
-1.4394685039370079
11
10.9067559055118117
21
-1.4727992125984253
0
LINE
8
CYAN2
6
CONTINUOUS
10
10.8853267716535438
20
-1.4394685039370079
11
10.8853267716535438
21
-1.4656574803149607
0
LINE
8
CYAN2
6
CONTINUOUS
10
10.8853267716535438
20
-1.4656574803149607
11
10.8877086614173226
21
-1.4704212598425197
0
LINE
8
CYAN2
6
CONTINUOUS
10
10.8877086614173226
20
-1.4704212598425197
11
10.8924724409448821
21
-1.4727992125984253
0
LINE
8
CYAN2
6
CONTINUOUS
10
10.8924724409448821
20
-1.4727992125984253
11
10.8996141732283469
21
-1.4727992125984253
0
LINE
8
CYAN2
6
CONTINUOUS
10
10.8996141732283469
20
-1.4727992125984253
11
10.9043740157480311
21
-1.4704212598425197
0
LINE
8
CYAN2
6
CONTINUOUS
10
10.9043740157480311
20
-1.4704212598425197
11
10.9067559055118117
21
-1.4680393700787402
0
LINE
8
CYAN2
6
CONTINUOUS
10
10.947232283464567
20
-1.4466102362204725
11
10.930562992125985
21
-1.4466102362204725
0
LINE
8
CYAN2
6
CONTINUOUS
10
10.930562992125985
20
-1.4727992125984253
11
10.930562992125985
21
-1.4227992125984252
0
LINE
8
CYAN2
6
CONTINUOUS
10
10.930562992125985
20
-1.4227992125984252
11
10.9543740157480318
21
-1.4227992125984252
0
LINE
8
RED2
6
CONTINUOUS
10
10.2200000000000006
20
-1.3700000000000001
11
10.3800000000000008
21
-1.3700000000000001
0
LINE
8
RED2
6
CONTINUOUS
10
10.2200000000000006
20
-1.4300000000000002
11
10.3800000000000008
21
-1.4300000000000002
0
LINE
8
RED2
6
CONTINUOUS
10
10.3000000000000007
20
-1.3600000000000001
11
10.3000000000000007
21
-1.25
0
LINE
8
RED2
6
CONTINUOUS
10
10.3000000000000007
20
-1.4399999999999999
11
10.3000000000000007
21
-1.55
0
LINE
8
CYAN2
6
CONTINUOUS
10
10.3848503937007877
20
-1.3180433070866142
11
10.3824724409448823
21
-1.3204251968503937
0
LINE
8
CYAN2
6
CONTINUOUS
10
10.3824724409448823
20
-1.3204251968503937
11
10.375326771653544
21
-1.3228031496062993
0
LINE
8
CYAN2
6
CONTINUOUS
10
10.375326771653544
20
-1.3228031496062993
11
10.370566929133858
21
-1.3228031496062993
0
LINE
8
CYAN2
6
CONTINUOUS
10
10.370566929133858
20
-1.3228031496062993
11
10.3634251968503932
21
-1.3204251968503937
0
LINE
8
CYAN2
6
CONTINUOUS
10
10.3634251968503932
20
-1.3204251968503937
11
10.3586614173228355
21
-1.3156614173228347
0
LINE
8
CYAN2
6
CONTINUOUS
10
10.3586614173228355
20
-1.3156614173228347
11
10.3562795275590549
21
-1.3108976377952757
0
LINE
8
CYAN2
6
CONTINUOUS
10
10.3562795275590549
20
-1.3108976377952757
11
10.3539015748031495
21
-1.3013740157480316
0
LINE
8
CYAN2
6
CONTINUOUS
10
10.3539015748031495
20
-1.3013740157480316
11
10.3539015748031495
21
-1.294232283464567
0
LINE
8
CYAN2
6
CONTINUOUS
10
10.3539015748031495
20
-1.294232283464567
11
10.3562795275590549
21
-1.2847086614173229
0
LINE
8
CYAN2
6
CONTINUOUS
10
10.3562795275590549
20
-1.2847086614173229
11
10.3586614173228355
21
-1.2799488188976378
0
LINE
8
CYAN2
6
CONTINUOUS
10
10.3586614173228355
20
-1.2799488188976378
11
10.3634251968503932
21
-1.2751850393700788
0
LINE
8
CYAN2
6
CONTINUOUS
10
10.3634251968503932
20
-1.2751850393700788
11
10.370566929133858
21
-1.2728031496062993
0
LINE
8
CYAN2
6
CONTINUOUS
10
10.370566929133858
20
-1.2728031496062993
11
10.375326771653544
21
-1.2728031496062993
0
LINE
8
CYAN2
6
CONTINUOUS
10
10.375326771653544
20
-1.2728031496062993
11
10.3824724409448823
21
-1.2751850393700788
0
LINE
8
CYAN2
6
CONTINUOUS
10
10.3824724409448823
20
-1.2751850393700788
11
10.3848503937007877
21
-1.2775669291338583
0
LINE
8
CYAN2
6
CONTINUOUS
10
10.4086614173228345
20
-1.3228031496062993
11
10.4181850393700799
21
-1.3228031496062993
0
LINE
8
CYAN2
6
CONTINUOUS
10
10.4181850393700799
20
-1.3228031496062993
11
10.4229488188976376
21
-1.3204251968503937
0
LINE
8
CYAN2
6
CONTINUOUS
10
10.4229488188976376
20
-1.3204251968503937
11
10.4253267716535429
21
-1.3180433070866142
0
LINE
8
CYAN2
6
CONTINUOUS
10
10.4253267716535429
20
-1.3180433070866142
11
10.4300905511811024
21
-1.3108976377952757
0
LINE
8
CYAN2
6
CONTINUOUS
10
10.4300905511811024
20
-1.3108976377952757
11
10.432472440944883
21
-1.3013740157480316
0
LINE
8
CYAN2
6
CONTINUOUS
10
10.432472440944883
20
-1.3013740157480316
11
10.432472440944883
21
-1.2823267716535434
0
LINE
8
CYAN2
6
CONTINUOUS
10
10.432472440944883
20
-1.2823267716535434
11
10.4300905511811024
21
-1.2775669291338583
0
LINE
8
CYAN2
6
CONTINUOUS
10
10.4300905511811024
20
-1.2775669291338583
11
10.4277086614173236
21
-1.2751850393700788
0
LINE
8
CYAN2
6
CONTINUOUS
10
10.4277086614173236
20
-1.2751850393700788
11
10.4229488188976376
21
-1.2728031496062993
0
LINE
8
CYAN2
6
CONTINUOUS
10
10.4229488188976376
20
-1.2728031496062993
11
10.4134251968503939
21
-1.2728031496062993
0
LINE
8
CYAN2
6
CONTINUOUS
10
10.4134251968503939
20
-1.2728031496062993
11
10.4086614173228345
21
-1.2751850393700788
0
LINE
8
CYAN2
6
CONTINUOUS
10
10.4086614173228345
20
-1.2751850393700788
11
10.4062795275590556
21
-1.2775669291338583
0
LINE
8
CYAN2
6
CONTINUOUS
10
10.4062795275590556
20
-1.2775669291338583
11
10.4039015748031503
21
-1.2823267716535434
0
LINE
8
CYAN2
6
CONTINUOUS
10
10.4039015748031503
20
-1.2823267716535434
11
10.4039015748031503
21
-1.294232283464567
0
LINE
8
CYAN2
6
CONTINUOUS
10
10.4039015748031503
20
-1.294232283464567
11
10.4062795275590556
21
-1.298996062992126
0
LINE
8
CYAN2
6
CONTINUOUS
10
10.4062795275590556
20
-1.298996062992126
11
10.4086614173228345
21
-1.3013740157480316
0
LINE
8
CYAN2
6
CONTINUOUS
10
10.4086614173228345
20
-1.3013740157480316
11
10.4134251968503939
21
-1.3037559055118111
0
LINE
8
CYAN2
6
CONTINUOUS
10
10.4134251968503939
20
-1.3037559055118111
11
10.4229488188976376
21
-1.3037559055118111
0
LINE
8
CYAN2
6
CONTINUOUS
10
10.4229488188976376
20
-1.3037559055118111
11
10.4277086614173236
21
-1.3013740157480316
0
LINE
8
CYAN2
6
CONTINUOUS
10
10.4277086614173236
20
-1.3013740157480316
11
10.4300905511811024
21
-1.298996062992126
0
LINE
8
CYAN2
6
CONTINUOUS
10
10.4300905511811024
20
-1.298996062992126
11
10.432472440944883
21
-1.294232283464567
0
LINE
8
CYAN2
6
CONTINUOUS
10
10.3558031496062988
20
-1.5328031496062993
11
10.3605669291338582
21
-1.5328031496062993
0
LINE
8
CYAN2
6
CONTINUOUS
10
10.3605669291338582
20
-1.5328031496062993
11
10.3653267716535442
21
-1.5351850393700788
0
LINE
8
CYAN2
6
CONTINUOUS
10
10.3653267716535442
20
-1.5351850393700788
11
10.3677086614173231
21
-1.5375669291338583
0
LINE
8
CYAN2
6
CONTINUOUS
10
10.3677086614173231
20
-1.5375669291338583
11
10.3700905511811019
21
-1.5423267716535434
0
LINE
8
CYAN2
6
CONTINUOUS
10
10.3700905511811019
20
-1.5423267716535434
11
10.3724724409448825
21
-1.5518503937007875
0
LINE
8
CYAN2
6
CONTINUOUS
10
10.3724724409448825
20
-1.5518503937007875
11
10.3724724409448825
21
-1.5637559055118111
0
LINE
8
CYAN2
6
CONTINUOUS
10
10.3724724409448825
20
-1.5637559055118111
11
10.3700905511811019
21
-1.5732795275590552
0
LINE
8
CYAN2
6
CONTINUOUS
10
10.3700905511811019
20
-1.5732795275590552
11
10.3677086614173231
21
-1.5780433070866142
0
LINE
8
CYAN2
6
CONTINUOUS
10
10.3677086614173231
20
-1.5780433070866142
11
10.3653267716535442
21
-1.5804251968503937
0
LINE
8
CYAN2
6
CONTINUOUS
10
10.3653267716535442
20
-1.5804251968503937
11
10.3605669291338582
21
-1.5828031496062993
0
LINE
8
CYAN2
6
CONTINUOUS
10
10.3605669291338582
20
-1.5828031496062993
11
10.3558031496062988
21
-1.5828031496062993
0
LINE
8
CYAN2
6
CONTINUOUS
10
10.3558031496062988
20
-1.5828031496062993
11
10.3510433070866146
21
-1.5804251968503937
0
LINE
8
CYAN2
6
CONTINUOUS
10
10.3510433070866146
20
-1.5804251968503937
11
10.3486614173228357
21
-1.5780433070866142
0
LINE
8
CYAN2
6
CONTINUOUS
10
10.3486614173228357
20
-1.5780433070866142
11
10.3462795275590551
21
-1.5732795275590552
0
LINE
8
CYAN2
6
CONTINUOUS
10
10.3462795275590551
20
-1.5732795275590552
11
10.3439015748031498
21
-1.5637559055118111
0
LINE
8
CYAN2
6
CONTINUOUS
10
10.3439015748031498
20
-1.5637559055118111
11
10.3439015748031498
21
-1.5518503937007875
0
LINE
8
CYAN2
6
CONTINUOUS
10
10.3439015748031498
20
-1.5518503937007875
11
10.3462795275590551
21
-1.5423267716535434
0
LINE
8
CYAN2
6
CONTINUOUS
10
10.3462795275590551
20
-1.5423267716535434
11
10.3486614173228357
21
-1.5375669291338583
0
LINE
8
CYAN2
6
CONTINUOUS
10
10.3486614173228357
20
-1.5375669291338583
11
10.3510433070866146
21
-1.5351850393700788
0
LINE
8
CYAN2
6
CONTINUOUS
10
10.3510433070866146
20
-1.5351850393700788
11
10.3558031496062988
21
-1.5328031496062993
0
LINE
8
CYAN2
6
CONTINUOUS
10
10.3938976377952752
20
-1.5780433070866142
11
10.3962795275590558
21
-1.5804251968503937
0
LINE
8
CYAN2
6
CONTINUOUS
10
10.3962795275590558
20
-1.5804251968503937
11
10.3938976377952752
21
-1.5828031496062993
0
LINE
8
CYAN2
6
CONTINUOUS
10
10.3938976377952752
20
-1.5828031496062993
11
10.3915196850393698
21
-1.5804251968503937
0
LINE
8
CYAN2
6
CONTINUOUS
10
10.3915196850393698
20
-1.5804251968503937
11
10.3938976377952752
21
-1.5780433070866142
0
LINE
8
CYAN2
6
CONTINUOUS
10
10.3938976377952752
20
-1.5780433070866142
11
10.3938976377952752
21
-1.5828031496062993
0
LINE
8
CYAN2
6
CONTINUOUS
10
10.4439015748031494
20
-1.5828031496062993
11
10.4153307086614184
21
-1.5828031496062993
0
LINE
8
CYAN2
6
CONTINUOUS
10
10.4296141732283463
20
-1.5828031496062993
11
10.4296141732283463
21
-1.5328031496062993
0
LINE
8
CYAN2
6
CONTINUOUS
10
10.4296141732283463
20
-1.5328031496062993
11
10.4248543307086621
21
-1.5399488188976378
0
LINE
8
CYAN2
6
CONTINUOUS
10
10.4248543307086621
20
-1.5399488188976378
11
10.4200905511811026
21
-1.5447086614173229
0
LINE
8
CYAN2
6
CONTINUOUS
10
10.4200905511811026
20
-1.5447086614173229
11
10.4153307086614184
21
-1.5470905511811024
0
LINE
8
CYAN2
6
CONTINUOUS
10
10.4867559055118118
20
-1.5494724409448819
11
10.4867559055118118
21
-1.5828031496062993
0
LINE
8
CYAN2
6
CONTINUOUS
10
10.4653267716535439
20
-1.5494724409448819
11
10.4653267716535439
21
-1.5756614173228347
0
LINE
8
CYAN2
6
CONTINUOUS
10
10.4653267716535439
20
-1.5756614173228347
11
10.4677086614173227
21
-1.5804251968503937
0
LINE
8
CYAN2
6
CONTINUOUS
10
10.4677086614173227
20
-1.5804251968503937
11
10.4724724409448822
21
-1.5828031496062993
0
LINE
8
CYAN2
6
CONTINUOUS
10
10.4724724409448822
20
-1.5828031496062993
11
10.479614173228347
21
-1.5828031496062993
0
LINE
8
CYAN2
6
CONTINUOUS
10
10.479614173228347
20
-1.5828031496062993
11
10.4843740157480312
21
-1.5804251968503937
0
LINE
8
CYAN2
6
CONTINUOUS
10
10.4843740157480312
20
-1.5804251968503937
11
10.4867559055118118
21
-1.5780433070866142
0
LINE
8
CYAN2
6
CONTINUOUS
10
10.5272322834645671
20
-1.5566141732283465
11
10.5105629921259851
21
-1.5566141732283465
0
LINE
8
CYAN2
6
CONTINUOUS
10
10.5105629921259851
20
-1.5828031496062993
11
10.5105629921259851
21
-1.5328031496062993
0
LINE
8
CYAN2
6
CONTINUOUS
10
10.5105629921259851
20
-1.5328031496062993
11
10.5343740157480319
21
-1.5328031496062993
0
LINE
8
RED2
6
CONTINUOUS
10
5.4000000000000004
20
-3.1499999999999999
11
5.4000000000000004
21
-3.2000000000000002
0
LINE
8
RED2
6
CONTINUOUS
10
5.4000000000000004
20
-3.2000000000000002
11
5.4500000000000002
21
-3.2000000000000002
0
LINE
8
RED2
6
CONTINUOUS
10
5.4500000000000002
20
-3.2000000000000002
11
5.4000000000000004
21
-3.25
0
LINE
8
RED2
6
CONTINUOUS
10
5.4000000000000004
20
-3.25
11
5.3500000000000005
21
-3.2000000000000002
0
LINE
8
RED2
6
CONTINUOUS
10
5.3500000000000005
20
-3.2000000000000002
11
5.4000000000000004
21
-3.2000000000000002
0
LINE
8
CYAN2
6
CONTINUOUS
10
5.3619055118110239
20
-3.325185039370079
11
5.3571417322834645
21
-3.3228031496062993
0
LINE
8
CYAN2
6
CONTINUOUS
10
5.3571417322834645
20
-3.3228031496062993
11
5.3500000000000005
21
-3.3228031496062993
0
LINE
8
CYAN2
6
CONTINUOUS
10
5.3500000000000005
20
-3.3228031496062993
11
5.3428582677165357
21
-3.325185039370079
0
LINE
8
CYAN2
6
CONTINUOUS
10
5.3428582677165357
20
-3.325185039370079
11
5.3380944881889762
21
-3.3299488188976381
0
LINE
8
CYAN2
6
CONTINUOUS
10
5.3380944881889762
20
-3.3299488188976381
11
5.3357125984251974
21
-3.3347086614173231
0
LINE
8
CYAN2
6
CONTINUOUS
10
5.3357125984251974
20
-3.3347086614173231
11
5.3333346456692912
21
-3.3442322834645672
0
LINE
8
CYAN2
6
CONTINUOUS
10
5.3333346456692912
20
-3.3442322834645672
11
5.3333346456692912
21
-3.3513740157480316
0
LINE
8
CYAN2
6
CONTINUOUS
10
5.3333346456692912
20
-3.3513740157480316
11
5.3357125984251974
21
-3.3608976377952757
0
LINE
8
CYAN2
6
CONTINUOUS
10
5.3357125984251974
20
-3.3608976377952757
11
5.3380944881889762
21
-3.3656614173228347
0
LINE
8
CYAN2
6
CONTINUOUS
10
5.3380944881889762
20
-3.3656614173228347
11
5.3428582677165357
21
-3.3704251968503938
0
LINE
8
CYAN2
6
CONTINUOUS
10
5.3428582677165357
20
-3.3704251968503938
11
5.3500000000000005
21
-3.3728031496062991
0
LINE
8
CYAN2
6
CONTINUOUS
10
5.3500000000000005
20
-3.3728031496062991
11
5.3547598425196856
21
-3.3728031496062991
0
LINE
8
CYAN2
6
CONTINUOUS
10
5.3547598425196856
20
-3.3728031496062991
11
5.3619055118110239
21
-3.3704251968503938
0
LINE
8
CYAN2
6
CONTINUOUS
10
5.3619055118110239
20
-3.3704251968503938
11
5.3642834645669293
21
-3.3680433070866145
0
LINE
8
CYAN2
6
CONTINUOUS
10
5.3642834645669293
20
-3.3680433070866145
11
5.3642834645669293
21
-3.3513740157480316
0
LINE
8
CYAN2
6
CONTINUOUS
10
5.3642834645669293
20
-3.3513740157480316
11
5.3547598425196856
21
-3.3513740157480316
0
LINE
8
CYAN2
6
CONTINUOUS
10
5.3857125984251972
20
-3.3728031496062991
11
5.3857125984251972
21
-3.3228031496062993
0
LINE
8
CYAN2
6
CONTINUOUS
10
5.3857125984251972
20
-3.3228031496062993
11
5.4142834645669291
21
-3.3728031496062991
0
LINE
8
CYAN2
6
CONTINUOUS
10
5.4142834645669291
20
-3.3728031496062991
11
5.4142834645669291
21
-3.3228031496062993
0
LINE
8
CYAN2
6
CONTINUOUS
10
5.4380944881889768
20
-3.3728031496062991
11
5.4380944881889768
21
-3.3228031496062993
0
LINE
8
CYAN2
6
CONTINUOUS
10
5.4380944881889768
20
-3.3228031496062993
11
5.4500000000000002
21
-3.3228031496062993
0
LINE
8
CYAN2
6
CONTINUOUS
10
5.4500000000000002
20
-3.3228031496062993
11
5.457141732283465
21
-3.325185039370079
0
LINE
8
CYAN2
6
CONTINUOUS
10
5.457141732283465
20
-3.325185039370079
11
5.4619055118110236
21
-3.3299488188976381
0
LINE
8
CYAN2
6
CONTINUOUS
10
5.4619055118110236
20
-3.3299488188976381
11
5.4642874015748033
21
-3.3347086614173231
0
LINE
8
CYAN2
6
CONTINUOUS
10
5.4642874015748033
20
-3.3347086614173231
11
5.4666653543307087
21
-3.3442322834645672
0
LINE
8
CYAN2
6
CONTINUOUS
10
5.4666653543307087
20
-3.3442322834645672
11
5.4666653543307087
21
-3.3513740157480316
0
LINE
8
CYAN2
6
CONTINUOUS
10
5.4666653543307087
20
-3.3513740157480316
11
5.4642874015748033
21
-3.3608976377952757
0
LINE
8
CYAN2
6
CONTINUOUS
10
5.4642874015748033
20
-3.3608976377952757
11
5.4619055118110236
21
-3.3656614173228347
0
LINE
8
CYAN2
6
CONTINUOUS
10
5.4619055118110236
20
-3.3656614173228347
11
5.457141732283465
21
-3.3704251968503938
0
LINE
8
CYAN2
6
CONTINUOUS
10
5.457141732283465
20
-3.3704251968503938
11
5.4500000000000002
21
-3.3728031496062991
0
LINE
8
CYAN2
6
CONTINUOUS
10
5.4500000000000002
20
-3.3728031496062991
11
5.4380944881889768
21
-3.3728031496062991
0
ARC
8
LYELLOW
10
3.7993307086614174
20
-4.0499999999999998
40
0.1500014931622212
50
-89.74435124
51
89.74435124
0
LINE
8
LYELLOW
6
CONTINUOUS
10
3.8000000000000003
20
-3.9000000000000004
11
3.6500000000000004
21
-3.9000000000000004
0
LINE
8
LYELLOW
6
CONTINUOUS
10
3.6500000000000004
20
-3.9000000000000004
11
3.6500000000000004
21
-4.2000000000000002
0
LINE
8
LYELLOW
6
CONTINUOUS
10
3.6500000000000004
20
-4.2000000000000002
11
3.8000000000000003
21
-4.2000000000000002
0
LINE
8
LYELLOW
6
CONTINUOUS
10
3.8000000000000003
20
-4.2000000000000002
11
3.8000000000000003
21
-3.9000000000000004
0
ARC
8
RED2
10
3.7993307086614174
20
-4.0499999999999998
40
0.1500014931622212
50
-89.74435124
51
89.74435124
0
LINE
8
RED2
6
CONTINUOUS
10
3.8000000000000003
20
-3.9000000000000004
11
3.6500000000000004
21
-3.9000000000000004
0
LINE
8
RED2
6
CONTINUOUS
10
3.6500000000000004
20
-3.9000000000000004
11
3.6500000000000004
21
-4.2000000000000002
0
LINE
8
RED2
6
CONTINUOUS
10
3.6500000000000004
20
-4.2000000000000002
11
3.8000000000000003
21
-4.2000000000000002
0
LINE
8
RED2
6
CONTINUOUS
10
3.6500000000000004
20
-3.9500000000000002
11
3.5
21
-3.9500000000000002
0
LINE
8
RED3
6
CONTINUOUS
10
3.5892874015748033
20
-3.9398779527559058
11
3.560716535433071
21
-3.9398779527559058
0
LINE
8
RED3
6
CONTINUOUS
10
3.5750000000000002
20
-3.9398779527559058
11
3.5750000000000002
21
-3.8898779527559055
0
LINE
8
RED3
6
CONTINUOUS
10
3.5750000000000002
20
-3.8898779527559055
11
3.5702401574803151
21
-3.8970236220472443
0
LINE
8
RED3
6
CONTINUOUS
10
3.5702401574803151
20
-3.8970236220472443
11
3.5654763779527561
21
-3.9017834645669294
0
LINE
8
RED3
6
CONTINUOUS
10
3.5654763779527561
20
-3.9017834645669294
11
3.560716535433071
21
-3.9041653543307087
0
LINE
8
RED2
6
CONTINUOUS
10
3.6500000000000004
20
-4.1500000000000004
11
3.5
21
-4.1500000000000004
0
LINE
8
RED3
6
CONTINUOUS
10
3.560716535433071
20
-4.0946417322834643
11
3.5630944881889763
21
-4.0922598425196854
0
LINE
8
RED3
6
CONTINUOUS
10
3.5630944881889763
20
-4.0922598425196854
11
3.5678582677165354
21
-4.0898779527559057
0
LINE
8
RED3
6
CONTINUOUS
10
3.5678582677165354
20
-4.0898779527559057
11
3.5797637795275592
21
-4.0898779527559057
0
LINE
8
RED3
6
CONTINUOUS
10
3.5797637795275592
20
-4.0898779527559057
11
3.5845236220472443
21
-4.0922598425196854
0
LINE
8
RED3
6
CONTINUOUS
10
3.5845236220472443
20
-4.0922598425196854
11
3.5869055118110236
21
-4.0946417322834643
0
LINE
8
RED3
6
CONTINUOUS
10
3.5869055118110236
20
-4.0946417322834643
11
3.5892874015748033
21
-4.0994015748031494
0
LINE
8
RED3
6
CONTINUOUS
10
3.5892874015748033
20
-4.0994015748031494
11
3.5892874015748033
21
-4.1041653543307088
0
LINE
8
RED3
6
CONTINUOUS
10
3.5892874015748033
20
-4.1041653543307088
11
3.5869055118110236
21
-4.1113070866141737
0
LINE
8
RED3
6
CONTINUOUS
10
3.5869055118110236
20
-4.1113070866141737
11
3.5583346456692913
21
-4.1398779527559055
0
LINE
8
RED3
6
CONTINUOUS
10
3.5583346456692913
20
-4.1398779527559055
11
3.5892874015748033
21
-4.1398779527559055
0
LINE
8
RED2
6
CONTINUOUS
10
3.9500000000000002
20
-4.0499999999999998
11
4.1000000000000005
21
-4.0499999999999998
0
LINE
8
RED3
6
CONTINUOUS
10
4.0083346456692919
20
-3.9898779527559056
11
4.0392874015748035
21
-3.9898779527559056
0
LINE
8
RED3
6
CONTINUOUS
10
4.0392874015748035
20
-3.9898779527559056
11
4.0226181102362206
21
-4.0089251968503943
0
LINE
8
RED3
6
CONTINUOUS
10
4.0226181102362206
20
-4.0089251968503943
11
4.0297637795275589
21
-4.0089251968503943
0
LINE
8
RED3
6
CONTINUOUS
10
4.0297637795275589
20
-4.0089251968503943
11
4.034523622047244
21
-4.0113070866141731
0
LINE
8
RED3
6
CONTINUOUS
10
4.034523622047244
20
-4.0113070866141731
11
4.0369055118110238
21
-4.0136889763779529
0
LINE
8
RED3
6
CONTINUOUS
10
4.0369055118110238
20
-4.0136889763779529
11
4.0392874015748035
21
-4.0184488188976379
0
LINE
8
RED3
6
CONTINUOUS
10
4.0392874015748035
20
-4.0184488188976379
11
4.0392874015748035
21
-4.0303543307086613
0
LINE
8
RED3
6
CONTINUOUS
10
4.0392874015748035
20
-4.0303543307086613
11
4.0369055118110238
21
-4.0351181102362208
0
LINE
8
RED3
6
CONTINUOUS
10
4.0369055118110238
20
-4.0351181102362208
11
4.034523622047244
21
-4.0375000000000005
0
LINE
8
RED3
6
CONTINUOUS
10
4.034523622047244
20
-4.0375000000000005
11
4.0297637795275589
21
-4.0398779527559059
0
LINE
8
RED3
6
CONTINUOUS
10
4.0297637795275589
20
-4.0398779527559059
11
4.0154763779527558
21
-4.0398779527559059
0
LINE
8
RED3
6
CONTINUOUS
10
4.0154763779527558
20
-4.0398779527559059
11
4.0107165354330707
21
-4.0375000000000005
0
LINE
8
RED3
6
CONTINUOUS
10
4.0107165354330707
20
-4.0375000000000005
11
4.0083346456692919
21
-4.0351181102362208
0
LINE
8
CYAN2
6
CONTINUOUS
10
3.7401456692913388
20
-3.6728031496062994
11
3.7401456692913388
21
-3.7132795275590551
0
LINE
8
CYAN2
6
CONTINUOUS
10
3.7401456692913388
20
-3.7132795275590551
11
3.7425275590551181
21
-3.7180433070866141
0
LINE
8
CYAN2
6
CONTINUOUS
10
3.7425275590551181
20
-3.7180433070866141
11
3.7449094488188979
21
-3.7204251968503939
0
LINE
8
CYAN2
6
CONTINUOUS
10
3.7449094488188979
20
-3.7204251968503939
11
3.749669291338583
21
-3.7228031496062992
0
LINE
8
CYAN2
6
CONTINUOUS
10
3.749669291338583
20
-3.7228031496062992
11
3.7591929133858271
21
-3.7228031496062992
0
LINE
8
CYAN2
6
CONTINUOUS
10
3.7591929133858271
20
-3.7228031496062992
11
3.7639566929133861
21
-3.7204251968503939
0
LINE
8
CYAN2
6
CONTINUOUS
10
3.7639566929133861
20
-3.7204251968503939
11
3.7663385826771654
21
-3.7180433070866141
0
LINE
8
CYAN2
6
CONTINUOUS
10
3.7663385826771654
20
-3.7180433070866141
11
3.7687165354330712
21
-3.7132795275590551
0
LINE
8
CYAN2
6
CONTINUOUS
10
3.7687165354330712
20
-3.7132795275590551
11
3.7687165354330712
21
-3.6728031496062994
0
LINE
8
CYAN2
6
CONTINUOUS
10
3.8187204724409449
20
-3.7228031496062992
11
3.7901496062992126
21
-3.7228031496062992
0
LINE
8
CYAN2
6
CONTINUOUS
10
3.8044330708661418
20
-3.7228031496062992
11
3.8044330708661418
21
-3.6728031496062994
0
LINE
8
CYAN2
6
CONTINUOUS
10
3.8044330708661418
20
-3.6728031496062994
11
3.7996732283464567
21
-3.6799488188976381
0
LINE
8
CYAN2
6
CONTINUOUS
10
3.7996732283464567
20
-3.6799488188976381
11
3.7949094488188977
21
-3.6847086614173228
0
LINE
8
CYAN2
6
CONTINUOUS
10
3.7949094488188977
20
-3.6847086614173228
11
3.7901496062992126
21
-3.6870905511811025
0
LINE
8
CYAN2
6
CONTINUOUS
10
3.8377677165354331
20
-3.70851968503937
11
3.8615748031496064
21
-3.70851968503937
0
LINE
8
CYAN2
6
CONTINUOUS
10
3.8330039370078741
20
-3.7228031496062992
11
3.849669291338583
21
-3.6728031496062994
0
LINE
8
CYAN2
6
CONTINUOUS
10
3.849669291338583
20
-3.6728031496062994
11
3.8663385826771655
21
-3.7228031496062992
0
LINE
8
CYAN2
6
CONTINUOUS
10
3.6675314960629923
20
-3.7728031496062995
11
3.7008622047244097
21
-3.7728031496062995
0
LINE
8
CYAN2
6
CONTINUOUS
10
3.7008622047244097
20
-3.7728031496062995
11
3.6794370078740157
21
-3.8228031496062993
0
LINE
8
CYAN2
6
CONTINUOUS
10
3.7413385826771655
20
-3.7894724409448819
11
3.7413385826771655
21
-3.8228031496062993
0
LINE
8
CYAN2
6
CONTINUOUS
10
3.7294330708661421
20
-3.7704251968503937
11
3.7175314960629922
21
-3.8061377952755908
0
LINE
8
CYAN2
6
CONTINUOUS
10
3.7175314960629922
20
-3.8061377952755908
11
3.7484803149606303
21
-3.8061377952755908
0
LINE
8
CYAN2
6
CONTINUOUS
10
3.7913385826771653
20
-3.8228031496062993
11
3.767527559055118
21
-3.8228031496062993
0
LINE
8
CYAN2
6
CONTINUOUS
10
3.767527559055118
20
-3.8228031496062993
11
3.767527559055118
21
-3.7728031496062995
0
LINE
8
CYAN2
6
CONTINUOUS
10
3.8056259842519689
20
-3.8204251968503939
11
3.8127677165354332
21
-3.8228031496062993
0
LINE
8
CYAN2
6
CONTINUOUS
10
3.8127677165354332
20
-3.8228031496062993
11
3.8246732283464566
21
-3.8228031496062993
0
LINE
8
CYAN2
6
CONTINUOUS
10
3.8246732283464566
20
-3.8228031496062993
11
3.8294330708661417
21
-3.8204251968503939
0
LINE
8
CYAN2
6
CONTINUOUS
10
3.8294330708661417
20
-3.8204251968503939
11
3.8318149606299214
21
-3.8180433070866142
0
LINE
8
CYAN2
6
CONTINUOUS
10
3.8318149606299214
20
-3.8180433070866142
11
3.8341968503937007
21
-3.8132795275590552
0
LINE
8
CYAN2
6
CONTINUOUS
10
3.8341968503937007
20
-3.8132795275590552
11
3.8341968503937007
21
-3.8085196850393701
0
LINE
8
CYAN2
6
CONTINUOUS
10
3.8341968503937007
20
-3.8085196850393701
11
3.8318149606299214
21
-3.8037559055118111
0
LINE
8
CYAN2
6
CONTINUOUS
10
3.8318149606299214
20
-3.8037559055118111
11
3.8294330708661417
21
-3.8013740157480318
0
LINE
8
CYAN2
6
CONTINUOUS
10
3.8294330708661417
20
-3.8013740157480318
11
3.8246732283464566
21
-3.798996062992126
0
LINE
8
CYAN2
6
CONTINUOUS
10
3.8246732283464566
20
-3.798996062992126
11
3.815149606299213
21
-3.7966141732283467
0
LINE
8
CYAN2
6
CONTINUOUS
10
3.815149606299213
20
-3.7966141732283467
11
3.8103858267716535
21
-3.794232283464567
0
LINE
8
CYAN2
6
CONTINUOUS
10
3.8103858267716535
20
-3.794232283464567
11
3.8080039370078742
21
-3.7918503937007877
0
LINE
8
CYAN2
6
CONTINUOUS
10
3.8080039370078742
20
-3.7918503937007877
11
3.8056259842519689
21
-3.7870905511811026
0
LINE
8
CYAN2
6
CONTINUOUS
10
3.8056259842519689
20
-3.7870905511811026
11
3.8056259842519689
21
-3.7823267716535436
0
LINE
8
CYAN2
6
CONTINUOUS
10
3.8056259842519689
20
-3.7823267716535436
11
3.8080039370078742
21
-3.7775669291338585
0
LINE
8
CYAN2
6
CONTINUOUS
10
3.8080039370078742
20
-3.7775669291338585
11
3.8103858267716535
21
-3.7751850393700788
0
LINE
8
CYAN2
6
CONTINUOUS
10
3.8103858267716535
20
-3.7751850393700788
11
3.815149606299213
21
-3.7728031496062995
0
LINE
8
CYAN2
6
CONTINUOUS
10
3.815149606299213
20
-3.7728031496062995
11
3.8270511811023624
21
-3.7728031496062995
0
LINE
8
CYAN2
6
CONTINUOUS
10
3.8270511811023624
20
-3.7728031496062995
11
3.8341968503937007
21
-3.7751850393700788
0
LINE
8
CYAN2
6
CONTINUOUS
10
3.8651456692913388
20
-3.7728031496062995
11
3.8699094488188979
21
-3.7728031496062995
0
LINE
8
CYAN2
6
CONTINUOUS
10
3.8699094488188979
20
-3.7728031496062995
11
3.874669291338583
21
-3.7751850393700788
0
LINE
8
CYAN2
6
CONTINUOUS
10
3.874669291338583
20
-3.7751850393700788
11
3.8770511811023622
21
-3.7775669291338585
0
LINE
8
CYAN2
6
CONTINUOUS
10
3.8770511811023622
20
-3.7775669291338585
11
3.879433070866142
21
-3.7823267716535436
0
LINE
8
CYAN2
6
CONTINUOUS
10
3.879433070866142
20
-3.7823267716535436
11
3.8818149606299213
21
-3.7918503937007877
0
LINE
8
CYAN2
6
CONTINUOUS
10
3.8818149606299213
20
-3.7918503937007877
11
3.8818149606299213
21
-3.8037559055118111
0
LINE
8
CYAN2
6
CONTINUOUS
10
3.8818149606299213
20
-3.8037559055118111
11
3.879433070866142
21
-3.8132795275590552
0
LINE
8
CYAN2
6
CONTINUOUS
10
3.879433070866142
20
-3.8132795275590552
11
3.8770511811023622
21
-3.8180433070866142
0
LINE
8
CYAN2
6
CONTINUOUS
10
3.8770511811023622
20
-3.8180433070866142
11
3.874669291338583
21
-3.8204251968503939
0
LINE
8
CYAN2
6
CONTINUOUS
10
3.874669291338583
20
-3.8204251968503939
11
3.8699094488188979
21
-3.8228031496062993
0
LINE
8
CYAN2
6
CONTINUOUS
10
3.8699094488188979
20
-3.8228031496062993
11
3.8651456692913388
21
-3.8228031496062993
0
LINE
8
CYAN2
6
CONTINUOUS
10
3.8651456692913388
20
-3.8228031496062993
11
3.8603858267716538
21
-3.8204251968503939
0
LINE
8
CYAN2
6
CONTINUOUS
10
3.8603858267716538
20
-3.8204251968503939
11
3.858003937007874
21
-3.8180433070866142
0
LINE
8
CYAN2
6
CONTINUOUS
10
3.858003937007874
20
-3.8180433070866142
11
3.8556220472440947
21
-3.8132795275590552
0
LINE
8
CYAN2
6
CONTINUOUS
10
3.8556220472440947
20
-3.8132795275590552
11
3.8532440944881889
21
-3.8037559055118111
0
LINE
8
CYAN2
6
CONTINUOUS
10
3.8532440944881889
20
-3.8037559055118111
11
3.8532440944881889
21
-3.7918503937007877
0
LINE
8
CYAN2
6
CONTINUOUS
10
3.8532440944881889
20
-3.7918503937007877
11
3.8556220472440947
21
-3.7823267716535436
0
LINE
8
CYAN2
6
CONTINUOUS
10
3.8556220472440947
20
-3.7823267716535436
11
3.858003937007874
21
-3.7775669291338585
0
LINE
8
CYAN2
6
CONTINUOUS
10
3.858003937007874
20
-3.7775669291338585
11
3.8603858267716538
21
-3.7751850393700788
0
LINE
8
CYAN2
6
CONTINUOUS
10
3.8603858267716538
20
-3.7751850393700788
11
3.8651456692913388
21
-3.7728031496062995
0
LINE
8
CYAN2
6
CONTINUOUS
10
3.9103858267716536
20
-3.794232283464567
11
3.9056220472440946
21
-3.7918503937007877
0
LINE
8
CYAN2
6
CONTINUOUS
10
3.9056220472440946
20
-3.7918503937007877
11
3.9032401574803153
21
-3.7894724409448819
0
LINE
8
CYAN2
6
CONTINUOUS
10
3.9032401574803153
20
-3.7894724409448819
11
3.9008622047244095
21
-3.7847086614173229
0
LINE
8
CYAN2
6
CONTINUOUS
10
3.9008622047244095
20
-3.7847086614173229
11
3.9008622047244095
21
-3.7823267716535436
0
LINE
8
CYAN2
6
CONTINUOUS
10
3.9008622047244095
20
-3.7823267716535436
11
3.9032401574803153
21
-3.7775669291338585
0
LINE
8
CYAN2
6
CONTINUOUS
10
3.9032401574803153
20
-3.7775669291338585
11
3.9056220472440946
21
-3.7751850393700788
0
LINE
8
CYAN2
6
CONTINUOUS
10
3.9056220472440946
20
-3.7751850393700788
11
3.9103858267716536
21
-3.7728031496062995
0
LINE
8
CYAN2
6
CONTINUOUS
10
3.9103858267716536
20
-3.7728031496062995
11
3.9199094488188977
21
-3.7728031496062995
0
LINE
8
CYAN2
6
CONTINUOUS
10
3.9199094488188977
20
-3.7728031496062995
11
3.9246692913385828
21
-3.7751850393700788
0
LINE
8
CYAN2
6
CONTINUOUS
10
3.9246692913385828
20
-3.7751850393700788
11
3.9270511811023625
21
-3.7775669291338585
0
LINE
8
CYAN2
6
CONTINUOUS
10
3.9270511811023625
20
-3.7775669291338585
11
3.9294330708661418
21
-3.7823267716535436
0
LINE
8
CYAN2
6
CONTINUOUS
10
3.9294330708661418
20
-3.7823267716535436
11
3.9294330708661418
21
-3.7847086614173229
0
LINE
8
CYAN2
6
CONTINUOUS
10
3.9294330708661418
20
-3.7847086614173229
11
3.9270511811023625
21
-3.7894724409448819
0
LINE
8
CYAN2
6
CONTINUOUS
10
3.9270511811023625
20
-3.7894724409448819
11
3.9246692913385828
21
-3.7918503937007877
0
LINE
8
CYAN2
6
CONTINUOUS
10
3.9246692913385828
20
-3.7918503937007877
11
3.9199094488188977
21
-3.794232283464567
0
LINE
8
CYAN2
6
CONTINUOUS
10
3.9199094488188977
20
-3.794232283464567
11
3.9103858267716536
21
-3.794232283464567
0
LINE
8
CYAN2
6
CONTINUOUS
10
3.9103858267716536
20
-3.794232283464567
11
3.9056220472440946
21
-3.7966141732283467
0
LINE
8
CYAN2
6
CONTINUOUS
10
3.9056220472440946
20
-3.7966141732283467
11
3.9032401574803153
21
-3.798996062992126
0
LINE
8
CYAN2
6
CONTINUOUS
10
3.9032401574803153
20
-3.798996062992126
11
3.9008622047244095
21
-3.8037559055118111
0
LINE
8
CYAN2
6
CONTINUOUS
10
3.9008622047244095
20
-3.8037559055118111
11
3.9008622047244095
21
-3.8132795275590552
0
LINE
8
CYAN2
6
CONTINUOUS
10
3.9008622047244095
20
-3.8132795275590552
11
3.9032401574803153
21
-3.8180433070866142
0
LINE
8
CYAN2
6
CONTINUOUS
10
3.9032401574803153
20
-3.8180433070866142
11
3.9056220472440946
21
-3.8204251968503939
0
LINE
8
CYAN2
6
CONTINUOUS
10
3.9056220472440946
20
-3.8204251968503939
11
3.9103858267716536
21
-3.8228031496062993
0
LINE
8
CYAN2
6
CONTINUOUS
10
3.9103858267716536
20
-3.8228031496062993
11
3.9199094488188977
21
-3.8228031496062993
0
LINE
8
CYAN2
6
CONTINUOUS
10
3.9199094488188977
20
-3.8228031496062993
11
3.9246692913385828
21
-3.8204251968503939
0
LINE
8
CYAN2
6
CONTINUOUS
10
3.9246692913385828
20
-3.8204251968503939
11
3.9270511811023625
21
-3.8180433070866142
0
LINE
8
CYAN2
6
CONTINUOUS
10
3.9270511811023625
20
-3.8180433070866142
11
3.9294330708661418
21
-3.8132795275590552
0
LINE
8
CYAN2
6
CONTINUOUS
10
3.9294330708661418
20
-3.8132795275590552
11
3.9294330708661418
21
-3.8037559055118111
0
LINE
8
CYAN2
6
CONTINUOUS
10
3.9294330708661418
20
-3.8037559055118111
11
3.9270511811023625
21
-3.798996062992126
0
LINE
8
CYAN2
6
CONTINUOUS
10
3.9270511811023625
20
-3.798996062992126
11
3.9246692913385828
21
-3.7966141732283467
0
LINE
8
CYAN2
6
CONTINUOUS
10
3.9246692913385828
20
-3.7966141732283467
11
3.9199094488188977
21
-3.794232283464567
0
LINE
8
RED2
6
CONTINUOUS
10
4.8200000000000003
20
-2.7200000000000002
11
4.9800000000000004
21
-2.7200000000000002
0
LINE
8
RED2
6
CONTINUOUS
10
4.8200000000000003
20
-2.7800000000000002
11
4.9800000000000004
21
-2.7800000000000002
0
LINE
8
RED2
6
CONTINUOUS
10
4.9000000000000004
20
-2.71
11
4.9000000000000004
21
-2.6000000000000001
0
LINE
8
RED2
6
CONTINUOUS
10
4.9000000000000004
20
-2.79
11
4.9000000000000004
21
-2.8999999999999999
0
LINE
8
CYAN2
6
CONTINUOUS
10
5.0948503937007876
20
-2.7180393700787402
11
5.0924724409448823
21
-2.7204212598425199
0
LINE
8
CYAN2
6
CONTINUOUS
10
5.0924724409448823
20
-2.7204212598425199
11
5.0853267716535431
21
-2.7227992125984253
0
LINE
8
CYAN2
6
CONTINUOUS
10
5.0853267716535431
20
-2.7227992125984253
11
5.0805669291338589
21
-2.7227992125984253
0
LINE
8
CYAN2
6
CONTINUOUS
10
5.0805669291338589
20
-2.7227992125984253
11
5.0734251968503941
21
-2.7204212598425199
0
LINE
8
CYAN2
6
CONTINUOUS
10
5.0734251968503941
20
-2.7204212598425199
11
5.0686614173228346
21
-2.7156574803149609
0
LINE
8
CYAN2
6
CONTINUOUS
10
5.0686614173228346
20
-2.7156574803149609
11
5.0662795275590558
21
-2.7108937007874019
0
LINE
8
CYAN2
6
CONTINUOUS
10
5.0662795275590558
20
-2.7108937007874019
11
5.0639015748031495
21
-2.7013700787401578
0
LINE
8
CYAN2
6
CONTINUOUS
10
5.0639015748031495
20
-2.7013700787401578
11
5.0639015748031495
21
-2.694228346456693
0
LINE
8
CYAN2
6
CONTINUOUS
10
5.0639015748031495
20
-2.694228346456693
11
5.0662795275590558
21
-2.6847047244094489
0
LINE
8
CYAN2
6
CONTINUOUS
10
5.0662795275590558
20
-2.6847047244094489
11
5.0686614173228346
21
-2.6799448818897638
0
LINE
8
CYAN2
6
CONTINUOUS
10
5.0686614173228346
20
-2.6799448818897638
11
5.0734251968503941
21
-2.6751811023622047
0
LINE
8
CYAN2
6
CONTINUOUS
10
5.0734251968503941
20
-2.6751811023622047
11
5.0805669291338589
21
-2.6727992125984255
0
LINE
8
CYAN2
6
CONTINUOUS
10
5.0805669291338589
20
-2.6727992125984255
11
5.0853267716535431
21
-2.6727992125984255
0
LINE
8
CYAN2
6
CONTINUOUS
10
5.0853267716535431
20
-2.6727992125984255
11
5.0924724409448823
21
-2.6751811023622047
0
LINE
8
CYAN2
6
CONTINUOUS
10
5.0924724409448823
20
-2.6751811023622047
11
5.0948503937007876
21
-2.6775629921259845
0
LINE
8
CYAN2
6
CONTINUOUS
10
5.1377086614173226
20
-2.6727992125984255
11
5.128185039370079
21
-2.6727992125984255
0
LINE
8
CYAN2
6
CONTINUOUS
10
5.128185039370079
20
-2.6727992125984255
11
5.1234251968503939
21
-2.6751811023622047
0
LINE
8
CYAN2
6
CONTINUOUS
10
5.1234251968503939
20
-2.6751811023622047
11
5.1210433070866141
21
-2.6775629921259845
0
LINE
8
CYAN2
6
CONTINUOUS
10
5.1210433070866141
20
-2.6775629921259845
11
5.1162795275590556
21
-2.6847047244094489
0
LINE
8
CYAN2
6
CONTINUOUS
10
5.1162795275590556
20
-2.6847047244094489
11
5.1139015748031502
21
-2.694228346456693
0
LINE
8
CYAN2
6
CONTINUOUS
10
5.1139015748031502
20
-2.694228346456693
11
5.1139015748031502
21
-2.7132755905511812
0
LINE
8
CYAN2
6
CONTINUOUS
10
5.1139015748031502
20
-2.7132755905511812
11
5.1162795275590556
21
-2.7180393700787402
0
LINE
8
CYAN2
6
CONTINUOUS
10
5.1162795275590556
20
-2.7180393700787402
11
5.1186614173228344
21
-2.7204212598425199
0
LINE
8
CYAN2
6
CONTINUOUS
10
5.1186614173228344
20
-2.7204212598425199
11
5.1234251968503939
21
-2.7227992125984253
0
LINE
8
CYAN2
6
CONTINUOUS
10
5.1234251968503939
20
-2.7227992125984253
11
5.1329488188976384
21
-2.7227992125984253
0
LINE
8
CYAN2
6
CONTINUOUS
10
5.1329488188976384
20
-2.7227992125984253
11
5.1377086614173226
21
-2.7204212598425199
0
LINE
8
CYAN2
6
CONTINUOUS
10
5.1377086614173226
20
-2.7204212598425199
11
5.1400905511811024
21
-2.7180393700787402
0
LINE
8
CYAN2
6
CONTINUOUS
10
5.1400905511811024
20
-2.7180393700787402
11
5.1424724409448821
21
-2.7132755905511812
0
LINE
8
CYAN2
6
CONTINUOUS
10
5.1424724409448821
20
-2.7132755905511812
11
5.1424724409448821
21
-2.7013700787401578
0
LINE
8
CYAN2
6
CONTINUOUS
10
5.1424724409448821
20
-2.7013700787401578
11
5.1400905511811024
21
-2.6966102362204727
0
LINE
8
CYAN2
6
CONTINUOUS
10
5.1400905511811024
20
-2.6966102362204727
11
5.1377086614173226
21
-2.694228346456693
0
LINE
8
CYAN2
6
CONTINUOUS
10
5.1377086614173226
20
-2.694228346456693
11
5.1329488188976384
21
-2.6918464566929137
0
LINE
8
CYAN2
6
CONTINUOUS
10
5.1329488188976384
20
-2.6918464566929137
11
5.1234251968503939
21
-2.6918464566929137
0
LINE
8
CYAN2
6
CONTINUOUS
10
5.1234251968503939
20
-2.6918464566929137
11
5.1186614173228344
21
-2.694228346456693
0
LINE
8
CYAN2
6
CONTINUOUS
10
5.1186614173228344
20
-2.694228346456693
11
5.1162795275590556
21
-2.6966102362204727
0
LINE
8
CYAN2
6
CONTINUOUS
10
5.1162795275590556
20
-2.6966102362204727
11
5.1139015748031502
21
-2.7013700787401578
0
LINE
8
CYAN2
6
CONTINUOUS
10
5.0758031496062994
20
-2.7727992125984251
11
5.0805669291338589
21
-2.7727992125984251
0
LINE
8
CYAN2
6
CONTINUOUS
10
5.0805669291338589
20
-2.7727992125984251
11
5.0853267716535431
21
-2.7751811023622048
0
LINE
8
CYAN2
6
CONTINUOUS
10
5.0853267716535431
20
-2.7751811023622048
11
5.0877086614173228
21
-2.7775629921259846
0
LINE
8
CYAN2
6
CONTINUOUS
10
5.0877086614173228
20
-2.7775629921259846
11
5.0900905511811025
21
-2.7823228346456692
0
LINE
8
CYAN2
6
CONTINUOUS
10
5.0900905511811025
20
-2.7823228346456692
11
5.0924724409448823
21
-2.7918464566929133
0
LINE
8
CYAN2
6
CONTINUOUS
10
5.0924724409448823
20
-2.7918464566929133
11
5.0924724409448823
21
-2.8037519685039372
0
LINE
8
CYAN2
6
CONTINUOUS
10
5.0924724409448823
20
-2.8037519685039372
11
5.0900905511811025
21
-2.8132755905511813
0
LINE
8
CYAN2
6
CONTINUOUS
10
5.0900905511811025
20
-2.8132755905511813
11
5.0877086614173228
21
-2.8180393700787403
0
LINE
8
CYAN2
6
CONTINUOUS
10
5.0877086614173228
20
-2.8180393700787403
11
5.0853267716535431
21
-2.82042125984252
0
LINE
8
CYAN2
6
CONTINUOUS
10
5.0853267716535431
20
-2.82042125984252
11
5.0805669291338589
21
-2.8227992125984254
0
LINE
8
CYAN2
6
CONTINUOUS
10
5.0805669291338589
20
-2.8227992125984254
11
5.0758031496062994
21
-2.8227992125984254
0
LINE
8
CYAN2
6
CONTINUOUS
10
5.0758031496062994
20
-2.8227992125984254
11
5.0710433070866143
21
-2.82042125984252
0
LINE
8
CYAN2
6
CONTINUOUS
10
5.0710433070866143
20
-2.82042125984252
11
5.0686614173228346
21
-2.8180393700787403
0
LINE
8
CYAN2
6
CONTINUOUS
10
5.0686614173228346
20
-2.8180393700787403
11
5.0662795275590558
21
-2.8132755905511813
0
LINE
8
CYAN2
6
CONTINUOUS
10
5.0662795275590558
20
-2.8132755905511813
11
5.0639015748031495
21
-2.8037519685039372
0
LINE
8
CYAN2
6
CONTINUOUS
10
5.0639015748031495
20
-2.8037519685039372
11
5.0639015748031495
21
-2.7918464566929133
0
LINE
8
CYAN2
6
CONTINUOUS
10
5.0639015748031495
20
-2.7918464566929133
11
5.0662795275590558
21
-2.7823228346456692
0
LINE
8
CYAN2
6
CONTINUOUS
10
5.0662795275590558
20
-2.7823228346456692
11
5.0686614173228346
21
-2.7775629921259846
0
LINE
8
CYAN2
6
CONTINUOUS
10
5.0686614173228346
20
-2.7775629921259846
11
5.0710433070866143
21
-2.7751811023622048
0
LINE
8
CYAN2
6
CONTINUOUS
10
5.0710433070866143
20
-2.7751811023622048
11
5.0758031496062994
21
-2.7727992125984251
0
LINE
8
CYAN2
6
CONTINUOUS
10
5.1138976377952758
20
-2.8180393700787403
11
5.1162795275590556
21
-2.82042125984252
0
LINE
8
CYAN2
6
CONTINUOUS
10
5.1162795275590556
20
-2.82042125984252
11
5.1138976377952758
21
-2.8227992125984254
0
LINE
8
CYAN2
6
CONTINUOUS
10
5.1138976377952758
20
-2.8227992125984254
11
5.1115196850393705
21
-2.82042125984252
0
LINE
8
CYAN2
6
CONTINUOUS
10
5.1115196850393705
20
-2.82042125984252
11
5.1138976377952758
21
-2.8180393700787403
0
LINE
8
CYAN2
6
CONTINUOUS
10
5.1138976377952758
20
-2.8180393700787403
11
5.1138976377952758
21
-2.8227992125984254
0
LINE
8
CYAN2
6
CONTINUOUS
10
5.1472322834645672
20
-2.7727992125984251
11
5.1519960629921258
21
-2.7727992125984251
0
LINE
8
CYAN2
6
CONTINUOUS
10
5.1519960629921258
20
-2.7727992125984251
11
5.1567559055118108
21
-2.7751811023622048
0
LINE
8
CYAN2
6
CONTINUOUS
10
5.1567559055118108
20
-2.7751811023622048
11
5.1591377952755906
21
-2.7775629921259846
0
LINE
8
CYAN2
6
CONTINUOUS
10
5.1591377952755906
20
-2.7775629921259846
11
5.1615196850393703
21
-2.7823228346456692
0
LINE
8
CYAN2
6
CONTINUOUS
10
5.1615196850393703
20
-2.7823228346456692
11
5.16390157480315
21
-2.7918464566929133
0
LINE
8
CYAN2
6
CONTINUOUS
10
5.16390157480315
20
-2.7918464566929133
11
5.16390157480315
21
-2.8037519685039372
0
LINE
8
CYAN2
6
CONTINUOUS
10
5.16390157480315
20
-2.8037519685039372
11
5.1615196850393703
21
-2.8132755905511813
0
LINE
8
CYAN2
6
CONTINUOUS
10
5.1615196850393703
20
-2.8132755905511813
11
5.1591377952755906
21
-2.8180393700787403
0
LINE
8
CYAN2
6
CONTINUOUS
10
5.1591377952755906
20
-2.8180393700787403
11
5.1567559055118108
21
-2.82042125984252
0
LINE
8
CYAN2
6
CONTINUOUS
10
5.1567559055118108
20
-2.82042125984252
11
5.1519960629921258
21
-2.8227992125984254
0
LINE
8
CYAN2
6
CONTINUOUS
10
5.1519960629921258
20
-2.8227992125984254
11
5.1472322834645672
21
-2.8227992125984254
0
LINE
8
CYAN2
6
CONTINUOUS
10
5.1472322834645672
20
-2.8227992125984254
11
5.1424724409448821
21
-2.82042125984252
0
LINE
8
CYAN2
6
CONTINUOUS
10
5.1424724409448821
20
-2.82042125984252
11
5.1400905511811024
21
-2.8180393700787403
0
LINE
8
CYAN2
6
CONTINUOUS
10
5.1400905511811024
20
-2.8180393700787403
11
5.1377086614173226
21
-2.8132755905511813
0
LINE
8
CYAN2
6
CONTINUOUS
10
5.1377086614173226
20
-2.8132755905511813
11
5.1353307086614173
21
-2.8037519685039372
0
LINE
8
CYAN2
6
CONTINUOUS
10
5.1353307086614173
20
-2.8037519685039372
11
5.1353307086614173
21
-2.7918464566929133
0
LINE
8
CYAN2
6
CONTINUOUS
10
5.1353307086614173
20
-2.7918464566929133
11
5.1377086614173226
21
-2.7823228346456692
0
LINE
8
CYAN2
6
CONTINUOUS
10
5.1377086614173226
20
-2.7823228346456692
11
5.1400905511811024
21
-2.7775629921259846
0
LINE
8
CYAN2
6
CONTINUOUS
10
5.1400905511811024
20
-2.7775629921259846
11
5.1424724409448821
21
-2.7751811023622048
0
LINE
8
CYAN2
6
CONTINUOUS
10
5.1424724409448821
20
-2.7751811023622048
11
5.1472322834645672
21
-2.7727992125984251
0
LINE
8
CYAN2
6
CONTINUOUS
10
5.2115196850393701
20
-2.8227992125984254
11
5.1829488188976383
21
-2.8227992125984254
0
LINE
8
CYAN2
6
CONTINUOUS
10
5.197232283464567
20
-2.8227992125984254
11
5.197232283464567
21
-2.7727992125984251
0
LINE
8
CYAN2
6
CONTINUOUS
10
5.197232283464567
20
-2.7727992125984251
11
5.1924724409448819
21
-2.7799448818897639
0
LINE
8
CYAN2
6
CONTINUOUS
10
5.1924724409448819
20
-2.7799448818897639
11
5.1877086614173233
21
-2.7847047244094489
0
LINE
8
CYAN2
6
CONTINUOUS
10
5.1877086614173233
20
-2.7847047244094489
11
5.1829488188976383
21
-2.7870866141732287
0
LINE
8
CYAN2
6
CONTINUOUS
10
5.2543740157480316
20
-2.789468503937008
11
5.2543740157480316
21
-2.8227992125984254
0
LINE
8
CYAN2
6
CONTINUOUS
10
5.2329448818897637
20
-2.789468503937008
11
5.2329448818897637
21
-2.8156574803149605
0
LINE
8
CYAN2
6
CONTINUOUS
10
5.2329448818897637
20
-2.8156574803149605
11
5.2353267716535434
21
-2.82042125984252
0
LINE
8
CYAN2
6
CONTINUOUS
10
5.2353267716535434
20
-2.82042125984252
11
5.2400905511811029
21
-2.8227992125984254
0
LINE
8
CYAN2
6
CONTINUOUS
10
5.2400905511811029
20
-2.8227992125984254
11
5.2472322834645668
21
-2.8227992125984254
0
LINE
8
CYAN2
6
CONTINUOUS
10
5.2472322834645668
20
-2.8227992125984254
11
5.2519921259842519
21
-2.82042125984252
0
LINE
8
CYAN2
6
CONTINUOUS
10
5.2519921259842519
20
-2.82042125984252
11
5.2543740157480316
21
-2.8180393700787403
0
LINE
8
CYAN2
6
CONTINUOUS
10
5.2948503937007878
20
-2.7966102362204723
11
5.2781811023622049
21
-2.7966102362204723
0
LINE
8
CYAN2
6
CONTINUOUS
10
5.2781811023622049
20
-2.8227992125984254
11
5.2781811023622049
21
-2.7727992125984251
0
LINE
8
CYAN2
6
CONTINUOUS
10
5.2781811023622049
20
-2.7727992125984251
11
5.3019921259842517
21
-2.7727992125984251
0
LINE
8
RED2
6
CONTINUOUS
10
5.3200000000000003
20
-2.9199999999999999
11
5.4800000000000004
21
-2.9199999999999999
0
ARC
8
RED2
10
5.4000000000000004
20
-3.0999960629921262
40
0.1280606767588394
50
51.33954461
51
128.66045539
0
LINE
8
RED2
6
CONTINUOUS
10
5.4000000000000004
20
-2.9100000000000001
11
5.4000000000000004
21
-2.8000000000000003
0
LINE
8
RED2
6
CONTINUOUS
10
5.4000000000000004
20
-2.9700000000000002
11
5.4000000000000004
21
-3.1000000000000001
0
LINE
8
CYAN2
6
CONTINUOUS
10
5.5948503937007876
20
-2.9280393700787402
11
5.5924724409448823
21
-2.9304212598425199
0
LINE
8
CYAN2
6
CONTINUOUS
10
5.5924724409448823
20
-2.9304212598425199
11
5.5853267716535431
21
-2.9327992125984252
0
LINE
8
CYAN2
6
CONTINUOUS
10
5.5853267716535431
20
-2.9327992125984252
11
5.5805669291338589
21
-2.9327992125984252
0
LINE
8
CYAN2
6
CONTINUOUS
10
5.5805669291338589
20
-2.9327992125984252
11
5.5734251968503941
21
-2.9304212598425199
0
LINE
8
CYAN2
6
CONTINUOUS
10
5.5734251968503941
20
-2.9304212598425199
11
5.5686614173228346
21
-2.9256574803149609
0
LINE
8
CYAN2
6
CONTINUOUS
10
5.5686614173228346
20
-2.9256574803149609
11
5.5662795275590558
21
-2.9208937007874018
0
LINE
8
CYAN2
6
CONTINUOUS
10
5.5662795275590558
20
-2.9208937007874018
11
5.5639015748031495
21
-2.9113700787401577
0
LINE
8
CYAN2
6
CONTINUOUS
10
5.5639015748031495
20
-2.9113700787401577
11
5.5639015748031495
21
-2.9042283464566929
0
LINE
8
CYAN2
6
CONTINUOUS
10
5.5639015748031495
20
-2.9042283464566929
11
5.5662795275590558
21
-2.8947047244094488
0
LINE
8
CYAN2
6
CONTINUOUS
10
5.5662795275590558
20
-2.8947047244094488
11
5.5686614173228346
21
-2.8899448818897637
0
LINE
8
CYAN2
6
CONTINUOUS
10
5.5686614173228346
20
-2.8899448818897637
11
5.5734251968503941
21
-2.8851811023622047
0
LINE
8
CYAN2
6
CONTINUOUS
10
5.5734251968503941
20
-2.8851811023622047
11
5.5805669291338589
21
-2.8827992125984254
0
LINE
8
CYAN2
6
CONTINUOUS
10
5.5805669291338589
20
-2.8827992125984254
11
5.5853267716535431
21
-2.8827992125984254
0
LINE
8
CYAN2
6
CONTINUOUS
10
5.5853267716535431
20
-2.8827992125984254
11
5.5924724409448823
21
-2.8851811023622047
0
LINE
8
CYAN2
6
CONTINUOUS
10
5.5924724409448823
20
-2.8851811023622047
11
5.5948503937007876
21
-2.8875629921259844
0
LINE
8
CYAN2
6
CONTINUOUS
10
5.6115196850393705
20
-2.8827992125984254
11
5.6448503937007874
21
-2.8827992125984254
0
LINE
8
CYAN2
6
CONTINUOUS
10
5.6448503937007874
20
-2.8827992125984254
11
5.6234251968503939
21
-2.9327992125984252
0
LINE
8
CYAN2
6
CONTINUOUS
10
5.5924724409448823
20
-3.0327992125984253
11
5.5639015748031495
21
-3.0327992125984253
0
LINE
8
CYAN2
6
CONTINUOUS
10
5.5781850393700791
20
-3.0327992125984253
11
5.5781850393700791
21
-2.9827992125984255
0
LINE
8
CYAN2
6
CONTINUOUS
10
5.5781850393700791
20
-2.9827992125984255
11
5.5734251968503941
21
-2.9899448818897638
0
LINE
8
CYAN2
6
CONTINUOUS
10
5.5734251968503941
20
-2.9899448818897638
11
5.5686614173228346
21
-2.9947047244094489
0
LINE
8
CYAN2
6
CONTINUOUS
10
5.5686614173228346
20
-2.9947047244094489
11
5.5639015748031495
21
-2.9970866141732286
0
LINE
8
CYAN2
6
CONTINUOUS
10
5.6353267716535438
20
-2.9994685039370079
11
5.6353267716535438
21
-3.0327992125984253
0
LINE
8
CYAN2
6
CONTINUOUS
10
5.6138976377952758
20
-2.9994685039370079
11
5.6138976377952758
21
-3.025657480314961
0
LINE
8
CYAN2
6
CONTINUOUS
10
5.6138976377952758
20
-3.025657480314961
11
5.6162795275590556
21
-3.03042125984252
0
LINE
8
CYAN2
6
CONTINUOUS
10
5.6162795275590556
20
-3.03042125984252
11
5.6210433070866141
21
-3.0327992125984253
0
LINE
8
CYAN2
6
CONTINUOUS
10
5.6210433070866141
20
-3.0327992125984253
11
5.628185039370079
21
-3.0327992125984253
0
LINE
8
CYAN2
6
CONTINUOUS
10
5.628185039370079
20
-3.0327992125984253
11
5.6329448818897641
21
-3.03042125984252
0
LINE
8
CYAN2
6
CONTINUOUS
10
5.6329448818897641
20
-3.03042125984252
11
5.6353267716535438
21
-3.0280393700787402
0
LINE
8
CYAN2
6
CONTINUOUS
10
5.6758031496062991
20
-3.0066102362204727
11
5.6591338582677171
21
-3.0066102362204727
0
LINE
8
CYAN2
6
CONTINUOUS
10
5.6591338582677171
20
-3.0327992125984253
11
5.6591338582677171
21
-2.9827992125984255
0
LINE
8
CYAN2
6
CONTINUOUS
10
5.6591338582677171
20
-2.9827992125984255
11
5.6829448818897639
21
-2.9827992125984255
0
LINE
8
RED2
6
CONTINUOUS
10
6.8600000000000003
20
-2.5500000000000003
11
6.8600000000000003
21
-2.3500000000000001
0
LINE
8
RED2
6
CONTINUOUS
10
6.8600000000000003
20
-2.3500000000000001
11
6.9400000000000004
21
-2.3500000000000001
0
LINE
8
RED2
6
CONTINUOUS
10
6.9400000000000004
20
-2.3500000000000001
11
6.9400000000000004
21
-2.5500000000000003
0
LINE
8
RED2
6
CONTINUOUS
10
6.9400000000000004
20
-2.5500000000000003
11
6.8600000000000003
21
-2.5500000000000003
0
LINE
8
RED2
6
CONTINUOUS
10
6.9000000000000004
20
-2.3500000000000001
11
6.9000000000000004
21
-2.3000000000000003
0
LINE
8
RED2
6
CONTINUOUS
10
6.9000000000000004
20
-2.5500000000000003
11
6.9000000000000004
21
-2.6000000000000001
0
LINE
8
CYAN2
6
CONTINUOUS
10
7.0448503937007878
20
-2.4227992125984255
11
7.0281850393700793
21
-2.3989921259842522
0
LINE
8
CYAN2
6
CONTINUOUS
10
7.016279527559055
20
-2.4227992125984255
11
7.016279527559055
21
-2.3727992125984252
0
LINE
8
CYAN2
6
CONTINUOUS
10
7.016279527559055
20
-2.3727992125984252
11
7.0353267716535433
21
-2.3727992125984252
0
LINE
8
CYAN2
6
CONTINUOUS
10
7.0353267716535433
20
-2.3727992125984252
11
7.0400905511811027
21
-2.3751811023622049
0
LINE
8
CYAN2
6
CONTINUOUS
10
7.0400905511811027
20
-2.3751811023622049
11
7.0424724409448825
21
-2.3775629921259842
0
LINE
8
CYAN2
6
CONTINUOUS
10
7.0424724409448825
20
-2.3775629921259842
11
7.0448503937007878
21
-2.3823228346456693
0
LINE
8
CYAN2
6
CONTINUOUS
10
7.0448503937007878
20
-2.3823228346456693
11
7.0448503937007878
21
-2.389468503937008
0
LINE
8
CYAN2
6
CONTINUOUS
10
7.0448503937007878
20
-2.389468503937008
11
7.0424724409448825
21
-2.3942283464566931
0
LINE
8
CYAN2
6
CONTINUOUS
10
7.0424724409448825
20
-2.3942283464566931
11
7.0400905511811027
21
-2.3966102362204724
0
LINE
8
CYAN2
6
CONTINUOUS
10
7.0400905511811027
20
-2.3966102362204724
11
7.0353267716535433
21
-2.3989921259842522
0
LINE
8
CYAN2
6
CONTINUOUS
10
7.0353267716535433
20
-2.3989921259842522
11
7.016279527559055
21
-2.3989921259842522
0
LINE
8
CYAN2
6
CONTINUOUS
10
7.0900905511811025
20
-2.3727992125984252
11
7.0662795275590558
21
-2.3727992125984252
0
LINE
8
CYAN2
6
CONTINUOUS
10
7.0662795275590558
20
-2.3727992125984252
11
7.0639015748031495
21
-2.3966102362204724
0
LINE
8
CYAN2
6
CONTINUOUS
10
7.0639015748031495
20
-2.3966102362204724
11
7.0662795275590558
21
-2.3942283464566931
0
LINE
8
CYAN2
6
CONTINUOUS
10
7.0662795275590558
20
-2.3942283464566931
11
7.0710433070866143
21
-2.3918464566929134
0
LINE
8
CYAN2
6
CONTINUOUS
10
7.0710433070866143
20
-2.3918464566929134
11
7.0829488188976377
21
-2.3918464566929134
0
LINE
8
CYAN2
6
CONTINUOUS
10
7.0829488188976377
20
-2.3918464566929134
11
7.0877086614173228
21
-2.3942283464566931
0
LINE
8
CYAN2
6
CONTINUOUS
10
7.0877086614173228
20
-2.3942283464566931
11
7.0900905511811025
21
-2.3966102362204724
0
LINE
8
CYAN2
6
CONTINUOUS
10
7.0900905511811025
20
-2.3966102362204724
11
7.0924724409448823
21
-2.4013700787401575
0
LINE
8
CYAN2
6
CONTINUOUS
10
7.0924724409448823
20
-2.4013700787401575
11
7.0924724409448823
21
-2.4132755905511813
0
LINE
8
CYAN2
6
CONTINUOUS
10
7.0924724409448823
20
-2.4132755905511813
11
7.0900905511811025
21
-2.4180393700787404
0
LINE
8
CYAN2
6
CONTINUOUS
10
7.0900905511811025
20
-2.4180393700787404
11
7.0877086614173228
21
-2.4204212598425197
0
LINE
8
CYAN2
6
CONTINUOUS
10
7.0877086614173228
20
-2.4204212598425197
11
7.0829488188976377
21
-2.4227992125984255
0
LINE
8
CYAN2
6
CONTINUOUS
10
7.0829488188976377
20
-2.4227992125984255
11
7.0710433070866143
21
-2.4227992125984255
0
LINE
8
CYAN2
6
CONTINUOUS
10
7.0710433070866143
20
-2.4227992125984255
11
7.0662795275590558
21
-2.4204212598425197
0
LINE
8
CYAN2
6
CONTINUOUS
10
7.0662795275590558
20
-2.4204212598425197
11
7.0639015748031495
21
-2.4180393700787404
0
LINE
8
CYAN2
6
CONTINUOUS
10
7.1234212598425204
20
-2.3727992125984252
11
7.128185039370079
21
-2.3727992125984252
0
LINE
8
CYAN2
6
CONTINUOUS
10
7.128185039370079
20
-2.3727992125984252
11
7.1329448818897641
21
-2.3751811023622049
0
LINE
8
CYAN2
6
CONTINUOUS
10
7.1329448818897641
20
-2.3751811023622049
11
7.1353267716535438
21
-2.3775629921259842
0
LINE
8
CYAN2
6
CONTINUOUS
10
7.1353267716535438
20
-2.3775629921259842
11
7.1377086614173235
21
-2.3823228346456693
0
LINE
8
CYAN2
6
CONTINUOUS
10
7.1377086614173235
20
-2.3823228346456693
11
7.1400905511811024
21
-2.3918464566929134
0
LINE
8
CYAN2
6
CONTINUOUS
10
7.1400905511811024
20
-2.3918464566929134
11
7.1400905511811024
21
-2.4037519685039372
0
LINE
8
CYAN2
6
CONTINUOUS
10
7.1400905511811024
20
-2.4037519685039372
11
7.1377086614173235
21
-2.4132755905511813
0
LINE
8
CYAN2
6
CONTINUOUS
10
7.1377086614173235
20
-2.4132755905511813
11
7.1353267716535438
21
-2.4180393700787404
0
LINE
8
CYAN2
6
CONTINUOUS
10
7.1353267716535438
20
-2.4180393700787404
11
7.1329448818897641
21
-2.4204212598425197
0
LINE
8
CYAN2
6
CONTINUOUS
10
7.1329448818897641
20
-2.4204212598425197
11
7.128185039370079
21
-2.4227992125984255
0
LINE
8
CYAN2
6
CONTINUOUS
10
7.128185039370079
20
-2.4227992125984255
11
7.1234212598425204
21
-2.4227992125984255
0
LINE
8
CYAN2
6
CONTINUOUS
10
7.1234212598425204
20
-2.4227992125984255
11
7.1186614173228353
21
-2.4204212598425197
0
LINE
8
CYAN2
6
CONTINUOUS
10
7.1186614173228353
20
-2.4204212598425197
11
7.1162795275590556
21
-2.4180393700787404
0
LINE
8
CYAN2
6
CONTINUOUS
10
7.1162795275590556
20
-2.4180393700787404
11
7.1138976377952758
21
-2.4132755905511813
0
LINE
8
CYAN2
6
CONTINUOUS
10
7.1138976377952758
20
-2.4132755905511813
11
7.1115196850393705
21
-2.4037519685039372
0
LINE
8
CYAN2
6
CONTINUOUS
10
7.1115196850393705
20
-2.4037519685039372
11
7.1115196850393705
21
-2.3918464566929134
0
LINE
8
CYAN2
6
CONTINUOUS
10
7.1115196850393705
20
-2.3918464566929134
11
7.1138976377952758
21
-2.3823228346456693
0
LINE
8
CYAN2
6
CONTINUOUS
10
7.1138976377952758
20
-2.3823228346456693
11
7.1162795275590556
21
-2.3775629921259842
0
LINE
8
CYAN2
6
CONTINUOUS
10
7.1162795275590556
20
-2.3775629921259842
11
7.1186614173228353
21
-2.3751811023622049
0
LINE
8
CYAN2
6
CONTINUOUS
10
7.1186614173228353
20
-2.3751811023622049
11
7.1234212598425204
21
-2.3727992125984252
0
LINE
8
CYAN2
6
CONTINUOUS
10
7.0424724409448825
20
-2.5227992125984251
11
7.0139015748031497
21
-2.5227992125984251
0
LINE
8
CYAN2
6
CONTINUOUS
10
7.0281850393700793
20
-2.5227992125984251
11
7.0281850393700793
21
-2.4727992125984253
0
LINE
8
CYAN2
6
CONTINUOUS
10
7.0281850393700793
20
-2.4727992125984253
11
7.0234251968503942
21
-2.479944881889764
0
LINE
8
CYAN2
6
CONTINUOUS
10
7.0234251968503942
20
-2.479944881889764
11
7.0186614173228348
21
-2.4847047244094491
0
LINE
8
CYAN2
6
CONTINUOUS
10
7.0186614173228348
20
-2.4847047244094491
11
7.0139015748031497
21
-2.4870866141732284
0
LINE
8
CYAN2
6
CONTINUOUS
10
7.063897637795276
20
-2.5227992125984251
11
7.063897637795276
21
-2.4727992125984253
0
LINE
8
CYAN2
6
CONTINUOUS
10
7.0924685039370079
20
-2.5227992125984251
11
7.0710433070866143
21
-2.4942283464566932
0
LINE
8
CYAN2
6
CONTINUOUS
10
7.0924685039370079
20
-2.4727992125984253
11
7.063897637795276
21
-2.5013700787401576
0
LINE
8
LYELLOW
6
CONTINUOUS
10
5.7000000000000002
20
-2.6000000000000001
11
5.7000000000000002
21
-2.
0
LINE
8
LYELLOW
6
CONTINUOUS
10
5.7000000000000002
20
-2.
11
6.4000000000000004
21
-2.
0
LINE
8
LYELLOW
6
CONTINUOUS
10
6.4000000000000004
20
-2.
11
6.4000000000000004
21
-2.6000000000000001
0
LINE
8
LYELLOW
6
CONTINUOUS
10
6.4000000000000004
20
-2.6000000000000001
11
5.7000000000000002
21
-2.6000000000000001
0
LINE
8
LYELLOW
6
CONTINUOUS
10
5.7000000000000002
20
-2.6000000000000001
11
5.7000000000000002
21
-2.
0
LINE
8
LYELLOW
6
CONTINUOUS
10
5.7000000000000002
20
-2.
11
6.4000000000000004
21
-2.
0
LINE
8
LYELLOW
6
CONTINUOUS
10
6.4000000000000004
20
-2.
11
6.4000000000000004
21
-2.6000000000000001
0
LINE
8
LYELLOW
6
CONTINUOUS
10
6.4000000000000004
20
-2.6000000000000001
11
5.7000000000000002
21
-2.6000000000000001
0
LINE
8
RED2
6
CONTINUOUS
10
5.7000000000000002
20
-2.6000000000000001
11
5.7000000000000002
21
-2.
0
LINE
8
RED2
6
CONTINUOUS
10
5.7000000000000002
20
-2.
11
6.4000000000000004
21
-2.
0
LINE
8
RED2
6
CONTINUOUS
10
6.4000000000000004
20
-2.
11
6.4000000000000004
21
-2.6000000000000001
0
LINE
8
RED2
6
CONTINUOUS
10
6.4000000000000004
20
-2.6000000000000001
11
5.7000000000000002
21
-2.6000000000000001
0
LINE
8
RED2
6
CONTINUOUS
10
5.7000000000000002
20
-2.6000000000000001
11
5.7000000000000002
21
-2.
0
LINE
8
RED2
6
CONTINUOUS
10
5.7000000000000002
20
-2.
11
6.4000000000000004
21
-2.
0
LINE
8
RED2
6
CONTINUOUS
10
6.4000000000000004
20
-2.
11
6.4000000000000004
21
-2.6000000000000001
0
LINE
8
RED2
6
CONTINUOUS
10
6.4000000000000004
20
-2.6000000000000001
11
5.7000000000000002
21
-2.6000000000000001
0
LINE
8
RED2
6
CONTINUOUS
10
6.0499999999999998
20
-2.
11
6.0499999999999998
21
-1.9000000000000001
0
LINE
8
CYAN2
6
CONTINUOUS
10
6.0231299212598426
20
-2.1580944881889765
11
6.0731299212598424
21
-2.1414291338582676
0
LINE
8
CYAN2
6
CONTINUOUS
10
6.0731299212598424
20
-2.1414291338582676
11
6.0231299212598426
21
-2.1247598425196852
0
LINE
8
CYAN2
6
CONTINUOUS
10
6.0683700787401573
20
-2.0795236220472444
11
6.0707519685039371
21
-2.0819015748031497
0
LINE
8
CYAN2
6
CONTINUOUS
10
6.0707519685039371
20
-2.0819015748031497
11
6.0731299212598424
21
-2.0890472440944881
0
LINE
8
CYAN2
6
CONTINUOUS
10
6.0731299212598424
20
-2.0890472440944881
11
6.0731299212598424
21
-2.0938070866141731
0
LINE
8
CYAN2
6
CONTINUOUS
10
6.0731299212598424
20
-2.0938070866141731
11
6.0707519685039371
21
-2.100948818897638
0
LINE
8
CYAN2
6
CONTINUOUS
10
6.0707519685039371
20
-2.100948818897638
11
6.0659881889763785
21
-2.105712598425197
0
LINE
8
CYAN2
6
CONTINUOUS
10
6.0659881889763785
20
-2.105712598425197
11
6.061224409448819
21
-2.1080944881889763
0
LINE
8
CYAN2
6
CONTINUOUS
10
6.061224409448819
20
-2.1080944881889763
11
6.0517007874015754
21
-2.1104724409448821
0
LINE
8
CYAN2
6
CONTINUOUS
10
6.0517007874015754
20
-2.1104724409448821
11
6.0445590551181105
21
-2.1104724409448821
0
LINE
8
CYAN2
6
CONTINUOUS
10
6.0445590551181105
20
-2.1104724409448821
11
6.035035433070866
21
-2.1080944881889763
0
LINE
8
CYAN2
6
CONTINUOUS
10
6.035035433070866
20
-2.1080944881889763
11
6.0302755905511809
21
-2.105712598425197
0
LINE
8
CYAN2
6
CONTINUOUS
10
6.0302755905511809
20
-2.105712598425197
11
6.0255118110236223
21
-2.100948818897638
0
LINE
8
CYAN2
6
CONTINUOUS
10
6.0255118110236223
20
-2.100948818897638
11
6.0231299212598426
21
-2.0938070866141731
0
LINE
8
CYAN2
6
CONTINUOUS
10
6.0231299212598426
20
-2.0938070866141731
11
6.0231299212598426
21
-2.0890472440944881
0
LINE
8
CYAN2
6
CONTINUOUS
10
6.0231299212598426
20
-2.0890472440944881
11
6.0255118110236223
21
-2.0819015748031497
0
LINE
8
CYAN2
6
CONTINUOUS
10
6.0255118110236223
20
-2.0819015748031497
11
6.0278937007874021
21
-2.0795236220472444
0
LINE
8
CYAN2
6
CONTINUOUS
10
6.0683700787401573
20
-2.0295236220472441
11
6.0707519685039371
21
-2.0319015748031495
0
LINE
8
CYAN2
6
CONTINUOUS
10
6.0707519685039371
20
-2.0319015748031495
11
6.0731299212598424
21
-2.0390472440944882
0
LINE
8
CYAN2
6
CONTINUOUS
10
6.0731299212598424
20
-2.0390472440944882
11
6.0731299212598424
21
-2.0438070866141733
0
LINE
8
CYAN2
6
CONTINUOUS
10
6.0731299212598424
20
-2.0438070866141733
11
6.0707519685039371
21
-2.0509488188976377
0
LINE
8
CYAN2
6
CONTINUOUS
10
6.0707519685039371
20
-2.0509488188976377
11
6.0659881889763785
21
-2.0557125984251967
0
LINE
8
CYAN2
6
CONTINUOUS
10
6.0659881889763785
20
-2.0557125984251967
11
6.061224409448819
21
-2.0580944881889764
0
LINE
8
CYAN2
6
CONTINUOUS
10
6.061224409448819
20
-2.0580944881889764
11
6.0517007874015754
21
-2.0604724409448818
0
LINE
8
CYAN2
6
CONTINUOUS
10
6.0517007874015754
20
-2.0604724409448818
11
6.0445590551181105
21
-2.0604724409448818
0
LINE
8
CYAN2
6
CONTINUOUS
10
6.0445590551181105
20
-2.0604724409448818
11
6.035035433070866
21
-2.0580944881889764
0
LINE
8
CYAN2
6
CONTINUOUS
10
6.035035433070866
20
-2.0580944881889764
11
6.0302755905511809
21
-2.0557125984251967
0
LINE
8
CYAN2
6
CONTINUOUS
10
6.0302755905511809
20
-2.0557125984251967
11
6.0255118110236223
21
-2.0509488188976377
0
LINE
8
CYAN2
6
CONTINUOUS
10
6.0255118110236223
20
-2.0509488188976377
11
6.0231299212598426
21
-2.0438070866141733
0
LINE
8
CYAN2
6
CONTINUOUS
10
6.0231299212598426
20
-2.0438070866141733
11
6.0231299212598426
21
-2.0390472440944882
0
LINE
8
CYAN2
6
CONTINUOUS
10
6.0231299212598426
20
-2.0390472440944882
11
6.0255118110236223
21
-2.0319015748031495
0
LINE
8
CYAN2
6
CONTINUOUS
10
6.0255118110236223
20
-2.0319015748031495
11
6.0278937007874021
21
-2.0295236220472441
0
LINE
8
RED3
6
CONTINUOUS
10
6.0113070866141731
20
-1.9547559055118111
11
6.0089251968503943
21
-1.9595196850393701
0
LINE
8
RED3
6
CONTINUOUS
10
6.0089251968503943
20
-1.9595196850393701
11
6.006547244094488
21
-1.9619015748031496
0
LINE
8
RED3
6
CONTINUOUS
10
6.006547244094488
20
-1.9619015748031496
11
6.0017834645669295
21
-1.9642795275590552
0
LINE
8
RED3
6
CONTINUOUS
10
6.0017834645669295
20
-1.9642795275590552
11
5.9994015748031497
21
-1.9642795275590552
0
LINE
8
RED3
6
CONTINUOUS
10
5.9994015748031497
20
-1.9642795275590552
11
5.9946417322834646
21
-1.9619015748031496
0
LINE
8
RED3
6
CONTINUOUS
10
5.9946417322834646
20
-1.9619015748031496
11
5.9922598425196849
21
-1.9595196850393701
0
LINE
8
RED3
6
CONTINUOUS
10
5.9922598425196849
20
-1.9595196850393701
11
5.9898779527559061
21
-1.9547559055118111
0
LINE
8
RED3
6
CONTINUOUS
10
5.9898779527559061
20
-1.9547559055118111
11
5.9898779527559061
21
-1.945232283464567
0
LINE
8
RED3
6
CONTINUOUS
10
5.9898779527559061
20
-1.945232283464567
11
5.9922598425196849
21
-1.9404724409448819
0
LINE
8
RED3
6
CONTINUOUS
10
5.9922598425196849
20
-1.9404724409448819
11
5.9946417322834646
21
-1.9380905511811024
0
LINE
8
RED3
6
CONTINUOUS
10
5.9946417322834646
20
-1.9380905511811024
11
5.9994015748031497
21
-1.9357086614173229
0
LINE
8
RED3
6
CONTINUOUS
10
5.9994015748031497
20
-1.9357086614173229
11
6.0017834645669295
21
-1.9357086614173229
0
LINE
8
RED3
6
CONTINUOUS
10
6.0017834645669295
20
-1.9357086614173229
11
6.006547244094488
21
-1.9380905511811024
0
LINE
8
RED3
6
CONTINUOUS
10
6.006547244094488
20
-1.9380905511811024
11
6.0089251968503943
21
-1.9404724409448819
0
LINE
8
RED3
6
CONTINUOUS
10
6.0089251968503943
20
-1.9404724409448819
11
6.0113070866141731
21
-1.945232283464567
0
LINE
8
RED3
6
CONTINUOUS
10
6.0113070866141731
20
-1.945232283464567
11
6.0113070866141731
21
-1.9547559055118111
0
LINE
8
RED3
6
CONTINUOUS
10
6.0113070866141731
20
-1.9547559055118111
11
6.0136889763779529
21
-1.9595196850393701
0
LINE
8
RED3
6
CONTINUOUS
10
6.0136889763779529
20
-1.9595196850393701
11
6.0160708661417326
21
-1.9619015748031496
0
LINE
8
RED3
6
CONTINUOUS
10
6.0160708661417326
20
-1.9619015748031496
11
6.0208307086614177
21
-1.9642795275590552
0
LINE
8
RED3
6
CONTINUOUS
10
6.0208307086614177
20
-1.9642795275590552
11
6.0303543307086613
21
-1.9642795275590552
0
LINE
8
RED3
6
CONTINUOUS
10
6.0303543307086613
20
-1.9642795275590552
11
6.0351181102362208
21
-1.9619015748031496
0
LINE
8
RED3
6
CONTINUOUS
10
6.0351181102362208
20
-1.9619015748031496
11
6.0375000000000005
21
-1.9595196850393701
0
LINE
8
RED3
6
CONTINUOUS
10
6.0375000000000005
20
-1.9595196850393701
11
6.0398779527559059
21
-1.9547559055118111
0
LINE
8
RED3
6
CONTINUOUS
10
6.0398779527559059
20
-1.9547559055118111
11
6.0398779527559059
21
-1.945232283464567
0
LINE
8
RED3
6
CONTINUOUS
10
6.0398779527559059
20
-1.945232283464567
11
6.0375000000000005
21
-1.9404724409448819
0
LINE
8
RED3
6
CONTINUOUS
10
6.0375000000000005
20
-1.9404724409448819
11
6.0351181102362208
21
-1.9380905511811024
0
LINE
8
RED3
6
CONTINUOUS
10
6.0351181102362208
20
-1.9380905511811024
11
6.0303543307086613
21
-1.9357086614173229
0
LINE
8
RED3
6
CONTINUOUS
10
6.0303543307086613
20
-1.9357086614173229
11
6.0208307086614177
21
-1.9357086614173229
0
LINE
8
RED3
6
CONTINUOUS
10
6.0208307086614177
20
-1.9357086614173229
11
6.0160708661417326
21
-1.9380905511811024
0
LINE
8
RED3
6
CONTINUOUS
10
6.0160708661417326
20
-1.9380905511811024
11
6.0136889763779529
21
-1.9404724409448819
0
LINE
8
RED3
6
CONTINUOUS
10
6.0136889763779529
20
-1.9404724409448819
11
6.0113070866141731
21
-1.945232283464567
0
LINE
8
RED2
6
CONTINUOUS
10
6.0499999999999998
20
-2.6000000000000001
11
6.0499999999999998
21
-2.7000000000000002
0
LINE
8
CYAN2
6
CONTINUOUS
10
6.0255118110236223
20
-2.5419015748031497
11
6.0231299212598426
21
-2.5466653543307087
0
LINE
8
CYAN2
6
CONTINUOUS
10
6.0231299212598426
20
-2.5466653543307087
11
6.0231299212598426
21
-2.5538070866141731
0
LINE
8
CYAN2
6
CONTINUOUS
10
6.0231299212598426
20
-2.5538070866141731
11
6.0255118110236223
21
-2.5609488188976379
0
LINE
8
CYAN2
6
CONTINUOUS
10
6.0255118110236223
20
-2.5609488188976379
11
6.0302755905511809
21
-2.5657125984251969
0
LINE
8
CYAN2
6
CONTINUOUS
10
6.0302755905511809
20
-2.5657125984251969
11
6.035035433070866
21
-2.5680944881889767
0
LINE
8
CYAN2
6
CONTINUOUS
10
6.035035433070866
20
-2.5680944881889767
11
6.0445590551181105
21
-2.570472440944882
0
LINE
8
CYAN2
6
CONTINUOUS
10
6.0445590551181105
20
-2.570472440944882
11
6.0517007874015754
21
-2.570472440944882
0
LINE
8
CYAN2
6
CONTINUOUS
10
6.0517007874015754
20
-2.570472440944882
11
6.061224409448819
21
-2.5680944881889767
0
LINE
8
CYAN2
6
CONTINUOUS
10
6.061224409448819
20
-2.5680944881889767
11
6.0659881889763785
21
-2.5657125984251969
0
LINE
8
CYAN2
6
CONTINUOUS
10
6.0659881889763785
20
-2.5657125984251969
11
6.0707519685039371
21
-2.5609488188976379
0
LINE
8
CYAN2
6
CONTINUOUS
10
6.0707519685039371
20
-2.5609488188976379
11
6.0731299212598424
21
-2.5538070866141731
0
LINE
8
CYAN2
6
CONTINUOUS
10
6.0731299212598424
20
-2.5538070866141731
11
6.0731299212598424
21
-2.5490472440944885
0
LINE
8
CYAN2
6
CONTINUOUS
10
6.0731299212598424
20
-2.5490472440944885
11
6.0707519685039371
21
-2.5419015748031497
0
LINE
8
CYAN2
6
CONTINUOUS
10
6.0707519685039371
20
-2.5419015748031497
11
6.0683700787401573
21
-2.5395236220472444
0
LINE
8
CYAN2
6
CONTINUOUS
10
6.0683700787401573
20
-2.5395236220472444
11
6.0517007874015754
21
-2.5395236220472444
0
LINE
8
CYAN2
6
CONTINUOUS
10
6.0517007874015754
20
-2.5395236220472444
11
6.0517007874015754
21
-2.5490472440944885
0
LINE
8
CYAN2
6
CONTINUOUS
10
6.0731299212598424
20
-2.5180944881889764
11
6.0231299212598426
21
-2.5180944881889764
0
LINE
8
CYAN2
6
CONTINUOUS
10
6.0231299212598426
20
-2.5180944881889764
11
6.0731299212598424
21
-2.4895236220472441
0
LINE
8
CYAN2
6
CONTINUOUS
10
6.0731299212598424
20
-2.4895236220472441
11
6.0231299212598426
21
-2.4895236220472441
0
LINE
8
CYAN2
6
CONTINUOUS
10
6.0731299212598424
20
-2.4657125984251969
11
6.0231299212598426
21
-2.4657125984251969
0
LINE
8
CYAN2
6
CONTINUOUS
10
6.0231299212598426
20
-2.4657125984251969
11
6.0231299212598426
21
-2.4538070866141735
0
LINE
8
CYAN2
6
CONTINUOUS
10
6.0231299212598426
20
-2.4538070866141735
11
6.0255118110236223
21
-2.4466653543307086
0
LINE
8
CYAN2
6
CONTINUOUS
10
6.0255118110236223
20
-2.4466653543307086
11
6.0302755905511809
21
-2.4419015748031496
0
LINE
8
CYAN2
6
CONTINUOUS
10
6.0302755905511809
20
-2.4419015748031496
11
6.035035433070866
21
-2.4395196850393703
0
LINE
8
CYAN2
6
CONTINUOUS
10
6.035035433070866
20
-2.4395196850393703
11
6.0445590551181105
21
-2.4371417322834645
0
LINE
8
CYAN2
6
CONTINUOUS
10
6.0445590551181105
20
-2.4371417322834645
11
6.0517007874015754
21
-2.4371417322834645
0
LINE
8
CYAN2
6
CONTINUOUS
10
6.0517007874015754
20
-2.4371417322834645
11
6.061224409448819
21
-2.4395196850393703
0
LINE
8
CYAN2
6
CONTINUOUS
10
6.061224409448819
20
-2.4395196850393703
11
6.0659881889763785
21
-2.4419015748031496
0
LINE
8
CYAN2
6
CONTINUOUS
10
6.0659881889763785
20
-2.4419015748031496
11
6.0707519685039371
21
-2.4466653543307086
0
LINE
8
CYAN2
6
CONTINUOUS
10
6.0707519685039371
20
-2.4466653543307086
11
6.0731299212598424
21
-2.4538070866141735
0
LINE
8
CYAN2
6
CONTINUOUS
10
6.0731299212598424
20
-2.4538070866141735
11
6.0731299212598424
21
-2.4657125984251969
0
LINE
8
RED3
6
CONTINUOUS
10
6.0398779527559059
20
-2.6357086614173229
11
6.0398779527559059
21
-2.6642795275590552
0
LINE
8
RED3
6
CONTINUOUS
10
6.0398779527559059
20
-2.649996062992126
11
5.9898779527559061
21
-2.649996062992126
0
LINE
8
RED3
6
CONTINUOUS
10
5.9898779527559061
20
-2.649996062992126
11
5.9970236220472444
21
-2.6547559055118111
0
LINE
8
RED3
6
CONTINUOUS
10
5.9970236220472444
20
-2.6547559055118111
11
6.0017834645669295
21
-2.6595196850393701
0
LINE
8
RED3
6
CONTINUOUS
10
6.0017834645669295
20
-2.6595196850393701
11
6.0041653543307092
21
-2.6642795275590552
0
LINE
8
RED2
6
CONTINUOUS
10
5.7000000000000002
20
-2.1000000000000001
11
5.5499999999999998
21
-2.1000000000000001
0
LINE
8
CYAN2
6
CONTINUOUS
10
5.7247598425196848
20
-2.0731299212598424
11
5.7533307086614176
21
-2.0731299212598424
0
LINE
8
CYAN2
6
CONTINUOUS
10
5.739047244094488
20
-2.1231299212598427
11
5.739047244094488
21
-2.0731299212598424
0
LINE
8
CYAN2
6
CONTINUOUS
10
5.7985669291338588
20
-2.1231299212598427
11
5.7819015748031495
21
-2.0993228346456694
0
LINE
8
CYAN2
6
CONTINUOUS
10
5.7699960629921261
20
-2.1231299212598427
11
5.7699960629921261
21
-2.0731299212598424
0
LINE
8
CYAN2
6
CONTINUOUS
10
5.7699960629921261
20
-2.0731299212598424
11
5.7890433070866143
21
-2.0731299212598424
0
LINE
8
CYAN2
6
CONTINUOUS
10
5.7890433070866143
20
-2.0731299212598424
11
5.7938070866141738
21
-2.0755118110236221
0
LINE
8
CYAN2
6
CONTINUOUS
10
5.7938070866141738
20
-2.0755118110236221
11
5.7961889763779526
21
-2.0778937007874014
0
LINE
8
CYAN2
6
CONTINUOUS
10
5.7961889763779526
20
-2.0778937007874014
11
5.7985669291338588
21
-2.0826535433070865
0
LINE
8
CYAN2
6
CONTINUOUS
10
5.7985669291338588
20
-2.0826535433070865
11
5.7985669291338588
21
-2.0897992125984253
0
LINE
8
CYAN2
6
CONTINUOUS
10
5.7985669291338588
20
-2.0897992125984253
11
5.7961889763779526
21
-2.0945590551181104
0
LINE
8
CYAN2
6
CONTINUOUS
10
5.7961889763779526
20
-2.0945590551181104
11
5.7938070866141738
21
-2.0969409448818896
0
LINE
8
CYAN2
6
CONTINUOUS
10
5.7938070866141738
20
-2.0969409448818896
11
5.7890433070866143
21
-2.0993228346456694
0
LINE
8
CYAN2
6
CONTINUOUS
10
5.7890433070866143
20
-2.0993228346456694
11
5.7699960629921261
21
-2.0993228346456694
0
LINE
8
RED3
6
CONTINUOUS
10
5.6107165354330713
20
-2.0446417322834645
11
5.6130944881889766
21
-2.0422598425196852
0
LINE
8
RED3
6
CONTINUOUS
10
5.6130944881889766
20
-2.0422598425196852
11
5.6178582677165361
21
-2.0398779527559054
0
LINE
8
RED3
6
CONTINUOUS
10
5.6178582677165361
20
-2.0398779527559054
11
5.6297637795275595
21
-2.0398779527559054
0
LINE
8
RED3
6
CONTINUOUS
10
5.6297637795275595
20
-2.0398779527559054
11
5.6345236220472446
21
-2.0422598425196852
0
LINE
8
RED3
6
CONTINUOUS
10
5.6345236220472446
20
-2.0422598425196852
11
5.6369055118110234
21
-2.0446417322834645
0
LINE
8
RED3
6
CONTINUOUS
10
5.6369055118110234
20
-2.0446417322834645
11
5.6392874015748031
21
-2.0494015748031496
0
LINE
8
RED3
6
CONTINUOUS
10
5.6392874015748031
20
-2.0494015748031496
11
5.6392874015748031
21
-2.0541653543307086
0
LINE
8
RED3
6
CONTINUOUS
10
5.6392874015748031
20
-2.0541653543307086
11
5.6369055118110234
21
-2.0613070866141734
0
LINE
8
RED3
6
CONTINUOUS
10
5.6369055118110234
20
-2.0613070866141734
11
5.6083346456692915
21
-2.0898779527559057
0
LINE
8
RED3
6
CONTINUOUS
10
5.6083346456692915
20
-2.0898779527559057
11
5.6392874015748031
21
-2.0898779527559057
0
LINE
8
RED2
6
CONTINUOUS
10
5.7000000000000002
20
-2.3000000000000003
11
5.5499999999999998
21
-2.3000000000000003
0
LINE
8
CYAN2
6
CONTINUOUS
10
5.7604724409448824
20
-2.3183700787401578
11
5.7580944881889762
21
-2.3207519685039371
0
LINE
8
CYAN2
6
CONTINUOUS
10
5.7580944881889762
20
-2.3207519685039371
11
5.7509488188976379
21
-2.3231299212598424
0
LINE
8
CYAN2
6
CONTINUOUS
10
5.7509488188976379
20
-2.3231299212598424
11
5.7461889763779528
21
-2.3231299212598424
0
LINE
8
CYAN2
6
CONTINUOUS
10
5.7461889763779528
20
-2.3231299212598424
11
5.739047244094488
21
-2.3207519685039371
0
LINE
8
CYAN2
6
CONTINUOUS
10
5.739047244094488
20
-2.3207519685039371
11
5.7342834645669294
21
-2.315988188976378
0
LINE
8
CYAN2
6
CONTINUOUS
10
5.7342834645669294
20
-2.315988188976378
11
5.7319015748031497
21
-2.311224409448819
0
LINE
8
CYAN2
6
CONTINUOUS
10
5.7319015748031497
20
-2.311224409448819
11
5.7295236220472443
21
-2.3017007874015749
0
LINE
8
CYAN2
6
CONTINUOUS
10
5.7295236220472443
20
-2.3017007874015749
11
5.7295236220472443
21
-2.2945590551181105
0
LINE
8
CYAN2
6
CONTINUOUS
10
5.7295236220472443
20
-2.2945590551181105
11
5.7319015748031497
21
-2.2850354330708664
0
LINE
8
CYAN2
6
CONTINUOUS
10
5.7319015748031497
20
-2.2850354330708664
11
5.7342834645669294
21
-2.2802755905511813
0
LINE
8
CYAN2
6
CONTINUOUS
10
5.7342834645669294
20
-2.2802755905511813
11
5.739047244094488
21
-2.2755118110236223
0
LINE
8
CYAN2
6
CONTINUOUS
10
5.739047244094488
20
-2.2755118110236223
11
5.7461889763779528
21
-2.2731299212598426
0
LINE
8
CYAN2
6
CONTINUOUS
10
5.7461889763779528
20
-2.2731299212598426
11
5.7509488188976379
21
-2.2731299212598426
0
LINE
8
CYAN2
6
CONTINUOUS
10
5.7509488188976379
20
-2.2731299212598426
11
5.7580944881889762
21
-2.2755118110236223
0
LINE
8
CYAN2
6
CONTINUOUS
10
5.7580944881889762
20
-2.2755118110236223
11
5.7604724409448824
21
-2.2778937007874016
0
LINE
8
CYAN2
6
CONTINUOUS
10
5.7747598425196855
20
-2.2731299212598426
11
5.791425196850394
21
-2.3231299212598424
0
LINE
8
CYAN2
6
CONTINUOUS
10
5.791425196850394
20
-2.3231299212598424
11
5.8080944881889769
21
-2.2731299212598426
0
LINE
8
RED3
6
CONTINUOUS
10
5.6369055118110234
20
-2.2398779527559056
11
5.6130944881889766
21
-2.2398779527559056
0
LINE
8
RED3
6
CONTINUOUS
10
5.6130944881889766
20
-2.2398779527559056
11
5.6107165354330713
21
-2.2636889763779529
0
LINE
8
RED3
6
CONTINUOUS
10
5.6107165354330713
20
-2.2636889763779529
11
5.6130944881889766
21
-2.2613070866141731
0
LINE
8
RED3
6
CONTINUOUS
10
5.6130944881889766
20
-2.2613070866141731
11
5.6178582677165361
21
-2.2589251968503938
0
LINE
8
RED3
6
CONTINUOUS
10
5.6178582677165361
20
-2.2589251968503938
11
5.6297637795275595
21
-2.2589251968503938
0
LINE
8
RED3
6
CONTINUOUS
10
5.6297637795275595
20
-2.2589251968503938
11
5.6345236220472446
21
-2.2613070866141731
0
LINE
8
RED3
6
CONTINUOUS
10
5.6345236220472446
20
-2.2613070866141731
11
5.6369055118110234
21
-2.2636889763779529
0
LINE
8
RED3
6
CONTINUOUS
10
5.6369055118110234
20
-2.2636889763779529
11
5.6392874015748031
21
-2.2684488188976379
0
LINE
8
RED3
6
CONTINUOUS
10
5.6392874015748031
20
-2.2684488188976379
11
5.6392874015748031
21
-2.2803543307086613
0
LINE
8
RED3
6
CONTINUOUS
10
5.6392874015748031
20
-2.2803543307086613
11
5.6369055118110234
21
-2.2851181102362204
0
LINE
8
RED3
6
CONTINUOUS
10
5.6369055118110234
20
-2.2851181102362204
11
5.6345236220472446
21
-2.2875000000000001
0
LINE
8
RED3
6
CONTINUOUS
10
5.6345236220472446
20
-2.2875000000000001
11
5.6297637795275595
21
-2.2898779527559054
0
LINE
8
RED3
6
CONTINUOUS
10
5.6297637795275595
20
-2.2898779527559054
11
5.6178582677165361
21
-2.2898779527559054
0
LINE
8
RED3
6
CONTINUOUS
10
5.6178582677165361
20
-2.2898779527559054
11
5.6130944881889766
21
-2.2875000000000001
0
LINE
8
RED3
6
CONTINUOUS
10
5.6130944881889766
20
-2.2875000000000001
11
5.6107165354330713
21
-2.2851181102362204
0
CIRCLE
8
RED2
10
5.6749999999999998
20
-2.5
40
0.025
0
LINE
8
RED2
6
CONTINUOUS
10
5.6500000000000004
20
-2.5
11
5.5499999999999998
21
-2.5
0
LINE
8
CYAN2
6
CONTINUOUS
10
5.7604724409448824
20
-2.5231299212598426
11
5.7438070866141731
21
-2.4993228346456693
0
LINE
8
CYAN2
6
CONTINUOUS
10
5.7319015748031497
20
-2.5231299212598426
11
5.7319015748031497
21
-2.4731299212598428
0
LINE
8
CYAN2
6
CONTINUOUS
10
5.7319015748031497
20
-2.4731299212598428
11
5.7509488188976379
21
-2.4731299212598428
0
LINE
8
CYAN2
6
CONTINUOUS
10
5.7509488188976379
20
-2.4731299212598428
11
5.7557125984251973
21
-2.4755118110236221
0
LINE
8
CYAN2
6
CONTINUOUS
10
5.7557125984251973
20
-2.4755118110236221
11
5.7580944881889762
21
-2.4778937007874018
0
LINE
8
CYAN2
6
CONTINUOUS
10
5.7580944881889762
20
-2.4778937007874018
11
5.7604724409448824
21
-2.4826535433070869
0
LINE
8
CYAN2
6
CONTINUOUS
10
5.7604724409448824
20
-2.4826535433070869
11
5.7604724409448824
21
-2.4897992125984252
0
LINE
8
CYAN2
6
CONTINUOUS
10
5.7604724409448824
20
-2.4897992125984252
11
5.7580944881889762
21
-2.4945590551181103
0
LINE
8
CYAN2
6
CONTINUOUS
10
5.7580944881889762
20
-2.4945590551181103
11
5.7557125984251973
21
-2.49694094488189
0
LINE
8
CYAN2
6
CONTINUOUS
10
5.7557125984251973
20
-2.49694094488189
11
5.7509488188976379
21
-2.4993228346456693
0
LINE
8
CYAN2
6
CONTINUOUS
10
5.7509488188976379
20
-2.4993228346456693
11
5.7319015748031497
21
-2.4993228346456693
0
LINE
8
RED3
6
CONTINUOUS
10
5.6345236220472446
20
-2.4565472440944882
11
5.6345236220472446
21
-2.4898779527559056
0
LINE
8
RED3
6
CONTINUOUS
10
5.6226181102362203
20
-2.4375
11
5.6107165354330713
21
-2.4732125984251971
0
LINE
8
RED3
6
CONTINUOUS
10
5.6107165354330713
20
-2.4732125984251971
11
5.6416653543307085
21
-2.4732125984251971
0
LINE
8
RED2
6
CONTINUOUS
10
6.4000000000000004
20
-2.1000000000000001
11
6.5499999999999998
21
-2.1000000000000001
0
LINE
8
CYAN2
6
CONTINUOUS
10
6.3728543307086616
20
-2.1278937007874017
11
6.368090551181103
21
-2.125511811023622
0
LINE
8
CYAN2
6
CONTINUOUS
10
6.368090551181103
20
-2.125511811023622
11
6.3633307086614179
21
-2.1207519685039369
0
LINE
8
CYAN2
6
CONTINUOUS
10
6.3633307086614179
20
-2.1207519685039369
11
6.3561889763779531
21
-2.1136062992125986
0
LINE
8
CYAN2
6
CONTINUOUS
10
6.3561889763779531
20
-2.1136062992125986
11
6.3514251968503936
21
-2.1112244094488188
0
LINE
8
CYAN2
6
CONTINUOUS
10
6.3514251968503936
20
-2.1112244094488188
11
6.3466653543307086
21
-2.1112244094488188
0
LINE
8
CYAN2
6
CONTINUOUS
10
6.3490433070866148
20
-2.1231299212598427
11
6.3442834645669297
21
-2.1207519685039369
0
LINE
8
CYAN2
6
CONTINUOUS
10
6.3442834645669297
20
-2.1207519685039369
11
6.3395196850393702
21
-2.1159881889763779
0
LINE
8
CYAN2
6
CONTINUOUS
10
6.3395196850393702
20
-2.1159881889763779
11
6.3371417322834649
21
-2.1064645669291338
0
LINE
8
CYAN2
6
CONTINUOUS
10
6.3371417322834649
20
-2.1064645669291338
11
6.3371417322834649
21
-2.0897992125984253
0
LINE
8
CYAN2
6
CONTINUOUS
10
6.3371417322834649
20
-2.0897992125984253
11
6.3395196850393702
21
-2.0802755905511812
0
LINE
8
CYAN2
6
CONTINUOUS
10
6.3395196850393702
20
-2.0802755905511812
11
6.3442834645669297
21
-2.0755118110236221
0
LINE
8
CYAN2
6
CONTINUOUS
10
6.3442834645669297
20
-2.0755118110236221
11
6.3490433070866148
21
-2.0731299212598424
0
LINE
8
CYAN2
6
CONTINUOUS
10
6.3490433070866148
20
-2.0731299212598424
11
6.3585669291338585
21
-2.0731299212598424
0
LINE
8
CYAN2
6
CONTINUOUS
10
6.3585669291338585
20
-2.0731299212598424
11
6.3633307086614179
21
-2.0755118110236221
0
LINE
8
CYAN2
6
CONTINUOUS
10
6.3633307086614179
20
-2.0755118110236221
11
6.368090551181103
21
-2.0802755905511812
0
LINE
8
CYAN2
6
CONTINUOUS
10
6.368090551181103
20
-2.0802755905511812
11
6.3704724409448819
21
-2.0897992125984253
0
LINE
8
CYAN2
6
CONTINUOUS
10
6.3704724409448819
20
-2.0897992125984253
11
6.3704724409448819
21
-2.1064645669291338
0
LINE
8
CYAN2
6
CONTINUOUS
10
6.3704724409448819
20
-2.1064645669291338
11
6.368090551181103
21
-2.1159881889763779
0
LINE
8
CYAN2
6
CONTINUOUS
10
6.368090551181103
20
-2.1159881889763779
11
6.3633307086614179
21
-2.1207519685039369
0
LINE
8
CYAN2
6
CONTINUOUS
10
6.3633307086614179
20
-2.1207519685039369
11
6.3585669291338585
21
-2.1231299212598427
0
LINE
8
CYAN2
6
CONTINUOUS
10
6.3585669291338585
20
-2.1231299212598427
11
6.3490433070866148
21
-2.1231299212598427
0
LINE
8
RED3
6
CONTINUOUS
10
6.4583346456692912
20
-2.0398779527559054
11
6.4892874015748037
21
-2.0398779527559054
0
LINE
8
RED3
6
CONTINUOUS
10
6.4892874015748037
20
-2.0398779527559054
11
6.4726181102362208
21
-2.0589251968503937
0
LINE
8
RED3
6
CONTINUOUS
10
6.4726181102362208
20
-2.0589251968503937
11
6.4797637795275591
21
-2.0589251968503937
0
LINE
8
RED3
6
CONTINUOUS
10
6.4797637795275591
20
-2.0589251968503937
11
6.4845236220472442
21
-2.0613070866141734
0
LINE
8
RED3
6
CONTINUOUS
10
6.4845236220472442
20
-2.0613070866141734
11
6.4869055118110239
21
-2.0636889763779527
0
LINE
8
RED3
6
CONTINUOUS
10
6.4869055118110239
20
-2.0636889763779527
11
6.4892874015748037
21
-2.0684488188976378
0
LINE
8
RED3
6
CONTINUOUS
10
6.4892874015748037
20
-2.0684488188976378
11
6.4892874015748037
21
-2.0803543307086616
0
LINE
8
RED3
6
CONTINUOUS
10
6.4892874015748037
20
-2.0803543307086616
11
6.4869055118110239
21
-2.0851181102362206
0
LINE
8
RED3
6
CONTINUOUS
10
6.4869055118110239
20
-2.0851181102362206
11
6.4845236220472442
21
-2.0874999999999999
0
LINE
8
RED3
6
CONTINUOUS
10
6.4845236220472442
20
-2.0874999999999999
11
6.4797637795275591
21
-2.0898779527559057
0
LINE
8
RED3
6
CONTINUOUS
10
6.4797637795275591
20
-2.0898779527559057
11
6.465476377952756
21
-2.0898779527559057
0
LINE
8
RED3
6
CONTINUOUS
10
6.465476377952756
20
-2.0898779527559057
11
6.4607165354330709
21
-2.0874999999999999
0
LINE
8
RED3
6
CONTINUOUS
10
6.4607165354330709
20
-2.0874999999999999
11
6.4583346456692912
21
-2.0851181102362206
0
LINE
8
RED2
6
CONTINUOUS
10
6.4000000000000004
20
-2.3000000000000003
11
6.5499999999999998
21
-2.3000000000000003
0
LINE
8
CYAN2
6
CONTINUOUS
10
6.2704724409448822
20
-2.3231299212598424
11
6.2704724409448822
21
-2.2731299212598426
0
LINE
8
CYAN2
6
CONTINUOUS
10
6.2704724409448822
20
-2.2731299212598426
11
6.2823779527559056
21
-2.2731299212598426
0
LINE
8
CYAN2
6
CONTINUOUS
10
6.2823779527559056
20
-2.2731299212598426
11
6.2895196850393704
21
-2.2755118110236223
0
LINE
8
CYAN2
6
CONTINUOUS
10
6.2895196850393704
20
-2.2755118110236223
11
6.294283464566929
21
-2.2802755905511813
0
LINE
8
CYAN2
6
CONTINUOUS
10
6.294283464566929
20
-2.2802755905511813
11
6.2966653543307087
21
-2.2850354330708664
0
LINE
8
CYAN2
6
CONTINUOUS
10
6.2966653543307087
20
-2.2850354330708664
11
6.2990433070866141
21
-2.2945590551181105
0
LINE
8
CYAN2
6
CONTINUOUS
10
6.2990433070866141
20
-2.2945590551181105
11
6.2990433070866141
21
-2.3017007874015749
0
LINE
8
CYAN2
6
CONTINUOUS
10
6.2990433070866141
20
-2.3017007874015749
11
6.2966653543307087
21
-2.311224409448819
0
LINE
8
CYAN2
6
CONTINUOUS
10
6.2966653543307087
20
-2.311224409448819
11
6.294283464566929
21
-2.315988188976378
0
LINE
8
CYAN2
6
CONTINUOUS
10
6.294283464566929
20
-2.315988188976378
11
6.2895196850393704
21
-2.3207519685039371
0
LINE
8
CYAN2
6
CONTINUOUS
10
6.2895196850393704
20
-2.3207519685039371
11
6.2823779527559056
21
-2.3231299212598424
0
LINE
8
CYAN2
6
CONTINUOUS
10
6.2823779527559056
20
-2.3231299212598424
11
6.2704724409448822
21
-2.3231299212598424
0
LINE
8
CYAN2
6
CONTINUOUS
10
6.320472440944882
20
-2.3231299212598424
11
6.320472440944882
21
-2.2731299212598426
0
LINE
8
CYAN2
6
CONTINUOUS
10
6.3419055118110235
20
-2.3207519685039371
11
6.3490472440944883
21
-2.3231299212598424
0
LINE
8
CYAN2
6
CONTINUOUS
10
6.3490472440944883
20
-2.3231299212598424
11
6.3609527559055117
21
-2.3231299212598424
0
LINE
8
CYAN2
6
CONTINUOUS
10
6.3609527559055117
20
-2.3231299212598424
11
6.3657125984251968
21
-2.3207519685039371
0
LINE
8
CYAN2
6
CONTINUOUS
10
6.3657125984251968
20
-2.3207519685039371
11
6.3680944881889765
21
-2.3183700787401578
0
LINE
8
CYAN2
6
CONTINUOUS
10
6.3680944881889765
20
-2.3183700787401578
11
6.3704763779527562
21
-2.3136062992125983
0
LINE
8
CYAN2
6
CONTINUOUS
10
6.3704763779527562
20
-2.3136062992125983
11
6.3704763779527562
21
-2.3088464566929137
0
LINE
8
CYAN2
6
CONTINUOUS
10
6.3704763779527562
20
-2.3088464566929137
11
6.3680944881889765
21
-2.3040826771653542
0
LINE
8
CYAN2
6
CONTINUOUS
10
6.3680944881889765
20
-2.3040826771653542
11
6.3657125984251968
21
-2.3017007874015749
0
LINE
8
CYAN2
6
CONTINUOUS
10
6.3657125984251968
20
-2.3017007874015749
11
6.3609527559055117
21
-2.2993228346456696
0
LINE
8
CYAN2
6
CONTINUOUS
10
6.3609527559055117
20
-2.2993228346456696
11
6.351429133858268
21
-2.2969409448818898
0
LINE
8
CYAN2
6
CONTINUOUS
10
6.351429133858268
20
-2.2969409448818898
11
6.3466653543307086
21
-2.2945590551181105
0
LINE
8
CYAN2
6
CONTINUOUS
10
6.3466653543307086
20
-2.2945590551181105
11
6.3442834645669297
21
-2.2921771653543308
0
LINE
8
CYAN2
6
CONTINUOUS
10
6.3442834645669297
20
-2.2921771653543308
11
6.3419055118110235
21
-2.2874173228346457
0
LINE
8
CYAN2
6
CONTINUOUS
10
6.3419055118110235
20
-2.2874173228346457
11
6.3419055118110235
21
-2.2826535433070867
0
LINE
8
CYAN2
6
CONTINUOUS
10
6.3419055118110235
20
-2.2826535433070867
11
6.3442834645669297
21
-2.2778937007874016
0
LINE
8
CYAN2
6
CONTINUOUS
10
6.3442834645669297
20
-2.2778937007874016
11
6.3466653543307086
21
-2.2755118110236223
0
LINE
8
CYAN2
6
CONTINUOUS
10
6.3466653543307086
20
-2.2755118110236223
11
6.351429133858268
21
-2.2731299212598426
0
LINE
8
CYAN2
6
CONTINUOUS
10
6.351429133858268
20
-2.2731299212598426
11
6.3633307086614179
21
-2.2731299212598426
0
LINE
8
CYAN2
6
CONTINUOUS
10
6.3633307086614179
20
-2.2731299212598426
11
6.3704763779527562
21
-2.2755118110236223
0
LINE
8
RED3
6
CONTINUOUS
10
6.4583346456692912
20
-2.2398779527559056
11
6.491665354330709
21
-2.2398779527559056
0
LINE
8
RED3
6
CONTINUOUS
10
6.491665354330709
20
-2.2398779527559056
11
6.4702401574803154
21
-2.2898779527559054
0
LINE
8
RED2
6
CONTINUOUS
10
6.4000000000000004
20
-2.5
11
6.5499999999999998
21
-2.5
0
LINE
8
CYAN2
6
CONTINUOUS
10
6.2442834645669292
20
-2.4731299212598428
11
6.2728543307086619
21
-2.4731299212598428
0
LINE
8
CYAN2
6
CONTINUOUS
10
6.2585708661417323
20
-2.5231299212598426
11
6.2585708661417323
21
-2.4731299212598428
0
LINE
8
CYAN2
6
CONTINUOUS
10
6.2895196850393704
20
-2.5231299212598426
11
6.2895196850393704
21
-2.4731299212598428
0
LINE
8
CYAN2
6
CONTINUOUS
10
6.2895196850393704
20
-2.49694094488189
11
6.3180905511811023
21
-2.49694094488189
0
LINE
8
CYAN2
6
CONTINUOUS
10
6.3180905511811023
20
-2.5231299212598426
11
6.3180905511811023
21
-2.4731299212598428
0
LINE
8
CYAN2
6
CONTINUOUS
10
6.3704724409448819
20
-2.5231299212598426
11
6.3538070866141734
21
-2.4993228346456693
0
LINE
8
CYAN2
6
CONTINUOUS
10
6.34190157480315
20
-2.5231299212598426
11
6.34190157480315
21
-2.4731299212598428
0
LINE
8
CYAN2
6
CONTINUOUS
10
6.34190157480315
20
-2.4731299212598428
11
6.3609488188976382
21
-2.4731299212598428
0
LINE
8
CYAN2
6
CONTINUOUS
10
6.3609488188976382
20
-2.4731299212598428
11
6.3657125984251968
21
-2.4755118110236221
0
LINE
8
CYAN2
6
CONTINUOUS
10
6.3657125984251968
20
-2.4755118110236221
11
6.3680944881889765
21
-2.4778937007874018
0
LINE
8
CYAN2
6
CONTINUOUS
10
6.3680944881889765
20
-2.4778937007874018
11
6.3704724409448819
21
-2.4826535433070869
0
LINE
8
CYAN2
6
CONTINUOUS
10
6.3704724409448819
20
-2.4826535433070869
11
6.3704724409448819
21
-2.4897992125984252
0
LINE
8
CYAN2
6
CONTINUOUS
10
6.3704724409448819
20
-2.4897992125984252
11
6.3680944881889765
21
-2.4945590551181103
0
LINE
8
CYAN2
6
CONTINUOUS
10
6.3680944881889765
20
-2.4945590551181103
11
6.3657125984251968
21
-2.49694094488189
0
LINE
8
CYAN2
6
CONTINUOUS
10
6.3657125984251968
20
-2.49694094488189
11
6.3609488188976382
21
-2.4993228346456693
0
LINE
8
CYAN2
6
CONTINUOUS
10
6.3609488188976382
20
-2.4993228346456693
11
6.34190157480315
21
-2.4993228346456693
0
LINE
8
RED3
6
CONTINUOUS
10
6.4845236220472442
20
-2.4398779527559058
11
6.4750000000000005
21
-2.4398779527559058
0
LINE
8
RED3
6
CONTINUOUS
10
6.4750000000000005
20
-2.4398779527559058
11
6.4702401574803154
21
-2.4422598425196851
0
LINE
8
RED3
6
CONTINUOUS
10
6.4702401574803154
20
-2.4422598425196851
11
6.4678582677165357
21
-2.4446417322834648
0
LINE
8
RED3
6
CONTINUOUS
10
6.4678582677165357
20
-2.4446417322834648
11
6.4630944881889762
21
-2.4517834645669292
0
LINE
8
RED3
6
CONTINUOUS
10
6.4630944881889762
20
-2.4517834645669292
11
6.4607165354330709
21
-2.4613070866141733
0
LINE
8
RED3
6
CONTINUOUS
10
6.4607165354330709
20
-2.4613070866141733
11
6.4607165354330709
21
-2.4803543307086615
0
LINE
8
RED3
6
CONTINUOUS
10
6.4607165354330709
20
-2.4803543307086615
11
6.4630944881889762
21
-2.4851181102362205
0
LINE
8
RED3
6
CONTINUOUS
10
6.4630944881889762
20
-2.4851181102362205
11
6.465476377952756
21
-2.4875000000000003
0
LINE
8
RED3
6
CONTINUOUS
10
6.465476377952756
20
-2.4875000000000003
11
6.4702401574803154
21
-2.4898779527559056
0
LINE
8
RED3
6
CONTINUOUS
10
6.4702401574803154
20
-2.4898779527559056
11
6.4797637795275591
21
-2.4898779527559056
0
LINE
8
RED3
6
CONTINUOUS
10
6.4797637795275591
20
-2.4898779527559056
11
6.4845236220472442
21
-2.4875000000000003
0
LINE
8
RED3
6
CONTINUOUS
10
6.4845236220472442
20
-2.4875000000000003
11
6.4869055118110239
21
-2.4851181102362205
0
LINE
8
RED3
6
CONTINUOUS
10
6.4869055118110239
20
-2.4851181102362205
11
6.4892874015748037
21
-2.4803543307086615
0
LINE
8
RED3
6
CONTINUOUS
10
6.4892874015748037
20
-2.4803543307086615
11
6.4892874015748037
21
-2.4684488188976377
0
LINE
8
RED3
6
CONTINUOUS
10
6.4892874015748037
20
-2.4684488188976377
11
6.4869055118110239
21
-2.463688976377953
0
LINE
8
RED3
6
CONTINUOUS
10
6.4869055118110239
20
-2.463688976377953
11
6.4845236220472442
21
-2.4613070866141733
0
LINE
8
RED3
6
CONTINUOUS
10
6.4845236220472442
20
-2.4613070866141733
11
6.4797637795275591
21
-2.458925196850394
0
LINE
8
RED3
6
CONTINUOUS
10
6.4797637795275591
20
-2.458925196850394
11
6.4702401574803154
21
-2.458925196850394
0
LINE
8
RED3
6
CONTINUOUS
10
6.4702401574803154
20
-2.458925196850394
11
6.465476377952756
21
-2.4613070866141733
0
LINE
8
RED3
6
CONTINUOUS
10
6.465476377952756
20
-2.4613070866141733
11
6.4630944881889762
21
-2.463688976377953
0
LINE
8
RED3
6
CONTINUOUS
10
6.4630944881889762
20
-2.463688976377953
11
6.4607165354330709
21
-2.4684488188976377
0
LINE
8
CYAN2
6
CONTINUOUS
10
6.1506614173228344
20
-1.7728031496062993
11
6.1506614173228344
21
-1.8132795275590552
0
LINE
8
CYAN2
6
CONTINUOUS
10
6.1506614173228344
20
-1.8132795275590552
11
6.1530433070866142
21
-1.8180433070866142
0
LINE
8
CYAN2
6
CONTINUOUS
10
6.1530433070866142
20
-1.8180433070866142
11
6.1554251968503939
21
-1.8204251968503937
0
LINE
8
CYAN2
6
CONTINUOUS
10
6.1554251968503939
20
-1.8204251968503937
11
6.160185039370079
21
-1.8228031496062993
0
LINE
8
CYAN2
6
CONTINUOUS
10
6.160185039370079
20
-1.8228031496062993
11
6.1697086614173227
21
-1.8228031496062993
0
LINE
8
CYAN2
6
CONTINUOUS
10
6.1697086614173227
20
-1.8228031496062993
11
6.1744724409448821
21
-1.8204251968503937
0
LINE
8
CYAN2
6
CONTINUOUS
10
6.1744724409448821
20
-1.8204251968503937
11
6.1768543307086619
21
-1.8180433070866142
0
LINE
8
CYAN2
6
CONTINUOUS
10
6.1768543307086619
20
-1.8180433070866142
11
6.1792322834645672
21
-1.8132795275590552
0
LINE
8
CYAN2
6
CONTINUOUS
10
6.1792322834645672
20
-1.8132795275590552
11
6.1792322834645672
21
-1.7728031496062993
0
LINE
8
CYAN2
6
CONTINUOUS
10
6.2006653543307086
20
-1.7775669291338583
11
6.203043307086614
21
-1.7751850393700788
0
LINE
8
CYAN2
6
CONTINUOUS
10
6.203043307086614
20
-1.7751850393700788
11
6.2078070866141735
21
-1.7728031496062993
0
LINE
8
CYAN2
6
CONTINUOUS
10
6.2078070866141735
20
-1.7728031496062993
11
6.2197125984251969
21
-1.7728031496062993
0
LINE
8
CYAN2
6
CONTINUOUS
10
6.2197125984251969
20
-1.7728031496062993
11
6.2244724409448819
21
-1.7751850393700788
0
LINE
8
CYAN2
6
CONTINUOUS
10
6.2244724409448819
20
-1.7751850393700788
11
6.2268543307086617
21
-1.7775669291338583
0
LINE
8
CYAN2
6
CONTINUOUS
10
6.2268543307086617
20
-1.7775669291338583
11
6.2292362204724414
21
-1.7823267716535434
0
LINE
8
CYAN2
6
CONTINUOUS
10
6.2292362204724414
20
-1.7823267716535434
11
6.2292362204724414
21
-1.7870905511811024
0
LINE
8
CYAN2
6
CONTINUOUS
10
6.2292362204724414
20
-1.7870905511811024
11
6.2268543307086617
21
-1.794232283464567
0
LINE
8
CYAN2
6
CONTINUOUS
10
6.2268543307086617
20
-1.794232283464567
11
6.1982834645669298
21
-1.8228031496062993
0
LINE
8
CYAN2
6
CONTINUOUS
10
6.1982834645669298
20
-1.8228031496062993
11
6.2292362204724414
21
-1.8228031496062993
0
LINE
8
CYAN2
6
CONTINUOUS
10
6.2459015748031499
20
-1.7728031496062993
11
6.2768543307086615
21
-1.7728031496062993
0
LINE
8
CYAN2
6
CONTINUOUS
10
6.2768543307086615
20
-1.7728031496062993
11
6.2601850393700786
21
-1.7918503937007875
0
LINE
8
CYAN2
6
CONTINUOUS
10
6.2601850393700786
20
-1.7918503937007875
11
6.2673307086614178
21
-1.7918503937007875
0
LINE
8
CYAN2
6
CONTINUOUS
10
6.2673307086614178
20
-1.7918503937007875
11
6.2720905511811029
21
-1.794232283464567
0
LINE
8
CYAN2
6
CONTINUOUS
10
6.2720905511811029
20
-1.794232283464567
11
6.2744724409448818
21
-1.7966141732283465
0
LINE
8
CYAN2
6
CONTINUOUS
10
6.2744724409448818
20
-1.7966141732283465
11
6.2768543307086615
21
-1.8013740157480316
0
LINE
8
CYAN2
6
CONTINUOUS
10
6.2768543307086615
20
-1.8013740157480316
11
6.2768543307086615
21
-1.8132795275590552
0
LINE
8
CYAN2
6
CONTINUOUS
10
6.2768543307086615
20
-1.8132795275590552
11
6.2744724409448818
21
-1.8180433070866142
0
LINE
8
CYAN2
6
CONTINUOUS
10
6.2744724409448818
20
-1.8180433070866142
11
6.2720905511811029
21
-1.8204251968503937
0
LINE
8
CYAN2
6
CONTINUOUS
10
6.2720905511811029
20
-1.8204251968503937
11
6.2673307086614178
21
-1.8228031496062993
0
LINE
8
CYAN2
6
CONTINUOUS
10
6.2673307086614178
20
-1.8228031496062993
11
6.2530433070866147
21
-1.8228031496062993
0
LINE
8
CYAN2
6
CONTINUOUS
10
6.2530433070866147
20
-1.8228031496062993
11
6.2482834645669296
21
-1.8204251968503937
0
LINE
8
CYAN2
6
CONTINUOUS
10
6.2482834645669296
20
-1.8204251968503937
11
6.2459015748031499
21
-1.8180433070866142
0
LINE
8
CYAN2
6
CONTINUOUS
10
6.1744724409448821
20
-1.9228031496062994
11
6.1506614173228344
21
-1.9228031496062994
0
LINE
8
CYAN2
6
CONTINUOUS
10
6.1506614173228344
20
-1.9228031496062994
11
6.1506614173228344
21
-1.8728031496062993
0
LINE
8
CYAN2
6
CONTINUOUS
10
6.1911377952755906
20
-1.9228031496062994
11
6.1911377952755906
21
-1.8728031496062993
0
LINE
8
CYAN2
6
CONTINUOUS
10
6.1911377952755906
20
-1.8728031496062993
11
6.2078070866141735
21
-1.9085196850393702
0
LINE
8
CYAN2
6
CONTINUOUS
10
6.2078070866141735
20
-1.9085196850393702
11
6.2244724409448819
21
-1.8728031496062993
0
LINE
8
CYAN2
6
CONTINUOUS
10
6.2244724409448819
20
-1.8728031496062993
11
6.2244724409448819
21
-1.9228031496062994
0
LINE
8
CYAN2
6
CONTINUOUS
10
6.2720905511811029
20
-1.8728031496062993
11
6.2482795275590552
21
-1.8728031496062993
0
LINE
8
CYAN2
6
CONTINUOUS
10
6.2482795275590552
20
-1.8728031496062993
11
6.2459015748031499
21
-1.8966141732283466
0
LINE
8
CYAN2
6
CONTINUOUS
10
6.2459015748031499
20
-1.8966141732283466
11
6.2482795275590552
21
-1.8942322834645671
0
LINE
8
CYAN2
6
CONTINUOUS
10
6.2482795275590552
20
-1.8942322834645671
11
6.2530433070866147
21
-1.8918503937007876
0
LINE
8
CYAN2
6
CONTINUOUS
10
6.2530433070866147
20
-1.8918503937007876
11
6.2649488188976381
21
-1.8918503937007876
0
LINE
8
CYAN2
6
CONTINUOUS
10
6.2649488188976381
20
-1.8918503937007876
11
6.2697086614173232
21
-1.8942322834645671
0
LINE
8
CYAN2
6
CONTINUOUS
10
6.2697086614173232
20
-1.8942322834645671
11
6.2720905511811029
21
-1.8966141732283466
0
LINE
8
CYAN2
6
CONTINUOUS
10
6.2720905511811029
20
-1.8966141732283466
11
6.2744724409448818
21
-1.9013740157480317
0
LINE
8
CYAN2
6
CONTINUOUS
10
6.2744724409448818
20
-1.9013740157480317
11
6.2744724409448818
21
-1.9132795275590553
0
LINE
8
CYAN2
6
CONTINUOUS
10
6.2744724409448818
20
-1.9132795275590553
11
6.2720905511811029
21
-1.9180433070866143
0
LINE
8
CYAN2
6
CONTINUOUS
10
6.2720905511811029
20
-1.9180433070866143
11
6.2697086614173232
21
-1.9204251968503938
0
LINE
8
CYAN2
6
CONTINUOUS
10
6.2697086614173232
20
-1.9204251968503938
11
6.2649488188976381
21
-1.9228031496062994
0
LINE
8
CYAN2
6
CONTINUOUS
10
6.2649488188976381
20
-1.9228031496062994
11
6.2530433070866147
21
-1.9228031496062994
0
LINE
8
CYAN2
6
CONTINUOUS
10
6.2530433070866147
20
-1.9228031496062994
11
6.2482795275590552
21
-1.9204251968503938
0
LINE
8
CYAN2
6
CONTINUOUS
10
6.2482795275590552
20
-1.9204251968503938
11
6.2459015748031499
21
-1.9180433070866143
0
LINE
8
CYAN2
6
CONTINUOUS
10
6.319708661417323
20
-1.8728031496062993
11
6.2958976377952762
21
-1.8728031496062993
0
LINE
8
CYAN2
6
CONTINUOUS
10
6.2958976377952762
20
-1.8728031496062993
11
6.29351968503937
21
-1.8966141732283466
0
LINE
8
CYAN2
6
CONTINUOUS
10
6.29351968503937
20
-1.8966141732283466
11
6.2958976377952762
21
-1.8942322834645671
0
LINE
8
CYAN2
6
CONTINUOUS
10
6.2958976377952762
20
-1.8942322834645671
11
6.3006614173228348
21
-1.8918503937007876
0
LINE
8
CYAN2
6
CONTINUOUS
10
6.3006614173228348
20
-1.8918503937007876
11
6.3125669291338582
21
-1.8918503937007876
0
LINE
8
CYAN2
6
CONTINUOUS
10
6.3125669291338582
20
-1.8918503937007876
11
6.3173267716535433
21
-1.8942322834645671
0
LINE
8
CYAN2
6
CONTINUOUS
10
6.3173267716535433
20
-1.8942322834645671
11
6.319708661417323
21
-1.8966141732283466
0
LINE
8
CYAN2
6
CONTINUOUS
10
6.319708661417323
20
-1.8966141732283466
11
6.3220905511811027
21
-1.9013740157480317
0
LINE
8
CYAN2
6
CONTINUOUS
10
6.3220905511811027
20
-1.9013740157480317
11
6.3220905511811027
21
-1.9132795275590553
0
LINE
8
CYAN2
6
CONTINUOUS
10
6.3220905511811027
20
-1.9132795275590553
11
6.319708661417323
21
-1.9180433070866143
0
LINE
8
CYAN2
6
CONTINUOUS
10
6.319708661417323
20
-1.9180433070866143
11
6.3173267716535433
21
-1.9204251968503938
0
LINE
8
CYAN2
6
CONTINUOUS
10
6.3173267716535433
20
-1.9204251968503938
11
6.3125669291338582
21
-1.9228031496062994
0
LINE
8
CYAN2
6
CONTINUOUS
10
6.3125669291338582
20
-1.9228031496062994
11
6.3006614173228348
21
-1.9228031496062994
0
LINE
8
CYAN2
6
CONTINUOUS
10
6.3006614173228348
20
-1.9228031496062994
11
6.2958976377952762
21
-1.9204251968503938
0
LINE
8
CYAN2
6
CONTINUOUS
10
6.2958976377952762
20
-1.9204251968503938
11
6.29351968503937
21
-1.9180433070866143
0
LINE
8
CYAN2
6
CONTINUOUS
10
6.3673267716535431
20
-1.8728031496062993
11
6.3435157480314963
21
-1.8728031496062993
0
LINE
8
CYAN2
6
CONTINUOUS
10
6.3435157480314963
20
-1.8728031496062993
11
6.341137795275591
21
-1.8966141732283466
0
LINE
8
CYAN2
6
CONTINUOUS
10
6.341137795275591
20
-1.8966141732283466
11
6.3435157480314963
21
-1.8942322834645671
0
LINE
8
CYAN2
6
CONTINUOUS
10
6.3435157480314963
20
-1.8942322834645671
11
6.3482795275590558
21
-1.8918503937007876
0
LINE
8
CYAN2
6
CONTINUOUS
10
6.3482795275590558
20
-1.8918503937007876
11
6.3601850393700792
21
-1.8918503937007876
0
LINE
8
CYAN2
6
CONTINUOUS
10
6.3601850393700792
20
-1.8918503937007876
11
6.3649448818897643
21
-1.8942322834645671
0
LINE
8
CYAN2
6
CONTINUOUS
10
6.3649448818897643
20
-1.8942322834645671
11
6.3673267716535431
21
-1.8966141732283466
0
LINE
8
CYAN2
6
CONTINUOUS
10
6.3673267716535431
20
-1.8966141732283466
11
6.3697086614173228
21
-1.9013740157480317
0
LINE
8
CYAN2
6
CONTINUOUS
10
6.3697086614173228
20
-1.9013740157480317
11
6.3697086614173228
21
-1.9132795275590553
0
LINE
8
CYAN2
6
CONTINUOUS
10
6.3697086614173228
20
-1.9132795275590553
11
6.3673267716535431
21
-1.9180433070866143
0
LINE
8
CYAN2
6
CONTINUOUS
10
6.3673267716535431
20
-1.9180433070866143
11
6.3649448818897643
21
-1.9204251968503938
0
LINE
8
CYAN2
6
CONTINUOUS
10
6.3649448818897643
20
-1.9204251968503938
11
6.3601850393700792
21
-1.9228031496062994
0
LINE
8
CYAN2
6
CONTINUOUS
10
6.3601850393700792
20
-1.9228031496062994
11
6.3482795275590558
21
-1.9228031496062994
0
LINE
8
CYAN2
6
CONTINUOUS
10
6.3482795275590558
20
-1.9228031496062994
11
6.3435157480314963
21
-1.9204251968503938
0
LINE
8
CYAN2
6
CONTINUOUS
10
6.3435157480314963
20
-1.9204251968503938
11
6.341137795275591
21
-1.9180433070866143
0
LINE
8
CYAN2
6
CONTINUOUS
10
6.3863740157480313
20
-1.9228031496062994
11
6.4125629921259844
21
-1.889472440944882
0
LINE
8
CYAN2
6
CONTINUOUS
10
6.3863740157480313
20
-1.889472440944882
11
6.4125629921259844
21
-1.9228031496062994
0
LINE
8
CYAN2
6
CONTINUOUS
10
6.4316102362204726
20
-1.9228031496062994
11
6.4316102362204726
21
-1.8728031496062993
0
LINE
8
CYAN2
6
CONTINUOUS
10
6.4316102362204726
20
-1.8728031496062993
11
6.4482795275590554
21
-1.9085196850393702
0
LINE
8
CYAN2
6
CONTINUOUS
10
6.4482795275590554
20
-1.9085196850393702
11
6.4649448818897639
21
-1.8728031496062993
0
LINE
8
CYAN2
6
CONTINUOUS
10
6.4649448818897639
20
-1.8728031496062993
11
6.4649448818897639
21
-1.9228031496062994
0
LINE
8
LYELLOW
6
CONTINUOUS
10
7.9250000000000007
20
-2.25
11
7.9250000000000007
21
-2.5500000000000003
0
LINE
8
LYELLOW
6
CONTINUOUS
10
7.9250000000000007
20
-2.5500000000000003
11
8.1750000000000007
21
-2.5500000000000003
0
LINE
8
LYELLOW
6
CONTINUOUS
10
8.1750000000000007
20
-2.5500000000000003
11
8.1750000000000007
21
-2.25
0
LINE
8
LYELLOW
6
CONTINUOUS
10
8.1750000000000007
20
-2.25
11
7.9250000000000007
21
-2.25
0
CIRCLE
8
RED2
10
7.9700000000000006
20
-2.3999999999999999
40
0.018
0
LINE
8
RED2
6
CONTINUOUS
10
7.9850000000000003
20
-2.3900000000000001
11
8.1150000000000002
21
-2.3100000000000001
0
CIRCLE
8
RED2
10
8.1300000000000008
20
-2.3000000000000003
40
0.018
0
CIRCLE
8
RED2
10
8.1300000000000008
20
-2.5
40
0.018
0
LINE
8
RED2
6
CONTINUOUS
10
7.9250000000000007
20
-2.25
11
7.9250000000000007
21
-2.5500000000000003
0
LINE
8
RED2
6
CONTINUOUS
10
7.9250000000000007
20
-2.5500000000000003
11
8.1750000000000007
21
-2.5500000000000003
0
LINE
8
RED2
6
CONTINUOUS
10
8.1750000000000007
20
-2.5500000000000003
11
8.1750000000000007
21
-2.25
0
LINE
8
RED2
6
CONTINUOUS
10
8.1750000000000007
20
-2.25
11
7.9250000000000007
21
-2.25
0
LINE
8
RED2
6
CONTINUOUS
10
7.9500000000000002
20
-2.3999999999999999
11
7.8500000000000005
21
-2.3999999999999999
0
LINE
8
RED3
6
CONTINUOUS
10
7.8857165354330716
20
-2.3446417322834647
11
7.888094488188977
21
-2.342259842519685
0
LINE
8
RED3
6
CONTINUOUS
10
7.888094488188977
20
-2.342259842519685
11
7.8928582677165355
21
-2.3398779527559057
0
LINE
8
RED3
6
CONTINUOUS
10
7.8928582677165355
20
-2.3398779527559057
11
7.9047637795275589
21
-2.3398779527559057
0
LINE
8
RED3
6
CONTINUOUS
10
7.9047637795275589
20
-2.3398779527559057
11
7.909523622047244
21
-2.342259842519685
0
LINE
8
RED3
6
CONTINUOUS
10
7.909523622047244
20
-2.342259842519685
11
7.9119055118110238
21
-2.3446417322834647
0
LINE
8
RED3
6
CONTINUOUS
10
7.9119055118110238
20
-2.3446417322834647
11
7.9142874015748035
21
-2.3494015748031498
0
LINE
8
RED3
6
CONTINUOUS
10
7.9142874015748035
20
-2.3494015748031498
11
7.9142874015748035
21
-2.3541653543307088
0
LINE
8
RED3
6
CONTINUOUS
10
7.9142874015748035
20
-2.3541653543307088
11
7.9119055118110238
21
-2.3613070866141732
0
LINE
8
RED3
6
CONTINUOUS
10
7.9119055118110238
20
-2.3613070866141732
11
7.8833346456692919
21
-2.3898779527559055
0
LINE
8
RED3
6
CONTINUOUS
10
7.8833346456692919
20
-2.3898779527559055
11
7.9142874015748035
21
-2.3898779527559055
0
LINE
8
RED2
6
CONTINUOUS
10
8.1500000000000004
20
-2.3000000000000003
11
8.25
21
-2.3000000000000003
0
LINE
8
RED3
6
CONTINUOUS
10
8.2142874015748042
20
-2.2898779527559054
11
8.1857165354330714
21
-2.2898779527559054
0
LINE
8
RED3
6
CONTINUOUS
10
8.2000000000000011
20
-2.2898779527559054
11
8.2000000000000011
21
-2.2398779527559056
0
LINE
8
RED3
6
CONTINUOUS
10
8.2000000000000011
20
-2.2398779527559056
11
8.1952401574803151
21
-2.2470236220472444
0
LINE
8
RED3
6
CONTINUOUS
10
8.1952401574803151
20
-2.2470236220472444
11
8.1904763779527556
21
-2.251783464566929
0
LINE
8
RED3
6
CONTINUOUS
10
8.1904763779527556
20
-2.251783464566929
11
8.1857165354330714
21
-2.2541653543307087
0
LINE
8
RED2
6
CONTINUOUS
10
8.1500000000000004
20
-2.5
11
8.25
21
-2.5
0
LINE
8
RED3
6
CONTINUOUS
10
8.1833346456692908
20
-2.4398779527559058
11
8.2142874015748042
21
-2.4398779527559058
0
LINE
8
RED3
6
CONTINUOUS
10
8.2142874015748042
20
-2.4398779527559058
11
8.1976181102362204
21
-2.458925196850394
0
LINE
8
RED3
6
CONTINUOUS
10
8.1976181102362204
20
-2.458925196850394
11
8.2047637795275588
21
-2.458925196850394
0
LINE
8
RED3
6
CONTINUOUS
10
8.2047637795275588
20
-2.458925196850394
11
8.2095236220472447
21
-2.4613070866141733
0
LINE
8
RED3
6
CONTINUOUS
10
8.2095236220472447
20
-2.4613070866141733
11
8.2119055118110236
21
-2.463688976377953
0
LINE
8
RED3
6
CONTINUOUS
10
8.2119055118110236
20
-2.463688976377953
11
8.2142874015748042
21
-2.4684488188976377
0
LINE
8
RED3
6
CONTINUOUS
10
8.2142874015748042
20
-2.4684488188976377
11
8.2142874015748042
21
-2.4803543307086615
0
LINE
8
RED3
6
CONTINUOUS
10
8.2142874015748042
20
-2.4803543307086615
11
8.2119055118110236
21
-2.4851181102362205
0
LINE
8
RED3
6
CONTINUOUS
10
8.2119055118110236
20
-2.4851181102362205
11
8.2095236220472447
21
-2.4875000000000003
0
LINE
8
RED3
6
CONTINUOUS
10
8.2095236220472447
20
-2.4875000000000003
11
8.2047637795275588
21
-2.4898779527559056
0
LINE
8
RED3
6
CONTINUOUS
10
8.2047637795275588
20
-2.4898779527559056
11
8.1904763779527556
21
-2.4898779527559056
0
LINE
8
RED3
6
CONTINUOUS
10
8.1904763779527556
20
-2.4898779527559056
11
8.1857165354330714
21
-2.4875000000000003
0
LINE
8
RED3
6
CONTINUOUS
10
8.1857165354330714
20
-2.4875000000000003
11
8.1833346456692908
21
-2.4851181102362205
0
LINE
8
CYAN2
6
CONTINUOUS
10
7.9833346456692915
20
-2.0704251968503939
11
7.9904763779527563
21
-2.0728031496062993
0
LINE
8
CYAN2
6
CONTINUOUS
10
7.9904763779527563
20
-2.0728031496062993
11
8.0023818897637806
21
-2.0728031496062993
0
LINE
8
CYAN2
6
CONTINUOUS
10
8.0023818897637806
20
-2.0728031496062993
11
8.0071417322834648
21
-2.0704251968503939
0
LINE
8
CYAN2
6
CONTINUOUS
10
8.0071417322834648
20
-2.0704251968503939
11
8.0095236220472437
21
-2.0680433070866142
0
LINE
8
CYAN2
6
CONTINUOUS
10
8.0095236220472437
20
-2.0680433070866142
11
8.0119055118110243
21
-2.0632795275590552
0
LINE
8
CYAN2
6
CONTINUOUS
10
8.0119055118110243
20
-2.0632795275590552
11
8.0119055118110243
21
-2.0585196850393701
0
LINE
8
CYAN2
6
CONTINUOUS
10
8.0119055118110243
20
-2.0585196850393701
11
8.0095236220472437
21
-2.0537559055118111
0
LINE
8
CYAN2
6
CONTINUOUS
10
8.0095236220472437
20
-2.0537559055118111
11
8.0071417322834648
21
-2.0513740157480314
0
LINE
8
CYAN2
6
CONTINUOUS
10
8.0071417322834648
20
-2.0513740157480314
11
8.0023818897637806
21
-2.048996062992126
0
LINE
8
CYAN2
6
CONTINUOUS
10
8.0023818897637806
20
-2.048996062992126
11
7.9928582677165361
21
-2.0466141732283467
0
LINE
8
CYAN2
6
CONTINUOUS
10
7.9928582677165361
20
-2.0466141732283467
11
7.9880944881889766
21
-2.044232283464567
0
LINE
8
CYAN2
6
CONTINUOUS
10
7.9880944881889766
20
-2.044232283464567
11
7.9857125984251969
21
-2.0418503937007877
0
LINE
8
CYAN2
6
CONTINUOUS
10
7.9857125984251969
20
-2.0418503937007877
11
7.9833346456692915
21
-2.0370905511811026
0
LINE
8
CYAN2
6
CONTINUOUS
10
7.9833346456692915
20
-2.0370905511811026
11
7.9833346456692915
21
-2.0323267716535436
0
LINE
8
CYAN2
6
CONTINUOUS
10
7.9833346456692915
20
-2.0323267716535436
11
7.9857125984251969
21
-2.0275669291338585
0
LINE
8
CYAN2
6
CONTINUOUS
10
7.9857125984251969
20
-2.0275669291338585
11
7.9880944881889766
21
-2.0251850393700788
0
LINE
8
CYAN2
6
CONTINUOUS
10
7.9880944881889766
20
-2.0251850393700788
11
7.9928582677165361
21
-2.0228031496062995
0
LINE
8
CYAN2
6
CONTINUOUS
10
7.9928582677165361
20
-2.0228031496062995
11
8.004759842519686
21
-2.0228031496062995
0
LINE
8
CYAN2
6
CONTINUOUS
10
8.004759842519686
20
-2.0228031496062995
11
8.0119055118110243
21
-2.0251850393700788
0
LINE
8
CYAN2
6
CONTINUOUS
10
8.0285708661417328
20
-2.0228031496062995
11
8.040476377952757
21
-2.0728031496062993
0
LINE
8
CYAN2
6
CONTINUOUS
10
8.040476377952757
20
-2.0728031496062993
11
8.0500000000000007
21
-2.0370905511811026
0
LINE
8
CYAN2
6
CONTINUOUS
10
8.0500000000000007
20
-2.0370905511811026
11
8.0595236220472444
21
-2.0728031496062993
0
LINE
8
CYAN2
6
CONTINUOUS
10
8.0595236220472444
20
-2.0728031496062993
11
8.0714291338582687
21
-2.0228031496062995
0
LINE
8
CYAN2
6
CONTINUOUS
10
8.0880944881889771
20
-2.0275669291338585
11
8.0904724409448825
21
-2.0251850393700788
0
LINE
8
CYAN2
6
CONTINUOUS
10
8.0904724409448825
20
-2.0251850393700788
11
8.095236220472442
21
-2.0228031496062995
0
LINE
8
CYAN2
6
CONTINUOUS
10
8.095236220472442
20
-2.0228031496062995
11
8.1071417322834645
21
-2.0228031496062995
0
LINE
8
CYAN2
6
CONTINUOUS
10
8.1071417322834645
20
-2.0228031496062995
11
8.1119015748031504
21
-2.0251850393700788
0
LINE
8
CYAN2
6
CONTINUOUS
10
8.1119015748031504
20
-2.0251850393700788
11
8.1142834645669293
21
-2.0275669291338585
0
LINE
8
CYAN2
6
CONTINUOUS
10
8.1142834645669293
20
-2.0275669291338585
11
8.1166653543307081
21
-2.0323267716535436
0
LINE
8
CYAN2
6
CONTINUOUS
10
8.1166653543307081
20
-2.0323267716535436
11
8.1166653543307081
21
-2.0370905511811026
0
LINE
8
CYAN2
6
CONTINUOUS
10
8.1166653543307081
20
-2.0370905511811026
11
8.1142834645669293
21
-2.044232283464567
0
LINE
8
CYAN2
6
CONTINUOUS
10
8.1142834645669293
20
-2.044232283464567
11
8.0857125984251965
21
-2.0728031496062993
0
LINE
8
CYAN2
6
CONTINUOUS
10
8.0857125984251965
20
-2.0728031496062993
11
8.1166653543307081
21
-2.0728031496062993
0
LINE
8
CYAN2
6
CONTINUOUS
10
7.8952401574803153
20
-2.1704251968503936
11
7.9023818897637801
21
-2.1728031496062994
0
LINE
8
CYAN2
6
CONTINUOUS
10
7.9023818897637801
20
-2.1728031496062994
11
7.9142874015748035
21
-2.1728031496062994
0
LINE
8
CYAN2
6
CONTINUOUS
10
7.9142874015748035
20
-2.1728031496062994
11
7.9190472440944886
21
-2.1704251968503936
0
LINE
8
CYAN2
6
CONTINUOUS
10
7.9190472440944886
20
-2.1704251968503936
11
7.9214291338582683
21
-2.1680433070866143
0
LINE
8
CYAN2
6
CONTINUOUS
10
7.9214291338582683
20
-2.1680433070866143
11
7.9238110236220471
21
-2.1632795275590553
0
LINE
8
CYAN2
6
CONTINUOUS
10
7.9238110236220471
20
-2.1632795275590553
11
7.9238110236220471
21
-2.1585196850393702
0
LINE
8
CYAN2
6
CONTINUOUS
10
7.9238110236220471
20
-2.1585196850393702
11
7.9214291338582683
21
-2.1537559055118112
0
LINE
8
CYAN2
6
CONTINUOUS
10
7.9214291338582683
20
-2.1537559055118112
11
7.9190472440944886
21
-2.1513740157480314
0
LINE
8
CYAN2
6
CONTINUOUS
10
7.9190472440944886
20
-2.1513740157480314
11
7.9142874015748035
21
-2.1489960629921261
0
LINE
8
CYAN2
6
CONTINUOUS
10
7.9142874015748035
20
-2.1489960629921261
11
7.9047637795275589
21
-2.1466141732283464
0
LINE
8
CYAN2
6
CONTINUOUS
10
7.9047637795275589
20
-2.1466141732283464
11
7.9000000000000004
21
-2.1442322834645671
0
LINE
8
CYAN2
6
CONTINUOUS
10
7.9000000000000004
20
-2.1442322834645671
11
7.8976181102362206
21
-2.1418503937007873
0
LINE
8
CYAN2
6
CONTINUOUS
10
7.8976181102362206
20
-2.1418503937007873
11
7.8952401574803153
21
-2.1370905511811022
0
LINE
8
CYAN2
6
CONTINUOUS
10
7.8952401574803153
20
-2.1370905511811022
11
7.8952401574803153
21
-2.1323267716535432
0
LINE
8
CYAN2
6
CONTINUOUS
10
7.8952401574803153
20
-2.1323267716535432
11
7.8976181102362206
21
-2.1275669291338581
0
LINE
8
CYAN2
6
CONTINUOUS
10
7.8976181102362206
20
-2.1275669291338581
11
7.9000000000000004
21
-2.1251850393700789
0
LINE
8
CYAN2
6
CONTINUOUS
10
7.9000000000000004
20
-2.1251850393700789
11
7.9047637795275589
21
-2.1228031496062991
0
LINE
8
CYAN2
6
CONTINUOUS
10
7.9047637795275589
20
-2.1228031496062991
11
7.9166653543307088
21
-2.1228031496062991
0
LINE
8
CYAN2
6
CONTINUOUS
10
7.9166653543307088
20
-2.1228031496062991
11
7.9238110236220471
21
-2.1251850393700789
0
LINE
8
CYAN2
6
CONTINUOUS
10
7.9404763779527565
20
-2.1228031496062991
11
7.9523818897637799
21
-2.1728031496062994
0
LINE
8
CYAN2
6
CONTINUOUS
10
7.9523818897637799
20
-2.1728031496062994
11
7.9619055118110236
21
-2.1370905511811022
0
LINE
8
CYAN2
6
CONTINUOUS
10
7.9619055118110236
20
-2.1370905511811022
11
7.9714291338582681
21
-2.1728031496062994
0
LINE
8
CYAN2
6
CONTINUOUS
10
7.9714291338582681
20
-2.1728031496062994
11
7.9833346456692915
21
-2.1228031496062991
0
LINE
8
CYAN2
6
CONTINUOUS
10
7.9904763779527563
20
-2.1775669291338584
11
8.0285708661417328
21
-2.1775669291338584
0
LINE
8
CYAN2
6
CONTINUOUS
10
8.0380944881889764
20
-2.1704251968503936
11
8.0452362204724412
21
-2.1728031496062994
0
LINE
8
CYAN2
6
CONTINUOUS
10
8.0452362204724412
20
-2.1728031496062994
11
8.0571417322834655
21
-2.1728031496062994
0
LINE
8
CYAN2
6
CONTINUOUS
10
8.0571417322834655
20
-2.1728031496062994
11
8.0619015748031497
21
-2.1704251968503936
0
LINE
8
CYAN2
6
CONTINUOUS
10
8.0619015748031497
20
-2.1704251968503936
11
8.0642834645669286
21
-2.1680433070866143
0
LINE
8
CYAN2
6
CONTINUOUS
10
8.0642834645669286
20
-2.1680433070866143
11
8.0666653543307092
21
-2.1632795275590553
0
LINE
8
CYAN2
6
CONTINUOUS
10
8.0666653543307092
20
-2.1632795275590553
11
8.0666653543307092
21
-2.1585196850393702
0
LINE
8
CYAN2
6
CONTINUOUS
10
8.0666653543307092
20
-2.1585196850393702
11
8.0642834645669286
21
-2.1537559055118112
0
LINE
8
CYAN2
6
CONTINUOUS
10
8.0642834645669286
20
-2.1537559055118112
11
8.0619015748031497
21
-2.1513740157480314
0
LINE
8
CYAN2
6
CONTINUOUS
10
8.0619015748031497
20
-2.1513740157480314
11
8.0571417322834655
21
-2.1489960629921261
0
LINE
8
CYAN2
6
CONTINUOUS
10
8.0571417322834655
20
-2.1489960629921261
11
8.0476181102362201
21
-2.1466141732283464
0
LINE
8
CYAN2
6
CONTINUOUS
10
8.0476181102362201
20
-2.1466141732283464
11
8.0428543307086624
21
-2.1442322834645671
0
LINE
8
CYAN2
6
CONTINUOUS
10
8.0428543307086624
20
-2.1442322834645671
11
8.0404724409448818
21
-2.1418503937007873
0
LINE
8
CYAN2
6
CONTINUOUS
10
8.0404724409448818
20
-2.1418503937007873
11
8.0380944881889764
21
-2.1370905511811022
0
LINE
8
CYAN2
6
CONTINUOUS
10
8.0380944881889764
20
-2.1370905511811022
11
8.0380944881889764
21
-2.1323267716535432
0
LINE
8
CYAN2
6
CONTINUOUS
10
8.0380944881889764
20
-2.1323267716535432
11
8.0404724409448818
21
-2.1275669291338581
0
LINE
8
CYAN2
6
CONTINUOUS
10
8.0404724409448818
20
-2.1275669291338581
11
8.0428543307086624
21
-2.1251850393700789
0
LINE
8
CYAN2
6
CONTINUOUS
10
8.0428543307086624
20
-2.1251850393700789
11
8.0476181102362201
21
-2.1228031496062991
0
LINE
8
CYAN2
6
CONTINUOUS
10
8.0476181102362201
20
-2.1228031496062991
11
8.0595196850393709
21
-2.1228031496062991
0
LINE
8
CYAN2
6
CONTINUOUS
10
8.0595196850393709
20
-2.1228031496062991
11
8.0666653543307092
21
-2.1251850393700789
0
LINE
8
CYAN2
6
CONTINUOUS
10
8.0880905511811019
20
-2.1728031496062994
11
8.0880905511811019
21
-2.1228031496062991
0
LINE
8
CYAN2
6
CONTINUOUS
10
8.0880905511811019
20
-2.1228031496062991
11
8.107137795275591
21
-2.1228031496062991
0
LINE
8
CYAN2
6
CONTINUOUS
10
8.107137795275591
20
-2.1228031496062991
11
8.1119015748031504
21
-2.1251850393700789
0
LINE
8
CYAN2
6
CONTINUOUS
10
8.1119015748031504
20
-2.1251850393700789
11
8.1142834645669293
21
-2.1275669291338581
0
LINE
8
CYAN2
6
CONTINUOUS
10
8.1142834645669293
20
-2.1275669291338581
11
8.1166614173228346
21
-2.1323267716535432
0
LINE
8
CYAN2
6
CONTINUOUS
10
8.1166614173228346
20
-2.1323267716535432
11
8.1166614173228346
21
-2.139472440944882
0
LINE
8
CYAN2
6
CONTINUOUS
10
8.1166614173228346
20
-2.139472440944882
11
8.1142834645669293
21
-2.1442322834645671
0
LINE
8
CYAN2
6
CONTINUOUS
10
8.1142834645669293
20
-2.1442322834645671
11
8.1119015748031504
21
-2.1466141732283464
0
LINE
8
CYAN2
6
CONTINUOUS
10
8.1119015748031504
20
-2.1466141732283464
11
8.107137795275591
21
-2.1489960629921261
0
LINE
8
CYAN2
6
CONTINUOUS
10
8.107137795275591
20
-2.1489960629921261
11
8.0880905511811019
21
-2.1489960629921261
0
LINE
8
CYAN2
6
CONTINUOUS
10
8.1380905511811026
20
-2.1728031496062994
11
8.1380905511811026
21
-2.1228031496062991
0
LINE
8
CYAN2
6
CONTINUOUS
10
8.1380905511811026
20
-2.1228031496062991
11
8.1499960629921269
21
-2.1228031496062991
0
LINE
8
CYAN2
6
CONTINUOUS
10
8.1499960629921269
20
-2.1228031496062991
11
8.1571377952755917
21
-2.1251850393700789
0
LINE
8
CYAN2
6
CONTINUOUS
10
8.1571377952755917
20
-2.1251850393700789
11
8.1619015748031494
21
-2.1299488188976379
0
LINE
8
CYAN2
6
CONTINUOUS
10
8.1619015748031494
20
-2.1299488188976379
11
8.16428346456693
21
-2.134708661417323
0
LINE
8
CYAN2
6
CONTINUOUS
10
8.16428346456693
20
-2.134708661417323
11
8.1666614173228353
21
-2.1442322834645671
0
LINE
8
CYAN2
6
CONTINUOUS
10
8.1666614173228353
20
-2.1442322834645671
11
8.1666614173228353
21
-2.1513740157480314
0
LINE
8
CYAN2
6
CONTINUOUS
10
8.1666614173228353
20
-2.1513740157480314
11
8.16428346456693
21
-2.1608976377952755
0
LINE
8
CYAN2
6
CONTINUOUS
10
8.16428346456693
20
-2.1608976377952755
11
8.1619015748031494
21
-2.1656614173228346
0
LINE
8
CYAN2
6
CONTINUOUS
10
8.1619015748031494
20
-2.1656614173228346
11
8.1571377952755917
21
-2.1704251968503936
0
LINE
8
CYAN2
6
CONTINUOUS
10
8.1571377952755917
20
-2.1704251968503936
11
8.1499960629921269
21
-2.1728031496062994
0
LINE
8
CYAN2
6
CONTINUOUS
10
8.1499960629921269
20
-2.1728031496062994
11
8.1380905511811026
21
-2.1728031496062994
0
LINE
8
CYAN2
6
CONTINUOUS
10
8.1809488188976385
20
-2.1228031496062991
11
8.2095196850393712
21
-2.1228031496062991
0
LINE
8
CYAN2
6
CONTINUOUS
10
8.1952362204724416
20
-2.1728031496062994
11
8.1952362204724416
21
-2.1228031496062991
0
LINE
8
RED2
6
CONTINUOUS
10
7.7200000000000006
20
-2.77
11
7.8799999999999999
21
-2.77
0
LINE
8
RED2
6
CONTINUOUS
10
7.7200000000000006
20
-2.8300000000000001
11
7.8799999999999999
21
-2.8300000000000001
0
LINE
8
RED2
6
CONTINUOUS
10
7.8000000000000007
20
-2.7600000000000002
11
7.8000000000000007
21
-2.6499999999999999
0
LINE
8
RED2
6
CONTINUOUS
10
7.8000000000000007
20
-2.8400000000000003
11
7.8000000000000007
21
-2.9500000000000002
0
LINE
8
CYAN2
6
CONTINUOUS
10
7.994850393700788
20
-2.7680393700787405
11
7.9924724409448826
21
-2.7704212598425197
0
LINE
8
CYAN2
6
CONTINUOUS
10
7.9924724409448826
20
-2.7704212598425197
11
7.9853267716535434
21
-2.7727992125984251
0
LINE
8
CYAN2
6
CONTINUOUS
10
7.9853267716535434
20
-2.7727992125984251
11
7.9805669291338583
21
-2.7727992125984251
0
LINE
8
CYAN2
6
CONTINUOUS
10
7.9805669291338583
20
-2.7727992125984251
11
7.9734251968503944
21
-2.7704212598425197
0
LINE
8
CYAN2
6
CONTINUOUS
10
7.9734251968503944
20
-2.7704212598425197
11
7.968661417322835
21
-2.7656574803149607
0
LINE
8
CYAN2
6
CONTINUOUS
10
7.968661417322835
20
-2.7656574803149607
11
7.9662795275590552
21
-2.7608937007874017
0
LINE
8
CYAN2
6
CONTINUOUS
10
7.9662795275590552
20
-2.7608937007874017
11
7.9639015748031499
21
-2.7513700787401576
0
LINE
8
CYAN2
6
CONTINUOUS
10
7.9639015748031499
20
-2.7513700787401576
11
7.9639015748031499
21
-2.7442283464566932
0
LINE
8
CYAN2
6
CONTINUOUS
10
7.9639015748031499
20
-2.7442283464566932
11
7.9662795275590552
21
-2.7347047244094491
0
LINE
8
CYAN2
6
CONTINUOUS
10
7.9662795275590552
20
-2.7347047244094491
11
7.968661417322835
21
-2.729944881889764
0
LINE
8
CYAN2
6
CONTINUOUS
10
7.968661417322835
20
-2.729944881889764
11
7.9734251968503944
21
-2.725181102362205
0
LINE
8
CYAN2
6
CONTINUOUS
10
7.9734251968503944
20
-2.725181102362205
11
7.9805669291338583
21
-2.7227992125984253
0
LINE
8
CYAN2
6
CONTINUOUS
10
7.9805669291338583
20
-2.7227992125984253
11
7.9853267716535434
21
-2.7227992125984253
0
LINE
8
CYAN2
6
CONTINUOUS
10
7.9853267716535434
20
-2.7227992125984253
11
7.9924724409448826
21
-2.725181102362205
0
LINE
8
CYAN2
6
CONTINUOUS
10
7.9924724409448826
20
-2.725181102362205
11
7.994850393700788
21
-2.7275629921259843
0
LINE
8
CYAN2
6
CONTINUOUS
10
8.0234251968503933
20
-2.7442283464566932
11
8.0186614173228357
21
-2.7418464566929135
0
LINE
8
CYAN2
6
CONTINUOUS
10
8.0186614173228357
20
-2.7418464566929135
11
8.016279527559055
21
-2.7394685039370081
0
LINE
8
CYAN2
6
CONTINUOUS
10
8.016279527559055
20
-2.7394685039370081
11
8.0139015748031497
21
-2.7347047244094491
0
LINE
8
CYAN2
6
CONTINUOUS
10
8.0139015748031497
20
-2.7347047244094491
11
8.0139015748031497
21
-2.7323228346456694
0
LINE
8
CYAN2
6
CONTINUOUS
10
8.0139015748031497
20
-2.7323228346456694
11
8.016279527559055
21
-2.7275629921259843
0
LINE
8
CYAN2
6
CONTINUOUS
10
8.016279527559055
20
-2.7275629921259843
11
8.0186614173228357
21
-2.725181102362205
0
LINE
8
CYAN2
6
CONTINUOUS
10
8.0186614173228357
20
-2.725181102362205
11
8.0234251968503933
21
-2.7227992125984253
0
LINE
8
CYAN2
6
CONTINUOUS
10
8.0234251968503933
20
-2.7227992125984253
11
8.0329488188976388
21
-2.7227992125984253
0
LINE
8
CYAN2
6
CONTINUOUS
10
8.0329488188976388
20
-2.7227992125984253
11
8.037708661417323
21
-2.725181102362205
0
LINE
8
CYAN2
6
CONTINUOUS
10
8.037708661417323
20
-2.725181102362205
11
8.0400905511811018
21
-2.7275629921259843
0
LINE
8
CYAN2
6
CONTINUOUS
10
8.0400905511811018
20
-2.7275629921259843
11
8.0424724409448825
21
-2.7323228346456694
0
LINE
8
CYAN2
6
CONTINUOUS
10
8.0424724409448825
20
-2.7323228346456694
11
8.0424724409448825
21
-2.7347047244094491
0
LINE
8
CYAN2
6
CONTINUOUS
10
8.0424724409448825
20
-2.7347047244094491
11
8.0400905511811018
21
-2.7394685039370081
0
LINE
8
CYAN2
6
CONTINUOUS
10
8.0400905511811018
20
-2.7394685039370081
11
8.037708661417323
21
-2.7418464566929135
0
LINE
8
CYAN2
6
CONTINUOUS
10
8.037708661417323
20
-2.7418464566929135
11
8.0329488188976388
21
-2.7442283464566932
0
LINE
8
CYAN2
6
CONTINUOUS
10
8.0329488188976388
20
-2.7442283464566932
11
8.0234251968503933
21
-2.7442283464566932
0
LINE
8
CYAN2
6
CONTINUOUS
10
8.0234251968503933
20
-2.7442283464566932
11
8.0186614173228357
21
-2.7466102362204725
0
LINE
8
CYAN2
6
CONTINUOUS
10
8.0186614173228357
20
-2.7466102362204725
11
8.016279527559055
21
-2.7489921259842522
0
LINE
8
CYAN2
6
CONTINUOUS
10
8.016279527559055
20
-2.7489921259842522
11
8.0139015748031497
21
-2.7537519685039373
0
LINE
8
CYAN2
6
CONTINUOUS
10
8.0139015748031497
20
-2.7537519685039373
11
8.0139015748031497
21
-2.763275590551181
0
LINE
8
CYAN2
6
CONTINUOUS
10
8.0139015748031497
20
-2.763275590551181
11
8.016279527559055
21
-2.7680393700787405
0
LINE
8
CYAN2
6
CONTINUOUS
10
8.016279527559055
20
-2.7680393700787405
11
8.0186614173228357
21
-2.7704212598425197
0
LINE
8
CYAN2
6
CONTINUOUS
10
8.0186614173228357
20
-2.7704212598425197
11
8.0234251968503933
21
-2.7727992125984251
0
LINE
8
CYAN2
6
CONTINUOUS
10
8.0234251968503933
20
-2.7727992125984251
11
8.0329488188976388
21
-2.7727992125984251
0
LINE
8
CYAN2
6
CONTINUOUS
10
8.0329488188976388
20
-2.7727992125984251
11
8.037708661417323
21
-2.7704212598425197
0
LINE
8
CYAN2
6
CONTINUOUS
10
8.037708661417323
20
-2.7704212598425197
11
8.0400905511811018
21
-2.7680393700787405
0
LINE
8
CYAN2
6
CONTINUOUS
10
8.0400905511811018
20
-2.7680393700787405
11
8.0424724409448825
21
-2.763275590551181
0
LINE
8
CYAN2
6
CONTINUOUS
10
8.0424724409448825
20
-2.763275590551181
11
8.0424724409448825
21
-2.7537519685039373
0
LINE
8
CYAN2
6
CONTINUOUS
10
8.0424724409448825
20
-2.7537519685039373
11
8.0400905511811018
21
-2.7489921259842522
0
LINE
8
CYAN2
6
CONTINUOUS
10
8.0400905511811018
20
-2.7489921259842522
11
8.037708661417323
21
-2.7466102362204725
0
LINE
8
CYAN2
6
CONTINUOUS
10
8.037708661417323
20
-2.7466102362204725
11
8.0329488188976388
21
-2.7442283464566932
0
LINE
8
CYAN2
6
CONTINUOUS
10
7.9758031496062998
20
-2.8227992125984254
11
7.9805669291338583
21
-2.8227992125984254
0
LINE
8
CYAN2
6
CONTINUOUS
10
7.9805669291338583
20
-2.8227992125984254
11
7.9853267716535434
21
-2.8251811023622047
0
LINE
8
CYAN2
6
CONTINUOUS
10
7.9853267716535434
20
-2.8251811023622047
11
7.9877086614173232
21
-2.8275629921259844
0
LINE
8
CYAN2
6
CONTINUOUS
10
7.9877086614173232
20
-2.8275629921259844
11
7.9900905511811029
21
-2.8323228346456695
0
LINE
8
CYAN2
6
CONTINUOUS
10
7.9900905511811029
20
-2.8323228346456695
11
7.9924724409448826
21
-2.8418464566929136
0
LINE
8
CYAN2
6
CONTINUOUS
10
7.9924724409448826
20
-2.8418464566929136
11
7.9924724409448826
21
-2.853751968503937
0
LINE
8
CYAN2
6
CONTINUOUS
10
7.9924724409448826
20
-2.853751968503937
11
7.9900905511811029
21
-2.8632755905511811
0
LINE
8
CYAN2
6
CONTINUOUS
10
7.9900905511811029
20
-2.8632755905511811
11
7.9877086614173232
21
-2.8680393700787401
0
LINE
8
CYAN2
6
CONTINUOUS
10
7.9877086614173232
20
-2.8680393700787401
11
7.9853267716535434
21
-2.8704212598425198
0
LINE
8
CYAN2
6
CONTINUOUS
10
7.9853267716535434
20
-2.8704212598425198
11
7.9805669291338583
21
-2.8727992125984252
0
LINE
8
CYAN2
6
CONTINUOUS
10
7.9805669291338583
20
-2.8727992125984252
11
7.9758031496062998
21
-2.8727992125984252
0
LINE
8
CYAN2
6
CONTINUOUS
10
7.9758031496062998
20
-2.8727992125984252
11
7.9710433070866147
21
-2.8704212598425198
0
LINE
8
CYAN2
6
CONTINUOUS
10
7.9710433070866147
20
-2.8704212598425198
11
7.968661417322835
21
-2.8680393700787401
0
LINE
8
CYAN2
6
CONTINUOUS
10
7.968661417322835
20
-2.8680393700787401
11
7.9662795275590552
21
-2.8632755905511811
0
LINE
8
CYAN2
6
CONTINUOUS
10
7.9662795275590552
20
-2.8632755905511811
11
7.9639015748031499
21
-2.853751968503937
0
LINE
8
CYAN2
6
CONTINUOUS
10
7.9639015748031499
20
-2.853751968503937
11
7.9639015748031499
21
-2.8418464566929136
0
LINE
8
CYAN2
6
CONTINUOUS
10
7.9639015748031499
20
-2.8418464566929136
11
7.9662795275590552
21
-2.8323228346456695
0
LINE
8
CYAN2
6
CONTINUOUS
10
7.9662795275590552
20
-2.8323228346456695
11
7.968661417322835
21
-2.8275629921259844
0
LINE
8
CYAN2
6
CONTINUOUS
10
7.968661417322835
20
-2.8275629921259844
11
7.9710433070866147
21
-2.8251811023622047
0
LINE
8
CYAN2
6
CONTINUOUS
10
7.9710433070866147
20
-2.8251811023622047
11
7.9758031496062998
21
-2.8227992125984254
0
LINE
8
CYAN2
6
CONTINUOUS
10
8.0138976377952762
20
-2.8680393700787401
11
8.016279527559055
21
-2.8704212598425198
0
LINE
8
CYAN2
6
CONTINUOUS
10
8.016279527559055
20
-2.8704212598425198
11
8.0138976377952762
21
-2.8727992125984252
0
LINE
8
CYAN2
6
CONTINUOUS
10
8.0138976377952762
20
-2.8727992125984252
11
8.0115196850393708
21
-2.8704212598425198
0
LINE
8
CYAN2
6
CONTINUOUS
10
8.0115196850393708
20
-2.8704212598425198
11
8.0138976377952762
21
-2.8680393700787401
0
LINE
8
CYAN2
6
CONTINUOUS
10
8.0138976377952762
20
-2.8680393700787401
11
8.0138976377952762
21
-2.8727992125984252
0
LINE
8
CYAN2
6
CONTINUOUS
10
8.0472322834645666
20
-2.8227992125984254
11
8.0519960629921261
21
-2.8227992125984254
0
LINE
8
CYAN2
6
CONTINUOUS
10
8.0519960629921261
20
-2.8227992125984254
11
8.0567559055118121
21
-2.8251811023622047
0
LINE
8
CYAN2
6
CONTINUOUS
10
8.0567559055118121
20
-2.8251811023622047
11
8.0591377952755909
21
-2.8275629921259844
0
LINE
8
CYAN2
6
CONTINUOUS
10
8.0591377952755909
20
-2.8275629921259844
11
8.0615196850393698
21
-2.8323228346456695
0
LINE
8
CYAN2
6
CONTINUOUS
10
8.0615196850393698
20
-2.8323228346456695
11
8.0639015748031504
21
-2.8418464566929136
0
LINE
8
CYAN2
6
CONTINUOUS
10
8.0639015748031504
20
-2.8418464566929136
11
8.0639015748031504
21
-2.853751968503937
0
LINE
8
CYAN2
6
CONTINUOUS
10
8.0639015748031504
20
-2.853751968503937
11
8.0615196850393698
21
-2.8632755905511811
0
LINE
8
CYAN2
6
CONTINUOUS
10
8.0615196850393698
20
-2.8632755905511811
11
8.0591377952755909
21
-2.8680393700787401
0
LINE
8
CYAN2
6
CONTINUOUS
10
8.0591377952755909
20
-2.8680393700787401
11
8.0567559055118121
21
-2.8704212598425198
0
LINE
8
CYAN2
6
CONTINUOUS
10
8.0567559055118121
20
-2.8704212598425198
11
8.0519960629921261
21
-2.8727992125984252
0
LINE
8
CYAN2
6
CONTINUOUS
10
8.0519960629921261
20
-2.8727992125984252
11
8.0472322834645666
21
-2.8727992125984252
0
LINE
8
CYAN2
6
CONTINUOUS
10
8.0472322834645666
20
-2.8727992125984252
11
8.0424724409448825
21
-2.8704212598425198
0
LINE
8
CYAN2
6
CONTINUOUS
10
8.0424724409448825
20
-2.8704212598425198
11
8.0400905511811018
21
-2.8680393700787401
0
LINE
8
CYAN2
6
CONTINUOUS
10
8.0400905511811018
20
-2.8680393700787401
11
8.037708661417323
21
-2.8632755905511811
0
LINE
8
CYAN2
6
CONTINUOUS
10
8.037708661417323
20
-2.8632755905511811
11
8.0353307086614176
21
-2.853751968503937
0
LINE
8
CYAN2
6
CONTINUOUS
10
8.0353307086614176
20
-2.853751968503937
11
8.0353307086614176
21
-2.8418464566929136
0
LINE
8
CYAN2
6
CONTINUOUS
10
8.0353307086614176
20
-2.8418464566929136
11
8.037708661417323
21
-2.8323228346456695
0
LINE
8
CYAN2
6
CONTINUOUS
10
8.037708661417323
20
-2.8323228346456695
11
8.0400905511811018
21
-2.8275629921259844
0
LINE
8
CYAN2
6
CONTINUOUS
10
8.0400905511811018
20
-2.8275629921259844
11
8.0424724409448825
21
-2.8251811023622047
0
LINE
8
CYAN2
6
CONTINUOUS
10
8.0424724409448825
20
-2.8251811023622047
11
8.0472322834645666
21
-2.8227992125984254
0
LINE
8
CYAN2
6
CONTINUOUS
10
8.1115196850393705
20
-2.8727992125984252
11
8.0829488188976377
21
-2.8727992125984252
0
LINE
8
CYAN2
6
CONTINUOUS
10
8.0972322834645674
20
-2.8727992125984252
11
8.0972322834645674
21
-2.8227992125984254
0
LINE
8
CYAN2
6
CONTINUOUS
10
8.0972322834645674
20
-2.8227992125984254
11
8.0924724409448814
21
-2.8299448818897637
0
LINE
8
CYAN2
6
CONTINUOUS
10
8.0924724409448814
20
-2.8299448818897637
11
8.0877086614173237
21
-2.8347047244094488
0
LINE
8
CYAN2
6
CONTINUOUS
10
8.0877086614173237
20
-2.8347047244094488
11
8.0829488188976377
21
-2.8370866141732285
0
LINE
8
CYAN2
6
CONTINUOUS
10
8.1543740157480311
20
-2.8394685039370078
11
8.1543740157480311
21
-2.8727992125984252
0
LINE
8
CYAN2
6
CONTINUOUS
10
8.1329448818897649
20
-2.8394685039370078
11
8.1329448818897649
21
-2.8656574803149608
0
LINE
8
CYAN2
6
CONTINUOUS
10
8.1329448818897649
20
-2.8656574803149608
11
8.1353267716535438
21
-2.8704212598425198
0
LINE
8
CYAN2
6
CONTINUOUS
10
8.1353267716535438
20
-2.8704212598425198
11
8.1400905511811033
21
-2.8727992125984252
0
LINE
8
CYAN2
6
CONTINUOUS
10
8.1400905511811033
20
-2.8727992125984252
11
8.1472322834645681
21
-2.8727992125984252
0
LINE
8
CYAN2
6
CONTINUOUS
10
8.1472322834645681
20
-2.8727992125984252
11
8.1519921259842523
21
-2.8704212598425198
0
LINE
8
CYAN2
6
CONTINUOUS
10
8.1519921259842523
20
-2.8704212598425198
11
8.1543740157480311
21
-2.8680393700787401
0
LINE
8
CYAN2
6
CONTINUOUS
10
8.1948503937007882
20
-2.8466102362204726
11
8.1781811023622044
21
-2.8466102362204726
0
LINE
8
CYAN2
6
CONTINUOUS
10
8.1781811023622044
20
-2.8727992125984252
11
8.1781811023622044
21
-2.8227992125984254
0
LINE
8
CYAN2
6
CONTINUOUS
10
8.1781811023622044
20
-2.8227992125984254
11
8.201992125984253
21
-2.8227992125984254
0
LINE
8
LYELLOW
6
CONTINUOUS
10
8.
20
-4.2999999999999998
11
8.
21
-4.6000000000000005
0
LINE
8
LYELLOW
6
CONTINUOUS
10
8.
20
-4.6000000000000005
11
8.3000000000000007
21
-4.4500000000000002
0
LINE
8
LYELLOW
6
CONTINUOUS
10
8.3000000000000007
20
-4.4500000000000002
11
8.
21
-4.2999999999999998
0
LINE
8
RED2
6
CONTINUOUS
10
8.
20
-4.2999999999999998
11
8.
21
-4.6000000000000005
0
LINE
8
RED2
6
CONTINUOUS
10
8.
20
-4.6000000000000005
11
8.3000000000000007
21
-4.4500000000000002
0
LINE
8
RED2
6
CONTINUOUS
10
8.3000000000000007
20
-4.4500000000000002
11
8.
21
-4.2999999999999998
0
LINE
8
RED2
6
CONTINUOUS
10
8.
20
-4.4500000000000002
11
7.8500000000000005
21
-4.4500000000000002
0
LINE
8
RED3
6
CONTINUOUS
10
7.9392874015748038
20
-4.4398779527559054
11
7.9107165354330711
21
-4.4398779527559054
0
LINE
8
RED3
6
CONTINUOUS
10
7.9250000000000007
20
-4.4398779527559054
11
7.9250000000000007
21
-4.3898779527559055
0
LINE
8
RED3
6
CONTINUOUS
10
7.9250000000000007
20
-4.3898779527559055
11
7.9202401574803156
21
-4.3970236220472438
0
LINE
8
RED3
6
CONTINUOUS
10
7.9202401574803156
20
-4.3970236220472438
11
7.9154763779527562
21
-4.4017834645669289
0
LINE
8
RED3
6
CONTINUOUS
10
7.9154763779527562
20
-4.4017834645669289
11
7.9107165354330711
21
-4.4041653543307087
0
CIRCLE
8
RED2
10
8.3250000000000011
20
-4.4500000000000002
40
0.025
0
LINE
8
RED2
6
CONTINUOUS
10
8.3499999999999996
20
-4.4500000000000002
11
8.4500000000000011
21
-4.4500000000000002
0
LINE
8
RED3
6
CONTINUOUS
10
8.3607165354330704
20
-4.394641732283465
11
8.3630944881889775
21
-4.3922598425196853
0
LINE
8
RED3
6
CONTINUOUS
10
8.3630944881889775
20
-4.3922598425196853
11
8.3678582677165352
21
-4.3898779527559055
0
LINE
8
RED3
6
CONTINUOUS
10
8.3678582677165352
20
-4.3898779527559055
11
8.3797637795275595
21
-4.3898779527559055
0
LINE
8
RED3
6
CONTINUOUS
10
8.3797637795275595
20
-4.3898779527559055
11
8.3845236220472437
21
-4.3922598425196853
0
LINE
8
RED3
6
CONTINUOUS
10
8.3845236220472437
20
-4.3922598425196853
11
8.3869055118110243
21
-4.394641732283465
0
LINE
8
RED3
6
CONTINUOUS
10
8.3869055118110243
20
-4.394641732283465
11
8.3892874015748031
21
-4.3994015748031501
0
LINE
8
RED3
6
CONTINUOUS
10
8.3892874015748031
20
-4.3994015748031501
11
8.3892874015748031
21
-4.4041653543307087
0
LINE
8
RED3
6
CONTINUOUS
10
8.3892874015748031
20
-4.4041653543307087
11
8.3869055118110243
21
-4.4113070866141735
0
LINE
8
RED3
6
CONTINUOUS
10
8.3869055118110243
20
-4.4113070866141735
11
8.3583346456692915
21
-4.4398779527559054
0
LINE
8
RED3
6
CONTINUOUS
10
8.3583346456692915
20
-4.4398779527559054
11
8.3892874015748031
21
-4.4398779527559054
0
LINE
8
CYAN2
6
CONTINUOUS
10
8.0666653543307092
20
-4.0728031496062993
11
8.0666653543307092
21
-4.1132795275590555
0
LINE
8
CYAN2
6
CONTINUOUS
10
8.0666653543307092
20
-4.1132795275590555
11
8.069047244094488
21
-4.118043307086614
0
LINE
8
CYAN2
6
CONTINUOUS
10
8.069047244094488
20
-4.118043307086614
11
8.0714291338582687
21
-4.1204251968503938
0
LINE
8
CYAN2
6
CONTINUOUS
10
8.0714291338582687
20
-4.1204251968503938
11
8.0761889763779529
21
-4.1228031496062991
0
LINE
8
CYAN2
6
CONTINUOUS
10
8.0761889763779529
20
-4.1228031496062991
11
8.0857125984251965
21
-4.1228031496062991
0
LINE
8
CYAN2
6
CONTINUOUS
10
8.0857125984251965
20
-4.1228031496062991
11
8.090476377952756
21
-4.1204251968503938
0
LINE
8
CYAN2
6
CONTINUOUS
10
8.090476377952756
20
-4.1204251968503938
11
8.0928582677165366
21
-4.118043307086614
0
LINE
8
CYAN2
6
CONTINUOUS
10
8.0928582677165366
20
-4.118043307086614
11
8.095236220472442
21
-4.1132795275590555
0
LINE
8
CYAN2
6
CONTINUOUS
10
8.095236220472442
20
-4.1132795275590555
11
8.095236220472442
21
-4.0728031496062993
0
LINE
8
CYAN2
6
CONTINUOUS
10
8.1404763779527567
20
-4.0894724409448822
11
8.1404763779527567
21
-4.1228031496062991
0
LINE
8
CYAN2
6
CONTINUOUS
10
8.1285708661417324
20
-4.0704251968503939
11
8.1166692913385834
21
-4.1061377952755906
0
LINE
8
CYAN2
6
CONTINUOUS
10
8.1166692913385834
20
-4.1061377952755906
11
8.1476181102362215
21
-4.1061377952755906
0
LINE
8
CYAN2
6
CONTINUOUS
10
8.1928582677165362
20
-4.1228031496062991
11
8.1642874015748035
21
-4.1228031496062991
0
LINE
8
CYAN2
6
CONTINUOUS
10
8.1785708661417331
20
-4.1228031496062991
11
8.1785708661417331
21
-4.0728031496062993
0
LINE
8
CYAN2
6
CONTINUOUS
10
8.1785708661417331
20
-4.0728031496062993
11
8.1738110236220471
21
-4.0799488188976376
0
LINE
8
CYAN2
6
CONTINUOUS
10
8.1738110236220471
20
-4.0799488188976376
11
8.1690472440944877
21
-4.0847086614173227
0
LINE
8
CYAN2
6
CONTINUOUS
10
8.1690472440944877
20
-4.0847086614173227
11
8.1642874015748035
21
-4.0870905511811024
0
LINE
8
CYAN2
6
CONTINUOUS
10
8.2119055118110236
20
-4.1085196850393704
11
8.2357125984251969
21
-4.1085196850393704
0
LINE
8
CYAN2
6
CONTINUOUS
10
8.2071417322834641
20
-4.1228031496062991
11
8.2238070866141744
21
-4.0728031496062993
0
LINE
8
CYAN2
6
CONTINUOUS
10
8.2238070866141744
20
-4.0728031496062993
11
8.2404763779527563
21
-4.1228031496062991
0
LINE
8
CYAN2
6
CONTINUOUS
10
7.9916692913385834
20
-4.1728031496062989
11
8.0250000000000004
21
-4.1728031496062989
0
LINE
8
CYAN2
6
CONTINUOUS
10
8.0250000000000004
20
-4.1728031496062989
11
8.0035748031496059
21
-4.2228031496062997
0
LINE
8
CYAN2
6
CONTINUOUS
10
8.0654763779527556
20
-4.1894724409448818
11
8.0654763779527556
21
-4.2228031496062997
0
LINE
8
CYAN2
6
CONTINUOUS
10
8.0535708661417331
20
-4.1704251968503936
11
8.0416692913385823
21
-4.2061377952755903
0
LINE
8
CYAN2
6
CONTINUOUS
10
8.0416692913385823
20
-4.2061377952755903
11
8.0726181102362204
21
-4.2061377952755903
0
LINE
8
CYAN2
6
CONTINUOUS
10
8.0916653543307095
20
-4.2228031496062997
11
8.0916653543307095
21
-4.1728031496062989
0
LINE
8
CYAN2
6
CONTINUOUS
10
8.0916653543307095
20
-4.1966141732283466
11
8.1202362204724405
21
-4.1966141732283466
0
LINE
8
CYAN2
6
CONTINUOUS
10
8.1202362204724405
20
-4.2228031496062997
11
8.1202362204724405
21
-4.1728031496062989
0
LINE
8
CYAN2
6
CONTINUOUS
10
8.1726181102362201
20
-4.2180433070866146
11
8.1702401574803147
21
-4.2204251968503943
0
LINE
8
CYAN2
6
CONTINUOUS
10
8.1702401574803147
20
-4.2204251968503943
11
8.1630944881889764
21
-4.2228031496062997
0
LINE
8
CYAN2
6
CONTINUOUS
10
8.1630944881889764
20
-4.2228031496062997
11
8.1583346456692922
21
-4.2228031496062997
0
LINE
8
CYAN2
6
CONTINUOUS
10
8.1583346456692922
20
-4.2228031496062997
11
8.1511929133858274
21
-4.2204251968503943
0
LINE
8
CYAN2
6
CONTINUOUS
10
8.1511929133858274
20
-4.2204251968503943
11
8.1464291338582679
21
-4.2156614173228348
0
LINE
8
CYAN2
6
CONTINUOUS
10
8.1464291338582679
20
-4.2156614173228348
11
8.1440472440944891
21
-4.2108976377952754
0
LINE
8
CYAN2
6
CONTINUOUS
10
8.1440472440944891
20
-4.2108976377952754
11
8.1416692913385837
21
-4.2013740157480317
0
LINE
8
CYAN2
6
CONTINUOUS
10
8.1416692913385837
20
-4.2013740157480317
11
8.1416692913385837
21
-4.1942322834645669
0
LINE
8
CYAN2
6
CONTINUOUS
10
8.1416692913385837
20
-4.1942322834645669
11
8.1440472440944891
21
-4.1847086614173232
0
LINE
8
CYAN2
6
CONTINUOUS
10
8.1440472440944891
20
-4.1847086614173232
11
8.1464291338582679
21
-4.1799488188976381
0
LINE
8
CYAN2
6
CONTINUOUS
10
8.1464291338582679
20
-4.1799488188976381
11
8.1511929133858274
21
-4.1751850393700787
0
LINE
8
CYAN2
6
CONTINUOUS
10
8.1511929133858274
20
-4.1751850393700787
11
8.1583346456692922
21
-4.1728031496062989
0
LINE
8
CYAN2
6
CONTINUOUS
10
8.1583346456692922
20
-4.1728031496062989
11
8.1630944881889764
21
-4.1728031496062989
0
LINE
8
CYAN2
6
CONTINUOUS
10
8.1630944881889764
20
-4.1728031496062989
11
8.1702401574803147
21
-4.1751850393700787
0
LINE
8
CYAN2
6
CONTINUOUS
10
8.1702401574803147
20
-4.1751850393700787
11
8.1726181102362201
21
-4.1775669291338584
0
LINE
8
CYAN2
6
CONTINUOUS
10
8.1869055118110232
20
-4.1728031496062989
11
8.215476377952756
21
-4.1728031496062989
0
LINE
8
CYAN2
6
CONTINUOUS
10
8.2011929133858263
20
-4.2228031496062997
11
8.2011929133858263
21
-4.1728031496062989
0
LINE
8
CYAN2
6
CONTINUOUS
10
8.2416653543307081
20
-4.1728031496062989
11
8.2464291338582676
21
-4.1728031496062989
0
LINE
8
CYAN2
6
CONTINUOUS
10
8.2464291338582676
20
-4.1728031496062989
11
8.2511889763779536
21
-4.1751850393700787
0
LINE
8
CYAN2
6
CONTINUOUS
10
8.2511889763779536
20
-4.1751850393700787
11
8.2535708661417324
21
-4.1775669291338584
0
LINE
8
CYAN2
6
CONTINUOUS
10
8.2535708661417324
20
-4.1775669291338584
11
8.2559527559055113
21
-4.1823267716535435
0
LINE
8
CYAN2
6
CONTINUOUS
10
8.2559527559055113
20
-4.1823267716535435
11
8.2583346456692919
21
-4.1918503937007872
0
LINE
8
CYAN2
6
CONTINUOUS
10
8.2583346456692919
20
-4.1918503937007872
11
8.2583346456692919
21
-4.2037559055118114
0
LINE
8
CYAN2
6
CONTINUOUS
10
8.2583346456692919
20
-4.2037559055118114
11
8.2559527559055113
21
-4.2132795275590551
0
LINE
8
CYAN2
6
CONTINUOUS
10
8.2559527559055113
20
-4.2132795275590551
11
8.2535708661417324
21
-4.2180433070866146
0
LINE
8
CYAN2
6
CONTINUOUS
10
8.2535708661417324
20
-4.2180433070866146
11
8.2511889763779536
21
-4.2204251968503943
0
LINE
8
CYAN2
6
CONTINUOUS
10
8.2511889763779536
20
-4.2204251968503943
11
8.2464291338582676
21
-4.2228031496062997
0
LINE
8
CYAN2
6
CONTINUOUS
10
8.2464291338582676
20
-4.2228031496062997
11
8.2416653543307081
21
-4.2228031496062997
0
LINE
8
CYAN2
6
CONTINUOUS
10
8.2416653543307081
20
-4.2228031496062997
11
8.2369055118110239
21
-4.2204251968503943
0
LINE
8
CYAN2
6
CONTINUOUS
10
8.2369055118110239
20
-4.2204251968503943
11
8.2345236220472451
21
-4.2180433070866146
0
LINE
8
CYAN2
6
CONTINUOUS
10
8.2345236220472451
20
-4.2180433070866146
11
8.2321417322834645
21
-4.2132795275590551
0
LINE
8
CYAN2
6
CONTINUOUS
10
8.2321417322834645
20
-4.2132795275590551
11
8.2297637795275591
21
-4.2037559055118114
0
LINE
8
CYAN2
6
CONTINUOUS
10
8.2297637795275591
20
-4.2037559055118114
11
8.2297637795275591
21
-4.1918503937007872
0
LINE
8
CYAN2
6
CONTINUOUS
10
8.2297637795275591
20
-4.1918503937007872
11
8.2321417322834645
21
-4.1823267716535435
0
LINE
8
CYAN2
6
CONTINUOUS
10
8.2321417322834645
20
-4.1823267716535435
11
8.2345236220472451
21
-4.1775669291338584
0
LINE
8
CYAN2
6
CONTINUOUS
10
8.2345236220472451
20
-4.1775669291338584
11
8.2369055118110239
21
-4.1751850393700787
0
LINE
8
CYAN2
6
CONTINUOUS
10
8.2369055118110239
20
-4.1751850393700787
11
8.2416653543307081
21
-4.1728031496062989
0
LINE
8
CYAN2
6
CONTINUOUS
10
8.3011889763779525
20
-4.1894724409448818
11
8.3011889763779525
21
-4.2228031496062997
0
LINE
8
CYAN2
6
CONTINUOUS
10
8.28928346456693
20
-4.1704251968503936
11
8.2773818897637792
21
-4.2061377952755903
0
LINE
8
CYAN2
6
CONTINUOUS
10
8.2773818897637792
20
-4.2061377952755903
11
8.3083307086614173
21
-4.2061377952755903
0
LINE
8
LYELLOW
6
CONTINUOUS
10
2.7000000000000002
20
-5.3500000000000005
11
2.7000000000000002
21
-5.6500000000000004
0
LINE
8
LYELLOW
6
CONTINUOUS
10
2.7000000000000002
20
-5.6500000000000004
11
3.
21
-5.5
0
LINE
8
LYELLOW
6
CONTINUOUS
10
3.
20
-5.5
11
2.7000000000000002
21
-5.3500000000000005
0
LINE
8
RED2
6
CONTINUOUS
10
2.7000000000000002
20
-5.3500000000000005
11
2.7000000000000002
21
-5.6500000000000004
0
LINE
8
RED2
6
CONTINUOUS
10
2.7000000000000002
20
-5.6500000000000004
11
3.
21
-5.5
0
LINE
8
RED2
6
CONTINUOUS
10
3.
20
-5.5
11
2.7000000000000002
21
-5.3500000000000005
0
LINE
8
RED2
6
CONTINUOUS
10
2.7000000000000002
20
-5.5
11
2.5500000000000003
21
-5.5
0
LINE
8
RED3
6
CONTINUOUS
10
2.6369055118110238
20
-5.4398779527559054
11
2.6130944881889766
21
-5.4398779527559054
0
LINE
8
RED3
6
CONTINUOUS
10
2.6130944881889766
20
-5.4398779527559054
11
2.6107165354330708
21
-5.463688976377953
0
LINE
8
RED3
6
CONTINUOUS
10
2.6107165354330708
20
-5.463688976377953
11
2.6130944881889766
21
-5.4613070866141733
0
LINE
8
RED3
6
CONTINUOUS
10
2.6130944881889766
20
-5.4613070866141733
11
2.6178582677165356
21
-5.4589251968503936
0
LINE
8
RED3
6
CONTINUOUS
10
2.6178582677165356
20
-5.4589251968503936
11
2.629763779527559
21
-5.4589251968503936
0
LINE
8
RED3
6
CONTINUOUS
10
2.629763779527559
20
-5.4589251968503936
11
2.6345236220472441
21
-5.4613070866141733
0
LINE
8
RED3
6
CONTINUOUS
10
2.6345236220472441
20
-5.4613070866141733
11
2.6369055118110238
21
-5.463688976377953
0
LINE
8
RED3
6
CONTINUOUS
10
2.6369055118110238
20
-5.463688976377953
11
2.6392874015748031
21
-5.4684488188976381
0
LINE
8
RED3
6
CONTINUOUS
10
2.6392874015748031
20
-5.4684488188976381
11
2.6392874015748031
21
-5.4803543307086615
0
LINE
8
RED3
6
CONTINUOUS
10
2.6392874015748031
20
-5.4803543307086615
11
2.6369055118110238
21
-5.485118110236221
0
LINE
8
RED3
6
CONTINUOUS
10
2.6369055118110238
20
-5.485118110236221
11
2.6345236220472441
21
-5.4874999999999998
0
LINE
8
RED3
6
CONTINUOUS
10
2.6345236220472441
20
-5.4874999999999998
11
2.629763779527559
21
-5.4898779527559061
0
LINE
8
RED3
6
CONTINUOUS
10
2.629763779527559
20
-5.4898779527559061
11
2.6178582677165356
21
-5.4898779527559061
0
LINE
8
RED3
6
CONTINUOUS
10
2.6178582677165356
20
-5.4898779527559061
11
2.6130944881889766
21
-5.4874999999999998
0
LINE
8
RED3
6
CONTINUOUS
10
2.6130944881889766
20
-5.4874999999999998
11
2.6107165354330708
21
-5.485118110236221
0
CIRCLE
8
RED2
10
3.0249999999999999
20
-5.5
40
0.025
0
LINE
8
RED2
6
CONTINUOUS
10
3.0500000000000003
20
-5.5
11
3.1499999999999999
21
-5.5
0
LINE
8
RED3
6
CONTINUOUS
10
3.0845236220472443
20
-5.4398779527559054
11
3.0750000000000002
21
-5.4398779527559054
0
LINE
8
RED3
6
CONTINUOUS
10
3.0750000000000002
20
-5.4398779527559054
11
3.0702401574803151
21
-5.4422598425196851
0
LINE
8
RED3
6
CONTINUOUS
10
3.0702401574803151
20
-5.4422598425196851
11
3.0678582677165354
21
-5.4446417322834648
0
LINE
8
RED3
6
CONTINUOUS
10
3.0678582677165354
20
-5.4446417322834648
11
3.0630944881889763
21
-5.4517834645669296
0
LINE
8
RED3
6
CONTINUOUS
10
3.0630944881889763
20
-5.4517834645669296
11
3.060716535433071
21
-5.4613070866141733
0
LINE
8
RED3
6
CONTINUOUS
10
3.060716535433071
20
-5.4613070866141733
11
3.060716535433071
21
-5.4803543307086615
0
LINE
8
RED3
6
CONTINUOUS
10
3.060716535433071
20
-5.4803543307086615
11
3.0630944881889763
21
-5.485118110236221
0
LINE
8
RED3
6
CONTINUOUS
10
3.0630944881889763
20
-5.485118110236221
11
3.0654763779527561
21
-5.4874999999999998
0
LINE
8
RED3
6
CONTINUOUS
10
3.0654763779527561
20
-5.4874999999999998
11
3.0702401574803151
21
-5.4898779527559061
0
LINE
8
RED3
6
CONTINUOUS
10
3.0702401574803151
20
-5.4898779527559061
11
3.0797637795275592
21
-5.4898779527559061
0
LINE
8
RED3
6
CONTINUOUS
10
3.0797637795275592
20
-5.4898779527559061
11
3.0845236220472443
21
-5.4874999999999998
0
LINE
8
RED3
6
CONTINUOUS
10
3.0845236220472443
20
-5.4874999999999998
11
3.0869055118110236
21
-5.485118110236221
0
LINE
8
RED3
6
CONTINUOUS
10
3.0869055118110236
20
-5.485118110236221
11
3.0892874015748033
21
-5.4803543307086615
0
LINE
8
RED3
6
CONTINUOUS
10
3.0892874015748033
20
-5.4803543307086615
11
3.0892874015748033
21
-5.4684488188976381
0
LINE
8
RED3
6
CONTINUOUS
10
3.0892874015748033
20
-5.4684488188976381
11
3.0869055118110236
21
-5.463688976377953
0
LINE
8
RED3
6
CONTINUOUS
10
3.0869055118110236
20
-5.463688976377953
11
3.0845236220472443
21
-5.4613070866141733
0
LINE
8
RED3
6
CONTINUOUS
10
3.0845236220472443
20
-5.4613070866141733
11
3.0797637795275592
21
-5.4589251968503936
0
LINE
8
RED3
6
CONTINUOUS
10
3.0797637795275592
20
-5.4589251968503936
11
3.0702401574803151
21
-5.4589251968503936
0
LINE
8
RED3
6
CONTINUOUS
10
3.0702401574803151
20
-5.4589251968503936
11
3.0654763779527561
21
-5.4613070866141733
0
LINE
8
RED3
6
CONTINUOUS
10
3.0654763779527561
20
-5.4613070866141733
11
3.0630944881889763
21
-5.463688976377953
0
LINE
8
RED3
6
CONTINUOUS
10
3.0630944881889763
20
-5.463688976377953
11
3.060716535433071
21
-5.4684488188976381
0
LINE
8
CYAN2
6
CONTINUOUS
10
2.7630944881889765
20
-5.1228031496062991
11
2.7630944881889765
21
-5.1632795275590553
0
LINE
8
CYAN2
6
CONTINUOUS
10
2.7630944881889765
20
-5.1632795275590553
11
2.7654763779527558
21
-5.1680433070866147
0
LINE
8
CYAN2
6
CONTINUOUS
10
2.7654763779527558
20
-5.1680433070866147
11
2.7678582677165355
21
-5.1704251968503936
0
LINE
8
CYAN2
6
CONTINUOUS
10
2.7678582677165355
20
-5.1704251968503936
11
2.7726181102362206
21
-5.1728031496062998
0
LINE
8
CYAN2
6
CONTINUOUS
10
2.7726181102362206
20
-5.1728031496062998
11
2.7821417322834647
21
-5.1728031496062998
0
LINE
8
CYAN2
6
CONTINUOUS
10
2.7821417322834647
20
-5.1728031496062998
11
2.7869055118110238
21
-5.1704251968503936
0
LINE
8
CYAN2
6
CONTINUOUS
10
2.7869055118110238
20
-5.1704251968503936
11
2.789287401574803
21
-5.1680433070866147
0
LINE
8
CYAN2
6
CONTINUOUS
10
2.789287401574803
20
-5.1680433070866147
11
2.7916653543307088
21
-5.1632795275590553
0
LINE
8
CYAN2
6
CONTINUOUS
10
2.7916653543307088
20
-5.1632795275590553
11
2.7916653543307088
21
-5.1228031496062991
0
LINE
8
CYAN2
6
CONTINUOUS
10
2.8369055118110236
20
-5.139472440944882
11
2.8369055118110236
21
-5.1728031496062998
0
LINE
8
CYAN2
6
CONTINUOUS
10
2.8250000000000002
20
-5.1204251968503938
11
2.8130984251968507
21
-5.1561377952755905
0
LINE
8
CYAN2
6
CONTINUOUS
10
2.8130984251968507
20
-5.1561377952755905
11
2.8440472440944884
21
-5.1561377952755905
0
LINE
8
CYAN2
6
CONTINUOUS
10
2.8892874015748031
20
-5.1728031496062998
11
2.8607165354330708
21
-5.1728031496062998
0
LINE
8
CYAN2
6
CONTINUOUS
10
2.875
20
-5.1728031496062998
11
2.875
21
-5.1228031496062991
0
LINE
8
CYAN2
6
CONTINUOUS
10
2.875
20
-5.1228031496062991
11
2.8702401574803149
21
-5.1299488188976383
0
LINE
8
CYAN2
6
CONTINUOUS
10
2.8702401574803149
20
-5.1299488188976383
11
2.8654763779527559
21
-5.1347086614173234
0
LINE
8
CYAN2
6
CONTINUOUS
10
2.8654763779527559
20
-5.1347086614173234
11
2.8607165354330708
21
-5.1370905511811022
0
LINE
8
CYAN2
6
CONTINUOUS
10
2.9392834645669295
20
-5.1680433070866147
11
2.9369055118110237
21
-5.1704251968503936
0
LINE
8
CYAN2
6
CONTINUOUS
10
2.9369055118110237
20
-5.1704251968503936
11
2.9297598425196854
21
-5.1728031496062998
0
LINE
8
CYAN2
6
CONTINUOUS
10
2.9297598425196854
20
-5.1728031496062998
11
2.9250000000000003
21
-5.1728031496062998
0
LINE
8
CYAN2
6
CONTINUOUS
10
2.9250000000000003
20
-5.1728031496062998
11
2.9178582677165354
21
-5.1704251968503936
0
LINE
8
CYAN2
6
CONTINUOUS
10
2.9178582677165354
20
-5.1704251968503936
11
2.9130944881889764
21
-5.165661417322835
0
LINE
8
CYAN2
6
CONTINUOUS
10
2.9130944881889764
20
-5.165661417322835
11
2.9107125984251971
21
-5.1608976377952755
0
LINE
8
CYAN2
6
CONTINUOUS
10
2.9107125984251971
20
-5.1608976377952755
11
2.9083346456692913
21
-5.1513740157480319
0
LINE
8
CYAN2
6
CONTINUOUS
10
2.9083346456692913
20
-5.1513740157480319
11
2.9083346456692913
21
-5.1442322834645671
0
LINE
8
CYAN2
6
CONTINUOUS
10
2.9083346456692913
20
-5.1442322834645671
11
2.9107125984251971
21
-5.1347086614173234
0
LINE
8
CYAN2
6
CONTINUOUS
10
2.9107125984251971
20
-5.1347086614173234
11
2.9130944881889764
21
-5.1299488188976383
0
LINE
8
CYAN2
6
CONTINUOUS
10
2.9130944881889764
20
-5.1299488188976383
11
2.9178582677165354
21
-5.1251850393700789
0
LINE
8
CYAN2
6
CONTINUOUS
10
2.9178582677165354
20
-5.1251850393700789
11
2.9250000000000003
21
-5.1228031496062991
0
LINE
8
CYAN2
6
CONTINUOUS
10
2.9250000000000003
20
-5.1228031496062991
11
2.9297598425196854
21
-5.1228031496062991
0
LINE
8
CYAN2
6
CONTINUOUS
10
2.9297598425196854
20
-5.1228031496062991
11
2.9369055118110237
21
-5.1251850393700789
0
LINE
8
CYAN2
6
CONTINUOUS
10
2.9369055118110237
20
-5.1251850393700789
11
2.9392834645669295
21
-5.1275669291338586
0
LINE
8
CYAN2
6
CONTINUOUS
10
2.6916692913385827
20
-5.2228031496062997
11
2.7250000000000001
21
-5.2228031496062997
0
LINE
8
CYAN2
6
CONTINUOUS
10
2.7250000000000001
20
-5.2228031496062997
11
2.7035748031496065
21
-5.2728031496062995
0
LINE
8
CYAN2
6
CONTINUOUS
10
2.7654763779527558
20
-5.2394724409448825
11
2.7654763779527558
21
-5.2728031496062995
0
LINE
8
CYAN2
6
CONTINUOUS
10
2.7535708661417324
20
-5.2204251968503943
11
2.7416692913385829
21
-5.256137795275591
0
LINE
8
CYAN2
6
CONTINUOUS
10
2.7416692913385829
20
-5.256137795275591
11
2.7726181102362206
21
-5.256137795275591
0
LINE
8
CYAN2
6
CONTINUOUS
10
2.7916653543307088
20
-5.2728031496062995
11
2.7916653543307088
21
-5.2228031496062997
0
LINE
8
CYAN2
6
CONTINUOUS
10
2.7916653543307088
20
-5.2466141732283464
11
2.8202362204724412
21
-5.2466141732283464
0
LINE
8
CYAN2
6
CONTINUOUS
10
2.8202362204724412
20
-5.2728031496062995
11
2.8202362204724412
21
-5.2228031496062997
0
LINE
8
CYAN2
6
CONTINUOUS
10
2.8726181102362207
20
-5.2680433070866144
11
2.8702401574803149
21
-5.2704251968503941
0
LINE
8
CYAN2
6
CONTINUOUS
10
2.8702401574803149
20
-5.2704251968503941
11
2.8630944881889766
21
-5.2728031496062995
0
LINE
8
CYAN2
6
CONTINUOUS
10
2.8630944881889766
20
-5.2728031496062995
11
2.8583346456692915
21
-5.2728031496062995
0
LINE
8
CYAN2
6
CONTINUOUS
10
2.8583346456692915
20
-5.2728031496062995
11
2.8511929133858267
21
-5.2704251968503941
0
LINE
8
CYAN2
6
CONTINUOUS
10
2.8511929133858267
20
-5.2704251968503941
11
2.8464291338582677
21
-5.2656614173228347
0
LINE
8
CYAN2
6
CONTINUOUS
10
2.8464291338582677
20
-5.2656614173228347
11
2.8440472440944884
21
-5.2608976377952761
0
LINE
8
CYAN2
6
CONTINUOUS
10
2.8440472440944884
20
-5.2608976377952761
11
2.8416692913385826
21
-5.2513740157480315
0
LINE
8
CYAN2
6
CONTINUOUS
10
2.8416692913385826
20
-5.2513740157480315
11
2.8416692913385826
21
-5.2442322834645667
0
LINE
8
CYAN2
6
CONTINUOUS
10
2.8416692913385826
20
-5.2442322834645667
11
2.8440472440944884
21
-5.2347086614173231
0
LINE
8
CYAN2
6
CONTINUOUS
10
2.8440472440944884
20
-5.2347086614173231
11
2.8464291338582677
21
-5.229948818897638
0
LINE
8
CYAN2
6
CONTINUOUS
10
2.8464291338582677
20
-5.229948818897638
11
2.8511929133858267
21
-5.2251850393700785
0
LINE
8
CYAN2
6
CONTINUOUS
10
2.8511929133858267
20
-5.2251850393700785
11
2.8583346456692915
21
-5.2228031496062997
0
LINE
8
CYAN2
6
CONTINUOUS
10
2.8583346456692915
20
-5.2228031496062997
11
2.8630944881889766
21
-5.2228031496062997
0
LINE
8
CYAN2
6
CONTINUOUS
10
2.8630944881889766
20
-5.2228031496062997
11
2.8702401574803149
21
-5.2251850393700785
0
LINE
8
CYAN2
6
CONTINUOUS
10
2.8702401574803149
20
-5.2251850393700785
11
2.8726181102362207
21
-5.2275669291338582
0
LINE
8
CYAN2
6
CONTINUOUS
10
2.8869055118110238
20
-5.2228031496062997
11
2.9154763779527562
21
-5.2228031496062997
0
LINE
8
CYAN2
6
CONTINUOUS
10
2.901192913385827
20
-5.2728031496062995
11
2.901192913385827
21
-5.2228031496062997
0
LINE
8
CYAN2
6
CONTINUOUS
10
2.9416653543307087
20
-5.2228031496062997
11
2.9464291338582678
21
-5.2228031496062997
0
LINE
8
CYAN2
6
CONTINUOUS
10
2.9464291338582678
20
-5.2228031496062997
11
2.9511889763779529
21
-5.2251850393700785
0
LINE
8
CYAN2
6
CONTINUOUS
10
2.9511889763779529
20
-5.2251850393700785
11
2.9535708661417326
21
-5.2275669291338582
0
LINE
8
CYAN2
6
CONTINUOUS
10
2.9535708661417326
20
-5.2275669291338582
11
2.9559527559055119
21
-5.2323267716535433
0
LINE
8
CYAN2
6
CONTINUOUS
10
2.9559527559055119
20
-5.2323267716535433
11
2.9583346456692916
21
-5.2418503937007879
0
LINE
8
CYAN2
6
CONTINUOUS
10
2.9583346456692916
20
-5.2418503937007879
11
2.9583346456692916
21
-5.2537559055118113
0
LINE
8
CYAN2
6
CONTINUOUS
10
2.9583346456692916
20
-5.2537559055118113
11
2.9559527559055119
21
-5.2632795275590549
0
LINE
8
CYAN2
6
CONTINUOUS
10
2.9559527559055119
20
-5.2632795275590549
11
2.9535708661417326
21
-5.2680433070866144
0
LINE
8
CYAN2
6
CONTINUOUS
10
2.9535708661417326
20
-5.2680433070866144
11
2.9511889763779529
21
-5.2704251968503941
0
LINE
8
CYAN2
6
CONTINUOUS
10
2.9511889763779529
20
-5.2704251968503941
11
2.9464291338582678
21
-5.2728031496062995
0
LINE
8
CYAN2
6
CONTINUOUS
10
2.9464291338582678
20
-5.2728031496062995
11
2.9416653543307087
21
-5.2728031496062995
0
LINE
8
CYAN2
6
CONTINUOUS
10
2.9416653543307087
20
-5.2728031496062995
11
2.9369055118110237
21
-5.2704251968503941
0
LINE
8
CYAN2
6
CONTINUOUS
10
2.9369055118110237
20
-5.2704251968503941
11
2.9345236220472444
21
-5.2680433070866144
0
LINE
8
CYAN2
6
CONTINUOUS
10
2.9345236220472444
20
-5.2680433070866144
11
2.9321417322834646
21
-5.2632795275590549
0
LINE
8
CYAN2
6
CONTINUOUS
10
2.9321417322834646
20
-5.2632795275590549
11
2.9297637795275593
21
-5.2537559055118113
0
LINE
8
CYAN2
6
CONTINUOUS
10
2.9297637795275593
20
-5.2537559055118113
11
2.9297637795275593
21
-5.2418503937007879
0
LINE
8
CYAN2
6
CONTINUOUS
10
2.9297637795275593
20
-5.2418503937007879
11
2.9321417322834646
21
-5.2323267716535433
0
LINE
8
CYAN2
6
CONTINUOUS
10
2.9321417322834646
20
-5.2323267716535433
11
2.9345236220472444
21
-5.2275669291338582
0
LINE
8
CYAN2
6
CONTINUOUS
10
2.9345236220472444
20
-5.2275669291338582
11
2.9369055118110237
21
-5.2251850393700785
0
LINE
8
CYAN2
6
CONTINUOUS
10
2.9369055118110237
20
-5.2251850393700785
11
2.9416653543307087
21
-5.2228031496062997
0
LINE
8
CYAN2
6
CONTINUOUS
10
3.0011889763779527
20
-5.2394724409448825
11
3.0011889763779527
21
-5.2728031496062995
0
LINE
8
CYAN2
6
CONTINUOUS
10
2.9892834645669293
20
-5.2204251968503943
11
2.9773818897637798
21
-5.256137795275591
0
LINE
8
CYAN2
6
CONTINUOUS
10
2.9773818897637798
20
-5.256137795275591
11
3.0083307086614175
21
-5.256137795275591
0
LINE
8
LYELLOW
6
CONTINUOUS
10
2.4500000000000002
20
-4.75
11
2.4500000000000002
21
-5.0499999999999998
0
LINE
8
LYELLOW
6
CONTINUOUS
10
2.4500000000000002
20
-5.0499999999999998
11
2.75
21
-4.9000000000000004
0
LINE
8
LYELLOW
6
CONTINUOUS
10
2.75
20
-4.9000000000000004
11
2.4500000000000002
21
-4.75
0
LINE
8
RED2
6
CONTINUOUS
10
2.4500000000000002
20
-4.75
11
2.4500000000000002
21
-5.0499999999999998
0
LINE
8
RED2
6
CONTINUOUS
10
2.4500000000000002
20
-5.0499999999999998
11
2.75
21
-4.9000000000000004
0
LINE
8
RED2
6
CONTINUOUS
10
2.75
20
-4.9000000000000004
11
2.4500000000000002
21
-4.75
0
LINE
8
RED2
6
CONTINUOUS
10
2.4500000000000002
20
-4.9000000000000004
11
2.3000000000000003
21
-4.9000000000000004
0
LINE
8
RED3
6
CONTINUOUS
10
2.3583346456692915
20
-4.8398779527559057
11
2.3892874015748031
21
-4.8398779527559057
0
LINE
8
RED3
6
CONTINUOUS
10
2.3892874015748031
20
-4.8398779527559057
11
2.3726181102362207
21
-4.8589251968503939
0
LINE
8
RED3
6
CONTINUOUS
10
2.3726181102362207
20
-4.8589251968503939
11
2.379763779527559
21
-4.8589251968503939
0
LINE
8
RED3
6
CONTINUOUS
10
2.379763779527559
20
-4.8589251968503939
11
2.3845236220472441
21
-4.8613070866141737
0
LINE
8
RED3
6
CONTINUOUS
10
2.3845236220472441
20
-4.8613070866141737
11
2.3869055118110238
21
-4.8636889763779525
0
LINE
8
RED3
6
CONTINUOUS
10
2.3869055118110238
20
-4.8636889763779525
11
2.3892874015748031
21
-4.8684488188976376
0
LINE
8
RED3
6
CONTINUOUS
10
2.3892874015748031
20
-4.8684488188976376
11
2.3892874015748031
21
-4.8803543307086619
0
LINE
8
RED3
6
CONTINUOUS
10
2.3892874015748031
20
-4.8803543307086619
11
2.3869055118110238
21
-4.8851181102362204
0
LINE
8
RED3
6
CONTINUOUS
10
2.3869055118110238
20
-4.8851181102362204
11
2.3845236220472441
21
-4.8875000000000002
0
LINE
8
RED3
6
CONTINUOUS
10
2.3845236220472441
20
-4.8875000000000002
11
2.379763779527559
21
-4.8898779527559055
0
LINE
8
RED3
6
CONTINUOUS
10
2.379763779527559
20
-4.8898779527559055
11
2.3654763779527559
21
-4.8898779527559055
0
LINE
8
RED3
6
CONTINUOUS
10
2.3654763779527559
20
-4.8898779527559055
11
2.3607165354330708
21
-4.8875000000000002
0
LINE
8
RED3
6
CONTINUOUS
10
2.3607165354330708
20
-4.8875000000000002
11
2.3583346456692915
21
-4.8851181102362204
0
CIRCLE
8
RED2
10
2.7749999999999999
20
-4.9000000000000004
40
0.025
0
LINE
8
RED2
6
CONTINUOUS
10
2.8000000000000003
20
-4.9000000000000004
11
2.8999999999999999
21
-4.9000000000000004
0
LINE
8
RED3
6
CONTINUOUS
10
2.8345236220472443
20
-4.8565472440944886
11
2.8345236220472443
21
-4.8898779527559055
0
LINE
8
RED3
6
CONTINUOUS
10
2.8226181102362204
20
-4.8375000000000004
11
2.810716535433071
21
-4.8732125984251971
0
LINE
8
RED3
6
CONTINUOUS
10
2.810716535433071
20
-4.8732125984251971
11
2.8416653543307087
21
-4.8732125984251971
0
LINE
8
CYAN2
6
CONTINUOUS
10
2.5130944881889765
20
-4.5228031496062995
11
2.5130944881889765
21
-4.5632795275590556
0
LINE
8
CYAN2
6
CONTINUOUS
10
2.5130944881889765
20
-4.5632795275590556
11
2.5154763779527558
21
-4.5680433070866142
0
LINE
8
CYAN2
6
CONTINUOUS
10
2.5154763779527558
20
-4.5680433070866142
11
2.5178582677165355
21
-4.5704251968503939
0
LINE
8
CYAN2
6
CONTINUOUS
10
2.5178582677165355
20
-4.5704251968503939
11
2.5226181102362206
21
-4.5728031496062993
0
LINE
8
CYAN2
6
CONTINUOUS
10
2.5226181102362206
20
-4.5728031496062993
11
2.5321417322834647
21
-4.5728031496062993
0
LINE
8
CYAN2
6
CONTINUOUS
10
2.5321417322834647
20
-4.5728031496062993
11
2.5369055118110238
21
-4.5704251968503939
0
LINE
8
CYAN2
6
CONTINUOUS
10
2.5369055118110238
20
-4.5704251968503939
11
2.539287401574803
21
-4.5680433070866142
0
LINE
8
CYAN2
6
CONTINUOUS
10
2.539287401574803
20
-4.5680433070866142
11
2.5416653543307088
21
-4.5632795275590556
0
LINE
8
CYAN2
6
CONTINUOUS
10
2.5416653543307088
20
-4.5632795275590556
11
2.5416653543307088
21
-4.5228031496062995
0
LINE
8
CYAN2
6
CONTINUOUS
10
2.5869055118110236
20
-4.5394724409448823
11
2.5869055118110236
21
-4.5728031496062993
0
LINE
8
CYAN2
6
CONTINUOUS
10
2.5750000000000002
20
-4.5204251968503941
11
2.5630984251968503
21
-4.5561377952755908
0
LINE
8
CYAN2
6
CONTINUOUS
10
2.5630984251968503
20
-4.5561377952755908
11
2.5940472440944884
21
-4.5561377952755908
0
LINE
8
CYAN2
6
CONTINUOUS
10
2.6392874015748031
20
-4.5728031496062993
11
2.6107165354330708
21
-4.5728031496062993
0
LINE
8
CYAN2
6
CONTINUOUS
10
2.625
20
-4.5728031496062993
11
2.625
21
-4.5228031496062995
0
LINE
8
CYAN2
6
CONTINUOUS
10
2.625
20
-4.5228031496062995
11
2.6202401574803149
21
-4.5299488188976378
0
LINE
8
CYAN2
6
CONTINUOUS
10
2.6202401574803149
20
-4.5299488188976378
11
2.6154763779527559
21
-4.5347086614173229
0
LINE
8
CYAN2
6
CONTINUOUS
10
2.6154763779527559
20
-4.5347086614173229
11
2.6107165354330708
21
-4.5370905511811026
0
LINE
8
CYAN2
6
CONTINUOUS
10
2.6773818897637796
20
-4.5466141732283463
11
2.6845236220472444
21
-4.548996062992126
0
LINE
8
CYAN2
6
CONTINUOUS
10
2.6845236220472444
20
-4.548996062992126
11
2.6869055118110237
21
-4.5513740157480314
0
LINE
8
CYAN2
6
CONTINUOUS
10
2.6869055118110237
20
-4.5513740157480314
11
2.689283464566929
21
-4.5561377952755908
0
LINE
8
CYAN2
6
CONTINUOUS
10
2.689283464566929
20
-4.5561377952755908
11
2.689283464566929
21
-4.5632795275590556
0
LINE
8
CYAN2
6
CONTINUOUS
10
2.689283464566929
20
-4.5632795275590556
11
2.6869055118110237
21
-4.5680433070866142
0
LINE
8
CYAN2
6
CONTINUOUS
10
2.6869055118110237
20
-4.5680433070866142
11
2.6845236220472444
21
-4.5704251968503939
0
LINE
8
CYAN2
6
CONTINUOUS
10
2.6845236220472444
20
-4.5704251968503939
11
2.6797598425196854
21
-4.5728031496062993
0
LINE
8
CYAN2
6
CONTINUOUS
10
2.6797598425196854
20
-4.5728031496062993
11
2.6607125984251971
21
-4.5728031496062993
0
LINE
8
CYAN2
6
CONTINUOUS
10
2.6607125984251971
20
-4.5728031496062993
11
2.6607125984251971
21
-4.5228031496062995
0
LINE
8
CYAN2
6
CONTINUOUS
10
2.6607125984251971
20
-4.5228031496062995
11
2.6773818897637796
21
-4.5228031496062995
0
LINE
8
CYAN2
6
CONTINUOUS
10
2.6773818897637796
20
-4.5228031496062995
11
2.6821417322834646
21
-4.5251850393700792
0
LINE
8
CYAN2
6
CONTINUOUS
10
2.6821417322834646
20
-4.5251850393700792
11
2.6845236220472444
21
-4.5275669291338581
0
LINE
8
CYAN2
6
CONTINUOUS
10
2.6845236220472444
20
-4.5275669291338581
11
2.6869055118110237
21
-4.5323267716535431
0
LINE
8
CYAN2
6
CONTINUOUS
10
2.6869055118110237
20
-4.5323267716535431
11
2.6869055118110237
21
-4.5370905511811026
0
LINE
8
CYAN2
6
CONTINUOUS
10
2.6869055118110237
20
-4.5370905511811026
11
2.6845236220472444
21
-4.5418503937007877
0
LINE
8
CYAN2
6
CONTINUOUS
10
2.6845236220472444
20
-4.5418503937007877
11
2.6821417322834646
21
-4.5442322834645674
0
LINE
8
CYAN2
6
CONTINUOUS
10
2.6821417322834646
20
-4.5442322834645674
11
2.6773818897637796
21
-4.5466141732283463
0
LINE
8
CYAN2
6
CONTINUOUS
10
2.6773818897637796
20
-4.5466141732283463
11
2.6607125984251971
21
-4.5466141732283463
0
LINE
8
CYAN2
6
CONTINUOUS
10
2.4416692913385827
20
-4.6228031496062991
11
2.4750000000000001
21
-4.6228031496062991
0
LINE
8
CYAN2
6
CONTINUOUS
10
2.4750000000000001
20
-4.6228031496062991
11
2.4535748031496065
21
-4.6728031496062998
0
LINE
8
CYAN2
6
CONTINUOUS
10
2.5154763779527558
20
-4.639472440944882
11
2.5154763779527558
21
-4.6728031496062998
0
LINE
8
CYAN2
6
CONTINUOUS
10
2.5035708661417324
20
-4.6204251968503938
11
2.4916692913385829
21
-4.6561377952755905
0
LINE
8
CYAN2
6
CONTINUOUS
10
2.4916692913385829
20
-4.6561377952755905
11
2.5226181102362206
21
-4.6561377952755905
0
LINE
8
CYAN2
6
CONTINUOUS
10
2.5416653543307088
20
-4.6728031496062998
11
2.5416653543307088
21
-4.6228031496062991
0
LINE
8
CYAN2
6
CONTINUOUS
10
2.5416653543307088
20
-4.6466141732283468
11
2.5702362204724412
21
-4.6466141732283468
0
LINE
8
CYAN2
6
CONTINUOUS
10
2.5702362204724412
20
-4.6728031496062998
11
2.5702362204724412
21
-4.6228031496062991
0
LINE
8
CYAN2
6
CONTINUOUS
10
2.6226181102362207
20
-4.6680433070866147
11
2.6202401574803149
21
-4.6704251968503936
0
LINE
8
CYAN2
6
CONTINUOUS
10
2.6202401574803149
20
-4.6704251968503936
11
2.6130944881889766
21
-4.6728031496062998
0
LINE
8
CYAN2
6
CONTINUOUS
10
2.6130944881889766
20
-4.6728031496062998
11
2.6083346456692915
21
-4.6728031496062998
0
LINE
8
CYAN2
6
CONTINUOUS
10
2.6083346456692915
20
-4.6728031496062998
11
2.6011929133858267
21
-4.6704251968503936
0
LINE
8
CYAN2
6
CONTINUOUS
10
2.6011929133858267
20
-4.6704251968503936
11
2.5964291338582677
21
-4.665661417322835
0
LINE
8
CYAN2
6
CONTINUOUS
10
2.5964291338582677
20
-4.665661417322835
11
2.5940472440944884
21
-4.6608976377952755
0
LINE
8
CYAN2
6
CONTINUOUS
10
2.5940472440944884
20
-4.6608976377952755
11
2.5916692913385826
21
-4.6513740157480319
0
LINE
8
CYAN2
6
CONTINUOUS
10
2.5916692913385826
20
-4.6513740157480319
11
2.5916692913385826
21
-4.6442322834645671
0
LINE
8
CYAN2
6
CONTINUOUS
10
2.5916692913385826
20
-4.6442322834645671
11
2.5940472440944884
21
-4.6347086614173234
0
LINE
8
CYAN2
6
CONTINUOUS
10
2.5940472440944884
20
-4.6347086614173234
11
2.5964291338582677
21
-4.6299488188976383
0
LINE
8
CYAN2
6
CONTINUOUS
10
2.5964291338582677
20
-4.6299488188976383
11
2.6011929133858267
21
-4.6251850393700789
0
LINE
8
CYAN2
6
CONTINUOUS
10
2.6011929133858267
20
-4.6251850393700789
11
2.6083346456692915
21
-4.6228031496062991
0
LINE
8
CYAN2
6
CONTINUOUS
10
2.6083346456692915
20
-4.6228031496062991
11
2.6130944881889766
21
-4.6228031496062991
0
LINE
8
CYAN2
6
CONTINUOUS
10
2.6130944881889766
20
-4.6228031496062991
11
2.6202401574803149
21
-4.6251850393700789
0
LINE
8
CYAN2
6
CONTINUOUS
10
2.6202401574803149
20
-4.6251850393700789
11
2.6226181102362207
21
-4.6275669291338586
0
LINE
8
CYAN2
6
CONTINUOUS
10
2.6369055118110238
20
-4.6228031496062991
11
2.6654763779527562
21
-4.6228031496062991
0
LINE
8
CYAN2
6
CONTINUOUS
10
2.651192913385827
20
-4.6728031496062998
11
2.651192913385827
21
-4.6228031496062991
0
LINE
8
CYAN2
6
CONTINUOUS
10
2.6916653543307087
20
-4.6228031496062991
11
2.6964291338582678
21
-4.6228031496062991
0
LINE
8
CYAN2
6
CONTINUOUS
10
2.6964291338582678
20
-4.6228031496062991
11
2.7011889763779529
21
-4.6251850393700789
0
LINE
8
CYAN2
6
CONTINUOUS
10
2.7011889763779529
20
-4.6251850393700789
11
2.7035708661417326
21
-4.6275669291338586
0
LINE
8
CYAN2
6
CONTINUOUS
10
2.7035708661417326
20
-4.6275669291338586
11
2.7059527559055119
21
-4.6323267716535437
0
LINE
8
CYAN2
6
CONTINUOUS
10
2.7059527559055119
20
-4.6323267716535437
11
2.7083346456692916
21
-4.6418503937007873
0
LINE
8
CYAN2
6
CONTINUOUS
10
2.7083346456692916
20
-4.6418503937007873
11
2.7083346456692916
21
-4.6537559055118116
0
LINE
8
CYAN2
6
CONTINUOUS
10
2.7083346456692916
20
-4.6537559055118116
11
2.7059527559055119
21
-4.6632795275590553
0
LINE
8
CYAN2
6
CONTINUOUS
10
2.7059527559055119
20
-4.6632795275590553
11
2.7035708661417326
21
-4.6680433070866147
0
LINE
8
CYAN2
6
CONTINUOUS
10
2.7035708661417326
20
-4.6680433070866147
11
2.7011889763779529
21
-4.6704251968503936
0
LINE
8
CYAN2
6
CONTINUOUS
10
2.7011889763779529
20
-4.6704251968503936
11
2.6964291338582678
21
-4.6728031496062998
0
LINE
8
CYAN2
6
CONTINUOUS
10
2.6964291338582678
20
-4.6728031496062998
11
2.6916653543307087
21
-4.6728031496062998
0
LINE
8
CYAN2
6
CONTINUOUS
10
2.6916653543307087
20
-4.6728031496062998
11
2.6869055118110237
21
-4.6704251968503936
0
LINE
8
CYAN2
6
CONTINUOUS
10
2.6869055118110237
20
-4.6704251968503936
11
2.6845236220472444
21
-4.6680433070866147
0
LINE
8
CYAN2
6
CONTINUOUS
10
2.6845236220472444
20
-4.6680433070866147
11
2.6821417322834646
21
-4.6632795275590553
0
LINE
8
CYAN2
6
CONTINUOUS
10
2.6821417322834646
20
-4.6632795275590553
11
2.6797637795275593
21
-4.6537559055118116
0
LINE
8
CYAN2
6
CONTINUOUS
10
2.6797637795275593
20
-4.6537559055118116
11
2.6797637795275593
21
-4.6418503937007873
0
LINE
8
CYAN2
6
CONTINUOUS
10
2.6797637795275593
20
-4.6418503937007873
11
2.6821417322834646
21
-4.6323267716535437
0
LINE
8
CYAN2
6
CONTINUOUS
10
2.6821417322834646
20
-4.6323267716535437
11
2.6845236220472444
21
-4.6275669291338586
0
LINE
8
CYAN2
6
CONTINUOUS
10
2.6845236220472444
20
-4.6275669291338586
11
2.6869055118110237
21
-4.6251850393700789
0
LINE
8
CYAN2
6
CONTINUOUS
10
2.6869055118110237
20
-4.6251850393700789
11
2.6916653543307087
21
-4.6228031496062991
0
LINE
8
CYAN2
6
CONTINUOUS
10
2.7511889763779527
20
-4.639472440944882
11
2.7511889763779527
21
-4.6728031496062998
0
LINE
8
CYAN2
6
CONTINUOUS
10
2.7392834645669293
20
-4.6204251968503938
11
2.7273818897637798
21
-4.6561377952755905
0
LINE
8
CYAN2
6
CONTINUOUS
10
2.7273818897637798
20
-4.6561377952755905
11
2.7583307086614175
21
-4.6561377952755905
0
ARC
8
LYELLOW
10
3.7993307086614174
20
-5.
40
0.1500014931622212
50
-89.74435124
51
89.74435124
0
LINE
8
LYELLOW
6
CONTINUOUS
10
3.8000000000000003
20
-4.8500000000000005
11
3.6500000000000004
21
-4.8500000000000005
0
LINE
8
LYELLOW
6
CONTINUOUS
10
3.6500000000000004
20
-4.8500000000000005
11
3.6500000000000004
21
-5.1500000000000004
0
LINE
8
LYELLOW
6
CONTINUOUS
10
3.6500000000000004
20
-5.1500000000000004
11
3.8000000000000003
21
-5.1500000000000004
0
LINE
8
LYELLOW
6
CONTINUOUS
10
3.8000000000000003
20
-5.1500000000000004
11
3.8000000000000003
21
-4.8500000000000005
0
ARC
8
RED2
10
3.7993307086614174
20
-5.
40
0.1500014931622212
50
-89.74435124
51
89.74435124
0
LINE
8
RED2
6
CONTINUOUS
10
3.8000000000000003
20
-4.8500000000000005
11
3.6500000000000004
21
-4.8500000000000005
0
LINE
8
RED2
6
CONTINUOUS
10
3.6500000000000004
20
-4.8500000000000005
11
3.6500000000000004
21
-5.1500000000000004
0
LINE
8
RED2
6
CONTINUOUS
10
3.6500000000000004
20
-5.1500000000000004
11
3.8000000000000003
21
-5.1500000000000004
0
LINE
8
RED2
6
CONTINUOUS
10
3.6500000000000004
20
-4.9000000000000004
11
3.5
21
-4.9000000000000004
0
LINE
8
RED3
6
CONTINUOUS
10
3.5845236220472443
20
-4.8565472440944886
11
3.5845236220472443
21
-4.8898779527559055
0
LINE
8
RED3
6
CONTINUOUS
10
3.5726181102362204
20
-4.8375000000000004
11
3.560716535433071
21
-4.8732125984251971
0
LINE
8
RED3
6
CONTINUOUS
10
3.560716535433071
20
-4.8732125984251971
11
3.5916653543307087
21
-4.8732125984251971
0
LINE
8
RED2
6
CONTINUOUS
10
3.6500000000000004
20
-5.1000000000000005
11
3.5
21
-5.1000000000000005
0
LINE
8
RED3
6
CONTINUOUS
10
3.5869055118110236
20
-5.0398779527559059
11
3.5630944881889763
21
-5.0398779527559059
0
LINE
8
RED3
6
CONTINUOUS
10
3.5630944881889763
20
-5.0398779527559059
11
3.560716535433071
21
-5.0636889763779527
0
LINE
8
RED3
6
CONTINUOUS
10
3.560716535433071
20
-5.0636889763779527
11
3.5630944881889763
21
-5.0613070866141738
0
LINE
8
RED3
6
CONTINUOUS
10
3.5630944881889763
20
-5.0613070866141738
11
3.5678582677165354
21
-5.0589251968503941
0
LINE
8
RED3
6
CONTINUOUS
10
3.5678582677165354
20
-5.0589251968503941
11
3.5797637795275592
21
-5.0589251968503941
0
LINE
8
RED3
6
CONTINUOUS
10
3.5797637795275592
20
-5.0589251968503941
11
3.5845236220472443
21
-5.0613070866141738
0
LINE
8
RED3
6
CONTINUOUS
10
3.5845236220472443
20
-5.0613070866141738
11
3.5869055118110236
21
-5.0636889763779527
0
LINE
8
RED3
6
CONTINUOUS
10
3.5869055118110236
20
-5.0636889763779527
11
3.5892874015748033
21
-5.0684488188976378
0
LINE
8
RED3
6
CONTINUOUS
10
3.5892874015748033
20
-5.0684488188976378
11
3.5892874015748033
21
-5.080354330708662
0
LINE
8
RED3
6
CONTINUOUS
10
3.5892874015748033
20
-5.080354330708662
11
3.5869055118110236
21
-5.0851181102362206
0
LINE
8
RED3
6
CONTINUOUS
10
3.5869055118110236
20
-5.0851181102362206
11
3.5845236220472443
21
-5.0875000000000004
0
LINE
8
RED3
6
CONTINUOUS
10
3.5845236220472443
20
-5.0875000000000004
11
3.5797637795275592
21
-5.0898779527559057
0
LINE
8
RED3
6
CONTINUOUS
10
3.5797637795275592
20
-5.0898779527559057
11
3.5678582677165354
21
-5.0898779527559057
0
LINE
8
RED3
6
CONTINUOUS
10
3.5678582677165354
20
-5.0898779527559057
11
3.5630944881889763
21
-5.0875000000000004
0
LINE
8
RED3
6
CONTINUOUS
10
3.5630944881889763
20
-5.0875000000000004
11
3.560716535433071
21
-5.0851181102362206
0
LINE
8
RED2
6
CONTINUOUS
10
3.9500000000000002
20
-5.
11
4.1000000000000005
21
-5.
0
LINE
8
RED3
6
CONTINUOUS
10
4.034523622047244
20
-4.9398779527559054
11
4.0250000000000004
21
-4.9398779527559054
0
LINE
8
RED3
6
CONTINUOUS
10
4.0250000000000004
20
-4.9398779527559054
11
4.0202401574803153
21
-4.9422598425196851
0
LINE
8
RED3
6
CONTINUOUS
10
4.0202401574803153
20
-4.9422598425196851
11
4.0178582677165355
21
-4.9446417322834648
0
LINE
8
RED3
6
CONTINUOUS
10
4.0178582677165355
20
-4.9446417322834648
11
4.013094488188977
21
-4.9517834645669296
0
LINE
8
RED3
6
CONTINUOUS
10
4.013094488188977
20
-4.9517834645669296
11
4.0107165354330707
21
-4.9613070866141733
0
LINE
8
RED3
6
CONTINUOUS
10
4.0107165354330707
20
-4.9613070866141733
11
4.0107165354330707
21
-4.9803543307086615
0
LINE
8
RED3
6
CONTINUOUS
10
4.0107165354330707
20
-4.9803543307086615
11
4.013094488188977
21
-4.985118110236221
0
LINE
8
RED3
6
CONTINUOUS
10
4.013094488188977
20
-4.985118110236221
11
4.0154763779527558
21
-4.9874999999999998
0
LINE
8
RED3
6
CONTINUOUS
10
4.0154763779527558
20
-4.9874999999999998
11
4.0202401574803153
21
-4.9898779527559061
0
LINE
8
RED3
6
CONTINUOUS
10
4.0202401574803153
20
-4.9898779527559061
11
4.0297637795275589
21
-4.9898779527559061
0
LINE
8
RED3
6
CONTINUOUS
10
4.0297637795275589
20
-4.9898779527559061
11
4.034523622047244
21
-4.9874999999999998
0
LINE
8
RED3
6
CONTINUOUS
10
4.034523622047244
20
-4.9874999999999998
11
4.0369055118110238
21
-4.985118110236221
0
LINE
8
RED3
6
CONTINUOUS
10
4.0369055118110238
20
-4.985118110236221
11
4.0392874015748035
21
-4.9803543307086615
0
LINE
8
RED3
6
CONTINUOUS
10
4.0392874015748035
20
-4.9803543307086615
11
4.0392874015748035
21
-4.9684488188976381
0
LINE
8
RED3
6
CONTINUOUS
10
4.0392874015748035
20
-4.9684488188976381
11
4.0369055118110238
21
-4.963688976377953
0
LINE
8
RED3
6
CONTINUOUS
10
4.0369055118110238
20
-4.963688976377953
11
4.034523622047244
21
-4.9613070866141733
0
LINE
8
RED3
6
CONTINUOUS
10
4.034523622047244
20
-4.9613070866141733
11
4.0297637795275589
21
-4.9589251968503936
0
LINE
8
RED3
6
CONTINUOUS
10
4.0297637795275589
20
-4.9589251968503936
11
4.0202401574803153
21
-4.9589251968503936
0
LINE
8
RED3
6
CONTINUOUS
10
4.0202401574803153
20
-4.9589251968503936
11
4.0154763779527558
21
-4.9613070866141733
0
LINE
8
RED3
6
CONTINUOUS
10
4.0154763779527558
20
-4.9613070866141733
11
4.013094488188977
21
-4.963688976377953
0
LINE
8
RED3
6
CONTINUOUS
10
4.013094488188977
20
-4.963688976377953
11
4.0107165354330707
21
-4.9684488188976381
0
LINE
8
CYAN2
6
CONTINUOUS
10
3.7365748031496064
20
-4.6228031496062991
11
3.7365748031496064
21
-4.6632795275590553
0
LINE
8
CYAN2
6
CONTINUOUS
10
3.7365748031496064
20
-4.6632795275590553
11
3.7389566929133862
21
-4.6680433070866147
0
LINE
8
CYAN2
6
CONTINUOUS
10
3.7389566929133862
20
-4.6680433070866147
11
3.7413385826771655
21
-4.6704251968503936
0
LINE
8
CYAN2
6
CONTINUOUS
10
3.7413385826771655
20
-4.6704251968503936
11
3.7460984251968505
21
-4.6728031496062998
0
LINE
8
CYAN2
6
CONTINUOUS
10
3.7460984251968505
20
-4.6728031496062998
11
3.7556220472440947
21
-4.6728031496062998
0
LINE
8
CYAN2
6
CONTINUOUS
10
3.7556220472440947
20
-4.6728031496062998
11
3.7603858267716537
21
-4.6704251968503936
0
LINE
8
CYAN2
6
CONTINUOUS
10
3.7603858267716537
20
-4.6704251968503936
11
3.7627677165354334
21
-4.6680433070866147
0
LINE
8
CYAN2
6
CONTINUOUS
10
3.7627677165354334
20
-4.6680433070866147
11
3.7651456692913388
21
-4.6632795275590553
0
LINE
8
CYAN2
6
CONTINUOUS
10
3.7651456692913388
20
-4.6632795275590553
11
3.7651456692913388
21
-4.6228031496062991
0
LINE
8
CYAN2
6
CONTINUOUS
10
3.815149606299213
20
-4.6728031496062998
11
3.7865787401574806
21
-4.6728031496062998
0
LINE
8
CYAN2
6
CONTINUOUS
10
3.8008622047244094
20
-4.6728031496062998
11
3.8008622047244094
21
-4.6228031496062991
0
LINE
8
CYAN2
6
CONTINUOUS
10
3.8008622047244094
20
-4.6228031496062991
11
3.7961023622047247
21
-4.6299488188976383
0
LINE
8
CYAN2
6
CONTINUOUS
10
3.7961023622047247
20
-4.6299488188976383
11
3.7913385826771653
21
-4.6347086614173234
0
LINE
8
CYAN2
6
CONTINUOUS
10
3.7913385826771653
20
-4.6347086614173234
11
3.7865787401574806
21
-4.6370905511811022
0
LINE
8
CYAN2
6
CONTINUOUS
10
3.8532440944881889
20
-4.6466141732283468
11
3.8603858267716538
21
-4.6489960629921265
0
LINE
8
CYAN2
6
CONTINUOUS
10
3.8603858267716538
20
-4.6489960629921265
11
3.862767716535433
21
-4.6513740157480319
0
LINE
8
CYAN2
6
CONTINUOUS
10
3.862767716535433
20
-4.6513740157480319
11
3.8651456692913388
21
-4.6561377952755905
0
LINE
8
CYAN2
6
CONTINUOUS
10
3.8651456692913388
20
-4.6561377952755905
11
3.8651456692913388
21
-4.6632795275590553
0
LINE
8
CYAN2
6
CONTINUOUS
10
3.8651456692913388
20
-4.6632795275590553
11
3.862767716535433
21
-4.6680433070866147
0
LINE
8
CYAN2
6
CONTINUOUS
10
3.862767716535433
20
-4.6680433070866147
11
3.8603858267716538
21
-4.6704251968503936
0
LINE
8
CYAN2
6
CONTINUOUS
10
3.8603858267716538
20
-4.6704251968503936
11
3.8556220472440947
21
-4.6728031496062998
0
LINE
8
CYAN2
6
CONTINUOUS
10
3.8556220472440947
20
-4.6728031496062998
11
3.8365748031496065
21
-4.6728031496062998
0
LINE
8
CYAN2
6
CONTINUOUS
10
3.8365748031496065
20
-4.6728031496062998
11
3.8365748031496065
21
-4.6228031496062991
0
LINE
8
CYAN2
6
CONTINUOUS
10
3.8365748031496065
20
-4.6228031496062991
11
3.8532440944881889
21
-4.6228031496062991
0
LINE
8
CYAN2
6
CONTINUOUS
10
3.8532440944881889
20
-4.6228031496062991
11
3.858003937007874
21
-4.6251850393700789
0
LINE
8
CYAN2
6
CONTINUOUS
10
3.858003937007874
20
-4.6251850393700789
11
3.8603858267716538
21
-4.6275669291338586
0
LINE
8
CYAN2
6
CONTINUOUS
10
3.8603858267716538
20
-4.6275669291338586
11
3.862767716535433
21
-4.6323267716535437
0
LINE
8
CYAN2
6
CONTINUOUS
10
3.862767716535433
20
-4.6323267716535437
11
3.862767716535433
21
-4.6370905511811022
0
LINE
8
CYAN2
6
CONTINUOUS
10
3.862767716535433
20
-4.6370905511811022
11
3.8603858267716538
21
-4.6418503937007873
0
LINE
8
CYAN2
6
CONTINUOUS
10
3.8603858267716538
20
-4.6418503937007873
11
3.858003937007874
21
-4.6442322834645671
0
LINE
8
CYAN2
6
CONTINUOUS
10
3.858003937007874
20
-4.6442322834645671
11
3.8532440944881889
21
-4.6466141732283468
0
LINE
8
CYAN2
6
CONTINUOUS
10
3.8532440944881889
20
-4.6466141732283468
11
3.8365748031496065
21
-4.6466141732283468
0
LINE
8
CYAN2
6
CONTINUOUS
10
3.6675314960629923
20
-4.7228031496062997
11
3.7008622047244097
21
-4.7228031496062997
0
LINE
8
CYAN2
6
CONTINUOUS
10
3.7008622047244097
20
-4.7228031496062997
11
3.6794370078740157
21
-4.7728031496062995
0
LINE
8
CYAN2
6
CONTINUOUS
10
3.7413385826771655
20
-4.7394724409448816
11
3.7413385826771655
21
-4.7728031496062995
0
LINE
8
CYAN2
6
CONTINUOUS
10
3.7294330708661421
20
-4.7204251968503943
11
3.7175314960629922
21
-4.756137795275591
0
LINE
8
CYAN2
6
CONTINUOUS
10
3.7175314960629922
20
-4.756137795275591
11
3.7484803149606303
21
-4.756137795275591
0
LINE
8
CYAN2
6
CONTINUOUS
10
3.7913385826771653
20
-4.7728031496062995
11
3.767527559055118
21
-4.7728031496062995
0
LINE
8
CYAN2
6
CONTINUOUS
10
3.767527559055118
20
-4.7728031496062995
11
3.767527559055118
21
-4.7228031496062997
0
LINE
8
CYAN2
6
CONTINUOUS
10
3.8056259842519689
20
-4.7704251968503941
11
3.8127677165354332
21
-4.7728031496062995
0
LINE
8
CYAN2
6
CONTINUOUS
10
3.8127677165354332
20
-4.7728031496062995
11
3.8246732283464566
21
-4.7728031496062995
0
LINE
8
CYAN2
6
CONTINUOUS
10
3.8246732283464566
20
-4.7728031496062995
11
3.8294330708661417
21
-4.7704251968503941
0
LINE
8
CYAN2
6
CONTINUOUS
10
3.8294330708661417
20
-4.7704251968503941
11
3.8318149606299214
21
-4.7680433070866144
0
LINE
8
CYAN2
6
CONTINUOUS
10
3.8318149606299214
20
-4.7680433070866144
11
3.8341968503937007
21
-4.7632795275590549
0
LINE
8
CYAN2
6
CONTINUOUS
10
3.8341968503937007
20
-4.7632795275590549
11
3.8341968503937007
21
-4.7585196850393698
0
LINE
8
CYAN2
6
CONTINUOUS
10
3.8341968503937007
20
-4.7585196850393698
11
3.8318149606299214
21
-4.7537559055118113
0
LINE
8
CYAN2
6
CONTINUOUS
10
3.8318149606299214
20
-4.7537559055118113
11
3.8294330708661417
21
-4.7513740157480315
0
LINE
8
CYAN2
6
CONTINUOUS
10
3.8294330708661417
20
-4.7513740157480315
11
3.8246732283464566
21
-4.7489960629921262
0
LINE
8
CYAN2
6
CONTINUOUS
10
3.8246732283464566
20
-4.7489960629921262
11
3.815149606299213
21
-4.7466141732283464
0
LINE
8
CYAN2
6
CONTINUOUS
10
3.815149606299213
20
-4.7466141732283464
11
3.8103858267716535
21
-4.7442322834645667
0
LINE
8
CYAN2
6
CONTINUOUS
10
3.8103858267716535
20
-4.7442322834645667
11
3.8080039370078742
21
-4.7418503937007879
0
LINE
8
CYAN2
6
CONTINUOUS
10
3.8080039370078742
20
-4.7418503937007879
11
3.8056259842519689
21
-4.7370905511811028
0
LINE
8
CYAN2
6
CONTINUOUS
10
3.8056259842519689
20
-4.7370905511811028
11
3.8056259842519689
21
-4.7323267716535433
0
LINE
8
CYAN2
6
CONTINUOUS
10
3.8056259842519689
20
-4.7323267716535433
11
3.8080039370078742
21
-4.7275669291338582
0
LINE
8
CYAN2
6
CONTINUOUS
10
3.8080039370078742
20
-4.7275669291338582
11
3.8103858267716535
21
-4.7251850393700785
0
LINE
8
CYAN2
6
CONTINUOUS
10
3.8103858267716535
20
-4.7251850393700785
11
3.815149606299213
21
-4.7228031496062997
0
LINE
8
CYAN2
6
CONTINUOUS
10
3.815149606299213
20
-4.7228031496062997
11
3.8270511811023624
21
-4.7228031496062997
0
LINE
8
CYAN2
6
CONTINUOUS
10
3.8270511811023624
20
-4.7228031496062997
11
3.8341968503937007
21
-4.7251850393700785
0
LINE
8
CYAN2
6
CONTINUOUS
10
3.8651456692913388
20
-4.7228031496062997
11
3.8699094488188979
21
-4.7228031496062997
0
LINE
8
CYAN2
6
CONTINUOUS
10
3.8699094488188979
20
-4.7228031496062997
11
3.874669291338583
21
-4.7251850393700785
0
LINE
8
CYAN2
6
CONTINUOUS
10
3.874669291338583
20
-4.7251850393700785
11
3.8770511811023622
21
-4.7275669291338582
0
LINE
8
CYAN2
6
CONTINUOUS
10
3.8770511811023622
20
-4.7275669291338582
11
3.879433070866142
21
-4.7323267716535433
0
LINE
8
CYAN2
6
CONTINUOUS
10
3.879433070866142
20
-4.7323267716535433
11
3.8818149606299213
21
-4.7418503937007879
0
LINE
8
CYAN2
6
CONTINUOUS
10
3.8818149606299213
20
-4.7418503937007879
11
3.8818149606299213
21
-4.7537559055118113
0
LINE
8
CYAN2
6
CONTINUOUS
10
3.8818149606299213
20
-4.7537559055118113
11
3.879433070866142
21
-4.7632795275590549
0
LINE
8
CYAN2
6
CONTINUOUS
10
3.879433070866142
20
-4.7632795275590549
11
3.8770511811023622
21
-4.7680433070866144
0
LINE
8
CYAN2
6
CONTINUOUS
10
3.8770511811023622
20
-4.7680433070866144
11
3.874669291338583
21
-4.7704251968503941
0
LINE
8
CYAN2
6
CONTINUOUS
10
3.874669291338583
20
-4.7704251968503941
11
3.8699094488188979
21
-4.7728031496062995
0
LINE
8
CYAN2
6
CONTINUOUS
10
3.8699094488188979
20
-4.7728031496062995
11
3.8651456692913388
21
-4.7728031496062995
0
LINE
8
CYAN2
6
CONTINUOUS
10
3.8651456692913388
20
-4.7728031496062995
11
3.8603858267716538
21
-4.7704251968503941
0
LINE
8
CYAN2
6
CONTINUOUS
10
3.8603858267716538
20
-4.7704251968503941
11
3.858003937007874
21
-4.7680433070866144
0
LINE
8
CYAN2
6
CONTINUOUS
10
3.858003937007874
20
-4.7680433070866144
11
3.8556220472440947
21
-4.7632795275590549
0
LINE
8
CYAN2
6
CONTINUOUS
10
3.8556220472440947
20
-4.7632795275590549
11
3.8532440944881889
21
-4.7537559055118113
0
LINE
8
CYAN2
6
CONTINUOUS
10
3.8532440944881889
20
-4.7537559055118113
11
3.8532440944881889
21
-4.7418503937007879
0
LINE
8
CYAN2
6
CONTINUOUS
10
3.8532440944881889
20
-4.7418503937007879
11
3.8556220472440947
21
-4.7323267716535433
0
LINE
8
CYAN2
6
CONTINUOUS
10
3.8556220472440947
20
-4.7323267716535433
11
3.858003937007874
21
-4.7275669291338582
0
LINE
8
CYAN2
6
CONTINUOUS
10
3.858003937007874
20
-4.7275669291338582
11
3.8603858267716538
21
-4.7251850393700785
0
LINE
8
CYAN2
6
CONTINUOUS
10
3.8603858267716538
20
-4.7251850393700785
11
3.8651456692913388
21
-4.7228031496062997
0
LINE
8
CYAN2
6
CONTINUOUS
10
3.9103858267716536
20
-4.7442322834645667
11
3.9056220472440946
21
-4.7418503937007879
0
LINE
8
CYAN2
6
CONTINUOUS
10
3.9056220472440946
20
-4.7418503937007879
11
3.9032401574803153
21
-4.7394724409448816
0
LINE
8
CYAN2
6
CONTINUOUS
10
3.9032401574803153
20
-4.7394724409448816
11
3.9008622047244095
21
-4.7347086614173231
0
LINE
8
CYAN2
6
CONTINUOUS
10
3.9008622047244095
20
-4.7347086614173231
11
3.9008622047244095
21
-4.7323267716535433
0
LINE
8
CYAN2
6
CONTINUOUS
10
3.9008622047244095
20
-4.7323267716535433
11
3.9032401574803153
21
-4.7275669291338582
0
LINE
8
CYAN2
6
CONTINUOUS
10
3.9032401574803153
20
-4.7275669291338582
11
3.9056220472440946
21
-4.7251850393700785
0
LINE
8
CYAN2
6
CONTINUOUS
10
3.9056220472440946
20
-4.7251850393700785
11
3.9103858267716536
21
-4.7228031496062997
0
LINE
8
CYAN2
6
CONTINUOUS
10
3.9103858267716536
20
-4.7228031496062997
11
3.9199094488188977
21
-4.7228031496062997
0
LINE
8
CYAN2
6
CONTINUOUS
10
3.9199094488188977
20
-4.7228031496062997
11
3.9246692913385828
21
-4.7251850393700785
0
LINE
8
CYAN2
6
CONTINUOUS
10
3.9246692913385828
20
-4.7251850393700785
11
3.9270511811023625
21
-4.7275669291338582
0
LINE
8
CYAN2
6
CONTINUOUS
10
3.9270511811023625
20
-4.7275669291338582
11
3.9294330708661418
21
-4.7323267716535433
0
LINE
8
CYAN2
6
CONTINUOUS
10
3.9294330708661418
20
-4.7323267716535433
11
3.9294330708661418
21
-4.7347086614173231
0
LINE
8
CYAN2
6
CONTINUOUS
10
3.9294330708661418
20
-4.7347086614173231
11
3.9270511811023625
21
-4.7394724409448816
0
LINE
8
CYAN2
6
CONTINUOUS
10
3.9270511811023625
20
-4.7394724409448816
11
3.9246692913385828
21
-4.7418503937007879
0
LINE
8
CYAN2
6
CONTINUOUS
10
3.9246692913385828
20
-4.7418503937007879
11
3.9199094488188977
21
-4.7442322834645667
0
LINE
8
CYAN2
6
CONTINUOUS
10
3.9199094488188977
20
-4.7442322834645667
11
3.9103858267716536
21
-4.7442322834645667
0
LINE
8
CYAN2
6
CONTINUOUS
10
3.9103858267716536
20
-4.7442322834645667
11
3.9056220472440946
21
-4.7466141732283464
0
LINE
8
CYAN2
6
CONTINUOUS
10
3.9056220472440946
20
-4.7466141732283464
11
3.9032401574803153
21
-4.7489960629921262
0
LINE
8
CYAN2
6
CONTINUOUS
10
3.9032401574803153
20
-4.7489960629921262
11
3.9008622047244095
21
-4.7537559055118113
0
LINE
8
CYAN2
6
CONTINUOUS
10
3.9008622047244095
20
-4.7537559055118113
11
3.9008622047244095
21
-4.7632795275590549
0
LINE
8
CYAN2
6
CONTINUOUS
10
3.9008622047244095
20
-4.7632795275590549
11
3.9032401574803153
21
-4.7680433070866144
0
LINE
8
CYAN2
6
CONTINUOUS
10
3.9032401574803153
20
-4.7680433070866144
11
3.9056220472440946
21
-4.7704251968503941
0
LINE
8
CYAN2
6
CONTINUOUS
10
3.9056220472440946
20
-4.7704251968503941
11
3.9103858267716536
21
-4.7728031496062995
0
LINE
8
CYAN2
6
CONTINUOUS
10
3.9103858267716536
20
-4.7728031496062995
11
3.9199094488188977
21
-4.7728031496062995
0
LINE
8
CYAN2
6
CONTINUOUS
10
3.9199094488188977
20
-4.7728031496062995
11
3.9246692913385828
21
-4.7704251968503941
0
LINE
8
CYAN2
6
CONTINUOUS
10
3.9246692913385828
20
-4.7704251968503941
11
3.9270511811023625
21
-4.7680433070866144
0
LINE
8
CYAN2
6
CONTINUOUS
10
3.9270511811023625
20
-4.7680433070866144
11
3.9294330708661418
21
-4.7632795275590549
0
LINE
8
CYAN2
6
CONTINUOUS
10
3.9294330708661418
20
-4.7632795275590549
11
3.9294330708661418
21
-4.7537559055118113
0
LINE
8
CYAN2
6
CONTINUOUS
10
3.9294330708661418
20
-4.7537559055118113
11
3.9270511811023625
21
-4.7489960629921262
0
LINE
8
CYAN2
6
CONTINUOUS
10
3.9270511811023625
20
-4.7489960629921262
11
3.9246692913385828
21
-4.7466141732283464
0
LINE
8
CYAN2
6
CONTINUOUS
10
3.9246692913385828
20
-4.7466141732283464
11
3.9199094488188977
21
-4.7442322834645667
0
LINE
8
BROWN2
6
CONTINUOUS
10
9.0520826771653553
20
-4.4680433070866146
11
9.04970472440945
21
-4.4704251968503943
0
LINE
8
BROWN2
6
CONTINUOUS
10
9.04970472440945
20
-4.4704251968503943
11
9.0425590551181099
21
-4.4728031496062997
0
LINE
8
BROWN2
6
CONTINUOUS
10
9.0425590551181099
20
-4.4728031496062997
11
9.0377992125984257
21
-4.4728031496062997
0
LINE
8
BROWN2
6
CONTINUOUS
10
9.0377992125984257
20
-4.4728031496062997
11
9.0306574803149608
21
-4.4704251968503943
0
LINE
8
BROWN2
6
CONTINUOUS
10
9.0306574803149608
20
-4.4704251968503943
11
9.0258937007874014
21
-4.4656614173228348
0
LINE
8
BROWN2
6
CONTINUOUS
10
9.0258937007874014
20
-4.4656614173228348
11
9.0235118110236225
21
-4.4608976377952754
0
LINE
8
BROWN2
6
CONTINUOUS
10
9.0235118110236225
20
-4.4608976377952754
11
9.0211338582677172
21
-4.4513740157480317
0
LINE
8
BROWN2
6
CONTINUOUS
10
9.0211338582677172
20
-4.4513740157480317
11
9.0211338582677172
21
-4.4442322834645669
0
LINE
8
BROWN2
6
CONTINUOUS
10
9.0211338582677172
20
-4.4442322834645669
11
9.0235118110236225
21
-4.4347086614173232
0
LINE
8
BROWN2
6
CONTINUOUS
10
9.0235118110236225
20
-4.4347086614173232
11
9.0258937007874014
21
-4.4299488188976381
0
LINE
8
BROWN2
6
CONTINUOUS
10
9.0258937007874014
20
-4.4299488188976381
11
9.0306574803149608
21
-4.4251850393700787
0
LINE
8
BROWN2
6
CONTINUOUS
10
9.0306574803149608
20
-4.4251850393700787
11
9.0377992125984257
21
-4.4228031496062989
0
LINE
8
BROWN2
6
CONTINUOUS
10
9.0377992125984257
20
-4.4228031496062989
11
9.0425590551181099
21
-4.4228031496062989
0
LINE
8
BROWN2
6
CONTINUOUS
10
9.0425590551181099
20
-4.4228031496062989
11
9.04970472440945
21
-4.4251850393700787
0
LINE
8
BROWN2
6
CONTINUOUS
10
9.04970472440945
20
-4.4251850393700787
11
9.0520826771653553
21
-4.4275669291338584
0
LINE
8
BROWN2
6
CONTINUOUS
10
9.09732283464567
20
-4.4728031496062997
11
9.0735118110236233
21
-4.4728031496062997
0
LINE
8
BROWN2
6
CONTINUOUS
10
9.0735118110236233
20
-4.4728031496062997
11
9.0735118110236233
21
-4.4228031496062989
0
LINE
8
BROWN2
6
CONTINUOUS
10
9.1139881889763785
20
-4.4728031496062997
11
9.1139881889763785
21
-4.4228031496062989
0
LINE
8
BROWN2
6
CONTINUOUS
10
9.1425590551181113
20
-4.4728031496062997
11
9.1211338582677168
21
-4.4442322834645669
0
LINE
8
BROWN2
6
CONTINUOUS
10
9.1425590551181113
20
-4.4228031496062989
11
9.1139881889763785
21
-4.4513740157480317
0
LINE
8
BROWN2
6
CONTINUOUS
10
9.0166102362204725
20
-4.4089251968503937
11
9.1470866141732294
21
-4.4089251968503937
0
LINE
8
BROWN2
6
CONTINUOUS
10
9.
20
-4.4500000000000002
11
8.9749999999999996
21
-4.4249999999999998
0
LINE
8
BROWN2
6
CONTINUOUS
10
8.9749999999999996
20
-4.4249999999999998
11
8.9500000000000011
21
-4.4249999999999998
0
LINE
8
BROWN2
6
CONTINUOUS
10
8.9500000000000011
20
-4.4249999999999998
11
8.9500000000000011
21
-4.4750000000000005
0
LINE
8
BROWN2
6
CONTINUOUS
10
8.9500000000000011
20
-4.4750000000000005
11
8.9749999999999996
21
-4.4750000000000005
0
LINE
8
BROWN2
6
CONTINUOUS
10
8.9749999999999996
20
-4.4750000000000005
11
9.
21
-4.4500000000000002
0
LINE
8
BROWN2
6
CONTINUOUS
10
9.0520826771653553
20
-4.7680433070866144
11
9.04970472440945
21
-4.7704251968503941
0
LINE
8
BROWN2
6
CONTINUOUS
10
9.04970472440945
20
-4.7704251968503941
11
9.0425590551181099
21
-4.7728031496062995
0
LINE
8
BROWN2
6
CONTINUOUS
10
9.0425590551181099
20
-4.7728031496062995
11
9.0377992125984257
21
-4.7728031496062995
0
LINE
8
BROWN2
6
CONTINUOUS
10
9.0377992125984257
20
-4.7728031496062995
11
9.0306574803149608
21
-4.7704251968503941
0
LINE
8
BROWN2
6
CONTINUOUS
10
9.0306574803149608
20
-4.7704251968503941
11
9.0258937007874014
21
-4.7656614173228347
0
LINE
8
BROWN2
6
CONTINUOUS
10
9.0258937007874014
20
-4.7656614173228347
11
9.0235118110236225
21
-4.7608976377952761
0
LINE
8
BROWN2
6
CONTINUOUS
10
9.0235118110236225
20
-4.7608976377952761
11
9.0211338582677172
21
-4.7513740157480315
0
LINE
8
BROWN2
6
CONTINUOUS
10
9.0211338582677172
20
-4.7513740157480315
11
9.0211338582677172
21
-4.7442322834645667
0
LINE
8
BROWN2
6
CONTINUOUS
10
9.0211338582677172
20
-4.7442322834645667
11
9.0235118110236225
21
-4.7347086614173231
0
LINE
8
BROWN2
6
CONTINUOUS
10
9.0235118110236225
20
-4.7347086614173231
11
9.0258937007874014
21
-4.729948818897638
0
LINE
8
BROWN2
6
CONTINUOUS
10
9.0258937007874014
20
-4.729948818897638
11
9.0306574803149608
21
-4.7251850393700785
0
LINE
8
BROWN2
6
CONTINUOUS
10
9.0306574803149608
20
-4.7251850393700785
11
9.0377992125984257
21
-4.7228031496062997
0
LINE
8
BROWN2
6
CONTINUOUS
10
9.0377992125984257
20
-4.7228031496062997
11
9.0425590551181099
21
-4.7228031496062997
0
LINE
8
BROWN2
6
CONTINUOUS
10
9.0425590551181099
20
-4.7228031496062997
11
9.04970472440945
21
-4.7251850393700785
0
LINE
8
BROWN2
6
CONTINUOUS
10
9.04970472440945
20
-4.7251850393700785
11
9.0520826771653553
21
-4.7275669291338582
0
LINE
8
BROWN2
6
CONTINUOUS
10
9.09732283464567
20
-4.7728031496062995
11
9.0735118110236233
21
-4.7728031496062995
0
LINE
8
BROWN2
6
CONTINUOUS
10
9.0735118110236233
20
-4.7728031496062995
11
9.0735118110236233
21
-4.7228031496062997
0
LINE
8
BROWN2
6
CONTINUOUS
10
9.1139881889763785
20
-4.7728031496062995
11
9.1139881889763785
21
-4.7228031496062997
0
LINE
8
BROWN2
6
CONTINUOUS
10
9.1425590551181113
20
-4.7728031496062995
11
9.1211338582677168
21
-4.7442322834645667
0
LINE
8
BROWN2
6
CONTINUOUS
10
9.1425590551181113
20
-4.7228031496062997
11
9.1139881889763785
21
-4.7513740157480315
0
LINE
8
BROWN2
6
CONTINUOUS
10
9.
20
-4.75
11
8.9749999999999996
21
-4.7250000000000005
0
LINE
8
BROWN2
6
CONTINUOUS
10
8.9749999999999996
20
-4.7250000000000005
11
8.9500000000000011
21
-4.7250000000000005
0
LINE
8
BROWN2
6
CONTINUOUS
10
8.9500000000000011
20
-4.7250000000000005
11
8.9500000000000011
21
-4.7750000000000004
0
LINE
8
BROWN2
6
CONTINUOUS
10
8.9500000000000011
20
-4.7750000000000004
11
8.9749999999999996
21
-4.7750000000000004
0
LINE
8
BROWN2
6
CONTINUOUS
10
8.9749999999999996
20
-4.7750000000000004
11
9.
21
-4.75
0
LINE
8
BROWN2
6
CONTINUOUS
10
1.6693385826771654
20
-5.5228031496062995
11
1.6693385826771654
21
-5.4728031496062997
0
LINE
8
BROWN2
6
CONTINUOUS
10
1.6693385826771654
20
-5.4966141732283464
11
1.6979094488188977
21
-5.4966141732283464
0
LINE
8
BROWN2
6
CONTINUOUS
10
1.6979094488188977
20
-5.5228031496062995
11
1.6979094488188977
21
-5.4728031496062997
0
LINE
8
BROWN2
6
CONTINUOUS
10
1.7455314960629922
20
-5.5228031496062995
11
1.7217204724409449
21
-5.5228031496062995
0
LINE
8
BROWN2
6
CONTINUOUS
10
1.7217204724409449
20
-5.5228031496062995
11
1.7217204724409449
21
-5.4728031496062997
0
LINE
8
BROWN2
6
CONTINUOUS
10
1.7550551181102363
20
-5.4728031496062997
11
1.7836259842519686
21
-5.4728031496062997
0
LINE
8
BROWN2
6
CONTINUOUS
10
1.7693425196850394
20
-5.5228031496062995
11
1.7693425196850394
21
-5.4728031496062997
0
LINE
8
BROWN2
6
CONTINUOUS
10
1.8500000000000001
20
-5.5
11
1.8250000000000002
21
-5.4750000000000005
0
LINE
8
BROWN2
6
CONTINUOUS
10
1.8250000000000002
20
-5.4750000000000005
11
1.8
21
-5.4750000000000005
0
LINE
8
BROWN2
6
CONTINUOUS
10
1.8
20
-5.4750000000000005
11
1.8
21
-5.5250000000000004
0
LINE
8
BROWN2
6
CONTINUOUS
10
1.8
20
-5.5250000000000004
11
1.8250000000000002
21
-5.5250000000000004
0
LINE
8
BROWN2
6
CONTINUOUS
10
1.8250000000000002
20
-5.5250000000000004
11
1.8500000000000001
21
-5.5
0
LINE
8
GREEN3
6
CONTINUOUS
10
3.7000000000000002
20
-6.1500000000000004
11
3.7000000000000002
21
-6.25
0
LINE
8
GREEN3
6
CONTINUOUS
10
4.5
20
-6.25
11
4.5
21
-6.1500000000000004
0
LINE
8
GREEN3
6
CONTINUOUS
10
6.5499999999999998
20
-2.5
11
6.6000000000000005
21
-2.5
0
LINE
8
GREEN3
6
CONTINUOUS
10
7.8500000000000005
20
-2.3999999999999999
11
7.8500000000000005
21
-2.6499999999999999
0
LINE
8
GREEN3
6
CONTINUOUS
10
8.0999999999999996
20
-2.6499999999999999
11
8.0999999999999996
21
-2.9500000000000002
0
LINE
8
GREEN3
6
CONTINUOUS
10
7.2000000000000002
20
-2.3999999999999999
11
7.2000000000000002
21
-2.8000000000000003
0
LINE
8
GREEN3
6
CONTINUOUS
10
9.8000000000000007
20
-3.5
11
2.3000000000000003
21
-3.5
0
LINE
8
GREEN3
6
CONTINUOUS
10
6.75
20
-2.3000000000000003
11
6.75
21
-2.6000000000000001
0
LINE
8
GREEN3
6
CONTINUOUS
10
6.9000000000000004
20
-2.25
11
7.0499999999999998
21
-2.25
0
LINE
8
GREEN3
6
CONTINUOUS
10
6.9000000000000004
20
-2.3000000000000003
11
6.9000000000000004
21
-2.25
0
LINE
8
GREEN3
6
CONTINUOUS
10
6.5499999999999998
20
-2.3000000000000003
11
6.75
21
-2.3000000000000003
0
LINE
8
GREEN3
6
CONTINUOUS
10
6.75
20
-2.6000000000000001
11
6.9000000000000004
21
-2.6000000000000001
0
LINE
8
GREEN3
6
CONTINUOUS
10
6.75
20
-2.3000000000000003
11
6.75
21
-1.8500000000000001
0
LINE
8
GREEN3
6
CONTINUOUS
10
6.0499999999999998
20
-1.7
11
6.0499999999999998
21
-1.9000000000000001
0
LINE
8
GREEN3
6
CONTINUOUS
10
6.0499999999999998
20
-1.5
11
6.7999999999999998
21
-1.5
0
LINE
8
GREEN3
6
CONTINUOUS
10
6.7999999999999998
20
-1.5
11
6.7999999999999998
21
-1.55
0
LINE
8
GREEN3
6
CONTINUOUS
10
6.0499999999999998
20
-1.5
11
6.0499999999999998
21
-1.7
0
LINE
8
GREEN3
6
CONTINUOUS
10
6.0499999999999998
20
-1.45
11
6.0499999999999998
21
-1.5
0
LINE
8
GREEN3
6
CONTINUOUS
10
6.5499999999999998
20
-2.1000000000000001
11
6.5499999999999998
21
-1.2
0
LINE
8
GREEN3
6
CONTINUOUS
10
6.5499999999999998
20
-1.2
11
4.4000000000000004
21
-1.2
0
LINE
8
GREEN3
6
CONTINUOUS
10
6.6000000000000005
20
-2.5
11
6.6000000000000005
21
-2.8000000000000003
0
LINE
8
GREEN3
6
CONTINUOUS
10
6.0499999999999998
20
-3.1499999999999999
11
6.0499999999999998
21
-2.7000000000000002
0
LINE
8
GREEN3
6
CONTINUOUS
10
4.7999999999999998
20
-4.0499999999999998
11
4.7999999999999998
21
-4.4000000000000004
0
LINE
8
GREEN3
6
CONTINUOUS
10
2.5500000000000003
20
-1.6000000000000001
11
3.1499999999999999
21
-1.6000000000000001
0
LINE
8
GREEN3
6
CONTINUOUS
10
3.6500000000000004
20
-1.2
11
1.6500000000000001
21
-1.2
0
LINE
8
GREEN3
6
CONTINUOUS
10
3.1499999999999999
20
-1.5
11
3.1499999999999999
21
-1.6000000000000001
0
LINE
8
GREEN3
6
CONTINUOUS
10
3.6500000000000004
20
-2.1000000000000001
11
3.6500000000000004
21
-1.2
0
LINE
8
GREEN3
6
CONTINUOUS
10
3.1499999999999999
20
-1.6000000000000001
11
3.1499999999999999
21
-1.9000000000000001
0
LINE
8
GREEN3
6
CONTINUOUS
10
4.
20
-2.9500000000000002
11
4.
21
-2.8999999999999999
0
LINE
8
GREEN3
6
CONTINUOUS
10
4.4000000000000004
20
-3.5500000000000003
11
3.3999999999999999
21
-3.5500000000000003
0
LINE
8
GREEN3
6
CONTINUOUS
10
4.4000000000000004
20
-1.2
11
4.4000000000000004
21
-3.5500000000000003
0
LINE
8
GREEN3
6
CONTINUOUS
10
2.
20
-2.1000000000000001
11
2.
21
-2.9500000000000002
0
LINE
8
GREEN3
6
CONTINUOUS
10
2.5500000000000003
20
-2.6000000000000001
11
2.5500000000000003
21
-2.3000000000000003
0
LINE
8
GREEN3
6
CONTINUOUS
10
2.
20
-2.9500000000000002
11
2.5500000000000003
21
-2.9500000000000002
0
LINE
8
GREEN3
6
CONTINUOUS
10
1.9500000000000002
20
-2.5
11
1.9500000000000002
21
-1.6000000000000001
0
LINE
8
GREEN3
6
CONTINUOUS
10
2.5500000000000003
20
-1.9000000000000001
11
2.5500000000000003
21
-2.1000000000000001
0
LINE
8
GREEN3
6
CONTINUOUS
10
1.9500000000000002
20
-1.6000000000000001
11
2.5500000000000003
21
-1.6000000000000001
0
LINE
8
GREEN3
6
CONTINUOUS
10
4.
20
-2.5
11
4.
21
-2.6000000000000001
0
LINE
8
GREEN3
6
CONTINUOUS
10
4.
20
-2.3000000000000003
11
4.
21
-2.5
0
LINE
8
GREEN3
6
CONTINUOUS
10
3.1499999999999999
20
-1.6000000000000001
11
4.
21
-1.6000000000000001
0
LINE
8
GREEN3
6
CONTINUOUS
10
2.5500000000000003
20
-2.3000000000000003
11
2.6499999999999999
21
-2.3000000000000003
0
LINE
8
GREEN3
6
CONTINUOUS
10
2.1000000000000001
20
-2.1000000000000001
11
2.
21
-2.1000000000000001
0
LINE
8
GREEN3
6
CONTINUOUS
10
2.5500000000000003
20
-2.1000000000000001
11
2.6499999999999999
21
-2.1000000000000001
0
LINE
8
GREEN3
6
CONTINUOUS
10
2.6499999999999999
20
-2.5
11
1.9500000000000002
21
-2.5
0
LINE
8
GREEN3
6
CONTINUOUS
10
2.5
20
-2.1000000000000001
11
2.5500000000000003
21
-2.1000000000000001
0
LINE
8
GREEN3
6
CONTINUOUS
10
3.1499999999999999
20
-2.9500000000000002
11
4.
21
-2.9500000000000002
0
LINE
8
GREEN3
6
CONTINUOUS
10
9.4500000000000011
20
-2.3000000000000003
11
9.6500000000000004
21
-2.3000000000000003
0
LINE
8
GREEN3
6
CONTINUOUS
10
10.3000000000000007
20
-1.55
11
10.3000000000000007
21
-1.7
0
LINE
8
GREEN3
6
CONTINUOUS
10
9.4500000000000011
20
-2.1000000000000001
11
9.8000000000000007
21
-2.1000000000000001
0
LINE
8
GREEN3
6
CONTINUOUS
10
8.3499999999999996
20
-1.45
11
8.9500000000000011
21
-1.45
0
LINE
8
GREEN3
6
CONTINUOUS
10
8.3499999999999996
20
-1.75
11
8.3499999999999996
21
-2.5
0
LINE
8
GREEN3
6
CONTINUOUS
10
8.9500000000000011
20
-1.45
11
8.9500000000000011
21
-1.9000000000000001
0
LINE
8
GREEN3
6
CONTINUOUS
10
8.4500000000000011
20
-2.3000000000000003
11
8.4500000000000011
21
-2.1499999999999999
0
LINE
8
GREEN3
6
CONTINUOUS
10
4.7999999999999998
20
-4.6000000000000005
11
4.7999999999999998
21
-5.
0
LINE
8
GREEN3
6
CONTINUOUS
10
8.3499999999999996
20
-2.5
11
8.4500000000000011
21
-2.5
0
LINE
8
GREEN3
6
CONTINUOUS
10
9.8000000000000007
20
-2.1000000000000001
11
9.8000000000000007
21
-3.5
0
LINE
8
GREEN3
6
CONTINUOUS
10
8.9500000000000011
20
-2.9500000000000002
11
9.4500000000000011
21
-2.9500000000000002
0
LINE
8
GREEN3
6
CONTINUOUS
10
8.9500000000000011
20
-2.7000000000000002
11
8.9500000000000011
21
-2.9500000000000002
0
LINE
8
GREEN3
6
CONTINUOUS
10
9.4500000000000011
20
-2.5
11
9.4500000000000011
21
-2.9500000000000002
0
LINE
8
GREEN3
6
CONTINUOUS
10
5.8500000000000005
20
-4.5499999999999998
11
5.8500000000000005
21
-5.5
0
LINE
8
GREEN3
6
CONTINUOUS
10
4.1000000000000005
20
-5.
11
4.7999999999999998
21
-5.
0
LINE
8
GREEN3
6
CONTINUOUS
10
10.5999999999999996
20
-1.55
11
10.5999999999999996
21
-1.7
0
LINE
8
GREEN3
6
CONTINUOUS
10
10.5999999999999996
20
-1.7
11
10.4500000000000011
21
-1.7
0
LINE
8
GREEN3
6
CONTINUOUS
10
10.3000000000000007
20
-1.7
11
10.4500000000000011
21
-1.7
0
LINE
8
GREEN3
6
CONTINUOUS
10
5.8500000000000005
20
-5.5
11
3.1499999999999999
21
-5.5
0
LINE
8
GREEN3
6
CONTINUOUS
10
10.5999999999999996
20
-1.25
11
10.5999999999999996
21
-1.1000000000000001
0
LINE
8
GREEN3
6
CONTINUOUS
10
10.3000000000000007
20
-1.1000000000000001
11
10.4500000000000011
21
-1.1000000000000001
0
LINE
8
GREEN3
6
CONTINUOUS
10
10.5999999999999996
20
-1.1000000000000001
11
10.4500000000000011
21
-1.1000000000000001
0
LINE
8
GREEN3
6
CONTINUOUS
10
10.3000000000000007
20
-1.25
11
10.3000000000000007
21
-1.1000000000000001
0
LINE
8
GREEN3
6
CONTINUOUS
10
5.7999999999999998
20
-4.5
11
5.7999999999999998
21
-4.3500000000000005
0
LINE
8
GREEN3
6
CONTINUOUS
10
5.8500000000000005
20
-4.5499999999999998
11
6.6500000000000004
21
-4.5499999999999998
0
LINE
8
GREEN3
6
CONTINUOUS
10
5.4000000000000004
20
-4.5
11
5.7999999999999998
21
-4.5
0
LINE
8
GREEN3
6
CONTINUOUS
10
4.
20
-1.9000000000000001
11
4.
21
-2.3000000000000003
0
LINE
8
GREEN3
6
CONTINUOUS
10
3.6500000000000004
20
-2.5
11
4.
21
-2.5
0
LINE
8
GREEN3
6
CONTINUOUS
10
3.6500000000000004
20
-2.3000000000000003
11
4.
21
-2.3000000000000003
0
LINE
8
GREEN3
6
CONTINUOUS
10
3.1499999999999999
20
-2.7000000000000002
11
3.1499999999999999
21
-2.9500000000000002
0
LINE
8
GREEN3
6
CONTINUOUS
10
5.25
20
-1.7
11
6.0499999999999998
21
-1.7
0
LINE
8
GREEN3
6
CONTINUOUS
10
5.25
20
-2.5
11
5.25
21
-1.7
0
LINE
8
GREEN3
6
CONTINUOUS
10
5.5499999999999998
20
-2.5
11
5.25
21
-2.5
0
LINE
8
GREEN3
6
CONTINUOUS
10
5.4000000000000004
20
-2.1000000000000001
11
5.4000000000000004
21
-2.8000000000000003
0
LINE
8
GREEN3
6
CONTINUOUS
10
5.5499999999999998
20
-2.1000000000000001
11
5.4000000000000004
21
-2.1000000000000001
0
LINE
8
GREEN3
6
CONTINUOUS
10
4.9000000000000004
20
-2.8999999999999999
11
4.9000000000000004
21
-3.1499999999999999
0
LINE
8
GREEN3
6
CONTINUOUS
10
4.9000000000000004
20
-3.1499999999999999
11
5.4000000000000004
21
-3.1499999999999999
0
LINE
8
GREEN3
6
CONTINUOUS
10
4.1000000000000005
20
-4.0499999999999998
11
4.7999999999999998
21
-4.0499999999999998
0
LINE
8
GREEN3
6
CONTINUOUS
10
3.3999999999999999
20
-3.9500000000000002
11
3.5
21
-3.9500000000000002
0
LINE
8
GREEN3
6
CONTINUOUS
10
5.7999999999999998
20
-4.3500000000000005
11
6.6500000000000004
21
-4.3500000000000005
0
LINE
8
GREEN3
6
CONTINUOUS
10
4.9000000000000004
20
-2.3000000000000003
11
4.9000000000000004
21
-2.6000000000000001
0
LINE
8
GREEN3
6
CONTINUOUS
10
5.4000000000000004
20
-3.1499999999999999
11
6.0499999999999998
21
-3.1499999999999999
0
LINE
8
GREEN3
6
CONTINUOUS
10
5.5499999999999998
20
-2.3000000000000003
11
4.9000000000000004
21
-2.3000000000000003
0
LINE
8
GREEN3
6
CONTINUOUS
10
7.4500000000000002
20
-4.4500000000000002
11
7.4500000000000002
21
-4.7000000000000002
0
LINE
8
GREEN3
6
CONTINUOUS
10
7.4500000000000002
20
-5.4000000000000004
11
7.4500000000000002
21
-5.5499999999999998
0
LINE
8
GREEN3
6
CONTINUOUS
10
7.4500000000000002
20
-4.7000000000000002
11
7.4500000000000002
21
-4.75
0
LINE
8
GREEN3
6
CONTINUOUS
10
5.4000000000000004
20
-2.8000000000000003
11
6.6000000000000005
21
-2.8000000000000003
0
LINE
8
GREEN3
6
CONTINUOUS
10
7.2000000000000002
20
-2.
11
7.2000000000000002
21
-2.1000000000000001
0
LINE
8
GREEN3
6
CONTINUOUS
10
6.75
20
-1.8500000000000001
11
6.7999999999999998
21
-1.8500000000000001
0
LINE
8
GREEN3
6
CONTINUOUS
10
6.6000000000000005
20
-2.8000000000000003
11
7.2000000000000002
21
-2.8000000000000003
0
LINE
8
GREEN3
6
CONTINUOUS
10
7.4500000000000002
20
-5.
11
7.4500000000000002
21
-5.1000000000000005
0
LINE
8
GREEN3
6
CONTINUOUS
10
5.2999999999999998
20
-7.25
11
5.2999999999999998
21
-7.3500000000000005
0
LINE
8
GREEN3
6
CONTINUOUS
10
8.4500000000000011
20
-2.1499999999999999
11
7.8000000000000007
21
-2.1499999999999999
0
LINE
8
GREEN3
6
CONTINUOUS
10
7.8500000000000005
20
-2.6499999999999999
11
8.0999999999999996
21
-2.6499999999999999
0
LINE
8
GREEN3
6
CONTINUOUS
10
8.25
20
-2.5
11
8.3499999999999996
21
-2.5
0
LINE
8
GREEN3
6
CONTINUOUS
10
7.8000000000000007
20
-2.1499999999999999
11
7.8000000000000007
21
-2.6499999999999999
0
LINE
8
GREEN3
6
CONTINUOUS
10
8.25
20
-2.3000000000000003
11
8.25
21
-2.1000000000000001
0
LINE
8
GREEN3
6
CONTINUOUS
10
5.2999999999999998
20
-6.1500000000000004
11
4.5
21
-6.1500000000000004
0
LINE
8
GREEN3
6
CONTINUOUS
10
5.2999999999999998
20
-6.25
11
5.2999999999999998
21
-6.1500000000000004
0
LINE
8
GREEN3
6
CONTINUOUS
10
8.0999999999999996
20
-2.9500000000000002
11
8.9500000000000011
21
-2.9500000000000002
0
LINE
8
GREEN3
6
CONTINUOUS
10
7.8000000000000007
20
-2.9500000000000002
11
8.0999999999999996
21
-2.9500000000000002
0
LINE
8
GREEN3
6
CONTINUOUS
10
5.2999999999999998
20
-7.3500000000000005
11
4.5
21
-7.3500000000000005
0
LINE
8
GREEN3
6
CONTINUOUS
10
4.5
20
-7.25
11
4.5
21
-7.3500000000000005
0
LINE
8
GREEN3
6
CONTINUOUS
10
8.25
20
-2.1000000000000001
11
8.4500000000000011
21
-2.1000000000000001
0
LINE
8
GREEN3
6
CONTINUOUS
10
8.0500000000000007
20
-1.45
11
8.3499999999999996
21
-1.45
0
LINE
8
GREEN3
6
CONTINUOUS
10
5.4000000000000004
20
-3.1000000000000001
11
5.4000000000000004
21
-3.1499999999999999
0
LINE
8
GREEN3
6
CONTINUOUS
10
8.25
20
-1.75
11
8.0500000000000007
21
-1.75
0
LINE
8
GREEN3
6
CONTINUOUS
10
8.4500000000000011
20
-4.4500000000000002
11
8.9500000000000011
21
-4.4500000000000002
0
LINE
8
GREEN3
6
CONTINUOUS
10
7.4500000000000002
20
-4.4500000000000002
11
7.8500000000000005
21
-4.4500000000000002
0
LINE
8
GREEN3
6
CONTINUOUS
10
7.25
20
-4.4500000000000002
11
7.4500000000000002
21
-4.4500000000000002
0
LINE
8
GREEN3
6
CONTINUOUS
10
7.4500000000000002
20
-4.75
11
8.9500000000000011
21
-4.75
0
LINE
8
GREEN3
6
CONTINUOUS
10
4.5
20
-7.3500000000000005
11
4.5
21
-7.4500000000000002
0
LINE
8
GREEN3
6
CONTINUOUS
10
2.5500000000000003
20
-2.9500000000000002
11
3.1499999999999999
21
-2.9500000000000002
0
LINE
8
GREEN3
6
CONTINUOUS
10
2.5500000000000003
20
-2.9500000000000002
11
2.5500000000000003
21
-2.8999999999999999
0
LINE
8
GREEN3
6
CONTINUOUS
10
1.6500000000000001
20
-1.2
11
1.6500000000000001
21
-5.1000000000000005
0
LINE
8
GREEN3
6
CONTINUOUS
10
2.5500000000000003
20
-2.9500000000000002
11
2.5500000000000003
21
-3.0500000000000003
0
LINE
8
GREEN3
6
CONTINUOUS
10
2.3000000000000003
20
-4.1500000000000004
11
2.3000000000000003
21
-4.9000000000000004
0
LINE
8
GREEN3
6
CONTINUOUS
10
1.6500000000000001
20
-5.1000000000000005
11
3.5
21
-5.1000000000000005
0
LINE
8
GREEN3
6
CONTINUOUS
10
1.8500000000000001
20
-5.5
11
2.5500000000000003
21
-5.5
0
LINE
8
GREEN3
6
CONTINUOUS
10
2.8999999999999999
20
-4.9000000000000004
11
3.5
21
-4.9000000000000004
0
LINE
8
GREEN3
6
CONTINUOUS
10
3.7000000000000002
20
-7.3500000000000005
11
4.5
21
-7.3500000000000005
0
LINE
8
GREEN3
6
CONTINUOUS
10
3.7000000000000002
20
-7.3500000000000005
11
3.7000000000000002
21
-7.25
0
LINE
8
GREEN3
6
CONTINUOUS
10
3.3999999999999999
20
-3.5500000000000003
11
3.3999999999999999
21
-3.9500000000000002
0
LINE
8
GREEN3
6
CONTINUOUS
10
2.3000000000000003
20
-3.5
11
2.3000000000000003
21
-4.1500000000000004
0
LINE
8
GREEN3
6
CONTINUOUS
10
2.3000000000000003
20
-4.1500000000000004
11
3.5
21
-4.1500000000000004
0
LINE
8
GREEN3
6
CONTINUOUS
10
3.7000000000000002
20
-6.1500000000000004
11
4.5
21
-6.1500000000000004
0
LINE
8
GREEN3
6
CONTINUOUS
10
4.5
20
-6.0499999999999998
11
4.5
21
-6.1500000000000004
0
LINE
8
GREEN3
6
CONTINUOUS
10
8.25
20
-2.1000000000000001
11
8.25
21
-1.75
0
LINE
8
BLUE2
6
CONTINUOUS
10
7.1760000000000002
20
-1.976
11
7.2240000000000002
21
-2.024
0
LINE
8
BLUE2
6
CONTINUOUS
10
7.2240000000000002
20
-1.976
11
7.1760000000000002
21
-2.024
0
LINE
8
BLUE2
6
CONTINUOUS
10
9.6260000000000012
20
-2.2760000000000002
11
9.6739999999999995
21
-2.3240000000000003
0
LINE
8
BLUE2
6
CONTINUOUS
10
9.6739999999999995
20
-2.2760000000000002
11
9.6260000000000012
21
-2.3240000000000003
0
LINE
8
CYAN2
6
CONTINUOUS
10
8.4948503937007871
20
-1.5727992125984254
11
8.4781850393700786
21
-1.5489921259842521
0
LINE
8
CYAN2
6
CONTINUOUS
10
8.4662795275590561
20
-1.5727992125984254
11
8.4662795275590561
21
-1.5227992125984253
0
LINE
8
CYAN2
6
CONTINUOUS
10
8.4662795275590561
20
-1.5227992125984253
11
8.4853267716535434
21
-1.5227992125984253
0
LINE
8
CYAN2
6
CONTINUOUS
10
8.4853267716535434
20
-1.5227992125984253
11
8.4900905511811029
21
-1.5251811023622048
0
LINE
8
CYAN2
6
CONTINUOUS
10
8.4900905511811029
20
-1.5251811023622048
11
8.4924724409448817
21
-1.5275629921259843
0
LINE
8
CYAN2
6
CONTINUOUS
10
8.4924724409448817
20
-1.5275629921259843
11
8.4948503937007871
21
-1.5323228346456694
0
LINE
8
CYAN2
6
CONTINUOUS
10
8.4948503937007871
20
-1.5323228346456694
11
8.4948503937007871
21
-1.539468503937008
0
LINE
8
CYAN2
6
CONTINUOUS
10
8.4948503937007871
20
-1.539468503937008
11
8.4924724409448817
21
-1.544228346456693
0
LINE
8
CYAN2
6
CONTINUOUS
10
8.4924724409448817
20
-1.544228346456693
11
8.4900905511811029
21
-1.5466102362204726
0
LINE
8
CYAN2
6
CONTINUOUS
10
8.4900905511811029
20
-1.5466102362204726
11
8.4853267716535434
21
-1.5489921259842521
0
LINE
8
CYAN2
6
CONTINUOUS
10
8.4853267716535434
20
-1.5489921259842521
11
8.4662795275590561
21
-1.5489921259842521
0
LINE
8
CYAN2
6
CONTINUOUS
10
8.5400905511811018
20
-1.5227992125984253
11
8.516279527559055
21
-1.5227992125984253
0
LINE
8
CYAN2
6
CONTINUOUS
10
8.516279527559055
20
-1.5227992125984253
11
8.5139015748031497
21
-1.5466102362204726
0
LINE
8
CYAN2
6
CONTINUOUS
10
8.5139015748031497
20
-1.5466102362204726
11
8.516279527559055
21
-1.544228346456693
0
LINE
8
CYAN2
6
CONTINUOUS
10
8.516279527559055
20
-1.544228346456693
11
8.5210433070866145
21
-1.5418464566929135
0
LINE
8
CYAN2
6
CONTINUOUS
10
8.5210433070866145
20
-1.5418464566929135
11
8.5329488188976388
21
-1.5418464566929135
0
LINE
8
CYAN2
6
CONTINUOUS
10
8.5329488188976388
20
-1.5418464566929135
11
8.537708661417323
21
-1.544228346456693
0
LINE
8
CYAN2
6
CONTINUOUS
10
8.537708661417323
20
-1.544228346456693
11
8.5400905511811018
21
-1.5466102362204726
0
LINE
8
CYAN2
6
CONTINUOUS
10
8.5400905511811018
20
-1.5466102362204726
11
8.5424724409448825
21
-1.5513700787401576
0
LINE
8
CYAN2
6
CONTINUOUS
10
8.5424724409448825
20
-1.5513700787401576
11
8.5424724409448825
21
-1.5632755905511813
0
LINE
8
CYAN2
6
CONTINUOUS
10
8.5424724409448825
20
-1.5632755905511813
11
8.5400905511811018
21
-1.5680393700787403
0
LINE
8
CYAN2
6
CONTINUOUS
10
8.5400905511811018
20
-1.5680393700787403
11
8.537708661417323
21
-1.5704212598425198
0
LINE
8
CYAN2
6
CONTINUOUS
10
8.537708661417323
20
-1.5704212598425198
11
8.5329488188976388
21
-1.5727992125984254
0
LINE
8
CYAN2
6
CONTINUOUS
10
8.5329488188976388
20
-1.5727992125984254
11
8.5210433070866145
21
-1.5727992125984254
0
LINE
8
CYAN2
6
CONTINUOUS
10
8.5210433070866145
20
-1.5727992125984254
11
8.516279527559055
21
-1.5704212598425198
0
LINE
8
CYAN2
6
CONTINUOUS
10
8.516279527559055
20
-1.5704212598425198
11
8.5139015748031497
21
-1.5680393700787403
0
LINE
8
CYAN2
6
CONTINUOUS
10
8.5591377952755909
20
-1.5227992125984253
11
8.5900905511811025
21
-1.5227992125984253
0
LINE
8
CYAN2
6
CONTINUOUS
10
8.5900905511811025
20
-1.5227992125984253
11
8.5734212598425206
21
-1.5418464566929135
0
LINE
8
CYAN2
6
CONTINUOUS
10
8.5734212598425206
20
-1.5418464566929135
11
8.5805669291338589
21
-1.5418464566929135
0
LINE
8
CYAN2
6
CONTINUOUS
10
8.5805669291338589
20
-1.5418464566929135
11
8.5853267716535431
21
-1.544228346456693
0
LINE
8
CYAN2
6
CONTINUOUS
10
8.5853267716535431
20
-1.544228346456693
11
8.5877086614173237
21
-1.5466102362204726
0
LINE
8
CYAN2
6
CONTINUOUS
10
8.5877086614173237
20
-1.5466102362204726
11
8.5900905511811025
21
-1.5513700787401576
0
LINE
8
CYAN2
6
CONTINUOUS
10
8.5900905511811025
20
-1.5513700787401576
11
8.5900905511811025
21
-1.5632755905511813
0
LINE
8
CYAN2
6
CONTINUOUS
10
8.5900905511811025
20
-1.5632755905511813
11
8.5877086614173237
21
-1.5680393700787403
0
LINE
8
CYAN2
6
CONTINUOUS
10
8.5877086614173237
20
-1.5680393700787403
11
8.5853267716535431
21
-1.5704212598425198
0
LINE
8
CYAN2
6
CONTINUOUS
10
8.5853267716535431
20
-1.5704212598425198
11
8.5805669291338589
21
-1.5727992125984254
0
LINE
8
CYAN2
6
CONTINUOUS
10
8.5805669291338589
20
-1.5727992125984254
11
8.5662795275590558
21
-1.5727992125984254
0
LINE
8
CYAN2
6
CONTINUOUS
10
8.5662795275590558
20
-1.5727992125984254
11
8.5615196850393698
21
-1.5704212598425198
0
LINE
8
CYAN2
6
CONTINUOUS
10
8.5615196850393698
20
-1.5704212598425198
11
8.5591377952755909
21
-1.5680393700787403
0
LINE
8
CYAN2
6
CONTINUOUS
10
8.4924724409448817
20
-1.6727992125984252
11
8.4639015748031508
21
-1.6727992125984252
0
LINE
8
CYAN2
6
CONTINUOUS
10
8.4781850393700786
20
-1.6727992125984252
11
8.4781850393700786
21
-1.6227992125984252
0
LINE
8
CYAN2
6
CONTINUOUS
10
8.4781850393700786
20
-1.6227992125984252
11
8.4734251968503944
21
-1.6299448818897639
0
LINE
8
CYAN2
6
CONTINUOUS
10
8.4734251968503944
20
-1.6299448818897639
11
8.468661417322835
21
-1.6347047244094488
0
LINE
8
CYAN2
6
CONTINUOUS
10
8.468661417322835
20
-1.6347047244094488
11
8.4639015748031508
21
-1.6370866141732283
0
LINE
8
CYAN2
6
CONTINUOUS
10
8.5138976377952762
20
-1.6727992125984252
11
8.5138976377952762
21
-1.6227992125984252
0
LINE
8
CYAN2
6
CONTINUOUS
10
8.542468503937009
20
-1.6727992125984252
11
8.5210433070866145
21
-1.6442283464566929
0
LINE
8
CYAN2
6
CONTINUOUS
10
8.542468503937009
20
-1.6227992125984252
11
8.5138976377952762
21
-1.6513700787401575
0
LINE
8
RED2
6
CONTINUOUS
10
8.3499999999999996
20
-1.5
11
8.3499999999999996
21
-1.45
0
LINE
8
RED2
6
CONTINUOUS
10
8.3499999999999996
20
-1.7
11
8.3499999999999996
21
-1.75
0
LINE
8
CYAN2
6
CONTINUOUS
10
7.3448503937007876
20
-2.2227992125984253
11
7.3281850393700791
21
-2.198992125984252
0
LINE
8
CYAN2
6
CONTINUOUS
10
7.3162795275590558
20
-2.2227992125984253
11
7.3162795275590558
21
-2.1727992125984255
0
LINE
8
CYAN2
6
CONTINUOUS
10
7.3162795275590558
20
-2.1727992125984255
11
7.335326771653544
21
-2.1727992125984255
0
LINE
8
CYAN2
6
CONTINUOUS
10
7.335326771653544
20
-2.1727992125984255
11
7.3400905511811025
21
-2.1751811023622047
0
LINE
8
CYAN2
6
CONTINUOUS
10
7.3400905511811025
20
-2.1751811023622047
11
7.3424724409448823
21
-2.1775629921259845
0
LINE
8
CYAN2
6
CONTINUOUS
10
7.3424724409448823
20
-2.1775629921259845
11
7.3448503937007876
21
-2.1823228346456696
0
LINE
8
CYAN2
6
CONTINUOUS
10
7.3448503937007876
20
-2.1823228346456696
11
7.3448503937007876
21
-2.1894685039370079
0
LINE
8
CYAN2
6
CONTINUOUS
10
7.3448503937007876
20
-2.1894685039370079
11
7.3424724409448823
21
-2.194228346456693
0
LINE
8
CYAN2
6
CONTINUOUS
10
7.3424724409448823
20
-2.194228346456693
11
7.3400905511811025
21
-2.1966102362204727
0
LINE
8
CYAN2
6
CONTINUOUS
10
7.3400905511811025
20
-2.1966102362204727
11
7.335326771653544
21
-2.198992125984252
0
LINE
8
CYAN2
6
CONTINUOUS
10
7.335326771653544
20
-2.198992125984252
11
7.3162795275590558
21
-2.198992125984252
0
LINE
8
CYAN2
6
CONTINUOUS
10
7.3591377952755908
20
-2.1727992125984255
11
7.3758031496062992
21
-2.2227992125984253
0
LINE
8
CYAN2
6
CONTINUOUS
10
7.3758031496062992
20
-2.2227992125984253
11
7.3924724409448821
21
-2.1727992125984255
0
LINE
8
CYAN2
6
CONTINUOUS
10
7.435330708661418
20
-2.2227992125984253
11
7.4067598425196852
21
-2.2227992125984253
0
LINE
8
CYAN2
6
CONTINUOUS
10
7.4210433070866149
20
-2.2227992125984253
11
7.4210433070866149
21
-2.1727992125984255
0
LINE
8
CYAN2
6
CONTINUOUS
10
7.4210433070866149
20
-2.1727992125984255
11
7.4162834645669298
21
-2.1799448818897638
0
LINE
8
CYAN2
6
CONTINUOUS
10
7.4162834645669298
20
-2.1799448818897638
11
7.4115196850393703
21
-2.1847047244094489
0
LINE
8
CYAN2
6
CONTINUOUS
10
7.4115196850393703
20
-2.1847047244094489
11
7.4067598425196852
21
-2.1870866141732286
0
LINE
8
CYAN2
6
CONTINUOUS
10
7.3424724409448823
20
-2.3227992125984254
11
7.3139015748031495
21
-2.3227992125984254
0
LINE
8
CYAN2
6
CONTINUOUS
10
7.3281850393700791
20
-2.3227992125984254
11
7.3281850393700791
21
-2.2727992125984251
0
LINE
8
CYAN2
6
CONTINUOUS
10
7.3281850393700791
20
-2.2727992125984251
11
7.3234251968503941
21
-2.2799448818897639
0
LINE
8
CYAN2
6
CONTINUOUS
10
7.3234251968503941
20
-2.2799448818897639
11
7.3186614173228346
21
-2.2847047244094489
0
LINE
8
CYAN2
6
CONTINUOUS
10
7.3186614173228346
20
-2.2847047244094489
11
7.3139015748031495
21
-2.2870866141732282
0
LINE
8
CYAN2
6
CONTINUOUS
10
7.3638976377952758
20
-2.3227992125984254
11
7.3638976377952758
21
-2.2727992125984251
0
LINE
8
CYAN2
6
CONTINUOUS
10
7.3638976377952758
20
-2.2727992125984251
11
7.3805669291338587
21
-2.3085157480314962
0
LINE
8
CYAN2
6
CONTINUOUS
10
7.3805669291338587
20
-2.3085157480314962
11
7.3972322834645672
21
-2.2727992125984251
0
LINE
8
CYAN2
6
CONTINUOUS
10
7.3972322834645672
20
-2.2727992125984251
11
7.3972322834645672
21
-2.3227992125984254
0
LINE
8
RED2
6
CONTINUOUS
10
7.2000000000000002
20
-2.1499999999999999
11
7.2000000000000002
21
-2.1000000000000001
0
LINE
8
RED3
6
CONTINUOUS
10
7.1898779527559054
20
-2.1107086614173229
11
7.1898779527559054
21
-2.1392795275590553
0
LINE
8
RED3
6
CONTINUOUS
10
7.1898779527559054
20
-2.1249960629921261
11
7.1398779527559055
21
-2.1249960629921261
0
LINE
8
RED3
6
CONTINUOUS
10
7.1398779527559055
20
-2.1249960629921261
11
7.1470236220472447
21
-2.1297559055118112
0
LINE
8
RED3
6
CONTINUOUS
10
7.1470236220472447
20
-2.1297559055118112
11
7.1517834645669298
21
-2.1345196850393702
0
LINE
8
RED3
6
CONTINUOUS
10
7.1517834645669298
20
-2.1345196850393702
11
7.1541653543307087
21
-2.1392795275590553
0
LINE
8
RED2
6
CONTINUOUS
10
7.2000000000000002
20
-2.3500000000000001
11
7.2000000000000002
21
-2.3999999999999999
0
LINE
8
RED3
6
CONTINUOUS
10
7.1398779527559055
20
-2.3916614173228345
11
7.1398779527559055
21
-2.3607086614173229
0
LINE
8
RED3
6
CONTINUOUS
10
7.1398779527559055
20
-2.3607086614173229
11
7.1589251968503937
21
-2.3773779527559058
0
LINE
8
RED3
6
CONTINUOUS
10
7.1589251968503937
20
-2.3773779527559058
11
7.1589251968503937
21
-2.370232283464567
0
LINE
8
RED3
6
CONTINUOUS
10
7.1589251968503937
20
-2.370232283464567
11
7.1613070866141735
21
-2.365472440944882
0
LINE
8
RED3
6
CONTINUOUS
10
7.1613070866141735
20
-2.365472440944882
11
7.1636889763779532
21
-2.3630905511811027
0
LINE
8
RED3
6
CONTINUOUS
10
7.1636889763779532
20
-2.3630905511811027
11
7.1684488188976383
21
-2.3607086614173229
0
LINE
8
RED3
6
CONTINUOUS
10
7.1684488188976383
20
-2.3607086614173229
11
7.1803543307086617
21
-2.3607086614173229
0
LINE
8
RED3
6
CONTINUOUS
10
7.1803543307086617
20
-2.3607086614173229
11
7.1851181102362212
21
-2.3630905511811027
0
LINE
8
RED3
6
CONTINUOUS
10
7.1851181102362212
20
-2.3630905511811027
11
7.1875
21
-2.365472440944882
0
LINE
8
RED3
6
CONTINUOUS
10
7.1875
20
-2.365472440944882
11
7.1898779527559054
21
-2.370232283464567
0
LINE
8
RED3
6
CONTINUOUS
10
7.1898779527559054
20
-2.370232283464567
11
7.1898779527559054
21
-2.3845196850393702
0
LINE
8
RED3
6
CONTINUOUS
10
7.1898779527559054
20
-2.3845196850393702
11
7.1875
21
-2.3892795275590553
0
LINE
8
RED3
6
CONTINUOUS
10
7.1875
20
-2.3892795275590553
11
7.1851181102362212
21
-2.3916614173228345
0
LINE
8
RED2
6
CONTINUOUS
10
7.1000000000000005
20
-2.25
11
7.0499999999999998
21
-2.25
0
LINE
8
RED3
6
CONTINUOUS
10
7.0607165354330714
20
-2.1946417322834648
11
7.0630944881889768
21
-2.1922598425196851
0
LINE
8
RED3
6
CONTINUOUS
10
7.0630944881889768
20
-2.1922598425196851
11
7.0678582677165354
21
-2.1898779527559058
0
LINE
8
RED3
6
CONTINUOUS
10
7.0678582677165354
20
-2.1898779527559058
11
7.0797637795275596
21
-2.1898779527559058
0
LINE
8
RED3
6
CONTINUOUS
10
7.0797637795275596
20
-2.1898779527559058
11
7.0845236220472447
21
-2.1922598425196851
0
LINE
8
RED3
6
CONTINUOUS
10
7.0845236220472447
20
-2.1922598425196851
11
7.0869055118110236
21
-2.1946417322834648
0
LINE
8
RED3
6
CONTINUOUS
10
7.0869055118110236
20
-2.1946417322834648
11
7.0892874015748033
21
-2.1994015748031499
0
LINE
8
RED3
6
CONTINUOUS
10
7.0892874015748033
20
-2.1994015748031499
11
7.0892874015748033
21
-2.2041653543307089
0
LINE
8
RED3
6
CONTINUOUS
10
7.0892874015748033
20
-2.2041653543307089
11
7.0869055118110236
21
-2.2113070866141733
0
LINE
8
RED3
6
CONTINUOUS
10
7.0869055118110236
20
-2.2113070866141733
11
7.0583346456692917
21
-2.2398779527559056
0
LINE
8
RED3
6
CONTINUOUS
10
7.0583346456692917
20
-2.2398779527559056
11
7.0892874015748033
21
-2.2398779527559056
0
LINE
8
CYAN2
6
CONTINUOUS
10
2.6948503937007877
20
-1.7227992125984253
11
2.6781850393700788
21
-1.698992125984252
0
LINE
8
CYAN2
6
CONTINUOUS
10
2.6662795275590554
20
-1.7227992125984253
11
2.6662795275590554
21
-1.6727992125984252
0
LINE
8
CYAN2
6
CONTINUOUS
10
2.6662795275590554
20
-1.6727992125984252
11
2.6853267716535436
21
-1.6727992125984252
0
LINE
8
CYAN2
6
CONTINUOUS
10
2.6853267716535436
20
-1.6727992125984252
11
2.6900905511811026
21
-1.6751811023622047
0
LINE
8
CYAN2
6
CONTINUOUS
10
2.6900905511811026
20
-1.6751811023622047
11
2.6924724409448819
21
-1.6775629921259843
0
LINE
8
CYAN2
6
CONTINUOUS
10
2.6924724409448819
20
-1.6775629921259843
11
2.6948503937007877
21
-1.6823228346456693
0
LINE
8
CYAN2
6
CONTINUOUS
10
2.6948503937007877
20
-1.6823228346456693
11
2.6948503937007877
21
-1.6894685039370079
0
LINE
8
CYAN2
6
CONTINUOUS
10
2.6948503937007877
20
-1.6894685039370079
11
2.6924724409448819
21
-1.694228346456693
0
LINE
8
CYAN2
6
CONTINUOUS
10
2.6924724409448819
20
-1.694228346456693
11
2.6900905511811026
21
-1.6966102362204725
0
LINE
8
CYAN2
6
CONTINUOUS
10
2.6900905511811026
20
-1.6966102362204725
11
2.6853267716535436
21
-1.698992125984252
0
LINE
8
CYAN2
6
CONTINUOUS
10
2.6853267716535436
20
-1.698992125984252
11
2.6662795275590554
21
-1.698992125984252
0
LINE
8
CYAN2
6
CONTINUOUS
10
2.7377086614173227
20
-1.6894685039370079
11
2.7377086614173227
21
-1.7227992125984253
0
LINE
8
CYAN2
6
CONTINUOUS
10
2.7258031496062993
20
-1.6704212598425197
11
2.7139015748031499
21
-1.7061338582677166
0
LINE
8
CYAN2
6
CONTINUOUS
10
2.7139015748031499
20
-1.7061338582677166
11
2.7448503937007875
21
-1.7061338582677166
0
LINE
8
CYAN2
6
CONTINUOUS
10
2.7591377952755907
20
-1.6727992125984252
11
2.7924685039370081
21
-1.6727992125984252
0
LINE
8
CYAN2
6
CONTINUOUS
10
2.7924685039370081
20
-1.6727992125984252
11
2.7710433070866141
21
-1.7227992125984253
0
LINE
8
CYAN2
6
CONTINUOUS
10
2.6924724409448819
20
-1.8227992125984254
11
2.6639015748031496
21
-1.8227992125984254
0
LINE
8
CYAN2
6
CONTINUOUS
10
2.6781850393700788
20
-1.8227992125984254
11
2.6781850393700788
21
-1.7727992125984253
0
LINE
8
CYAN2
6
CONTINUOUS
10
2.6781850393700788
20
-1.7727992125984253
11
2.6734251968503937
21
-1.7799448818897639
0
LINE
8
CYAN2
6
CONTINUOUS
10
2.6734251968503937
20
-1.7799448818897639
11
2.6686614173228347
21
-1.7847047244094489
0
LINE
8
CYAN2
6
CONTINUOUS
10
2.6686614173228347
20
-1.7847047244094489
11
2.6639015748031496
21
-1.7870866141732284
0
LINE
8
CYAN2
6
CONTINUOUS
10
2.7138976377952755
20
-1.8227992125984254
11
2.7138976377952755
21
-1.7727992125984253
0
LINE
8
CYAN2
6
CONTINUOUS
10
2.7424685039370078
20
-1.8227992125984254
11
2.7210433070866142
21
-1.794228346456693
0
LINE
8
CYAN2
6
CONTINUOUS
10
2.7424685039370078
20
-1.7727992125984253
11
2.7138976377952755
21
-1.8013700787401576
0
LINE
8
RED2
6
CONTINUOUS
10
2.5500000000000003
20
-1.6500000000000001
11
2.5500000000000003
21
-1.6000000000000001
0
LINE
8
RED2
6
CONTINUOUS
10
2.5500000000000003
20
-1.8500000000000001
11
2.5500000000000003
21
-1.9000000000000001
0
LINE
8
CYAN2
6
CONTINUOUS
10
2.2333346456692915
20
-1.8204251968503937
11
2.2404763779527559
21
-1.8228031496062993
0
LINE
8
CYAN2
6
CONTINUOUS
10
2.2404763779527559
20
-1.8228031496062993
11
2.2523818897637797
21
-1.8228031496062993
0
LINE
8
CYAN2
6
CONTINUOUS
10
2.2523818897637797
20
-1.8228031496062993
11
2.2571417322834648
21
-1.8204251968503937
0
LINE
8
CYAN2
6
CONTINUOUS
10
2.2571417322834648
20
-1.8204251968503937
11
2.2595236220472441
21
-1.8180433070866142
0
LINE
8
CYAN2
6
CONTINUOUS
10
2.2595236220472441
20
-1.8180433070866142
11
2.2619055118110238
21
-1.8132795275590552
0
LINE
8
CYAN2
6
CONTINUOUS
10
2.2619055118110238
20
-1.8132795275590552
11
2.2619055118110238
21
-1.8085196850393701
0
LINE
8
CYAN2
6
CONTINUOUS
10
2.2619055118110238
20
-1.8085196850393701
11
2.2595236220472441
21
-1.8037559055118111
0
LINE
8
CYAN2
6
CONTINUOUS
10
2.2595236220472441
20
-1.8037559055118111
11
2.2571417322834648
21
-1.8013740157480316
0
LINE
8
CYAN2
6
CONTINUOUS
10
2.2571417322834648
20
-1.8013740157480316
11
2.2523818897637797
21
-1.798996062992126
0
LINE
8
CYAN2
6
CONTINUOUS
10
2.2523818897637797
20
-1.798996062992126
11
2.2428582677165356
21
-1.7966141732283465
0
LINE
8
CYAN2
6
CONTINUOUS
10
2.2428582677165356
20
-1.7966141732283465
11
2.2380944881889766
21
-1.794232283464567
0
LINE
8
CYAN2
6
CONTINUOUS
10
2.2380944881889766
20
-1.794232283464567
11
2.2357125984251969
21
-1.7918503937007875
0
LINE
8
CYAN2
6
CONTINUOUS
10
2.2357125984251969
20
-1.7918503937007875
11
2.2333346456692915
21
-1.7870905511811024
0
LINE
8
CYAN2
6
CONTINUOUS
10
2.2333346456692915
20
-1.7870905511811024
11
2.2333346456692915
21
-1.7823267716535434
0
LINE
8
CYAN2
6
CONTINUOUS
10
2.2333346456692915
20
-1.7823267716535434
11
2.2357125984251969
21
-1.7775669291338583
0
LINE
8
CYAN2
6
CONTINUOUS
10
2.2357125984251969
20
-1.7775669291338583
11
2.2380944881889766
21
-1.7751850393700788
0
LINE
8
CYAN2
6
CONTINUOUS
10
2.2380944881889766
20
-1.7751850393700788
11
2.2428582677165356
21
-1.7728031496062993
0
LINE
8
CYAN2
6
CONTINUOUS
10
2.2428582677165356
20
-1.7728031496062993
11
2.2547598425196851
21
-1.7728031496062993
0
LINE
8
CYAN2
6
CONTINUOUS
10
2.2547598425196851
20
-1.7728031496062993
11
2.2619055118110238
21
-1.7751850393700788
0
LINE
8
CYAN2
6
CONTINUOUS
10
2.2785708661417323
20
-1.7728031496062993
11
2.2904763779527562
21
-1.8228031496062993
0
LINE
8
CYAN2
6
CONTINUOUS
10
2.2904763779527562
20
-1.8228031496062993
11
2.3000000000000003
21
-1.7870905511811024
0
LINE
8
CYAN2
6
CONTINUOUS
10
2.3000000000000003
20
-1.7870905511811024
11
2.3095236220472444
21
-1.8228031496062993
0
LINE
8
CYAN2
6
CONTINUOUS
10
2.3095236220472444
20
-1.8228031496062993
11
2.3214291338582678
21
-1.7728031496062993
0
LINE
8
CYAN2
6
CONTINUOUS
10
2.3666653543307086
20
-1.8228031496062993
11
2.3380944881889762
21
-1.8228031496062993
0
LINE
8
CYAN2
6
CONTINUOUS
10
2.3523779527559054
20
-1.8228031496062993
11
2.3523779527559054
21
-1.7728031496062993
0
LINE
8
CYAN2
6
CONTINUOUS
10
2.3523779527559054
20
-1.7728031496062993
11
2.3476181102362204
21
-1.7799488188976378
0
LINE
8
CYAN2
6
CONTINUOUS
10
2.3476181102362204
20
-1.7799488188976378
11
2.3428543307086613
21
-1.7847086614173229
0
LINE
8
CYAN2
6
CONTINUOUS
10
2.3428543307086613
20
-1.7847086614173229
11
2.3380944881889762
21
-1.7870905511811024
0
LINE
8
CYAN2
6
CONTINUOUS
10
2.1476220472440946
20
-1.9204251968503938
11
2.1547637795275589
21
-1.9228031496062994
0
LINE
8
CYAN2
6
CONTINUOUS
10
2.1547637795275589
20
-1.9228031496062994
11
2.1666692913385828
21
-1.9228031496062994
0
LINE
8
CYAN2
6
CONTINUOUS
10
2.1666692913385828
20
-1.9228031496062994
11
2.1714291338582679
21
-1.9204251968503938
0
LINE
8
CYAN2
6
CONTINUOUS
10
2.1714291338582679
20
-1.9204251968503938
11
2.1738110236220471
21
-1.9180433070866143
0
LINE
8
CYAN2
6
CONTINUOUS
10
2.1738110236220471
20
-1.9180433070866143
11
2.1761929133858269
21
-1.9132795275590553
0
LINE
8
CYAN2
6
CONTINUOUS
10
2.1761929133858269
20
-1.9132795275590553
11
2.1761929133858269
21
-1.9085196850393702
0
LINE
8
CYAN2
6
CONTINUOUS
10
2.1761929133858269
20
-1.9085196850393702
11
2.1738110236220471
21
-1.9037559055118112
0
LINE
8
CYAN2
6
CONTINUOUS
10
2.1738110236220471
20
-1.9037559055118112
11
2.1714291338582679
21
-1.9013740157480317
0
LINE
8
CYAN2
6
CONTINUOUS
10
2.1714291338582679
20
-1.9013740157480317
11
2.1666692913385828
21
-1.8989960629921261
0
LINE
8
CYAN2
6
CONTINUOUS
10
2.1666692913385828
20
-1.8989960629921261
11
2.1571456692913387
21
-1.8966141732283466
0
LINE
8
CYAN2
6
CONTINUOUS
10
2.1571456692913387
20
-1.8966141732283466
11
2.1523818897637796
21
-1.8942322834645671
0
LINE
8
CYAN2
6
CONTINUOUS
10
2.1523818897637796
20
-1.8942322834645671
11
2.1499999999999999
21
-1.8918503937007876
0
LINE
8
CYAN2
6
CONTINUOUS
10
2.1499999999999999
20
-1.8918503937007876
11
2.1476220472440946
21
-1.8870905511811025
0
LINE
8
CYAN2
6
CONTINUOUS
10
2.1476220472440946
20
-1.8870905511811025
11
2.1476220472440946
21
-1.8823267716535435
0
LINE
8
CYAN2
6
CONTINUOUS
10
2.1476220472440946
20
-1.8823267716535435
11
2.1499999999999999
21
-1.8775669291338584
0
LINE
8
CYAN2
6
CONTINUOUS
10
2.1499999999999999
20
-1.8775669291338584
11
2.1523818897637796
21
-1.8751850393700789
0
LINE
8
CYAN2
6
CONTINUOUS
10
2.1523818897637796
20
-1.8751850393700789
11
2.1571456692913387
21
-1.8728031496062993
0
LINE
8
CYAN2
6
CONTINUOUS
10
2.1571456692913387
20
-1.8728031496062993
11
2.1690472440944881
21
-1.8728031496062993
0
LINE
8
CYAN2
6
CONTINUOUS
10
2.1690472440944881
20
-1.8728031496062993
11
2.1761929133858269
21
-1.8751850393700789
0
LINE
8
CYAN2
6
CONTINUOUS
10
2.1928582677165354
20
-1.8728031496062993
11
2.2047637795275592
21
-1.9228031496062994
0
LINE
8
CYAN2
6
CONTINUOUS
10
2.2047637795275592
20
-1.9228031496062994
11
2.2142874015748033
21
-1.8870905511811025
0
LINE
8
CYAN2
6
CONTINUOUS
10
2.2142874015748033
20
-1.8870905511811025
11
2.2238110236220474
21
-1.9228031496062994
0
LINE
8
CYAN2
6
CONTINUOUS
10
2.2238110236220474
20
-1.9228031496062994
11
2.2357165354330708
21
-1.8728031496062993
0
LINE
8
CYAN2
6
CONTINUOUS
10
2.2428582677165356
20
-1.9275669291338584
11
2.2809527559055121
21
-1.9275669291338584
0
LINE
8
CYAN2
6
CONTINUOUS
10
2.2928543307086615
20
-1.9228031496062994
11
2.2928543307086615
21
-1.8728031496062993
0
LINE
8
CYAN2
6
CONTINUOUS
10
2.2928543307086615
20
-1.8728031496062993
11
2.3119015748031497
21
-1.8728031496062993
0
LINE
8
CYAN2
6
CONTINUOUS
10
2.3119015748031497
20
-1.8728031496062993
11
2.3166653543307087
21
-1.8751850393700789
0
LINE
8
CYAN2
6
CONTINUOUS
10
2.3166653543307087
20
-1.8751850393700789
11
2.3190472440944885
21
-1.8775669291338584
0
LINE
8
CYAN2
6
CONTINUOUS
10
2.3190472440944885
20
-1.8775669291338584
11
2.3214251968503938
21
-1.8823267716535435
0
LINE
8
CYAN2
6
CONTINUOUS
10
2.3214251968503938
20
-1.8823267716535435
11
2.3214251968503938
21
-1.889472440944882
0
LINE
8
CYAN2
6
CONTINUOUS
10
2.3214251968503938
20
-1.889472440944882
11
2.3190472440944885
21
-1.8942322834645671
0
LINE
8
CYAN2
6
CONTINUOUS
10
2.3190472440944885
20
-1.8942322834645671
11
2.3166653543307087
21
-1.8966141732283466
0
LINE
8
CYAN2
6
CONTINUOUS
10
2.3166653543307087
20
-1.8966141732283466
11
2.3119015748031497
21
-1.8989960629921261
0
LINE
8
CYAN2
6
CONTINUOUS
10
2.3119015748031497
20
-1.8989960629921261
11
2.2928543307086615
21
-1.8989960629921261
0
LINE
8
CYAN2
6
CONTINUOUS
10
2.3642834645669293
20
-1.889472440944882
11
2.3642834645669293
21
-1.9228031496062994
0
LINE
8
CYAN2
6
CONTINUOUS
10
2.3428543307086613
20
-1.889472440944882
11
2.3428543307086613
21
-1.9156614173228348
0
LINE
8
CYAN2
6
CONTINUOUS
10
2.3428543307086613
20
-1.9156614173228348
11
2.3452362204724411
21
-1.9204251968503938
0
LINE
8
CYAN2
6
CONTINUOUS
10
2.3452362204724411
20
-1.9204251968503938
11
2.3500000000000001
21
-1.9228031496062994
0
LINE
8
CYAN2
6
CONTINUOUS
10
2.3500000000000001
20
-1.9228031496062994
11
2.3571417322834645
21
-1.9228031496062994
0
LINE
8
CYAN2
6
CONTINUOUS
10
2.3571417322834645
20
-1.9228031496062994
11
2.3619015748031496
21
-1.9204251968503938
0
LINE
8
CYAN2
6
CONTINUOUS
10
2.3619015748031496
20
-1.9204251968503938
11
2.3642834645669293
21
-1.9180433070866143
0
LINE
8
CYAN2
6
CONTINUOUS
10
2.3857125984251968
20
-1.9204251968503938
11
2.3904724409448819
21
-1.9228031496062994
0
LINE
8
CYAN2
6
CONTINUOUS
10
2.3904724409448819
20
-1.9228031496062994
11
2.399996062992126
21
-1.9228031496062994
0
LINE
8
CYAN2
6
CONTINUOUS
10
2.399996062992126
20
-1.9228031496062994
11
2.404759842519685
21
-1.9204251968503938
0
LINE
8
CYAN2
6
CONTINUOUS
10
2.404759842519685
20
-1.9204251968503938
11
2.4071377952755908
21
-1.9156614173228348
0
LINE
8
CYAN2
6
CONTINUOUS
10
2.4071377952755908
20
-1.9156614173228348
11
2.4071377952755908
21
-1.9132795275590553
0
LINE
8
CYAN2
6
CONTINUOUS
10
2.4071377952755908
20
-1.9132795275590553
11
2.404759842519685
21
-1.9085196850393702
0
LINE
8
CYAN2
6
CONTINUOUS
10
2.404759842519685
20
-1.9085196850393702
11
2.399996062992126
21
-1.9061377952755907
0
LINE
8
CYAN2
6
CONTINUOUS
10
2.399996062992126
20
-1.9061377952755907
11
2.3928543307086616
21
-1.9061377952755907
0
LINE
8
CYAN2
6
CONTINUOUS
10
2.3928543307086616
20
-1.9061377952755907
11
2.3880905511811026
21
-1.9037559055118112
0
LINE
8
CYAN2
6
CONTINUOUS
10
2.3880905511811026
20
-1.9037559055118112
11
2.3857125984251968
21
-1.8989960629921261
0
LINE
8
CYAN2
6
CONTINUOUS
10
2.3857125984251968
20
-1.8989960629921261
11
2.3857125984251968
21
-1.8966141732283466
0
LINE
8
CYAN2
6
CONTINUOUS
10
2.3857125984251968
20
-1.8966141732283466
11
2.3880905511811026
21
-1.8918503937007876
0
LINE
8
CYAN2
6
CONTINUOUS
10
2.3880905511811026
20
-1.8918503937007876
11
2.3928543307086616
21
-1.889472440944882
0
LINE
8
CYAN2
6
CONTINUOUS
10
2.3928543307086616
20
-1.889472440944882
11
2.399996062992126
21
-1.889472440944882
0
LINE
8
CYAN2
6
CONTINUOUS
10
2.399996062992126
20
-1.889472440944882
11
2.404759842519685
21
-1.8918503937007876
0
LINE
8
CYAN2
6
CONTINUOUS
10
2.4285669291338583
20
-1.9228031496062994
11
2.4285669291338583
21
-1.8728031496062993
0
LINE
8
CYAN2
6
CONTINUOUS
10
2.4499960629921262
20
-1.9228031496062994
11
2.4499960629921262
21
-1.8966141732283466
0
LINE
8
CYAN2
6
CONTINUOUS
10
2.4499960629921262
20
-1.8966141732283466
11
2.4476141732283465
21
-1.8918503937007876
0
LINE
8
CYAN2
6
CONTINUOUS
10
2.4476141732283465
20
-1.8918503937007876
11
2.4428543307086614
21
-1.889472440944882
0
LINE
8
CYAN2
6
CONTINUOUS
10
2.4428543307086614
20
-1.889472440944882
11
2.4357125984251971
21
-1.889472440944882
0
LINE
8
CYAN2
6
CONTINUOUS
10
2.4357125984251971
20
-1.889472440944882
11
2.430948818897638
21
-1.8918503937007876
0
LINE
8
CYAN2
6
CONTINUOUS
10
2.430948818897638
20
-1.8918503937007876
11
2.4285669291338583
21
-1.8942322834645671
0
LINE
8
RED2
6
CONTINUOUS
10
2.2000000000000002
20
-2.1000000000000001
11
2.1000000000000001
21
-2.1000000000000001
0
LINE
8
RED2
6
CONTINUOUS
10
2.3999999999999999
20
-2.1000000000000001
11
2.5
21
-2.1000000000000001
0
LINE
8
CYAN2
6
CONTINUOUS
10
3.250661417322835
20
-1.7728031496062993
11
3.250661417322835
21
-1.8132795275590552
0
LINE
8
CYAN2
6
CONTINUOUS
10
3.250661417322835
20
-1.8132795275590552
11
3.2530433070866143
21
-1.8180433070866142
0
LINE
8
CYAN2
6
CONTINUOUS
10
3.2530433070866143
20
-1.8180433070866142
11
3.255425196850394
21
-1.8204251968503937
0
LINE
8
CYAN2
6
CONTINUOUS
10
3.255425196850394
20
-1.8204251968503937
11
3.2601850393700786
21
-1.8228031496062993
0
LINE
8
CYAN2
6
CONTINUOUS
10
3.2601850393700786
20
-1.8228031496062993
11
3.2697086614173227
21
-1.8228031496062993
0
LINE
8
CYAN2
6
CONTINUOUS
10
3.2697086614173227
20
-1.8228031496062993
11
3.2744724409448822
21
-1.8204251968503937
0
LINE
8
CYAN2
6
CONTINUOUS
10
3.2744724409448822
20
-1.8204251968503937
11
3.2768543307086615
21
-1.8180433070866142
0
LINE
8
CYAN2
6
CONTINUOUS
10
3.2768543307086615
20
-1.8180433070866142
11
3.2792322834645669
21
-1.8132795275590552
0
LINE
8
CYAN2
6
CONTINUOUS
10
3.2792322834645669
20
-1.8132795275590552
11
3.2792322834645669
21
-1.7728031496062993
0
LINE
8
CYAN2
6
CONTINUOUS
10
3.3006653543307087
20
-1.7775669291338583
11
3.3030433070866141
21
-1.7751850393700788
0
LINE
8
CYAN2
6
CONTINUOUS
10
3.3030433070866141
20
-1.7751850393700788
11
3.3078070866141736
21
-1.7728031496062993
0
LINE
8
CYAN2
6
CONTINUOUS
10
3.3078070866141736
20
-1.7728031496062993
11
3.3197125984251969
21
-1.7728031496062993
0
LINE
8
CYAN2
6
CONTINUOUS
10
3.3197125984251969
20
-1.7728031496062993
11
3.324472440944882
21
-1.7751850393700788
0
LINE
8
CYAN2
6
CONTINUOUS
10
3.324472440944882
20
-1.7751850393700788
11
3.3268543307086613
21
-1.7775669291338583
0
LINE
8
CYAN2
6
CONTINUOUS
10
3.3268543307086613
20
-1.7775669291338583
11
3.3292362204724411
21
-1.7823267716535434
0
LINE
8
CYAN2
6
CONTINUOUS
10
3.3292362204724411
20
-1.7823267716535434
11
3.3292362204724411
21
-1.7870905511811024
0
LINE
8
CYAN2
6
CONTINUOUS
10
3.3292362204724411
20
-1.7870905511811024
11
3.3268543307086613
21
-1.794232283464567
0
LINE
8
CYAN2
6
CONTINUOUS
10
3.3268543307086613
20
-1.794232283464567
11
3.2982834645669294
21
-1.8228031496062993
0
LINE
8
CYAN2
6
CONTINUOUS
10
3.2982834645669294
20
-1.8228031496062993
11
3.3292362204724411
21
-1.8228031496062993
0
LINE
8
CYAN2
6
CONTINUOUS
10
3.3601850393700787
20
-1.7728031496062993
11
3.3649488188976378
21
-1.7728031496062993
0
LINE
8
CYAN2
6
CONTINUOUS
10
3.3649488188976378
20
-1.7728031496062993
11
3.3697086614173228
21
-1.7751850393700788
0
LINE
8
CYAN2
6
CONTINUOUS
10
3.3697086614173228
20
-1.7751850393700788
11
3.3720905511811026
21
-1.7775669291338583
0
LINE
8
CYAN2
6
CONTINUOUS
10
3.3720905511811026
20
-1.7775669291338583
11
3.3744724409448819
21
-1.7823267716535434
0
LINE
8
CYAN2
6
CONTINUOUS
10
3.3744724409448819
20
-1.7823267716535434
11
3.3768543307086616
21
-1.7918503937007875
0
LINE
8
CYAN2
6
CONTINUOUS
10
3.3768543307086616
20
-1.7918503937007875
11
3.3768543307086616
21
-1.8037559055118111
0
LINE
8
CYAN2
6
CONTINUOUS
10
3.3768543307086616
20
-1.8037559055118111
11
3.3744724409448819
21
-1.8132795275590552
0
LINE
8
CYAN2
6
CONTINUOUS
10
3.3744724409448819
20
-1.8132795275590552
11
3.3720905511811026
21
-1.8180433070866142
0
LINE
8
CYAN2
6
CONTINUOUS
10
3.3720905511811026
20
-1.8180433070866142
11
3.3697086614173228
21
-1.8204251968503937
0
LINE
8
CYAN2
6
CONTINUOUS
10
3.3697086614173228
20
-1.8204251968503937
11
3.3649488188976378
21
-1.8228031496062993
0
LINE
8
CYAN2
6
CONTINUOUS
10
3.3649488188976378
20
-1.8228031496062993
11
3.3601850393700787
21
-1.8228031496062993
0
LINE
8
CYAN2
6
CONTINUOUS
10
3.3601850393700787
20
-1.8228031496062993
11
3.3554251968503936
21
-1.8204251968503937
0
LINE
8
CYAN2
6
CONTINUOUS
10
3.3554251968503936
20
-1.8204251968503937
11
3.3530433070866144
21
-1.8180433070866142
0
LINE
8
CYAN2
6
CONTINUOUS
10
3.3530433070866144
20
-1.8180433070866142
11
3.3506614173228346
21
-1.8132795275590552
0
LINE
8
CYAN2
6
CONTINUOUS
10
3.3506614173228346
20
-1.8132795275590552
11
3.3482834645669293
21
-1.8037559055118111
0
LINE
8
CYAN2
6
CONTINUOUS
10
3.3482834645669293
20
-1.8037559055118111
11
3.3482834645669293
21
-1.7918503937007875
0
LINE
8
CYAN2
6
CONTINUOUS
10
3.3482834645669293
20
-1.7918503937007875
11
3.3506614173228346
21
-1.7823267716535434
0
LINE
8
CYAN2
6
CONTINUOUS
10
3.3506614173228346
20
-1.7823267716535434
11
3.3530433070866144
21
-1.7775669291338583
0
LINE
8
CYAN2
6
CONTINUOUS
10
3.3530433070866144
20
-1.7775669291338583
11
3.3554251968503936
21
-1.7751850393700788
0
LINE
8
CYAN2
6
CONTINUOUS
10
3.3554251968503936
20
-1.7751850393700788
11
3.3601850393700787
21
-1.7728031496062993
0
LINE
8
CYAN2
6
CONTINUOUS
10
3.2744724409448822
20
-1.9228031496062994
11
3.250661417322835
21
-1.9228031496062994
0
LINE
8
CYAN2
6
CONTINUOUS
10
3.250661417322835
20
-1.9228031496062994
11
3.250661417322835
21
-1.8728031496062993
0
LINE
8
CYAN2
6
CONTINUOUS
10
3.2911377952755907
20
-1.9228031496062994
11
3.2911377952755907
21
-1.8728031496062993
0
LINE
8
CYAN2
6
CONTINUOUS
10
3.2911377952755907
20
-1.8728031496062993
11
3.3078070866141736
21
-1.9085196850393702
0
LINE
8
CYAN2
6
CONTINUOUS
10
3.3078070866141736
20
-1.9085196850393702
11
3.324472440944882
21
-1.8728031496062993
0
LINE
8
CYAN2
6
CONTINUOUS
10
3.324472440944882
20
-1.8728031496062993
11
3.324472440944882
21
-1.9228031496062994
0
LINE
8
CYAN2
6
CONTINUOUS
10
3.3720905511811026
20
-1.8728031496062993
11
3.3482795275590553
21
-1.8728031496062993
0
LINE
8
CYAN2
6
CONTINUOUS
10
3.3482795275590553
20
-1.8728031496062993
11
3.3459015748031495
21
-1.8966141732283466
0
LINE
8
CYAN2
6
CONTINUOUS
10
3.3459015748031495
20
-1.8966141732283466
11
3.3482795275590553
21
-1.8942322834645671
0
LINE
8
CYAN2
6
CONTINUOUS
10
3.3482795275590553
20
-1.8942322834645671
11
3.3530433070866144
21
-1.8918503937007876
0
LINE
8
CYAN2
6
CONTINUOUS
10
3.3530433070866144
20
-1.8918503937007876
11
3.3649488188976378
21
-1.8918503937007876
0
LINE
8
CYAN2
6
CONTINUOUS
10
3.3649488188976378
20
-1.8918503937007876
11
3.3697086614173228
21
-1.8942322834645671
0
LINE
8
CYAN2
6
CONTINUOUS
10
3.3697086614173228
20
-1.8942322834645671
11
3.3720905511811026
21
-1.8966141732283466
0
LINE
8
CYAN2
6
CONTINUOUS
10
3.3720905511811026
20
-1.8966141732283466
11
3.3744724409448819
21
-1.9013740157480317
0
LINE
8
CYAN2
6
CONTINUOUS
10
3.3744724409448819
20
-1.9013740157480317
11
3.3744724409448819
21
-1.9132795275590553
0
LINE
8
CYAN2
6
CONTINUOUS
10
3.3744724409448819
20
-1.9132795275590553
11
3.3720905511811026
21
-1.9180433070866143
0
LINE
8
CYAN2
6
CONTINUOUS
10
3.3720905511811026
20
-1.9180433070866143
11
3.3697086614173228
21
-1.9204251968503938
0
LINE
8
CYAN2
6
CONTINUOUS
10
3.3697086614173228
20
-1.9204251968503938
11
3.3649488188976378
21
-1.9228031496062994
0
LINE
8
CYAN2
6
CONTINUOUS
10
3.3649488188976378
20
-1.9228031496062994
11
3.3530433070866144
21
-1.9228031496062994
0
LINE
8
CYAN2
6
CONTINUOUS
10
3.3530433070866144
20
-1.9228031496062994
11
3.3482795275590553
21
-1.9204251968503938
0
LINE
8
CYAN2
6
CONTINUOUS
10
3.3482795275590553
20
-1.9204251968503938
11
3.3459015748031495
21
-1.9180433070866143
0
LINE
8
CYAN2
6
CONTINUOUS
10
3.4197086614173231
20
-1.8728031496062993
11
3.3958976377952759
21
-1.8728031496062993
0
LINE
8
CYAN2
6
CONTINUOUS
10
3.3958976377952759
20
-1.8728031496062993
11
3.3935196850393701
21
-1.8966141732283466
0
LINE
8
CYAN2
6
CONTINUOUS
10
3.3935196850393701
20
-1.8966141732283466
11
3.3958976377952759
21
-1.8942322834645671
0
LINE
8
CYAN2
6
CONTINUOUS
10
3.3958976377952759
20
-1.8942322834645671
11
3.4006614173228349
21
-1.8918503937007876
0
LINE
8
CYAN2
6
CONTINUOUS
10
3.4006614173228349
20
-1.8918503937007876
11
3.4125669291338583
21
-1.8918503937007876
0
LINE
8
CYAN2
6
CONTINUOUS
10
3.4125669291338583
20
-1.8918503937007876
11
3.4173267716535434
21
-1.8942322834645671
0
LINE
8
CYAN2
6
CONTINUOUS
10
3.4173267716535434
20
-1.8942322834645671
11
3.4197086614173231
21
-1.8966141732283466
0
LINE
8
CYAN2
6
CONTINUOUS
10
3.4197086614173231
20
-1.8966141732283466
11
3.4220905511811024
21
-1.9013740157480317
0
LINE
8
CYAN2
6
CONTINUOUS
10
3.4220905511811024
20
-1.9013740157480317
11
3.4220905511811024
21
-1.9132795275590553
0
LINE
8
CYAN2
6
CONTINUOUS
10
3.4220905511811024
20
-1.9132795275590553
11
3.4197086614173231
21
-1.9180433070866143
0
LINE
8
CYAN2
6
CONTINUOUS
10
3.4197086614173231
20
-1.9180433070866143
11
3.4173267716535434
21
-1.9204251968503938
0
LINE
8
CYAN2
6
CONTINUOUS
10
3.4173267716535434
20
-1.9204251968503938
11
3.4125669291338583
21
-1.9228031496062994
0
LINE
8
CYAN2
6
CONTINUOUS
10
3.4125669291338583
20
-1.9228031496062994
11
3.4006614173228349
21
-1.9228031496062994
0
LINE
8
CYAN2
6
CONTINUOUS
10
3.4006614173228349
20
-1.9228031496062994
11
3.3958976377952759
21
-1.9204251968503938
0
LINE
8
CYAN2
6
CONTINUOUS
10
3.3958976377952759
20
-1.9204251968503938
11
3.3935196850393701
21
-1.9180433070866143
0
LINE
8
CYAN2
6
CONTINUOUS
10
3.4673267716535436
20
-1.8728031496062993
11
3.4435157480314964
21
-1.8728031496062993
0
LINE
8
CYAN2
6
CONTINUOUS
10
3.4435157480314964
20
-1.8728031496062993
11
3.4411377952755906
21
-1.8966141732283466
0
LINE
8
CYAN2
6
CONTINUOUS
10
3.4411377952755906
20
-1.8966141732283466
11
3.4435157480314964
21
-1.8942322834645671
0
LINE
8
CYAN2
6
CONTINUOUS
10
3.4435157480314964
20
-1.8942322834645671
11
3.4482795275590554
21
-1.8918503937007876
0
LINE
8
CYAN2
6
CONTINUOUS
10
3.4482795275590554
20
-1.8918503937007876
11
3.4601850393700788
21
-1.8918503937007876
0
LINE
8
CYAN2
6
CONTINUOUS
10
3.4601850393700788
20
-1.8918503937007876
11
3.4649448818897639
21
-1.8942322834645671
0
LINE
8
CYAN2
6
CONTINUOUS
10
3.4649448818897639
20
-1.8942322834645671
11
3.4673267716535436
21
-1.8966141732283466
0
LINE
8
CYAN2
6
CONTINUOUS
10
3.4673267716535436
20
-1.8966141732283466
11
3.4697086614173229
21
-1.9013740157480317
0
LINE
8
CYAN2
6
CONTINUOUS
10
3.4697086614173229
20
-1.9013740157480317
11
3.4697086614173229
21
-1.9132795275590553
0
LINE
8
CYAN2
6
CONTINUOUS
10
3.4697086614173229
20
-1.9132795275590553
11
3.4673267716535436
21
-1.9180433070866143
0
LINE
8
CYAN2
6
CONTINUOUS
10
3.4673267716535436
20
-1.9180433070866143
11
3.4649448818897639
21
-1.9204251968503938
0
LINE
8
CYAN2
6
CONTINUOUS
10
3.4649448818897639
20
-1.9204251968503938
11
3.4601850393700788
21
-1.9228031496062994
0
LINE
8
CYAN2
6
CONTINUOUS
10
3.4601850393700788
20
-1.9228031496062994
11
3.4482795275590554
21
-1.9228031496062994
0
LINE
8
CYAN2
6
CONTINUOUS
10
3.4482795275590554
20
-1.9228031496062994
11
3.4435157480314964
21
-1.9204251968503938
0
LINE
8
CYAN2
6
CONTINUOUS
10
3.4435157480314964
20
-1.9204251968503938
11
3.4411377952755906
21
-1.9180433070866143
0
LINE
8
CYAN2
6
CONTINUOUS
10
3.4863740157480314
20
-1.9228031496062994
11
3.5125629921259844
21
-1.889472440944882
0
LINE
8
CYAN2
6
CONTINUOUS
10
3.4863740157480314
20
-1.889472440944882
11
3.5125629921259844
21
-1.9228031496062994
0
LINE
8
CYAN2
6
CONTINUOUS
10
3.5316102362204727
20
-1.9228031496062994
11
3.5316102362204727
21
-1.8728031496062993
0
LINE
8
CYAN2
6
CONTINUOUS
10
3.5316102362204727
20
-1.8728031496062993
11
3.5482795275590551
21
-1.9085196850393702
0
LINE
8
CYAN2
6
CONTINUOUS
10
3.5482795275590551
20
-1.9085196850393702
11
3.564944881889764
21
-1.8728031496062993
0
LINE
8
CYAN2
6
CONTINUOUS
10
3.564944881889764
20
-1.8728031496062993
11
3.564944881889764
21
-1.9228031496062994
0
LINE
8
RED2
6
CONTINUOUS
10
3.1499999999999999
20
-2.
11
3.1499999999999999
21
-1.9000000000000001
0
LINE
8
CYAN2
6
CONTINUOUS
10
3.1231299212598427
20
-2.1580944881889765
11
3.1731299212598425
21
-2.1414291338582676
0
LINE
8
CYAN2
6
CONTINUOUS
10
3.1731299212598425
20
-2.1414291338582676
11
3.1231299212598427
21
-2.1247598425196852
0
LINE
8
CYAN2
6
CONTINUOUS
10
3.1683700787401574
20
-2.0795236220472444
11
3.1707519685039371
21
-2.0819015748031497
0
LINE
8
CYAN2
6
CONTINUOUS
10
3.1707519685039371
20
-2.0819015748031497
11
3.1731299212598425
21
-2.0890472440944881
0
LINE
8
CYAN2
6
CONTINUOUS
10
3.1731299212598425
20
-2.0890472440944881
11
3.1731299212598425
21
-2.0938070866141731
0
LINE
8
CYAN2
6
CONTINUOUS
10
3.1731299212598425
20
-2.0938070866141731
11
3.1707519685039371
21
-2.100948818897638
0
LINE
8
CYAN2
6
CONTINUOUS
10
3.1707519685039371
20
-2.100948818897638
11
3.1659881889763781
21
-2.105712598425197
0
LINE
8
CYAN2
6
CONTINUOUS
10
3.1659881889763781
20
-2.105712598425197
11
3.1612244094488191
21
-2.1080944881889763
0
LINE
8
CYAN2
6
CONTINUOUS
10
3.1612244094488191
20
-2.1080944881889763
11
3.151700787401575
21
-2.1104724409448821
0
LINE
8
CYAN2
6
CONTINUOUS
10
3.151700787401575
20
-2.1104724409448821
11
3.1445590551181102
21
-2.1104724409448821
0
LINE
8
CYAN2
6
CONTINUOUS
10
3.1445590551181102
20
-2.1104724409448821
11
3.1350354330708661
21
-2.1080944881889763
0
LINE
8
CYAN2
6
CONTINUOUS
10
3.1350354330708661
20
-2.1080944881889763
11
3.1302755905511814
21
-2.105712598425197
0
LINE
8
CYAN2
6
CONTINUOUS
10
3.1302755905511814
20
-2.105712598425197
11
3.125511811023622
21
-2.100948818897638
0
LINE
8
CYAN2
6
CONTINUOUS
10
3.125511811023622
20
-2.100948818897638
11
3.1231299212598427
21
-2.0938070866141731
0
LINE
8
CYAN2
6
CONTINUOUS
10
3.1231299212598427
20
-2.0938070866141731
11
3.1231299212598427
21
-2.0890472440944881
0
LINE
8
CYAN2
6
CONTINUOUS
10
3.1231299212598427
20
-2.0890472440944881
11
3.125511811023622
21
-2.0819015748031497
0
LINE
8
CYAN2
6
CONTINUOUS
10
3.125511811023622
20
-2.0819015748031497
11
3.1278937007874017
21
-2.0795236220472444
0
LINE
8
CYAN2
6
CONTINUOUS
10
3.1683700787401574
20
-2.0295236220472441
11
3.1707519685039371
21
-2.0319015748031495
0
LINE
8
CYAN2
6
CONTINUOUS
10
3.1707519685039371
20
-2.0319015748031495
11
3.1731299212598425
21
-2.0390472440944882
0
LINE
8
CYAN2
6
CONTINUOUS
10
3.1731299212598425
20
-2.0390472440944882
11
3.1731299212598425
21
-2.0438070866141733
0
LINE
8
CYAN2
6
CONTINUOUS
10
3.1731299212598425
20
-2.0438070866141733
11
3.1707519685039371
21
-2.0509488188976377
0
LINE
8
CYAN2
6
CONTINUOUS
10
3.1707519685039371
20
-2.0509488188976377
11
3.1659881889763781
21
-2.0557125984251967
0
LINE
8
CYAN2
6
CONTINUOUS
10
3.1659881889763781
20
-2.0557125984251967
11
3.1612244094488191
21
-2.0580944881889764
0
LINE
8
CYAN2
6
CONTINUOUS
10
3.1612244094488191
20
-2.0580944881889764
11
3.151700787401575
21
-2.0604724409448818
0
LINE
8
CYAN2
6
CONTINUOUS
10
3.151700787401575
20
-2.0604724409448818
11
3.1445590551181102
21
-2.0604724409448818
0
LINE
8
CYAN2
6
CONTINUOUS
10
3.1445590551181102
20
-2.0604724409448818
11
3.1350354330708661
21
-2.0580944881889764
0
LINE
8
CYAN2
6
CONTINUOUS
10
3.1350354330708661
20
-2.0580944881889764
11
3.1302755905511814
21
-2.0557125984251967
0
LINE
8
CYAN2
6
CONTINUOUS
10
3.1302755905511814
20
-2.0557125984251967
11
3.125511811023622
21
-2.0509488188976377
0
LINE
8
CYAN2
6
CONTINUOUS
10
3.125511811023622
20
-2.0509488188976377
11
3.1231299212598427
21
-2.0438070866141733
0
LINE
8
CYAN2
6
CONTINUOUS
10
3.1231299212598427
20
-2.0438070866141733
11
3.1231299212598427
21
-2.0390472440944882
0
LINE
8
CYAN2
6
CONTINUOUS
10
3.1231299212598427
20
-2.0390472440944882
11
3.125511811023622
21
-2.0319015748031495
0
LINE
8
CYAN2
6
CONTINUOUS
10
3.125511811023622
20
-2.0319015748031495
11
3.1278937007874017
21
-2.0295236220472441
0
LINE
8
RED3
6
CONTINUOUS
10
3.1113070866141732
20
-1.9547559055118111
11
3.1089251968503939
21
-1.9595196850393701
0
LINE
8
RED3
6
CONTINUOUS
10
3.1089251968503939
20
-1.9595196850393701
11
3.1065472440944881
21
-1.9619015748031496
0
LINE
8
RED3
6
CONTINUOUS
10
3.1065472440944881
20
-1.9619015748031496
11
3.1017834645669291
21
-1.9642795275590552
0
LINE
8
RED3
6
CONTINUOUS
10
3.1017834645669291
20
-1.9642795275590552
11
3.0994015748031498
21
-1.9642795275590552
0
LINE
8
RED3
6
CONTINUOUS
10
3.0994015748031498
20
-1.9642795275590552
11
3.0946417322834647
21
-1.9619015748031496
0
LINE
8
RED3
6
CONTINUOUS
10
3.0946417322834647
20
-1.9619015748031496
11
3.092259842519685
21
-1.9595196850393701
0
LINE
8
RED3
6
CONTINUOUS
10
3.092259842519685
20
-1.9595196850393701
11
3.0898779527559057
21
-1.9547559055118111
0
LINE
8
RED3
6
CONTINUOUS
10
3.0898779527559057
20
-1.9547559055118111
11
3.0898779527559057
21
-1.945232283464567
0
LINE
8
RED3
6
CONTINUOUS
10
3.0898779527559057
20
-1.945232283464567
11
3.092259842519685
21
-1.9404724409448819
0
LINE
8
RED3
6
CONTINUOUS
10
3.092259842519685
20
-1.9404724409448819
11
3.0946417322834647
21
-1.9380905511811024
0
LINE
8
RED3
6
CONTINUOUS
10
3.0946417322834647
20
-1.9380905511811024
11
3.0994015748031498
21
-1.9357086614173229
0
LINE
8
RED3
6
CONTINUOUS
10
3.0994015748031498
20
-1.9357086614173229
11
3.1017834645669291
21
-1.9357086614173229
0
LINE
8
RED3
6
CONTINUOUS
10
3.1017834645669291
20
-1.9357086614173229
11
3.1065472440944881
21
-1.9380905511811024
0
LINE
8
RED3
6
CONTINUOUS
10
3.1065472440944881
20
-1.9380905511811024
11
3.1089251968503939
21
-1.9404724409448819
0
LINE
8
RED3
6
CONTINUOUS
10
3.1089251968503939
20
-1.9404724409448819
11
3.1113070866141732
21
-1.945232283464567
0
LINE
8
RED3
6
CONTINUOUS
10
3.1113070866141732
20
-1.945232283464567
11
3.1113070866141732
21
-1.9547559055118111
0
LINE
8
RED3
6
CONTINUOUS
10
3.1113070866141732
20
-1.9547559055118111
11
3.1136889763779529
21
-1.9595196850393701
0
LINE
8
RED3
6
CONTINUOUS
10
3.1136889763779529
20
-1.9595196850393701
11
3.1160708661417322
21
-1.9619015748031496
0
LINE
8
RED3
6
CONTINUOUS
10
3.1160708661417322
20
-1.9619015748031496
11
3.1208307086614173
21
-1.9642795275590552
0
LINE
8
RED3
6
CONTINUOUS
10
3.1208307086614173
20
-1.9642795275590552
11
3.1303543307086614
21
-1.9642795275590552
0
LINE
8
RED3
6
CONTINUOUS
10
3.1303543307086614
20
-1.9642795275590552
11
3.1351181102362204
21
-1.9619015748031496
0
LINE
8
RED3
6
CONTINUOUS
10
3.1351181102362204
20
-1.9619015748031496
11
3.1375000000000002
21
-1.9595196850393701
0
LINE
8
RED3
6
CONTINUOUS
10
3.1375000000000002
20
-1.9595196850393701
11
3.1398779527559055
21
-1.9547559055118111
0
LINE
8
RED3
6
CONTINUOUS
10
3.1398779527559055
20
-1.9547559055118111
11
3.1398779527559055
21
-1.945232283464567
0
LINE
8
RED3
6
CONTINUOUS
10
3.1398779527559055
20
-1.945232283464567
11
3.1375000000000002
21
-1.9404724409448819
0
LINE
8
RED3
6
CONTINUOUS
10
3.1375000000000002
20
-1.9404724409448819
11
3.1351181102362204
21
-1.9380905511811024
0
LINE
8
RED3
6
CONTINUOUS
10
3.1351181102362204
20
-1.9380905511811024
11
3.1303543307086614
21
-1.9357086614173229
0
LINE
8
RED3
6
CONTINUOUS
10
3.1303543307086614
20
-1.9357086614173229
11
3.1208307086614173
21
-1.9357086614173229
0
LINE
8
RED3
6
CONTINUOUS
10
3.1208307086614173
20
-1.9357086614173229
11
3.1160708661417322
21
-1.9380905511811024
0
LINE
8
RED3
6
CONTINUOUS
10
3.1160708661417322
20
-1.9380905511811024
11
3.1136889763779529
21
-1.9404724409448819
0
LINE
8
RED3
6
CONTINUOUS
10
3.1136889763779529
20
-1.9404724409448819
11
3.1113070866141732
21
-1.945232283464567
0
LINE
8
RED2
6
CONTINUOUS
10
3.1499999999999999
20
-2.6000000000000001
11
3.1499999999999999
21
-2.7000000000000002
0
LINE
8
CYAN2
6
CONTINUOUS
10
3.125511811023622
20
-2.5419015748031497
11
3.1231299212598427
21
-2.5466653543307087
0
LINE
8
CYAN2
6
CONTINUOUS
10
3.1231299212598427
20
-2.5466653543307087
11
3.1231299212598427
21
-2.5538070866141731
0
LINE
8
CYAN2
6
CONTINUOUS
10
3.1231299212598427
20
-2.5538070866141731
11
3.125511811023622
21
-2.5609488188976379
0
LINE
8
CYAN2
6
CONTINUOUS
10
3.125511811023622
20
-2.5609488188976379
11
3.1302755905511814
21
-2.5657125984251969
0
LINE
8
CYAN2
6
CONTINUOUS
10
3.1302755905511814
20
-2.5657125984251969
11
3.1350354330708661
21
-2.5680944881889767
0
LINE
8
CYAN2
6
CONTINUOUS
10
3.1350354330708661
20
-2.5680944881889767
11
3.1445590551181102
21
-2.570472440944882
0
LINE
8
CYAN2
6
CONTINUOUS
10
3.1445590551181102
20
-2.570472440944882
11
3.151700787401575
21
-2.570472440944882
0
LINE
8
CYAN2
6
CONTINUOUS
10
3.151700787401575
20
-2.570472440944882
11
3.1612244094488191
21
-2.5680944881889767
0
LINE
8
CYAN2
6
CONTINUOUS
10
3.1612244094488191
20
-2.5680944881889767
11
3.1659881889763781
21
-2.5657125984251969
0
LINE
8
CYAN2
6
CONTINUOUS
10
3.1659881889763781
20
-2.5657125984251969
11
3.1707519685039371
21
-2.5609488188976379
0
LINE
8
CYAN2
6
CONTINUOUS
10
3.1707519685039371
20
-2.5609488188976379
11
3.1731299212598425
21
-2.5538070866141731
0
LINE
8
CYAN2
6
CONTINUOUS
10
3.1731299212598425
20
-2.5538070866141731
11
3.1731299212598425
21
-2.5490472440944885
0
LINE
8
CYAN2
6
CONTINUOUS
10
3.1731299212598425
20
-2.5490472440944885
11
3.1707519685039371
21
-2.5419015748031497
0
LINE
8
CYAN2
6
CONTINUOUS
10
3.1707519685039371
20
-2.5419015748031497
11
3.1683700787401574
21
-2.5395236220472444
0
LINE
8
CYAN2
6
CONTINUOUS
10
3.1683700787401574
20
-2.5395236220472444
11
3.151700787401575
21
-2.5395236220472444
0
LINE
8
CYAN2
6
CONTINUOUS
10
3.151700787401575
20
-2.5395236220472444
11
3.151700787401575
21
-2.5490472440944885
0
LINE
8
CYAN2
6
CONTINUOUS
10
3.1731299212598425
20
-2.5180944881889764
11
3.1231299212598427
21
-2.5180944881889764
0
LINE
8
CYAN2
6
CONTINUOUS
10
3.1231299212598427
20
-2.5180944881889764
11
3.1731299212598425
21
-2.4895236220472441
0
LINE
8
CYAN2
6
CONTINUOUS
10
3.1731299212598425
20
-2.4895236220472441
11
3.1231299212598427
21
-2.4895236220472441
0
LINE
8
CYAN2
6
CONTINUOUS
10
3.1731299212598425
20
-2.4657125984251969
11
3.1231299212598427
21
-2.4657125984251969
0
LINE
8
CYAN2
6
CONTINUOUS
10
3.1231299212598427
20
-2.4657125984251969
11
3.1231299212598427
21
-2.4538070866141735
0
LINE
8
CYAN2
6
CONTINUOUS
10
3.1231299212598427
20
-2.4538070866141735
11
3.125511811023622
21
-2.4466653543307086
0
LINE
8
CYAN2
6
CONTINUOUS
10
3.125511811023622
20
-2.4466653543307086
11
3.1302755905511814
21
-2.4419015748031496
0
LINE
8
CYAN2
6
CONTINUOUS
10
3.1302755905511814
20
-2.4419015748031496
11
3.1350354330708661
21
-2.4395196850393703
0
LINE
8
CYAN2
6
CONTINUOUS
10
3.1350354330708661
20
-2.4395196850393703
11
3.1445590551181102
21
-2.4371417322834645
0
LINE
8
CYAN2
6
CONTINUOUS
10
3.1445590551181102
20
-2.4371417322834645
11
3.151700787401575
21
-2.4371417322834645
0
LINE
8
CYAN2
6
CONTINUOUS
10
3.151700787401575
20
-2.4371417322834645
11
3.1612244094488191
21
-2.4395196850393703
0
LINE
8
CYAN2
6
CONTINUOUS
10
3.1612244094488191
20
-2.4395196850393703
11
3.1659881889763781
21
-2.4419015748031496
0
LINE
8
CYAN2
6
CONTINUOUS
10
3.1659881889763781
20
-2.4419015748031496
11
3.1707519685039371
21
-2.4466653543307086
0
LINE
8
CYAN2
6
CONTINUOUS
10
3.1707519685039371
20
-2.4466653543307086
11
3.1731299212598425
21
-2.4538070866141735
0
LINE
8
CYAN2
6
CONTINUOUS
10
3.1731299212598425
20
-2.4538070866141735
11
3.1731299212598425
21
-2.4657125984251969
0
LINE
8
RED3
6
CONTINUOUS
10
3.1398779527559055
20
-2.6357086614173229
11
3.1398779527559055
21
-2.6642795275590552
0
LINE
8
RED3
6
CONTINUOUS
10
3.1398779527559055
20
-2.649996062992126
11
3.0898779527559057
21
-2.649996062992126
0
LINE
8
RED3
6
CONTINUOUS
10
3.0898779527559057
20
-2.649996062992126
11
3.097023622047244
21
-2.6547559055118111
0
LINE
8
RED3
6
CONTINUOUS
10
3.097023622047244
20
-2.6547559055118111
11
3.1017834645669291
21
-2.6595196850393701
0
LINE
8
RED3
6
CONTINUOUS
10
3.1017834645669291
20
-2.6595196850393701
11
3.1041653543307088
21
-2.6642795275590552
0
LINE
8
RED2
6
CONTINUOUS
10
2.8000000000000003
20
-2.1000000000000001
11
2.6499999999999999
21
-2.1000000000000001
0
LINE
8
CYAN2
6
CONTINUOUS
10
2.8247598425196849
20
-2.0731299212598424
11
2.8533307086614172
21
-2.0731299212598424
0
LINE
8
CYAN2
6
CONTINUOUS
10
2.8390472440944885
20
-2.1231299212598427
11
2.8390472440944885
21
-2.0731299212598424
0
LINE
8
CYAN2
6
CONTINUOUS
10
2.8985669291338585
20
-2.1231299212598427
11
2.8819015748031496
21
-2.0993228346456694
0
LINE
8
CYAN2
6
CONTINUOUS
10
2.8699960629921262
20
-2.1231299212598427
11
2.8699960629921262
21
-2.0731299212598424
0
LINE
8
CYAN2
6
CONTINUOUS
10
2.8699960629921262
20
-2.0731299212598424
11
2.8890433070866144
21
-2.0731299212598424
0
LINE
8
CYAN2
6
CONTINUOUS
10
2.8890433070866144
20
-2.0731299212598424
11
2.8938070866141734
21
-2.0755118110236221
0
LINE
8
CYAN2
6
CONTINUOUS
10
2.8938070866141734
20
-2.0755118110236221
11
2.8961889763779527
21
-2.0778937007874014
0
LINE
8
CYAN2
6
CONTINUOUS
10
2.8961889763779527
20
-2.0778937007874014
11
2.8985669291338585
21
-2.0826535433070865
0
LINE
8
CYAN2
6
CONTINUOUS
10
2.8985669291338585
20
-2.0826535433070865
11
2.8985669291338585
21
-2.0897992125984253
0
LINE
8
CYAN2
6
CONTINUOUS
10
2.8985669291338585
20
-2.0897992125984253
11
2.8961889763779527
21
-2.0945590551181104
0
LINE
8
CYAN2
6
CONTINUOUS
10
2.8961889763779527
20
-2.0945590551181104
11
2.8938070866141734
21
-2.0969409448818896
0
LINE
8
CYAN2
6
CONTINUOUS
10
2.8938070866141734
20
-2.0969409448818896
11
2.8890433070866144
21
-2.0993228346456694
0
LINE
8
CYAN2
6
CONTINUOUS
10
2.8890433070866144
20
-2.0993228346456694
11
2.8699960629921262
21
-2.0993228346456694
0
LINE
8
RED3
6
CONTINUOUS
10
2.7107165354330709
20
-2.0446417322834645
11
2.7130944881889767
21
-2.0422598425196852
0
LINE
8
RED3
6
CONTINUOUS
10
2.7130944881889767
20
-2.0422598425196852
11
2.7178582677165357
21
-2.0398779527559054
0
LINE
8
RED3
6
CONTINUOUS
10
2.7178582677165357
20
-2.0398779527559054
11
2.7297637795275591
21
-2.0398779527559054
0
LINE
8
RED3
6
CONTINUOUS
10
2.7297637795275591
20
-2.0398779527559054
11
2.7345236220472442
21
-2.0422598425196852
0
LINE
8
RED3
6
CONTINUOUS
10
2.7345236220472442
20
-2.0422598425196852
11
2.7369055118110239
21
-2.0446417322834645
0
LINE
8
RED3
6
CONTINUOUS
10
2.7369055118110239
20
-2.0446417322834645
11
2.7392874015748032
21
-2.0494015748031496
0
LINE
8
RED3
6
CONTINUOUS
10
2.7392874015748032
20
-2.0494015748031496
11
2.7392874015748032
21
-2.0541653543307086
0
LINE
8
RED3
6
CONTINUOUS
10
2.7392874015748032
20
-2.0541653543307086
11
2.7369055118110239
21
-2.0613070866141734
0
LINE
8
RED3
6
CONTINUOUS
10
2.7369055118110239
20
-2.0613070866141734
11
2.7083346456692916
21
-2.0898779527559057
0
LINE
8
RED3
6
CONTINUOUS
10
2.7083346456692916
20
-2.0898779527559057
11
2.7392874015748032
21
-2.0898779527559057
0
LINE
8
RED2
6
CONTINUOUS
10
2.8000000000000003
20
-2.3000000000000003
11
2.6499999999999999
21
-2.3000000000000003
0
LINE
8
CYAN2
6
CONTINUOUS
10
2.8604724409448821
20
-2.3183700787401578
11
2.8580944881889763
21
-2.3207519685039371
0
LINE
8
CYAN2
6
CONTINUOUS
10
2.8580944881889763
20
-2.3207519685039371
11
2.850948818897638
21
-2.3231299212598424
0
LINE
8
CYAN2
6
CONTINUOUS
10
2.850948818897638
20
-2.3231299212598424
11
2.8461889763779529
21
-2.3231299212598424
0
LINE
8
CYAN2
6
CONTINUOUS
10
2.8461889763779529
20
-2.3231299212598424
11
2.8390472440944885
21
-2.3207519685039371
0
LINE
8
CYAN2
6
CONTINUOUS
10
2.8390472440944885
20
-2.3207519685039371
11
2.834283464566929
21
-2.315988188976378
0
LINE
8
CYAN2
6
CONTINUOUS
10
2.834283464566929
20
-2.315988188976378
11
2.8319015748031497
21
-2.311224409448819
0
LINE
8
CYAN2
6
CONTINUOUS
10
2.8319015748031497
20
-2.311224409448819
11
2.8295236220472444
21
-2.3017007874015749
0
LINE
8
CYAN2
6
CONTINUOUS
10
2.8295236220472444
20
-2.3017007874015749
11
2.8295236220472444
21
-2.2945590551181105
0
LINE
8
CYAN2
6
CONTINUOUS
10
2.8295236220472444
20
-2.2945590551181105
11
2.8319015748031497
21
-2.2850354330708664
0
LINE
8
CYAN2
6
CONTINUOUS
10
2.8319015748031497
20
-2.2850354330708664
11
2.834283464566929
21
-2.2802755905511813
0
LINE
8
CYAN2
6
CONTINUOUS
10
2.834283464566929
20
-2.2802755905511813
11
2.8390472440944885
21
-2.2755118110236223
0
LINE
8
CYAN2
6
CONTINUOUS
10
2.8390472440944885
20
-2.2755118110236223
11
2.8461889763779529
21
-2.2731299212598426
0
LINE
8
CYAN2
6
CONTINUOUS
10
2.8461889763779529
20
-2.2731299212598426
11
2.850948818897638
21
-2.2731299212598426
0
LINE
8
CYAN2
6
CONTINUOUS
10
2.850948818897638
20
-2.2731299212598426
11
2.8580944881889763
21
-2.2755118110236223
0
LINE
8
CYAN2
6
CONTINUOUS
10
2.8580944881889763
20
-2.2755118110236223
11
2.8604724409448821
21
-2.2778937007874016
0
LINE
8
CYAN2
6
CONTINUOUS
10
2.8747598425196852
20
-2.2731299212598426
11
2.8914251968503937
21
-2.3231299212598424
0
LINE
8
CYAN2
6
CONTINUOUS
10
2.8914251968503937
20
-2.3231299212598424
11
2.9080944881889765
21
-2.2731299212598426
0
LINE
8
RED3
6
CONTINUOUS
10
2.7369055118110239
20
-2.2398779527559056
11
2.7130944881889767
21
-2.2398779527559056
0
LINE
8
RED3
6
CONTINUOUS
10
2.7130944881889767
20
-2.2398779527559056
11
2.7107165354330709
21
-2.2636889763779529
0
LINE
8
RED3
6
CONTINUOUS
10
2.7107165354330709
20
-2.2636889763779529
11
2.7130944881889767
21
-2.2613070866141731
0
LINE
8
RED3
6
CONTINUOUS
10
2.7130944881889767
20
-2.2613070866141731
11
2.7178582677165357
21
-2.2589251968503938
0
LINE
8
RED3
6
CONTINUOUS
10
2.7178582677165357
20
-2.2589251968503938
11
2.7297637795275591
21
-2.2589251968503938
0
LINE
8
RED3
6
CONTINUOUS
10
2.7297637795275591
20
-2.2589251968503938
11
2.7345236220472442
21
-2.2613070866141731
0
LINE
8
RED3
6
CONTINUOUS
10
2.7345236220472442
20
-2.2613070866141731
11
2.7369055118110239
21
-2.2636889763779529
0
LINE
8
RED3
6
CONTINUOUS
10
2.7369055118110239
20
-2.2636889763779529
11
2.7392874015748032
21
-2.2684488188976379
0
LINE
8
RED3
6
CONTINUOUS
10
2.7392874015748032
20
-2.2684488188976379
11
2.7392874015748032
21
-2.2803543307086613
0
LINE
8
RED3
6
CONTINUOUS
10
2.7392874015748032
20
-2.2803543307086613
11
2.7369055118110239
21
-2.2851181102362204
0
LINE
8
RED3
6
CONTINUOUS
10
2.7369055118110239
20
-2.2851181102362204
11
2.7345236220472442
21
-2.2875000000000001
0
LINE
8
RED3
6
CONTINUOUS
10
2.7345236220472442
20
-2.2875000000000001
11
2.7297637795275591
21
-2.2898779527559054
0
LINE
8
RED3
6
CONTINUOUS
10
2.7297637795275591
20
-2.2898779527559054
11
2.7178582677165357
21
-2.2898779527559054
0
LINE
8
RED3
6
CONTINUOUS
10
2.7178582677165357
20
-2.2898779527559054
11
2.7130944881889767
21
-2.2875000000000001
0
LINE
8
RED3
6
CONTINUOUS
10
2.7130944881889767
20
-2.2875000000000001
11
2.7107165354330709
21
-2.2851181102362204
0
CIRCLE
8
RED2
10
2.7749999999999999
20
-2.5
40
0.025
0
LINE
8
RED2
6
CONTINUOUS
10
2.75
20
-2.5
11
2.6499999999999999
21
-2.5
0
LINE
8
CYAN2
6
CONTINUOUS
10
2.8604724409448821
20
-2.5231299212598426
11
2.8438070866141731
21
-2.4993228346456693
0
LINE
8
CYAN2
6
CONTINUOUS
10
2.8319015748031497
20
-2.5231299212598426
11
2.8319015748031497
21
-2.4731299212598428
0
LINE
8
CYAN2
6
CONTINUOUS
10
2.8319015748031497
20
-2.4731299212598428
11
2.850948818897638
21
-2.4731299212598428
0
LINE
8
CYAN2
6
CONTINUOUS
10
2.850948818897638
20
-2.4731299212598428
11
2.855712598425197
21
-2.4755118110236221
0
LINE
8
CYAN2
6
CONTINUOUS
10
2.855712598425197
20
-2.4755118110236221
11
2.8580944881889763
21
-2.4778937007874018
0
LINE
8
CYAN2
6
CONTINUOUS
10
2.8580944881889763
20
-2.4778937007874018
11
2.8604724409448821
21
-2.4826535433070869
0
LINE
8
CYAN2
6
CONTINUOUS
10
2.8604724409448821
20
-2.4826535433070869
11
2.8604724409448821
21
-2.4897992125984252
0
LINE
8
CYAN2
6
CONTINUOUS
10
2.8604724409448821
20
-2.4897992125984252
11
2.8580944881889763
21
-2.4945590551181103
0
LINE
8
CYAN2
6
CONTINUOUS
10
2.8580944881889763
20
-2.4945590551181103
11
2.855712598425197
21
-2.49694094488189
0
LINE
8
CYAN2
6
CONTINUOUS
10
2.855712598425197
20
-2.49694094488189
11
2.850948818897638
21
-2.4993228346456693
0
LINE
8
CYAN2
6
CONTINUOUS
10
2.850948818897638
20
-2.4993228346456693
11
2.8319015748031497
21
-2.4993228346456693
0
LINE
8
RED3
6
CONTINUOUS
10
2.7345236220472442
20
-2.4565472440944882
11
2.7345236220472442
21
-2.4898779527559056
0
LINE
8
RED3
6
CONTINUOUS
10
2.7226181102362204
20
-2.4375
11
2.7107165354330709
21
-2.4732125984251971
0
LINE
8
RED3
6
CONTINUOUS
10
2.7107165354330709
20
-2.4732125984251971
11
2.7416653543307086
21
-2.4732125984251971
0
LINE
8
RED2
6
CONTINUOUS
10
3.5
20
-2.1000000000000001
11
3.6500000000000004
21
-2.1000000000000001
0
LINE
8
CYAN2
6
CONTINUOUS
10
3.4728543307086617
20
-2.1278937007874017
11
3.4680905511811027
21
-2.125511811023622
0
LINE
8
CYAN2
6
CONTINUOUS
10
3.4680905511811027
20
-2.125511811023622
11
3.4633307086614176
21
-2.1207519685039369
0
LINE
8
CYAN2
6
CONTINUOUS
10
3.4633307086614176
20
-2.1207519685039369
11
3.4561889763779527
21
-2.1136062992125986
0
LINE
8
CYAN2
6
CONTINUOUS
10
3.4561889763779527
20
-2.1136062992125986
11
3.4514251968503937
21
-2.1112244094488188
0
LINE
8
CYAN2
6
CONTINUOUS
10
3.4514251968503937
20
-2.1112244094488188
11
3.4466653543307086
21
-2.1112244094488188
0
LINE
8
CYAN2
6
CONTINUOUS
10
3.4490433070866144
20
-2.1231299212598427
11
3.4442834645669294
21
-2.1207519685039369
0
LINE
8
CYAN2
6
CONTINUOUS
10
3.4442834645669294
20
-2.1207519685039369
11
3.4395196850393703
21
-2.1159881889763779
0
LINE
8
CYAN2
6
CONTINUOUS
10
3.4395196850393703
20
-2.1159881889763779
11
3.4371417322834645
21
-2.1064645669291338
0
LINE
8
CYAN2
6
CONTINUOUS
10
3.4371417322834645
20
-2.1064645669291338
11
3.4371417322834645
21
-2.0897992125984253
0
LINE
8
CYAN2
6
CONTINUOUS
10
3.4371417322834645
20
-2.0897992125984253
11
3.4395196850393703
21
-2.0802755905511812
0
LINE
8
CYAN2
6
CONTINUOUS
10
3.4395196850393703
20
-2.0802755905511812
11
3.4442834645669294
21
-2.0755118110236221
0
LINE
8
CYAN2
6
CONTINUOUS
10
3.4442834645669294
20
-2.0755118110236221
11
3.4490433070866144
21
-2.0731299212598424
0
LINE
8
CYAN2
6
CONTINUOUS
10
3.4490433070866144
20
-2.0731299212598424
11
3.4585669291338585
21
-2.0731299212598424
0
LINE
8
CYAN2
6
CONTINUOUS
10
3.4585669291338585
20
-2.0731299212598424
11
3.4633307086614176
21
-2.0755118110236221
0
LINE
8
CYAN2
6
CONTINUOUS
10
3.4633307086614176
20
-2.0755118110236221
11
3.4680905511811027
21
-2.0802755905511812
0
LINE
8
CYAN2
6
CONTINUOUS
10
3.4680905511811027
20
-2.0802755905511812
11
3.4704724409448819
21
-2.0897992125984253
0
LINE
8
CYAN2
6
CONTINUOUS
10
3.4704724409448819
20
-2.0897992125984253
11
3.4704724409448819
21
-2.1064645669291338
0
LINE
8
CYAN2
6
CONTINUOUS
10
3.4704724409448819
20
-2.1064645669291338
11
3.4680905511811027
21
-2.1159881889763779
0
LINE
8
CYAN2
6
CONTINUOUS
10
3.4680905511811027
20
-2.1159881889763779
11
3.4633307086614176
21
-2.1207519685039369
0
LINE
8
CYAN2
6
CONTINUOUS
10
3.4633307086614176
20
-2.1207519685039369
11
3.4585669291338585
21
-2.1231299212598427
0
LINE
8
CYAN2
6
CONTINUOUS
10
3.4585669291338585
20
-2.1231299212598427
11
3.4490433070866144
21
-2.1231299212598427
0
LINE
8
RED3
6
CONTINUOUS
10
3.5583346456692913
20
-2.0398779527559054
11
3.5892874015748033
21
-2.0398779527559054
0
LINE
8
RED3
6
CONTINUOUS
10
3.5892874015748033
20
-2.0398779527559054
11
3.5726181102362204
21
-2.0589251968503937
0
LINE
8
RED3
6
CONTINUOUS
10
3.5726181102362204
20
-2.0589251968503937
11
3.5797637795275592
21
-2.0589251968503937
0
LINE
8
RED3
6
CONTINUOUS
10
3.5797637795275592
20
-2.0589251968503937
11
3.5845236220472443
21
-2.0613070866141734
0
LINE
8
RED3
6
CONTINUOUS
10
3.5845236220472443
20
-2.0613070866141734
11
3.5869055118110236
21
-2.0636889763779527
0
LINE
8
RED3
6
CONTINUOUS
10
3.5869055118110236
20
-2.0636889763779527
11
3.5892874015748033
21
-2.0684488188976378
0
LINE
8
RED3
6
CONTINUOUS
10
3.5892874015748033
20
-2.0684488188976378
11
3.5892874015748033
21
-2.0803543307086616
0
LINE
8
RED3
6
CONTINUOUS
10
3.5892874015748033
20
-2.0803543307086616
11
3.5869055118110236
21
-2.0851181102362206
0
LINE
8
RED3
6
CONTINUOUS
10
3.5869055118110236
20
-2.0851181102362206
11
3.5845236220472443
21
-2.0874999999999999
0
LINE
8
RED3
6
CONTINUOUS
10
3.5845236220472443
20
-2.0874999999999999
11
3.5797637795275592
21
-2.0898779527559057
0
LINE
8
RED3
6
CONTINUOUS
10
3.5797637795275592
20
-2.0898779527559057
11
3.5654763779527561
21
-2.0898779527559057
0
LINE
8
RED3
6
CONTINUOUS
10
3.5654763779527561
20
-2.0898779527559057
11
3.560716535433071
21
-2.0874999999999999
0
LINE
8
RED3
6
CONTINUOUS
10
3.560716535433071
20
-2.0874999999999999
11
3.5583346456692913
21
-2.0851181102362206
0
LINE
8
RED2
6
CONTINUOUS
10
3.5
20
-2.3000000000000003
11
3.6500000000000004
21
-2.3000000000000003
0
LINE
8
CYAN2
6
CONTINUOUS
10
3.3704724409448819
20
-2.3231299212598424
11
3.3704724409448819
21
-2.2731299212598426
0
LINE
8
CYAN2
6
CONTINUOUS
10
3.3704724409448819
20
-2.2731299212598426
11
3.3823779527559057
21
-2.2731299212598426
0
LINE
8
CYAN2
6
CONTINUOUS
10
3.3823779527559057
20
-2.2731299212598426
11
3.3895196850393701
21
-2.2755118110236223
0
LINE
8
CYAN2
6
CONTINUOUS
10
3.3895196850393701
20
-2.2755118110236223
11
3.3942834645669291
21
-2.2802755905511813
0
LINE
8
CYAN2
6
CONTINUOUS
10
3.3942834645669291
20
-2.2802755905511813
11
3.3966653543307088
21
-2.2850354330708664
0
LINE
8
CYAN2
6
CONTINUOUS
10
3.3966653543307088
20
-2.2850354330708664
11
3.3990433070866142
21
-2.2945590551181105
0
LINE
8
CYAN2
6
CONTINUOUS
10
3.3990433070866142
20
-2.2945590551181105
11
3.3990433070866142
21
-2.3017007874015749
0
LINE
8
CYAN2
6
CONTINUOUS
10
3.3990433070866142
20
-2.3017007874015749
11
3.3966653543307088
21
-2.311224409448819
0
LINE
8
CYAN2
6
CONTINUOUS
10
3.3966653543307088
20
-2.311224409448819
11
3.3942834645669291
21
-2.315988188976378
0
LINE
8
CYAN2
6
CONTINUOUS
10
3.3942834645669291
20
-2.315988188976378
11
3.3895196850393701
21
-2.3207519685039371
0
LINE
8
CYAN2
6
CONTINUOUS
10
3.3895196850393701
20
-2.3207519685039371
11
3.3823779527559057
21
-2.3231299212598424
0
LINE
8
CYAN2
6
CONTINUOUS
10
3.3823779527559057
20
-2.3231299212598424
11
3.3704724409448819
21
-2.3231299212598424
0
LINE
8
CYAN2
6
CONTINUOUS
10
3.4204724409448821
20
-2.3231299212598424
11
3.4204724409448821
21
-2.2731299212598426
0
LINE
8
CYAN2
6
CONTINUOUS
10
3.4419055118110236
20
-2.3207519685039371
11
3.4490472440944884
21
-2.3231299212598424
0
LINE
8
CYAN2
6
CONTINUOUS
10
3.4490472440944884
20
-2.3231299212598424
11
3.4609527559055118
21
-2.3231299212598424
0
LINE
8
CYAN2
6
CONTINUOUS
10
3.4609527559055118
20
-2.3231299212598424
11
3.4657125984251969
21
-2.3207519685039371
0
LINE
8
CYAN2
6
CONTINUOUS
10
3.4657125984251969
20
-2.3207519685039371
11
3.4680944881889766
21
-2.3183700787401578
0
LINE
8
CYAN2
6
CONTINUOUS
10
3.4680944881889766
20
-2.3183700787401578
11
3.4704763779527559
21
-2.3136062992125983
0
LINE
8
CYAN2
6
CONTINUOUS
10
3.4704763779527559
20
-2.3136062992125983
11
3.4704763779527559
21
-2.3088464566929137
0
LINE
8
CYAN2
6
CONTINUOUS
10
3.4704763779527559
20
-2.3088464566929137
11
3.4680944881889766
21
-2.3040826771653542
0
LINE
8
CYAN2
6
CONTINUOUS
10
3.4680944881889766
20
-2.3040826771653542
11
3.4657125984251969
21
-2.3017007874015749
0
LINE
8
CYAN2
6
CONTINUOUS
10
3.4657125984251969
20
-2.3017007874015749
11
3.4609527559055118
21
-2.2993228346456696
0
LINE
8
CYAN2
6
CONTINUOUS
10
3.4609527559055118
20
-2.2993228346456696
11
3.4514291338582677
21
-2.2969409448818898
0
LINE
8
CYAN2
6
CONTINUOUS
10
3.4514291338582677
20
-2.2969409448818898
11
3.4466653543307086
21
-2.2945590551181105
0
LINE
8
CYAN2
6
CONTINUOUS
10
3.4466653543307086
20
-2.2945590551181105
11
3.4442834645669294
21
-2.2921771653543308
0
LINE
8
CYAN2
6
CONTINUOUS
10
3.4442834645669294
20
-2.2921771653543308
11
3.4419055118110236
21
-2.2874173228346457
0
LINE
8
CYAN2
6
CONTINUOUS
10
3.4419055118110236
20
-2.2874173228346457
11
3.4419055118110236
21
-2.2826535433070867
0
LINE
8
CYAN2
6
CONTINUOUS
10
3.4419055118110236
20
-2.2826535433070867
11
3.4442834645669294
21
-2.2778937007874016
0
LINE
8
CYAN2
6
CONTINUOUS
10
3.4442834645669294
20
-2.2778937007874016
11
3.4466653543307086
21
-2.2755118110236223
0
LINE
8
CYAN2
6
CONTINUOUS
10
3.4466653543307086
20
-2.2755118110236223
11
3.4514291338582677
21
-2.2731299212598426
0
LINE
8
CYAN2
6
CONTINUOUS
10
3.4514291338582677
20
-2.2731299212598426
11
3.4633307086614176
21
-2.2731299212598426
0
LINE
8
CYAN2
6
CONTINUOUS
10
3.4633307086614176
20
-2.2731299212598426
11
3.4704763779527559
21
-2.2755118110236223
0
LINE
8
RED3
6
CONTINUOUS
10
3.5583346456692913
20
-2.2398779527559056
11
3.5916653543307087
21
-2.2398779527559056
0
LINE
8
RED3
6
CONTINUOUS
10
3.5916653543307087
20
-2.2398779527559056
11
3.5702401574803151
21
-2.2898779527559054
0
LINE
8
RED2
6
CONTINUOUS
10
3.5
20
-2.5
11
3.6500000000000004
21
-2.5
0
LINE
8
CYAN2
6
CONTINUOUS
10
3.3442834645669293
20
-2.4731299212598428
11
3.3728543307086616
21
-2.4731299212598428
0
LINE
8
CYAN2
6
CONTINUOUS
10
3.3585708661417324
20
-2.5231299212598426
11
3.3585708661417324
21
-2.4731299212598428
0
LINE
8
CYAN2
6
CONTINUOUS
10
3.3895196850393701
20
-2.5231299212598426
11
3.3895196850393701
21
-2.4731299212598428
0
LINE
8
CYAN2
6
CONTINUOUS
10
3.3895196850393701
20
-2.49694094488189
11
3.4180905511811024
21
-2.49694094488189
0
LINE
8
CYAN2
6
CONTINUOUS
10
3.4180905511811024
20
-2.5231299212598426
11
3.4180905511811024
21
-2.4731299212598428
0
LINE
8
CYAN2
6
CONTINUOUS
10
3.4704724409448819
20
-2.5231299212598426
11
3.4538070866141735
21
-2.4993228346456693
0
LINE
8
CYAN2
6
CONTINUOUS
10
3.4419015748031496
20
-2.5231299212598426
11
3.4419015748031496
21
-2.4731299212598428
0
LINE
8
CYAN2
6
CONTINUOUS
10
3.4419015748031496
20
-2.4731299212598428
11
3.4609488188976378
21
-2.4731299212598428
0
LINE
8
CYAN2
6
CONTINUOUS
10
3.4609488188976378
20
-2.4731299212598428
11
3.4657125984251969
21
-2.4755118110236221
0
LINE
8
CYAN2
6
CONTINUOUS
10
3.4657125984251969
20
-2.4755118110236221
11
3.4680944881889766
21
-2.4778937007874018
0
LINE
8
CYAN2
6
CONTINUOUS
10
3.4680944881889766
20
-2.4778937007874018
11
3.4704724409448819
21
-2.4826535433070869
0
LINE
8
CYAN2
6
CONTINUOUS
10
3.4704724409448819
20
-2.4826535433070869
11
3.4704724409448819
21
-2.4897992125984252
0
LINE
8
CYAN2
6
CONTINUOUS
10
3.4704724409448819
20
-2.4897992125984252
11
3.4680944881889766
21
-2.4945590551181103
0
LINE
8
CYAN2
6
CONTINUOUS
10
3.4680944881889766
20
-2.4945590551181103
11
3.4657125984251969
21
-2.49694094488189
0
LINE
8
CYAN2
6
CONTINUOUS
10
3.4657125984251969
20
-2.49694094488189
11
3.4609488188976378
21
-2.4993228346456693
0
LINE
8
CYAN2
6
CONTINUOUS
10
3.4609488188976378
20
-2.4993228346456693
11
3.4419015748031496
21
-2.4993228346456693
0
LINE
8
RED3
6
CONTINUOUS
10
3.5845236220472443
20
-2.4398779527559058
11
3.5750000000000002
21
-2.4398779527559058
0
LINE
8
RED3
6
CONTINUOUS
10
3.5750000000000002
20
-2.4398779527559058
11
3.5702401574803151
21
-2.4422598425196851
0
LINE
8
RED3
6
CONTINUOUS
10
3.5702401574803151
20
-2.4422598425196851
11
3.5678582677165354
21
-2.4446417322834648
0
LINE
8
RED3
6
CONTINUOUS
10
3.5678582677165354
20
-2.4446417322834648
11
3.5630944881889763
21
-2.4517834645669292
0
LINE
8
RED3
6
CONTINUOUS
10
3.5630944881889763
20
-2.4517834645669292
11
3.560716535433071
21
-2.4613070866141733
0
LINE
8
RED3
6
CONTINUOUS
10
3.560716535433071
20
-2.4613070866141733
11
3.560716535433071
21
-2.4803543307086615
0
LINE
8
RED3
6
CONTINUOUS
10
3.560716535433071
20
-2.4803543307086615
11
3.5630944881889763
21
-2.4851181102362205
0
LINE
8
RED3
6
CONTINUOUS
10
3.5630944881889763
20
-2.4851181102362205
11
3.5654763779527561
21
-2.4875000000000003
0
LINE
8
RED3
6
CONTINUOUS
10
3.5654763779527561
20
-2.4875000000000003
11
3.5702401574803151
21
-2.4898779527559056
0
LINE
8
RED3
6
CONTINUOUS
10
3.5702401574803151
20
-2.4898779527559056
11
3.5797637795275592
21
-2.4898779527559056
0
LINE
8
RED3
6
CONTINUOUS
10
3.5797637795275592
20
-2.4898779527559056
11
3.5845236220472443
21
-2.4875000000000003
0
LINE
8
RED3
6
CONTINUOUS
10
3.5845236220472443
20
-2.4875000000000003
11
3.5869055118110236
21
-2.4851181102362205
0
LINE
8
RED3
6
CONTINUOUS
10
3.5869055118110236
20
-2.4851181102362205
11
3.5892874015748033
21
-2.4803543307086615
0
LINE
8
RED3
6
CONTINUOUS
10
3.5892874015748033
20
-2.4803543307086615
11
3.5892874015748033
21
-2.4684488188976377
0
LINE
8
RED3
6
CONTINUOUS
10
3.5892874015748033
20
-2.4684488188976377
11
3.5869055118110236
21
-2.463688976377953
0
LINE
8
RED3
6
CONTINUOUS
10
3.5869055118110236
20
-2.463688976377953
11
3.5845236220472443
21
-2.4613070866141733
0
LINE
8
RED3
6
CONTINUOUS
10
3.5845236220472443
20
-2.4613070866141733
11
3.5797637795275592
21
-2.458925196850394
0
LINE
8
RED3
6
CONTINUOUS
10
3.5797637795275592
20
-2.458925196850394
11
3.5702401574803151
21
-2.458925196850394
0
LINE
8
RED3
6
CONTINUOUS
10
3.5702401574803151
20
-2.458925196850394
11
3.5654763779527561
21
-2.4613070866141733
0
LINE
8
RED3
6
CONTINUOUS
10
3.5654763779527561
20
-2.4613070866141733
11
3.5630944881889763
21
-2.463688976377953
0
LINE
8
RED3
6
CONTINUOUS
10
3.5630944881889763
20
-2.463688976377953
11
3.560716535433071
21
-2.4684488188976377
0
LINE
8
CYAN2
6
CONTINUOUS
10
2.7448503937007875
20
-2.7180393700787402
11
2.7424724409448822
21
-2.7204212598425199
0
LINE
8
CYAN2
6
CONTINUOUS
10
2.7424724409448822
20
-2.7204212598425199
11
2.7353267716535434
21
-2.7227992125984253
0
LINE
8
CYAN2
6
CONTINUOUS
10
2.7353267716535434
20
-2.7227992125984253
11
2.7305669291338583
21
-2.7227992125984253
0
LINE
8
CYAN2
6
CONTINUOUS
10
2.7305669291338583
20
-2.7227992125984253
11
2.723425196850394
21
-2.7204212598425199
0
LINE
8
CYAN2
6
CONTINUOUS
10
2.723425196850394
20
-2.7204212598425199
11
2.718661417322835
21
-2.7156574803149609
0
LINE
8
CYAN2
6
CONTINUOUS
10
2.718661417322835
20
-2.7156574803149609
11
2.7162795275590552
21
-2.7108937007874019
0
LINE
8
CYAN2
6
CONTINUOUS
10
2.7162795275590552
20
-2.7108937007874019
11
2.7139015748031499
21
-2.7013700787401578
0
LINE
8
CYAN2
6
CONTINUOUS
10
2.7139015748031499
20
-2.7013700787401578
11
2.7139015748031499
21
-2.694228346456693
0
LINE
8
CYAN2
6
CONTINUOUS
10
2.7139015748031499
20
-2.694228346456693
11
2.7162795275590552
21
-2.6847047244094489
0
LINE
8
CYAN2
6
CONTINUOUS
10
2.7162795275590552
20
-2.6847047244094489
11
2.718661417322835
21
-2.6799448818897638
0
LINE
8
CYAN2
6
CONTINUOUS
10
2.718661417322835
20
-2.6799448818897638
11
2.723425196850394
21
-2.6751811023622047
0
LINE
8
CYAN2
6
CONTINUOUS
10
2.723425196850394
20
-2.6751811023622047
11
2.7305669291338583
21
-2.6727992125984255
0
LINE
8
CYAN2
6
CONTINUOUS
10
2.7305669291338583
20
-2.6727992125984255
11
2.7353267716535434
21
-2.6727992125984255
0
LINE
8
CYAN2
6
CONTINUOUS
10
2.7353267716535434
20
-2.6727992125984255
11
2.7424724409448822
21
-2.6751811023622047
0
LINE
8
CYAN2
6
CONTINUOUS
10
2.7424724409448822
20
-2.6751811023622047
11
2.7448503937007875
21
-2.6775629921259845
0
LINE
8
CYAN2
6
CONTINUOUS
10
2.787708661417323
20
-2.6894685039370079
11
2.787708661417323
21
-2.7227992125984253
0
LINE
8
CYAN2
6
CONTINUOUS
10
2.7758031496062991
20
-2.6704212598425197
11
2.7639015748031497
21
-2.7061338582677168
0
LINE
8
CYAN2
6
CONTINUOUS
10
2.7639015748031497
20
-2.7061338582677168
11
2.7948503937007874
21
-2.7061338582677168
0
LINE
8
CYAN2
6
CONTINUOUS
10
2.7258031496062993
20
-2.7727992125984251
11
2.7305669291338583
21
-2.7727992125984251
0
LINE
8
CYAN2
6
CONTINUOUS
10
2.7305669291338583
20
-2.7727992125984251
11
2.7353267716535434
21
-2.7751811023622048
0
LINE
8
CYAN2
6
CONTINUOUS
10
2.7353267716535434
20
-2.7751811023622048
11
2.7377086614173227
21
-2.7775629921259846
0
LINE
8
CYAN2
6
CONTINUOUS
10
2.7377086614173227
20
-2.7775629921259846
11
2.7400905511811025
21
-2.7823228346456692
0
LINE
8
CYAN2
6
CONTINUOUS
10
2.7400905511811025
20
-2.7823228346456692
11
2.7424724409448822
21
-2.7918464566929133
0
LINE
8
CYAN2
6
CONTINUOUS
10
2.7424724409448822
20
-2.7918464566929133
11
2.7424724409448822
21
-2.8037519685039372
0
LINE
8
CYAN2
6
CONTINUOUS
10
2.7424724409448822
20
-2.8037519685039372
11
2.7400905511811025
21
-2.8132755905511813
0
LINE
8
CYAN2
6
CONTINUOUS
10
2.7400905511811025
20
-2.8132755905511813
11
2.7377086614173227
21
-2.8180393700787403
0
LINE
8
CYAN2
6
CONTINUOUS
10
2.7377086614173227
20
-2.8180393700787403
11
2.7353267716535434
21
-2.82042125984252
0
LINE
8
CYAN2
6
CONTINUOUS
10
2.7353267716535434
20
-2.82042125984252
11
2.7305669291338583
21
-2.8227992125984254
0
LINE
8
CYAN2
6
CONTINUOUS
10
2.7305669291338583
20
-2.8227992125984254
11
2.7258031496062993
21
-2.8227992125984254
0
LINE
8
CYAN2
6
CONTINUOUS
10
2.7258031496062993
20
-2.8227992125984254
11
2.7210433070866142
21
-2.82042125984252
0
LINE
8
CYAN2
6
CONTINUOUS
10
2.7210433070866142
20
-2.82042125984252
11
2.718661417322835
21
-2.8180393700787403
0
LINE
8
CYAN2
6
CONTINUOUS
10
2.718661417322835
20
-2.8180393700787403
11
2.7162795275590552
21
-2.8132755905511813
0
LINE
8
CYAN2
6
CONTINUOUS
10
2.7162795275590552
20
-2.8132755905511813
11
2.7139015748031499
21
-2.8037519685039372
0
LINE
8
CYAN2
6
CONTINUOUS
10
2.7139015748031499
20
-2.8037519685039372
11
2.7139015748031499
21
-2.7918464566929133
0
LINE
8
CYAN2
6
CONTINUOUS
10
2.7139015748031499
20
-2.7918464566929133
11
2.7162795275590552
21
-2.7823228346456692
0
LINE
8
CYAN2
6
CONTINUOUS
10
2.7162795275590552
20
-2.7823228346456692
11
2.718661417322835
21
-2.7775629921259846
0
LINE
8
CYAN2
6
CONTINUOUS
10
2.718661417322835
20
-2.7775629921259846
11
2.7210433070866142
21
-2.7751811023622048
0
LINE
8
CYAN2
6
CONTINUOUS
10
2.7210433070866142
20
-2.7751811023622048
11
2.7258031496062993
21
-2.7727992125984251
0
LINE
8
CYAN2
6
CONTINUOUS
10
2.7638976377952758
20
-2.8180393700787403
11
2.766279527559055
21
-2.82042125984252
0
LINE
8
CYAN2
6
CONTINUOUS
10
2.766279527559055
20
-2.82042125984252
11
2.7638976377952758
21
-2.8227992125984254
0
LINE
8
CYAN2
6
CONTINUOUS
10
2.7638976377952758
20
-2.8227992125984254
11
2.7615196850393704
21
-2.82042125984252
0
LINE
8
CYAN2
6
CONTINUOUS
10
2.7615196850393704
20
-2.82042125984252
11
2.7638976377952758
21
-2.8180393700787403
0
LINE
8
CYAN2
6
CONTINUOUS
10
2.7638976377952758
20
-2.8180393700787403
11
2.7638976377952758
21
-2.8227992125984254
0
LINE
8
CYAN2
6
CONTINUOUS
10
2.7972322834645671
20
-2.7727992125984251
11
2.8019960629921261
21
-2.7727992125984251
0
LINE
8
CYAN2
6
CONTINUOUS
10
2.8019960629921261
20
-2.7727992125984251
11
2.8067559055118112
21
-2.7751811023622048
0
LINE
8
CYAN2
6
CONTINUOUS
10
2.8067559055118112
20
-2.7751811023622048
11
2.8091377952755905
21
-2.7775629921259846
0
LINE
8
CYAN2
6
CONTINUOUS
10
2.8091377952755905
20
-2.7775629921259846
11
2.8115196850393702
21
-2.7823228346456692
0
LINE
8
CYAN2
6
CONTINUOUS
10
2.8115196850393702
20
-2.7823228346456692
11
2.8139015748031495
21
-2.7918464566929133
0
LINE
8
CYAN2
6
CONTINUOUS
10
2.8139015748031495
20
-2.7918464566929133
11
2.8139015748031495
21
-2.8037519685039372
0
LINE
8
CYAN2
6
CONTINUOUS
10
2.8139015748031495
20
-2.8037519685039372
11
2.8115196850393702
21
-2.8132755905511813
0
LINE
8
CYAN2
6
CONTINUOUS
10
2.8115196850393702
20
-2.8132755905511813
11
2.8091377952755905
21
-2.8180393700787403
0
LINE
8
CYAN2
6
CONTINUOUS
10
2.8091377952755905
20
-2.8180393700787403
11
2.8067559055118112
21
-2.82042125984252
0
LINE
8
CYAN2
6
CONTINUOUS
10
2.8067559055118112
20
-2.82042125984252
11
2.8019960629921261
21
-2.8227992125984254
0
LINE
8
CYAN2
6
CONTINUOUS
10
2.8019960629921261
20
-2.8227992125984254
11
2.7972322834645671
21
-2.8227992125984254
0
LINE
8
CYAN2
6
CONTINUOUS
10
2.7972322834645671
20
-2.8227992125984254
11
2.792472440944882
21
-2.82042125984252
0
LINE
8
CYAN2
6
CONTINUOUS
10
2.792472440944882
20
-2.82042125984252
11
2.7900905511811023
21
-2.8180393700787403
0
LINE
8
CYAN2
6
CONTINUOUS
10
2.7900905511811023
20
-2.8180393700787403
11
2.787708661417323
21
-2.8132755905511813
0
LINE
8
CYAN2
6
CONTINUOUS
10
2.787708661417323
20
-2.8132755905511813
11
2.7853307086614176
21
-2.8037519685039372
0
LINE
8
CYAN2
6
CONTINUOUS
10
2.7853307086614176
20
-2.8037519685039372
11
2.7853307086614176
21
-2.7918464566929133
0
LINE
8
CYAN2
6
CONTINUOUS
10
2.7853307086614176
20
-2.7918464566929133
11
2.787708661417323
21
-2.7823228346456692
0
LINE
8
CYAN2
6
CONTINUOUS
10
2.787708661417323
20
-2.7823228346456692
11
2.7900905511811023
21
-2.7775629921259846
0
LINE
8
CYAN2
6
CONTINUOUS
10
2.7900905511811023
20
-2.7775629921259846
11
2.792472440944882
21
-2.7751811023622048
0
LINE
8
CYAN2
6
CONTINUOUS
10
2.792472440944882
20
-2.7751811023622048
11
2.7972322834645671
21
-2.7727992125984251
0
LINE
8
CYAN2
6
CONTINUOUS
10
2.86151968503937
20
-2.8227992125984254
11
2.8329488188976377
21
-2.8227992125984254
0
LINE
8
CYAN2
6
CONTINUOUS
10
2.8472322834645669
20
-2.8227992125984254
11
2.8472322834645669
21
-2.7727992125984251
0
LINE
8
CYAN2
6
CONTINUOUS
10
2.8472322834645669
20
-2.7727992125984251
11
2.8424724409448818
21
-2.7799448818897639
0
LINE
8
CYAN2
6
CONTINUOUS
10
2.8424724409448818
20
-2.7799448818897639
11
2.8377086614173228
21
-2.7847047244094489
0
LINE
8
CYAN2
6
CONTINUOUS
10
2.8377086614173228
20
-2.7847047244094489
11
2.8329488188976377
21
-2.7870866141732287
0
LINE
8
CYAN2
6
CONTINUOUS
10
2.9043740157480316
20
-2.789468503937008
11
2.9043740157480316
21
-2.8227992125984254
0
LINE
8
CYAN2
6
CONTINUOUS
10
2.8829448818897641
20
-2.789468503937008
11
2.8829448818897641
21
-2.8156574803149605
0
LINE
8
CYAN2
6
CONTINUOUS
10
2.8829448818897641
20
-2.8156574803149605
11
2.8853267716535433
21
-2.82042125984252
0
LINE
8
CYAN2
6
CONTINUOUS
10
2.8853267716535433
20
-2.82042125984252
11
2.8900905511811024
21
-2.8227992125984254
0
LINE
8
CYAN2
6
CONTINUOUS
10
2.8900905511811024
20
-2.8227992125984254
11
2.8972322834645672
21
-2.8227992125984254
0
LINE
8
CYAN2
6
CONTINUOUS
10
2.8972322834645672
20
-2.8227992125984254
11
2.9019921259842523
21
-2.82042125984252
0
LINE
8
CYAN2
6
CONTINUOUS
10
2.9019921259842523
20
-2.82042125984252
11
2.9043740157480316
21
-2.8180393700787403
0
LINE
8
CYAN2
6
CONTINUOUS
10
2.9448503937007877
20
-2.7966102362204723
11
2.9281811023622049
21
-2.7966102362204723
0
LINE
8
CYAN2
6
CONTINUOUS
10
2.9281811023622049
20
-2.8227992125984254
11
2.9281811023622049
21
-2.7727992125984251
0
LINE
8
CYAN2
6
CONTINUOUS
10
2.9281811023622049
20
-2.7727992125984251
11
2.9519921259842521
21
-2.7727992125984251
0
LINE
8
RED2
6
CONTINUOUS
10
2.5500000000000003
20
-2.71
11
2.5500000000000003
21
-2.6000000000000001
0
LINE
8
RED2
6
CONTINUOUS
10
2.5500000000000003
20
-2.79
11
2.5500000000000003
21
-2.8999999999999999
0
LINE
8
CYAN2
6
CONTINUOUS
10
9.0506614173228357
20
-1.7728031496062993
11
9.0506614173228357
21
-1.8132795275590552
0
LINE
8
CYAN2
6
CONTINUOUS
10
9.0506614173228357
20
-1.8132795275590552
11
9.0530433070866145
21
-1.8180433070866142
0
LINE
8
CYAN2
6
CONTINUOUS
10
9.0530433070866145
20
-1.8180433070866142
11
9.0554251968503934
21
-1.8204251968503937
0
LINE
8
CYAN2
6
CONTINUOUS
10
9.0554251968503934
20
-1.8204251968503937
11
9.0601850393700794
21
-1.8228031496062993
0
LINE
8
CYAN2
6
CONTINUOUS
10
9.0601850393700794
20
-1.8228031496062993
11
9.069708661417323
21
-1.8228031496062993
0
LINE
8
CYAN2
6
CONTINUOUS
10
9.069708661417323
20
-1.8228031496062993
11
9.0744724409448825
21
-1.8204251968503937
0
LINE
8
CYAN2
6
CONTINUOUS
10
9.0744724409448825
20
-1.8204251968503937
11
9.0768543307086613
21
-1.8180433070866142
0
LINE
8
CYAN2
6
CONTINUOUS
10
9.0768543307086613
20
-1.8180433070866142
11
9.0792322834645667
21
-1.8132795275590552
0
LINE
8
CYAN2
6
CONTINUOUS
10
9.0792322834645667
20
-1.8132795275590552
11
9.0792322834645667
21
-1.7728031496062993
0
LINE
8
CYAN2
6
CONTINUOUS
10
9.1006653543307099
20
-1.7775669291338583
11
9.1030433070866152
21
-1.7751850393700788
0
LINE
8
CYAN2
6
CONTINUOUS
10
9.1030433070866152
20
-1.7751850393700788
11
9.1078070866141729
21
-1.7728031496062993
0
LINE
8
CYAN2
6
CONTINUOUS
10
9.1078070866141729
20
-1.7728031496062993
11
9.1197125984251972
21
-1.7728031496062993
0
LINE
8
CYAN2
6
CONTINUOUS
10
9.1197125984251972
20
-1.7728031496062993
11
9.1244724409448814
21
-1.7751850393700788
0
LINE
8
CYAN2
6
CONTINUOUS
10
9.1244724409448814
20
-1.7751850393700788
11
9.126854330708662
21
-1.7775669291338583
0
LINE
8
CYAN2
6
CONTINUOUS
10
9.126854330708662
20
-1.7775669291338583
11
9.1292362204724409
21
-1.7823267716535434
0
LINE
8
CYAN2
6
CONTINUOUS
10
9.1292362204724409
20
-1.7823267716535434
11
9.1292362204724409
21
-1.7870905511811024
0
LINE
8
CYAN2
6
CONTINUOUS
10
9.1292362204724409
20
-1.7870905511811024
11
9.126854330708662
21
-1.794232283464567
0
LINE
8
CYAN2
6
CONTINUOUS
10
9.126854330708662
20
-1.794232283464567
11
9.0982834645669293
21
-1.8228031496062993
0
LINE
8
CYAN2
6
CONTINUOUS
10
9.0982834645669293
20
-1.8228031496062993
11
9.1292362204724409
21
-1.8228031496062993
0
LINE
8
CYAN2
6
CONTINUOUS
10
9.1720905511811033
20
-1.7894724409448819
11
9.1720905511811033
21
-1.8228031496062993
0
LINE
8
CYAN2
6
CONTINUOUS
10
9.160185039370079
20
-1.7704251968503937
11
9.14828346456693
21
-1.8061377952755906
0
LINE
8
CYAN2
6
CONTINUOUS
10
9.14828346456693
20
-1.8061377952755906
11
9.1792322834645681
21
-1.8061377952755906
0
LINE
8
CYAN2
6
CONTINUOUS
10
9.0744724409448825
20
-1.9228031496062994
11
9.0506614173228357
21
-1.9228031496062994
0
LINE
8
CYAN2
6
CONTINUOUS
10
9.0506614173228357
20
-1.9228031496062994
11
9.0506614173228357
21
-1.8728031496062993
0
LINE
8
CYAN2
6
CONTINUOUS
10
9.091137795275591
20
-1.9228031496062994
11
9.091137795275591
21
-1.8728031496062993
0
LINE
8
CYAN2
6
CONTINUOUS
10
9.091137795275591
20
-1.8728031496062993
11
9.1078070866141729
21
-1.9085196850393702
0
LINE
8
CYAN2
6
CONTINUOUS
10
9.1078070866141729
20
-1.9085196850393702
11
9.1244724409448814
21
-1.8728031496062993
0
LINE
8
CYAN2
6
CONTINUOUS
10
9.1244724409448814
20
-1.8728031496062993
11
9.1244724409448814
21
-1.9228031496062994
0
LINE
8
CYAN2
6
CONTINUOUS
10
9.1720905511811033
20
-1.8728031496062993
11
9.1482795275590547
21
-1.8728031496062993
0
LINE
8
CYAN2
6
CONTINUOUS
10
9.1482795275590547
20
-1.8728031496062993
11
9.1459015748031494
21
-1.8966141732283466
0
LINE
8
CYAN2
6
CONTINUOUS
10
9.1459015748031494
20
-1.8966141732283466
11
9.1482795275590547
21
-1.8942322834645671
0
LINE
8
CYAN2
6
CONTINUOUS
10
9.1482795275590547
20
-1.8942322834645671
11
9.1530433070866142
21
-1.8918503937007876
0
LINE
8
CYAN2
6
CONTINUOUS
10
9.1530433070866142
20
-1.8918503937007876
11
9.1649488188976385
21
-1.8918503937007876
0
LINE
8
CYAN2
6
CONTINUOUS
10
9.1649488188976385
20
-1.8918503937007876
11
9.1697086614173227
21
-1.8942322834645671
0
LINE
8
CYAN2
6
CONTINUOUS
10
9.1697086614173227
20
-1.8942322834645671
11
9.1720905511811033
21
-1.8966141732283466
0
LINE
8
CYAN2
6
CONTINUOUS
10
9.1720905511811033
20
-1.8966141732283466
11
9.1744724409448821
21
-1.9013740157480317
0
LINE
8
CYAN2
6
CONTINUOUS
10
9.1744724409448821
20
-1.9013740157480317
11
9.1744724409448821
21
-1.9132795275590553
0
LINE
8
CYAN2
6
CONTINUOUS
10
9.1744724409448821
20
-1.9132795275590553
11
9.1720905511811033
21
-1.9180433070866143
0
LINE
8
CYAN2
6
CONTINUOUS
10
9.1720905511811033
20
-1.9180433070866143
11
9.1697086614173227
21
-1.9204251968503938
0
LINE
8
CYAN2
6
CONTINUOUS
10
9.1697086614173227
20
-1.9204251968503938
11
9.1649488188976385
21
-1.9228031496062994
0
LINE
8
CYAN2
6
CONTINUOUS
10
9.1649488188976385
20
-1.9228031496062994
11
9.1530433070866142
21
-1.9228031496062994
0
LINE
8
CYAN2
6
CONTINUOUS
10
9.1530433070866142
20
-1.9228031496062994
11
9.1482795275590547
21
-1.9204251968503938
0
LINE
8
CYAN2
6
CONTINUOUS
10
9.1482795275590547
20
-1.9204251968503938
11
9.1459015748031494
21
-1.9180433070866143
0
LINE
8
CYAN2
6
CONTINUOUS
10
9.2197086614173234
20
-1.8728031496062993
11
9.1958976377952766
21
-1.8728031496062993
0
LINE
8
CYAN2
6
CONTINUOUS
10
9.1958976377952766
20
-1.8728031496062993
11
9.1935196850393712
21
-1.8966141732283466
0
LINE
8
CYAN2
6
CONTINUOUS
10
9.1935196850393712
20
-1.8966141732283466
11
9.1958976377952766
21
-1.8942322834645671
0
LINE
8
CYAN2
6
CONTINUOUS
10
9.1958976377952766
20
-1.8942322834645671
11
9.2006614173228343
21
-1.8918503937007876
0
LINE
8
CYAN2
6
CONTINUOUS
10
9.2006614173228343
20
-1.8918503937007876
11
9.2125669291338586
21
-1.8918503937007876
0
LINE
8
CYAN2
6
CONTINUOUS
10
9.2125669291338586
20
-1.8918503937007876
11
9.2173267716535445
21
-1.8942322834645671
0
LINE
8
CYAN2
6
CONTINUOUS
10
9.2173267716535445
20
-1.8942322834645671
11
9.2197086614173234
21
-1.8966141732283466
0
LINE
8
CYAN2
6
CONTINUOUS
10
9.2197086614173234
20
-1.8966141732283466
11
9.2220905511811022
21
-1.9013740157480317
0
LINE
8
CYAN2
6
CONTINUOUS
10
9.2220905511811022
20
-1.9013740157480317
11
9.2220905511811022
21
-1.9132795275590553
0
LINE
8
CYAN2
6
CONTINUOUS
10
9.2220905511811022
20
-1.9132795275590553
11
9.2197086614173234
21
-1.9180433070866143
0
LINE
8
CYAN2
6
CONTINUOUS
10
9.2197086614173234
20
-1.9180433070866143
11
9.2173267716535445
21
-1.9204251968503938
0
LINE
8
CYAN2
6
CONTINUOUS
10
9.2173267716535445
20
-1.9204251968503938
11
9.2125669291338586
21
-1.9228031496062994
0
LINE
8
CYAN2
6
CONTINUOUS
10
9.2125669291338586
20
-1.9228031496062994
11
9.2006614173228343
21
-1.9228031496062994
0
LINE
8
CYAN2
6
CONTINUOUS
10
9.2006614173228343
20
-1.9228031496062994
11
9.1958976377952766
21
-1.9204251968503938
0
LINE
8
CYAN2
6
CONTINUOUS
10
9.1958976377952766
20
-1.9204251968503938
11
9.1935196850393712
21
-1.9180433070866143
0
LINE
8
CYAN2
6
CONTINUOUS
10
9.2673267716535435
20
-1.8728031496062993
11
9.2435157480314967
21
-1.8728031496062993
0
LINE
8
CYAN2
6
CONTINUOUS
10
9.2435157480314967
20
-1.8728031496062993
11
9.2411377952755913
21
-1.8966141732283466
0
LINE
8
CYAN2
6
CONTINUOUS
10
9.2411377952755913
20
-1.8966141732283466
11
9.2435157480314967
21
-1.8942322834645671
0
LINE
8
CYAN2
6
CONTINUOUS
10
9.2435157480314967
20
-1.8942322834645671
11
9.2482795275590561
21
-1.8918503937007876
0
LINE
8
CYAN2
6
CONTINUOUS
10
9.2482795275590561
20
-1.8918503937007876
11
9.2601850393700786
21
-1.8918503937007876
0
LINE
8
CYAN2
6
CONTINUOUS
10
9.2601850393700786
20
-1.8918503937007876
11
9.2649448818897646
21
-1.8942322834645671
0
LINE
8
CYAN2
6
CONTINUOUS
10
9.2649448818897646
20
-1.8942322834645671
11
9.2673267716535435
21
-1.8966141732283466
0
LINE
8
CYAN2
6
CONTINUOUS
10
9.2673267716535435
20
-1.8966141732283466
11
9.2697086614173223
21
-1.9013740157480317
0
LINE
8
CYAN2
6
CONTINUOUS
10
9.2697086614173223
20
-1.9013740157480317
11
9.2697086614173223
21
-1.9132795275590553
0
LINE
8
CYAN2
6
CONTINUOUS
10
9.2697086614173223
20
-1.9132795275590553
11
9.2673267716535435
21
-1.9180433070866143
0
LINE
8
CYAN2
6
CONTINUOUS
10
9.2673267716535435
20
-1.9180433070866143
11
9.2649448818897646
21
-1.9204251968503938
0
LINE
8
CYAN2
6
CONTINUOUS
10
9.2649448818897646
20
-1.9204251968503938
11
9.2601850393700786
21
-1.9228031496062994
0
LINE
8
CYAN2
6
CONTINUOUS
10
9.2601850393700786
20
-1.9228031496062994
11
9.2482795275590561
21
-1.9228031496062994
0
LINE
8
CYAN2
6
CONTINUOUS
10
9.2482795275590561
20
-1.9228031496062994
11
9.2435157480314967
21
-1.9204251968503938
0
LINE
8
CYAN2
6
CONTINUOUS
10
9.2435157480314967
20
-1.9204251968503938
11
9.2411377952755913
21
-1.9180433070866143
0
LINE
8
CYAN2
6
CONTINUOUS
10
9.2863740157480326
20
-1.9228031496062994
11
9.3125629921259847
21
-1.889472440944882
0
LINE
8
CYAN2
6
CONTINUOUS
10
9.2863740157480326
20
-1.889472440944882
11
9.3125629921259847
21
-1.9228031496062994
0
LINE
8
CYAN2
6
CONTINUOUS
10
9.331610236220472
20
-1.9228031496062994
11
9.331610236220472
21
-1.8728031496062993
0
LINE
8
CYAN2
6
CONTINUOUS
10
9.331610236220472
20
-1.8728031496062993
11
9.3482795275590558
21
-1.9085196850393702
0
LINE
8
CYAN2
6
CONTINUOUS
10
9.3482795275590558
20
-1.9085196850393702
11
9.3649448818897643
21
-1.8728031496062993
0
LINE
8
CYAN2
6
CONTINUOUS
10
9.3649448818897643
20
-1.8728031496062993
11
9.3649448818897643
21
-1.9228031496062994
0
LINE
8
RED2
6
CONTINUOUS
10
8.9500000000000011
20
-2.
11
8.9500000000000011
21
-1.9000000000000001
0
LINE
8
CYAN2
6
CONTINUOUS
10
8.9231299212598429
20
-2.1580944881889765
11
8.9731299212598437
21
-2.1414291338582676
0
LINE
8
CYAN2
6
CONTINUOUS
10
8.9731299212598437
20
-2.1414291338582676
11
8.9231299212598429
21
-2.1247598425196852
0
LINE
8
CYAN2
6
CONTINUOUS
10
8.9683700787401577
20
-2.0795236220472444
11
8.9707519685039365
21
-2.0819015748031497
0
LINE
8
CYAN2
6
CONTINUOUS
10
8.9707519685039365
20
-2.0819015748031497
11
8.9731299212598437
21
-2.0890472440944881
0
LINE
8
CYAN2
6
CONTINUOUS
10
8.9731299212598437
20
-2.0890472440944881
11
8.9731299212598437
21
-2.0938070866141731
0
LINE
8
CYAN2
6
CONTINUOUS
10
8.9731299212598437
20
-2.0938070866141731
11
8.9707519685039365
21
-2.100948818897638
0
LINE
8
CYAN2
6
CONTINUOUS
10
8.9707519685039365
20
-2.100948818897638
11
8.9659881889763788
21
-2.105712598425197
0
LINE
8
CYAN2
6
CONTINUOUS
10
8.9659881889763788
20
-2.105712598425197
11
8.9612244094488194
21
-2.1080944881889763
0
LINE
8
CYAN2
6
CONTINUOUS
10
8.9612244094488194
20
-2.1080944881889763
11
8.9517007874015757
21
-2.1104724409448821
0
LINE
8
CYAN2
6
CONTINUOUS
10
8.9517007874015757
20
-2.1104724409448821
11
8.9445590551181109
21
-2.1104724409448821
0
LINE
8
CYAN2
6
CONTINUOUS
10
8.9445590551181109
20
-2.1104724409448821
11
8.9350354330708672
21
-2.1080944881889763
0
LINE
8
CYAN2
6
CONTINUOUS
10
8.9350354330708672
20
-2.1080944881889763
11
8.9302755905511813
21
-2.105712598425197
0
LINE
8
CYAN2
6
CONTINUOUS
10
8.9302755905511813
20
-2.105712598425197
11
8.9255118110236218
21
-2.100948818897638
0
LINE
8
CYAN2
6
CONTINUOUS
10
8.9255118110236218
20
-2.100948818897638
11
8.9231299212598429
21
-2.0938070866141731
0
LINE
8
CYAN2
6
CONTINUOUS
10
8.9231299212598429
20
-2.0938070866141731
11
8.9231299212598429
21
-2.0890472440944881
0
LINE
8
CYAN2
6
CONTINUOUS
10
8.9231299212598429
20
-2.0890472440944881
11
8.9255118110236218
21
-2.0819015748031497
0
LINE
8
CYAN2
6
CONTINUOUS
10
8.9255118110236218
20
-2.0819015748031497
11
8.9278937007874024
21
-2.0795236220472444
0
LINE
8
CYAN2
6
CONTINUOUS
10
8.9683700787401577
20
-2.0295236220472441
11
8.9707519685039365
21
-2.0319015748031495
0
LINE
8
CYAN2
6
CONTINUOUS
10
8.9707519685039365
20
-2.0319015748031495
11
8.9731299212598437
21
-2.0390472440944882
0
LINE
8
CYAN2
6
CONTINUOUS
10
8.9731299212598437
20
-2.0390472440944882
11
8.9731299212598437
21
-2.0438070866141733
0
LINE
8
CYAN2
6
CONTINUOUS
10
8.9731299212598437
20
-2.0438070866141733
11
8.9707519685039365
21
-2.0509488188976377
0
LINE
8
CYAN2
6
CONTINUOUS
10
8.9707519685039365
20
-2.0509488188976377
11
8.9659881889763788
21
-2.0557125984251967
0
LINE
8
CYAN2
6
CONTINUOUS
10
8.9659881889763788
20
-2.0557125984251967
11
8.9612244094488194
21
-2.0580944881889764
0
LINE
8
CYAN2
6
CONTINUOUS
10
8.9612244094488194
20
-2.0580944881889764
11
8.9517007874015757
21
-2.0604724409448818
0
LINE
8
CYAN2
6
CONTINUOUS
10
8.9517007874015757
20
-2.0604724409448818
11
8.9445590551181109
21
-2.0604724409448818
0
LINE
8
CYAN2
6
CONTINUOUS
10
8.9445590551181109
20
-2.0604724409448818
11
8.9350354330708672
21
-2.0580944881889764
0
LINE
8
CYAN2
6
CONTINUOUS
10
8.9350354330708672
20
-2.0580944881889764
11
8.9302755905511813
21
-2.0557125984251967
0
LINE
8
CYAN2
6
CONTINUOUS
10
8.9302755905511813
20
-2.0557125984251967
11
8.9255118110236218
21
-2.0509488188976377
0
LINE
8
CYAN2
6
CONTINUOUS
10
8.9255118110236218
20
-2.0509488188976377
11
8.9231299212598429
21
-2.0438070866141733
0
LINE
8
CYAN2
6
CONTINUOUS
10
8.9231299212598429
20
-2.0438070866141733
11
8.9231299212598429
21
-2.0390472440944882
0
LINE
8
CYAN2
6
CONTINUOUS
10
8.9231299212598429
20
-2.0390472440944882
11
8.9255118110236218
21
-2.0319015748031495
0
LINE
8
CYAN2
6
CONTINUOUS
10
8.9255118110236218
20
-2.0319015748031495
11
8.9278937007874024
21
-2.0295236220472441
0
LINE
8
RED3
6
CONTINUOUS
10
8.9113070866141744
20
-1.9547559055118111
11
8.9089251968503937
21
-1.9595196850393701
0
LINE
8
RED3
6
CONTINUOUS
10
8.9089251968503937
20
-1.9595196850393701
11
8.9065472440944884
21
-1.9619015748031496
0
LINE
8
RED3
6
CONTINUOUS
10
8.9065472440944884
20
-1.9619015748031496
11
8.9017834645669289
21
-1.9642795275590552
0
LINE
8
RED3
6
CONTINUOUS
10
8.9017834645669289
20
-1.9642795275590552
11
8.8994015748031501
21
-1.9642795275590552
0
LINE
8
RED3
6
CONTINUOUS
10
8.8994015748031501
20
-1.9642795275590552
11
8.8946417322834641
21
-1.9619015748031496
0
LINE
8
RED3
6
CONTINUOUS
10
8.8946417322834641
20
-1.9619015748031496
11
8.8922598425196853
21
-1.9595196850393701
0
LINE
8
RED3
6
CONTINUOUS
10
8.8922598425196853
20
-1.9595196850393701
11
8.8898779527559064
21
-1.9547559055118111
0
LINE
8
RED3
6
CONTINUOUS
10
8.8898779527559064
20
-1.9547559055118111
11
8.8898779527559064
21
-1.945232283464567
0
LINE
8
RED3
6
CONTINUOUS
10
8.8898779527559064
20
-1.945232283464567
11
8.8922598425196853
21
-1.9404724409448819
0
LINE
8
RED3
6
CONTINUOUS
10
8.8922598425196853
20
-1.9404724409448819
11
8.8946417322834641
21
-1.9380905511811024
0
LINE
8
RED3
6
CONTINUOUS
10
8.8946417322834641
20
-1.9380905511811024
11
8.8994015748031501
21
-1.9357086614173229
0
LINE
8
RED3
6
CONTINUOUS
10
8.8994015748031501
20
-1.9357086614173229
11
8.9017834645669289
21
-1.9357086614173229
0
LINE
8
RED3
6
CONTINUOUS
10
8.9017834645669289
20
-1.9357086614173229
11
8.9065472440944884
21
-1.9380905511811024
0
LINE
8
RED3
6
CONTINUOUS
10
8.9065472440944884
20
-1.9380905511811024
11
8.9089251968503937
21
-1.9404724409448819
0
LINE
8
RED3
6
CONTINUOUS
10
8.9089251968503937
20
-1.9404724409448819
11
8.9113070866141744
21
-1.945232283464567
0
LINE
8
RED3
6
CONTINUOUS
10
8.9113070866141744
20
-1.945232283464567
11
8.9113070866141744
21
-1.9547559055118111
0
LINE
8
RED3
6
CONTINUOUS
10
8.9113070866141744
20
-1.9547559055118111
11
8.9136889763779532
21
-1.9595196850393701
0
LINE
8
RED3
6
CONTINUOUS
10
8.9136889763779532
20
-1.9595196850393701
11
8.9160708661417321
21
-1.9619015748031496
0
LINE
8
RED3
6
CONTINUOUS
10
8.9160708661417321
20
-1.9619015748031496
11
8.920830708661418
21
-1.9642795275590552
0
LINE
8
RED3
6
CONTINUOUS
10
8.920830708661418
20
-1.9642795275590552
11
8.9303543307086617
21
-1.9642795275590552
0
LINE
8
RED3
6
CONTINUOUS
10
8.9303543307086617
20
-1.9642795275590552
11
8.9351181102362212
21
-1.9619015748031496
0
LINE
8
RED3
6
CONTINUOUS
10
8.9351181102362212
20
-1.9619015748031496
11
8.9375
21
-1.9595196850393701
0
LINE
8
RED3
6
CONTINUOUS
10
8.9375
20
-1.9595196850393701
11
8.9398779527559054
21
-1.9547559055118111
0
LINE
8
RED3
6
CONTINUOUS
10
8.9398779527559054
20
-1.9547559055118111
11
8.9398779527559054
21
-1.945232283464567
0
LINE
8
RED3
6
CONTINUOUS
10
8.9398779527559054
20
-1.945232283464567
11
8.9375
21
-1.9404724409448819
0
LINE
8
RED3
6
CONTINUOUS
10
8.9375
20
-1.9404724409448819
11
8.9351181102362212
21
-1.9380905511811024
0
LINE
8
RED3
6
CONTINUOUS
10
8.9351181102362212
20
-1.9380905511811024
11
8.9303543307086617
21
-1.9357086614173229
0
LINE
8
RED3
6
CONTINUOUS
10
8.9303543307086617
20
-1.9357086614173229
11
8.920830708661418
21
-1.9357086614173229
0
LINE
8
RED3
6
CONTINUOUS
10
8.920830708661418
20
-1.9357086614173229
11
8.9160708661417321
21
-1.9380905511811024
0
LINE
8
RED3
6
CONTINUOUS
10
8.9160708661417321
20
-1.9380905511811024
11
8.9136889763779532
21
-1.9404724409448819
0
LINE
8
RED3
6
CONTINUOUS
10
8.9136889763779532
20
-1.9404724409448819
11
8.9113070866141744
21
-1.945232283464567
0
LINE
8
RED2
6
CONTINUOUS
10
8.9500000000000011
20
-2.6000000000000001
11
8.9500000000000011
21
-2.7000000000000002
0
LINE
8
CYAN2
6
CONTINUOUS
10
8.9255118110236218
20
-2.5419015748031497
11
8.9231299212598429
21
-2.5466653543307087
0
LINE
8
CYAN2
6
CONTINUOUS
10
8.9231299212598429
20
-2.5466653543307087
11
8.9231299212598429
21
-2.5538070866141731
0
LINE
8
CYAN2
6
CONTINUOUS
10
8.9231299212598429
20
-2.5538070866141731
11
8.9255118110236218
21
-2.5609488188976379
0
LINE
8
CYAN2
6
CONTINUOUS
10
8.9255118110236218
20
-2.5609488188976379
11
8.9302755905511813
21
-2.5657125984251969
0
LINE
8
CYAN2
6
CONTINUOUS
10
8.9302755905511813
20
-2.5657125984251969
11
8.9350354330708672
21
-2.5680944881889767
0
LINE
8
CYAN2
6
CONTINUOUS
10
8.9350354330708672
20
-2.5680944881889767
11
8.9445590551181109
21
-2.570472440944882
0
LINE
8
CYAN2
6
CONTINUOUS
10
8.9445590551181109
20
-2.570472440944882
11
8.9517007874015757
21
-2.570472440944882
0
LINE
8
CYAN2
6
CONTINUOUS
10
8.9517007874015757
20
-2.570472440944882
11
8.9612244094488194
21
-2.5680944881889767
0
LINE
8
CYAN2
6
CONTINUOUS
10
8.9612244094488194
20
-2.5680944881889767
11
8.9659881889763788
21
-2.5657125984251969
0
LINE
8
CYAN2
6
CONTINUOUS
10
8.9659881889763788
20
-2.5657125984251969
11
8.9707519685039365
21
-2.5609488188976379
0
LINE
8
CYAN2
6
CONTINUOUS
10
8.9707519685039365
20
-2.5609488188976379
11
8.9731299212598437
21
-2.5538070866141731
0
LINE
8
CYAN2
6
CONTINUOUS
10
8.9731299212598437
20
-2.5538070866141731
11
8.9731299212598437
21
-2.5490472440944885
0
LINE
8
CYAN2
6
CONTINUOUS
10
8.9731299212598437
20
-2.5490472440944885
11
8.9707519685039365
21
-2.5419015748031497
0
LINE
8
CYAN2
6
CONTINUOUS
10
8.9707519685039365
20
-2.5419015748031497
11
8.9683700787401577
21
-2.5395236220472444
0
LINE
8
CYAN2
6
CONTINUOUS
10
8.9683700787401577
20
-2.5395236220472444
11
8.9517007874015757
21
-2.5395236220472444
0
LINE
8
CYAN2
6
CONTINUOUS
10
8.9517007874015757
20
-2.5395236220472444
11
8.9517007874015757
21
-2.5490472440944885
0
LINE
8
CYAN2
6
CONTINUOUS
10
8.9731299212598437
20
-2.5180944881889764
11
8.9231299212598429
21
-2.5180944881889764
0
LINE
8
CYAN2
6
CONTINUOUS
10
8.9231299212598429
20
-2.5180944881889764
11
8.9731299212598437
21
-2.4895236220472441
0
LINE
8
CYAN2
6
CONTINUOUS
10
8.9731299212598437
20
-2.4895236220472441
11
8.9231299212598429
21
-2.4895236220472441
0
LINE
8
CYAN2
6
CONTINUOUS
10
8.9731299212598437
20
-2.4657125984251969
11
8.9231299212598429
21
-2.4657125984251969
0
LINE
8
CYAN2
6
CONTINUOUS
10
8.9231299212598429
20
-2.4657125984251969
11
8.9231299212598429
21
-2.4538070866141735
0
LINE
8
CYAN2
6
CONTINUOUS
10
8.9231299212598429
20
-2.4538070866141735
11
8.9255118110236218
21
-2.4466653543307086
0
LINE
8
CYAN2
6
CONTINUOUS
10
8.9255118110236218
20
-2.4466653543307086
11
8.9302755905511813
21
-2.4419015748031496
0
LINE
8
CYAN2
6
CONTINUOUS
10
8.9302755905511813
20
-2.4419015748031496
11
8.9350354330708672
21
-2.4395196850393703
0
LINE
8
CYAN2
6
CONTINUOUS
10
8.9350354330708672
20
-2.4395196850393703
11
8.9445590551181109
21
-2.4371417322834645
0
LINE
8
CYAN2
6
CONTINUOUS
10
8.9445590551181109
20
-2.4371417322834645
11
8.9517007874015757
21
-2.4371417322834645
0
LINE
8
CYAN2
6
CONTINUOUS
10
8.9517007874015757
20
-2.4371417322834645
11
8.9612244094488194
21
-2.4395196850393703
0
LINE
8
CYAN2
6
CONTINUOUS
10
8.9612244094488194
20
-2.4395196850393703
11
8.9659881889763788
21
-2.4419015748031496
0
LINE
8
CYAN2
6
CONTINUOUS
10
8.9659881889763788
20
-2.4419015748031496
11
8.9707519685039365
21
-2.4466653543307086
0
LINE
8
CYAN2
6
CONTINUOUS
10
8.9707519685039365
20
-2.4466653543307086
11
8.9731299212598437
21
-2.4538070866141735
0
LINE
8
CYAN2
6
CONTINUOUS
10
8.9731299212598437
20
-2.4538070866141735
11
8.9731299212598437
21
-2.4657125984251969
0
LINE
8
RED3
6
CONTINUOUS
10
8.9398779527559054
20
-2.6357086614173229
11
8.9398779527559054
21
-2.6642795275590552
0
LINE
8
RED3
6
CONTINUOUS
10
8.9398779527559054
20
-2.649996062992126
11
8.8898779527559064
21
-2.649996062992126
0
LINE
8
RED3
6
CONTINUOUS
10
8.8898779527559064
20
-2.649996062992126
11
8.8970236220472447
21
-2.6547559055118111
0
LINE
8
RED3
6
CONTINUOUS
10
8.8970236220472447
20
-2.6547559055118111
11
8.9017834645669289
21
-2.6595196850393701
0
LINE
8
RED3
6
CONTINUOUS
10
8.9017834645669289
20
-2.6595196850393701
11
8.9041653543307095
21
-2.6642795275590552
0
LINE
8
RED2
6
CONTINUOUS
10
8.5999999999999996
20
-2.1000000000000001
11
8.4500000000000011
21
-2.1000000000000001
0
LINE
8
CYAN2
6
CONTINUOUS
10
8.6247598425196852
20
-2.0731299212598424
11
8.653330708661418
21
-2.0731299212598424
0
LINE
8
CYAN2
6
CONTINUOUS
10
8.6390472440944883
20
-2.1231299212598427
11
8.6390472440944883
21
-2.0731299212598424
0
LINE
8
CYAN2
6
CONTINUOUS
10
8.6985669291338592
20
-2.1231299212598427
11
8.6819015748031507
21
-2.0993228346456694
0
LINE
8
CYAN2
6
CONTINUOUS
10
8.6699960629921264
20
-2.1231299212598427
11
8.6699960629921264
21
-2.0731299212598424
0
LINE
8
CYAN2
6
CONTINUOUS
10
8.6699960629921264
20
-2.0731299212598424
11
8.6890433070866138
21
-2.0731299212598424
0
LINE
8
CYAN2
6
CONTINUOUS
10
8.6890433070866138
20
-2.0731299212598424
11
8.6938070866141732
21
-2.0755118110236221
0
LINE
8
CYAN2
6
CONTINUOUS
10
8.6938070866141732
20
-2.0755118110236221
11
8.6961889763779538
21
-2.0778937007874014
0
LINE
8
CYAN2
6
CONTINUOUS
10
8.6961889763779538
20
-2.0778937007874014
11
8.6985669291338592
21
-2.0826535433070865
0
LINE
8
CYAN2
6
CONTINUOUS
10
8.6985669291338592
20
-2.0826535433070865
11
8.6985669291338592
21
-2.0897992125984253
0
LINE
8
CYAN2
6
CONTINUOUS
10
8.6985669291338592
20
-2.0897992125984253
11
8.6961889763779538
21
-2.0945590551181104
0
LINE
8
CYAN2
6
CONTINUOUS
10
8.6961889763779538
20
-2.0945590551181104
11
8.6938070866141732
21
-2.0969409448818896
0
LINE
8
CYAN2
6
CONTINUOUS
10
8.6938070866141732
20
-2.0969409448818896
11
8.6890433070866138
21
-2.0993228346456694
0
LINE
8
CYAN2
6
CONTINUOUS
10
8.6890433070866138
20
-2.0993228346456694
11
8.6699960629921264
21
-2.0993228346456694
0
LINE
8
RED3
6
CONTINUOUS
10
8.5107165354330707
20
-2.0446417322834645
11
8.5130944881889761
21
-2.0422598425196852
0
LINE
8
RED3
6
CONTINUOUS
10
8.5130944881889761
20
-2.0422598425196852
11
8.5178582677165355
21
-2.0398779527559054
0
LINE
8
RED3
6
CONTINUOUS
10
8.5178582677165355
20
-2.0398779527559054
11
8.5297637795275598
21
-2.0398779527559054
0
LINE
8
RED3
6
CONTINUOUS
10
8.5297637795275598
20
-2.0398779527559054
11
8.534523622047244
21
-2.0422598425196852
0
LINE
8
RED3
6
CONTINUOUS
10
8.534523622047244
20
-2.0422598425196852
11
8.5369055118110246
21
-2.0446417322834645
0
LINE
8
RED3
6
CONTINUOUS
10
8.5369055118110246
20
-2.0446417322834645
11
8.5392874015748035
21
-2.0494015748031496
0
LINE
8
RED3
6
CONTINUOUS
10
8.5392874015748035
20
-2.0494015748031496
11
8.5392874015748035
21
-2.0541653543307086
0
LINE
8
RED3
6
CONTINUOUS
10
8.5392874015748035
20
-2.0541653543307086
11
8.5369055118110246
21
-2.0613070866141734
0
LINE
8
RED3
6
CONTINUOUS
10
8.5369055118110246
20
-2.0613070866141734
11
8.5083346456692919
21
-2.0898779527559057
0
LINE
8
RED3
6
CONTINUOUS
10
8.5083346456692919
20
-2.0898779527559057
11
8.5392874015748035
21
-2.0898779527559057
0
LINE
8
RED2
6
CONTINUOUS
10
8.5999999999999996
20
-2.3000000000000003
11
8.4500000000000011
21
-2.3000000000000003
0
LINE
8
CYAN2
6
CONTINUOUS
10
8.6604724409448828
20
-2.3183700787401578
11
8.6580944881889774
21
-2.3207519685039371
0
LINE
8
CYAN2
6
CONTINUOUS
10
8.6580944881889774
20
-2.3207519685039371
11
8.6509488188976373
21
-2.3231299212598424
0
LINE
8
CYAN2
6
CONTINUOUS
10
8.6509488188976373
20
-2.3231299212598424
11
8.6461889763779531
21
-2.3231299212598424
0
LINE
8
CYAN2
6
CONTINUOUS
10
8.6461889763779531
20
-2.3231299212598424
11
8.6390472440944883
21
-2.3207519685039371
0
LINE
8
CYAN2
6
CONTINUOUS
10
8.6390472440944883
20
-2.3207519685039371
11
8.6342834645669289
21
-2.315988188976378
0
LINE
8
CYAN2
6
CONTINUOUS
10
8.6342834645669289
20
-2.315988188976378
11
8.63190157480315
21
-2.311224409448819
0
LINE
8
CYAN2
6
CONTINUOUS
10
8.63190157480315
20
-2.311224409448819
11
8.6295236220472447
21
-2.3017007874015749
0
LINE
8
CYAN2
6
CONTINUOUS
10
8.6295236220472447
20
-2.3017007874015749
11
8.6295236220472447
21
-2.2945590551181105
0
LINE
8
CYAN2
6
CONTINUOUS
10
8.6295236220472447
20
-2.2945590551181105
11
8.63190157480315
21
-2.2850354330708664
0
LINE
8
CYAN2
6
CONTINUOUS
10
8.63190157480315
20
-2.2850354330708664
11
8.6342834645669289
21
-2.2802755905511813
0
LINE
8
CYAN2
6
CONTINUOUS
10
8.6342834645669289
20
-2.2802755905511813
11
8.6390472440944883
21
-2.2755118110236223
0
LINE
8
CYAN2
6
CONTINUOUS
10
8.6390472440944883
20
-2.2755118110236223
11
8.6461889763779531
21
-2.2731299212598426
0
LINE
8
CYAN2
6
CONTINUOUS
10
8.6461889763779531
20
-2.2731299212598426
11
8.6509488188976373
21
-2.2731299212598426
0
LINE
8
CYAN2
6
CONTINUOUS
10
8.6509488188976373
20
-2.2731299212598426
11
8.6580944881889774
21
-2.2755118110236223
0
LINE
8
CYAN2
6
CONTINUOUS
10
8.6580944881889774
20
-2.2755118110236223
11
8.6604724409448828
21
-2.2778937007874016
0
LINE
8
CYAN2
6
CONTINUOUS
10
8.6747598425196859
20
-2.2731299212598426
11
8.6914251968503944
21
-2.3231299212598424
0
LINE
8
CYAN2
6
CONTINUOUS
10
8.6914251968503944
20
-2.3231299212598424
11
8.7080944881889764
21
-2.2731299212598426
0
LINE
8
RED3
6
CONTINUOUS
10
8.5369055118110246
20
-2.2398779527559056
11
8.5130944881889761
21
-2.2398779527559056
0
LINE
8
RED3
6
CONTINUOUS
10
8.5130944881889761
20
-2.2398779527559056
11
8.5107165354330707
21
-2.2636889763779529
0
LINE
8
RED3
6
CONTINUOUS
10
8.5107165354330707
20
-2.2636889763779529
11
8.5130944881889761
21
-2.2613070866141731
0
LINE
8
RED3
6
CONTINUOUS
10
8.5130944881889761
20
-2.2613070866141731
11
8.5178582677165355
21
-2.2589251968503938
0
LINE
8
RED3
6
CONTINUOUS
10
8.5178582677165355
20
-2.2589251968503938
11
8.5297637795275598
21
-2.2589251968503938
0
LINE
8
RED3
6
CONTINUOUS
10
8.5297637795275598
20
-2.2589251968503938
11
8.534523622047244
21
-2.2613070866141731
0
LINE
8
RED3
6
CONTINUOUS
10
8.534523622047244
20
-2.2613070866141731
11
8.5369055118110246
21
-2.2636889763779529
0
LINE
8
RED3
6
CONTINUOUS
10
8.5369055118110246
20
-2.2636889763779529
11
8.5392874015748035
21
-2.2684488188976379
0
LINE
8
RED3
6
CONTINUOUS
10
8.5392874015748035
20
-2.2684488188976379
11
8.5392874015748035
21
-2.2803543307086613
0
LINE
8
RED3
6
CONTINUOUS
10
8.5392874015748035
20
-2.2803543307086613
11
8.5369055118110246
21
-2.2851181102362204
0
LINE
8
RED3
6
CONTINUOUS
10
8.5369055118110246
20
-2.2851181102362204
11
8.534523622047244
21
-2.2875000000000001
0
LINE
8
RED3
6
CONTINUOUS
10
8.534523622047244
20
-2.2875000000000001
11
8.5297637795275598
21
-2.2898779527559054
0
LINE
8
RED3
6
CONTINUOUS
10
8.5297637795275598
20
-2.2898779527559054
11
8.5178582677165355
21
-2.2898779527559054
0
LINE
8
RED3
6
CONTINUOUS
10
8.5178582677165355
20
-2.2898779527559054
11
8.5130944881889761
21
-2.2875000000000001
0
LINE
8
RED3
6
CONTINUOUS
10
8.5130944881889761
20
-2.2875000000000001
11
8.5107165354330707
21
-2.2851181102362204
0
CIRCLE
8
RED2
10
8.5750000000000011
20
-2.5
40
0.025
0
LINE
8
RED2
6
CONTINUOUS
10
8.5500000000000007
20
-2.5
11
8.4500000000000011
21
-2.5
0
LINE
8
CYAN2
6
CONTINUOUS
10
8.6604724409448828
20
-2.5231299212598426
11
8.6438070866141743
21
-2.4993228346456693
0
LINE
8
CYAN2
6
CONTINUOUS
10
8.63190157480315
20
-2.5231299212598426
11
8.63190157480315
21
-2.4731299212598428
0
LINE
8
CYAN2
6
CONTINUOUS
10
8.63190157480315
20
-2.4731299212598428
11
8.6509488188976373
21
-2.4731299212598428
0
LINE
8
CYAN2
6
CONTINUOUS
10
8.6509488188976373
20
-2.4731299212598428
11
8.6557125984251968
21
-2.4755118110236221
0
LINE
8
CYAN2
6
CONTINUOUS
10
8.6557125984251968
20
-2.4755118110236221
11
8.6580944881889774
21
-2.4778937007874018
0
LINE
8
CYAN2
6
CONTINUOUS
10
8.6580944881889774
20
-2.4778937007874018
11
8.6604724409448828
21
-2.4826535433070869
0
LINE
8
CYAN2
6
CONTINUOUS
10
8.6604724409448828
20
-2.4826535433070869
11
8.6604724409448828
21
-2.4897992125984252
0
LINE
8
CYAN2
6
CONTINUOUS
10
8.6604724409448828
20
-2.4897992125984252
11
8.6580944881889774
21
-2.4945590551181103
0
LINE
8
CYAN2
6
CONTINUOUS
10
8.6580944881889774
20
-2.4945590551181103
11
8.6557125984251968
21
-2.49694094488189
0
LINE
8
CYAN2
6
CONTINUOUS
10
8.6557125984251968
20
-2.49694094488189
11
8.6509488188976373
21
-2.4993228346456693
0
LINE
8
CYAN2
6
CONTINUOUS
10
8.6509488188976373
20
-2.4993228346456693
11
8.63190157480315
21
-2.4993228346456693
0
LINE
8
RED3
6
CONTINUOUS
10
8.534523622047244
20
-2.4565472440944882
11
8.534523622047244
21
-2.4898779527559056
0
LINE
8
RED3
6
CONTINUOUS
10
8.5226181102362215
20
-2.4375
11
8.5107165354330707
21
-2.4732125984251971
0
LINE
8
RED3
6
CONTINUOUS
10
8.5107165354330707
20
-2.4732125984251971
11
8.5416653543307088
21
-2.4732125984251971
0
LINE
8
RED2
6
CONTINUOUS
10
9.3000000000000007
20
-2.1000000000000001
11
9.4500000000000011
21
-2.1000000000000001
0
LINE
8
CYAN2
6
CONTINUOUS
10
9.2728543307086611
20
-2.1278937007874017
11
9.2680905511811034
21
-2.125511811023622
0
LINE
8
CYAN2
6
CONTINUOUS
10
9.2680905511811034
20
-2.125511811023622
11
9.2633307086614174
21
-2.1207519685039369
0
LINE
8
CYAN2
6
CONTINUOUS
10
9.2633307086614174
20
-2.1207519685039369
11
9.2561889763779526
21
-2.1136062992125986
0
LINE
8
CYAN2
6
CONTINUOUS
10
9.2561889763779526
20
-2.1136062992125986
11
9.2514251968503949
21
-2.1112244094488188
0
LINE
8
CYAN2
6
CONTINUOUS
10
9.2514251968503949
20
-2.1112244094488188
11
9.2466653543307089
21
-2.1112244094488188
0
LINE
8
CYAN2
6
CONTINUOUS
10
9.2490433070866143
20
-2.1231299212598427
11
9.2442834645669301
21
-2.1207519685039369
0
LINE
8
CYAN2
6
CONTINUOUS
10
9.2442834645669301
20
-2.1207519685039369
11
9.2395196850393706
21
-2.1159881889763779
0
LINE
8
CYAN2
6
CONTINUOUS
10
9.2395196850393706
20
-2.1159881889763779
11
9.2371417322834652
21
-2.1064645669291338
0
LINE
8
CYAN2
6
CONTINUOUS
10
9.2371417322834652
20
-2.1064645669291338
11
9.2371417322834652
21
-2.0897992125984253
0
LINE
8
CYAN2
6
CONTINUOUS
10
9.2371417322834652
20
-2.0897992125984253
11
9.2395196850393706
21
-2.0802755905511812
0
LINE
8
CYAN2
6
CONTINUOUS
10
9.2395196850393706
20
-2.0802755905511812
11
9.2442834645669301
21
-2.0755118110236221
0
LINE
8
CYAN2
6
CONTINUOUS
10
9.2442834645669301
20
-2.0755118110236221
11
9.2490433070866143
21
-2.0731299212598424
0
LINE
8
CYAN2
6
CONTINUOUS
10
9.2490433070866143
20
-2.0731299212598424
11
9.2585669291338579
21
-2.0731299212598424
0
LINE
8
CYAN2
6
CONTINUOUS
10
9.2585669291338579
20
-2.0731299212598424
11
9.2633307086614174
21
-2.0755118110236221
0
LINE
8
CYAN2
6
CONTINUOUS
10
9.2633307086614174
20
-2.0755118110236221
11
9.2680905511811034
21
-2.0802755905511812
0
LINE
8
CYAN2
6
CONTINUOUS
10
9.2680905511811034
20
-2.0802755905511812
11
9.2704724409448822
21
-2.0897992125984253
0
LINE
8
CYAN2
6
CONTINUOUS
10
9.2704724409448822
20
-2.0897992125984253
11
9.2704724409448822
21
-2.1064645669291338
0
LINE
8
CYAN2
6
CONTINUOUS
10
9.2704724409448822
20
-2.1064645669291338
11
9.2680905511811034
21
-2.1159881889763779
0
LINE
8
CYAN2
6
CONTINUOUS
10
9.2680905511811034
20
-2.1159881889763779
11
9.2633307086614174
21
-2.1207519685039369
0
LINE
8
CYAN2
6
CONTINUOUS
10
9.2633307086614174
20
-2.1207519685039369
11
9.2585669291338579
21
-2.1231299212598427
0
LINE
8
CYAN2
6
CONTINUOUS
10
9.2585669291338579
20
-2.1231299212598427
11
9.2490433070866143
21
-2.1231299212598427
0
LINE
8
RED3
6
CONTINUOUS
10
9.3583346456692915
20
-2.0398779527559054
11
9.3892874015748031
21
-2.0398779527559054
0
LINE
8
RED3
6
CONTINUOUS
10
9.3892874015748031
20
-2.0398779527559054
11
9.3726181102362212
21
-2.0589251968503937
0
LINE
8
RED3
6
CONTINUOUS
10
9.3726181102362212
20
-2.0589251968503937
11
9.3797637795275595
21
-2.0589251968503937
0
LINE
8
RED3
6
CONTINUOUS
10
9.3797637795275595
20
-2.0589251968503937
11
9.3845236220472437
21
-2.0613070866141734
0
LINE
8
RED3
6
CONTINUOUS
10
9.3845236220472437
20
-2.0613070866141734
11
9.3869055118110243
21
-2.0636889763779527
0
LINE
8
RED3
6
CONTINUOUS
10
9.3869055118110243
20
-2.0636889763779527
11
9.3892874015748031
21
-2.0684488188976378
0
LINE
8
RED3
6
CONTINUOUS
10
9.3892874015748031
20
-2.0684488188976378
11
9.3892874015748031
21
-2.0803543307086616
0
LINE
8
RED3
6
CONTINUOUS
10
9.3892874015748031
20
-2.0803543307086616
11
9.3869055118110243
21
-2.0851181102362206
0
LINE
8
RED3
6
CONTINUOUS
10
9.3869055118110243
20
-2.0851181102362206
11
9.3845236220472437
21
-2.0874999999999999
0
LINE
8
RED3
6
CONTINUOUS
10
9.3845236220472437
20
-2.0874999999999999
11
9.3797637795275595
21
-2.0898779527559057
0
LINE
8
RED3
6
CONTINUOUS
10
9.3797637795275595
20
-2.0898779527559057
11
9.3654763779527563
21
-2.0898779527559057
0
LINE
8
RED3
6
CONTINUOUS
10
9.3654763779527563
20
-2.0898779527559057
11
9.3607165354330704
21
-2.0874999999999999
0
LINE
8
RED3
6
CONTINUOUS
10
9.3607165354330704
20
-2.0874999999999999
11
9.3583346456692915
21
-2.0851181102362206
0
LINE
8
RED2
6
CONTINUOUS
10
9.3000000000000007
20
-2.3000000000000003
11
9.4500000000000011
21
-2.3000000000000003
0
LINE
8
CYAN2
6
CONTINUOUS
10
9.1704724409448826
20
-2.3231299212598424
11
9.1704724409448826
21
-2.2731299212598426
0
LINE
8
CYAN2
6
CONTINUOUS
10
9.1704724409448826
20
-2.2731299212598426
11
9.1823779527559051
21
-2.2731299212598426
0
LINE
8
CYAN2
6
CONTINUOUS
10
9.1823779527559051
20
-2.2731299212598426
11
9.1895196850393699
21
-2.2755118110236223
0
LINE
8
CYAN2
6
CONTINUOUS
10
9.1895196850393699
20
-2.2755118110236223
11
9.1942834645669294
21
-2.2802755905511813
0
LINE
8
CYAN2
6
CONTINUOUS
10
9.1942834645669294
20
-2.2802755905511813
11
9.1966653543307082
21
-2.2850354330708664
0
LINE
8
CYAN2
6
CONTINUOUS
10
9.1966653543307082
20
-2.2850354330708664
11
9.1990433070866153
21
-2.2945590551181105
0
LINE
8
CYAN2
6
CONTINUOUS
10
9.1990433070866153
20
-2.2945590551181105
11
9.1990433070866153
21
-2.3017007874015749
0
LINE
8
CYAN2
6
CONTINUOUS
10
9.1990433070866153
20
-2.3017007874015749
11
9.1966653543307082
21
-2.311224409448819
0
LINE
8
CYAN2
6
CONTINUOUS
10
9.1966653543307082
20
-2.311224409448819
11
9.1942834645669294
21
-2.315988188976378
0
LINE
8
CYAN2
6
CONTINUOUS
10
9.1942834645669294
20
-2.315988188976378
11
9.1895196850393699
21
-2.3207519685039371
0
LINE
8
CYAN2
6
CONTINUOUS
10
9.1895196850393699
20
-2.3207519685039371
11
9.1823779527559051
21
-2.3231299212598424
0
LINE
8
CYAN2
6
CONTINUOUS
10
9.1823779527559051
20
-2.3231299212598424
11
9.1704724409448826
21
-2.3231299212598424
0
LINE
8
CYAN2
6
CONTINUOUS
10
9.2204724409448815
20
-2.3231299212598424
11
9.2204724409448815
21
-2.2731299212598426
0
LINE
8
CYAN2
6
CONTINUOUS
10
9.2419055118110247
20
-2.3207519685039371
11
9.2490472440944878
21
-2.3231299212598424
0
LINE
8
CYAN2
6
CONTINUOUS
10
9.2490472440944878
20
-2.3231299212598424
11
9.260952755905512
21
-2.3231299212598424
0
LINE
8
CYAN2
6
CONTINUOUS
10
9.260952755905512
20
-2.3231299212598424
11
9.265712598425198
21
-2.3207519685039371
0
LINE
8
CYAN2
6
CONTINUOUS
10
9.265712598425198
20
-2.3207519685039371
11
9.2680944881889769
21
-2.3183700787401578
0
LINE
8
CYAN2
6
CONTINUOUS
10
9.2680944881889769
20
-2.3183700787401578
11
9.2704763779527557
21
-2.3136062992125983
0
LINE
8
CYAN2
6
CONTINUOUS
10
9.2704763779527557
20
-2.3136062992125983
11
9.2704763779527557
21
-2.3088464566929137
0
LINE
8
CYAN2
6
CONTINUOUS
10
9.2704763779527557
20
-2.3088464566929137
11
9.2680944881889769
21
-2.3040826771653542
0
LINE
8
CYAN2
6
CONTINUOUS
10
9.2680944881889769
20
-2.3040826771653542
11
9.265712598425198
21
-2.3017007874015749
0
LINE
8
CYAN2
6
CONTINUOUS
10
9.265712598425198
20
-2.3017007874015749
11
9.260952755905512
21
-2.2993228346456696
0
LINE
8
CYAN2
6
CONTINUOUS
10
9.260952755905512
20
-2.2993228346456696
11
9.2514291338582684
21
-2.2969409448818898
0
LINE
8
CYAN2
6
CONTINUOUS
10
9.2514291338582684
20
-2.2969409448818898
11
9.2466653543307089
21
-2.2945590551181105
0
LINE
8
CYAN2
6
CONTINUOUS
10
9.2466653543307089
20
-2.2945590551181105
11
9.2442834645669301
21
-2.2921771653543308
0
LINE
8
CYAN2
6
CONTINUOUS
10
9.2442834645669301
20
-2.2921771653543308
11
9.2419055118110247
21
-2.2874173228346457
0
LINE
8
CYAN2
6
CONTINUOUS
10
9.2419055118110247
20
-2.2874173228346457
11
9.2419055118110247
21
-2.2826535433070867
0
LINE
8
CYAN2
6
CONTINUOUS
10
9.2419055118110247
20
-2.2826535433070867
11
9.2442834645669301
21
-2.2778937007874016
0
LINE
8
CYAN2
6
CONTINUOUS
10
9.2442834645669301
20
-2.2778937007874016
11
9.2466653543307089
21
-2.2755118110236223
0
LINE
8
CYAN2
6
CONTINUOUS
10
9.2466653543307089
20
-2.2755118110236223
11
9.2514291338582684
21
-2.2731299212598426
0
LINE
8
CYAN2
6
CONTINUOUS
10
9.2514291338582684
20
-2.2731299212598426
11
9.2633307086614174
21
-2.2731299212598426
0
LINE
8
CYAN2
6
CONTINUOUS
10
9.2633307086614174
20
-2.2731299212598426
11
9.2704763779527557
21
-2.2755118110236223
0
LINE
8
RED3
6
CONTINUOUS
10
9.3583346456692915
20
-2.2398779527559056
11
9.3916653543307085
21
-2.2398779527559056
0
LINE
8
RED3
6
CONTINUOUS
10
9.3916653543307085
20
-2.2398779527559056
11
9.3702401574803158
21
-2.2898779527559054
0
LINE
8
RED2
6
CONTINUOUS
10
9.3000000000000007
20
-2.5
11
9.4500000000000011
21
-2.5
0
LINE
8
CYAN2
6
CONTINUOUS
10
9.1442834645669286
20
-2.4731299212598428
11
9.1728543307086614
21
-2.4731299212598428
0
LINE
8
CYAN2
6
CONTINUOUS
10
9.1585708661417318
20
-2.5231299212598426
11
9.1585708661417318
21
-2.4731299212598428
0
LINE
8
CYAN2
6
CONTINUOUS
10
9.1895196850393699
20
-2.5231299212598426
11
9.1895196850393699
21
-2.4731299212598428
0
LINE
8
CYAN2
6
CONTINUOUS
10
9.1895196850393699
20
-2.49694094488189
11
9.2180905511811027
21
-2.49694094488189
0
LINE
8
CYAN2
6
CONTINUOUS
10
9.2180905511811027
20
-2.5231299212598426
11
9.2180905511811027
21
-2.4731299212598428
0
LINE
8
CYAN2
6
CONTINUOUS
10
9.2704724409448822
20
-2.5231299212598426
11
9.2538070866141737
21
-2.4993228346456693
0
LINE
8
CYAN2
6
CONTINUOUS
10
9.2419015748031494
20
-2.5231299212598426
11
9.2419015748031494
21
-2.4731299212598428
0
LINE
8
CYAN2
6
CONTINUOUS
10
9.2419015748031494
20
-2.4731299212598428
11
9.2609488188976385
21
-2.4731299212598428
0
LINE
8
CYAN2
6
CONTINUOUS
10
9.2609488188976385
20
-2.4731299212598428
11
9.265712598425198
21
-2.4755118110236221
0
LINE
8
CYAN2
6
CONTINUOUS
10
9.265712598425198
20
-2.4755118110236221
11
9.2680944881889769
21
-2.4778937007874018
0
LINE
8
CYAN2
6
CONTINUOUS
10
9.2680944881889769
20
-2.4778937007874018
11
9.2704724409448822
21
-2.4826535433070869
0
LINE
8
CYAN2
6
CONTINUOUS
10
9.2704724409448822
20
-2.4826535433070869
11
9.2704724409448822
21
-2.4897992125984252
0
LINE
8
CYAN2
6
CONTINUOUS
10
9.2704724409448822
20
-2.4897992125984252
11
9.2680944881889769
21
-2.4945590551181103
0
LINE
8
CYAN2
6
CONTINUOUS
10
9.2680944881889769
20
-2.4945590551181103
11
9.265712598425198
21
-2.49694094488189
0
LINE
8
CYAN2
6
CONTINUOUS
10
9.265712598425198
20
-2.49694094488189
11
9.2609488188976385
21
-2.4993228346456693
0
LINE
8
CYAN2
6
CONTINUOUS
10
9.2609488188976385
20
-2.4993228346456693
11
9.2419015748031494
21
-2.4993228346456693
0
LINE
8
RED3
6
CONTINUOUS
10
9.3845236220472437
20
-2.4398779527559058
11
9.375
21
-2.4398779527559058
0
LINE
8
RED3
6
CONTINUOUS
10
9.375
20
-2.4398779527559058
11
9.3702401574803158
21
-2.4422598425196851
0
LINE
8
RED3
6
CONTINUOUS
10
9.3702401574803158
20
-2.4422598425196851
11
9.3678582677165352
21
-2.4446417322834648
0
LINE
8
RED3
6
CONTINUOUS
10
9.3678582677165352
20
-2.4446417322834648
11
9.3630944881889775
21
-2.4517834645669292
0
LINE
8
RED3
6
CONTINUOUS
10
9.3630944881889775
20
-2.4517834645669292
11
9.3607165354330704
21
-2.4613070866141733
0
LINE
8
RED3
6
CONTINUOUS
10
9.3607165354330704
20
-2.4613070866141733
11
9.3607165354330704
21
-2.4803543307086615
0
LINE
8
RED3
6
CONTINUOUS
10
9.3607165354330704
20
-2.4803543307086615
11
9.3630944881889775
21
-2.4851181102362205
0
LINE
8
RED3
6
CONTINUOUS
10
9.3630944881889775
20
-2.4851181102362205
11
9.3654763779527563
21
-2.4875000000000003
0
LINE
8
RED3
6
CONTINUOUS
10
9.3654763779527563
20
-2.4875000000000003
11
9.3702401574803158
21
-2.4898779527559056
0
LINE
8
RED3
6
CONTINUOUS
10
9.3702401574803158
20
-2.4898779527559056
11
9.3797637795275595
21
-2.4898779527559056
0
LINE
8
RED3
6
CONTINUOUS
10
9.3797637795275595
20
-2.4898779527559056
11
9.3845236220472437
21
-2.4875000000000003
0
LINE
8
RED3
6
CONTINUOUS
10
9.3845236220472437
20
-2.4875000000000003
11
9.3869055118110243
21
-2.4851181102362205
0
LINE
8
RED3
6
CONTINUOUS
10
9.3869055118110243
20
-2.4851181102362205
11
9.3892874015748031
21
-2.4803543307086615
0
LINE
8
RED3
6
CONTINUOUS
10
9.3892874015748031
20
-2.4803543307086615
11
9.3892874015748031
21
-2.4684488188976377
0
LINE
8
RED3
6
CONTINUOUS
10
9.3892874015748031
20
-2.4684488188976377
11
9.3869055118110243
21
-2.463688976377953
0
LINE
8
RED3
6
CONTINUOUS
10
9.3869055118110243
20
-2.463688976377953
11
9.3845236220472437
21
-2.4613070866141733
0
LINE
8
RED3
6
CONTINUOUS
10
9.3845236220472437
20
-2.4613070866141733
11
9.3797637795275595
21
-2.458925196850394
0
LINE
8
RED3
6
CONTINUOUS
10
9.3797637795275595
20
-2.458925196850394
11
9.3702401574803158
21
-2.458925196850394
0
LINE
8
RED3
6
CONTINUOUS
10
9.3702401574803158
20
-2.458925196850394
11
9.3654763779527563
21
-2.4613070866141733
0
LINE
8
RED3
6
CONTINUOUS
10
9.3654763779527563
20
-2.4613070866141733
11
9.3630944881889775
21
-2.463688976377953
0
LINE
8
RED3
6
CONTINUOUS
10
9.3630944881889775
20
-2.463688976377953
11
9.3607165354330704
21
-2.4684488188976377
0
LINE
8
CYAN2
6
CONTINUOUS
10
10.7948503937007878
20
-1.3680393700787401
11
10.7924724409448825
21
-1.3704212598425198
0
LINE
8
CYAN2
6
CONTINUOUS
10
10.7924724409448825
20
-1.3704212598425198
11
10.7853267716535441
21
-1.3727992125984252
0
LINE
8
CYAN2
6
CONTINUOUS
10
10.7853267716535441
20
-1.3727992125984252
11
10.7805669291338582
21
-1.3727992125984252
0
LINE
8
CYAN2
6
CONTINUOUS
10
10.7805669291338582
20
-1.3727992125984252
11
10.7734251968503933
21
-1.3704212598425198
0
LINE
8
CYAN2
6
CONTINUOUS
10
10.7734251968503933
20
-1.3704212598425198
11
10.7686614173228357
21
-1.3656574803149606
0
LINE
8
CYAN2
6
CONTINUOUS
10
10.7686614173228357
20
-1.3656574803149606
11
10.766279527559055
21
-1.3608937007874016
0
LINE
8
CYAN2
6
CONTINUOUS
10
10.766279527559055
20
-1.3608937007874016
11
10.7639015748031497
21
-1.3513700787401575
0
LINE
8
CYAN2
6
CONTINUOUS
10
10.7639015748031497
20
-1.3513700787401575
11
10.7639015748031497
21
-1.3442283464566929
0
LINE
8
CYAN2
6
CONTINUOUS
10
10.7639015748031497
20
-1.3442283464566929
11
10.766279527559055
21
-1.3347047244094488
0
LINE
8
CYAN2
6
CONTINUOUS
10
10.766279527559055
20
-1.3347047244094488
11
10.7686614173228357
21
-1.3299448818897639
0
LINE
8
CYAN2
6
CONTINUOUS
10
10.7686614173228357
20
-1.3299448818897639
11
10.7734251968503933
21
-1.3251811023622049
0
LINE
8
CYAN2
6
CONTINUOUS
10
10.7734251968503933
20
-1.3251811023622049
11
10.7805669291338582
21
-1.3227992125984251
0
LINE
8
CYAN2
6
CONTINUOUS
10
10.7805669291338582
20
-1.3227992125984251
11
10.7853267716535441
21
-1.3227992125984251
0
LINE
8
CYAN2
6
CONTINUOUS
10
10.7853267716535441
20
-1.3227992125984251
11
10.7924724409448825
21
-1.3251811023622049
0
LINE
8
CYAN2
6
CONTINUOUS
10
10.7924724409448825
20
-1.3251811023622049
11
10.7948503937007878
21
-1.3275629921259844
0
LINE
8
CYAN2
6
CONTINUOUS
10
10.8424724409448832
20
-1.3727992125984252
11
10.8139015748031504
21
-1.3727992125984252
0
LINE
8
CYAN2
6
CONTINUOUS
10
10.82818503937008
20
-1.3727992125984252
11
10.82818503937008
21
-1.3227992125984251
0
LINE
8
CYAN2
6
CONTINUOUS
10
10.82818503937008
20
-1.3227992125984251
11
10.8234251968503941
21
-1.3299448818897639
0
LINE
8
CYAN2
6
CONTINUOUS
10
10.8234251968503941
20
-1.3299448818897639
11
10.8186614173228346
21
-1.3347047244094488
0
LINE
8
CYAN2
6
CONTINUOUS
10
10.8186614173228346
20
-1.3347047244094488
11
10.8139015748031504
21
-1.3370866141732285
0
LINE
8
CYAN2
6
CONTINUOUS
10
10.8734212598425195
20
-1.3227992125984251
11
10.878185039370079
21
-1.3227992125984251
0
LINE
8
CYAN2
6
CONTINUOUS
10
10.878185039370079
20
-1.3227992125984251
11
10.8829448818897649
21
-1.3251811023622049
0
LINE
8
CYAN2
6
CONTINUOUS
10
10.8829448818897649
20
-1.3251811023622049
11
10.8853267716535438
21
-1.3275629921259844
0
LINE
8
CYAN2
6
CONTINUOUS
10
10.8853267716535438
20
-1.3275629921259844
11
10.8877086614173226
21
-1.3323228346456693
0
LINE
8
CYAN2
6
CONTINUOUS
10
10.8877086614173226
20
-1.3323228346456693
11
10.8900905511811033
21
-1.3418464566929134
0
LINE
8
CYAN2
6
CONTINUOUS
10
10.8900905511811033
20
-1.3418464566929134
11
10.8900905511811033
21
-1.353751968503937
0
LINE
8
CYAN2
6
CONTINUOUS
10
10.8900905511811033
20
-1.353751968503937
11
10.8877086614173226
21
-1.3632755905511811
0
LINE
8
CYAN2
6
CONTINUOUS
10
10.8877086614173226
20
-1.3632755905511811
11
10.8853267716535438
21
-1.3680393700787401
0
LINE
8
CYAN2
6
CONTINUOUS
10
10.8853267716535438
20
-1.3680393700787401
11
10.8829448818897649
21
-1.3704212598425198
0
LINE
8
CYAN2
6
CONTINUOUS
10
10.8829448818897649
20
-1.3704212598425198
11
10.878185039370079
21
-1.3727992125984252
0
LINE
8
CYAN2
6
CONTINUOUS
10
10.878185039370079
20
-1.3727992125984252
11
10.8734212598425195
21
-1.3727992125984252
0
LINE
8
CYAN2
6
CONTINUOUS
10
10.8734212598425195
20
-1.3727992125984252
11
10.8686614173228353
21
-1.3704212598425198
0
LINE
8
CYAN2
6
CONTINUOUS
10
10.8686614173228353
20
-1.3704212598425198
11
10.8662795275590547
21
-1.3680393700787401
0
LINE
8
CYAN2
6
CONTINUOUS
10
10.8662795275590547
20
-1.3680393700787401
11
10.8638976377952758
21
-1.3632755905511811
0
LINE
8
CYAN2
6
CONTINUOUS
10
10.8638976377952758
20
-1.3632755905511811
11
10.8615196850393705
21
-1.353751968503937
0
LINE
8
CYAN2
6
CONTINUOUS
10
10.8615196850393705
20
-1.353751968503937
11
10.8615196850393705
21
-1.3418464566929134
0
LINE
8
CYAN2
6
CONTINUOUS
10
10.8615196850393705
20
-1.3418464566929134
11
10.8638976377952758
21
-1.3323228346456693
0
LINE
8
CYAN2
6
CONTINUOUS
10
10.8638976377952758
20
-1.3323228346456693
11
10.8662795275590547
21
-1.3275629921259844
0
LINE
8
CYAN2
6
CONTINUOUS
10
10.8662795275590547
20
-1.3275629921259844
11
10.8686614173228353
21
-1.3251811023622049
0
LINE
8
CYAN2
6
CONTINUOUS
10
10.8686614173228353
20
-1.3251811023622049
11
10.8734212598425195
21
-1.3227992125984251
0
LINE
8
CYAN2
6
CONTINUOUS
10
10.7758031496063005
20
-1.4227992125984252
11
10.7805669291338582
21
-1.4227992125984252
0
LINE
8
CYAN2
6
CONTINUOUS
10
10.7805669291338582
20
-1.4227992125984252
11
10.7853267716535441
21
-1.4251811023622047
0
LINE
8
CYAN2
6
CONTINUOUS
10
10.7853267716535441
20
-1.4251811023622047
11
10.787708661417323
21
-1.4275629921259843
0
LINE
8
CYAN2
6
CONTINUOUS
10
10.787708661417323
20
-1.4275629921259843
11
10.7900905511811036
21
-1.4323228346456693
0
LINE
8
CYAN2
6
CONTINUOUS
10
10.7900905511811036
20
-1.4323228346456693
11
10.7924724409448825
21
-1.4418464566929134
0
LINE
8
CYAN2
6
CONTINUOUS
10
10.7924724409448825
20
-1.4418464566929134
11
10.7924724409448825
21
-1.4537519685039371
0
LINE
8
CYAN2
6
CONTINUOUS
10
10.7924724409448825
20
-1.4537519685039371
11
10.7900905511811036
21
-1.4632755905511812
0
LINE
8
CYAN2
6
CONTINUOUS
10
10.7900905511811036
20
-1.4632755905511812
11
10.787708661417323
21
-1.4680393700787402
0
LINE
8
CYAN2
6
CONTINUOUS
10
10.787708661417323
20
-1.4680393700787402
11
10.7853267716535441
21
-1.4704212598425197
0
LINE
8
CYAN2
6
CONTINUOUS
10
10.7853267716535441
20
-1.4704212598425197
11
10.7805669291338582
21
-1.4727992125984253
0
LINE
8
CYAN2
6
CONTINUOUS
10
10.7805669291338582
20
-1.4727992125984253
11
10.7758031496063005
21
-1.4727992125984253
0
LINE
8
CYAN2
6
CONTINUOUS
10
10.7758031496063005
20
-1.4727992125984253
11
10.7710433070866145
21
-1.4704212598425197
0
LINE
8
CYAN2
6
CONTINUOUS
10
10.7710433070866145
20
-1.4704212598425197
11
10.7686614173228357
21
-1.4680393700787402
0
LINE
8
CYAN2
6
CONTINUOUS
10
10.7686614173228357
20
-1.4680393700787402
11
10.766279527559055
21
-1.4632755905511812
0
LINE
8
CYAN2
6
CONTINUOUS
10
10.766279527559055
20
-1.4632755905511812
11
10.7639015748031497
21
-1.4537519685039371
0
LINE
8
CYAN2
6
CONTINUOUS
10
10.7639015748031497
20
-1.4537519685039371
11
10.7639015748031497
21
-1.4418464566929134
0
LINE
8
CYAN2
6
CONTINUOUS
10
10.7639015748031497
20
-1.4418464566929134
11
10.766279527559055
21
-1.4323228346456693
0
LINE
8
CYAN2
6
CONTINUOUS
10
10.766279527559055
20
-1.4323228346456693
11
10.7686614173228357
21
-1.4275629921259843
0
LINE
8
CYAN2
6
CONTINUOUS
10
10.7686614173228357
20
-1.4275629921259843
11
10.7710433070866145
21
-1.4251811023622047
0
LINE
8
CYAN2
6
CONTINUOUS
10
10.7710433070866145
20
-1.4251811023622047
11
10.7758031496063005
21
-1.4227992125984252
0
LINE
8
CYAN2
6
CONTINUOUS
10
10.8138976377952751
20
-1.4680393700787402
11
10.8162795275590558
21
-1.4704212598425197
0
LINE
8
CYAN2
6
CONTINUOUS
10
10.8162795275590558
20
-1.4704212598425197
11
10.8138976377952751
21
-1.4727992125984253
0
LINE
8
CYAN2
6
CONTINUOUS
10
10.8138976377952751
20
-1.4727992125984253
11
10.8115196850393698
21
-1.4704212598425197
0
LINE
8
CYAN2
6
CONTINUOUS
10
10.8115196850393698
20
-1.4704212598425197
11
10.8138976377952751
21
-1.4680393700787402
0
LINE
8
CYAN2
6
CONTINUOUS
10
10.8138976377952751
20
-1.4680393700787402
11
10.8138976377952751
21
-1.4727992125984253
0
LINE
8
CYAN2
6
CONTINUOUS
10
10.8639015748031493
20
-1.4727992125984253
11
10.8353307086614183
21
-1.4727992125984253
0
LINE
8
CYAN2
6
CONTINUOUS
10
10.8496141732283462
20
-1.4727992125984253
11
10.8496141732283462
21
-1.4227992125984252
0
LINE
8
CYAN2
6
CONTINUOUS
10
10.8496141732283462
20
-1.4227992125984252
11
10.844854330708662
21
-1.4299448818897638
0
LINE
8
CYAN2
6
CONTINUOUS
10
10.844854330708662
20
-1.4299448818897638
11
10.8400905511811025
21
-1.4347047244094489
0
LINE
8
CYAN2
6
CONTINUOUS
10
10.8400905511811025
20
-1.4347047244094489
11
10.8353307086614183
21
-1.4370866141732284
0
LINE
8
CYAN2
6
CONTINUOUS
10
10.9067559055118117
20
-1.4394685039370079
11
10.9067559055118117
21
-1.4727992125984253
0
LINE
8
CYAN2
6
CONTINUOUS
10
10.8853267716535438
20
-1.4394685039370079
11
10.8853267716535438
21
-1.4656574803149607
0
LINE
8
CYAN2
6
CONTINUOUS
10
10.8853267716535438
20
-1.4656574803149607
11
10.8877086614173226
21
-1.4704212598425197
0
LINE
8
CYAN2
6
CONTINUOUS
10
10.8877086614173226
20
-1.4704212598425197
11
10.8924724409448821
21
-1.4727992125984253
0
LINE
8
CYAN2
6
CONTINUOUS
10
10.8924724409448821
20
-1.4727992125984253
11
10.8996141732283469
21
-1.4727992125984253
0
LINE
8
CYAN2
6
CONTINUOUS
10
10.8996141732283469
20
-1.4727992125984253
11
10.9043740157480311
21
-1.4704212598425197
0
LINE
8
CYAN2
6
CONTINUOUS
10
10.9043740157480311
20
-1.4704212598425197
11
10.9067559055118117
21
-1.4680393700787402
0
LINE
8
CYAN2
6
CONTINUOUS
10
10.947232283464567
20
-1.4466102362204725
11
10.930562992125985
21
-1.4466102362204725
0
LINE
8
CYAN2
6
CONTINUOUS
10
10.930562992125985
20
-1.4727992125984253
11
10.930562992125985
21
-1.4227992125984252
0
LINE
8
CYAN2
6
CONTINUOUS
10
10.930562992125985
20
-1.4227992125984252
11
10.9543740157480318
21
-1.4227992125984252
0
LINE
8
RED2
6
CONTINUOUS
10
10.5999999999999996
20
-1.3600000000000001
11
10.5999999999999996
21
-1.25
0
LINE
8
RED2
6
CONTINUOUS
10
10.5999999999999996
20
-1.4399999999999999
11
10.5999999999999996
21
-1.55
0
LINE
8
CYAN2
6
CONTINUOUS
10
10.3848503937007877
20
-1.3180433070866142
11
10.3824724409448823
21
-1.3204251968503937
0
LINE
8
CYAN2
6
CONTINUOUS
10
10.3824724409448823
20
-1.3204251968503937
11
10.375326771653544
21
-1.3228031496062993
0
LINE
8
CYAN2
6
CONTINUOUS
10
10.375326771653544
20
-1.3228031496062993
11
10.370566929133858
21
-1.3228031496062993
0
LINE
8
CYAN2
6
CONTINUOUS
10
10.370566929133858
20
-1.3228031496062993
11
10.3634251968503932
21
-1.3204251968503937
0
LINE
8
CYAN2
6
CONTINUOUS
10
10.3634251968503932
20
-1.3204251968503937
11
10.3586614173228355
21
-1.3156614173228347
0
LINE
8
CYAN2
6
CONTINUOUS
10
10.3586614173228355
20
-1.3156614173228347
11
10.3562795275590549
21
-1.3108976377952757
0
LINE
8
CYAN2
6
CONTINUOUS
10
10.3562795275590549
20
-1.3108976377952757
11
10.3539015748031495
21
-1.3013740157480316
0
LINE
8
CYAN2
6
CONTINUOUS
10
10.3539015748031495
20
-1.3013740157480316
11
10.3539015748031495
21
-1.294232283464567
0
LINE
8
CYAN2
6
CONTINUOUS
10
10.3539015748031495
20
-1.294232283464567
11
10.3562795275590549
21
-1.2847086614173229
0
LINE
8
CYAN2
6
CONTINUOUS
10
10.3562795275590549
20
-1.2847086614173229
11
10.3586614173228355
21
-1.2799488188976378
0
LINE
8
CYAN2
6
CONTINUOUS
10
10.3586614173228355
20
-1.2799488188976378
11
10.3634251968503932
21
-1.2751850393700788
0
LINE
8
CYAN2
6
CONTINUOUS
10
10.3634251968503932
20
-1.2751850393700788
11
10.370566929133858
21
-1.2728031496062993
0
LINE
8
CYAN2
6
CONTINUOUS
10
10.370566929133858
20
-1.2728031496062993
11
10.375326771653544
21
-1.2728031496062993
0
LINE
8
CYAN2
6
CONTINUOUS
10
10.375326771653544
20
-1.2728031496062993
11
10.3824724409448823
21
-1.2751850393700788
0
LINE
8
CYAN2
6
CONTINUOUS
10
10.3824724409448823
20
-1.2751850393700788
11
10.3848503937007877
21
-1.2775669291338583
0
LINE
8
CYAN2
6
CONTINUOUS
10
10.4086614173228345
20
-1.3228031496062993
11
10.4181850393700799
21
-1.3228031496062993
0
LINE
8
CYAN2
6
CONTINUOUS
10
10.4181850393700799
20
-1.3228031496062993
11
10.4229488188976376
21
-1.3204251968503937
0
LINE
8
CYAN2
6
CONTINUOUS
10
10.4229488188976376
20
-1.3204251968503937
11
10.4253267716535429
21
-1.3180433070866142
0
LINE
8
CYAN2
6
CONTINUOUS
10
10.4253267716535429
20
-1.3180433070866142
11
10.4300905511811024
21
-1.3108976377952757
0
LINE
8
CYAN2
6
CONTINUOUS
10
10.4300905511811024
20
-1.3108976377952757
11
10.432472440944883
21
-1.3013740157480316
0
LINE
8
CYAN2
6
CONTINUOUS
10
10.432472440944883
20
-1.3013740157480316
11
10.432472440944883
21
-1.2823267716535434
0
LINE
8
CYAN2
6
CONTINUOUS
10
10.432472440944883
20
-1.2823267716535434
11
10.4300905511811024
21
-1.2775669291338583
0
LINE
8
CYAN2
6
CONTINUOUS
10
10.4300905511811024
20
-1.2775669291338583
11
10.4277086614173236
21
-1.2751850393700788
0
LINE
8
CYAN2
6
CONTINUOUS
10
10.4277086614173236
20
-1.2751850393700788
11
10.4229488188976376
21
-1.2728031496062993
0
LINE
8
CYAN2
6
CONTINUOUS
10
10.4229488188976376
20
-1.2728031496062993
11
10.4134251968503939
21
-1.2728031496062993
0
LINE
8
CYAN2
6
CONTINUOUS
10
10.4134251968503939
20
-1.2728031496062993
11
10.4086614173228345
21
-1.2751850393700788
0
LINE
8
CYAN2
6
CONTINUOUS
10
10.4086614173228345
20
-1.2751850393700788
11
10.4062795275590556
21
-1.2775669291338583
0
LINE
8
CYAN2
6
CONTINUOUS
10
10.4062795275590556
20
-1.2775669291338583
11
10.4039015748031503
21
-1.2823267716535434
0
LINE
8
CYAN2
6
CONTINUOUS
10
10.4039015748031503
20
-1.2823267716535434
11
10.4039015748031503
21
-1.294232283464567
0
LINE
8
CYAN2
6
CONTINUOUS
10
10.4039015748031503
20
-1.294232283464567
11
10.4062795275590556
21
-1.298996062992126
0
LINE
8
CYAN2
6
CONTINUOUS
10
10.4062795275590556
20
-1.298996062992126
11
10.4086614173228345
21
-1.3013740157480316
0
LINE
8
CYAN2
6
CONTINUOUS
10
10.4086614173228345
20
-1.3013740157480316
11
10.4134251968503939
21
-1.3037559055118111
0
LINE
8
CYAN2
6
CONTINUOUS
10
10.4134251968503939
20
-1.3037559055118111
11
10.4229488188976376
21
-1.3037559055118111
0
LINE
8
CYAN2
6
CONTINUOUS
10
10.4229488188976376
20
-1.3037559055118111
11
10.4277086614173236
21
-1.3013740157480316
0
LINE
8
CYAN2
6
CONTINUOUS
10
10.4277086614173236
20
-1.3013740157480316
11
10.4300905511811024
21
-1.298996062992126
0
LINE
8
CYAN2
6
CONTINUOUS
10
10.4300905511811024
20
-1.298996062992126
11
10.432472440944883
21
-1.294232283464567
0
LINE
8
CYAN2
6
CONTINUOUS
10
10.3558031496062988
20
-1.5328031496062993
11
10.3605669291338582
21
-1.5328031496062993
0
LINE
8
CYAN2
6
CONTINUOUS
10
10.3605669291338582
20
-1.5328031496062993
11
10.3653267716535442
21
-1.5351850393700788
0
LINE
8
CYAN2
6
CONTINUOUS
10
10.3653267716535442
20
-1.5351850393700788
11
10.3677086614173231
21
-1.5375669291338583
0
LINE
8
CYAN2
6
CONTINUOUS
10
10.3677086614173231
20
-1.5375669291338583
11
10.3700905511811019
21
-1.5423267716535434
0
LINE
8
CYAN2
6
CONTINUOUS
10
10.3700905511811019
20
-1.5423267716535434
11
10.3724724409448825
21
-1.5518503937007875
0
LINE
8
CYAN2
6
CONTINUOUS
10
10.3724724409448825
20
-1.5518503937007875
11
10.3724724409448825
21
-1.5637559055118111
0
LINE
8
CYAN2
6
CONTINUOUS
10
10.3724724409448825
20
-1.5637559055118111
11
10.3700905511811019
21
-1.5732795275590552
0
LINE
8
CYAN2
6
CONTINUOUS
10
10.3700905511811019
20
-1.5732795275590552
11
10.3677086614173231
21
-1.5780433070866142
0
LINE
8
CYAN2
6
CONTINUOUS
10
10.3677086614173231
20
-1.5780433070866142
11
10.3653267716535442
21
-1.5804251968503937
0
LINE
8
CYAN2
6
CONTINUOUS
10
10.3653267716535442
20
-1.5804251968503937
11
10.3605669291338582
21
-1.5828031496062993
0
LINE
8
CYAN2
6
CONTINUOUS
10
10.3605669291338582
20
-1.5828031496062993
11
10.3558031496062988
21
-1.5828031496062993
0
LINE
8
CYAN2
6
CONTINUOUS
10
10.3558031496062988
20
-1.5828031496062993
11
10.3510433070866146
21
-1.5804251968503937
0
LINE
8
CYAN2
6
CONTINUOUS
10
10.3510433070866146
20
-1.5804251968503937
11
10.3486614173228357
21
-1.5780433070866142
0
LINE
8
CYAN2
6
CONTINUOUS
10
10.3486614173228357
20
-1.5780433070866142
11
10.3462795275590551
21
-1.5732795275590552
0
LINE
8
CYAN2
6
CONTINUOUS
10
10.3462795275590551
20
-1.5732795275590552
11
10.3439015748031498
21
-1.5637559055118111
0
LINE
8
CYAN2
6
CONTINUOUS
10
10.3439015748031498
20
-1.5637559055118111
11
10.3439015748031498
21
-1.5518503937007875
0
LINE
8
CYAN2
6
CONTINUOUS
10
10.3439015748031498
20
-1.5518503937007875
11
10.3462795275590551
21
-1.5423267716535434
0
LINE
8
CYAN2
6
CONTINUOUS
10
10.3462795275590551
20
-1.5423267716535434
11
10.3486614173228357
21
-1.5375669291338583
0
LINE
8
CYAN2
6
CONTINUOUS
10
10.3486614173228357
20
-1.5375669291338583
11
10.3510433070866146
21
-1.5351850393700788
0
LINE
8
CYAN2
6
CONTINUOUS
10
10.3510433070866146
20
-1.5351850393700788
11
10.3558031496062988
21
-1.5328031496062993
0
LINE
8
CYAN2
6
CONTINUOUS
10
10.3938976377952752
20
-1.5780433070866142
11
10.3962795275590558
21
-1.5804251968503937
0
LINE
8
CYAN2
6
CONTINUOUS
10
10.3962795275590558
20
-1.5804251968503937
11
10.3938976377952752
21
-1.5828031496062993
0
LINE
8
CYAN2
6
CONTINUOUS
10
10.3938976377952752
20
-1.5828031496062993
11
10.3915196850393698
21
-1.5804251968503937
0
LINE
8
CYAN2
6
CONTINUOUS
10
10.3915196850393698
20
-1.5804251968503937
11
10.3938976377952752
21
-1.5780433070866142
0
LINE
8
CYAN2
6
CONTINUOUS
10
10.3938976377952752
20
-1.5780433070866142
11
10.3938976377952752
21
-1.5828031496062993
0
LINE
8
CYAN2
6
CONTINUOUS
10
10.4439015748031494
20
-1.5828031496062993
11
10.4153307086614184
21
-1.5828031496062993
0
LINE
8
CYAN2
6
CONTINUOUS
10
10.4296141732283463
20
-1.5828031496062993
11
10.4296141732283463
21
-1.5328031496062993
0
LINE
8
CYAN2
6
CONTINUOUS
10
10.4296141732283463
20
-1.5328031496062993
11
10.4248543307086621
21
-1.5399488188976378
0
LINE
8
CYAN2
6
CONTINUOUS
10
10.4248543307086621
20
-1.5399488188976378
11
10.4200905511811026
21
-1.5447086614173229
0
LINE
8
CYAN2
6
CONTINUOUS
10
10.4200905511811026
20
-1.5447086614173229
11
10.4153307086614184
21
-1.5470905511811024
0
LINE
8
CYAN2
6
CONTINUOUS
10
10.4867559055118118
20
-1.5494724409448819
11
10.4867559055118118
21
-1.5828031496062993
0
LINE
8
CYAN2
6
CONTINUOUS
10
10.4653267716535439
20
-1.5494724409448819
11
10.4653267716535439
21
-1.5756614173228347
0
LINE
8
CYAN2
6
CONTINUOUS
10
10.4653267716535439
20
-1.5756614173228347
11
10.4677086614173227
21
-1.5804251968503937
0
LINE
8
CYAN2
6
CONTINUOUS
10
10.4677086614173227
20
-1.5804251968503937
11
10.4724724409448822
21
-1.5828031496062993
0
LINE
8
CYAN2
6
CONTINUOUS
10
10.4724724409448822
20
-1.5828031496062993
11
10.479614173228347
21
-1.5828031496062993
0
LINE
8
CYAN2
6
CONTINUOUS
10
10.479614173228347
20
-1.5828031496062993
11
10.4843740157480312
21
-1.5804251968503937
0
LINE
8
CYAN2
6
CONTINUOUS
10
10.4843740157480312
20
-1.5804251968503937
11
10.4867559055118118
21
-1.5780433070866142
0
LINE
8
CYAN2
6
CONTINUOUS
10
10.5272322834645671
20
-1.5566141732283465
11
10.5105629921259851
21
-1.5566141732283465
0
LINE
8
CYAN2
6
CONTINUOUS
10
10.5105629921259851
20
-1.5828031496062993
11
10.5105629921259851
21
-1.5328031496062993
0
LINE
8
CYAN2
6
CONTINUOUS
10
10.5105629921259851
20
-1.5328031496062993
11
10.5343740157480319
21
-1.5328031496062993
0
LINE
8
RED2
6
CONTINUOUS
10
10.3000000000000007
20
-1.3600000000000001
11
10.3000000000000007
21
-1.25
0
LINE
8
RED2
6
CONTINUOUS
10
10.3000000000000007
20
-1.4399999999999999
11
10.3000000000000007
21
-1.55
0
LINE
8
CYAN2
6
CONTINUOUS
10
5.0948503937007876
20
-2.7180393700787402
11
5.0924724409448823
21
-2.7204212598425199
0
LINE
8
CYAN2
6
CONTINUOUS
10
5.0924724409448823
20
-2.7204212598425199
11
5.0853267716535431
21
-2.7227992125984253
0
LINE
8
CYAN2
6
CONTINUOUS
10
5.0853267716535431
20
-2.7227992125984253
11
5.0805669291338589
21
-2.7227992125984253
0
LINE
8
CYAN2
6
CONTINUOUS
10
5.0805669291338589
20
-2.7227992125984253
11
5.0734251968503941
21
-2.7204212598425199
0
LINE
8
CYAN2
6
CONTINUOUS
10
5.0734251968503941
20
-2.7204212598425199
11
5.0686614173228346
21
-2.7156574803149609
0
LINE
8
CYAN2
6
CONTINUOUS
10
5.0686614173228346
20
-2.7156574803149609
11
5.0662795275590558
21
-2.7108937007874019
0
LINE
8
CYAN2
6
CONTINUOUS
10
5.0662795275590558
20
-2.7108937007874019
11
5.0639015748031495
21
-2.7013700787401578
0
LINE
8
CYAN2
6
CONTINUOUS
10
5.0639015748031495
20
-2.7013700787401578
11
5.0639015748031495
21
-2.694228346456693
0
LINE
8
CYAN2
6
CONTINUOUS
10
5.0639015748031495
20
-2.694228346456693
11
5.0662795275590558
21
-2.6847047244094489
0
LINE
8
CYAN2
6
CONTINUOUS
10
5.0662795275590558
20
-2.6847047244094489
11
5.0686614173228346
21
-2.6799448818897638
0
LINE
8
CYAN2
6
CONTINUOUS
10
5.0686614173228346
20
-2.6799448818897638
11
5.0734251968503941
21
-2.6751811023622047
0
LINE
8
CYAN2
6
CONTINUOUS
10
5.0734251968503941
20
-2.6751811023622047
11
5.0805669291338589
21
-2.6727992125984255
0
LINE
8
CYAN2
6
CONTINUOUS
10
5.0805669291338589
20
-2.6727992125984255
11
5.0853267716535431
21
-2.6727992125984255
0
LINE
8
CYAN2
6
CONTINUOUS
10
5.0853267716535431
20
-2.6727992125984255
11
5.0924724409448823
21
-2.6751811023622047
0
LINE
8
CYAN2
6
CONTINUOUS
10
5.0924724409448823
20
-2.6751811023622047
11
5.0948503937007876
21
-2.6775629921259845
0
LINE
8
CYAN2
6
CONTINUOUS
10
5.1377086614173226
20
-2.6727992125984255
11
5.128185039370079
21
-2.6727992125984255
0
LINE
8
CYAN2
6
CONTINUOUS
10
5.128185039370079
20
-2.6727992125984255
11
5.1234251968503939
21
-2.6751811023622047
0
LINE
8
CYAN2
6
CONTINUOUS
10
5.1234251968503939
20
-2.6751811023622047
11
5.1210433070866141
21
-2.6775629921259845
0
LINE
8
CYAN2
6
CONTINUOUS
10
5.1210433070866141
20
-2.6775629921259845
11
5.1162795275590556
21
-2.6847047244094489
0
LINE
8
CYAN2
6
CONTINUOUS
10
5.1162795275590556
20
-2.6847047244094489
11
5.1139015748031502
21
-2.694228346456693
0
LINE
8
CYAN2
6
CONTINUOUS
10
5.1139015748031502
20
-2.694228346456693
11
5.1139015748031502
21
-2.7132755905511812
0
LINE
8
CYAN2
6
CONTINUOUS
10
5.1139015748031502
20
-2.7132755905511812
11
5.1162795275590556
21
-2.7180393700787402
0
LINE
8
CYAN2
6
CONTINUOUS
10
5.1162795275590556
20
-2.7180393700787402
11
5.1186614173228344
21
-2.7204212598425199
0
LINE
8
CYAN2
6
CONTINUOUS
10
5.1186614173228344
20
-2.7204212598425199
11
5.1234251968503939
21
-2.7227992125984253
0
LINE
8
CYAN2
6
CONTINUOUS
10
5.1234251968503939
20
-2.7227992125984253
11
5.1329488188976384
21
-2.7227992125984253
0
LINE
8
CYAN2
6
CONTINUOUS
10
5.1329488188976384
20
-2.7227992125984253
11
5.1377086614173226
21
-2.7204212598425199
0
LINE
8
CYAN2
6
CONTINUOUS
10
5.1377086614173226
20
-2.7204212598425199
11
5.1400905511811024
21
-2.7180393700787402
0
LINE
8
CYAN2
6
CONTINUOUS
10
5.1400905511811024
20
-2.7180393700787402
11
5.1424724409448821
21
-2.7132755905511812
0
LINE
8
CYAN2
6
CONTINUOUS
10
5.1424724409448821
20
-2.7132755905511812
11
5.1424724409448821
21
-2.7013700787401578
0
LINE
8
CYAN2
6
CONTINUOUS
10
5.1424724409448821
20
-2.7013700787401578
11
5.1400905511811024
21
-2.6966102362204727
0
LINE
8
CYAN2
6
CONTINUOUS
10
5.1400905511811024
20
-2.6966102362204727
11
5.1377086614173226
21
-2.694228346456693
0
LINE
8
CYAN2
6
CONTINUOUS
10
5.1377086614173226
20
-2.694228346456693
11
5.1329488188976384
21
-2.6918464566929137
0
LINE
8
CYAN2
6
CONTINUOUS
10
5.1329488188976384
20
-2.6918464566929137
11
5.1234251968503939
21
-2.6918464566929137
0
LINE
8
CYAN2
6
CONTINUOUS
10
5.1234251968503939
20
-2.6918464566929137
11
5.1186614173228344
21
-2.694228346456693
0
LINE
8
CYAN2
6
CONTINUOUS
10
5.1186614173228344
20
-2.694228346456693
11
5.1162795275590556
21
-2.6966102362204727
0
LINE
8
CYAN2
6
CONTINUOUS
10
5.1162795275590556
20
-2.6966102362204727
11
5.1139015748031502
21
-2.7013700787401578
0
LINE
8
CYAN2
6
CONTINUOUS
10
5.0758031496062994
20
-2.7727992125984251
11
5.0805669291338589
21
-2.7727992125984251
0
LINE
8
CYAN2
6
CONTINUOUS
10
5.0805669291338589
20
-2.7727992125984251
11
5.0853267716535431
21
-2.7751811023622048
0
LINE
8
CYAN2
6
CONTINUOUS
10
5.0853267716535431
20
-2.7751811023622048
11
5.0877086614173228
21
-2.7775629921259846
0
LINE
8
CYAN2
6
CONTINUOUS
10
5.0877086614173228
20
-2.7775629921259846
11
5.0900905511811025
21
-2.7823228346456692
0
LINE
8
CYAN2
6
CONTINUOUS
10
5.0900905511811025
20
-2.7823228346456692
11
5.0924724409448823
21
-2.7918464566929133
0
LINE
8
CYAN2
6
CONTINUOUS
10
5.0924724409448823
20
-2.7918464566929133
11
5.0924724409448823
21
-2.8037519685039372
0
LINE
8
CYAN2
6
CONTINUOUS
10
5.0924724409448823
20
-2.8037519685039372
11
5.0900905511811025
21
-2.8132755905511813
0
LINE
8
CYAN2
6
CONTINUOUS
10
5.0900905511811025
20
-2.8132755905511813
11
5.0877086614173228
21
-2.8180393700787403
0
LINE
8
CYAN2
6
CONTINUOUS
10
5.0877086614173228
20
-2.8180393700787403
11
5.0853267716535431
21
-2.82042125984252
0
LINE
8
CYAN2
6
CONTINUOUS
10
5.0853267716535431
20
-2.82042125984252
11
5.0805669291338589
21
-2.8227992125984254
0
LINE
8
CYAN2
6
CONTINUOUS
10
5.0805669291338589
20
-2.8227992125984254
11
5.0758031496062994
21
-2.8227992125984254
0
LINE
8
CYAN2
6
CONTINUOUS
10
5.0758031496062994
20
-2.8227992125984254
11
5.0710433070866143
21
-2.82042125984252
0
LINE
8
CYAN2
6
CONTINUOUS
10
5.0710433070866143
20
-2.82042125984252
11
5.0686614173228346
21
-2.8180393700787403
0
LINE
8
CYAN2
6
CONTINUOUS
10
5.0686614173228346
20
-2.8180393700787403
11
5.0662795275590558
21
-2.8132755905511813
0
LINE
8
CYAN2
6
CONTINUOUS
10
5.0662795275590558
20
-2.8132755905511813
11
5.0639015748031495
21
-2.8037519685039372
0
LINE
8
CYAN2
6
CONTINUOUS
10
5.0639015748031495
20
-2.8037519685039372
11
5.0639015748031495
21
-2.7918464566929133
0
LINE
8
CYAN2
6
CONTINUOUS
10
5.0639015748031495
20
-2.7918464566929133
11
5.0662795275590558
21
-2.7823228346456692
0
LINE
8
CYAN2
6
CONTINUOUS
10
5.0662795275590558
20
-2.7823228346456692
11
5.0686614173228346
21
-2.7775629921259846
0
LINE
8
CYAN2
6
CONTINUOUS
10
5.0686614173228346
20
-2.7775629921259846
11
5.0710433070866143
21
-2.7751811023622048
0
LINE
8
CYAN2
6
CONTINUOUS
10
5.0710433070866143
20
-2.7751811023622048
11
5.0758031496062994
21
-2.7727992125984251
0
LINE
8
CYAN2
6
CONTINUOUS
10
5.1138976377952758
20
-2.8180393700787403
11
5.1162795275590556
21
-2.82042125984252
0
LINE
8
CYAN2
6
CONTINUOUS
10
5.1162795275590556
20
-2.82042125984252
11
5.1138976377952758
21
-2.8227992125984254
0
LINE
8
CYAN2
6
CONTINUOUS
10
5.1138976377952758
20
-2.8227992125984254
11
5.1115196850393705
21
-2.82042125984252
0
LINE
8
CYAN2
6
CONTINUOUS
10
5.1115196850393705
20
-2.82042125984252
11
5.1138976377952758
21
-2.8180393700787403
0
LINE
8
CYAN2
6
CONTINUOUS
10
5.1138976377952758
20
-2.8180393700787403
11
5.1138976377952758
21
-2.8227992125984254
0
LINE
8
CYAN2
6
CONTINUOUS
10
5.1472322834645672
20
-2.7727992125984251
11
5.1519960629921258
21
-2.7727992125984251
0
LINE
8
CYAN2
6
CONTINUOUS
10
5.1519960629921258
20
-2.7727992125984251
11
5.1567559055118108
21
-2.7751811023622048
0
LINE
8
CYAN2
6
CONTINUOUS
10
5.1567559055118108
20
-2.7751811023622048
11
5.1591377952755906
21
-2.7775629921259846
0
LINE
8
CYAN2
6
CONTINUOUS
10
5.1591377952755906
20
-2.7775629921259846
11
5.1615196850393703
21
-2.7823228346456692
0
LINE
8
CYAN2
6
CONTINUOUS
10
5.1615196850393703
20
-2.7823228346456692
11
5.16390157480315
21
-2.7918464566929133
0
LINE
8
CYAN2
6
CONTINUOUS
10
5.16390157480315
20
-2.7918464566929133
11
5.16390157480315
21
-2.8037519685039372
0
LINE
8
CYAN2
6
CONTINUOUS
10
5.16390157480315
20
-2.8037519685039372
11
5.1615196850393703
21
-2.8132755905511813
0
LINE
8
CYAN2
6
CONTINUOUS
10
5.1615196850393703
20
-2.8132755905511813
11
5.1591377952755906
21
-2.8180393700787403
0
LINE
8
CYAN2
6
CONTINUOUS
10
5.1591377952755906
20
-2.8180393700787403
11
5.1567559055118108
21
-2.82042125984252
0
LINE
8
CYAN2
6
CONTINUOUS
10
5.1567559055118108
20
-2.82042125984252
11
5.1519960629921258
21
-2.8227992125984254
0
LINE
8
CYAN2
6
CONTINUOUS
10
5.1519960629921258
20
-2.8227992125984254
11
5.1472322834645672
21
-2.8227992125984254
0
LINE
8
CYAN2
6
CONTINUOUS
10
5.1472322834645672
20
-2.8227992125984254
11
5.1424724409448821
21
-2.82042125984252
0
LINE
8
CYAN2
6
CONTINUOUS
10
5.1424724409448821
20
-2.82042125984252
11
5.1400905511811024
21
-2.8180393700787403
0
LINE
8
CYAN2
6
CONTINUOUS
10
5.1400905511811024
20
-2.8180393700787403
11
5.1377086614173226
21
-2.8132755905511813
0
LINE
8
CYAN2
6
CONTINUOUS
10
5.1377086614173226
20
-2.8132755905511813
11
5.1353307086614173
21
-2.8037519685039372
0
LINE
8
CYAN2
6
CONTINUOUS
10
5.1353307086614173
20
-2.8037519685039372
11
5.1353307086614173
21
-2.7918464566929133
0
LINE
8
CYAN2
6
CONTINUOUS
10
5.1353307086614173
20
-2.7918464566929133
11
5.1377086614173226
21
-2.7823228346456692
0
LINE
8
CYAN2
6
CONTINUOUS
10
5.1377086614173226
20
-2.7823228346456692
11
5.1400905511811024
21
-2.7775629921259846
0
LINE
8
CYAN2
6
CONTINUOUS
10
5.1400905511811024
20
-2.7775629921259846
11
5.1424724409448821
21
-2.7751811023622048
0
LINE
8
CYAN2
6
CONTINUOUS
10
5.1424724409448821
20
-2.7751811023622048
11
5.1472322834645672
21
-2.7727992125984251
0
LINE
8
CYAN2
6
CONTINUOUS
10
5.2115196850393701
20
-2.8227992125984254
11
5.1829488188976383
21
-2.8227992125984254
0
LINE
8
CYAN2
6
CONTINUOUS
10
5.197232283464567
20
-2.8227992125984254
11
5.197232283464567
21
-2.7727992125984251
0
LINE
8
CYAN2
6
CONTINUOUS
10
5.197232283464567
20
-2.7727992125984251
11
5.1924724409448819
21
-2.7799448818897639
0
LINE
8
CYAN2
6
CONTINUOUS
10
5.1924724409448819
20
-2.7799448818897639
11
5.1877086614173233
21
-2.7847047244094489
0
LINE
8
CYAN2
6
CONTINUOUS
10
5.1877086614173233
20
-2.7847047244094489
11
5.1829488188976383
21
-2.7870866141732287
0
LINE
8
CYAN2
6
CONTINUOUS
10
5.2543740157480316
20
-2.789468503937008
11
5.2543740157480316
21
-2.8227992125984254
0
LINE
8
CYAN2
6
CONTINUOUS
10
5.2329448818897637
20
-2.789468503937008
11
5.2329448818897637
21
-2.8156574803149605
0
LINE
8
CYAN2
6
CONTINUOUS
10
5.2329448818897637
20
-2.8156574803149605
11
5.2353267716535434
21
-2.82042125984252
0
LINE
8
CYAN2
6
CONTINUOUS
10
5.2353267716535434
20
-2.82042125984252
11
5.2400905511811029
21
-2.8227992125984254
0
LINE
8
CYAN2
6
CONTINUOUS
10
5.2400905511811029
20
-2.8227992125984254
11
5.2472322834645668
21
-2.8227992125984254
0
LINE
8
CYAN2
6
CONTINUOUS
10
5.2472322834645668
20
-2.8227992125984254
11
5.2519921259842519
21
-2.82042125984252
0
LINE
8
CYAN2
6
CONTINUOUS
10
5.2519921259842519
20
-2.82042125984252
11
5.2543740157480316
21
-2.8180393700787403
0
LINE
8
CYAN2
6
CONTINUOUS
10
5.2948503937007878
20
-2.7966102362204723
11
5.2781811023622049
21
-2.7966102362204723
0
LINE
8
CYAN2
6
CONTINUOUS
10
5.2781811023622049
20
-2.8227992125984254
11
5.2781811023622049
21
-2.7727992125984251
0
LINE
8
CYAN2
6
CONTINUOUS
10
5.2781811023622049
20
-2.7727992125984251
11
5.3019921259842517
21
-2.7727992125984251
0
LINE
8
RED2
6
CONTINUOUS
10
4.9000000000000004
20
-2.71
11
4.9000000000000004
21
-2.6000000000000001
0
LINE
8
RED2
6
CONTINUOUS
10
4.9000000000000004
20
-2.79
11
4.9000000000000004
21
-2.8999999999999999
0
LINE
8
CYAN2
6
CONTINUOUS
10
5.5948503937007876
20
-2.9280393700787402
11
5.5924724409448823
21
-2.9304212598425199
0
LINE
8
CYAN2
6
CONTINUOUS
10
5.5924724409448823
20
-2.9304212598425199
11
5.5853267716535431
21
-2.9327992125984252
0
LINE
8
CYAN2
6
CONTINUOUS
10
5.5853267716535431
20
-2.9327992125984252
11
5.5805669291338589
21
-2.9327992125984252
0
LINE
8
CYAN2
6
CONTINUOUS
10
5.5805669291338589
20
-2.9327992125984252
11
5.5734251968503941
21
-2.9304212598425199
0
LINE
8
CYAN2
6
CONTINUOUS
10
5.5734251968503941
20
-2.9304212598425199
11
5.5686614173228346
21
-2.9256574803149609
0
LINE
8
CYAN2
6
CONTINUOUS
10
5.5686614173228346
20
-2.9256574803149609
11
5.5662795275590558
21
-2.9208937007874018
0
LINE
8
CYAN2
6
CONTINUOUS
10
5.5662795275590558
20
-2.9208937007874018
11
5.5639015748031495
21
-2.9113700787401577
0
LINE
8
CYAN2
6
CONTINUOUS
10
5.5639015748031495
20
-2.9113700787401577
11
5.5639015748031495
21
-2.9042283464566929
0
LINE
8
CYAN2
6
CONTINUOUS
10
5.5639015748031495
20
-2.9042283464566929
11
5.5662795275590558
21
-2.8947047244094488
0
LINE
8
CYAN2
6
CONTINUOUS
10
5.5662795275590558
20
-2.8947047244094488
11
5.5686614173228346
21
-2.8899448818897637
0
LINE
8
CYAN2
6
CONTINUOUS
10
5.5686614173228346
20
-2.8899448818897637
11
5.5734251968503941
21
-2.8851811023622047
0
LINE
8
CYAN2
6
CONTINUOUS
10
5.5734251968503941
20
-2.8851811023622047
11
5.5805669291338589
21
-2.8827992125984254
0
LINE
8
CYAN2
6
CONTINUOUS
10
5.5805669291338589
20
-2.8827992125984254
11
5.5853267716535431
21
-2.8827992125984254
0
LINE
8
CYAN2
6
CONTINUOUS
10
5.5853267716535431
20
-2.8827992125984254
11
5.5924724409448823
21
-2.8851811023622047
0
LINE
8
CYAN2
6
CONTINUOUS
10
5.5924724409448823
20
-2.8851811023622047
11
5.5948503937007876
21
-2.8875629921259844
0
LINE
8
CYAN2
6
CONTINUOUS
10
5.6115196850393705
20
-2.8827992125984254
11
5.6448503937007874
21
-2.8827992125984254
0
LINE
8
CYAN2
6
CONTINUOUS
10
5.6448503937007874
20
-2.8827992125984254
11
5.6234251968503939
21
-2.9327992125984252
0
LINE
8
CYAN2
6
CONTINUOUS
10
5.5924724409448823
20
-3.0327992125984253
11
5.5639015748031495
21
-3.0327992125984253
0
LINE
8
CYAN2
6
CONTINUOUS
10
5.5781850393700791
20
-3.0327992125984253
11
5.5781850393700791
21
-2.9827992125984255
0
LINE
8
CYAN2
6
CONTINUOUS
10
5.5781850393700791
20
-2.9827992125984255
11
5.5734251968503941
21
-2.9899448818897638
0
LINE
8
CYAN2
6
CONTINUOUS
10
5.5734251968503941
20
-2.9899448818897638
11
5.5686614173228346
21
-2.9947047244094489
0
LINE
8
CYAN2
6
CONTINUOUS
10
5.5686614173228346
20
-2.9947047244094489
11
5.5639015748031495
21
-2.9970866141732286
0
LINE
8
CYAN2
6
CONTINUOUS
10
5.6353267716535438
20
-2.9994685039370079
11
5.6353267716535438
21
-3.0327992125984253
0
LINE
8
CYAN2
6
CONTINUOUS
10
5.6138976377952758
20
-2.9994685039370079
11
5.6138976377952758
21
-3.025657480314961
0
LINE
8
CYAN2
6
CONTINUOUS
10
5.6138976377952758
20
-3.025657480314961
11
5.6162795275590556
21
-3.03042125984252
0
LINE
8
CYAN2
6
CONTINUOUS
10
5.6162795275590556
20
-3.03042125984252
11
5.6210433070866141
21
-3.0327992125984253
0
LINE
8
CYAN2
6
CONTINUOUS
10
5.6210433070866141
20
-3.0327992125984253
11
5.628185039370079
21
-3.0327992125984253
0
LINE
8
CYAN2
6
CONTINUOUS
10
5.628185039370079
20
-3.0327992125984253
11
5.6329448818897641
21
-3.03042125984252
0
LINE
8
CYAN2
6
CONTINUOUS
10
5.6329448818897641
20
-3.03042125984252
11
5.6353267716535438
21
-3.0280393700787402
0
LINE
8
CYAN2
6
CONTINUOUS
10
5.6758031496062991
20
-3.0066102362204727
11
5.6591338582677171
21
-3.0066102362204727
0
LINE
8
CYAN2
6
CONTINUOUS
10
5.6591338582677171
20
-3.0327992125984253
11
5.6591338582677171
21
-2.9827992125984255
0
LINE
8
CYAN2
6
CONTINUOUS
10
5.6591338582677171
20
-2.9827992125984255
11
5.6829448818897639
21
-2.9827992125984255
0
LINE
8
RED2
6
CONTINUOUS
10
5.4000000000000004
20
-2.9100000000000001
11
5.4000000000000004
21
-2.8000000000000003
0
LINE
8
RED2
6
CONTINUOUS
10
5.4000000000000004
20
-2.9700000000000002
11
5.4000000000000004
21
-3.1000000000000001
0
LINE
8
CYAN2
6
CONTINUOUS
10
7.0448503937007878
20
-2.4227992125984255
11
7.0281850393700793
21
-2.3989921259842522
0
LINE
8
CYAN2
6
CONTINUOUS
10
7.016279527559055
20
-2.4227992125984255
11
7.016279527559055
21
-2.3727992125984252
0
LINE
8
CYAN2
6
CONTINUOUS
10
7.016279527559055
20
-2.3727992125984252
11
7.0353267716535433
21
-2.3727992125984252
0
LINE
8
CYAN2
6
CONTINUOUS
10
7.0353267716535433
20
-2.3727992125984252
11
7.0400905511811027
21
-2.3751811023622049
0
LINE
8
CYAN2
6
CONTINUOUS
10
7.0400905511811027
20
-2.3751811023622049
11
7.0424724409448825
21
-2.3775629921259842
0
LINE
8
CYAN2
6
CONTINUOUS
10
7.0424724409448825
20
-2.3775629921259842
11
7.0448503937007878
21
-2.3823228346456693
0
LINE
8
CYAN2
6
CONTINUOUS
10
7.0448503937007878
20
-2.3823228346456693
11
7.0448503937007878
21
-2.389468503937008
0
LINE
8
CYAN2
6
CONTINUOUS
10
7.0448503937007878
20
-2.389468503937008
11
7.0424724409448825
21
-2.3942283464566931
0
LINE
8
CYAN2
6
CONTINUOUS
10
7.0424724409448825
20
-2.3942283464566931
11
7.0400905511811027
21
-2.3966102362204724
0
LINE
8
CYAN2
6
CONTINUOUS
10
7.0400905511811027
20
-2.3966102362204724
11
7.0353267716535433
21
-2.3989921259842522
0
LINE
8
CYAN2
6
CONTINUOUS
10
7.0353267716535433
20
-2.3989921259842522
11
7.016279527559055
21
-2.3989921259842522
0
LINE
8
CYAN2
6
CONTINUOUS
10
7.0900905511811025
20
-2.3727992125984252
11
7.0662795275590558
21
-2.3727992125984252
0
LINE
8
CYAN2
6
CONTINUOUS
10
7.0662795275590558
20
-2.3727992125984252
11
7.0639015748031495
21
-2.3966102362204724
0
LINE
8
CYAN2
6
CONTINUOUS
10
7.0639015748031495
20
-2.3966102362204724
11
7.0662795275590558
21
-2.3942283464566931
0
LINE
8
CYAN2
6
CONTINUOUS
10
7.0662795275590558
20
-2.3942283464566931
11
7.0710433070866143
21
-2.3918464566929134
0
LINE
8
CYAN2
6
CONTINUOUS
10
7.0710433070866143
20
-2.3918464566929134
11
7.0829488188976377
21
-2.3918464566929134
0
LINE
8
CYAN2
6
CONTINUOUS
10
7.0829488188976377
20
-2.3918464566929134
11
7.0877086614173228
21
-2.3942283464566931
0
LINE
8
CYAN2
6
CONTINUOUS
10
7.0877086614173228
20
-2.3942283464566931
11
7.0900905511811025
21
-2.3966102362204724
0
LINE
8
CYAN2
6
CONTINUOUS
10
7.0900905511811025
20
-2.3966102362204724
11
7.0924724409448823
21
-2.4013700787401575
0
LINE
8
CYAN2
6
CONTINUOUS
10
7.0924724409448823
20
-2.4013700787401575
11
7.0924724409448823
21
-2.4132755905511813
0
LINE
8
CYAN2
6
CONTINUOUS
10
7.0924724409448823
20
-2.4132755905511813
11
7.0900905511811025
21
-2.4180393700787404
0
LINE
8
CYAN2
6
CONTINUOUS
10
7.0900905511811025
20
-2.4180393700787404
11
7.0877086614173228
21
-2.4204212598425197
0
LINE
8
CYAN2
6
CONTINUOUS
10
7.0877086614173228
20
-2.4204212598425197
11
7.0829488188976377
21
-2.4227992125984255
0
LINE
8
CYAN2
6
CONTINUOUS
10
7.0829488188976377
20
-2.4227992125984255
11
7.0710433070866143
21
-2.4227992125984255
0
LINE
8
CYAN2
6
CONTINUOUS
10
7.0710433070866143
20
-2.4227992125984255
11
7.0662795275590558
21
-2.4204212598425197
0
LINE
8
CYAN2
6
CONTINUOUS
10
7.0662795275590558
20
-2.4204212598425197
11
7.0639015748031495
21
-2.4180393700787404
0
LINE
8
CYAN2
6
CONTINUOUS
10
7.1234212598425204
20
-2.3727992125984252
11
7.128185039370079
21
-2.3727992125984252
0
LINE
8
CYAN2
6
CONTINUOUS
10
7.128185039370079
20
-2.3727992125984252
11
7.1329448818897641
21
-2.3751811023622049
0
LINE
8
CYAN2
6
CONTINUOUS
10
7.1329448818897641
20
-2.3751811023622049
11
7.1353267716535438
21
-2.3775629921259842
0
LINE
8
CYAN2
6
CONTINUOUS
10
7.1353267716535438
20
-2.3775629921259842
11
7.1377086614173235
21
-2.3823228346456693
0
LINE
8
CYAN2
6
CONTINUOUS
10
7.1377086614173235
20
-2.3823228346456693
11
7.1400905511811024
21
-2.3918464566929134
0
LINE
8
CYAN2
6
CONTINUOUS
10
7.1400905511811024
20
-2.3918464566929134
11
7.1400905511811024
21
-2.4037519685039372
0
LINE
8
CYAN2
6
CONTINUOUS
10
7.1400905511811024
20
-2.4037519685039372
11
7.1377086614173235
21
-2.4132755905511813
0
LINE
8
CYAN2
6
CONTINUOUS
10
7.1377086614173235
20
-2.4132755905511813
11
7.1353267716535438
21
-2.4180393700787404
0
LINE
8
CYAN2
6
CONTINUOUS
10
7.1353267716535438
20
-2.4180393700787404
11
7.1329448818897641
21
-2.4204212598425197
0
LINE
8
CYAN2
6
CONTINUOUS
10
7.1329448818897641
20
-2.4204212598425197
11
7.128185039370079
21
-2.4227992125984255
0
LINE
8
CYAN2
6
CONTINUOUS
10
7.128185039370079
20
-2.4227992125984255
11
7.1234212598425204
21
-2.4227992125984255
0
LINE
8
CYAN2
6
CONTINUOUS
10
7.1234212598425204
20
-2.4227992125984255
11
7.1186614173228353
21
-2.4204212598425197
0
LINE
8
CYAN2
6
CONTINUOUS
10
7.1186614173228353
20
-2.4204212598425197
11
7.1162795275590556
21
-2.4180393700787404
0
LINE
8
CYAN2
6
CONTINUOUS
10
7.1162795275590556
20
-2.4180393700787404
11
7.1138976377952758
21
-2.4132755905511813
0
LINE
8
CYAN2
6
CONTINUOUS
10
7.1138976377952758
20
-2.4132755905511813
11
7.1115196850393705
21
-2.4037519685039372
0
LINE
8
CYAN2
6
CONTINUOUS
10
7.1115196850393705
20
-2.4037519685039372
11
7.1115196850393705
21
-2.3918464566929134
0
LINE
8
CYAN2
6
CONTINUOUS
10
7.1115196850393705
20
-2.3918464566929134
11
7.1138976377952758
21
-2.3823228346456693
0
LINE
8
CYAN2
6
CONTINUOUS
10
7.1138976377952758
20
-2.3823228346456693
11
7.1162795275590556
21
-2.3775629921259842
0
LINE
8
CYAN2
6
CONTINUOUS
10
7.1162795275590556
20
-2.3775629921259842
11
7.1186614173228353
21
-2.3751811023622049
0
LINE
8
CYAN2
6
CONTINUOUS
10
7.1186614173228353
20
-2.3751811023622049
11
7.1234212598425204
21
-2.3727992125984252
0
LINE
8
CYAN2
6
CONTINUOUS
10
7.0424724409448825
20
-2.5227992125984251
11
7.0139015748031497
21
-2.5227992125984251
0
LINE
8
CYAN2
6
CONTINUOUS
10
7.0281850393700793
20
-2.5227992125984251
11
7.0281850393700793
21
-2.4727992125984253
0
LINE
8
CYAN2
6
CONTINUOUS
10
7.0281850393700793
20
-2.4727992125984253
11
7.0234251968503942
21
-2.479944881889764
0
LINE
8
CYAN2
6
CONTINUOUS
10
7.0234251968503942
20
-2.479944881889764
11
7.0186614173228348
21
-2.4847047244094491
0
LINE
8
CYAN2
6
CONTINUOUS
10
7.0186614173228348
20
-2.4847047244094491
11
7.0139015748031497
21
-2.4870866141732284
0
LINE
8
CYAN2
6
CONTINUOUS
10
7.063897637795276
20
-2.5227992125984251
11
7.063897637795276
21
-2.4727992125984253
0
LINE
8
CYAN2
6
CONTINUOUS
10
7.0924685039370079
20
-2.5227992125984251
11
7.0710433070866143
21
-2.4942283464566932
0
LINE
8
CYAN2
6
CONTINUOUS
10
7.0924685039370079
20
-2.4727992125984253
11
7.063897637795276
21
-2.5013700787401576
0
LINE
8
RED2
6
CONTINUOUS
10
6.9000000000000004
20
-2.3500000000000001
11
6.9000000000000004
21
-2.3000000000000003
0
LINE
8
RED2
6
CONTINUOUS
10
6.9000000000000004
20
-2.5500000000000003
11
6.9000000000000004
21
-2.6000000000000001
0
POLYLINE
8
GREEN3
66
1
70
1
40
0.018
41
0.018
0
VERTEX
8
GREEN3
10
7.4409999999999998
 20
-4.7000000000000002
42
1.0
0
VERTEX
8
GREEN3
10
7.4590000000000005
 20
-4.7000000000000002
42
1.0
0
SEQEND
0
POLYLINE
8
GREEN3
66
1
70
1
40
0.018
41
0.018
0
VERTEX
8
GREEN3
10
4.4909999999999997
 20
-6.1500000000000004
42
1.0
0
VERTEX
8
GREEN3
10
4.5090000000000003
 20
-6.1500000000000004
42
1.0
0
SEQEND
0
POLYLINE
8
GREEN3
66
1
70
1
40
0.018
41
0.018
0
VERTEX
8
GREEN3
10
4.4909999999999997
 20
-7.3500000000000005
42
1.0
0
VERTEX
8
GREEN3
10
4.5090000000000003
 20
-7.3500000000000005
42
1.0
0
SEQEND
0
POLYLINE
8
GREEN3
66
1
70
1
40
0.018
41
0.018
0
VERTEX
8
GREEN3
10
6.7409999999999997
 20
-2.3000000000000003
42
1.0
0
VERTEX
8
GREEN3
10
6.7590000000000003
 20
-2.3000000000000003
42
1.0
0
SEQEND
0
POLYLINE
8
GREEN3
66
1
70
1
40
0.018
41
0.018
0
VERTEX
8
GREEN3
10
8.3409999999999993
 20
-2.5
42
1.0
0
VERTEX
8
GREEN3
10
8.359
 20
-2.5
42
1.0
0
SEQEND
0
POLYLINE
8
GREEN3
66
1
70
1
40
0.018
41
0.018
0
VERTEX
8
GREEN3
10
6.0409999999999995
 20
-1.5
42
1.0
0
VERTEX
8
GREEN3
10
6.0590000000000002
 20
-1.5
42
1.0
0
SEQEND
0
POLYLINE
8
GREEN3
66
1
70
1
40
0.018
41
0.018
0
VERTEX
8
GREEN3
10
6.5910000000000002
 20
-2.8000000000000003
42
1.0
0
VERTEX
8
GREEN3
10
6.6090000000000009
 20
-2.8000000000000003
42
1.0
0
SEQEND
0
POLYLINE
8
GREEN3
66
1
70
1
40
0.018
41
0.018
0
VERTEX
8
GREEN3
10
2.5410000000000004
 20
-1.6000000000000001
42
1.0
0
VERTEX
8
GREEN3
10
2.5590000000000002
 20
-1.6000000000000001
42
1.0
0
SEQEND
0
POLYLINE
8
GREEN3
66
1
70
1
40
0.018
41
0.018
0
VERTEX
8
GREEN3
10
2.5410000000000004
 20
-2.1000000000000001
42
1.0
0
VERTEX
8
GREEN3
10
2.5590000000000002
 20
-2.1000000000000001
42
1.0
0
SEQEND
0
POLYLINE
8
GREEN3
66
1
70
1
40
0.018
41
0.018
0
VERTEX
8
GREEN3
10
3.9910000000000001
 20
-2.5
42
1.0
0
VERTEX
8
GREEN3
10
4.0090000000000003
 20
-2.5
42
1.0
0
SEQEND
0
POLYLINE
8
GREEN3
66
1
70
1
40
0.018
41
0.018
0
VERTEX
8
GREEN3
10
8.3409999999999993
 20
-1.45
42
1.0
0
VERTEX
8
GREEN3
10
8.359
 20
-1.45
42
1.0
0
SEQEND
0
POLYLINE
8
GREEN3
66
1
70
1
40
0.018
41
0.018
0
VERTEX
8
GREEN3
10
8.9410000000000007
 20
-1.45
42
1.0
0
VERTEX
8
GREEN3
10
8.9590000000000014
 20
-1.45
42
1.0
0
SEQEND
0
POLYLINE
8
GREEN3
66
1
70
1
40
0.018
41
0.018
0
VERTEX
8
GREEN3
10
8.9410000000000007
 20
-2.9500000000000002
42
1.0
0
VERTEX
8
GREEN3
10
8.9590000000000014
 20
-2.9500000000000002
42
1.0
0
SEQEND
0
POLYLINE
8
GREEN3
66
1
70
1
40
0.018
41
0.018
0
VERTEX
8
GREEN3
10
10.4410000000000007
 20
-1.7
42
1.0
0
VERTEX
8
GREEN3
10
10.4590000000000014
 20
-1.7
42
1.0
0
SEQEND
0
POLYLINE
8
GREEN3
66
1
70
1
40
0.018
41
0.018
0
VERTEX
8
GREEN3
10
10.4410000000000007
 20
-1.1000000000000001
42
1.0
0
VERTEX
8
GREEN3
10
10.4590000000000014
 20
-1.1000000000000001
42
1.0
0
SEQEND
0
POLYLINE
8
GREEN3
66
1
70
1
40
0.018
41
0.018
0
VERTEX
8
GREEN3
10
3.141
 20
-1.6000000000000001
42
1.0
0
VERTEX
8
GREEN3
10
3.1589999999999998
 20
-1.6000000000000001
42
1.0
0
SEQEND
0
POLYLINE
8
GREEN3
66
1
70
1
40
0.018
41
0.018
0
VERTEX
8
GREEN3
10
3.9910000000000001
 20
-2.3000000000000003
42
1.0
0
VERTEX
8
GREEN3
10
4.0090000000000003
 20
-2.3000000000000003
42
1.0
0
SEQEND
0
POLYLINE
8
GREEN3
66
1
70
1
40
0.018
41
0.018
0
VERTEX
8
GREEN3
10
5.391
 20
-3.1499999999999999
42
1.0
0
VERTEX
8
GREEN3
10
5.4090000000000007
 20
-3.1499999999999999
42
1.0
0
SEQEND
0
POLYLINE
8
GREEN3
66
1
70
1
40
0.018
41
0.018
0
VERTEX
8
GREEN3
10
5.391
 20
-2.8000000000000003
42
1.0
0
VERTEX
8
GREEN3
10
5.4090000000000007
 20
-2.8000000000000003
42
1.0
0
SEQEND
0
POLYLINE
8
GREEN3
66
1
70
1
40
0.018
41
0.018
0
VERTEX
8
GREEN3
10
6.0409999999999995
 20
-1.7
42
1.0
0
VERTEX
8
GREEN3
10
6.0590000000000002
 20
-1.7
42
1.0
0
SEQEND
0
POLYLINE
8
GREEN3
66
1
70
1
40
0.018
41
0.018
0
VERTEX
8
GREEN3
10
8.0909999999999993
 20
-2.9500000000000002
42
1.0
0
VERTEX
8
GREEN3
10
8.109
 20
-2.9500000000000002
42
1.0
0
SEQEND
0
POLYLINE
8
GREEN3
66
1
70
1
40
0.018
41
0.018
0
VERTEX
8
GREEN3
10
8.2409999999999997
 20
-2.1000000000000001
42
1.0
0
VERTEX
8
GREEN3
10
8.2590000000000003
 20
-2.1000000000000001
42
1.0
0
SEQEND
0
POLYLINE
8
GREEN3
66
1
70
1
40
0.018
41
0.018
0
VERTEX
8
GREEN3
10
7.4409999999999998
 20
-4.4500000000000002
42
1.0
0
VERTEX
8
GREEN3
10
7.4590000000000005
 20
-4.4500000000000002
42
1.0
0
SEQEND
0
POLYLINE
8
GREEN3
66
1
70
1
40
0.018
41
0.018
0
VERTEX
8
GREEN3
10
2.5410000000000004
 20
-2.9500000000000002
42
1.0
0
VERTEX
8
GREEN3
10
2.5590000000000002
 20
-2.9500000000000002
42
1.0
0
SEQEND
0
POLYLINE
8
GREEN3
66
1
70
1
40
0.018
41
0.018
0
VERTEX
8
GREEN3
10
3.141
 20
-2.9500000000000002
42
1.0
0
VERTEX
8
GREEN3
10
3.1589999999999998
 20
-2.9500000000000002
42
1.0
0
SEQEND
0
POLYLINE
8
GREEN3
66
1
70
1
40
0.018
41
0.018
0
VERTEX
8
GREEN3
10
2.2910000000000004
 20
-4.1500000000000004
42
1.0
0
VERTEX
8
GREEN3
10
2.3090000000000002
 20
-4.1500000000000004
42
1.0
0
SEQEND
  0
ENDSEC
  0
EOF
