  0
SECTION
  2
HEADER
  9
$ANGBASE
  50
0.0
  9
$ANGDIR
  70
1
  9
$MEASUREMENT
  70
0
  0
ENDSEC
  0
SECTION
  2
TABLES
  0
TABLE
  2
LTYPE
  70
4
  0
LTYPE
  5
40F
  2
CONTINUOUS
  70
0
  3
Solid line
  72
65
  73
0
  40
0.0
  0
LTYPE
  5
410
  2
DASHDOT
 70
0
  3
Dash Dot ____ _ ____ _
 72
65
 73
4
 40
2.0
 49
1.25
 49
-0.25
 49
0.25
 49
-0.25
  0
LTYPE
  5
411
  2
DASHED
 70
0
  3
Dashed __ __ __ __ __
 72
65
 73
2
 40
0.75
 49
0.5
 49
-0.25
  0
LTYPE
  5
43B
  2
DOTTED
 70
0
  3
Dotted .  .  .  .
 72
65
 73
2
 40
0.2
 49
0.0
 49
-0.2
  0
ENDTAB
  0
TABLE
  2
STYLE
  70
4
  0
STYLE
  2
KICAD
  70
0
  40
0
  41
1
  42
1
  50
0
  71
0
  3
isocp.shx
  0
STYLE
  2
KICADB
  70
0
  40
0
  41
1
  42
1
  50
0
  71
0
  3
isocp.shx
  0
STYLE
  2
KICADI
  70
0
  40
0
  41
1
  42
1
  50
15
  71
0
  3
isocp.shx
  0
STYLE
  2
KICADBI
  70
0
  40
0
  41
1
  42
1
  50
15
  71
0
  3
isocp.shx
  0
ENDTAB
  0
TABLE
  2
LAYER
  70
35
  0
LAYER
  2
BLACK
  70
0
  62
7
  6
CONTINUOUS
  0
LAYER
  2
GRAY1
  70
0
  62
251
  6
CONTINUOUS
  0
LAYER
  2
GRAY2
  70
0
  62
8
  6
CONTINUOUS
  0
LAYER
  2
GRAY3
  70
0
  62
9
  6
CONTINUOUS
  0
LAYER
  2
WHITE
  70
0
  62
7
  6
CONTINUOUS
  0
LAYER
  2
LYELLOW
  70
0
  62
51
  6
CONTINUOUS
  0
LAYER
  2
LORANGE
  70
0
  62
41
  6
CONTINUOUS
  0
LAYER
  2
BLUE1
  70
0
  62
178
  6
CONTINUOUS
  0
LAYER
  2
GREEN1
  70
0
  62
98
  6
CONTINUOUS
  0
LAYER
  2
CYAN1
  70
0
  62
138
  6
CONTINUOUS
  0
LAYER
  2
RED1
  70
0
  62
18
  6
CONTINUOUS
  0
LAYER
  2
MAGENTA1
  70
0
  62
228
  6
CONTINUOUS
  0
LAYER
  2
BROWN1
  70
0
  62
58
  6
CONTINUOUS
  0
LAYER
  2
ORANGE1
  70
0
  62
34
  6
CONTINUOUS
  0
LAYER
  2
BLUE2
  70
0
  62
5
  6
CONTINUOUS
  0
LAYER
  2
GREEN2
  70
0
  62
3
  6
CONTINUOUS
  0
LAYER
  2
CYAN2
  70
0
  62
4
  6
CONTINUOUS
  0
LAYER
  2
RED2
  70
0
  62
1
  6
CONTINUOUS
  0
LAYER
  2
MAGENTA2
  70
0
  62
6
  6
CONTINUOUS
  0
LAYER
  2
BROWN2
  70
0
  62
54
  6
CONTINUOUS
  0
LAYER
  2
ORANGE2
  70
0
  62
42
  6
CONTINUOUS
  0
LAYER
  2
BLUE3
  70
0
  62
171
  6
CONTINUOUS
  0
LAYER
  2
GREEN3
  70
0
  62
91
  6
CONTINUOUS
  0
LAYER
  2
CYAN3
  70
0
  62
131
  6
CONTINUOUS
  0
LAYER
  2
RED3
  70
0
  62
11
  6
CONTINUOUS
  0
LAYER
  2
MAGENTA3
  70
0
  62
221
  6
CONTINUOUS
  0
LAYER
  2
YELLOW3
  70
0
  62
2
  6
CONTINUOUS
  0
LAYER
  2
ORANGE3
  70
0
  62
32
  6
CONTINUOUS
  0
LAYER
  2
BLUE4
  70
0
  62
5
  6
CONTINUOUS
  0
LAYER
  2
GREEN4
  70
0
  62
3
  6
CONTINUOUS
  0
LAYER
  2
CYAN4
  70
0
  62
4
  6
CONTINUOUS
  0
LAYER
  2
RED4
  70
0
  62
1
  6
CONTINUOUS
  0
LAYER
  2
MAGENTA4
  70
0
  62
6
  6
CONTINUOUS
  0
LAYER
  2
YELLOW4
  70
0
  62
2
  6
CONTINUOUS
  0
LAYER
  2
ORANGE4
  70
0
  62
40
  6
CONTINUOUS
  0
ENDTAB
  0
ENDSEC
  0
SECTION
  2
ENTITIES
0
LINE
8
RED2
6
CONTINUOUS
10
6.9685905511811024
20
-6.5357165354330711
11
11.2205590551181107
21
-6.5357165354330711
0
LINE
8
RED2
6
CONTINUOUS
10
11.2205590551181107
20
-6.5357165354330711
11
11.2205590551181107
21
-7.7955590551181109
0
LINE
8
RED2
6
CONTINUOUS
10
11.2205590551181107
20
-7.7955590551181109
11
6.9685905511811024
21
-7.7955590551181109
0
LINE
8
RED2
6
CONTINUOUS
10
6.9685905511811024
20
-7.7955590551181109
11
6.9685905511811024
21
-6.5357165354330711
0
LINE
8
RED2
6
CONTINUOUS
10
0.3937007874015748
20
-0.3937007874015748
11
11.2992992125984255
21
-0.3937007874015748
0
LINE
8
RED2
6
CONTINUOUS
10
11.2992992125984255
20
-0.3937007874015748
11
11.2992992125984255
21
-7.8742992125984257
0
LINE
8
RED2
6
CONTINUOUS
10
11.2992992125984255
20
-7.8742992125984257
11
0.3937007874015748
21
-7.8742992125984257
0
LINE
8
RED2
6
CONTINUOUS
10
0.3937007874015748
20
-7.8742992125984257
11
0.3937007874015748
21
-0.3937007874015748
0
LINE
8
RED2
6
CONTINUOUS
10
0.4724409448818898
20
-0.4724409448818898
11
11.2205590551181107
21
-0.4724409448818898
0
LINE
8
RED2
6
CONTINUOUS
10
11.2205590551181107
20
-0.4724409448818898
11
11.2205590551181107
21
-7.7955590551181109
0
LINE
8
RED2
6
CONTINUOUS
10
11.2205590551181107
20
-7.7955590551181109
11
0.4724409448818898
21
-7.7955590551181109
0
LINE
8
RED2
6
CONTINUOUS
10
0.4724409448818898
20
-7.7955590551181109
11
0.4724409448818898
21
-0.4724409448818898
0
LINE
8
RED2
6
CONTINUOUS
10
2.3622047244094491
20
-0.4724409448818898
11
2.3622047244094491
21
-0.3937007874015748
0
LINE
8
RED2
6
CONTINUOUS
10
4.3307086614173231
20
-0.4724409448818898
11
4.3307086614173231
21
-0.3937007874015748
0
LINE
8
RED2
6
CONTINUOUS
10
6.2992125984251972
20
-0.4724409448818898
11
6.2992125984251972
21
-0.3937007874015748
0
LINE
8
RED2
6
CONTINUOUS
10
8.2677165354330704
20
-0.4724409448818898
11
8.2677165354330704
21
-0.3937007874015748
0
LINE
8
RED2
6
CONTINUOUS
10
10.2362204724409445
20
-0.4724409448818898
11
10.2362204724409445
21
-0.3937007874015748
0
LINE
8
RED2
6
CONTINUOUS
10
1.4208267716535434
20
-0.4564448818897638
11
1.3915826771653543
21
-0.4564448818897638
0
LINE
8
RED2
6
CONTINUOUS
10
1.4062047244094489
20
-0.4564448818897638
11
1.4062047244094489
21
-0.4052637795275591
0
LINE
8
RED2
6
CONTINUOUS
10
1.4062047244094489
20
-0.4052637795275591
11
1.4013307086614173
21
-0.4125748031496063
0
LINE
8
RED2
6
CONTINUOUS
10
1.4013307086614173
20
-0.4125748031496063
11
1.3964566929133859
21
-0.4174488188976378
0
LINE
8
RED2
6
CONTINUOUS
10
1.3964566929133859
20
-0.4174488188976378
11
1.3915826771653543
21
-0.4198858267716535
0
LINE
8
RED2
6
CONTINUOUS
10
3.3600866141732286
20
-0.4101377952755906
11
3.3625236220472443
21
-0.4077007874015748
0
LINE
8
RED2
6
CONTINUOUS
10
3.3625236220472443
20
-0.4077007874015748
11
3.3673976377952757
21
-0.4052637795275591
0
LINE
8
RED2
6
CONTINUOUS
10
3.3673976377952757
20
-0.4052637795275591
11
3.3795826771653545
21
-0.4052637795275591
0
LINE
8
RED2
6
CONTINUOUS
10
3.3795826771653545
20
-0.4052637795275591
11
3.3844566929133859
21
-0.4077007874015748
0
LINE
8
RED2
6
CONTINUOUS
10
3.3844566929133859
20
-0.4077007874015748
11
3.3868937007874016
21
-0.4101377952755906
0
LINE
8
RED2
6
CONTINUOUS
10
3.3868937007874016
20
-0.4101377952755906
11
3.3893307086614173
21
-0.4150118110236221
0
LINE
8
RED2
6
CONTINUOUS
10
3.3893307086614173
20
-0.4150118110236221
11
3.3893307086614173
21
-0.4198858267716535
0
LINE
8
RED2
6
CONTINUOUS
10
3.3893307086614173
20
-0.4198858267716535
11
3.3868937007874016
21
-0.4271968503937008
0
LINE
8
RED2
6
CONTINUOUS
10
3.3868937007874016
20
-0.4271968503937008
11
3.3576496062992129
21
-0.4564448818897638
0
LINE
8
RED2
6
CONTINUOUS
10
3.3576496062992129
20
-0.4564448818897638
11
3.3893307086614173
21
-0.4564448818897638
0
LINE
8
RED2
6
CONTINUOUS
10
5.326153543307087
20
-0.4052637795275591
11
5.3578346456692918
21
-0.4052637795275591
0
LINE
8
RED2
6
CONTINUOUS
10
5.3578346456692918
20
-0.4052637795275591
11
5.3407755905511811
21
-0.4247598425196851
0
LINE
8
RED2
6
CONTINUOUS
10
5.3407755905511811
20
-0.4247598425196851
11
5.3480866141732282
21
-0.4247598425196851
0
LINE
8
RED2
6
CONTINUOUS
10
5.3480866141732282
20
-0.4247598425196851
11
5.3529606299212604
21
-0.4271968503937008
0
LINE
8
RED2
6
CONTINUOUS
10
5.3529606299212604
20
-0.4271968503937008
11
5.3553976377952761
21
-0.4296338582677166
0
LINE
8
RED2
6
CONTINUOUS
10
5.3553976377952761
20
-0.4296338582677166
11
5.3578346456692918
21
-0.434507874015748
0
LINE
8
RED2
6
CONTINUOUS
10
5.3578346456692918
20
-0.434507874015748
11
5.3578346456692918
21
-0.4466929133858268
0
LINE
8
RED2
6
CONTINUOUS
10
5.3578346456692918
20
-0.4466929133858268
11
5.3553976377952761
21
-0.4515669291338583
0
LINE
8
RED2
6
CONTINUOUS
10
5.3553976377952761
20
-0.4515669291338583
11
5.3529606299212604
21
-0.454007874015748
0
LINE
8
RED2
6
CONTINUOUS
10
5.3529606299212604
20
-0.454007874015748
11
5.3480866141732282
21
-0.4564448818897638
0
LINE
8
RED2
6
CONTINUOUS
10
5.3480866141732282
20
-0.4564448818897638
11
5.3334645669291341
21
-0.4564448818897638
0
LINE
8
RED2
6
CONTINUOUS
10
5.3334645669291341
20
-0.4564448818897638
11
5.3285905511811027
21
-0.454007874015748
0
LINE
8
RED2
6
CONTINUOUS
10
5.3285905511811027
20
-0.454007874015748
11
5.326153543307087
21
-0.4515669291338583
0
LINE
8
RED2
6
CONTINUOUS
10
7.3214645669291345
20
-0.4223228346456693
11
7.3214645669291345
21
-0.4564448818897638
0
LINE
8
RED2
6
CONTINUOUS
10
7.3092795275590552
20
-0.4028267716535433
11
7.2970944881889768
21
-0.4393818897637796
0
LINE
8
RED2
6
CONTINUOUS
10
7.2970944881889768
20
-0.4393818897637796
11
7.3287755905511816
21
-0.4393818897637796
0
LINE
8
RED2
6
CONTINUOUS
10
9.2924055118110243
20
-0.4052637795275591
11
9.2680354330708656
21
-0.4052637795275591
0
LINE
8
RED2
6
CONTINUOUS
10
9.2680354330708656
20
-0.4052637795275591
11
9.2655984251968508
21
-0.4296338582677166
0
LINE
8
RED2
6
CONTINUOUS
10
9.2655984251968508
20
-0.4296338582677166
11
9.2680354330708656
21
-0.4271968503937008
0
LINE
8
RED2
6
CONTINUOUS
10
9.2680354330708656
20
-0.4271968503937008
11
9.2729094488188988
21
-0.4247598425196851
0
LINE
8
RED2
6
CONTINUOUS
10
9.2729094488188988
20
-0.4247598425196851
11
9.2850944881889763
21
-0.4247598425196851
0
LINE
8
RED2
6
CONTINUOUS
10
9.2850944881889763
20
-0.4247598425196851
11
9.2899685039370077
21
-0.4271968503937008
0
LINE
8
RED2
6
CONTINUOUS
10
9.2899685039370077
20
-0.4271968503937008
11
9.2924055118110243
21
-0.4296338582677166
0
LINE
8
RED2
6
CONTINUOUS
10
9.2924055118110243
20
-0.4296338582677166
11
9.2948425196850391
21
-0.434507874015748
0
LINE
8
RED2
6
CONTINUOUS
10
9.2948425196850391
20
-0.434507874015748
11
9.2948425196850391
21
-0.4466929133858268
0
LINE
8
RED2
6
CONTINUOUS
10
9.2948425196850391
20
-0.4466929133858268
11
9.2924055118110243
21
-0.4515669291338583
0
LINE
8
RED2
6
CONTINUOUS
10
9.2924055118110243
20
-0.4515669291338583
11
9.2899685039370077
21
-0.454007874015748
0
LINE
8
RED2
6
CONTINUOUS
10
9.2899685039370077
20
-0.454007874015748
11
9.2850944881889763
21
-0.4564448818897638
0
LINE
8
RED2
6
CONTINUOUS
10
9.2850944881889763
20
-0.4564448818897638
11
9.2729094488188988
21
-0.4564448818897638
0
LINE
8
RED2
6
CONTINUOUS
10
9.2729094488188988
20
-0.4564448818897638
11
9.2680354330708656
21
-0.454007874015748
0
LINE
8
RED2
6
CONTINUOUS
10
9.2680354330708656
20
-0.454007874015748
11
9.2655984251968508
21
-0.4515669291338583
0
LINE
8
RED2
6
CONTINUOUS
10
11.2584724409448818
20
-0.4052637795275591
11
11.248724409448819
21
-0.4052637795275591
0
LINE
8
RED2
6
CONTINUOUS
10
11.248724409448819
20
-0.4052637795275591
11
11.2438503937007876
21
-0.4077007874015748
0
LINE
8
RED2
6
CONTINUOUS
10
11.2438503937007876
20
-0.4077007874015748
11
11.2414133858267729
21
-0.4101377952755906
0
LINE
8
RED2
6
CONTINUOUS
10
11.2414133858267729
20
-0.4101377952755906
11
11.2365393700787397
21
-0.4174488188976378
0
LINE
8
RED2
6
CONTINUOUS
10
11.2365393700787397
20
-0.4174488188976378
11
11.2341023622047249
21
-0.4271968503937008
0
LINE
8
RED2
6
CONTINUOUS
10
11.2341023622047249
20
-0.4271968503937008
11
11.2341023622047249
21
-0.4466929133858268
0
LINE
8
RED2
6
CONTINUOUS
10
11.2341023622047249
20
-0.4466929133858268
11
11.2365393700787397
21
-0.4515669291338583
0
LINE
8
RED2
6
CONTINUOUS
10
11.2365393700787397
20
-0.4515669291338583
11
11.2389763779527563
21
-0.454007874015748
0
LINE
8
RED2
6
CONTINUOUS
10
11.2389763779527563
20
-0.454007874015748
11
11.2438503937007876
21
-0.4564448818897638
0
LINE
8
RED2
6
CONTINUOUS
10
11.2438503937007876
20
-0.4564448818897638
11
11.2535984251968504
21
-0.4564448818897638
0
LINE
8
RED2
6
CONTINUOUS
10
11.2535984251968504
20
-0.4564448818897638
11
11.2584724409448818
21
-0.454007874015748
0
LINE
8
RED2
6
CONTINUOUS
10
11.2584724409448818
20
-0.454007874015748
11
11.2609094488188983
21
-0.4515669291338583
0
LINE
8
RED2
6
CONTINUOUS
10
11.2609094488188983
20
-0.4515669291338583
11
11.2633464566929131
21
-0.4466929133858268
0
LINE
8
RED2
6
CONTINUOUS
10
11.2633464566929131
20
-0.4466929133858268
11
11.2633464566929131
21
-0.434507874015748
0
LINE
8
RED2
6
CONTINUOUS
10
11.2633464566929131
20
-0.434507874015748
11
11.2609094488188983
21
-0.4296338582677166
0
LINE
8
RED2
6
CONTINUOUS
10
11.2609094488188983
20
-0.4296338582677166
11
11.2584724409448818
21
-0.4271968503937008
0
LINE
8
RED2
6
CONTINUOUS
10
11.2584724409448818
20
-0.4271968503937008
11
11.2535984251968504
21
-0.4247598425196851
0
LINE
8
RED2
6
CONTINUOUS
10
11.2535984251968504
20
-0.4247598425196851
11
11.2438503937007876
21
-0.4247598425196851
0
LINE
8
RED2
6
CONTINUOUS
10
11.2438503937007876
20
-0.4247598425196851
11
11.2389763779527563
21
-0.4271968503937008
0
LINE
8
RED2
6
CONTINUOUS
10
11.2389763779527563
20
-0.4271968503937008
11
11.2365393700787397
21
-0.4296338582677166
0
LINE
8
RED2
6
CONTINUOUS
10
11.2365393700787397
20
-0.4296338582677166
11
11.2341023622047249
21
-0.434507874015748
0
LINE
8
RED2
6
CONTINUOUS
10
2.3622047244094491
20
-7.7955590551181109
11
2.3622047244094491
21
-7.8742992125984257
0
LINE
8
RED2
6
CONTINUOUS
10
4.3307086614173231
20
-7.7955590551181109
11
4.3307086614173231
21
-7.8742992125984257
0
LINE
8
RED2
6
CONTINUOUS
10
6.2992125984251972
20
-7.7955590551181109
11
6.2992125984251972
21
-7.8742992125984257
0
LINE
8
RED2
6
CONTINUOUS
10
8.2677165354330704
20
-7.7955590551181109
11
8.2677165354330704
21
-7.8742992125984257
0
LINE
8
RED2
6
CONTINUOUS
10
10.2362204724409445
20
-7.7955590551181109
11
10.2362204724409445
21
-7.8742992125984257
0
LINE
8
RED2
6
CONTINUOUS
10
1.4208267716535434
20
-7.8583031496062992
11
1.3915826771653543
21
-7.8583031496062992
0
LINE
8
RED2
6
CONTINUOUS
10
1.4062047244094489
20
-7.8583031496062992
11
1.4062047244094489
21
-7.8071220472440945
0
LINE
8
RED2
6
CONTINUOUS
10
1.4062047244094489
20
-7.8071220472440945
11
1.4013307086614173
21
-7.8144330708661416
0
LINE
8
RED2
6
CONTINUOUS
10
1.4013307086614173
20
-7.8144330708661416
11
1.3964566929133859
21
-7.8193070866141738
0
LINE
8
RED2
6
CONTINUOUS
10
1.3964566929133859
20
-7.8193070866141738
11
1.3915826771653543
21
-7.8217440944881895
0
LINE
8
RED2
6
CONTINUOUS
10
3.3600866141732286
20
-7.8119960629921259
11
3.3625236220472443
21
-7.8095590551181102
0
LINE
8
RED2
6
CONTINUOUS
10
3.3625236220472443
20
-7.8095590551181102
11
3.3673976377952757
21
-7.8071220472440945
0
LINE
8
RED2
6
CONTINUOUS
10
3.3673976377952757
20
-7.8071220472440945
11
3.3795826771653545
21
-7.8071220472440945
0
LINE
8
RED2
6
CONTINUOUS
10
3.3795826771653545
20
-7.8071220472440945
11
3.3844566929133859
21
-7.8095590551181102
0
LINE
8
RED2
6
CONTINUOUS
10
3.3844566929133859
20
-7.8095590551181102
11
3.3868937007874016
21
-7.8119960629921259
0
LINE
8
RED2
6
CONTINUOUS
10
3.3868937007874016
20
-7.8119960629921259
11
3.3893307086614173
21
-7.8168700787401582
0
LINE
8
RED2
6
CONTINUOUS
10
3.3893307086614173
20
-7.8168700787401582
11
3.3893307086614173
21
-7.8217440944881895
0
LINE
8
RED2
6
CONTINUOUS
10
3.3893307086614173
20
-7.8217440944881895
11
3.3868937007874016
21
-7.8290551181102366
0
LINE
8
RED2
6
CONTINUOUS
10
3.3868937007874016
20
-7.8290551181102366
11
3.3576496062992129
21
-7.8583031496062992
0
LINE
8
RED2
6
CONTINUOUS
10
3.3576496062992129
20
-7.8583031496062992
11
3.3893307086614173
21
-7.8583031496062992
0
LINE
8
RED2
6
CONTINUOUS
10
5.326153543307087
20
-7.8071220472440945
11
5.3578346456692918
21
-7.8071220472440945
0
LINE
8
RED2
6
CONTINUOUS
10
5.3578346456692918
20
-7.8071220472440945
11
5.3407755905511811
21
-7.8266181102362209
0
LINE
8
RED2
6
CONTINUOUS
10
5.3407755905511811
20
-7.8266181102362209
11
5.3480866141732282
21
-7.8266181102362209
0
LINE
8
RED2
6
CONTINUOUS
10
5.3480866141732282
20
-7.8266181102362209
11
5.3529606299212604
21
-7.8290551181102366
0
LINE
8
RED2
6
CONTINUOUS
10
5.3529606299212604
20
-7.8290551181102366
11
5.3553976377952761
21
-7.8314921259842523
0
LINE
8
RED2
6
CONTINUOUS
10
5.3553976377952761
20
-7.8314921259842523
11
5.3578346456692918
21
-7.8363661417322836
0
LINE
8
RED2
6
CONTINUOUS
10
5.3578346456692918
20
-7.8363661417322836
11
5.3578346456692918
21
-7.8485511811023629
0
LINE
8
RED2
6
CONTINUOUS
10
5.3578346456692918
20
-7.8485511811023629
11
5.3553976377952761
21
-7.8534251968503943
0
LINE
8
RED2
6
CONTINUOUS
10
5.3553976377952761
20
-7.8534251968503943
11
5.3529606299212604
21
-7.8558661417322835
0
LINE
8
RED2
6
CONTINUOUS
10
5.3529606299212604
20
-7.8558661417322835
11
5.3480866141732282
21
-7.8583031496062992
0
LINE
8
RED2
6
CONTINUOUS
10
5.3480866141732282
20
-7.8583031496062992
11
5.3334645669291341
21
-7.8583031496062992
0
LINE
8
RED2
6
CONTINUOUS
10
5.3334645669291341
20
-7.8583031496062992
11
5.3285905511811027
21
-7.8558661417322835
0
LINE
8
RED2
6
CONTINUOUS
10
5.3285905511811027
20
-7.8558661417322835
11
5.326153543307087
21
-7.8534251968503943
0
LINE
8
RED2
6
CONTINUOUS
10
7.3214645669291345
20
-7.8241811023622052
11
7.3214645669291345
21
-7.8583031496062992
0
LINE
8
RED2
6
CONTINUOUS
10
7.3092795275590552
20
-7.8046850393700788
11
7.2970944881889768
21
-7.841240157480315
0
LINE
8
RED2
6
CONTINUOUS
10
7.2970944881889768
20
-7.841240157480315
11
7.3287755905511816
21
-7.841240157480315
0
LINE
8
RED2
6
CONTINUOUS
10
9.2924055118110243
20
-7.8071220472440945
11
9.2680354330708656
21
-7.8071220472440945
0
LINE
8
RED2
6
CONTINUOUS
10
9.2680354330708656
20
-7.8071220472440945
11
9.2655984251968508
21
-7.8314921259842523
0
LINE
8
RED2
6
CONTINUOUS
10
9.2655984251968508
20
-7.8314921259842523
11
9.2680354330708656
21
-7.8290551181102366
0
LINE
8
RED2
6
CONTINUOUS
10
9.2680354330708656
20
-7.8290551181102366
11
9.2729094488188988
21
-7.8266181102362209
0
LINE
8
RED2
6
CONTINUOUS
10
9.2729094488188988
20
-7.8266181102362209
11
9.2850944881889763
21
-7.8266181102362209
0
LINE
8
RED2
6
CONTINUOUS
10
9.2850944881889763
20
-7.8266181102362209
11
9.2899685039370077
21
-7.8290551181102366
0
LINE
8
RED2
6
CONTINUOUS
10
9.2899685039370077
20
-7.8290551181102366
11
9.2924055118110243
21
-7.8314921259842523
0
LINE
8
RED2
6
CONTINUOUS
10
9.2924055118110243
20
-7.8314921259842523
11
9.2948425196850391
21
-7.8363661417322836
0
LINE
8
RED2
6
CONTINUOUS
10
9.2948425196850391
20
-7.8363661417322836
11
9.2948425196850391
21
-7.8485511811023629
0
LINE
8
RED2
6
CONTINUOUS
10
9.2948425196850391
20
-7.8485511811023629
11
9.2924055118110243
21
-7.8534251968503943
0
LINE
8
RED2
6
CONTINUOUS
10
9.2924055118110243
20
-7.8534251968503943
11
9.2899685039370077
21
-7.8558661417322835
0
LINE
8
RED2
6
CONTINUOUS
10
9.2899685039370077
20
-7.8558661417322835
11
9.2850944881889763
21
-7.8583031496062992
0
LINE
8
RED2
6
CONTINUOUS
10
9.2850944881889763
20
-7.8583031496062992
11
9.2729094488188988
21
-7.8583031496062992
0
LINE
8
RED2
6
CONTINUOUS
10
9.2729094488188988
20
-7.8583031496062992
11
9.2680354330708656
21
-7.8558661417322835
0
LINE
8
RED2
6
CONTINUOUS
10
9.2680354330708656
20
-7.8558661417322835
11
9.2655984251968508
21
-7.8534251968503943
0
LINE
8
RED2
6
CONTINUOUS
10
11.2584724409448818
20
-7.8071220472440945
11
11.248724409448819
21
-7.8071220472440945
0
LINE
8
RED2
6
CONTINUOUS
10
11.248724409448819
20
-7.8071220472440945
11
11.2438503937007876
21
-7.8095590551181102
0
LINE
8
RED2
6
CONTINUOUS
10
11.2438503937007876
20
-7.8095590551181102
11
11.2414133858267729
21
-7.8119960629921259
0
LINE
8
RED2
6
CONTINUOUS
10
11.2414133858267729
20
-7.8119960629921259
11
11.2365393700787397
21
-7.8193070866141738
0
LINE
8
RED2
6
CONTINUOUS
10
11.2365393700787397
20
-7.8193070866141738
11
11.2341023622047249
21
-7.8290551181102366
0
LINE
8
RED2
6
CONTINUOUS
10
11.2341023622047249
20
-7.8290551181102366
11
11.2341023622047249
21
-7.8485511811023629
0
LINE
8
RED2
6
CONTINUOUS
10
11.2341023622047249
20
-7.8485511811023629
11
11.2365393700787397
21
-7.8534251968503943
0
LINE
8
RED2
6
CONTINUOUS
10
11.2365393700787397
20
-7.8534251968503943
11
11.2389763779527563
21
-7.8558661417322835
0
LINE
8
RED2
6
CONTINUOUS
10
11.2389763779527563
20
-7.8558661417322835
11
11.2438503937007876
21
-7.8583031496062992
0
LINE
8
RED2
6
CONTINUOUS
10
11.2438503937007876
20
-7.8583031496062992
11
11.2535984251968504
21
-7.8583031496062992
0
LINE
8
RED2
6
CONTINUOUS
10
11.2535984251968504
20
-7.8583031496062992
11
11.2584724409448818
21
-7.8558661417322835
0
LINE
8
RED2
6
CONTINUOUS
10
11.2584724409448818
20
-7.8558661417322835
11
11.2609094488188983
21
-7.8534251968503943
0
LINE
8
RED2
6
CONTINUOUS
10
11.2609094488188983
20
-7.8534251968503943
11
11.2633464566929131
21
-7.8485511811023629
0
LINE
8
RED2
6
CONTINUOUS
10
11.2633464566929131
20
-7.8485511811023629
11
11.2633464566929131
21
-7.8363661417322836
0
LINE
8
RED2
6
CONTINUOUS
10
11.2633464566929131
20
-7.8363661417322836
11
11.2609094488188983
21
-7.8314921259842523
0
LINE
8
RED2
6
CONTINUOUS
10
11.2609094488188983
20
-7.8314921259842523
11
11.2584724409448818
21
-7.8290551181102366
0
LINE
8
RED2
6
CONTINUOUS
10
11.2584724409448818
20
-7.8290551181102366
11
11.2535984251968504
21
-7.8266181102362209
0
LINE
8
RED2
6
CONTINUOUS
10
11.2535984251968504
20
-7.8266181102362209
11
11.2438503937007876
21
-7.8266181102362209
0
LINE
8
RED2
6
CONTINUOUS
10
11.2438503937007876
20
-7.8266181102362209
11
11.2389763779527563
21
-7.8290551181102366
0
LINE
8
RED2
6
CONTINUOUS
10
11.2389763779527563
20
-7.8290551181102366
11
11.2365393700787397
21
-7.8314921259842523
0
LINE
8
RED2
6
CONTINUOUS
10
11.2365393700787397
20
-7.8314921259842523
11
11.2341023622047249
21
-7.8363661417322836
0
LINE
8
RED2
6
CONTINUOUS
10
0.3937007874015748
20
-2.3622047244094491
11
0.4724409448818898
21
-2.3622047244094491
0
LINE
8
RED2
6
CONTINUOUS
10
0.3937007874015748
20
-4.3307086614173231
11
0.4724409448818898
21
-4.3307086614173231
0
LINE
8
RED2
6
CONTINUOUS
10
0.3937007874015748
20
-6.2992125984251972
11
0.4724409448818898
21
-6.2992125984251972
0
LINE
8
RED2
6
CONTINUOUS
10
0.4208858267716535
20
-1.3867007874015749
11
0.445255905511811
21
-1.3867007874015749
0
LINE
8
RED2
6
CONTINUOUS
10
0.4160118110236221
20
-1.4013267716535434
11
0.4330708661417323
21
-1.3501456692913387
0
LINE
8
RED2
6
CONTINUOUS
10
0.4330708661417323
20
-1.3501456692913387
11
0.4501299212598425
21
-1.4013267716535434
0
LINE
8
RED2
6
CONTINUOUS
10
0.4367244094488189
20
-3.3430196850393701
11
0.4440354330708662
21
-3.3454566929133858
0
LINE
8
RED2
6
CONTINUOUS
10
0.4440354330708662
20
-3.3454566929133858
11
0.4464724409448819
21
-3.3478937007874019
0
LINE
8
RED2
6
CONTINUOUS
10
0.4464724409448819
20
-3.3478937007874019
11
0.4489094488188977
21
-3.3527677165354333
0
LINE
8
RED2
6
CONTINUOUS
10
0.4489094488188977
20
-3.3527677165354333
11
0.4489094488188977
21
-3.3600787401574803
0
LINE
8
RED2
6
CONTINUOUS
10
0.4489094488188977
20
-3.3600787401574803
11
0.4464724409448819
21
-3.3649527559055121
0
LINE
8
RED2
6
CONTINUOUS
10
0.4464724409448819
20
-3.3649527559055121
11
0.4440354330708662
21
-3.3673937007874017
0
LINE
8
RED2
6
CONTINUOUS
10
0.4440354330708662
20
-3.3673937007874017
11
0.4391614173228346
21
-3.3698307086614174
0
LINE
8
RED2
6
CONTINUOUS
10
0.4391614173228346
20
-3.3698307086614174
11
0.4196653543307087
21
-3.3698307086614174
0
LINE
8
RED2
6
CONTINUOUS
10
0.4196653543307087
20
-3.3698307086614174
11
0.4196653543307087
21
-3.3186496062992128
0
LINE
8
RED2
6
CONTINUOUS
10
0.4196653543307087
20
-3.3186496062992128
11
0.4367244094488189
21
-3.3186496062992128
0
LINE
8
RED2
6
CONTINUOUS
10
0.4367244094488189
20
-3.3186496062992128
11
0.4415984251968504
21
-3.3210866141732285
0
LINE
8
RED2
6
CONTINUOUS
10
0.4415984251968504
20
-3.3210866141732285
11
0.4440354330708662
21
-3.3235236220472442
0
LINE
8
RED2
6
CONTINUOUS
10
0.4440354330708662
20
-3.3235236220472442
11
0.4464724409448819
21
-3.3283976377952755
0
LINE
8
RED2
6
CONTINUOUS
10
0.4464724409448819
20
-3.3283976377952755
11
0.4464724409448819
21
-3.3332716535433073
0
LINE
8
RED2
6
CONTINUOUS
10
0.4464724409448819
20
-3.3332716535433073
11
0.4440354330708662
21
-3.3381456692913387
0
LINE
8
RED2
6
CONTINUOUS
10
0.4440354330708662
20
-3.3381456692913387
11
0.4415984251968504
21
-3.3405826771653544
0
LINE
8
RED2
6
CONTINUOUS
10
0.4415984251968504
20
-3.3405826771653544
11
0.4367244094488189
21
-3.3430196850393701
0
LINE
8
RED2
6
CONTINUOUS
10
0.4367244094488189
20
-3.3430196850393701
11
0.4196653543307087
21
-3.3430196850393701
0
LINE
8
RED2
6
CONTINUOUS
10
0.4489094488188977
20
-5.3334566929133862
11
0.4464724409448819
21
-5.3358976377952754
0
LINE
8
RED2
6
CONTINUOUS
10
0.4464724409448819
20
-5.3358976377952754
11
0.4391614173228346
21
-5.3383346456692919
0
LINE
8
RED2
6
CONTINUOUS
10
0.4391614173228346
20
-5.3383346456692919
11
0.4342874015748032
21
-5.3383346456692919
0
LINE
8
RED2
6
CONTINUOUS
10
0.4342874015748032
20
-5.3383346456692919
11
0.4269763779527559
21
-5.3358976377952754
0
LINE
8
RED2
6
CONTINUOUS
10
0.4269763779527559
20
-5.3358976377952754
11
0.4221023622047244
21
-5.3310196850393705
0
LINE
8
RED2
6
CONTINUOUS
10
0.4221023622047244
20
-5.3310196850393705
11
0.4196653543307087
21
-5.3261456692913391
0
LINE
8
RED2
6
CONTINUOUS
10
0.4196653543307087
20
-5.3261456692913391
11
0.4172283464566929
21
-5.3163976377952755
0
LINE
8
RED2
6
CONTINUOUS
10
0.4172283464566929
20
-5.3163976377952755
11
0.4172283464566929
21
-5.3090866141732285
0
LINE
8
RED2
6
CONTINUOUS
10
0.4172283464566929
20
-5.3090866141732285
11
0.4196653543307087
21
-5.2993385826771657
0
LINE
8
RED2
6
CONTINUOUS
10
0.4196653543307087
20
-5.2993385826771657
11
0.4221023622047244
21
-5.2944645669291344
0
LINE
8
RED2
6
CONTINUOUS
10
0.4221023622047244
20
-5.2944645669291344
11
0.4269763779527559
21
-5.289590551181103
0
LINE
8
RED2
6
CONTINUOUS
10
0.4269763779527559
20
-5.289590551181103
11
0.4342874015748032
21
-5.2871535433070864
0
LINE
8
RED2
6
CONTINUOUS
10
0.4342874015748032
20
-5.2871535433070864
11
0.4391614173228346
21
-5.2871535433070864
0
LINE
8
RED2
6
CONTINUOUS
10
0.4391614173228346
20
-5.2871535433070864
11
0.4464724409448819
21
-5.289590551181103
0
LINE
8
RED2
6
CONTINUOUS
10
0.4464724409448819
20
-5.289590551181103
11
0.4489094488188977
21
-5.2920275590551187
0
LINE
8
RED2
6
CONTINUOUS
10
0.4196653543307087
20
-7.306838582677166
11
0.4196653543307087
21
-7.2556574803149605
0
LINE
8
RED2
6
CONTINUOUS
10
0.4196653543307087
20
-7.2556574803149605
11
0.4318503937007874
21
-7.2556574803149605
0
LINE
8
RED2
6
CONTINUOUS
10
0.4318503937007874
20
-7.2556574803149605
11
0.4391614173228346
21
-7.2580944881889771
0
LINE
8
RED2
6
CONTINUOUS
10
0.4391614173228346
20
-7.2580944881889771
11
0.4440354330708662
21
-7.2629685039370084
0
LINE
8
RED2
6
CONTINUOUS
10
0.4440354330708662
20
-7.2629685039370084
11
0.4464724409448819
21
-7.2678425196850398
0
LINE
8
RED2
6
CONTINUOUS
10
0.4464724409448819
20
-7.2678425196850398
11
0.4489094488188977
21
-7.2775905511811025
0
LINE
8
RED2
6
CONTINUOUS
10
0.4489094488188977
20
-7.2775905511811025
11
0.4489094488188977
21
-7.2849015748031496
0
LINE
8
RED2
6
CONTINUOUS
10
0.4489094488188977
20
-7.2849015748031496
11
0.4464724409448819
21
-7.2946496062992132
0
LINE
8
RED2
6
CONTINUOUS
10
0.4464724409448819
20
-7.2946496062992132
11
0.4440354330708662
21
-7.2995236220472446
0
LINE
8
RED2
6
CONTINUOUS
10
0.4440354330708662
20
-7.2995236220472446
11
0.4391614173228346
21
-7.3044015748031494
0
LINE
8
RED2
6
CONTINUOUS
10
0.4391614173228346
20
-7.3044015748031494
11
0.4318503937007874
21
-7.306838582677166
0
LINE
8
RED2
6
CONTINUOUS
10
0.4318503937007874
20
-7.306838582677166
11
0.4196653543307087
21
-7.306838582677166
0
LINE
8
RED2
6
CONTINUOUS
10
11.2992992125984255
20
-2.3622047244094491
11
11.2205590551181107
21
-2.3622047244094491
0
LINE
8
RED2
6
CONTINUOUS
10
11.2992992125984255
20
-4.3307086614173231
11
11.2205590551181107
21
-4.3307086614173231
0
LINE
8
RED2
6
CONTINUOUS
10
11.2992992125984255
20
-6.2992125984251972
11
11.2205590551181107
21
-6.2992125984251972
0
LINE
8
RED2
6
CONTINUOUS
10
11.2477440944881888
20
-1.3867007874015749
11
11.2721141732283474
21
-1.3867007874015749
0
LINE
8
RED2
6
CONTINUOUS
10
11.2428700787401574
20
-1.4013267716535434
11
11.2599291338582681
21
-1.3501456692913387
0
LINE
8
RED2
6
CONTINUOUS
10
11.2599291338582681
20
-1.3501456692913387
11
11.2769881889763788
21
-1.4013267716535434
0
LINE
8
RED2
6
CONTINUOUS
10
11.2635826771653544
20
-3.3430196850393701
11
11.2708937007874024
21
-3.3454566929133858
0
LINE
8
RED2
6
CONTINUOUS
10
11.2708937007874024
20
-3.3454566929133858
11
11.2733307086614172
21
-3.3478937007874019
0
LINE
8
RED2
6
CONTINUOUS
10
11.2733307086614172
20
-3.3478937007874019
11
11.2757677165354337
21
-3.3527677165354333
0
LINE
8
RED2
6
CONTINUOUS
10
11.2757677165354337
20
-3.3527677165354333
11
11.2757677165354337
21
-3.3600787401574803
0
LINE
8
RED2
6
CONTINUOUS
10
11.2757677165354337
20
-3.3600787401574803
11
11.2733307086614172
21
-3.3649527559055121
0
LINE
8
RED2
6
CONTINUOUS
10
11.2733307086614172
20
-3.3649527559055121
11
11.2708937007874024
21
-3.3673937007874017
0
LINE
8
RED2
6
CONTINUOUS
10
11.2708937007874024
20
-3.3673937007874017
11
11.266019685039371
21
-3.3698307086614174
0
LINE
8
RED2
6
CONTINUOUS
10
11.266019685039371
20
-3.3698307086614174
11
11.2465236220472438
21
-3.3698307086614174
0
LINE
8
RED2
6
CONTINUOUS
10
11.2465236220472438
20
-3.3698307086614174
11
11.2465236220472438
21
-3.3186496062992128
0
LINE
8
RED2
6
CONTINUOUS
10
11.2465236220472438
20
-3.3186496062992128
11
11.2635826771653544
21
-3.3186496062992128
0
LINE
8
RED2
6
CONTINUOUS
10
11.2635826771653544
20
-3.3186496062992128
11
11.2684566929133858
21
-3.3210866141732285
0
LINE
8
RED2
6
CONTINUOUS
10
11.2684566929133858
20
-3.3210866141732285
11
11.2708937007874024
21
-3.3235236220472442
0
LINE
8
RED2
6
CONTINUOUS
10
11.2708937007874024
20
-3.3235236220472442
11
11.2733307086614172
21
-3.3283976377952755
0
LINE
8
RED2
6
CONTINUOUS
10
11.2733307086614172
20
-3.3283976377952755
11
11.2733307086614172
21
-3.3332716535433073
0
LINE
8
RED2
6
CONTINUOUS
10
11.2733307086614172
20
-3.3332716535433073
11
11.2708937007874024
21
-3.3381456692913387
0
LINE
8
RED2
6
CONTINUOUS
10
11.2708937007874024
20
-3.3381456692913387
11
11.2684566929133858
21
-3.3405826771653544
0
LINE
8
RED2
6
CONTINUOUS
10
11.2684566929133858
20
-3.3405826771653544
11
11.2635826771653544
21
-3.3430196850393701
0
LINE
8
RED2
6
CONTINUOUS
10
11.2635826771653544
20
-3.3430196850393701
11
11.2465236220472438
21
-3.3430196850393701
0
LINE
8
RED2
6
CONTINUOUS
10
11.2757677165354337
20
-5.3334566929133862
11
11.2733307086614172
21
-5.3358976377952754
0
LINE
8
RED2
6
CONTINUOUS
10
11.2733307086614172
20
-5.3358976377952754
11
11.266019685039371
21
-5.3383346456692919
0
LINE
8
RED2
6
CONTINUOUS
10
11.266019685039371
20
-5.3383346456692919
11
11.2611456692913396
21
-5.3383346456692919
0
LINE
8
RED2
6
CONTINUOUS
10
11.2611456692913396
20
-5.3383346456692919
11
11.2538346456692917
21
-5.3358976377952754
0
LINE
8
RED2
6
CONTINUOUS
10
11.2538346456692917
20
-5.3358976377952754
11
11.2489606299212603
21
-5.3310196850393705
0
LINE
8
RED2
6
CONTINUOUS
10
11.2489606299212603
20
-5.3310196850393705
11
11.2465236220472438
21
-5.3261456692913391
0
LINE
8
RED2
6
CONTINUOUS
10
11.2465236220472438
20
-5.3261456692913391
11
11.244086614173229
21
-5.3163976377952755
0
LINE
8
RED2
6
CONTINUOUS
10
11.244086614173229
20
-5.3163976377952755
11
11.244086614173229
21
-5.3090866141732285
0
LINE
8
RED2
6
CONTINUOUS
10
11.244086614173229
20
-5.3090866141732285
11
11.2465236220472438
21
-5.2993385826771657
0
LINE
8
RED2
6
CONTINUOUS
10
11.2465236220472438
20
-5.2993385826771657
11
11.2489606299212603
21
-5.2944645669291344
0
LINE
8
RED2
6
CONTINUOUS
10
11.2489606299212603
20
-5.2944645669291344
11
11.2538346456692917
21
-5.289590551181103
0
LINE
8
RED2
6
CONTINUOUS
10
11.2538346456692917
20
-5.289590551181103
11
11.2611456692913396
21
-5.2871535433070864
0
LINE
8
RED2
6
CONTINUOUS
10
11.2611456692913396
20
-5.2871535433070864
11
11.266019685039371
21
-5.2871535433070864
0
LINE
8
RED2
6
CONTINUOUS
10
11.266019685039371
20
-5.2871535433070864
11
11.2733307086614172
21
-5.289590551181103
0
LINE
8
RED2
6
CONTINUOUS
10
11.2733307086614172
20
-5.289590551181103
11
11.2757677165354337
21
-5.2920275590551187
0
LINE
8
RED2
6
CONTINUOUS
10
11.2465236220472438
20
-7.306838582677166
11
11.2465236220472438
21
-7.2556574803149605
0
LINE
8
RED2
6
CONTINUOUS
10
11.2465236220472438
20
-7.2556574803149605
11
11.2587086614173231
21
-7.2556574803149605
0
LINE
8
RED2
6
CONTINUOUS
10
11.2587086614173231
20
-7.2556574803149605
11
11.266019685039371
21
-7.2580944881889771
0
LINE
8
RED2
6
CONTINUOUS
10
11.266019685039371
20
-7.2580944881889771
11
11.2708937007874024
21
-7.2629685039370084
0
LINE
8
RED2
6
CONTINUOUS
10
11.2708937007874024
20
-7.2629685039370084
11
11.2733307086614172
21
-7.2678425196850398
0
LINE
8
RED2
6
CONTINUOUS
10
11.2733307086614172
20
-7.2678425196850398
11
11.2757677165354337
21
-7.2775905511811025
0
LINE
8
RED2
6
CONTINUOUS
10
11.2757677165354337
20
-7.2775905511811025
11
11.2757677165354337
21
-7.2849015748031496
0
LINE
8
RED2
6
CONTINUOUS
10
11.2757677165354337
20
-7.2849015748031496
11
11.2733307086614172
21
-7.2946496062992132
0
LINE
8
RED2
6
CONTINUOUS
10
11.2733307086614172
20
-7.2946496062992132
11
11.2708937007874024
21
-7.2995236220472446
0
LINE
8
RED2
6
CONTINUOUS
10
11.2708937007874024
20
-7.2995236220472446
11
11.266019685039371
21
-7.3044015748031494
0
LINE
8
RED2
6
CONTINUOUS
10
11.266019685039371
20
-7.3044015748031494
11
11.2587086614173231
21
-7.306838582677166
0
LINE
8
RED2
6
CONTINUOUS
10
11.2587086614173231
20
-7.306838582677166
11
11.2465236220472438
21
-7.306838582677166
0
LINE
8
RED2
6
CONTINUOUS
10
7.8920433070866141
20
-7.629657480314961
11
7.8920433070866141
21
-7.5706023622047249
0
LINE
8
RED2
6
CONTINUOUS
10
7.8920433070866141
20
-7.5706023622047249
11
7.9061023622047246
21
-7.5706023622047249
0
LINE
8
RED2
6
CONTINUOUS
10
7.9061023622047246
20
-7.5706023622047249
11
7.9145393700787405
21
-7.5734133858267718
0
LINE
8
RED2
6
CONTINUOUS
10
7.9145393700787405
20
-7.5734133858267718
11
7.9201653543307087
21
-7.5790393700787408
0
LINE
8
RED2
6
CONTINUOUS
10
7.9201653543307087
20
-7.5790393700787408
11
7.9229763779527564
21
-7.5846614173228346
0
LINE
8
RED2
6
CONTINUOUS
10
7.9229763779527564
20
-7.5846614173228346
11
7.9257874015748033
21
-7.5959094488188983
0
LINE
8
RED2
6
CONTINUOUS
10
7.9257874015748033
20
-7.5959094488188983
11
7.9257874015748033
21
-7.6043464566929133
0
LINE
8
RED2
6
CONTINUOUS
10
7.9257874015748033
20
-7.6043464566929133
11
7.9229763779527564
21
-7.615594488188977
0
LINE
8
RED2
6
CONTINUOUS
10
7.9229763779527564
20
-7.615594488188977
11
7.9201653543307087
21
-7.6212204724409451
0
LINE
8
RED2
6
CONTINUOUS
10
7.9201653543307087
20
-7.6212204724409451
11
7.9145393700787405
21
-7.6268464566929133
0
LINE
8
RED2
6
CONTINUOUS
10
7.9145393700787405
20
-7.6268464566929133
11
7.9061023622047246
21
-7.629657480314961
0
LINE
8
RED2
6
CONTINUOUS
10
7.9061023622047246
20
-7.629657480314961
11
7.8920433070866141
21
-7.629657480314961
0
LINE
8
RED2
6
CONTINUOUS
10
7.9764094488188979
20
-7.629657480314961
11
7.9764094488188979
21
-7.5987244094488196
0
LINE
8
RED2
6
CONTINUOUS
10
7.9764094488188979
20
-7.5987244094488196
11
7.9735944881889766
21
-7.5930984251968505
0
LINE
8
RED2
6
CONTINUOUS
10
7.9735944881889766
20
-7.5930984251968505
11
7.967972440944882
21
-7.5902874015748036
0
LINE
8
RED2
6
CONTINUOUS
10
7.967972440944882
20
-7.5902874015748036
11
7.9567244094488192
21
-7.5902874015748036
0
LINE
8
RED2
6
CONTINUOUS
10
7.9567244094488192
20
-7.5902874015748036
11
7.9510984251968511
21
-7.5930984251968505
0
LINE
8
RED2
6
CONTINUOUS
10
7.9764094488188979
20
-7.6268464566929133
11
7.9707834645669298
21
-7.629657480314961
0
LINE
8
RED2
6
CONTINUOUS
10
7.9707834645669298
20
-7.629657480314961
11
7.9567244094488192
21
-7.629657480314961
0
LINE
8
RED2
6
CONTINUOUS
10
7.9567244094488192
20
-7.629657480314961
11
7.9510984251968511
21
-7.6268464566929133
0
LINE
8
RED2
6
CONTINUOUS
10
7.9510984251968511
20
-7.6268464566929133
11
7.9482874015748033
21
-7.6212204724409451
0
LINE
8
RED2
6
CONTINUOUS
10
7.9482874015748033
20
-7.6212204724409451
11
7.9482874015748033
21
-7.615594488188977
0
LINE
8
RED2
6
CONTINUOUS
10
7.9482874015748033
20
-7.615594488188977
11
7.9510984251968511
21
-7.6099724409448823
0
LINE
8
RED2
6
CONTINUOUS
10
7.9510984251968511
20
-7.6099724409448823
11
7.9567244094488192
21
-7.6071614173228346
0
LINE
8
RED2
6
CONTINUOUS
10
7.9567244094488192
20
-7.6071614173228346
11
7.9707834645669298
21
-7.6071614173228346
0
LINE
8
RED2
6
CONTINUOUS
10
7.9707834645669298
20
-7.6071614173228346
11
7.9764094488188979
21
-7.6043464566929133
0
LINE
8
RED2
6
CONTINUOUS
10
7.9960905511811022
20
-7.5902874015748036
11
8.0185866141732287
21
-7.5902874015748036
0
LINE
8
RED2
6
CONTINUOUS
10
8.0045275590551181
20
-7.5706023622047249
11
8.0045275590551181
21
-7.6212204724409451
0
LINE
8
RED2
6
CONTINUOUS
10
8.0045275590551181
20
-7.6212204724409451
11
8.0073385826771659
21
-7.6268464566929133
0
LINE
8
RED2
6
CONTINUOUS
10
8.0073385826771659
20
-7.6268464566929133
11
8.0129645669291349
21
-7.629657480314961
0
LINE
8
RED2
6
CONTINUOUS
10
8.0129645669291349
20
-7.629657480314961
11
8.0185866141732287
21
-7.629657480314961
0
LINE
8
RED2
6
CONTINUOUS
10
8.0607677165354339
20
-7.6268464566929133
11
8.0551456692913384
21
-7.629657480314961
0
LINE
8
RED2
6
CONTINUOUS
10
8.0551456692913384
20
-7.629657480314961
11
8.0438976377952756
21
-7.629657480314961
0
LINE
8
RED2
6
CONTINUOUS
10
8.0438976377952756
20
-7.629657480314961
11
8.0382716535433065
21
-7.6268464566929133
0
LINE
8
RED2
6
CONTINUOUS
10
8.0382716535433065
20
-7.6268464566929133
11
8.0354606299212605
21
-7.6212204724409451
0
LINE
8
RED2
6
CONTINUOUS
10
8.0354606299212605
20
-7.6212204724409451
11
8.0354606299212605
21
-7.5987244094488196
0
LINE
8
RED2
6
CONTINUOUS
10
8.0354606299212605
20
-7.5987244094488196
11
8.0382716535433065
21
-7.5930984251968505
0
LINE
8
RED2
6
CONTINUOUS
10
8.0382716535433065
20
-7.5930984251968505
11
8.0438976377952756
21
-7.5902874015748036
0
LINE
8
RED2
6
CONTINUOUS
10
8.0438976377952756
20
-7.5902874015748036
11
8.0551456692913384
21
-7.5902874015748036
0
LINE
8
RED2
6
CONTINUOUS
10
8.0551456692913384
20
-7.5902874015748036
11
8.0607677165354339
21
-7.5930984251968505
0
LINE
8
RED2
6
CONTINUOUS
10
8.0607677165354339
20
-7.5930984251968505
11
8.0635826771653552
21
-7.5987244094488196
0
LINE
8
RED2
6
CONTINUOUS
10
8.0635826771653552
20
-7.5987244094488196
11
8.0635826771653552
21
-7.6043464566929133
0
LINE
8
RED2
6
CONTINUOUS
10
8.0635826771653552
20
-7.6043464566929133
11
8.0354606299212605
21
-7.6099724409448823
0
LINE
8
RED2
6
CONTINUOUS
10
8.0888897637795285
20
-7.624031496062992
11
8.0917007874015745
21
-7.6268464566929133
0
LINE
8
RED2
6
CONTINUOUS
10
8.0917007874015745
20
-7.6268464566929133
11
8.0888897637795285
21
-7.629657480314961
0
LINE
8
RED2
6
CONTINUOUS
10
8.0888897637795285
20
-7.629657480314961
11
8.0860787401574807
21
-7.6268464566929133
0
LINE
8
RED2
6
CONTINUOUS
10
8.0860787401574807
20
-7.6268464566929133
11
8.0888897637795285
21
-7.624031496062992
0
LINE
8
RED2
6
CONTINUOUS
10
8.0888897637795285
20
-7.624031496062992
11
8.0888897637795285
21
-7.629657480314961
0
LINE
8
RED2
6
CONTINUOUS
10
8.0888897637795285
20
-7.5930984251968505
11
8.0917007874015745
21
-7.5959094488188983
0
LINE
8
RED2
6
CONTINUOUS
10
8.0917007874015745
20
-7.5959094488188983
11
8.0888897637795285
21
-7.5987244094488196
0
LINE
8
RED2
6
CONTINUOUS
10
8.0888897637795285
20
-7.5987244094488196
11
8.0860787401574807
21
-7.5959094488188983
0
LINE
8
RED2
6
CONTINUOUS
10
8.0860787401574807
20
-7.5959094488188983
11
8.0888897637795285
21
-7.5930984251968505
0
LINE
8
RED2
6
CONTINUOUS
10
8.0888897637795285
20
-7.5930984251968505
11
8.0888897637795285
21
-7.5987244094488196
0
LINE
8
RED2
6
CONTINUOUS
10
6.9685905511811024
20
-7.657763779527559
11
11.2205590551181107
21
-7.657763779527559
0
LINE
8
RED2
6
CONTINUOUS
10
7.0259015748031501
20
-7.7398937007874018
11
7.0259015748031501
21
-7.6808385826771657
0
LINE
8
RED2
6
CONTINUOUS
10
7.0596456692913385
20
-7.7398937007874018
11
7.0343385826771661
21
-7.706145669291339
0
LINE
8
RED2
6
CONTINUOUS
10
7.0596456692913385
20
-7.6808385826771657
11
7.0259015748031501
21
-7.714582677165355
0
LINE
8
RED2
6
CONTINUOUS
10
7.0849566929133863
20
-7.7398937007874018
11
7.0849566929133863
21
-7.7005236220472444
0
LINE
8
RED2
6
CONTINUOUS
10
7.0849566929133863
20
-7.6808385826771657
11
7.0821456692913385
21
-7.6836496062992126
0
LINE
8
RED2
6
CONTINUOUS
10
7.0821456692913385
20
-7.6836496062992126
11
7.0849566929133863
21
-7.6864606299212603
0
LINE
8
RED2
6
CONTINUOUS
10
7.0849566929133863
20
-7.6864606299212603
11
7.0877677165354331
21
-7.6836496062992126
0
LINE
8
RED2
6
CONTINUOUS
10
7.0877677165354331
20
-7.6836496062992126
11
7.0849566929133863
21
-7.6808385826771657
0
LINE
8
RED2
6
CONTINUOUS
10
7.0849566929133863
20
-7.6808385826771657
11
7.0849566929133863
21
-7.6864606299212603
0
LINE
8
RED2
6
CONTINUOUS
10
7.1468228346456693
20
-7.7342677165354337
11
7.1440118110236224
21
-7.7370826771653549
0
LINE
8
RED2
6
CONTINUOUS
10
7.1440118110236224
20
-7.7370826771653549
11
7.1355748031496065
21
-7.7398937007874018
0
LINE
8
RED2
6
CONTINUOUS
10
7.1355748031496065
20
-7.7398937007874018
11
7.1299527559055118
21
-7.7398937007874018
0
LINE
8
RED2
6
CONTINUOUS
10
7.1299527559055118
20
-7.7398937007874018
11
7.1215157480314959
21
-7.7370826771653549
0
LINE
8
RED2
6
CONTINUOUS
10
7.1215157480314959
20
-7.7370826771653549
11
7.1158897637795278
21
-7.7314566929133859
0
LINE
8
RED2
6
CONTINUOUS
10
7.1158897637795278
20
-7.7314566929133859
11
7.1130787401574809
21
-7.7258307086614177
0
LINE
8
RED2
6
CONTINUOUS
10
7.1130787401574809
20
-7.7258307086614177
11
7.1102677165354331
21
-7.714582677165355
0
LINE
8
RED2
6
CONTINUOUS
10
7.1102677165354331
20
-7.714582677165355
11
7.1102677165354331
21
-7.706145669291339
0
LINE
8
RED2
6
CONTINUOUS
10
7.1102677165354331
20
-7.706145669291339
11
7.1130787401574809
21
-7.6948976377952762
0
LINE
8
RED2
6
CONTINUOUS
10
7.1130787401574809
20
-7.6948976377952762
11
7.1158897637795278
21
-7.6892755905511816
0
LINE
8
RED2
6
CONTINUOUS
10
7.1158897637795278
20
-7.6892755905511816
11
7.1215157480314959
21
-7.6836496062992126
0
LINE
8
RED2
6
CONTINUOUS
10
7.1215157480314959
20
-7.6836496062992126
11
7.1299527559055118
21
-7.6808385826771657
0
LINE
8
RED2
6
CONTINUOUS
10
7.1299527559055118
20
-7.6808385826771657
11
7.1355748031496065
21
-7.6808385826771657
0
LINE
8
RED2
6
CONTINUOUS
10
7.1355748031496065
20
-7.6808385826771657
11
7.1440118110236224
21
-7.6836496062992126
0
LINE
8
RED2
6
CONTINUOUS
10
7.1440118110236224
20
-7.6836496062992126
11
7.1468228346456693
21
-7.6864606299212603
0
LINE
8
RED2
6
CONTINUOUS
10
7.1974448818897638
20
-7.7398937007874018
11
7.1974448818897638
21
-7.7089606299212603
0
LINE
8
RED2
6
CONTINUOUS
10
7.1974448818897638
20
-7.7089606299212603
11
7.1946299212598426
21
-7.7033346456692913
0
LINE
8
RED2
6
CONTINUOUS
10
7.1946299212598426
20
-7.7033346456692913
11
7.1890078740157479
21
-7.7005236220472444
0
LINE
8
RED2
6
CONTINUOUS
10
7.1890078740157479
20
-7.7005236220472444
11
7.1777598425196851
21
-7.7005236220472444
0
LINE
8
RED2
6
CONTINUOUS
10
7.1777598425196851
20
-7.7005236220472444
11
7.172133858267717
21
-7.7033346456692913
0
LINE
8
RED2
6
CONTINUOUS
10
7.1974448818897638
20
-7.7370826771653549
11
7.1918188976377957
21
-7.7398937007874018
0
LINE
8
RED2
6
CONTINUOUS
10
7.1918188976377957
20
-7.7398937007874018
11
7.1777598425196851
21
-7.7398937007874018
0
LINE
8
RED2
6
CONTINUOUS
10
7.1777598425196851
20
-7.7398937007874018
11
7.172133858267717
21
-7.7370826771653549
0
LINE
8
RED2
6
CONTINUOUS
10
7.172133858267717
20
-7.7370826771653549
11
7.1693228346456692
21
-7.7314566929133859
0
LINE
8
RED2
6
CONTINUOUS
10
7.1693228346456692
20
-7.7314566929133859
11
7.1693228346456692
21
-7.7258307086614177
0
LINE
8
RED2
6
CONTINUOUS
10
7.1693228346456692
20
-7.7258307086614177
11
7.172133858267717
21
-7.7202086614173231
0
LINE
8
RED2
6
CONTINUOUS
10
7.172133858267717
20
-7.7202086614173231
11
7.1777598425196851
21
-7.7173976377952762
0
LINE
8
RED2
6
CONTINUOUS
10
7.1777598425196851
20
-7.7173976377952762
11
7.1918188976377957
21
-7.7173976377952762
0
LINE
8
RED2
6
CONTINUOUS
10
7.1918188976377957
20
-7.7173976377952762
11
7.1974448818897638
21
-7.714582677165355
0
LINE
8
RED2
6
CONTINUOUS
10
7.2508740157480318
20
-7.7398937007874018
11
7.2508740157480318
21
-7.6808385826771657
0
LINE
8
RED2
6
CONTINUOUS
10
7.2508740157480318
20
-7.7370826771653549
11
7.2452480314960637
21
-7.7398937007874018
0
LINE
8
RED2
6
CONTINUOUS
10
7.2452480314960637
20
-7.7398937007874018
11
7.234
21
-7.7398937007874018
0
LINE
8
RED2
6
CONTINUOUS
10
7.234
20
-7.7398937007874018
11
7.2283740157480318
21
-7.7370826771653549
0
LINE
8
RED2
6
CONTINUOUS
10
7.2283740157480318
20
-7.7370826771653549
11
7.225562992125985
21
-7.7342677165354337
0
LINE
8
RED2
6
CONTINUOUS
10
7.225562992125985
20
-7.7342677165354337
11
7.2227519685039372
21
-7.728645669291339
0
LINE
8
RED2
6
CONTINUOUS
10
7.2227519685039372
20
-7.728645669291339
11
7.2227519685039372
21
-7.7117716535433072
0
LINE
8
RED2
6
CONTINUOUS
10
7.2227519685039372
20
-7.7117716535433072
11
7.225562992125985
21
-7.706145669291339
0
LINE
8
RED2
6
CONTINUOUS
10
7.225562992125985
20
-7.706145669291339
11
7.2283740157480318
21
-7.7033346456692913
0
LINE
8
RED2
6
CONTINUOUS
10
7.2283740157480318
20
-7.7033346456692913
11
7.234
21
-7.7005236220472444
0
LINE
8
RED2
6
CONTINUOUS
10
7.234
20
-7.7005236220472444
11
7.2452480314960637
21
-7.7005236220472444
0
LINE
8
RED2
6
CONTINUOUS
10
7.2452480314960637
20
-7.7005236220472444
11
7.2508740157480318
21
-7.7033346456692913
0
LINE
8
RED2
6
CONTINUOUS
10
7.3239881889763785
20
-7.7089606299212603
11
7.3436732283464572
21
-7.7089606299212603
0
LINE
8
RED2
6
CONTINUOUS
10
7.3521102362204731
20
-7.7398937007874018
11
7.3239881889763785
21
-7.7398937007874018
0
LINE
8
RED2
6
CONTINUOUS
10
7.3239881889763785
20
-7.7398937007874018
11
7.3239881889763785
21
-7.6808385826771657
0
LINE
8
RED2
6
CONTINUOUS
10
7.3239881889763785
20
-7.6808385826771657
11
7.3521102362204731
21
-7.6808385826771657
0
LINE
8
RED2
6
CONTINUOUS
10
7.3774173228346456
20
-7.7342677165354337
11
7.3802283464566933
21
-7.7370826771653549
0
LINE
8
RED2
6
CONTINUOUS
10
7.3802283464566933
20
-7.7370826771653549
11
7.3774173228346456
21
-7.7398937007874018
0
LINE
8
RED2
6
CONTINUOUS
10
7.3774173228346456
20
-7.7398937007874018
11
7.3746062992125987
21
-7.7370826771653549
0
LINE
8
RED2
6
CONTINUOUS
10
7.3746062992125987
20
-7.7370826771653549
11
7.3774173228346456
21
-7.7342677165354337
0
LINE
8
RED2
6
CONTINUOUS
10
7.3774173228346456
20
-7.7342677165354337
11
7.3774173228346456
21
-7.7398937007874018
0
LINE
8
RED2
6
CONTINUOUS
10
7.4055393700787402
20
-7.7398937007874018
11
7.4055393700787402
21
-7.6808385826771657
0
LINE
8
RED2
6
CONTINUOUS
10
7.4055393700787402
20
-7.6808385826771657
11
7.4195984251968508
21
-7.6808385826771657
0
LINE
8
RED2
6
CONTINUOUS
10
7.4195984251968508
20
-7.6808385826771657
11
7.4280354330708667
21
-7.6836496062992126
0
LINE
8
RED2
6
CONTINUOUS
10
7.4280354330708667
20
-7.6836496062992126
11
7.4336614173228348
21
-7.6892755905511816
0
LINE
8
RED2
6
CONTINUOUS
10
7.4336614173228348
20
-7.6892755905511816
11
7.4364724409448826
21
-7.6948976377952762
0
LINE
8
RED2
6
CONTINUOUS
10
7.4364724409448826
20
-7.6948976377952762
11
7.4392834645669295
21
-7.706145669291339
0
LINE
8
RED2
6
CONTINUOUS
10
7.4392834645669295
20
-7.706145669291339
11
7.4392834645669295
21
-7.714582677165355
0
LINE
8
RED2
6
CONTINUOUS
10
7.4392834645669295
20
-7.714582677165355
11
7.4364724409448826
21
-7.7258307086614177
0
LINE
8
RED2
6
CONTINUOUS
10
7.4364724409448826
20
-7.7258307086614177
11
7.4336614173228348
21
-7.7314566929133859
0
LINE
8
RED2
6
CONTINUOUS
10
7.4336614173228348
20
-7.7314566929133859
11
7.4280354330708667
21
-7.7370826771653549
0
LINE
8
RED2
6
CONTINUOUS
10
7.4280354330708667
20
-7.7370826771653549
11
7.4195984251968508
21
-7.7398937007874018
0
LINE
8
RED2
6
CONTINUOUS
10
7.4195984251968508
20
-7.7398937007874018
11
7.4055393700787402
21
-7.7398937007874018
0
LINE
8
RED2
6
CONTINUOUS
10
7.4645944881889763
20
-7.7342677165354337
11
7.4674055118110241
21
-7.7370826771653549
0
LINE
8
RED2
6
CONTINUOUS
10
7.4674055118110241
20
-7.7370826771653549
11
7.4645944881889763
21
-7.7398937007874018
0
LINE
8
RED2
6
CONTINUOUS
10
7.4645944881889763
20
-7.7398937007874018
11
7.4617834645669294
21
-7.7370826771653549
0
LINE
8
RED2
6
CONTINUOUS
10
7.4617834645669294
20
-7.7370826771653549
11
7.4645944881889763
21
-7.7342677165354337
0
LINE
8
RED2
6
CONTINUOUS
10
7.4645944881889763
20
-7.7342677165354337
11
7.4645944881889763
21
-7.7398937007874018
0
LINE
8
RED2
6
CONTINUOUS
10
7.489905511811024
20
-7.72301968503937
11
7.5180275590551187
21
-7.72301968503937
0
LINE
8
RED2
6
CONTINUOUS
10
7.484279527559055
20
-7.7398937007874018
11
7.5039645669291337
21
-7.6808385826771657
0
LINE
8
RED2
6
CONTINUOUS
10
7.5039645669291337
20
-7.6808385826771657
11
7.5236496062992133
21
-7.7398937007874018
0
LINE
8
RED2
6
CONTINUOUS
10
7.543334645669292
20
-7.7342677165354337
11
7.5461456692913389
21
-7.7370826771653549
0
LINE
8
RED2
6
CONTINUOUS
10
7.5461456692913389
20
-7.7370826771653549
11
7.543334645669292
21
-7.7398937007874018
0
LINE
8
RED2
6
CONTINUOUS
10
7.543334645669292
20
-7.7398937007874018
11
7.5405236220472442
21
-7.7370826771653549
0
LINE
8
RED2
6
CONTINUOUS
10
7.5405236220472442
20
-7.7370826771653549
11
7.543334645669292
21
-7.7342677165354337
0
LINE
8
RED2
6
CONTINUOUS
10
7.543334645669292
20
-7.7342677165354337
11
7.543334645669292
21
-7.7398937007874018
0
LINE
8
RED2
6
CONTINUOUS
10
7.6192637795275591
20
-7.7398937007874018
11
7.6305118110236227
21
-7.7398937007874018
0
LINE
8
RED2
6
CONTINUOUS
10
7.6305118110236227
20
-7.7398937007874018
11
7.6361377952755909
21
-7.7370826771653549
0
LINE
8
RED2
6
CONTINUOUS
10
7.6361377952755909
20
-7.7370826771653549
11
7.6389488188976378
21
-7.7342677165354337
0
LINE
8
RED2
6
CONTINUOUS
10
7.6389488188976378
20
-7.7342677165354337
11
7.6445748031496068
21
-7.7258307086614177
0
LINE
8
RED2
6
CONTINUOUS
10
7.6445748031496068
20
-7.7258307086614177
11
7.6473858267716537
21
-7.714582677165355
0
LINE
8
RED2
6
CONTINUOUS
10
7.6473858267716537
20
-7.714582677165355
11
7.6473858267716537
21
-7.6920866141732285
0
LINE
8
RED2
6
CONTINUOUS
10
7.6473858267716537
20
-7.6920866141732285
11
7.6445748031496068
21
-7.6864606299212603
0
LINE
8
RED2
6
CONTINUOUS
10
7.6445748031496068
20
-7.6864606299212603
11
7.641763779527559
21
-7.6836496062992126
0
LINE
8
RED2
6
CONTINUOUS
10
7.641763779527559
20
-7.6836496062992126
11
7.6361377952755909
21
-7.6808385826771657
0
LINE
8
RED2
6
CONTINUOUS
10
7.6361377952755909
20
-7.6808385826771657
11
7.6248897637795281
21
-7.6808385826771657
0
LINE
8
RED2
6
CONTINUOUS
10
7.6248897637795281
20
-7.6808385826771657
11
7.6192637795275591
21
-7.6836496062992126
0
LINE
8
RED2
6
CONTINUOUS
10
7.6192637795275591
20
-7.6836496062992126
11
7.6164527559055122
21
-7.6864606299212603
0
LINE
8
RED2
6
CONTINUOUS
10
7.6164527559055122
20
-7.6864606299212603
11
7.6136417322834644
21
-7.6920866141732285
0
LINE
8
RED2
6
CONTINUOUS
10
7.6136417322834644
20
-7.6920866141732285
11
7.6136417322834644
21
-7.706145669291339
0
LINE
8
RED2
6
CONTINUOUS
10
7.6136417322834644
20
-7.706145669291339
11
7.6164527559055122
21
-7.7117716535433072
0
LINE
8
RED2
6
CONTINUOUS
10
7.6164527559055122
20
-7.7117716535433072
11
7.6192637795275591
21
-7.714582677165355
0
LINE
8
RED2
6
CONTINUOUS
10
7.6192637795275591
20
-7.714582677165355
11
7.6248897637795281
21
-7.7173976377952762
0
LINE
8
RED2
6
CONTINUOUS
10
7.6248897637795281
20
-7.7173976377952762
11
7.6361377952755909
21
-7.7173976377952762
0
LINE
8
RED2
6
CONTINUOUS
10
7.6361377952755909
20
-7.7173976377952762
11
7.641763779527559
21
-7.714582677165355
0
LINE
8
RED2
6
CONTINUOUS
10
7.641763779527559
20
-7.714582677165355
11
7.6445748031496068
21
-7.7117716535433072
0
LINE
8
RED2
6
CONTINUOUS
10
7.6445748031496068
20
-7.7117716535433072
11
7.6473858267716537
21
-7.706145669291339
0
LINE
8
RED2
6
CONTINUOUS
10
7.6726968503937014
20
-7.7342677165354337
11
7.6755078740157483
21
-7.7370826771653549
0
LINE
8
RED2
6
CONTINUOUS
10
7.6755078740157483
20
-7.7370826771653549
11
7.6726968503937014
21
-7.7398937007874018
0
LINE
8
RED2
6
CONTINUOUS
10
7.6726968503937014
20
-7.7398937007874018
11
7.6698858267716536
21
-7.7370826771653549
0
LINE
8
RED2
6
CONTINUOUS
10
7.6698858267716536
20
-7.7370826771653549
11
7.6726968503937014
21
-7.7342677165354337
0
LINE
8
RED2
6
CONTINUOUS
10
7.6726968503937014
20
-7.7342677165354337
11
7.6726968503937014
21
-7.7398937007874018
0
LINE
8
RED2
6
CONTINUOUS
10
7.7120669291338588
20
-7.6808385826771657
11
7.717692913385827
21
-7.6808385826771657
0
LINE
8
RED2
6
CONTINUOUS
10
7.717692913385827
20
-7.6808385826771657
11
7.7233149606299216
21
-7.6836496062992126
0
LINE
8
RED2
6
CONTINUOUS
10
7.7233149606299216
20
-7.6836496062992126
11
7.7261299212598429
21
-7.6864606299212603
0
LINE
8
RED2
6
CONTINUOUS
10
7.7261299212598429
20
-7.6864606299212603
11
7.7289409448818898
21
-7.6920866141732285
0
LINE
8
RED2
6
CONTINUOUS
10
7.7289409448818898
20
-7.6920866141732285
11
7.7317519685039375
21
-7.7033346456692913
0
LINE
8
RED2
6
CONTINUOUS
10
7.7317519685039375
20
-7.7033346456692913
11
7.7317519685039375
21
-7.7173976377952762
0
LINE
8
RED2
6
CONTINUOUS
10
7.7317519685039375
20
-7.7173976377952762
11
7.7289409448818898
21
-7.728645669291339
0
LINE
8
RED2
6
CONTINUOUS
10
7.7289409448818898
20
-7.728645669291339
11
7.7261299212598429
21
-7.7342677165354337
0
LINE
8
RED2
6
CONTINUOUS
10
7.7261299212598429
20
-7.7342677165354337
11
7.7233149606299216
21
-7.7370826771653549
0
LINE
8
RED2
6
CONTINUOUS
10
7.7233149606299216
20
-7.7370826771653549
11
7.717692913385827
21
-7.7398937007874018
0
LINE
8
RED2
6
CONTINUOUS
10
7.717692913385827
20
-7.7398937007874018
11
7.7120669291338588
21
-7.7398937007874018
0
LINE
8
RED2
6
CONTINUOUS
10
7.7120669291338588
20
-7.7398937007874018
11
7.7064448818897642
21
-7.7370826771653549
0
LINE
8
RED2
6
CONTINUOUS
10
7.7064448818897642
20
-7.7370826771653549
11
7.7036299212598429
21
-7.7342677165354337
0
LINE
8
RED2
6
CONTINUOUS
10
7.7036299212598429
20
-7.7342677165354337
11
7.7008188976377951
21
-7.728645669291339
0
LINE
8
RED2
6
CONTINUOUS
10
7.7008188976377951
20
-7.728645669291339
11
7.6980078740157483
21
-7.7173976377952762
0
LINE
8
RED2
6
CONTINUOUS
10
7.6980078740157483
20
-7.7173976377952762
11
7.6980078740157483
21
-7.7033346456692913
0
LINE
8
RED2
6
CONTINUOUS
10
7.6980078740157483
20
-7.7033346456692913
11
7.7008188976377951
21
-7.6920866141732285
0
LINE
8
RED2
6
CONTINUOUS
10
7.7008188976377951
20
-7.6920866141732285
11
7.7036299212598429
21
-7.6864606299212603
0
LINE
8
RED2
6
CONTINUOUS
10
7.7036299212598429
20
-7.6864606299212603
11
7.7064448818897642
21
-7.6836496062992126
0
LINE
8
RED2
6
CONTINUOUS
10
7.7064448818897642
20
-7.6836496062992126
11
7.7120669291338588
21
-7.6808385826771657
0
LINE
8
RED2
6
CONTINUOUS
10
7.7570629921259844
20
-7.7342677165354337
11
7.7598740157480321
21
-7.7370826771653549
0
LINE
8
RED2
6
CONTINUOUS
10
7.7598740157480321
20
-7.7370826771653549
11
7.7570629921259844
21
-7.7398937007874018
0
LINE
8
RED2
6
CONTINUOUS
10
7.7570629921259844
20
-7.7398937007874018
11
7.7542519685039375
21
-7.7370826771653549
0
LINE
8
RED2
6
CONTINUOUS
10
7.7542519685039375
20
-7.7370826771653549
11
7.7570629921259844
21
-7.7342677165354337
0
LINE
8
RED2
6
CONTINUOUS
10
7.7570629921259844
20
-7.7342677165354337
11
7.7570629921259844
21
-7.7398937007874018
0
LINE
8
RED2
6
CONTINUOUS
10
7.7823740157480321
20
-7.6864606299212603
11
7.785185039370079
21
-7.6836496062992126
0
LINE
8
RED2
6
CONTINUOUS
10
7.785185039370079
20
-7.6836496062992126
11
7.7908110236220471
21
-7.6808385826771657
0
LINE
8
RED2
6
CONTINUOUS
10
7.7908110236220471
20
-7.6808385826771657
11
7.8048700787401577
21
-7.6808385826771657
0
LINE
8
RED2
6
CONTINUOUS
10
7.8048700787401577
20
-7.6808385826771657
11
7.8104960629921258
21
-7.6836496062992126
0
LINE
8
RED2
6
CONTINUOUS
10
7.8104960629921258
20
-7.6836496062992126
11
7.8133070866141736
21
-7.6864606299212603
0
LINE
8
RED2
6
CONTINUOUS
10
7.8133070866141736
20
-7.6864606299212603
11
7.8161181102362205
21
-7.6920866141732285
0
LINE
8
RED2
6
CONTINUOUS
10
7.8161181102362205
20
-7.6920866141732285
11
7.8161181102362205
21
-7.6977125984251975
0
LINE
8
RED2
6
CONTINUOUS
10
7.8161181102362205
20
-7.6977125984251975
11
7.8133070866141736
21
-7.706145669291339
0
LINE
8
RED2
6
CONTINUOUS
10
7.8133070866141736
20
-7.706145669291339
11
7.7795590551181109
21
-7.7398937007874018
0
LINE
8
RED2
6
CONTINUOUS
10
7.7795590551181109
20
-7.7398937007874018
11
7.8161181102362205
21
-7.7398937007874018
0
LINE
8
RED2
6
CONTINUOUS
10
6.9685905511811024
20
-7.5396535433070868
11
11.2205590551181107
21
-7.5396535433070868
0
LINE
8
RED2
6
CONTINUOUS
10
10.4099881889763779
20
-7.629350393700788
11
10.3903031496063001
21
-7.6012283464566934
0
LINE
8
RED2
6
CONTINUOUS
10
10.3762440944881895
20
-7.629350393700788
11
10.3762440944881895
21
-7.570295275590551
0
LINE
8
RED2
6
CONTINUOUS
10
10.3762440944881895
20
-7.570295275590551
11
10.3987401574803151
21
-7.570295275590551
0
LINE
8
RED2
6
CONTINUOUS
10
10.3987401574803151
20
-7.570295275590551
11
10.4043661417322841
21
-7.5731062992125988
0
LINE
8
RED2
6
CONTINUOUS
10
10.4043661417322841
20
-7.5731062992125988
11
10.4071771653543319
21
-7.5759173228346457
0
LINE
8
RED2
6
CONTINUOUS
10
10.4071771653543319
20
-7.5759173228346457
11
10.4099881889763779
21
-7.5815433070866147
0
LINE
8
RED2
6
CONTINUOUS
10
10.4099881889763779
20
-7.5815433070866147
11
10.4099881889763779
21
-7.5899803149606306
0
LINE
8
RED2
6
CONTINUOUS
10
10.4099881889763779
20
-7.5899803149606306
11
10.4071771653543319
21
-7.5956023622047244
0
LINE
8
RED2
6
CONTINUOUS
10
10.4071771653543319
20
-7.5956023622047244
11
10.4043661417322841
21
-7.5984173228346457
0
LINE
8
RED2
6
CONTINUOUS
10
10.4043661417322841
20
-7.5984173228346457
11
10.3987401574803151
21
-7.6012283464566934
0
LINE
8
RED2
6
CONTINUOUS
10
10.3987401574803151
20
-7.6012283464566934
11
10.3762440944881895
21
-7.6012283464566934
0
LINE
8
RED2
6
CONTINUOUS
10
10.4577952755905521
20
-7.6265393700787403
11
10.4521732283464566
21
-7.629350393700788
0
LINE
8
RED2
6
CONTINUOUS
10
10.4521732283464566
20
-7.629350393700788
11
10.4409251968503938
21
-7.629350393700788
0
LINE
8
RED2
6
CONTINUOUS
10
10.4409251968503938
20
-7.629350393700788
11
10.4352992125984247
21
-7.6265393700787403
0
LINE
8
RED2
6
CONTINUOUS
10
10.4352992125984247
20
-7.6265393700787403
11
10.4324881889763788
21
-7.6209133858267721
0
LINE
8
RED2
6
CONTINUOUS
10
10.4324881889763788
20
-7.6209133858267721
11
10.4324881889763788
21
-7.5984173228346457
0
LINE
8
RED2
6
CONTINUOUS
10
10.4324881889763788
20
-7.5984173228346457
11
10.4352992125984247
21
-7.5927913385826775
0
LINE
8
RED2
6
CONTINUOUS
10
10.4352992125984247
20
-7.5927913385826775
11
10.4409251968503938
21
-7.5899803149606306
0
LINE
8
RED2
6
CONTINUOUS
10
10.4409251968503938
20
-7.5899803149606306
11
10.4521732283464566
21
-7.5899803149606306
0
LINE
8
RED2
6
CONTINUOUS
10
10.4521732283464566
20
-7.5899803149606306
11
10.4577952755905521
21
-7.5927913385826775
0
LINE
8
RED2
6
CONTINUOUS
10
10.4577952755905521
20
-7.5927913385826775
11
10.4606102362204734
21
-7.5984173228346457
0
LINE
8
RED2
6
CONTINUOUS
10
10.4606102362204734
20
-7.5984173228346457
11
10.4606102362204734
21
-7.6040393700787403
0
LINE
8
RED2
6
CONTINUOUS
10
10.4606102362204734
20
-7.6040393700787403
11
10.4324881889763788
21
-7.6096653543307093
0
LINE
8
RED2
6
CONTINUOUS
10
10.4802913385826777
20
-7.5899803149606306
11
10.4943543307086617
21
-7.629350393700788
0
LINE
8
RED2
6
CONTINUOUS
10
10.4943543307086617
20
-7.629350393700788
11
10.5084133858267723
21
-7.5899803149606306
0
LINE
8
RED2
6
CONTINUOUS
10
10.5309133858267714
20
-7.623724409448819
11
10.5337244094488192
21
-7.6265393700787403
0
LINE
8
RED2
6
CONTINUOUS
10
10.5337244094488192
20
-7.6265393700787403
11
10.5309133858267714
21
-7.629350393700788
0
LINE
8
RED2
6
CONTINUOUS
10
10.5309133858267714
20
-7.629350393700788
11
10.5281023622047254
21
-7.6265393700787403
0
LINE
8
RED2
6
CONTINUOUS
10
10.5281023622047254
20
-7.6265393700787403
11
10.5309133858267714
21
-7.623724409448819
0
LINE
8
RED2
6
CONTINUOUS
10
10.5309133858267714
20
-7.623724409448819
11
10.5309133858267714
21
-7.629350393700788
0
LINE
8
RED2
6
CONTINUOUS
10
10.5309133858267714
20
-7.5927913385826775
11
10.5337244094488192
21
-7.5956023622047244
0
LINE
8
RED2
6
CONTINUOUS
10
10.5337244094488192
20
-7.5956023622047244
11
10.5309133858267714
21
-7.5984173228346457
0
LINE
8
RED2
6
CONTINUOUS
10
10.5309133858267714
20
-7.5984173228346457
11
10.5281023622047254
21
-7.5956023622047244
0
LINE
8
RED2
6
CONTINUOUS
10
10.5281023622047254
20
-7.5956023622047244
11
10.5309133858267714
21
-7.5927913385826775
0
LINE
8
RED2
6
CONTINUOUS
10
10.5309133858267714
20
-7.5927913385826775
11
10.5309133858267714
21
-7.5984173228346457
0
LINE
8
RED2
6
CONTINUOUS
10
7.0230905511811024
20
-7.6268464566929133
11
7.0315275590551183
21
-7.629657480314961
0
LINE
8
RED2
6
CONTINUOUS
10
7.0315275590551183
20
-7.629657480314961
11
7.0455866141732288
21
-7.629657480314961
0
LINE
8
RED2
6
CONTINUOUS
10
7.0455866141732288
20
-7.629657480314961
11
7.051212598425197
21
-7.6268464566929133
0
LINE
8
RED2
6
CONTINUOUS
10
7.051212598425197
20
-7.6268464566929133
11
7.0540236220472448
21
-7.624031496062992
0
LINE
8
RED2
6
CONTINUOUS
10
7.0540236220472448
20
-7.624031496062992
11
7.0568346456692916
21
-7.6184094488188983
0
LINE
8
RED2
6
CONTINUOUS
10
7.0568346456692916
20
-7.6184094488188983
11
7.0568346456692916
21
-7.6127834645669292
0
LINE
8
RED2
6
CONTINUOUS
10
7.0568346456692916
20
-7.6127834645669292
11
7.0540236220472448
21
-7.6071614173228346
0
LINE
8
RED2
6
CONTINUOUS
10
7.0540236220472448
20
-7.6071614173228346
11
7.051212598425197
21
-7.6043464566929133
0
LINE
8
RED2
6
CONTINUOUS
10
7.051212598425197
20
-7.6043464566929133
11
7.0455866141732288
21
-7.6015354330708664
0
LINE
8
RED2
6
CONTINUOUS
10
7.0455866141732288
20
-7.6015354330708664
11
7.0343385826771661
21
-7.5987244094488196
0
LINE
8
RED2
6
CONTINUOUS
10
7.0343385826771661
20
-7.5987244094488196
11
7.028712598425197
21
-7.5959094488188983
0
LINE
8
RED2
6
CONTINUOUS
10
7.028712598425197
20
-7.5959094488188983
11
7.0259015748031501
21
-7.5930984251968505
0
LINE
8
RED2
6
CONTINUOUS
10
7.0259015748031501
20
-7.5930984251968505
11
7.0230905511811024
21
-7.5874763779527559
0
LINE
8
RED2
6
CONTINUOUS
10
7.0230905511811024
20
-7.5874763779527559
11
7.0230905511811024
21
-7.5818503937007877
0
LINE
8
RED2
6
CONTINUOUS
10
7.0230905511811024
20
-7.5818503937007877
11
7.0259015748031501
21
-7.5762244094488196
0
LINE
8
RED2
6
CONTINUOUS
10
7.0259015748031501
20
-7.5762244094488196
11
7.028712598425197
21
-7.5734133858267718
0
LINE
8
RED2
6
CONTINUOUS
10
7.028712598425197
20
-7.5734133858267718
11
7.0343385826771661
21
-7.5706023622047249
0
LINE
8
RED2
6
CONTINUOUS
10
7.0343385826771661
20
-7.5706023622047249
11
7.0483976377952757
21
-7.5706023622047249
0
LINE
8
RED2
6
CONTINUOUS
10
7.0483976377952757
20
-7.5706023622047249
11
7.0568346456692916
21
-7.5734133858267718
0
LINE
8
RED2
6
CONTINUOUS
10
7.0821456692913385
20
-7.629657480314961
11
7.0821456692913385
21
-7.5902874015748036
0
LINE
8
RED2
6
CONTINUOUS
10
7.0821456692913385
20
-7.5706023622047249
11
7.0793346456692916
21
-7.5734133858267718
0
LINE
8
RED2
6
CONTINUOUS
10
7.0793346456692916
20
-7.5734133858267718
11
7.0821456692913385
21
-7.5762244094488196
0
LINE
8
RED2
6
CONTINUOUS
10
7.0821456692913385
20
-7.5762244094488196
11
7.0849566929133863
21
-7.5734133858267718
0
LINE
8
RED2
6
CONTINUOUS
10
7.0849566929133863
20
-7.5734133858267718
11
7.0821456692913385
21
-7.5706023622047249
0
LINE
8
RED2
6
CONTINUOUS
10
7.0821456692913385
20
-7.5706023622047249
11
7.0821456692913385
21
-7.5762244094488196
0
LINE
8
RED2
6
CONTINUOUS
10
7.104641732283465
20
-7.5902874015748036
11
7.1355787401574808
21
-7.5902874015748036
0
LINE
8
RED2
6
CONTINUOUS
10
7.1355787401574808
20
-7.5902874015748036
11
7.104641732283465
21
-7.629657480314961
0
LINE
8
RED2
6
CONTINUOUS
10
7.104641732283465
20
-7.629657480314961
11
7.1355787401574808
21
-7.629657480314961
0
LINE
8
RED2
6
CONTINUOUS
10
7.1805708661417329
20
-7.6268464566929133
11
7.1749488188976382
21
-7.629657480314961
0
LINE
8
RED2
6
CONTINUOUS
10
7.1749488188976382
20
-7.629657480314961
11
7.1637007874015755
21
-7.629657480314961
0
LINE
8
RED2
6
CONTINUOUS
10
7.1637007874015755
20
-7.629657480314961
11
7.1580748031496064
21
-7.6268464566929133
0
LINE
8
RED2
6
CONTINUOUS
10
7.1580748031496064
20
-7.6268464566929133
11
7.1552637795275595
21
-7.6212204724409451
0
LINE
8
RED2
6
CONTINUOUS
10
7.1552637795275595
20
-7.6212204724409451
11
7.1552637795275595
21
-7.5987244094488196
0
LINE
8
RED2
6
CONTINUOUS
10
7.1552637795275595
20
-7.5987244094488196
11
7.1580748031496064
21
-7.5930984251968505
0
LINE
8
RED2
6
CONTINUOUS
10
7.1580748031496064
20
-7.5930984251968505
11
7.1637007874015755
21
-7.5902874015748036
0
LINE
8
RED2
6
CONTINUOUS
10
7.1637007874015755
20
-7.5902874015748036
11
7.1749488188976382
21
-7.5902874015748036
0
LINE
8
RED2
6
CONTINUOUS
10
7.1749488188976382
20
-7.5902874015748036
11
7.1805708661417329
21
-7.5930984251968505
0
LINE
8
RED2
6
CONTINUOUS
10
7.1805708661417329
20
-7.5930984251968505
11
7.1833858267716542
21
-7.5987244094488196
0
LINE
8
RED2
6
CONTINUOUS
10
7.1833858267716542
20
-7.5987244094488196
11
7.1833858267716542
21
-7.6043464566929133
0
LINE
8
RED2
6
CONTINUOUS
10
7.1833858267716542
20
-7.6043464566929133
11
7.1552637795275595
21
-7.6099724409448823
0
LINE
8
RED2
6
CONTINUOUS
10
7.2086929133858266
20
-7.624031496062992
11
7.2115039370078744
21
-7.6268464566929133
0
LINE
8
RED2
6
CONTINUOUS
10
7.2115039370078744
20
-7.6268464566929133
11
7.2086929133858266
21
-7.629657480314961
0
LINE
8
RED2
6
CONTINUOUS
10
7.2086929133858266
20
-7.629657480314961
11
7.2058818897637797
21
-7.6268464566929133
0
LINE
8
RED2
6
CONTINUOUS
10
7.2058818897637797
20
-7.6268464566929133
11
7.2086929133858266
21
-7.624031496062992
0
LINE
8
RED2
6
CONTINUOUS
10
7.2086929133858266
20
-7.624031496062992
11
7.2086929133858266
21
-7.629657480314961
0
LINE
8
RED2
6
CONTINUOUS
10
7.2086929133858266
20
-7.5930984251968505
11
7.2115039370078744
21
-7.5959094488188983
0
LINE
8
RED2
6
CONTINUOUS
10
7.2115039370078744
20
-7.5959094488188983
11
7.2086929133858266
21
-7.5987244094488196
0
LINE
8
RED2
6
CONTINUOUS
10
7.2086929133858266
20
-7.5987244094488196
11
7.2058818897637797
21
-7.5959094488188983
0
LINE
8
RED2
6
CONTINUOUS
10
7.2058818897637797
20
-7.5959094488188983
11
7.2086929133858266
21
-7.5930984251968505
0
LINE
8
RED2
6
CONTINUOUS
10
7.2086929133858266
20
-7.5930984251968505
11
7.2086929133858266
21
-7.5987244094488196
0
LINE
8
RED2
6
CONTINUOUS
10
7.2789999999999999
20
-7.6127834645669292
11
7.3071220472440945
21
-7.6127834645669292
0
LINE
8
RED2
6
CONTINUOUS
10
7.2733740157480318
20
-7.629657480314961
11
7.2930590551181105
21
-7.5706023622047249
0
LINE
8
RED2
6
CONTINUOUS
10
7.2930590551181105
20
-7.5706023622047249
11
7.3127440944881892
21
-7.629657480314961
0
LINE
8
RED2
6
CONTINUOUS
10
7.3577401574803156
20
-7.5902874015748036
11
7.3577401574803156
21
-7.629657480314961
0
LINE
8
RED2
6
CONTINUOUS
10
7.3436771653543307
20
-7.5677913385826772
11
7.329618110236221
21
-7.6099724409448823
0
LINE
8
RED2
6
CONTINUOUS
10
7.329618110236221
20
-7.6099724409448823
11
7.3661732283464572
21
-7.6099724409448823
0
LINE
8
RED2
6
CONTINUOUS
10
10.3723582677165354
20
-7.7398937007874018
11
10.3723582677165354
21
-7.6808385826771657
0
LINE
8
RED2
6
CONTINUOUS
10
10.4257913385826768
20
-7.7398937007874018
11
10.4257913385826768
21
-7.6808385826771657
0
LINE
8
RED2
6
CONTINUOUS
10
10.4257913385826768
20
-7.7370826771653549
11
10.4201653543307096
21
-7.7398937007874018
0
LINE
8
RED2
6
CONTINUOUS
10
10.4201653543307096
20
-7.7398937007874018
11
10.4089173228346468
21
-7.7398937007874018
0
LINE
8
RED2
6
CONTINUOUS
10
10.4089173228346468
20
-7.7398937007874018
11
10.4032913385826777
21
-7.7370826771653549
0
LINE
8
RED2
6
CONTINUOUS
10
10.4032913385826777
20
-7.7370826771653549
11
10.40048031496063
21
-7.7342677165354337
0
LINE
8
RED2
6
CONTINUOUS
10
10.40048031496063
20
-7.7342677165354337
11
10.3976692913385822
21
-7.728645669291339
0
LINE
8
RED2
6
CONTINUOUS
10
10.3976692913385822
20
-7.728645669291339
11
10.3976692913385822
21
-7.7117716535433072
0
LINE
8
RED2
6
CONTINUOUS
10
10.3976692913385822
20
-7.7117716535433072
11
10.40048031496063
21
-7.706145669291339
0
LINE
8
RED2
6
CONTINUOUS
10
10.40048031496063
20
-7.706145669291339
11
10.4032913385826777
21
-7.7033346456692913
0
LINE
8
RED2
6
CONTINUOUS
10
10.4032913385826777
20
-7.7033346456692913
11
10.4089173228346468
21
-7.7005236220472444
0
LINE
8
RED2
6
CONTINUOUS
10
10.4089173228346468
20
-7.7005236220472444
11
10.4201653543307096
21
-7.7005236220472444
0
LINE
8
RED2
6
CONTINUOUS
10
10.4201653543307096
20
-7.7005236220472444
11
10.4257913385826768
21
-7.7033346456692913
0
LINE
8
RED2
6
CONTINUOUS
10
10.4539094488188979
20
-7.7342677165354337
11
10.4567204724409457
21
-7.7370826771653549
0
LINE
8
RED2
6
CONTINUOUS
10
10.4567204724409457
20
-7.7370826771653549
11
10.4539094488188979
21
-7.7398937007874018
0
LINE
8
RED2
6
CONTINUOUS
10
10.4539094488188979
20
-7.7398937007874018
11
10.4510984251968502
21
-7.7370826771653549
0
LINE
8
RED2
6
CONTINUOUS
10
10.4510984251968502
20
-7.7370826771653549
11
10.4539094488188979
21
-7.7342677165354337
0
LINE
8
RED2
6
CONTINUOUS
10
10.4539094488188979
20
-7.7342677165354337
11
10.4539094488188979
21
-7.7398937007874018
0
LINE
8
RED2
6
CONTINUOUS
10
10.4539094488188979
20
-7.7033346456692913
11
10.4567204724409457
21
-7.706145669291339
0
LINE
8
RED2
6
CONTINUOUS
10
10.4567204724409457
20
-7.706145669291339
11
10.4539094488188979
21
-7.7089606299212603
0
LINE
8
RED2
6
CONTINUOUS
10
10.4539094488188979
20
-7.7089606299212603
11
10.4510984251968502
21
-7.706145669291339
0
LINE
8
RED2
6
CONTINUOUS
10
10.4510984251968502
20
-7.706145669291339
11
10.4539094488188979
21
-7.7033346456692913
0
LINE
8
RED2
6
CONTINUOUS
10
10.4539094488188979
20
-7.7033346456692913
11
10.4539094488188979
21
-7.7089606299212603
0
LINE
8
RED2
6
CONTINUOUS
10
10.529838582677165
20
-7.7398937007874018
11
10.5410866141732296
21
-7.7398937007874018
0
LINE
8
RED2
6
CONTINUOUS
10
10.5410866141732296
20
-7.7398937007874018
11
10.5467125984251968
21
-7.7370826771653549
0
LINE
8
RED2
6
CONTINUOUS
10
10.5467125984251968
20
-7.7370826771653549
11
10.5495236220472446
21
-7.7342677165354337
0
LINE
8
RED2
6
CONTINUOUS
10
10.5495236220472446
20
-7.7342677165354337
11
10.5551496062992136
21
-7.7258307086614177
0
LINE
8
RED2
6
CONTINUOUS
10
10.5551496062992136
20
-7.7258307086614177
11
10.5579606299212596
21
-7.714582677165355
0
LINE
8
RED2
6
CONTINUOUS
10
10.5579606299212596
20
-7.714582677165355
11
10.5579606299212596
21
-7.6920866141732285
0
LINE
8
RED2
6
CONTINUOUS
10
10.5579606299212596
20
-7.6920866141732285
11
10.5551496062992136
21
-7.6864606299212603
0
LINE
8
RED2
6
CONTINUOUS
10
10.5551496062992136
20
-7.6864606299212603
11
10.5523385826771658
21
-7.6836496062992126
0
LINE
8
RED2
6
CONTINUOUS
10
10.5523385826771658
20
-7.6836496062992126
11
10.5467125984251968
21
-7.6808385826771657
0
LINE
8
RED2
6
CONTINUOUS
10
10.5467125984251968
20
-7.6808385826771657
11
10.535464566929134
21
-7.6808385826771657
0
LINE
8
RED2
6
CONTINUOUS
10
10.535464566929134
20
-7.6808385826771657
11
10.529838582677165
21
-7.6836496062992126
0
LINE
8
RED2
6
CONTINUOUS
10
10.529838582677165
20
-7.6836496062992126
11
10.527027559055119
21
-7.6864606299212603
0
LINE
8
RED2
6
CONTINUOUS
10
10.527027559055119
20
-7.6864606299212603
11
10.5242165354330712
21
-7.6920866141732285
0
LINE
8
RED2
6
CONTINUOUS
10
10.5242165354330712
20
-7.6920866141732285
11
10.5242165354330712
21
-7.706145669291339
0
LINE
8
RED2
6
CONTINUOUS
10
10.5242165354330712
20
-7.706145669291339
11
10.527027559055119
21
-7.7117716535433072
0
LINE
8
RED2
6
CONTINUOUS
10
10.527027559055119
20
-7.7117716535433072
11
10.529838582677165
21
-7.714582677165355
0
LINE
8
RED2
6
CONTINUOUS
10
10.529838582677165
20
-7.714582677165355
11
10.535464566929134
21
-7.7173976377952762
0
LINE
8
RED2
6
CONTINUOUS
10
10.535464566929134
20
-7.7173976377952762
11
10.5467125984251968
21
-7.7173976377952762
0
LINE
8
RED2
6
CONTINUOUS
10
10.5467125984251968
20
-7.7173976377952762
11
10.5523385826771658
21
-7.714582677165355
0
LINE
8
RED2
6
CONTINUOUS
10
10.5523385826771658
20
-7.714582677165355
11
10.5551496062992136
21
-7.7117716535433072
0
LINE
8
RED2
6
CONTINUOUS
10
10.5551496062992136
20
-7.7117716535433072
11
10.5579606299212596
21
-7.706145669291339
0
LINE
8
RED2
6
CONTINUOUS
10
10.6254527559055116
20
-7.6780275590551188
11
10.5748346456692914
21
-7.7539527559055124
0
LINE
8
RED2
6
CONTINUOUS
10
10.6760708661417318
20
-7.7398937007874018
11
10.6423267716535435
21
-7.7398937007874018
0
LINE
8
RED2
6
CONTINUOUS
10
10.6591968503937018
20
-7.7398937007874018
11
10.6591968503937018
21
-7.6808385826771657
0
LINE
8
RED2
6
CONTINUOUS
10
10.6591968503937018
20
-7.6808385826771657
11
10.6535748031496063
21
-7.6892755905511816
0
LINE
8
RED2
6
CONTINUOUS
10
10.6535748031496063
20
-7.6892755905511816
11
10.647948818897639
21
-7.6948976377952762
0
LINE
8
RED2
6
CONTINUOUS
10
10.647948818897639
20
-7.6948976377952762
11
10.6423267716535435
21
-7.6977125984251975
0
LINE
8
RED2
6
CONTINUOUS
10
10.7323149606299211
20
-7.7398937007874018
11
10.6985708661417327
21
-7.7398937007874018
0
LINE
8
RED2
6
CONTINUOUS
10
10.715440944881891
20
-7.7398937007874018
11
10.715440944881891
21
-7.6808385826771657
0
LINE
8
RED2
6
CONTINUOUS
10
10.715440944881891
20
-7.6808385826771657
11
10.7098188976377955
21
-7.6892755905511816
0
LINE
8
RED2
6
CONTINUOUS
10
10.7098188976377955
20
-7.6892755905511816
11
10.7041929133858265
21
-7.6948976377952762
0
LINE
8
RED2
6
CONTINUOUS
10
10.7041929133858265
20
-7.6948976377952762
11
10.6985708661417327
21
-7.6977125984251975
0
LINE
8
RED2
6
CONTINUOUS
10
6.9685905511811024
20
-7.3821732283464572
11
11.2205590551181107
21
-7.3821732283464572
0
LINE
8
RED2
6
CONTINUOUS
10
7.0351889763779534
20
-7.409905511811024
11
7.0801850393700789
21
-7.409905511811024
0
LINE
8
RED2
6
CONTINUOUS
10
7.0478464566929135
20
-7.4886456692913388
11
7.0576889763779533
21
-7.409905511811024
0
LINE
8
RED2
6
CONTINUOUS
10
7.096586614173229
20
-7.4886456692913388
11
7.1031496062992128
21
-7.4361535433070873
0
LINE
8
RED2
6
CONTINUOUS
10
7.1064291338582679
20
-7.409905511811024
11
7.1022125984251971
21
-7.4136535433070865
0
LINE
8
RED2
6
CONTINUOUS
10
7.1022125984251971
20
-7.4136535433070865
11
7.1054921259842523
21
-7.4174055118110243
0
LINE
8
RED2
6
CONTINUOUS
10
7.1054921259842523
20
-7.4174055118110243
11
7.1097125984251974
21
-7.4136535433070865
0
LINE
8
RED2
6
CONTINUOUS
10
7.1097125984251974
20
-7.4136535433070865
11
7.1064291338582679
21
-7.409905511811024
0
LINE
8
RED2
6
CONTINUOUS
10
7.1064291338582679
20
-7.409905511811024
11
7.1054921259842523
21
-7.4174055118110243
0
LINE
8
RED2
6
CONTINUOUS
10
7.1293976377952761
20
-7.4361535433070873
11
7.159393700787402
21
-7.4361535433070873
0
LINE
8
RED2
6
CONTINUOUS
10
7.1439251968503941
20
-7.409905511811024
11
7.1354921259842525
21
-7.477397637795276
0
LINE
8
RED2
6
CONTINUOUS
10
7.1354921259842525
20
-7.477397637795276
11
7.1383031496062994
21
-7.4848976377952763
0
LINE
8
RED2
6
CONTINUOUS
10
7.1383031496062994
20
-7.4848976377952763
11
7.1453346456692914
21
-7.4886456692913388
0
LINE
8
RED2
6
CONTINUOUS
10
7.1453346456692914
20
-7.4886456692913388
11
7.1528307086614173
21
-7.4886456692913388
0
LINE
8
RED2
6
CONTINUOUS
10
7.1903307086614179
20
-7.4886456692913388
11
7.1832992125984259
21
-7.4848976377952763
0
LINE
8
RED2
6
CONTINUOUS
10
7.1832992125984259
20
-7.4848976377952763
11
7.1804881889763781
21
-7.477397637795276
0
LINE
8
RED2
6
CONTINUOUS
10
7.1804881889763781
20
-7.477397637795276
11
7.1889212598425196
21
-7.409905511811024
0
LINE
8
RED2
6
CONTINUOUS
10
7.2507874015748035
20
-7.4848976377952763
11
7.2428228346456693
21
-7.4886456692913388
0
LINE
8
RED2
6
CONTINUOUS
10
7.2428228346456693
20
-7.4886456692913388
11
7.2278228346456697
21
-7.4886456692913388
0
LINE
8
RED2
6
CONTINUOUS
10
7.2278228346456697
20
-7.4886456692913388
11
7.2207913385826776
21
-7.4848976377952763
0
LINE
8
RED2
6
CONTINUOUS
10
7.2207913385826776
20
-7.4848976377952763
11
7.2179803149606299
21
-7.477397637795276
0
LINE
8
RED2
6
CONTINUOUS
10
7.2179803149606299
20
-7.477397637795276
11
7.2217322834645676
21
-7.4474015748031501
0
LINE
8
RED2
6
CONTINUOUS
10
7.2217322834645676
20
-7.4474015748031501
11
7.2264173228346458
21
-7.4399015748031498
0
LINE
8
RED2
6
CONTINUOUS
10
7.2264173228346458
20
-7.4399015748031498
11
7.2343858267716534
21
-7.4361535433070873
0
LINE
8
RED2
6
CONTINUOUS
10
7.2343858267716534
20
-7.4361535433070873
11
7.2493818897637796
21
-7.4361535433070873
0
LINE
8
RED2
6
CONTINUOUS
10
7.2493818897637796
20
-7.4361535433070873
11
7.2564133858267716
21
-7.4399015748031498
0
LINE
8
RED2
6
CONTINUOUS
10
7.2564133858267716
20
-7.4399015748031498
11
7.2592244094488194
21
-7.4474015748031501
0
LINE
8
RED2
6
CONTINUOUS
10
7.2592244094488194
20
-7.4474015748031501
11
7.2582874015748038
21
-7.454897637795276
0
LINE
8
RED2
6
CONTINUOUS
10
7.2582874015748038
20
-7.454897637795276
11
7.219854330708662
21
-7.4623976377952754
0
LINE
8
RED2
6
CONTINUOUS
10
7.288751968503937
20
-7.4811456692913385
11
7.2920354330708665
21
-7.4848976377952763
0
LINE
8
RED2
6
CONTINUOUS
10
7.2920354330708665
20
-7.4848976377952763
11
7.2878149606299214
21
-7.4886456692913388
0
LINE
8
RED2
6
CONTINUOUS
10
7.2878149606299214
20
-7.4886456692913388
11
7.2845354330708663
21
-7.4848976377952763
0
LINE
8
RED2
6
CONTINUOUS
10
7.2845354330708663
20
-7.4848976377952763
11
7.288751968503937
21
-7.4811456692913385
0
LINE
8
RED2
6
CONTINUOUS
10
7.288751968503937
20
-7.4811456692913385
11
7.2878149606299214
21
-7.4886456692913388
0
LINE
8
RED2
6
CONTINUOUS
10
7.2939094488188978
20
-7.4399015748031498
11
7.2971889763779529
21
-7.4436496062992132
0
LINE
8
RED2
6
CONTINUOUS
10
7.2971889763779529
20
-7.4436496062992132
11
7.2929724409448822
21
-7.4474015748031501
0
LINE
8
RED2
6
CONTINUOUS
10
7.2929724409448822
20
-7.4474015748031501
11
7.289692913385827
21
-7.4436496062992132
0
LINE
8
RED2
6
CONTINUOUS
10
7.289692913385827
20
-7.4436496062992132
11
7.2939094488188978
21
-7.4399015748031498
0
LINE
8
RED2
6
CONTINUOUS
10
7.2939094488188978
20
-7.4399015748031498
11
7.2929724409448822
21
-7.4474015748031501
0
LINE
8
RED2
6
CONTINUOUS
10
7.0455866141732288
20
-7.3073858267716538
11
7.0259015748031501
21
-7.3073858267716538
0
LINE
8
RED2
6
CONTINUOUS
10
7.0259015748031501
20
-7.3383188976377953
11
7.0259015748031501
21
-7.2792637795275592
0
LINE
8
RED2
6
CONTINUOUS
10
7.0259015748031501
20
-7.2792637795275592
11
7.0540236220472448
21
-7.2792637795275592
0
LINE
8
RED2
6
CONTINUOUS
10
7.0765196850393703
20
-7.3383188976377953
11
7.0765196850393703
21
-7.2989488188976379
0
LINE
8
RED2
6
CONTINUOUS
10
7.0765196850393703
20
-7.2792637795275592
11
7.0737086614173235
21
-7.282074803149607
0
LINE
8
RED2
6
CONTINUOUS
10
7.0737086614173235
20
-7.282074803149607
11
7.0765196850393703
21
-7.2848858267716539
0
LINE
8
RED2
6
CONTINUOUS
10
7.0765196850393703
20
-7.2848858267716539
11
7.0793307086614172
21
-7.282074803149607
0
LINE
8
RED2
6
CONTINUOUS
10
7.0793307086614172
20
-7.282074803149607
11
7.0765196850393703
21
-7.2792637795275592
0
LINE
8
RED2
6
CONTINUOUS
10
7.0765196850393703
20
-7.2792637795275592
11
7.0765196850393703
21
-7.2848858267716539
0
LINE
8
RED2
6
CONTINUOUS
10
7.1130787401574809
20
-7.3383188976377953
11
7.1074527559055118
21
-7.3355078740157484
0
LINE
8
RED2
6
CONTINUOUS
10
7.1074527559055118
20
-7.3355078740157484
11
7.104641732283465
21
-7.3298818897637794
0
LINE
8
RED2
6
CONTINUOUS
10
7.104641732283465
20
-7.3298818897637794
11
7.104641732283465
21
-7.2792637795275592
0
LINE
8
RED2
6
CONTINUOUS
10
7.1580708661417329
20
-7.3355078740157484
11
7.1524488188976383
21
-7.3383188976377953
0
LINE
8
RED2
6
CONTINUOUS
10
7.1524488188976383
20
-7.3383188976377953
11
7.1412007874015755
21
-7.3383188976377953
0
LINE
8
RED2
6
CONTINUOUS
10
7.1412007874015755
20
-7.3383188976377953
11
7.1355748031496065
21
-7.3355078740157484
0
LINE
8
RED2
6
CONTINUOUS
10
7.1355748031496065
20
-7.3355078740157484
11
7.1327637795275596
21
-7.3298818897637794
0
LINE
8
RED2
6
CONTINUOUS
10
7.1327637795275596
20
-7.3298818897637794
11
7.1327637795275596
21
-7.3073858267716538
0
LINE
8
RED2
6
CONTINUOUS
10
7.1327637795275596
20
-7.3073858267716538
11
7.1355748031496065
21
-7.3017598425196857
0
LINE
8
RED2
6
CONTINUOUS
10
7.1355748031496065
20
-7.3017598425196857
11
7.1412007874015755
21
-7.2989488188976379
0
LINE
8
RED2
6
CONTINUOUS
10
7.1412007874015755
20
-7.2989488188976379
11
7.1524488188976383
21
-7.2989488188976379
0
LINE
8
RED2
6
CONTINUOUS
10
7.1524488188976383
20
-7.2989488188976379
11
7.1580708661417329
21
-7.3017598425196857
0
LINE
8
RED2
6
CONTINUOUS
10
7.1580708661417329
20
-7.3017598425196857
11
7.1608858267716542
21
-7.3073858267716538
0
LINE
8
RED2
6
CONTINUOUS
10
7.1608858267716542
20
-7.3073858267716538
11
7.1608858267716542
21
-7.3130078740157485
0
LINE
8
RED2
6
CONTINUOUS
10
7.1608858267716542
20
-7.3130078740157485
11
7.1327637795275596
21
-7.3186338582677166
0
LINE
8
RED2
6
CONTINUOUS
10
7.1861929133858267
20
-7.3326929133858272
11
7.1890039370078744
21
-7.3355078740157484
0
LINE
8
RED2
6
CONTINUOUS
10
7.1890039370078744
20
-7.3355078740157484
11
7.1861929133858267
21
-7.3383188976377953
0
LINE
8
RED2
6
CONTINUOUS
10
7.1861929133858267
20
-7.3383188976377953
11
7.1833818897637798
21
-7.3355078740157484
0
LINE
8
RED2
6
CONTINUOUS
10
7.1833818897637798
20
-7.3355078740157484
11
7.1861929133858267
21
-7.3326929133858272
0
LINE
8
RED2
6
CONTINUOUS
10
7.1861929133858267
20
-7.3326929133858272
11
7.1861929133858267
21
-7.3383188976377953
0
LINE
8
RED2
6
CONTINUOUS
10
7.1861929133858267
20
-7.3017598425196857
11
7.1890039370078744
21
-7.3045708661417326
0
LINE
8
RED2
6
CONTINUOUS
10
7.1890039370078744
20
-7.3045708661417326
11
7.1861929133858267
21
-7.3073858267716538
0
LINE
8
RED2
6
CONTINUOUS
10
7.1861929133858267
20
-7.3073858267716538
11
7.1833818897637798
21
-7.3045708661417326
0
LINE
8
RED2
6
CONTINUOUS
10
7.1833818897637798
20
-7.3045708661417326
11
7.1861929133858267
21
-7.3017598425196857
0
LINE
8
RED2
6
CONTINUOUS
10
7.1861929133858267
20
-7.3017598425196857
11
7.1861929133858267
21
-7.3073858267716538
0
LINE
8
RED2
6
CONTINUOUS
10
7.2593110236220477
20
-7.3383188976377953
11
7.2593110236220477
21
-7.2792637795275592
0
LINE
8
RED2
6
CONTINUOUS
10
7.2874330708661423
20
-7.2989488188976379
11
7.2874330708661423
21
-7.3383188976377953
0
LINE
8
RED2
6
CONTINUOUS
10
7.2874330708661423
20
-7.3045708661417326
11
7.2902440944881892
21
-7.3017598425196857
0
LINE
8
RED2
6
CONTINUOUS
10
7.2902440944881892
20
-7.3017598425196857
11
7.2958700787401574
21
-7.2989488188976379
0
LINE
8
RED2
6
CONTINUOUS
10
7.2958700787401574
20
-7.2989488188976379
11
7.3043070866141733
21
-7.2989488188976379
0
LINE
8
RED2
6
CONTINUOUS
10
7.3043070866141733
20
-7.2989488188976379
11
7.3099291338582679
21
-7.3017598425196857
0
LINE
8
RED2
6
CONTINUOUS
10
7.3099291338582679
20
-7.3017598425196857
11
7.3127440944881892
21
-7.3073858267716538
0
LINE
8
RED2
6
CONTINUOUS
10
7.3127440944881892
20
-7.3073858267716538
11
7.3127440944881892
21
-7.3383188976377953
0
LINE
8
RED2
6
CONTINUOUS
10
7.3324251968503944
20
-7.2989488188976379
11
7.35492125984252
21
-7.2989488188976379
0
LINE
8
RED2
6
CONTINUOUS
10
7.3408622047244094
20
-7.2792637795275592
11
7.3408622047244094
21
-7.3298818897637794
0
LINE
8
RED2
6
CONTINUOUS
10
7.3408622047244094
20
-7.3298818897637794
11
7.3436732283464572
21
-7.3355078740157484
0
LINE
8
RED2
6
CONTINUOUS
10
7.3436732283464572
20
-7.3355078740157484
11
7.3492992125984253
21
-7.3383188976377953
0
LINE
8
RED2
6
CONTINUOUS
10
7.3492992125984253
20
-7.3383188976377953
11
7.35492125984252
21
-7.3383188976377953
0
LINE
8
RED2
6
CONTINUOUS
10
7.3746062992125987
20
-7.3383188976377953
11
7.3746062992125987
21
-7.2989488188976379
0
LINE
8
RED2
6
CONTINUOUS
10
7.3746062992125987
20
-7.3101968503937007
11
7.3774173228346456
21
-7.3045708661417326
0
LINE
8
RED2
6
CONTINUOUS
10
7.3774173228346456
20
-7.3045708661417326
11
7.3802322834645668
21
-7.3017598425196857
0
LINE
8
RED2
6
CONTINUOUS
10
7.3802322834645668
20
-7.3017598425196857
11
7.3858543307086615
21
-7.2989488188976379
0
LINE
8
RED2
6
CONTINUOUS
10
7.3858543307086615
20
-7.2989488188976379
11
7.3914803149606305
21
-7.2989488188976379
0
LINE
8
RED2
6
CONTINUOUS
10
7.4364763779527561
20
-7.2989488188976379
11
7.4364763779527561
21
-7.3383188976377953
0
LINE
8
RED2
6
CONTINUOUS
10
7.4111653543307092
20
-7.2989488188976379
11
7.4111653543307092
21
-7.3298818897637794
0
LINE
8
RED2
6
CONTINUOUS
10
7.4111653543307092
20
-7.3298818897637794
11
7.4139763779527561
21
-7.3355078740157484
0
LINE
8
RED2
6
CONTINUOUS
10
7.4139763779527561
20
-7.3355078740157484
11
7.4196023622047251
21
-7.3383188976377953
0
LINE
8
RED2
6
CONTINUOUS
10
7.4196023622047251
20
-7.3383188976377953
11
7.4280393700787402
21
-7.3383188976377953
0
LINE
8
RED2
6
CONTINUOUS
10
7.4280393700787402
20
-7.3383188976377953
11
7.4336614173228348
21
-7.3355078740157484
0
LINE
8
RED2
6
CONTINUOUS
10
7.4336614173228348
20
-7.3355078740157484
11
7.4364763779527561
21
-7.3326929133858272
0
LINE
8
RED2
6
CONTINUOUS
10
7.489905511811024
20
-7.3355078740157484
11
7.484279527559055
21
-7.3383188976377953
0
LINE
8
RED2
6
CONTINUOUS
10
7.484279527559055
20
-7.3383188976377953
11
7.4730314960629922
21
-7.3383188976377953
0
LINE
8
RED2
6
CONTINUOUS
10
7.4730314960629922
20
-7.3383188976377953
11
7.4674055118110241
21
-7.3355078740157484
0
LINE
8
RED2
6
CONTINUOUS
10
7.4674055118110241
20
-7.3355078740157484
11
7.4645944881889763
21
-7.3326929133858272
0
LINE
8
RED2
6
CONTINUOUS
10
7.4645944881889763
20
-7.3326929133858272
11
7.4617834645669294
21
-7.3270708661417325
0
LINE
8
RED2
6
CONTINUOUS
10
7.4617834645669294
20
-7.3270708661417325
11
7.4617834645669294
21
-7.3101968503937007
0
LINE
8
RED2
6
CONTINUOUS
10
7.4617834645669294
20
-7.3101968503937007
11
7.4645944881889763
21
-7.3045708661417326
0
LINE
8
RED2
6
CONTINUOUS
10
7.4645944881889763
20
-7.3045708661417326
11
7.4674055118110241
21
-7.3017598425196857
0
LINE
8
RED2
6
CONTINUOUS
10
7.4674055118110241
20
-7.3017598425196857
11
7.4730314960629922
21
-7.2989488188976379
0
LINE
8
RED2
6
CONTINUOUS
10
7.4730314960629922
20
-7.2989488188976379
11
7.484279527559055
21
-7.2989488188976379
0
LINE
8
RED2
6
CONTINUOUS
10
7.484279527559055
20
-7.2989488188976379
11
7.489905511811024
21
-7.3017598425196857
0
LINE
8
RED2
6
CONTINUOUS
10
7.5067755905511815
20
-7.2989488188976379
11
7.5292716535433071
21
-7.2989488188976379
0
LINE
8
RED2
6
CONTINUOUS
10
7.5152125984251974
20
-7.2792637795275592
11
7.5152125984251974
21
-7.3298818897637794
0
LINE
8
RED2
6
CONTINUOUS
10
7.5152125984251974
20
-7.3298818897637794
11
7.5180236220472443
21
-7.3355078740157484
0
LINE
8
RED2
6
CONTINUOUS
10
7.5180236220472443
20
-7.3355078740157484
11
7.5236496062992133
21
-7.3383188976377953
0
LINE
8
RED2
6
CONTINUOUS
10
7.5236496062992133
20
-7.3383188976377953
11
7.5292716535433071
21
-7.3383188976377953
0
LINE
8
RED2
6
CONTINUOUS
10
7.5489566929133858
20
-7.3383188976377953
11
7.5489566929133858
21
-7.2989488188976379
0
LINE
8
RED2
6
CONTINUOUS
10
7.5489566929133858
20
-7.2792637795275592
11
7.5461456692913389
21
-7.282074803149607
0
LINE
8
RED2
6
CONTINUOUS
10
7.5461456692913389
20
-7.282074803149607
11
7.5489566929133858
21
-7.2848858267716539
0
LINE
8
RED2
6
CONTINUOUS
10
7.5489566929133858
20
-7.2848858267716539
11
7.5517677165354336
21
-7.282074803149607
0
LINE
8
RED2
6
CONTINUOUS
10
7.5517677165354336
20
-7.282074803149607
11
7.5489566929133858
21
-7.2792637795275592
0
LINE
8
RED2
6
CONTINUOUS
10
7.5489566929133858
20
-7.2792637795275592
11
7.5489566929133858
21
-7.2848858267716539
0
LINE
8
RED2
6
CONTINUOUS
10
7.5855157480314963
20
-7.3383188976377953
11
7.5798897637795282
21
-7.3355078740157484
0
LINE
8
RED2
6
CONTINUOUS
10
7.5798897637795282
20
-7.3355078740157484
11
7.5770787401574804
21
-7.3326929133858272
0
LINE
8
RED2
6
CONTINUOUS
10
7.5770787401574804
20
-7.3326929133858272
11
7.5742677165354335
21
-7.3270708661417325
0
LINE
8
RED2
6
CONTINUOUS
10
7.5742677165354335
20
-7.3270708661417325
11
7.5742677165354335
21
-7.3101968503937007
0
LINE
8
RED2
6
CONTINUOUS
10
7.5742677165354335
20
-7.3101968503937007
11
7.5770787401574804
21
-7.3045708661417326
0
LINE
8
RED2
6
CONTINUOUS
10
7.5770787401574804
20
-7.3045708661417326
11
7.5798897637795282
21
-7.3017598425196857
0
LINE
8
RED2
6
CONTINUOUS
10
7.5798897637795282
20
-7.3017598425196857
11
7.5855157480314963
21
-7.2989488188976379
0
LINE
8
RED2
6
CONTINUOUS
10
7.5855157480314963
20
-7.2989488188976379
11
7.5939527559055122
21
-7.2989488188976379
0
LINE
8
RED2
6
CONTINUOUS
10
7.5939527559055122
20
-7.2989488188976379
11
7.5995748031496069
21
-7.3017598425196857
0
LINE
8
RED2
6
CONTINUOUS
10
7.5995748031496069
20
-7.3017598425196857
11
7.6023897637795281
21
-7.3045708661417326
0
LINE
8
RED2
6
CONTINUOUS
10
7.6023897637795281
20
-7.3045708661417326
11
7.605200787401575
21
-7.3101968503937007
0
LINE
8
RED2
6
CONTINUOUS
10
7.605200787401575
20
-7.3101968503937007
11
7.605200787401575
21
-7.3270708661417325
0
LINE
8
RED2
6
CONTINUOUS
10
7.605200787401575
20
-7.3270708661417325
11
7.6023897637795281
21
-7.3326929133858272
0
LINE
8
RED2
6
CONTINUOUS
10
7.6023897637795281
20
-7.3326929133858272
11
7.5995748031496069
21
-7.3355078740157484
0
LINE
8
RED2
6
CONTINUOUS
10
7.5995748031496069
20
-7.3355078740157484
11
7.5939527559055122
21
-7.3383188976377953
0
LINE
8
RED2
6
CONTINUOUS
10
7.5939527559055122
20
-7.3383188976377953
11
7.5855157480314963
21
-7.3383188976377953
0
LINE
8
RED2
6
CONTINUOUS
10
7.6305078740157484
20
-7.2989488188976379
11
7.6305078740157484
21
-7.3383188976377953
0
LINE
8
RED2
6
CONTINUOUS
10
7.6305078740157484
20
-7.3045708661417326
11
7.6333188976377953
21
-7.3017598425196857
0
LINE
8
RED2
6
CONTINUOUS
10
7.6333188976377953
20
-7.3017598425196857
11
7.6389448818897643
21
-7.2989488188976379
0
LINE
8
RED2
6
CONTINUOUS
10
7.6389448818897643
20
-7.2989488188976379
11
7.6473818897637802
21
-7.2989488188976379
0
LINE
8
RED2
6
CONTINUOUS
10
7.6473818897637802
20
-7.2989488188976379
11
7.653003937007874
21
-7.3017598425196857
0
LINE
8
RED2
6
CONTINUOUS
10
7.653003937007874
20
-7.3017598425196857
11
7.6558188976377952
21
-7.3073858267716538
0
LINE
8
RED2
6
CONTINUOUS
10
7.6558188976377952
20
-7.3073858267716538
11
7.6558188976377952
21
-7.3383188976377953
0
LINE
8
RED2
6
CONTINUOUS
10
7.7626771653543312
20
-7.3383188976377953
11
7.7429921259842525
21
-7.3101968503937007
0
LINE
8
RED2
6
CONTINUOUS
10
7.7289330708661419
20
-7.3383188976377953
11
7.7289330708661419
21
-7.2792637795275592
0
LINE
8
RED2
6
CONTINUOUS
10
7.7289330708661419
20
-7.2792637795275592
11
7.7514291338582684
21
-7.2792637795275592
0
LINE
8
RED2
6
CONTINUOUS
10
7.7514291338582684
20
-7.2792637795275592
11
7.7570551181102365
21
-7.282074803149607
0
LINE
8
RED2
6
CONTINUOUS
10
7.7570551181102365
20
-7.282074803149607
11
7.7598661417322834
21
-7.2848858267716539
0
LINE
8
RED2
6
CONTINUOUS
10
7.7598661417322834
20
-7.2848858267716539
11
7.7626771653543312
21
-7.290511811023622
0
LINE
8
RED2
6
CONTINUOUS
10
7.7626771653543312
20
-7.290511811023622
11
7.7626771653543312
21
-7.2989488188976379
0
LINE
8
RED2
6
CONTINUOUS
10
7.7626771653543312
20
-7.2989488188976379
11
7.7598661417322834
21
-7.3045708661417326
0
LINE
8
RED2
6
CONTINUOUS
10
7.7598661417322834
20
-7.3045708661417326
11
7.7570551181102365
21
-7.3073858267716538
0
LINE
8
RED2
6
CONTINUOUS
10
7.7570551181102365
20
-7.3073858267716538
11
7.7514291338582684
21
-7.3101968503937007
0
LINE
8
RED2
6
CONTINUOUS
10
7.7514291338582684
20
-7.3101968503937007
11
7.7289330708661419
21
-7.3101968503937007
0
LINE
8
RED2
6
CONTINUOUS
10
7.8104842519685045
20
-7.3355078740157484
11
7.8048622047244098
21
-7.3383188976377953
0
LINE
8
RED2
6
CONTINUOUS
10
7.8048622047244098
20
-7.3383188976377953
11
7.793614173228347
21
-7.3383188976377953
0
LINE
8
RED2
6
CONTINUOUS
10
7.793614173228347
20
-7.3383188976377953
11
7.787988188976378
21
-7.3355078740157484
0
LINE
8
RED2
6
CONTINUOUS
10
7.787988188976378
20
-7.3355078740157484
11
7.7851771653543311
21
-7.3298818897637794
0
LINE
8
RED2
6
CONTINUOUS
10
7.7851771653543311
20
-7.3298818897637794
11
7.7851771653543311
21
-7.3073858267716538
0
LINE
8
RED2
6
CONTINUOUS
10
7.7851771653543311
20
-7.3073858267716538
11
7.787988188976378
21
-7.3017598425196857
0
LINE
8
RED2
6
CONTINUOUS
10
7.787988188976378
20
-7.3017598425196857
11
7.793614173228347
21
-7.2989488188976379
0
LINE
8
RED2
6
CONTINUOUS
10
7.793614173228347
20
-7.2989488188976379
11
7.8048622047244098
21
-7.2989488188976379
0
LINE
8
RED2
6
CONTINUOUS
10
7.8048622047244098
20
-7.2989488188976379
11
7.8104842519685045
21
-7.3017598425196857
0
LINE
8
RED2
6
CONTINUOUS
10
7.8104842519685045
20
-7.3017598425196857
11
7.8132992125984257
21
-7.3073858267716538
0
LINE
8
RED2
6
CONTINUOUS
10
7.8132992125984257
20
-7.3073858267716538
11
7.8132992125984257
21
-7.3130078740157485
0
LINE
8
RED2
6
CONTINUOUS
10
7.8132992125984257
20
-7.3130078740157485
11
7.7851771653543311
21
-7.3186338582677166
0
LINE
8
RED2
6
CONTINUOUS
10
7.863917322834646
20
-7.2989488188976379
11
7.863917322834646
21
-7.3467559055118112
0
LINE
8
RED2
6
CONTINUOUS
10
7.863917322834646
20
-7.3467559055118112
11
7.8611023622047247
21
-7.3523779527559059
0
LINE
8
RED2
6
CONTINUOUS
10
7.8611023622047247
20
-7.3523779527559059
11
7.8582913385826778
21
-7.3551929133858271
0
LINE
8
RED2
6
CONTINUOUS
10
7.8582913385826778
20
-7.3551929133858271
11
7.8526653543307088
21
-7.358003937007874
0
LINE
8
RED2
6
CONTINUOUS
10
7.8526653543307088
20
-7.358003937007874
11
7.8442322834645672
21
-7.358003937007874
0
LINE
8
RED2
6
CONTINUOUS
10
7.8442322834645672
20
-7.358003937007874
11
7.8386062992125991
21
-7.3551929133858271
0
LINE
8
RED2
6
CONTINUOUS
10
7.863917322834646
20
-7.3355078740157484
11
7.8582913385826778
21
-7.3383188976377953
0
LINE
8
RED2
6
CONTINUOUS
10
7.8582913385826778
20
-7.3383188976377953
11
7.8470433070866141
21
-7.3383188976377953
0
LINE
8
RED2
6
CONTINUOUS
10
7.8470433070866141
20
-7.3383188976377953
11
7.841417322834646
21
-7.3355078740157484
0
LINE
8
RED2
6
CONTINUOUS
10
7.841417322834646
20
-7.3355078740157484
11
7.8386062992125991
21
-7.3326929133858272
0
LINE
8
RED2
6
CONTINUOUS
10
7.8386062992125991
20
-7.3326929133858272
11
7.8357952755905513
21
-7.3270708661417325
0
LINE
8
RED2
6
CONTINUOUS
10
7.8357952755905513
20
-7.3270708661417325
11
7.8357952755905513
21
-7.3101968503937007
0
LINE
8
RED2
6
CONTINUOUS
10
7.8357952755905513
20
-7.3101968503937007
11
7.8386062992125991
21
-7.3045708661417326
0
LINE
8
RED2
6
CONTINUOUS
10
7.8386062992125991
20
-7.3045708661417326
11
7.841417322834646
21
-7.3017598425196857
0
LINE
8
RED2
6
CONTINUOUS
10
7.841417322834646
20
-7.3017598425196857
11
7.8470433070866141
21
-7.2989488188976379
0
LINE
8
RED2
6
CONTINUOUS
10
7.8470433070866141
20
-7.2989488188976379
11
7.8582913385826778
21
-7.2989488188976379
0
LINE
8
RED2
6
CONTINUOUS
10
7.8582913385826778
20
-7.2989488188976379
11
7.863917322834646
21
-7.3017598425196857
0
LINE
8
RED2
6
CONTINUOUS
10
7.8920354330708662
20
-7.3383188976377953
11
7.8920354330708662
21
-7.2989488188976379
0
LINE
8
RED2
6
CONTINUOUS
10
7.8920354330708662
20
-7.2792637795275592
11
7.8892244094488193
21
-7.282074803149607
0
LINE
8
RED2
6
CONTINUOUS
10
7.8892244094488193
20
-7.282074803149607
11
7.8920354330708662
21
-7.2848858267716539
0
LINE
8
RED2
6
CONTINUOUS
10
7.8920354330708662
20
-7.2848858267716539
11
7.894846456692914
21
-7.282074803149607
0
LINE
8
RED2
6
CONTINUOUS
10
7.894846456692914
20
-7.282074803149607
11
7.8920354330708662
21
-7.2792637795275592
0
LINE
8
RED2
6
CONTINUOUS
10
7.8920354330708662
20
-7.2792637795275592
11
7.8920354330708662
21
-7.2848858267716539
0
LINE
8
RED2
6
CONTINUOUS
10
7.9173464566929139
20
-7.3355078740157484
11
7.9229685039370086
21
-7.3383188976377953
0
LINE
8
RED2
6
CONTINUOUS
10
7.9229685039370086
20
-7.3383188976377953
11
7.9342165354330714
21
-7.3383188976377953
0
LINE
8
RED2
6
CONTINUOUS
10
7.9342165354330714
20
-7.3383188976377953
11
7.9398425196850395
21
-7.3355078740157484
0
LINE
8
RED2
6
CONTINUOUS
10
7.9398425196850395
20
-7.3355078740157484
11
7.9426535433070873
21
-7.3298818897637794
0
LINE
8
RED2
6
CONTINUOUS
10
7.9426535433070873
20
-7.3298818897637794
11
7.9426535433070873
21
-7.3270708661417325
0
LINE
8
RED2
6
CONTINUOUS
10
7.9426535433070873
20
-7.3270708661417325
11
7.9398425196850395
21
-7.3214448818897644
0
LINE
8
RED2
6
CONTINUOUS
10
7.9398425196850395
20
-7.3214448818897644
11
7.9342165354330714
21
-7.3186338582677166
0
LINE
8
RED2
6
CONTINUOUS
10
7.9342165354330714
20
-7.3186338582677166
11
7.9257834645669298
21
-7.3186338582677166
0
LINE
8
RED2
6
CONTINUOUS
10
7.9257834645669298
20
-7.3186338582677166
11
7.9201574803149608
21
-7.3158228346456697
0
LINE
8
RED2
6
CONTINUOUS
10
7.9201574803149608
20
-7.3158228346456697
11
7.9173464566929139
21
-7.3101968503937007
0
LINE
8
RED2
6
CONTINUOUS
10
7.9173464566929139
20
-7.3101968503937007
11
7.9173464566929139
21
-7.3073858267716538
0
LINE
8
RED2
6
CONTINUOUS
10
7.9173464566929139
20
-7.3073858267716538
11
7.9201574803149608
21
-7.3017598425196857
0
LINE
8
RED2
6
CONTINUOUS
10
7.9201574803149608
20
-7.3017598425196857
11
7.9257834645669298
21
-7.2989488188976379
0
LINE
8
RED2
6
CONTINUOUS
10
7.9257834645669298
20
-7.2989488188976379
11
7.9342165354330714
21
-7.2989488188976379
0
LINE
8
RED2
6
CONTINUOUS
10
7.9342165354330714
20
-7.2989488188976379
11
7.9398425196850395
21
-7.3017598425196857
0
LINE
8
RED2
6
CONTINUOUS
10
7.9595275590551182
20
-7.2989488188976379
11
7.9820236220472447
21
-7.2989488188976379
0
LINE
8
RED2
6
CONTINUOUS
10
7.9679645669291341
20
-7.2792637795275592
11
7.9679645669291341
21
-7.3298818897637794
0
LINE
8
RED2
6
CONTINUOUS
10
7.9679645669291341
20
-7.3298818897637794
11
7.970775590551181
21
-7.3355078740157484
0
LINE
8
RED2
6
CONTINUOUS
10
7.970775590551181
20
-7.3355078740157484
11
7.97640157480315
21
-7.3383188976377953
0
LINE
8
RED2
6
CONTINUOUS
10
7.97640157480315
20
-7.3383188976377953
11
7.9820236220472447
21
-7.3383188976377953
0
LINE
8
RED2
6
CONTINUOUS
10
8.024204724409449
20
-7.3355078740157484
11
8.0185826771653552
21
-7.3383188976377953
0
LINE
8
RED2
6
CONTINUOUS
10
8.0185826771653552
20
-7.3383188976377953
11
8.0073346456692924
21
-7.3383188976377953
0
LINE
8
RED2
6
CONTINUOUS
10
8.0073346456692924
20
-7.3383188976377953
11
8.0017086614173234
21
-7.3355078740157484
0
LINE
8
RED2
6
CONTINUOUS
10
8.0017086614173234
20
-7.3355078740157484
11
7.9988976377952756
21
-7.3298818897637794
0
LINE
8
RED2
6
CONTINUOUS
10
7.9988976377952756
20
-7.3298818897637794
11
7.9988976377952756
21
-7.3073858267716538
0
LINE
8
RED2
6
CONTINUOUS
10
7.9988976377952756
20
-7.3073858267716538
11
8.0017086614173234
21
-7.3017598425196857
0
LINE
8
RED2
6
CONTINUOUS
10
8.0017086614173234
20
-7.3017598425196857
11
8.0073346456692924
21
-7.2989488188976379
0
LINE
8
RED2
6
CONTINUOUS
10
8.0073346456692924
20
-7.2989488188976379
11
8.0185826771653552
21
-7.2989488188976379
0
LINE
8
RED2
6
CONTINUOUS
10
8.0185826771653552
20
-7.2989488188976379
11
8.024204724409449
21
-7.3017598425196857
0
LINE
8
RED2
6
CONTINUOUS
10
8.024204724409449
20
-7.3017598425196857
11
8.0270196850393702
21
-7.3073858267716538
0
LINE
8
RED2
6
CONTINUOUS
10
8.0270196850393702
20
-7.3073858267716538
11
8.0270196850393702
21
-7.3130078740157485
0
LINE
8
RED2
6
CONTINUOUS
10
8.0270196850393702
20
-7.3130078740157485
11
7.9988976377952756
21
-7.3186338582677166
0
LINE
8
RED2
6
CONTINUOUS
10
8.0523267716535436
20
-7.3383188976377953
11
8.0523267716535436
21
-7.2989488188976379
0
LINE
8
RED2
6
CONTINUOUS
10
8.0523267716535436
20
-7.3101968503937007
11
8.0551377952755914
21
-7.3045708661417326
0
LINE
8
RED2
6
CONTINUOUS
10
8.0551377952755914
20
-7.3045708661417326
11
8.0579527559055126
21
-7.3017598425196857
0
LINE
8
RED2
6
CONTINUOUS
10
8.0579527559055126
20
-7.3017598425196857
11
8.0635748031496064
21
-7.2989488188976379
0
LINE
8
RED2
6
CONTINUOUS
10
8.0635748031496064
20
-7.2989488188976379
11
8.0692007874015754
21
-7.2989488188976379
0
LINE
8
RED2
6
CONTINUOUS
10
8.0888858267716532
20
-7.3326929133858272
11
8.091696850393701
21
-7.3355078740157484
0
LINE
8
RED2
6
CONTINUOUS
10
8.091696850393701
20
-7.3355078740157484
11
8.0888858267716532
21
-7.3383188976377953
0
LINE
8
RED2
6
CONTINUOUS
10
8.0888858267716532
20
-7.3383188976377953
11
8.0860748031496072
21
-7.3355078740157484
0
LINE
8
RED2
6
CONTINUOUS
10
8.0860748031496072
20
-7.3355078740157484
11
8.0888858267716532
21
-7.3326929133858272
0
LINE
8
RED2
6
CONTINUOUS
10
8.0888858267716532
20
-7.3326929133858272
11
8.0888858267716532
21
-7.3383188976377953
0
LINE
8
RED2
6
CONTINUOUS
10
8.1170078740157479
20
-7.3383188976377953
11
8.1170078740157479
21
-7.2792637795275592
0
LINE
8
RED2
6
CONTINUOUS
10
8.1226338582677169
20
-7.3158228346456697
11
8.1395039370078734
21
-7.3383188976377953
0
LINE
8
RED2
6
CONTINUOUS
10
8.1395039370078734
20
-7.2989488188976379
11
8.1170078740157479
21
-7.3214448818897644
0
LINE
8
RED2
6
CONTINUOUS
10
8.1648149606299221
20
-7.3383188976377953
11
8.1648149606299221
21
-7.2989488188976379
0
LINE
8
RED2
6
CONTINUOUS
10
8.1648149606299221
20
-7.2792637795275592
11
8.1620039370078743
21
-7.282074803149607
0
LINE
8
RED2
6
CONTINUOUS
10
8.1620039370078743
20
-7.282074803149607
11
8.1648149606299221
21
-7.2848858267716539
0
LINE
8
RED2
6
CONTINUOUS
10
8.1648149606299221
20
-7.2848858267716539
11
8.1676259842519681
21
-7.282074803149607
0
LINE
8
RED2
6
CONTINUOUS
10
8.1676259842519681
20
-7.282074803149607
11
8.1648149606299221
21
-7.2792637795275592
0
LINE
8
RED2
6
CONTINUOUS
10
8.1648149606299221
20
-7.2792637795275592
11
8.1648149606299221
21
-7.2848858267716539
0
LINE
8
RED2
6
CONTINUOUS
10
8.2182480314960635
20
-7.3355078740157484
11
8.2126220472440945
21
-7.3383188976377953
0
LINE
8
RED2
6
CONTINUOUS
10
8.2126220472440945
20
-7.3383188976377953
11
8.2013740157480317
21
-7.3383188976377953
0
LINE
8
RED2
6
CONTINUOUS
10
8.2013740157480317
20
-7.3383188976377953
11
8.1957480314960627
21
-7.3355078740157484
0
LINE
8
RED2
6
CONTINUOUS
10
8.1957480314960627
20
-7.3355078740157484
11
8.1929370078740167
21
-7.3326929133858272
0
LINE
8
RED2
6
CONTINUOUS
10
8.1929370078740167
20
-7.3326929133858272
11
8.1901259842519689
21
-7.3270708661417325
0
LINE
8
RED2
6
CONTINUOUS
10
8.1901259842519689
20
-7.3270708661417325
11
8.1901259842519689
21
-7.3101968503937007
0
LINE
8
RED2
6
CONTINUOUS
10
8.1901259842519689
20
-7.3101968503937007
11
8.1929370078740167
21
-7.3045708661417326
0
LINE
8
RED2
6
CONTINUOUS
10
8.1929370078740167
20
-7.3045708661417326
11
8.1957480314960627
21
-7.3017598425196857
0
LINE
8
RED2
6
CONTINUOUS
10
8.1957480314960627
20
-7.3017598425196857
11
8.2013740157480317
21
-7.2989488188976379
0
LINE
8
RED2
6
CONTINUOUS
10
8.2013740157480317
20
-7.2989488188976379
11
8.2126220472440945
21
-7.2989488188976379
0
LINE
8
RED2
6
CONTINUOUS
10
8.2126220472440945
20
-7.2989488188976379
11
8.2182480314960635
21
-7.3017598425196857
0
LINE
8
RED2
6
CONTINUOUS
10
8.2688661417322837
20
-7.3383188976377953
11
8.2688661417322837
21
-7.3073858267716538
0
LINE
8
RED2
6
CONTINUOUS
10
8.2688661417322837
20
-7.3073858267716538
11
8.2660511811023625
21
-7.3017598425196857
0
LINE
8
RED2
6
CONTINUOUS
10
8.2660511811023625
20
-7.3017598425196857
11
8.2604291338582687
21
-7.2989488188976379
0
LINE
8
RED2
6
CONTINUOUS
10
8.2604291338582687
20
-7.2989488188976379
11
8.2491811023622059
21
-7.2989488188976379
0
LINE
8
RED2
6
CONTINUOUS
10
8.2491811023622059
20
-7.2989488188976379
11
8.2435551181102369
21
-7.3017598425196857
0
LINE
8
RED2
6
CONTINUOUS
10
8.2688661417322837
20
-7.3355078740157484
11
8.2632401574803147
21
-7.3383188976377953
0
LINE
8
RED2
6
CONTINUOUS
10
8.2632401574803147
20
-7.3383188976377953
11
8.2491811023622059
21
-7.3383188976377953
0
LINE
8
RED2
6
CONTINUOUS
10
8.2491811023622059
20
-7.3383188976377953
11
8.2435551181102369
21
-7.3355078740157484
0
LINE
8
RED2
6
CONTINUOUS
10
8.2435551181102369
20
-7.3355078740157484
11
8.2407440944881891
21
-7.3298818897637794
0
LINE
8
RED2
6
CONTINUOUS
10
8.2407440944881891
20
-7.3298818897637794
11
8.2407440944881891
21
-7.3242559055118113
0
LINE
8
RED2
6
CONTINUOUS
10
8.2407440944881891
20
-7.3242559055118113
11
8.2435551181102369
21
-7.3186338582677166
0
LINE
8
RED2
6
CONTINUOUS
10
8.2435551181102369
20
-7.3186338582677166
11
8.2491811023622059
21
-7.3158228346456697
0
LINE
8
RED2
6
CONTINUOUS
10
8.2491811023622059
20
-7.3158228346456697
11
8.2632401574803147
21
-7.3158228346456697
0
LINE
8
RED2
6
CONTINUOUS
10
8.2632401574803147
20
-7.3158228346456697
11
8.2688661417322837
21
-7.3130078740157485
0
LINE
8
RED2
6
CONTINUOUS
10
8.3222952755905517
20
-7.3383188976377953
11
8.3222952755905517
21
-7.2792637795275592
0
LINE
8
RED2
6
CONTINUOUS
10
8.3222952755905517
20
-7.3355078740157484
11
8.3166692913385827
21
-7.3383188976377953
0
LINE
8
RED2
6
CONTINUOUS
10
8.3166692913385827
20
-7.3383188976377953
11
8.3054212598425199
21
-7.3383188976377953
0
LINE
8
RED2
6
CONTINUOUS
10
8.3054212598425199
20
-7.3383188976377953
11
8.2997952755905509
21
-7.3355078740157484
0
LINE
8
RED2
6
CONTINUOUS
10
8.2997952755905509
20
-7.3355078740157484
11
8.2969842519685049
21
-7.3326929133858272
0
LINE
8
RED2
6
CONTINUOUS
10
8.2969842519685049
20
-7.3326929133858272
11
8.2941732283464571
21
-7.3270708661417325
0
LINE
8
RED2
6
CONTINUOUS
10
8.2941732283464571
20
-7.3270708661417325
11
8.2941732283464571
21
-7.3101968503937007
0
LINE
8
RED2
6
CONTINUOUS
10
8.2941732283464571
20
-7.3101968503937007
11
8.2969842519685049
21
-7.3045708661417326
0
LINE
8
RED2
6
CONTINUOUS
10
8.2969842519685049
20
-7.3045708661417326
11
8.2997952755905509
21
-7.3017598425196857
0
LINE
8
RED2
6
CONTINUOUS
10
8.2997952755905509
20
-7.3017598425196857
11
8.3054212598425199
21
-7.2989488188976379
0
LINE
8
RED2
6
CONTINUOUS
10
8.3054212598425199
20
-7.2989488188976379
11
8.3166692913385827
21
-7.2989488188976379
0
LINE
8
RED2
6
CONTINUOUS
10
8.3166692913385827
20
-7.2989488188976379
11
8.3222952755905517
21
-7.3017598425196857
0
LINE
8
RED2
6
CONTINUOUS
10
8.3363543307086623
20
-7.34394094488189
11
8.3813464566929134
21
-7.34394094488189
0
LINE
8
RED2
6
CONTINUOUS
10
8.3925984251968515
20
-7.3355078740157484
11
8.3982204724409453
21
-7.3383188976377953
0
LINE
8
RED2
6
CONTINUOUS
10
8.3982204724409453
20
-7.3383188976377953
11
8.4094685039370081
21
-7.3383188976377953
0
LINE
8
RED2
6
CONTINUOUS
10
8.4094685039370081
20
-7.3383188976377953
11
8.4150944881889771
21
-7.3355078740157484
0
LINE
8
RED2
6
CONTINUOUS
10
8.4150944881889771
20
-7.3355078740157484
11
8.4179055118110231
21
-7.3298818897637794
0
LINE
8
RED2
6
CONTINUOUS
10
8.4179055118110231
20
-7.3298818897637794
11
8.4179055118110231
21
-7.3270708661417325
0
LINE
8
RED2
6
CONTINUOUS
10
8.4179055118110231
20
-7.3270708661417325
11
8.4150944881889771
21
-7.3214448818897644
0
LINE
8
RED2
6
CONTINUOUS
10
8.4150944881889771
20
-7.3214448818897644
11
8.4094685039370081
21
-7.3186338582677166
0
LINE
8
RED2
6
CONTINUOUS
10
8.4094685039370081
20
-7.3186338582677166
11
8.4010354330708665
21
-7.3186338582677166
0
LINE
8
RED2
6
CONTINUOUS
10
8.4010354330708665
20
-7.3186338582677166
11
8.3954094488188975
21
-7.3158228346456697
0
LINE
8
RED2
6
CONTINUOUS
10
8.3954094488188975
20
-7.3158228346456697
11
8.3925984251968515
21
-7.3101968503937007
0
LINE
8
RED2
6
CONTINUOUS
10
8.3925984251968515
20
-7.3101968503937007
11
8.3925984251968515
21
-7.3073858267716538
0
LINE
8
RED2
6
CONTINUOUS
10
8.3925984251968515
20
-7.3073858267716538
11
8.3954094488188975
21
-7.3017598425196857
0
LINE
8
RED2
6
CONTINUOUS
10
8.3954094488188975
20
-7.3017598425196857
11
8.4010354330708665
21
-7.2989488188976379
0
LINE
8
RED2
6
CONTINUOUS
10
8.4010354330708665
20
-7.2989488188976379
11
8.4094685039370081
21
-7.2989488188976379
0
LINE
8
RED2
6
CONTINUOUS
10
8.4094685039370081
20
-7.2989488188976379
11
8.4150944881889771
21
-7.3017598425196857
0
LINE
8
RED2
6
CONTINUOUS
10
8.4685275590551186
20
-7.3355078740157484
11
8.4629015748031495
21
-7.3383188976377953
0
LINE
8
RED2
6
CONTINUOUS
10
8.4629015748031495
20
-7.3383188976377953
11
8.4516535433070867
21
-7.3383188976377953
0
LINE
8
RED2
6
CONTINUOUS
10
8.4516535433070867
20
-7.3383188976377953
11
8.4460275590551177
21
-7.3355078740157484
0
LINE
8
RED2
6
CONTINUOUS
10
8.4460275590551177
20
-7.3355078740157484
11
8.4432165354330717
21
-7.3326929133858272
0
LINE
8
RED2
6
CONTINUOUS
10
8.4432165354330717
20
-7.3326929133858272
11
8.4404055118110239
21
-7.3270708661417325
0
LINE
8
RED2
6
CONTINUOUS
10
8.4404055118110239
20
-7.3270708661417325
11
8.4404055118110239
21
-7.3101968503937007
0
LINE
8
RED2
6
CONTINUOUS
10
8.4404055118110239
20
-7.3101968503937007
11
8.4432165354330717
21
-7.3045708661417326
0
LINE
8
RED2
6
CONTINUOUS
10
8.4432165354330717
20
-7.3045708661417326
11
8.4460275590551177
21
-7.3017598425196857
0
LINE
8
RED2
6
CONTINUOUS
10
8.4460275590551177
20
-7.3017598425196857
11
8.4516535433070867
21
-7.2989488188976379
0
LINE
8
RED2
6
CONTINUOUS
10
8.4516535433070867
20
-7.2989488188976379
11
8.4629015748031495
21
-7.2989488188976379
0
LINE
8
RED2
6
CONTINUOUS
10
8.4629015748031495
20
-7.2989488188976379
11
8.4685275590551186
21
-7.3017598425196857
0
LINE
8
RED2
6
CONTINUOUS
10
8.4938346456692919
20
-7.3383188976377953
11
8.4938346456692919
21
-7.2792637795275592
0
LINE
8
RED2
6
CONTINUOUS
10
8.5191456692913388
20
-7.3383188976377953
11
8.5191456692913388
21
-7.3073858267716538
0
LINE
8
RED2
6
CONTINUOUS
10
8.5191456692913388
20
-7.3073858267716538
11
8.5163307086614175
21
-7.3017598425196857
0
LINE
8
RED2
6
CONTINUOUS
10
8.5163307086614175
20
-7.3017598425196857
11
8.5107086614173237
21
-7.2989488188976379
0
LINE
8
RED2
6
CONTINUOUS
10
8.5107086614173237
20
-7.2989488188976379
11
8.5022716535433069
21
-7.2989488188976379
0
LINE
8
RED2
6
CONTINUOUS
10
8.5022716535433069
20
-7.2989488188976379
11
8.4966456692913397
21
-7.3017598425196857
0
LINE
8
RED2
6
CONTINUOUS
10
8.4966456692913397
20
-7.3017598425196857
11
8.4938346456692919
21
-7.3045708661417326
0
LINE
8
RED2
6
CONTINUOUS
10
6.9685905511811024
20
-7.1459527559055118
11
11.2205590551181107
21
-7.1459527559055118
0
LINE
8
RED2
6
CONTINUOUS
10
7.0230905511811024
20
-7.2292086614173234
11
7.0315275590551183
21
-7.2320196850393703
0
LINE
8
RED2
6
CONTINUOUS
10
7.0315275590551183
20
-7.2320196850393703
11
7.0455866141732288
21
-7.2320196850393703
0
LINE
8
RED2
6
CONTINUOUS
10
7.0455866141732288
20
-7.2320196850393703
11
7.051212598425197
21
-7.2292086614173234
0
LINE
8
RED2
6
CONTINUOUS
10
7.051212598425197
20
-7.2292086614173234
11
7.0540236220472448
21
-7.2263937007874022
0
LINE
8
RED2
6
CONTINUOUS
10
7.0540236220472448
20
-7.2263937007874022
11
7.0568346456692916
21
-7.2207716535433075
0
LINE
8
RED2
6
CONTINUOUS
10
7.0568346456692916
20
-7.2207716535433075
11
7.0568346456692916
21
-7.2151456692913385
0
LINE
8
RED2
6
CONTINUOUS
10
7.0568346456692916
20
-7.2151456692913385
11
7.0540236220472448
21
-7.2095236220472447
0
LINE
8
RED2
6
CONTINUOUS
10
7.0540236220472448
20
-7.2095236220472447
11
7.051212598425197
21
-7.2067086614173235
0
LINE
8
RED2
6
CONTINUOUS
10
7.051212598425197
20
-7.2067086614173235
11
7.0455866141732288
21
-7.2038976377952757
0
LINE
8
RED2
6
CONTINUOUS
10
7.0455866141732288
20
-7.2038976377952757
11
7.0343385826771661
21
-7.2010866141732288
0
LINE
8
RED2
6
CONTINUOUS
10
7.0343385826771661
20
-7.2010866141732288
11
7.028712598425197
21
-7.1982716535433076
0
LINE
8
RED2
6
CONTINUOUS
10
7.028712598425197
20
-7.1982716535433076
11
7.0259015748031501
21
-7.1954606299212598
0
LINE
8
RED2
6
CONTINUOUS
10
7.0259015748031501
20
-7.1954606299212598
11
7.0230905511811024
21
-7.189838582677166
0
LINE
8
RED2
6
CONTINUOUS
10
7.0230905511811024
20
-7.189838582677166
11
7.0230905511811024
21
-7.184212598425197
0
LINE
8
RED2
6
CONTINUOUS
10
7.0230905511811024
20
-7.184212598425197
11
7.0259015748031501
21
-7.1785866141732289
0
LINE
8
RED2
6
CONTINUOUS
10
7.0259015748031501
20
-7.1785866141732289
11
7.028712598425197
21
-7.1757755905511811
0
LINE
8
RED2
6
CONTINUOUS
10
7.028712598425197
20
-7.1757755905511811
11
7.0343385826771661
21
-7.1729645669291342
0
LINE
8
RED2
6
CONTINUOUS
10
7.0343385826771661
20
-7.1729645669291342
11
7.0483976377952757
21
-7.1729645669291342
0
LINE
8
RED2
6
CONTINUOUS
10
7.0483976377952757
20
-7.1729645669291342
11
7.0568346456692916
21
-7.1757755905511811
0
LINE
8
RED2
6
CONTINUOUS
10
7.0821456692913385
20
-7.2320196850393703
11
7.0821456692913385
21
-7.1729645669291342
0
LINE
8
RED2
6
CONTINUOUS
10
7.1074566929133862
20
-7.2320196850393703
11
7.1074566929133862
21
-7.2010866141732288
0
LINE
8
RED2
6
CONTINUOUS
10
7.1074566929133862
20
-7.2010866141732288
11
7.104641732283465
21
-7.1954606299212598
0
LINE
8
RED2
6
CONTINUOUS
10
7.104641732283465
20
-7.1954606299212598
11
7.0990196850393703
21
-7.1926496062992129
0
LINE
8
RED2
6
CONTINUOUS
10
7.0990196850393703
20
-7.1926496062992129
11
7.0905826771653544
21
-7.1926496062992129
0
LINE
8
RED2
6
CONTINUOUS
10
7.0905826771653544
20
-7.1926496062992129
11
7.0849566929133863
21
-7.1954606299212598
0
LINE
8
RED2
6
CONTINUOUS
10
7.0849566929133863
20
-7.1954606299212598
11
7.0821456692913385
21
-7.1982716535433076
0
LINE
8
RED2
6
CONTINUOUS
10
7.1580708661417329
20
-7.2292086614173234
11
7.1524488188976383
21
-7.2320196850393703
0
LINE
8
RED2
6
CONTINUOUS
10
7.1524488188976383
20
-7.2320196850393703
11
7.1412007874015755
21
-7.2320196850393703
0
LINE
8
RED2
6
CONTINUOUS
10
7.1412007874015755
20
-7.2320196850393703
11
7.1355748031496065
21
-7.2292086614173234
0
LINE
8
RED2
6
CONTINUOUS
10
7.1355748031496065
20
-7.2292086614173234
11
7.1327637795275596
21
-7.2235826771653544
0
LINE
8
RED2
6
CONTINUOUS
10
7.1327637795275596
20
-7.2235826771653544
11
7.1327637795275596
21
-7.2010866141732288
0
LINE
8
RED2
6
CONTINUOUS
10
7.1327637795275596
20
-7.2010866141732288
11
7.1355748031496065
21
-7.1954606299212598
0
LINE
8
RED2
6
CONTINUOUS
10
7.1355748031496065
20
-7.1954606299212598
11
7.1412007874015755
21
-7.1926496062992129
0
LINE
8
RED2
6
CONTINUOUS
10
7.1412007874015755
20
-7.1926496062992129
11
7.1524488188976383
21
-7.1926496062992129
0
LINE
8
RED2
6
CONTINUOUS
10
7.1524488188976383
20
-7.1926496062992129
11
7.1580708661417329
21
-7.1954606299212598
0
LINE
8
RED2
6
CONTINUOUS
10
7.1580708661417329
20
-7.1954606299212598
11
7.1608858267716542
21
-7.2010866141732288
0
LINE
8
RED2
6
CONTINUOUS
10
7.1608858267716542
20
-7.2010866141732288
11
7.1608858267716542
21
-7.2067086614173235
0
LINE
8
RED2
6
CONTINUOUS
10
7.1608858267716542
20
-7.2067086614173235
11
7.1327637795275596
21
-7.2123346456692916
0
LINE
8
RED2
6
CONTINUOUS
10
7.2086889763779531
20
-7.2292086614173234
11
7.2030669291338585
21
-7.2320196850393703
0
LINE
8
RED2
6
CONTINUOUS
10
7.2030669291338585
20
-7.2320196850393703
11
7.1918188976377957
21
-7.2320196850393703
0
LINE
8
RED2
6
CONTINUOUS
10
7.1918188976377957
20
-7.2320196850393703
11
7.1861929133858267
21
-7.2292086614173234
0
LINE
8
RED2
6
CONTINUOUS
10
7.1861929133858267
20
-7.2292086614173234
11
7.1833818897637798
21
-7.2235826771653544
0
LINE
8
RED2
6
CONTINUOUS
10
7.1833818897637798
20
-7.2235826771653544
11
7.1833818897637798
21
-7.2010866141732288
0
LINE
8
RED2
6
CONTINUOUS
10
7.1833818897637798
20
-7.2010866141732288
11
7.1861929133858267
21
-7.1954606299212598
0
LINE
8
RED2
6
CONTINUOUS
10
7.1861929133858267
20
-7.1954606299212598
11
7.1918188976377957
21
-7.1926496062992129
0
LINE
8
RED2
6
CONTINUOUS
10
7.1918188976377957
20
-7.1926496062992129
11
7.2030669291338585
21
-7.1926496062992129
0
LINE
8
RED2
6
CONTINUOUS
10
7.2030669291338585
20
-7.1926496062992129
11
7.2086889763779531
21
-7.1954606299212598
0
LINE
8
RED2
6
CONTINUOUS
10
7.2086889763779531
20
-7.1954606299212598
11
7.2115039370078744
21
-7.2010866141732288
0
LINE
8
RED2
6
CONTINUOUS
10
7.2115039370078744
20
-7.2010866141732288
11
7.2115039370078744
21
-7.2067086614173235
0
LINE
8
RED2
6
CONTINUOUS
10
7.2115039370078744
20
-7.2067086614173235
11
7.1833818897637798
21
-7.2123346456692916
0
LINE
8
RED2
6
CONTINUOUS
10
7.2283740157480318
20
-7.1926496062992129
11
7.2508700787401574
21
-7.1926496062992129
0
LINE
8
RED2
6
CONTINUOUS
10
7.2368110236220478
20
-7.1729645669291342
11
7.2368110236220478
21
-7.2235826771653544
0
LINE
8
RED2
6
CONTINUOUS
10
7.2368110236220478
20
-7.2235826771653544
11
7.2396220472440946
21
-7.2292086614173234
0
LINE
8
RED2
6
CONTINUOUS
10
7.2396220472440946
20
-7.2292086614173234
11
7.2452480314960637
21
-7.2320196850393703
0
LINE
8
RED2
6
CONTINUOUS
10
7.2452480314960637
20
-7.2320196850393703
11
7.2508700787401574
21
-7.2320196850393703
0
LINE
8
RED2
6
CONTINUOUS
10
7.2705551181102361
20
-7.2263937007874022
11
7.2733661417322839
21
-7.2292086614173234
0
LINE
8
RED2
6
CONTINUOUS
10
7.2733661417322839
20
-7.2292086614173234
11
7.2705551181102361
21
-7.2320196850393703
0
LINE
8
RED2
6
CONTINUOUS
10
7.2705551181102361
20
-7.2320196850393703
11
7.2677440944881893
21
-7.2292086614173234
0
LINE
8
RED2
6
CONTINUOUS
10
7.2677440944881893
20
-7.2292086614173234
11
7.2705551181102361
21
-7.2263937007874022
0
LINE
8
RED2
6
CONTINUOUS
10
7.2705551181102361
20
-7.2263937007874022
11
7.2705551181102361
21
-7.2320196850393703
0
LINE
8
RED2
6
CONTINUOUS
10
7.2705551181102361
20
-7.1954606299212598
11
7.2733661417322839
21
-7.1982716535433076
0
LINE
8
RED2
6
CONTINUOUS
10
7.2733661417322839
20
-7.1982716535433076
11
7.2705551181102361
21
-7.2010866141732288
0
LINE
8
RED2
6
CONTINUOUS
10
7.2705551181102361
20
-7.2010866141732288
11
7.2677440944881893
21
-7.1982716535433076
0
LINE
8
RED2
6
CONTINUOUS
10
7.2677440944881893
20
-7.1982716535433076
11
7.2705551181102361
21
-7.1954606299212598
0
LINE
8
RED2
6
CONTINUOUS
10
7.2705551181102361
20
-7.1954606299212598
11
7.2705551181102361
21
-7.2010866141732288
0
LINE
8
RED2
6
CONTINUOUS
10
7.3858543307086615
20
-7.1701535433070873
11
7.3352362204724413
21
-7.2460787401574809
0
LINE
8
RED2
6
CONTINUOUS
10
7.4055393700787402
20
-7.2320196850393703
11
7.4055393700787402
21
-7.1729645669291342
0
LINE
8
RED2
6
CONTINUOUS
10
7.4336614173228348
20
-7.1926496062992129
11
7.4336614173228348
21
-7.2320196850393703
0
LINE
8
RED2
6
CONTINUOUS
10
7.4336614173228348
20
-7.1982716535433076
11
7.4364724409448826
21
-7.1954606299212598
0
LINE
8
RED2
6
CONTINUOUS
10
7.4364724409448826
20
-7.1954606299212598
11
7.4420984251968507
21
-7.1926496062992129
0
LINE
8
RED2
6
CONTINUOUS
10
7.4420984251968507
20
-7.1926496062992129
11
7.4505354330708666
21
-7.1926496062992129
0
LINE
8
RED2
6
CONTINUOUS
10
7.4505354330708666
20
-7.1926496062992129
11
7.4561574803149613
21
-7.1954606299212598
0
LINE
8
RED2
6
CONTINUOUS
10
7.4561574803149613
20
-7.1954606299212598
11
7.4589724409448825
21
-7.2010866141732288
0
LINE
8
RED2
6
CONTINUOUS
10
7.4589724409448825
20
-7.2010866141732288
11
7.4589724409448825
21
-7.2320196850393703
0
LINE
8
RED2
6
CONTINUOUS
10
7.484279527559055
20
-7.2292086614173234
11
7.4899015748031497
21
-7.2320196850393703
0
LINE
8
RED2
6
CONTINUOUS
10
7.4899015748031497
20
-7.2320196850393703
11
7.5011496062992125
21
-7.2320196850393703
0
LINE
8
RED2
6
CONTINUOUS
10
7.5011496062992125
20
-7.2320196850393703
11
7.5067755905511815
21
-7.2292086614173234
0
LINE
8
RED2
6
CONTINUOUS
10
7.5067755905511815
20
-7.2292086614173234
11
7.5095866141732284
21
-7.2235826771653544
0
LINE
8
RED2
6
CONTINUOUS
10
7.5095866141732284
20
-7.2235826771653544
11
7.5095866141732284
21
-7.2207716535433075
0
LINE
8
RED2
6
CONTINUOUS
10
7.5095866141732284
20
-7.2207716535433075
11
7.5067755905511815
21
-7.2151456692913385
0
LINE
8
RED2
6
CONTINUOUS
10
7.5067755905511815
20
-7.2151456692913385
11
7.5011496062992125
21
-7.2123346456692916
0
LINE
8
RED2
6
CONTINUOUS
10
7.5011496062992125
20
-7.2123346456692916
11
7.4927165354330709
21
-7.2123346456692916
0
LINE
8
RED2
6
CONTINUOUS
10
7.4927165354330709
20
-7.2123346456692916
11
7.4870905511811028
21
-7.2095236220472447
0
LINE
8
RED2
6
CONTINUOUS
10
7.4870905511811028
20
-7.2095236220472447
11
7.484279527559055
21
-7.2038976377952757
0
LINE
8
RED2
6
CONTINUOUS
10
7.484279527559055
20
-7.2038976377952757
11
7.484279527559055
21
-7.2010866141732288
0
LINE
8
RED2
6
CONTINUOUS
10
7.484279527559055
20
-7.2010866141732288
11
7.4870905511811028
21
-7.1954606299212598
0
LINE
8
RED2
6
CONTINUOUS
10
7.4870905511811028
20
-7.1954606299212598
11
7.4927165354330709
21
-7.1926496062992129
0
LINE
8
RED2
6
CONTINUOUS
10
7.4927165354330709
20
-7.1926496062992129
11
7.5011496062992125
21
-7.1926496062992129
0
LINE
8
RED2
6
CONTINUOUS
10
7.5011496062992125
20
-7.1926496062992129
11
7.5067755905511815
21
-7.1954606299212598
0
LINE
8
RED2
6
CONTINUOUS
10
7.5264606299212602
20
-7.1926496062992129
11
7.5489566929133858
21
-7.1926496062992129
0
LINE
8
RED2
6
CONTINUOUS
10
7.5348976377952761
20
-7.1729645669291342
11
7.5348976377952761
21
-7.2235826771653544
0
LINE
8
RED2
6
CONTINUOUS
10
7.5348976377952761
20
-7.2235826771653544
11
7.537708661417323
21
-7.2292086614173234
0
LINE
8
RED2
6
CONTINUOUS
10
7.537708661417323
20
-7.2292086614173234
11
7.543334645669292
21
-7.2320196850393703
0
LINE
8
RED2
6
CONTINUOUS
10
7.543334645669292
20
-7.2320196850393703
11
7.5489566929133858
21
-7.2320196850393703
0
LINE
8
RED2
6
CONTINUOUS
10
7.5686417322834645
20
-7.2320196850393703
11
7.5686417322834645
21
-7.1926496062992129
0
LINE
8
RED2
6
CONTINUOUS
10
7.5686417322834645
20
-7.2038976377952757
11
7.5714527559055123
21
-7.1982716535433076
0
LINE
8
RED2
6
CONTINUOUS
10
7.5714527559055123
20
-7.1982716535433076
11
7.5742677165354335
21
-7.1954606299212598
0
LINE
8
RED2
6
CONTINUOUS
10
7.5742677165354335
20
-7.1954606299212598
11
7.5798897637795282
21
-7.1926496062992129
0
LINE
8
RED2
6
CONTINUOUS
10
7.5798897637795282
20
-7.1926496062992129
11
7.5855157480314963
21
-7.1926496062992129
0
LINE
8
RED2
6
CONTINUOUS
10
7.6305118110236227
20
-7.1926496062992129
11
7.6305118110236227
21
-7.2320196850393703
0
LINE
8
RED2
6
CONTINUOUS
10
7.605200787401575
20
-7.1926496062992129
11
7.605200787401575
21
-7.2235826771653544
0
LINE
8
RED2
6
CONTINUOUS
10
7.605200787401575
20
-7.2235826771653544
11
7.6080118110236219
21
-7.2292086614173234
0
LINE
8
RED2
6
CONTINUOUS
10
7.6080118110236219
20
-7.2292086614173234
11
7.6136377952755909
21
-7.2320196850393703
0
LINE
8
RED2
6
CONTINUOUS
10
7.6136377952755909
20
-7.2320196850393703
11
7.6220748031496068
21
-7.2320196850393703
0
LINE
8
RED2
6
CONTINUOUS
10
7.6220748031496068
20
-7.2320196850393703
11
7.6276968503937015
21
-7.2292086614173234
0
LINE
8
RED2
6
CONTINUOUS
10
7.6276968503937015
20
-7.2292086614173234
11
7.6305118110236227
21
-7.2263937007874022
0
LINE
8
RED2
6
CONTINUOUS
10
7.6839409448818898
20
-7.2292086614173234
11
7.6783149606299217
21
-7.2320196850393703
0
LINE
8
RED2
6
CONTINUOUS
10
7.6783149606299217
20
-7.2320196850393703
11
7.6670669291338589
21
-7.2320196850393703
0
LINE
8
RED2
6
CONTINUOUS
10
7.6670669291338589
20
-7.2320196850393703
11
7.6614409448818899
21
-7.2292086614173234
0
LINE
8
RED2
6
CONTINUOUS
10
7.6614409448818899
20
-7.2292086614173234
11
7.658629921259843
21
-7.2263937007874022
0
LINE
8
RED2
6
CONTINUOUS
10
7.658629921259843
20
-7.2263937007874022
11
7.6558188976377952
21
-7.2207716535433075
0
LINE
8
RED2
6
CONTINUOUS
10
7.6558188976377952
20
-7.2207716535433075
11
7.6558188976377952
21
-7.2038976377952757
0
LINE
8
RED2
6
CONTINUOUS
10
7.6558188976377952
20
-7.2038976377952757
11
7.658629921259843
21
-7.1982716535433076
0
LINE
8
RED2
6
CONTINUOUS
10
7.658629921259843
20
-7.1982716535433076
11
7.6614409448818899
21
-7.1954606299212598
0
LINE
8
RED2
6
CONTINUOUS
10
7.6614409448818899
20
-7.1954606299212598
11
7.6670669291338589
21
-7.1926496062992129
0
LINE
8
RED2
6
CONTINUOUS
10
7.6670669291338589
20
-7.1926496062992129
11
7.6783149606299217
21
-7.1926496062992129
0
LINE
8
RED2
6
CONTINUOUS
10
7.6783149606299217
20
-7.1926496062992129
11
7.6839409448818898
21
-7.1954606299212598
0
LINE
8
RED2
6
CONTINUOUS
10
7.7008110236220473
20
-7.1926496062992129
11
7.7233070866141738
21
-7.1926496062992129
0
LINE
8
RED2
6
CONTINUOUS
10
7.7092480314960632
20
-7.1729645669291342
11
7.7092480314960632
21
-7.2235826771653544
0
LINE
8
RED2
6
CONTINUOUS
10
7.7092480314960632
20
-7.2235826771653544
11
7.712059055118111
21
-7.2292086614173234
0
LINE
8
RED2
6
CONTINUOUS
10
7.712059055118111
20
-7.2292086614173234
11
7.7176850393700791
21
-7.2320196850393703
0
LINE
8
RED2
6
CONTINUOUS
10
7.7176850393700791
20
-7.2320196850393703
11
7.7233070866141738
21
-7.2320196850393703
0
LINE
8
RED2
6
CONTINUOUS
10
7.7429921259842525
20
-7.2320196850393703
11
7.7429921259842525
21
-7.1926496062992129
0
LINE
8
RED2
6
CONTINUOUS
10
7.7429921259842525
20
-7.1729645669291342
11
7.7401811023622047
21
-7.1757755905511811
0
LINE
8
RED2
6
CONTINUOUS
10
7.7401811023622047
20
-7.1757755905511811
11
7.7429921259842525
21
-7.1785866141732289
0
LINE
8
RED2
6
CONTINUOUS
10
7.7429921259842525
20
-7.1785866141732289
11
7.7458031496062993
21
-7.1757755905511811
0
LINE
8
RED2
6
CONTINUOUS
10
7.7458031496062993
20
-7.1757755905511811
11
7.7429921259842525
21
-7.1729645669291342
0
LINE
8
RED2
6
CONTINUOUS
10
7.7429921259842525
20
-7.1729645669291342
11
7.7429921259842525
21
-7.1785866141732289
0
LINE
8
RED2
6
CONTINUOUS
10
7.7795511811023621
20
-7.2320196850393703
11
7.773925196850394
21
-7.2292086614173234
0
LINE
8
RED2
6
CONTINUOUS
10
7.773925196850394
20
-7.2292086614173234
11
7.7711141732283471
21
-7.2263937007874022
0
LINE
8
RED2
6
CONTINUOUS
10
7.7711141732283471
20
-7.2263937007874022
11
7.7683031496062993
21
-7.2207716535433075
0
LINE
8
RED2
6
CONTINUOUS
10
7.7683031496062993
20
-7.2207716535433075
11
7.7683031496062993
21
-7.2038976377952757
0
LINE
8
RED2
6
CONTINUOUS
10
7.7683031496062993
20
-7.2038976377952757
11
7.7711141732283471
21
-7.1982716535433076
0
LINE
8
RED2
6
CONTINUOUS
10
7.7711141732283471
20
-7.1982716535433076
11
7.773925196850394
21
-7.1954606299212598
0
LINE
8
RED2
6
CONTINUOUS
10
7.773925196850394
20
-7.1954606299212598
11
7.7795511811023621
21
-7.1926496062992129
0
LINE
8
RED2
6
CONTINUOUS
10
7.7795511811023621
20
-7.1926496062992129
11
7.787988188976378
21
-7.1926496062992129
0
LINE
8
RED2
6
CONTINUOUS
10
7.787988188976378
20
-7.1926496062992129
11
7.7936102362204727
21
-7.1954606299212598
0
LINE
8
RED2
6
CONTINUOUS
10
7.7936102362204727
20
-7.1954606299212598
11
7.7964251968503939
21
-7.1982716535433076
0
LINE
8
RED2
6
CONTINUOUS
10
7.7964251968503939
20
-7.1982716535433076
11
7.7992362204724408
21
-7.2038976377952757
0
LINE
8
RED2
6
CONTINUOUS
10
7.7992362204724408
20
-7.2038976377952757
11
7.7992362204724408
21
-7.2207716535433075
0
LINE
8
RED2
6
CONTINUOUS
10
7.7992362204724408
20
-7.2207716535433075
11
7.7964251968503939
21
-7.2263937007874022
0
LINE
8
RED2
6
CONTINUOUS
10
7.7964251968503939
20
-7.2263937007874022
11
7.7936102362204727
21
-7.2292086614173234
0
LINE
8
RED2
6
CONTINUOUS
10
7.7936102362204727
20
-7.2292086614173234
11
7.787988188976378
21
-7.2320196850393703
0
LINE
8
RED2
6
CONTINUOUS
10
7.787988188976378
20
-7.2320196850393703
11
7.7795511811023621
21
-7.2320196850393703
0
LINE
8
RED2
6
CONTINUOUS
10
7.8245433070866142
20
-7.1926496062992129
11
7.8245433070866142
21
-7.2320196850393703
0
LINE
8
RED2
6
CONTINUOUS
10
7.8245433070866142
20
-7.1982716535433076
11
7.8273543307086619
21
-7.1954606299212598
0
LINE
8
RED2
6
CONTINUOUS
10
7.8273543307086619
20
-7.1954606299212598
11
7.8329803149606301
21
-7.1926496062992129
0
LINE
8
RED2
6
CONTINUOUS
10
7.8329803149606301
20
-7.1926496062992129
11
7.841417322834646
21
-7.1926496062992129
0
LINE
8
RED2
6
CONTINUOUS
10
7.841417322834646
20
-7.1926496062992129
11
7.8470393700787406
21
-7.1954606299212598
0
LINE
8
RED2
6
CONTINUOUS
10
7.8470393700787406
20
-7.1954606299212598
11
7.8498543307086619
21
-7.2010866141732288
0
LINE
8
RED2
6
CONTINUOUS
10
7.8498543307086619
20
-7.2010866141732288
11
7.8498543307086619
21
-7.2320196850393703
0
LINE
8
RED2
6
CONTINUOUS
10
7.956712598425197
20
-7.2320196850393703
11
7.9370275590551183
21
-7.2038976377952757
0
LINE
8
RED2
6
CONTINUOUS
10
7.9229685039370086
20
-7.2320196850393703
11
7.9229685039370086
21
-7.1729645669291342
0
LINE
8
RED2
6
CONTINUOUS
10
7.9229685039370086
20
-7.1729645669291342
11
7.9454645669291342
21
-7.1729645669291342
0
LINE
8
RED2
6
CONTINUOUS
10
7.9454645669291342
20
-7.1729645669291342
11
7.9510905511811023
21
-7.1757755905511811
0
LINE
8
RED2
6
CONTINUOUS
10
7.9510905511811023
20
-7.1757755905511811
11
7.9539015748031501
21
-7.1785866141732289
0
LINE
8
RED2
6
CONTINUOUS
10
7.9539015748031501
20
-7.1785866141732289
11
7.956712598425197
21
-7.184212598425197
0
LINE
8
RED2
6
CONTINUOUS
10
7.956712598425197
20
-7.184212598425197
11
7.956712598425197
21
-7.1926496062992129
0
LINE
8
RED2
6
CONTINUOUS
10
7.956712598425197
20
-7.1926496062992129
11
7.9539015748031501
21
-7.1982716535433076
0
LINE
8
RED2
6
CONTINUOUS
10
7.9539015748031501
20
-7.1982716535433076
11
7.9510905511811023
21
-7.2010866141732288
0
LINE
8
RED2
6
CONTINUOUS
10
7.9510905511811023
20
-7.2010866141732288
11
7.9454645669291342
21
-7.2038976377952757
0
LINE
8
RED2
6
CONTINUOUS
10
7.9454645669291342
20
-7.2038976377952757
11
7.9229685039370086
21
-7.2038976377952757
0
LINE
8
RED2
6
CONTINUOUS
10
8.0045196850393712
20
-7.2292086614173234
11
7.9988976377952756
21
-7.2320196850393703
0
LINE
8
RED2
6
CONTINUOUS
10
7.9988976377952756
20
-7.2320196850393703
11
7.9876496062992128
21
-7.2320196850393703
0
LINE
8
RED2
6
CONTINUOUS
10
7.9876496062992128
20
-7.2320196850393703
11
7.9820236220472447
21
-7.2292086614173234
0
LINE
8
RED2
6
CONTINUOUS
10
7.9820236220472447
20
-7.2292086614173234
11
7.9792125984251969
21
-7.2235826771653544
0
LINE
8
RED2
6
CONTINUOUS
10
7.9792125984251969
20
-7.2235826771653544
11
7.9792125984251969
21
-7.2010866141732288
0
LINE
8
RED2
6
CONTINUOUS
10
7.9792125984251969
20
-7.2010866141732288
11
7.9820236220472447
21
-7.1954606299212598
0
LINE
8
RED2
6
CONTINUOUS
10
7.9820236220472447
20
-7.1954606299212598
11
7.9876496062992128
21
-7.1926496062992129
0
LINE
8
RED2
6
CONTINUOUS
10
7.9876496062992128
20
-7.1926496062992129
11
7.9988976377952756
21
-7.1926496062992129
0
LINE
8
RED2
6
CONTINUOUS
10
7.9988976377952756
20
-7.1926496062992129
11
8.0045196850393712
21
-7.1954606299212598
0
LINE
8
RED2
6
CONTINUOUS
10
8.0045196850393712
20
-7.1954606299212598
11
8.0073346456692924
21
-7.2010866141732288
0
LINE
8
RED2
6
CONTINUOUS
10
8.0073346456692924
20
-7.2010866141732288
11
8.0073346456692924
21
-7.2067086614173235
0
LINE
8
RED2
6
CONTINUOUS
10
8.0073346456692924
20
-7.2067086614173235
11
7.9792125984251969
21
-7.2123346456692916
0
LINE
8
RED2
6
CONTINUOUS
10
8.0579527559055126
20
-7.1926496062992129
11
8.0579527559055126
21
-7.2404566929133862
0
LINE
8
RED2
6
CONTINUOUS
10
8.0579527559055126
20
-7.2404566929133862
11
8.0551377952755914
21
-7.2460787401574809
0
LINE
8
RED2
6
CONTINUOUS
10
8.0551377952755914
20
-7.2460787401574809
11
8.0523267716535436
21
-7.2488937007874021
0
LINE
8
RED2
6
CONTINUOUS
10
8.0523267716535436
20
-7.2488937007874021
11
8.0467007874015746
21
-7.251704724409449
0
LINE
8
RED2
6
CONTINUOUS
10
8.0467007874015746
20
-7.251704724409449
11
8.038267716535433
21
-7.251704724409449
0
LINE
8
RED2
6
CONTINUOUS
10
8.038267716535433
20
-7.251704724409449
11
8.032641732283464
21
-7.2488937007874021
0
LINE
8
RED2
6
CONTINUOUS
10
8.0579527559055126
20
-7.2292086614173234
11
8.0523267716535436
21
-7.2320196850393703
0
LINE
8
RED2
6
CONTINUOUS
10
8.0523267716535436
20
-7.2320196850393703
11
8.0410787401574808
21
-7.2320196850393703
0
LINE
8
RED2
6
CONTINUOUS
10
8.0410787401574808
20
-7.2320196850393703
11
8.0354527559055118
21
-7.2292086614173234
0
LINE
8
RED2
6
CONTINUOUS
10
8.0354527559055118
20
-7.2292086614173234
11
8.032641732283464
21
-7.2263937007874022
0
LINE
8
RED2
6
CONTINUOUS
10
8.032641732283464
20
-7.2263937007874022
11
8.029830708661418
21
-7.2207716535433075
0
LINE
8
RED2
6
CONTINUOUS
10
8.029830708661418
20
-7.2207716535433075
11
8.029830708661418
21
-7.2038976377952757
0
LINE
8
RED2
6
CONTINUOUS
10
8.029830708661418
20
-7.2038976377952757
11
8.032641732283464
21
-7.1982716535433076
0
LINE
8
RED2
6
CONTINUOUS
10
8.032641732283464
20
-7.1982716535433076
11
8.0354527559055118
21
-7.1954606299212598
0
LINE
8
RED2
6
CONTINUOUS
10
8.0354527559055118
20
-7.1954606299212598
11
8.0410787401574808
21
-7.1926496062992129
0
LINE
8
RED2
6
CONTINUOUS
10
8.0410787401574808
20
-7.1926496062992129
11
8.0523267716535436
21
-7.1926496062992129
0
LINE
8
RED2
6
CONTINUOUS
10
8.0523267716535436
20
-7.1926496062992129
11
8.0579527559055126
21
-7.1954606299212598
0
LINE
8
RED2
6
CONTINUOUS
10
8.086070866141732
20
-7.2320196850393703
11
8.086070866141732
21
-7.1926496062992129
0
LINE
8
RED2
6
CONTINUOUS
10
8.086070866141732
20
-7.1729645669291342
11
8.083259842519686
21
-7.1757755905511811
0
LINE
8
RED2
6
CONTINUOUS
10
8.083259842519686
20
-7.1757755905511811
11
8.086070866141732
21
-7.1785866141732289
0
LINE
8
RED2
6
CONTINUOUS
10
8.086070866141732
20
-7.1785866141732289
11
8.0888818897637798
21
-7.1757755905511811
0
LINE
8
RED2
6
CONTINUOUS
10
8.0888818897637798
20
-7.1757755905511811
11
8.086070866141732
21
-7.1729645669291342
0
LINE
8
RED2
6
CONTINUOUS
10
8.086070866141732
20
-7.1729645669291342
11
8.086070866141732
21
-7.1785866141732289
0
LINE
8
RED2
6
CONTINUOUS
10
8.1113818897637806
20
-7.2292086614173234
11
8.1170039370078744
21
-7.2320196850393703
0
LINE
8
RED2
6
CONTINUOUS
10
8.1170039370078744
20
-7.2320196850393703
11
8.1282519685039372
21
-7.2320196850393703
0
LINE
8
RED2
6
CONTINUOUS
10
8.1282519685039372
20
-7.2320196850393703
11
8.1338779527559062
21
-7.2292086614173234
0
LINE
8
RED2
6
CONTINUOUS
10
8.1338779527559062
20
-7.2292086614173234
11
8.1366889763779522
21
-7.2235826771653544
0
LINE
8
RED2
6
CONTINUOUS
10
8.1366889763779522
20
-7.2235826771653544
11
8.1366889763779522
21
-7.2207716535433075
0
LINE
8
RED2
6
CONTINUOUS
10
8.1366889763779522
20
-7.2207716535433075
11
8.1338779527559062
21
-7.2151456692913385
0
LINE
8
RED2
6
CONTINUOUS
10
8.1338779527559062
20
-7.2151456692913385
11
8.1282519685039372
21
-7.2123346456692916
0
LINE
8
RED2
6
CONTINUOUS
10
8.1282519685039372
20
-7.2123346456692916
11
8.1198188976377956
21
-7.2123346456692916
0
LINE
8
RED2
6
CONTINUOUS
10
8.1198188976377956
20
-7.2123346456692916
11
8.1141929133858266
21
-7.2095236220472447
0
LINE
8
RED2
6
CONTINUOUS
10
8.1141929133858266
20
-7.2095236220472447
11
8.1113818897637806
21
-7.2038976377952757
0
LINE
8
RED2
6
CONTINUOUS
10
8.1113818897637806
20
-7.2038976377952757
11
8.1113818897637806
21
-7.2010866141732288
0
LINE
8
RED2
6
CONTINUOUS
10
8.1113818897637806
20
-7.2010866141732288
11
8.1141929133858266
21
-7.1954606299212598
0
LINE
8
RED2
6
CONTINUOUS
10
8.1141929133858266
20
-7.1954606299212598
11
8.1198188976377956
21
-7.1926496062992129
0
LINE
8
RED2
6
CONTINUOUS
10
8.1198188976377956
20
-7.1926496062992129
11
8.1282519685039372
21
-7.1926496062992129
0
LINE
8
RED2
6
CONTINUOUS
10
8.1282519685039372
20
-7.1926496062992129
11
8.1338779527559062
21
-7.1954606299212598
0
LINE
8
RED2
6
CONTINUOUS
10
8.153562992125984
20
-7.1926496062992129
11
8.1760590551181114
21
-7.1926496062992129
0
LINE
8
RED2
6
CONTINUOUS
10
8.1620000000000008
20
-7.1729645669291342
11
8.1620000000000008
21
-7.2235826771653544
0
LINE
8
RED2
6
CONTINUOUS
10
8.1620000000000008
20
-7.2235826771653544
11
8.1648110236220468
21
-7.2292086614173234
0
LINE
8
RED2
6
CONTINUOUS
10
8.1648110236220468
20
-7.2292086614173234
11
8.1704370078740158
21
-7.2320196850393703
0
LINE
8
RED2
6
CONTINUOUS
10
8.1704370078740158
20
-7.2320196850393703
11
8.1760590551181114
21
-7.2320196850393703
0
LINE
8
RED2
6
CONTINUOUS
10
8.2182401574803148
20
-7.2292086614173234
11
8.212618110236221
21
-7.2320196850393703
0
LINE
8
RED2
6
CONTINUOUS
10
8.212618110236221
20
-7.2320196850393703
11
8.2013700787401582
21
-7.2320196850393703
0
LINE
8
RED2
6
CONTINUOUS
10
8.2013700787401582
20
-7.2320196850393703
11
8.1957440944881892
21
-7.2292086614173234
0
LINE
8
RED2
6
CONTINUOUS
10
8.1957440944881892
20
-7.2292086614173234
11
8.1929330708661414
21
-7.2235826771653544
0
LINE
8
RED2
6
CONTINUOUS
10
8.1929330708661414
20
-7.2235826771653544
11
8.1929330708661414
21
-7.2010866141732288
0
LINE
8
RED2
6
CONTINUOUS
10
8.1929330708661414
20
-7.2010866141732288
11
8.1957440944881892
21
-7.1954606299212598
0
LINE
8
RED2
6
CONTINUOUS
10
8.1957440944881892
20
-7.1954606299212598
11
8.2013700787401582
21
-7.1926496062992129
0
LINE
8
RED2
6
CONTINUOUS
10
8.2013700787401582
20
-7.1926496062992129
11
8.212618110236221
21
-7.1926496062992129
0
LINE
8
RED2
6
CONTINUOUS
10
8.212618110236221
20
-7.1926496062992129
11
8.2182401574803148
21
-7.1954606299212598
0
LINE
8
RED2
6
CONTINUOUS
10
8.2182401574803148
20
-7.1954606299212598
11
8.221055118110236
21
-7.2010866141732288
0
LINE
8
RED2
6
CONTINUOUS
10
8.221055118110236
20
-7.2010866141732288
11
8.221055118110236
21
-7.2067086614173235
0
LINE
8
RED2
6
CONTINUOUS
10
8.221055118110236
20
-7.2067086614173235
11
8.1929330708661414
21
-7.2123346456692916
0
LINE
8
RED2
6
CONTINUOUS
10
8.2463622047244094
20
-7.2320196850393703
11
8.2463622047244094
21
-7.1926496062992129
0
LINE
8
RED2
6
CONTINUOUS
10
8.2463622047244094
20
-7.2038976377952757
11
8.2491732283464572
21
-7.1982716535433076
0
LINE
8
RED2
6
CONTINUOUS
10
8.2491732283464572
20
-7.1982716535433076
11
8.2519881889763784
21
-7.1954606299212598
0
LINE
8
RED2
6
CONTINUOUS
10
8.2519881889763784
20
-7.1954606299212598
11
8.2576102362204722
21
-7.1926496062992129
0
LINE
8
RED2
6
CONTINUOUS
10
8.2576102362204722
20
-7.1926496062992129
11
8.2632362204724412
21
-7.1926496062992129
0
LINE
8
RED2
6
CONTINUOUS
10
8.3251023622047242
20
-7.1701535433070873
11
8.274484251968504
21
-7.2460787401574809
0
LINE
8
RED2
6
CONTINUOUS
10
7.7559921259842524
20
-7.5396535433070868
11
7.7559921259842524
21
-7.657763779527559
0
LINE
8
RED2
6
CONTINUOUS
10
10.2756771653543311
20
-7.5396535433070868
11
10.2756771653543311
21
-7.7955590551181109
0
LINE
8
RED2
6
CONTINUOUS
10
1.3500000000000001
20
-4.75
11
1.3500000000000001
21
-4.7999999999999998
0
LINE
8
RED2
6
CONTINUOUS
10
1.3500000000000001
20
-4.7999999999999998
11
1.4000000000000001
21
-4.7999999999999998
0
LINE
8
RED2
6
CONTINUOUS
10
1.4000000000000001
20
-4.7999999999999998
11
1.3500000000000001
21
-4.8500000000000005
0
LINE
8
RED2
6
CONTINUOUS
10
1.3500000000000001
20
-4.8500000000000005
11
1.3
21
-4.7999999999999998
0
LINE
8
RED2
6
CONTINUOUS
10
1.3
20
-4.7999999999999998
11
1.3500000000000001
21
-4.7999999999999998
0
LINE
8
CYAN2
6
CONTINUOUS
10
1.3119055118110237
20
-4.9251850393700787
11
1.3071417322834646
21
-4.9228031496062998
0
LINE
8
CYAN2
6
CONTINUOUS
10
1.3071417322834646
20
-4.9228031496062998
11
1.3
21
-4.9228031496062998
0
LINE
8
CYAN2
6
CONTINUOUS
10
1.3
20
-4.9228031496062998
11
1.2928582677165354
21
-4.9251850393700787
0
LINE
8
CYAN2
6
CONTINUOUS
10
1.2928582677165354
20
-4.9251850393700787
11
1.2880944881889764
21
-4.9299488188976381
0
LINE
8
CYAN2
6
CONTINUOUS
10
1.2880944881889764
20
-4.9299488188976381
11
1.2857125984251969
21
-4.9347086614173232
0
LINE
8
CYAN2
6
CONTINUOUS
10
1.2857125984251969
20
-4.9347086614173232
11
1.2833346456692913
21
-4.9442322834645669
0
LINE
8
CYAN2
6
CONTINUOUS
10
1.2833346456692913
20
-4.9442322834645669
11
1.2833346456692913
21
-4.9513740157480317
0
LINE
8
CYAN2
6
CONTINUOUS
10
1.2833346456692913
20
-4.9513740157480317
11
1.2857125984251969
21
-4.9608976377952754
0
LINE
8
CYAN2
6
CONTINUOUS
10
1.2857125984251969
20
-4.9608976377952754
11
1.2880944881889764
21
-4.9656614173228348
0
LINE
8
CYAN2
6
CONTINUOUS
10
1.2880944881889764
20
-4.9656614173228348
11
1.2928582677165354
21
-4.9704251968503943
0
LINE
8
CYAN2
6
CONTINUOUS
10
1.2928582677165354
20
-4.9704251968503943
11
1.3
21
-4.9728031496062997
0
LINE
8
CYAN2
6
CONTINUOUS
10
1.3
20
-4.9728031496062997
11
1.3047598425196851
21
-4.9728031496062997
0
LINE
8
CYAN2
6
CONTINUOUS
10
1.3047598425196851
20
-4.9728031496062997
11
1.3119055118110237
21
-4.9704251968503943
0
LINE
8
CYAN2
6
CONTINUOUS
10
1.3119055118110237
20
-4.9704251968503943
11
1.3142834645669292
21
-4.9680433070866146
0
LINE
8
CYAN2
6
CONTINUOUS
10
1.3142834645669292
20
-4.9680433070866146
11
1.3142834645669292
21
-4.9513740157480317
0
LINE
8
CYAN2
6
CONTINUOUS
10
1.3142834645669292
20
-4.9513740157480317
11
1.3047598425196851
21
-4.9513740157480317
0
LINE
8
CYAN2
6
CONTINUOUS
10
1.335712598425197
20
-4.9728031496062997
11
1.335712598425197
21
-4.9228031496062998
0
LINE
8
CYAN2
6
CONTINUOUS
10
1.335712598425197
20
-4.9228031496062998
11
1.3642834645669293
21
-4.9728031496062997
0
LINE
8
CYAN2
6
CONTINUOUS
10
1.3642834645669293
20
-4.9728031496062997
11
1.3642834645669293
21
-4.9228031496062998
0
LINE
8
CYAN2
6
CONTINUOUS
10
1.3880944881889765
20
-4.9728031496062997
11
1.3880944881889765
21
-4.9228031496062998
0
LINE
8
CYAN2
6
CONTINUOUS
10
1.3880944881889765
20
-4.9228031496062998
11
1.4000000000000001
21
-4.9228031496062998
0
LINE
8
CYAN2
6
CONTINUOUS
10
1.4000000000000001
20
-4.9228031496062998
11
1.4071417322834647
21
-4.9251850393700787
0
LINE
8
CYAN2
6
CONTINUOUS
10
1.4071417322834647
20
-4.9251850393700787
11
1.4119055118110238
21
-4.9299488188976381
0
LINE
8
CYAN2
6
CONTINUOUS
10
1.4119055118110238
20
-4.9299488188976381
11
1.4142874015748033
21
-4.9347086614173232
0
LINE
8
CYAN2
6
CONTINUOUS
10
1.4142874015748033
20
-4.9347086614173232
11
1.4166653543307086
21
-4.9442322834645669
0
LINE
8
CYAN2
6
CONTINUOUS
10
1.4166653543307086
20
-4.9442322834645669
11
1.4166653543307086
21
-4.9513740157480317
0
LINE
8
CYAN2
6
CONTINUOUS
10
1.4166653543307086
20
-4.9513740157480317
11
1.4142874015748033
21
-4.9608976377952754
0
LINE
8
CYAN2
6
CONTINUOUS
10
1.4142874015748033
20
-4.9608976377952754
11
1.4119055118110238
21
-4.9656614173228348
0
LINE
8
CYAN2
6
CONTINUOUS
10
1.4119055118110238
20
-4.9656614173228348
11
1.4071417322834647
21
-4.9704251968503943
0
LINE
8
CYAN2
6
CONTINUOUS
10
1.4071417322834647
20
-4.9704251968503943
11
1.4000000000000001
21
-4.9728031496062997
0
LINE
8
CYAN2
6
CONTINUOUS
10
1.4000000000000001
20
-4.9728031496062997
11
1.3880944881889765
21
-4.9728031496062997
0
LINE
8
RED2
6
CONTINUOUS
10
1.27
20
-4.4699999999999998
11
1.4300000000000002
21
-4.4699999999999998
0
LINE
8
RED2
6
CONTINUOUS
10
1.27
20
-4.5300000000000002
11
1.4300000000000002
21
-4.5300000000000002
0
LINE
8
RED2
6
CONTINUOUS
10
1.3500000000000001
20
-4.46
11
1.3500000000000001
21
-4.3500000000000005
0
LINE
8
RED2
6
CONTINUOUS
10
1.3500000000000001
20
-4.54
11
1.3500000000000001
21
-4.6500000000000004
0
LINE
8
CYAN2
6
CONTINUOUS
10
1.5448503937007874
20
-4.4680393700787402
11
1.542472440944882
21
-4.4704212598425199
0
LINE
8
CYAN2
6
CONTINUOUS
10
1.542472440944882
20
-4.4704212598425199
11
1.5353267716535433
21
-4.4727992125984253
0
LINE
8
CYAN2
6
CONTINUOUS
10
1.5353267716535433
20
-4.4727992125984253
11
1.5305669291338584
21
-4.4727992125984253
0
LINE
8
CYAN2
6
CONTINUOUS
10
1.5305669291338584
20
-4.4727992125984253
11
1.5234251968503938
21
-4.4704212598425199
0
LINE
8
CYAN2
6
CONTINUOUS
10
1.5234251968503938
20
-4.4704212598425199
11
1.5186614173228348
21
-4.4656574803149605
0
LINE
8
CYAN2
6
CONTINUOUS
10
1.5186614173228348
20
-4.4656574803149605
11
1.5162795275590553
21
-4.4608937007874019
0
LINE
8
CYAN2
6
CONTINUOUS
10
1.5162795275590553
20
-4.4608937007874019
11
1.5139015748031497
21
-4.4513700787401573
0
LINE
8
CYAN2
6
CONTINUOUS
10
1.5139015748031497
20
-4.4513700787401573
11
1.5139015748031497
21
-4.4442283464566934
0
LINE
8
CYAN2
6
CONTINUOUS
10
1.5139015748031497
20
-4.4442283464566934
11
1.5162795275590553
21
-4.4347047244094489
0
LINE
8
CYAN2
6
CONTINUOUS
10
1.5162795275590553
20
-4.4347047244094489
11
1.5186614173228348
21
-4.4299448818897638
0
LINE
8
CYAN2
6
CONTINUOUS
10
1.5186614173228348
20
-4.4299448818897638
11
1.5234251968503938
21
-4.4251811023622052
0
LINE
8
CYAN2
6
CONTINUOUS
10
1.5234251968503938
20
-4.4251811023622052
11
1.5305669291338584
21
-4.4227992125984255
0
LINE
8
CYAN2
6
CONTINUOUS
10
1.5305669291338584
20
-4.4227992125984255
11
1.5353267716535433
21
-4.4227992125984255
0
LINE
8
CYAN2
6
CONTINUOUS
10
1.5353267716535433
20
-4.4227992125984255
11
1.542472440944882
21
-4.4251811023622052
0
LINE
8
CYAN2
6
CONTINUOUS
10
1.542472440944882
20
-4.4251811023622052
11
1.5448503937007874
21
-4.427562992125984
0
LINE
8
CYAN2
6
CONTINUOUS
10
1.5924724409448821
20
-4.4727992125984253
11
1.5639015748031497
21
-4.4727992125984253
0
LINE
8
CYAN2
6
CONTINUOUS
10
1.5781850393700787
20
-4.4727992125984253
11
1.5781850393700787
21
-4.4227992125984255
0
LINE
8
CYAN2
6
CONTINUOUS
10
1.5781850393700787
20
-4.4227992125984255
11
1.5734251968503938
21
-4.4299448818897638
0
LINE
8
CYAN2
6
CONTINUOUS
10
1.5734251968503938
20
-4.4299448818897638
11
1.5686614173228346
21
-4.4347047244094489
0
LINE
8
CYAN2
6
CONTINUOUS
10
1.5686614173228346
20
-4.4347047244094489
11
1.5639015748031497
21
-4.4370866141732286
0
LINE
8
CYAN2
6
CONTINUOUS
10
1.61151968503937
20
-4.427562992125984
11
1.6138976377952756
21
-4.4251811023622052
0
LINE
8
CYAN2
6
CONTINUOUS
10
1.6138976377952756
20
-4.4251811023622052
11
1.6186614173228346
21
-4.4227992125984255
0
LINE
8
CYAN2
6
CONTINUOUS
10
1.6186614173228346
20
-4.4227992125984255
11
1.6305669291338583
21
-4.4227992125984255
0
LINE
8
CYAN2
6
CONTINUOUS
10
1.6305669291338583
20
-4.4227992125984255
11
1.6353267716535433
21
-4.4251811023622052
0
LINE
8
CYAN2
6
CONTINUOUS
10
1.6353267716535433
20
-4.4251811023622052
11
1.6377086614173229
21
-4.427562992125984
0
LINE
8
CYAN2
6
CONTINUOUS
10
1.6377086614173229
20
-4.427562992125984
11
1.6400905511811024
21
-4.4323228346456691
0
LINE
8
CYAN2
6
CONTINUOUS
10
1.6400905511811024
20
-4.4323228346456691
11
1.6400905511811024
21
-4.4370866141732286
0
LINE
8
CYAN2
6
CONTINUOUS
10
1.6400905511811024
20
-4.4370866141732286
11
1.6377086614173229
21
-4.4442283464566934
0
LINE
8
CYAN2
6
CONTINUOUS
10
1.6377086614173229
20
-4.4442283464566934
11
1.6091377952755905
21
-4.4727992125984253
0
LINE
8
CYAN2
6
CONTINUOUS
10
1.6091377952755905
20
-4.4727992125984253
11
1.6400905511811024
21
-4.4727992125984253
0
LINE
8
CYAN2
6
CONTINUOUS
10
1.5258031496062994
20
-4.5227992125984251
11
1.5305669291338584
21
-4.5227992125984251
0
LINE
8
CYAN2
6
CONTINUOUS
10
1.5305669291338584
20
-4.5227992125984251
11
1.5353267716535433
21
-4.5251811023622048
0
LINE
8
CYAN2
6
CONTINUOUS
10
1.5353267716535433
20
-4.5251811023622048
11
1.537708661417323
21
-4.5275629921259846
0
LINE
8
CYAN2
6
CONTINUOUS
10
1.537708661417323
20
-4.5275629921259846
11
1.5400905511811025
21
-4.5323228346456697
0
LINE
8
CYAN2
6
CONTINUOUS
10
1.5400905511811025
20
-4.5323228346456697
11
1.542472440944882
21
-4.5418464566929133
0
LINE
8
CYAN2
6
CONTINUOUS
10
1.542472440944882
20
-4.5418464566929133
11
1.542472440944882
21
-4.5537519685039376
0
LINE
8
CYAN2
6
CONTINUOUS
10
1.542472440944882
20
-4.5537519685039376
11
1.5400905511811025
21
-4.5632755905511813
0
LINE
8
CYAN2
6
CONTINUOUS
10
1.5400905511811025
20
-4.5632755905511813
11
1.537708661417323
21
-4.5680393700787407
0
LINE
8
CYAN2
6
CONTINUOUS
10
1.537708661417323
20
-4.5680393700787407
11
1.5353267716535433
21
-4.5704212598425196
0
LINE
8
CYAN2
6
CONTINUOUS
10
1.5353267716535433
20
-4.5704212598425196
11
1.5305669291338584
21
-4.5727992125984258
0
LINE
8
CYAN2
6
CONTINUOUS
10
1.5305669291338584
20
-4.5727992125984258
11
1.5258031496062994
21
-4.5727992125984258
0
LINE
8
CYAN2
6
CONTINUOUS
10
1.5258031496062994
20
-4.5727992125984258
11
1.5210433070866143
21
-4.5704212598425196
0
LINE
8
CYAN2
6
CONTINUOUS
10
1.5210433070866143
20
-4.5704212598425196
11
1.5186614173228348
21
-4.5680393700787407
0
LINE
8
CYAN2
6
CONTINUOUS
10
1.5186614173228348
20
-4.5680393700787407
11
1.5162795275590553
21
-4.5632755905511813
0
LINE
8
CYAN2
6
CONTINUOUS
10
1.5162795275590553
20
-4.5632755905511813
11
1.5139015748031497
21
-4.5537519685039376
0
LINE
8
CYAN2
6
CONTINUOUS
10
1.5139015748031497
20
-4.5537519685039376
11
1.5139015748031497
21
-4.5418464566929133
0
LINE
8
CYAN2
6
CONTINUOUS
10
1.5139015748031497
20
-4.5418464566929133
11
1.5162795275590553
21
-4.5323228346456697
0
LINE
8
CYAN2
6
CONTINUOUS
10
1.5162795275590553
20
-4.5323228346456697
11
1.5186614173228348
21
-4.5275629921259846
0
LINE
8
CYAN2
6
CONTINUOUS
10
1.5186614173228348
20
-4.5275629921259846
11
1.5210433070866143
21
-4.5251811023622048
0
LINE
8
CYAN2
6
CONTINUOUS
10
1.5210433070866143
20
-4.5251811023622048
11
1.5258031496062994
21
-4.5227992125984251
0
LINE
8
CYAN2
6
CONTINUOUS
10
1.5638976377952756
20
-4.5680393700787407
11
1.5662795275590551
21
-4.5704212598425196
0
LINE
8
CYAN2
6
CONTINUOUS
10
1.5662795275590551
20
-4.5704212598425196
11
1.5638976377952756
21
-4.5727992125984258
0
LINE
8
CYAN2
6
CONTINUOUS
10
1.5638976377952756
20
-4.5727992125984258
11
1.5615196850393702
21
-4.5704212598425196
0
LINE
8
CYAN2
6
CONTINUOUS
10
1.5615196850393702
20
-4.5704212598425196
11
1.5638976377952756
21
-4.5680393700787407
0
LINE
8
CYAN2
6
CONTINUOUS
10
1.5638976377952756
20
-4.5680393700787407
11
1.5638976377952756
21
-4.5727992125984258
0
LINE
8
CYAN2
6
CONTINUOUS
10
1.6139015748031498
20
-4.5727992125984258
11
1.5853307086614175
21
-4.5727992125984258
0
LINE
8
CYAN2
6
CONTINUOUS
10
1.5996141732283464
20
-4.5727992125984258
11
1.5996141732283464
21
-4.5227992125984251
0
LINE
8
CYAN2
6
CONTINUOUS
10
1.5996141732283464
20
-4.5227992125984251
11
1.5948543307086616
21
-4.5299448818897643
0
LINE
8
CYAN2
6
CONTINUOUS
10
1.5948543307086616
20
-4.5299448818897643
11
1.5900905511811023
21
-4.5347047244094494
0
LINE
8
CYAN2
6
CONTINUOUS
10
1.5900905511811023
20
-4.5347047244094494
11
1.5853307086614175
21
-4.5370866141732282
0
LINE
8
CYAN2
6
CONTINUOUS
10
1.6567559055118111
20
-4.539468503937008
11
1.6567559055118111
21
-4.5727992125984258
0
LINE
8
CYAN2
6
CONTINUOUS
10
1.6353267716535433
20
-4.539468503937008
11
1.6353267716535433
21
-4.565657480314961
0
LINE
8
CYAN2
6
CONTINUOUS
10
1.6353267716535433
20
-4.565657480314961
11
1.6377086614173229
21
-4.5704212598425196
0
LINE
8
CYAN2
6
CONTINUOUS
10
1.6377086614173229
20
-4.5704212598425196
11
1.6424724409448819
21
-4.5727992125984258
0
LINE
8
CYAN2
6
CONTINUOUS
10
1.6424724409448819
20
-4.5727992125984258
11
1.6496141732283465
21
-4.5727992125984258
0
LINE
8
CYAN2
6
CONTINUOUS
10
1.6496141732283465
20
-4.5727992125984258
11
1.6543740157480316
21
-4.5704212598425196
0
LINE
8
CYAN2
6
CONTINUOUS
10
1.6543740157480316
20
-4.5704212598425196
11
1.6567559055118111
21
-4.5680393700787407
0
LINE
8
CYAN2
6
CONTINUOUS
10
1.697232283464567
20
-4.5466102362204728
11
1.6805629921259844
21
-4.5466102362204728
0
LINE
8
CYAN2
6
CONTINUOUS
10
1.6805629921259844
20
-4.5727992125984258
11
1.6805629921259844
21
-4.5227992125984251
0
LINE
8
CYAN2
6
CONTINUOUS
10
1.6805629921259844
20
-4.5227992125984251
11
1.7043740157480316
21
-4.5227992125984251
0
LINE
8
RED2
6
CONTINUOUS
10
1.3200000000000001
20
-4.25
11
1.3500000000000001
21
-4.2000000000000002
0
LINE
8
RED2
6
CONTINUOUS
10
1.3500000000000001
20
-4.2000000000000002
11
1.3800000000000001
21
-4.25
0
LINE
8
RED2
6
CONTINUOUS
10
1.3500000000000001
20
-4.2999999999999998
11
1.3500000000000001
21
-4.2000000000000002
0
LINE
8
CYAN2
6
CONTINUOUS
10
1.2833307086614174
20
-4.0728031496062993
11
1.2999960629921261
21
-4.1228031496062991
0
LINE
8
CYAN2
6
CONTINUOUS
10
1.2999960629921261
20
-4.1228031496062991
11
1.3166653543307087
21
-4.0728031496062993
0
LINE
8
CYAN2
6
CONTINUOUS
10
1.3619015748031496
20
-4.118043307086614
11
1.3595236220472442
21
-4.1204251968503938
0
LINE
8
CYAN2
6
CONTINUOUS
10
1.3595236220472442
20
-4.1204251968503938
11
1.3523779527559057
21
-4.1228031496062991
0
LINE
8
CYAN2
6
CONTINUOUS
10
1.3523779527559057
20
-4.1228031496062991
11
1.3476181102362206
21
-4.1228031496062991
0
LINE
8
CYAN2
6
CONTINUOUS
10
1.3476181102362206
20
-4.1228031496062991
11
1.340476377952756
21
-4.1204251968503938
0
LINE
8
CYAN2
6
CONTINUOUS
10
1.340476377952756
20
-4.1204251968503938
11
1.335712598425197
21
-4.1156614173228352
0
LINE
8
CYAN2
6
CONTINUOUS
10
1.335712598425197
20
-4.1156614173228352
11
1.3333307086614175
21
-4.1108976377952757
0
LINE
8
CYAN2
6
CONTINUOUS
10
1.3333307086614175
20
-4.1108976377952757
11
1.3309527559055119
21
-4.1013740157480321
0
LINE
8
CYAN2
6
CONTINUOUS
10
1.3309527559055119
20
-4.1013740157480321
11
1.3309527559055119
21
-4.0942322834645672
0
LINE
8
CYAN2
6
CONTINUOUS
10
1.3309527559055119
20
-4.0942322834645672
11
1.3333307086614175
21
-4.0847086614173227
0
LINE
8
CYAN2
6
CONTINUOUS
10
1.3333307086614175
20
-4.0847086614173227
11
1.335712598425197
21
-4.0799488188976376
0
LINE
8
CYAN2
6
CONTINUOUS
10
1.335712598425197
20
-4.0799488188976376
11
1.340476377952756
21
-4.075185039370079
0
LINE
8
CYAN2
6
CONTINUOUS
10
1.340476377952756
20
-4.075185039370079
11
1.3476181102362206
21
-4.0728031496062993
0
LINE
8
CYAN2
6
CONTINUOUS
10
1.3476181102362206
20
-4.0728031496062993
11
1.3523779527559057
21
-4.0728031496062993
0
LINE
8
CYAN2
6
CONTINUOUS
10
1.3523779527559057
20
-4.0728031496062993
11
1.3595236220472442
21
-4.075185039370079
0
LINE
8
CYAN2
6
CONTINUOUS
10
1.3595236220472442
20
-4.075185039370079
11
1.3619015748031496
21
-4.0775669291338588
0
LINE
8
CYAN2
6
CONTINUOUS
10
1.4119015748031496
20
-4.118043307086614
11
1.4095236220472442
21
-4.1204251968503938
0
LINE
8
CYAN2
6
CONTINUOUS
10
1.4095236220472442
20
-4.1204251968503938
11
1.4023779527559055
21
-4.1228031496062991
0
LINE
8
CYAN2
6
CONTINUOUS
10
1.4023779527559055
20
-4.1228031496062991
11
1.3976181102362206
21
-4.1228031496062991
0
LINE
8
CYAN2
6
CONTINUOUS
10
1.3976181102362206
20
-4.1228031496062991
11
1.390476377952756
21
-4.1204251968503938
0
LINE
8
CYAN2
6
CONTINUOUS
10
1.390476377952756
20
-4.1204251968503938
11
1.385712598425197
21
-4.1156614173228352
0
LINE
8
CYAN2
6
CONTINUOUS
10
1.385712598425197
20
-4.1156614173228352
11
1.3833307086614173
21
-4.1108976377952757
0
LINE
8
CYAN2
6
CONTINUOUS
10
1.3833307086614173
20
-4.1108976377952757
11
1.3809527559055119
21
-4.1013740157480321
0
LINE
8
CYAN2
6
CONTINUOUS
10
1.3809527559055119
20
-4.1013740157480321
11
1.3809527559055119
21
-4.0942322834645672
0
LINE
8
CYAN2
6
CONTINUOUS
10
1.3809527559055119
20
-4.0942322834645672
11
1.3833307086614173
21
-4.0847086614173227
0
LINE
8
CYAN2
6
CONTINUOUS
10
1.3833307086614173
20
-4.0847086614173227
11
1.385712598425197
21
-4.0799488188976376
0
LINE
8
CYAN2
6
CONTINUOUS
10
1.385712598425197
20
-4.0799488188976376
11
1.390476377952756
21
-4.075185039370079
0
LINE
8
CYAN2
6
CONTINUOUS
10
1.390476377952756
20
-4.075185039370079
11
1.3976181102362206
21
-4.0728031496062993
0
LINE
8
CYAN2
6
CONTINUOUS
10
1.3976181102362206
20
-4.0728031496062993
11
1.4023779527559055
21
-4.0728031496062993
0
LINE
8
CYAN2
6
CONTINUOUS
10
1.4023779527559055
20
-4.0728031496062993
11
1.4095236220472442
21
-4.075185039370079
0
LINE
8
CYAN2
6
CONTINUOUS
10
1.4095236220472442
20
-4.075185039370079
11
1.4119015748031496
21
-4.0775669291338588
0
LINE
8
RED2
6
CONTINUOUS
10
5.5300000000000002
20
-6.5200000000000005
11
5.5899999999999999
21
-6.5800000000000001
0
LINE
8
RED2
6
CONTINUOUS
10
5.5899999999999999
20
-6.5800000000000001
11
5.5899999999999999
21
-6.5499999999999998
0
LINE
8
RED2
6
CONTINUOUS
10
5.5899999999999999
20
-6.5499999999999998
11
5.5899999999999999
21
-6.5800000000000001
0
LINE
8
RED2
6
CONTINUOUS
10
5.5899999999999999
20
-6.5800000000000001
11
5.5600000000000005
21
-6.5800000000000001
0
LINE
8
RED2
6
CONTINUOUS
10
5.5300000000000002
20
-6.4700000000000006
11
5.5899999999999999
21
-6.5300000000000002
0
LINE
8
RED2
6
CONTINUOUS
10
5.5899999999999999
20
-6.5300000000000002
11
5.5899999999999999
21
-6.5
0
LINE
8
RED2
6
CONTINUOUS
10
5.5899999999999999
20
-6.5
11
5.5899999999999999
21
-6.5300000000000002
0
LINE
8
RED2
6
CONTINUOUS
10
5.5899999999999999
20
-6.5300000000000002
11
5.5600000000000005
21
-6.5300000000000002
0
LINE
8
RED2
6
CONTINUOUS
10
5.5
20
-6.4500000000000002
11
5.5
21
-6.3500000000000005
0
LINE
8
RED2
6
CONTINUOUS
10
5.5499999999999998
20
-6.4500000000000002
11
5.4500000000000002
21
-6.4500000000000002
0
LINE
8
RED2
6
CONTINUOUS
10
5.5499999999999998
20
-6.3500000000000005
11
5.4500000000000002
21
-6.3500000000000005
0
LINE
8
RED2
6
CONTINUOUS
10
5.4500000000000002
20
-6.3500000000000005
11
5.5
21
-6.4500000000000002
0
LINE
8
RED2
6
CONTINUOUS
10
5.5
20
-6.4500000000000002
11
5.5499999999999998
21
-6.3500000000000005
0
LINE
8
RED2
6
CONTINUOUS
10
5.5
20
-6.4500000000000002
11
5.5
21
-6.5499999999999998
0
LINE
8
RED2
6
CONTINUOUS
10
5.5
20
-6.3500000000000005
11
5.5
21
-6.25
0
LINE
8
CYAN2
6
CONTINUOUS
10
5.5762795275590555
20
-6.3727992125984256
11
5.5762795275590555
21
-6.3227992125984258
0
LINE
8
CYAN2
6
CONTINUOUS
10
5.5762795275590555
20
-6.3227992125984258
11
5.5881850393700789
21
-6.3227992125984258
0
LINE
8
CYAN2
6
CONTINUOUS
10
5.5881850393700789
20
-6.3227992125984258
11
5.5953267716535438
21
-6.3251811023622047
0
LINE
8
CYAN2
6
CONTINUOUS
10
5.5953267716535438
20
-6.3251811023622047
11
5.6000905511811023
21
-6.3299448818897641
0
LINE
8
CYAN2
6
CONTINUOUS
10
5.6000905511811023
20
-6.3299448818897641
11
5.6024724409448821
21
-6.3347047244094492
0
LINE
8
CYAN2
6
CONTINUOUS
10
5.6024724409448821
20
-6.3347047244094492
11
5.6048503937007874
21
-6.3442283464566929
0
LINE
8
CYAN2
6
CONTINUOUS
10
5.6048503937007874
20
-6.3442283464566929
11
5.6048503937007874
21
-6.3513700787401577
0
LINE
8
CYAN2
6
CONTINUOUS
10
5.6048503937007874
20
-6.3513700787401577
11
5.6024724409448821
21
-6.3608937007874022
0
LINE
8
CYAN2
6
CONTINUOUS
10
5.6024724409448821
20
-6.3608937007874022
11
5.6000905511811023
21
-6.3656574803149608
0
LINE
8
CYAN2
6
CONTINUOUS
10
5.6000905511811023
20
-6.3656574803149608
11
5.5953267716535438
21
-6.3704212598425203
0
LINE
8
CYAN2
6
CONTINUOUS
10
5.5953267716535438
20
-6.3704212598425203
11
5.5881850393700789
21
-6.3727992125984256
0
LINE
8
CYAN2
6
CONTINUOUS
10
5.5881850393700789
20
-6.3727992125984256
11
5.5762795275590555
21
-6.3727992125984256
0
LINE
8
CYAN2
6
CONTINUOUS
10
5.6500905511811021
20
-6.3227992125984258
11
5.6262795275590554
21
-6.3227992125984258
0
LINE
8
CYAN2
6
CONTINUOUS
10
5.6262795275590554
20
-6.3227992125984258
11
5.62390157480315
21
-6.3466102362204726
0
LINE
8
CYAN2
6
CONTINUOUS
10
5.62390157480315
20
-6.3466102362204726
11
5.6262795275590554
21
-6.3442283464566929
0
LINE
8
CYAN2
6
CONTINUOUS
10
5.6262795275590554
20
-6.3442283464566929
11
5.6310433070866148
21
-6.341846456692914
0
LINE
8
CYAN2
6
CONTINUOUS
10
5.6310433070866148
20
-6.341846456692914
11
5.6429488188976382
21
-6.341846456692914
0
LINE
8
CYAN2
6
CONTINUOUS
10
5.6429488188976382
20
-6.341846456692914
11
5.6477086614173233
21
-6.3442283464566929
0
LINE
8
CYAN2
6
CONTINUOUS
10
5.6477086614173233
20
-6.3442283464566929
11
5.6500905511811021
21
-6.3466102362204726
0
LINE
8
CYAN2
6
CONTINUOUS
10
5.6500905511811021
20
-6.3466102362204726
11
5.6524724409448819
21
-6.3513700787401577
0
LINE
8
CYAN2
6
CONTINUOUS
10
5.6524724409448819
20
-6.3513700787401577
11
5.6524724409448819
21
-6.3632755905511811
0
LINE
8
CYAN2
6
CONTINUOUS
10
5.6524724409448819
20
-6.3632755905511811
11
5.6500905511811021
21
-6.3680393700787405
0
LINE
8
CYAN2
6
CONTINUOUS
10
5.6500905511811021
20
-6.3680393700787405
11
5.6477086614173233
21
-6.3704212598425203
0
LINE
8
CYAN2
6
CONTINUOUS
10
5.6477086614173233
20
-6.3704212598425203
11
5.6429488188976382
21
-6.3727992125984256
0
LINE
8
CYAN2
6
CONTINUOUS
10
5.6429488188976382
20
-6.3727992125984256
11
5.6310433070866148
21
-6.3727992125984256
0
LINE
8
CYAN2
6
CONTINUOUS
10
5.6310433070866148
20
-6.3727992125984256
11
5.6262795275590554
21
-6.3704212598425203
0
LINE
8
CYAN2
6
CONTINUOUS
10
5.6262795275590554
20
-6.3704212598425203
11
5.62390157480315
21
-6.3680393700787405
0
LINE
8
CYAN2
6
CONTINUOUS
10
5.7000905511811029
20
-6.3727992125984256
11
5.6715196850393701
21
-6.3727992125984256
0
LINE
8
CYAN2
6
CONTINUOUS
10
5.6858031496062997
20
-6.3727992125984256
11
5.6858031496062997
21
-6.3227992125984258
0
LINE
8
CYAN2
6
CONTINUOUS
10
5.6858031496062997
20
-6.3227992125984258
11
5.6810433070866146
21
-6.3299448818897641
0
LINE
8
CYAN2
6
CONTINUOUS
10
5.6810433070866146
20
-6.3299448818897641
11
5.6762795275590552
21
-6.3347047244094492
0
LINE
8
CYAN2
6
CONTINUOUS
10
5.6762795275590552
20
-6.3347047244094492
11
5.6715196850393701
21
-6.3370866141732289
0
LINE
8
CYAN2
6
CONTINUOUS
10
5.5858031496062992
20
-6.448992125984252
11
5.5858031496062992
21
-6.4727992125984253
0
LINE
8
CYAN2
6
CONTINUOUS
10
5.5691377952755907
20
-6.4227992125984255
11
5.5858031496062992
21
-6.448992125984252
0
LINE
8
CYAN2
6
CONTINUOUS
10
5.5858031496062992
20
-6.448992125984252
11
5.6024724409448821
21
-6.4227992125984255
0
LINE
8
CYAN2
6
CONTINUOUS
10
5.6191377952755905
20
-6.4466102362204722
11
5.6358070866141734
21
-6.4466102362204722
0
LINE
8
CYAN2
6
CONTINUOUS
10
5.6429488188976382
20
-6.4727992125984253
11
5.6191377952755905
21
-6.4727992125984253
0
LINE
8
CYAN2
6
CONTINUOUS
10
5.6191377952755905
20
-6.4727992125984253
11
5.6191377952755905
21
-6.4227992125984255
0
LINE
8
CYAN2
6
CONTINUOUS
10
5.6191377952755905
20
-6.4227992125984255
11
5.6429488188976382
21
-6.4227992125984255
0
LINE
8
CYAN2
6
CONTINUOUS
10
5.6881850393700786
20
-6.4727992125984253
11
5.6643740157480318
21
-6.4727992125984253
0
LINE
8
CYAN2
6
CONTINUOUS
10
5.6643740157480318
20
-6.4727992125984253
11
5.6643740157480318
21
-6.4227992125984255
0
LINE
8
CYAN2
6
CONTINUOUS
10
5.7286614173228347
20
-6.4727992125984253
11
5.7048503937007879
21
-6.4727992125984253
0
LINE
8
CYAN2
6
CONTINUOUS
10
5.7048503937007879
20
-6.4727992125984253
11
5.7048503937007879
21
-6.4227992125984255
0
LINE
8
CYAN2
6
CONTINUOUS
10
5.7548503937007878
20
-6.4227992125984255
11
5.7643740157480314
21
-6.4227992125984255
0
LINE
8
CYAN2
6
CONTINUOUS
10
5.7643740157480314
20
-6.4227992125984255
11
5.7691377952755909
21
-6.4251811023622052
0
LINE
8
CYAN2
6
CONTINUOUS
10
5.7691377952755909
20
-6.4251811023622052
11
5.773897637795276
21
-6.4299448818897638
0
LINE
8
CYAN2
6
CONTINUOUS
10
5.773897637795276
20
-6.4299448818897638
11
5.7762795275590557
21
-6.4394685039370083
0
LINE
8
CYAN2
6
CONTINUOUS
10
5.7762795275590557
20
-6.4394685039370083
11
5.7762795275590557
21
-6.4561338582677168
0
LINE
8
CYAN2
6
CONTINUOUS
10
5.7762795275590557
20
-6.4561338582677168
11
5.773897637795276
21
-6.4656574803149605
0
LINE
8
CYAN2
6
CONTINUOUS
10
5.773897637795276
20
-6.4656574803149605
11
5.7691377952755909
21
-6.4704212598425199
0
LINE
8
CYAN2
6
CONTINUOUS
10
5.7691377952755909
20
-6.4704212598425199
11
5.7643740157480314
21
-6.4727992125984253
0
LINE
8
CYAN2
6
CONTINUOUS
10
5.7643740157480314
20
-6.4727992125984253
11
5.7548503937007878
21
-6.4727992125984253
0
LINE
8
CYAN2
6
CONTINUOUS
10
5.7548503937007878
20
-6.4727992125984253
11
5.7500905511811027
21
-6.4704212598425199
0
LINE
8
CYAN2
6
CONTINUOUS
10
5.7500905511811027
20
-6.4704212598425199
11
5.7453267716535432
21
-6.4656574803149605
0
LINE
8
CYAN2
6
CONTINUOUS
10
5.7453267716535432
20
-6.4656574803149605
11
5.7429488188976379
21
-6.4561338582677168
0
LINE
8
CYAN2
6
CONTINUOUS
10
5.7429488188976379
20
-6.4561338582677168
11
5.7429488188976379
21
-6.4394685039370083
0
LINE
8
CYAN2
6
CONTINUOUS
10
5.7429488188976379
20
-6.4394685039370083
11
5.7453267716535432
21
-6.4299448818897638
0
LINE
8
CYAN2
6
CONTINUOUS
10
5.7453267716535432
20
-6.4299448818897638
11
5.7500905511811027
21
-6.4251811023622052
0
LINE
8
CYAN2
6
CONTINUOUS
10
5.7500905511811027
20
-6.4251811023622052
11
5.7548503937007878
21
-6.4227992125984255
0
LINE
8
CYAN2
6
CONTINUOUS
10
5.7929488188976377
20
-6.4227992125984255
11
5.804854330708662
21
-6.4727992125984253
0
LINE
8
CYAN2
6
CONTINUOUS
10
5.804854330708662
20
-6.4727992125984253
11
5.8143779527559056
21
-6.4370866141732286
0
LINE
8
CYAN2
6
CONTINUOUS
10
5.8143779527559056
20
-6.4370866141732286
11
5.8239015748031502
21
-6.4727992125984253
0
LINE
8
CYAN2
6
CONTINUOUS
10
5.8239015748031502
20
-6.4727992125984253
11
5.8358070866141736
21
-6.4227992125984255
0
LINE
8
RED2
6
CONTINUOUS
10
5.8799999999999999
20
-6.5200000000000005
11
5.9400000000000004
21
-6.5800000000000001
0
LINE
8
RED2
6
CONTINUOUS
10
5.9400000000000004
20
-6.5800000000000001
11
5.9400000000000004
21
-6.5499999999999998
0
LINE
8
RED2
6
CONTINUOUS
10
5.9400000000000004
20
-6.5499999999999998
11
5.9400000000000004
21
-6.5800000000000001
0
LINE
8
RED2
6
CONTINUOUS
10
5.9400000000000004
20
-6.5800000000000001
11
5.9100000000000001
21
-6.5800000000000001
0
LINE
8
RED2
6
CONTINUOUS
10
5.8799999999999999
20
-6.4700000000000006
11
5.9400000000000004
21
-6.5300000000000002
0
LINE
8
RED2
6
CONTINUOUS
10
5.9400000000000004
20
-6.5300000000000002
11
5.9400000000000004
21
-6.5
0
LINE
8
RED2
6
CONTINUOUS
10
5.9400000000000004
20
-6.5
11
5.9400000000000004
21
-6.5300000000000002
0
LINE
8
RED2
6
CONTINUOUS
10
5.9400000000000004
20
-6.5300000000000002
11
5.9100000000000001
21
-6.5300000000000002
0
LINE
8
RED2
6
CONTINUOUS
10
5.8500000000000005
20
-6.4500000000000002
11
5.8500000000000005
21
-6.3500000000000005
0
LINE
8
RED2
6
CONTINUOUS
10
5.9000000000000004
20
-6.4500000000000002
11
5.7999999999999998
21
-6.4500000000000002
0
LINE
8
RED2
6
CONTINUOUS
10
5.9000000000000004
20
-6.3500000000000005
11
5.7999999999999998
21
-6.3500000000000005
0
LINE
8
RED2
6
CONTINUOUS
10
5.7999999999999998
20
-6.3500000000000005
11
5.8500000000000005
21
-6.4500000000000002
0
LINE
8
RED2
6
CONTINUOUS
10
5.8500000000000005
20
-6.4500000000000002
11
5.9000000000000004
21
-6.3500000000000005
0
LINE
8
RED2
6
CONTINUOUS
10
5.8500000000000005
20
-6.4500000000000002
11
5.8500000000000005
21
-6.5499999999999998
0
LINE
8
RED2
6
CONTINUOUS
10
5.8500000000000005
20
-6.3500000000000005
11
5.8500000000000005
21
-6.25
0
LINE
8
CYAN2
6
CONTINUOUS
10
5.9562795275590554
20
-6.3727992125984256
11
5.9562795275590554
21
-6.3227992125984258
0
LINE
8
CYAN2
6
CONTINUOUS
10
5.9562795275590554
20
-6.3227992125984258
11
5.9681850393700788
21
-6.3227992125984258
0
LINE
8
CYAN2
6
CONTINUOUS
10
5.9681850393700788
20
-6.3227992125984258
11
5.9753267716535436
21
-6.3251811023622047
0
LINE
8
CYAN2
6
CONTINUOUS
10
5.9753267716535436
20
-6.3251811023622047
11
5.9800905511811022
21
-6.3299448818897641
0
LINE
8
CYAN2
6
CONTINUOUS
10
5.9800905511811022
20
-6.3299448818897641
11
5.982472440944882
21
-6.3347047244094492
0
LINE
8
CYAN2
6
CONTINUOUS
10
5.982472440944882
20
-6.3347047244094492
11
5.9848503937007873
21
-6.3442283464566929
0
LINE
8
CYAN2
6
CONTINUOUS
10
5.9848503937007873
20
-6.3442283464566929
11
5.9848503937007873
21
-6.3513700787401577
0
LINE
8
CYAN2
6
CONTINUOUS
10
5.9848503937007873
20
-6.3513700787401577
11
5.982472440944882
21
-6.3608937007874022
0
LINE
8
CYAN2
6
CONTINUOUS
10
5.982472440944882
20
-6.3608937007874022
11
5.9800905511811022
21
-6.3656574803149608
0
LINE
8
CYAN2
6
CONTINUOUS
10
5.9800905511811022
20
-6.3656574803149608
11
5.9753267716535436
21
-6.3704212598425203
0
LINE
8
CYAN2
6
CONTINUOUS
10
5.9753267716535436
20
-6.3704212598425203
11
5.9681850393700788
21
-6.3727992125984256
0
LINE
8
CYAN2
6
CONTINUOUS
10
5.9681850393700788
20
-6.3727992125984256
11
5.9562795275590554
21
-6.3727992125984256
0
LINE
8
CYAN2
6
CONTINUOUS
10
6.0300905511811029
20
-6.3227992125984258
11
6.0062795275590553
21
-6.3227992125984258
0
LINE
8
CYAN2
6
CONTINUOUS
10
6.0062795275590553
20
-6.3227992125984258
11
6.0039015748031499
21
-6.3466102362204726
0
LINE
8
CYAN2
6
CONTINUOUS
10
6.0039015748031499
20
-6.3466102362204726
11
6.0062795275590553
21
-6.3442283464566929
0
LINE
8
CYAN2
6
CONTINUOUS
10
6.0062795275590553
20
-6.3442283464566929
11
6.0110433070866147
21
-6.341846456692914
0
LINE
8
CYAN2
6
CONTINUOUS
10
6.0110433070866147
20
-6.341846456692914
11
6.0229488188976381
21
-6.341846456692914
0
LINE
8
CYAN2
6
CONTINUOUS
10
6.0229488188976381
20
-6.341846456692914
11
6.0277086614173232
21
-6.3442283464566929
0
LINE
8
CYAN2
6
CONTINUOUS
10
6.0277086614173232
20
-6.3442283464566929
11
6.0300905511811029
21
-6.3466102362204726
0
LINE
8
CYAN2
6
CONTINUOUS
10
6.0300905511811029
20
-6.3466102362204726
11
6.0324724409448818
21
-6.3513700787401577
0
LINE
8
CYAN2
6
CONTINUOUS
10
6.0324724409448818
20
-6.3513700787401577
11
6.0324724409448818
21
-6.3632755905511811
0
LINE
8
CYAN2
6
CONTINUOUS
10
6.0324724409448818
20
-6.3632755905511811
11
6.0300905511811029
21
-6.3680393700787405
0
LINE
8
CYAN2
6
CONTINUOUS
10
6.0300905511811029
20
-6.3680393700787405
11
6.0277086614173232
21
-6.3704212598425203
0
LINE
8
CYAN2
6
CONTINUOUS
10
6.0277086614173232
20
-6.3704212598425203
11
6.0229488188976381
21
-6.3727992125984256
0
LINE
8
CYAN2
6
CONTINUOUS
10
6.0229488188976381
20
-6.3727992125984256
11
6.0110433070866147
21
-6.3727992125984256
0
LINE
8
CYAN2
6
CONTINUOUS
10
6.0110433070866147
20
-6.3727992125984256
11
6.0062795275590553
21
-6.3704212598425203
0
LINE
8
CYAN2
6
CONTINUOUS
10
6.0062795275590553
20
-6.3704212598425203
11
6.0039015748031499
21
-6.3680393700787405
0
LINE
8
CYAN2
6
CONTINUOUS
10
6.05151968503937
20
-6.3275629921259844
11
6.0538976377952762
21
-6.3251811023622047
0
LINE
8
CYAN2
6
CONTINUOUS
10
6.0538976377952762
20
-6.3251811023622047
11
6.0586614173228348
21
-6.3227992125984258
0
LINE
8
CYAN2
6
CONTINUOUS
10
6.0586614173228348
20
-6.3227992125984258
11
6.0705669291338582
21
-6.3227992125984258
0
LINE
8
CYAN2
6
CONTINUOUS
10
6.0705669291338582
20
-6.3227992125984258
11
6.0753267716535433
21
-6.3251811023622047
0
LINE
8
CYAN2
6
CONTINUOUS
10
6.0753267716535433
20
-6.3251811023622047
11
6.077708661417323
21
-6.3275629921259844
0
LINE
8
CYAN2
6
CONTINUOUS
10
6.077708661417323
20
-6.3275629921259844
11
6.0800905511811028
21
-6.3323228346456695
0
LINE
8
CYAN2
6
CONTINUOUS
10
6.0800905511811028
20
-6.3323228346456695
11
6.0800905511811028
21
-6.3370866141732289
0
LINE
8
CYAN2
6
CONTINUOUS
10
6.0800905511811028
20
-6.3370866141732289
11
6.077708661417323
21
-6.3442283464566929
0
LINE
8
CYAN2
6
CONTINUOUS
10
6.077708661417323
20
-6.3442283464566929
11
6.0491377952755911
21
-6.3727992125984256
0
LINE
8
CYAN2
6
CONTINUOUS
10
6.0491377952755911
20
-6.3727992125984256
11
6.0800905511811028
21
-6.3727992125984256
0
LINE
8
CYAN2
6
CONTINUOUS
10
5.9158031496062993
20
-6.4589921259842527
11
5.9158031496062993
21
-6.4827992125984251
0
LINE
8
CYAN2
6
CONTINUOUS
10
5.8991377952755908
20
-6.4327992125984252
11
5.9158031496062993
21
-6.4589921259842527
0
LINE
8
CYAN2
6
CONTINUOUS
10
5.9158031496062993
20
-6.4589921259842527
11
5.9324724409448821
21
-6.4327992125984252
0
LINE
8
CYAN2
6
CONTINUOUS
10
5.9491377952755906
20
-6.4566102362204729
11
5.9658070866141735
21
-6.4566102362204729
0
LINE
8
CYAN2
6
CONTINUOUS
10
5.9729488188976383
20
-6.4827992125984251
11
5.9491377952755906
21
-6.4827992125984251
0
LINE
8
CYAN2
6
CONTINUOUS
10
5.9491377952755906
20
-6.4827992125984251
11
5.9491377952755906
21
-6.4327992125984252
0
LINE
8
CYAN2
6
CONTINUOUS
10
5.9491377952755906
20
-6.4327992125984252
11
5.9729488188976383
21
-6.4327992125984252
0
LINE
8
CYAN2
6
CONTINUOUS
10
6.0181850393700786
20
-6.4827992125984251
11
5.9943740157480319
21
-6.4827992125984251
0
LINE
8
CYAN2
6
CONTINUOUS
10
5.9943740157480319
20
-6.4827992125984251
11
5.9943740157480319
21
-6.4327992125984252
0
LINE
8
CYAN2
6
CONTINUOUS
10
6.0586614173228348
20
-6.4827992125984251
11
6.034850393700788
21
-6.4827992125984251
0
LINE
8
CYAN2
6
CONTINUOUS
10
6.034850393700788
20
-6.4827992125984251
11
6.034850393700788
21
-6.4327992125984252
0
LINE
8
CYAN2
6
CONTINUOUS
10
6.0848503937007878
20
-6.4327992125984252
11
6.0943740157480315
21
-6.4327992125984252
0
LINE
8
CYAN2
6
CONTINUOUS
10
6.0943740157480315
20
-6.4327992125984252
11
6.099137795275591
21
-6.435181102362205
0
LINE
8
CYAN2
6
CONTINUOUS
10
6.099137795275591
20
-6.435181102362205
11
6.1038976377952761
21
-6.4399448818897644
0
LINE
8
CYAN2
6
CONTINUOUS
10
6.1038976377952761
20
-6.4399448818897644
11
6.1062795275590558
21
-6.4494685039370081
0
LINE
8
CYAN2
6
CONTINUOUS
10
6.1062795275590558
20
-6.4494685039370081
11
6.1062795275590558
21
-6.4661338582677166
0
LINE
8
CYAN2
6
CONTINUOUS
10
6.1062795275590558
20
-6.4661338582677166
11
6.1038976377952761
21
-6.4756574803149611
0
LINE
8
CYAN2
6
CONTINUOUS
10
6.1038976377952761
20
-6.4756574803149611
11
6.099137795275591
21
-6.4804212598425197
0
LINE
8
CYAN2
6
CONTINUOUS
10
6.099137795275591
20
-6.4804212598425197
11
6.0943740157480315
21
-6.4827992125984251
0
LINE
8
CYAN2
6
CONTINUOUS
10
6.0943740157480315
20
-6.4827992125984251
11
6.0848503937007878
21
-6.4827992125984251
0
LINE
8
CYAN2
6
CONTINUOUS
10
6.0848503937007878
20
-6.4827992125984251
11
6.0800905511811028
21
-6.4804212598425197
0
LINE
8
CYAN2
6
CONTINUOUS
10
6.0800905511811028
20
-6.4804212598425197
11
6.0753267716535433
21
-6.4756574803149611
0
LINE
8
CYAN2
6
CONTINUOUS
10
6.0753267716535433
20
-6.4756574803149611
11
6.0729488188976379
21
-6.4661338582677166
0
LINE
8
CYAN2
6
CONTINUOUS
10
6.0729488188976379
20
-6.4661338582677166
11
6.0729488188976379
21
-6.4494685039370081
0
LINE
8
CYAN2
6
CONTINUOUS
10
6.0729488188976379
20
-6.4494685039370081
11
6.0753267716535433
21
-6.4399448818897644
0
LINE
8
CYAN2
6
CONTINUOUS
10
6.0753267716535433
20
-6.4399448818897644
11
6.0800905511811028
21
-6.435181102362205
0
LINE
8
CYAN2
6
CONTINUOUS
10
6.0800905511811028
20
-6.435181102362205
11
6.0848503937007878
21
-6.4327992125984252
0
LINE
8
CYAN2
6
CONTINUOUS
10
6.1229488188976378
20
-6.4327992125984252
11
6.134854330708662
21
-6.4827992125984251
0
LINE
8
CYAN2
6
CONTINUOUS
10
6.134854330708662
20
-6.4827992125984251
11
6.1443779527559057
21
-6.4470866141732284
0
LINE
8
CYAN2
6
CONTINUOUS
10
6.1443779527559057
20
-6.4470866141732284
11
6.1539015748031503
21
-6.4827992125984251
0
LINE
8
CYAN2
6
CONTINUOUS
10
6.1539015748031503
20
-6.4827992125984251
11
6.1658070866141736
21
-6.4327992125984252
0
LINE
8
LYELLOW
6
CONTINUOUS
10
3.9000000000000004
20
-3.6500000000000004
11
3.9000000000000004
21
-2.6499999999999999
0
LINE
8
LYELLOW
6
CONTINUOUS
10
3.9000000000000004
20
-2.6499999999999999
11
2.1000000000000001
21
-2.6499999999999999
0
LINE
8
LYELLOW
6
CONTINUOUS
10
2.1000000000000001
20
-2.6499999999999999
11
2.1000000000000001
21
-3.6500000000000004
0
LINE
8
LYELLOW
6
CONTINUOUS
10
2.1000000000000001
20
-3.6500000000000004
11
3.9000000000000004
21
-3.6500000000000004
0
LINE
8
RED2
6
CONTINUOUS
10
3.9000000000000004
20
-3.6500000000000004
11
3.9000000000000004
21
-2.6499999999999999
0
LINE
8
RED2
6
CONTINUOUS
10
3.9000000000000004
20
-2.6499999999999999
11
2.1000000000000001
21
-2.6499999999999999
0
LINE
8
RED2
6
CONTINUOUS
10
2.1000000000000001
20
-2.6499999999999999
11
2.1000000000000001
21
-3.6500000000000004
0
LINE
8
RED2
6
CONTINUOUS
10
2.1000000000000001
20
-3.6500000000000004
11
3.9000000000000004
21
-3.6500000000000004
0
LINE
8
RED2
6
CONTINUOUS
10
2.3000000000000003
20
-3.6500000000000004
11
2.3000000000000003
21
-3.8500000000000001
0
LINE
8
CYAN2
6
CONTINUOUS
10
2.2785039370078741
20
-3.6061889763779531
11
2.3185039370078742
21
-3.5928543307086613
0
LINE
8
CYAN2
6
CONTINUOUS
10
2.3185039370078742
20
-3.5928543307086613
11
2.2785039370078741
21
-3.5795236220472444
0
LINE
8
CYAN2
6
CONTINUOUS
10
2.3146968503937009
20
-3.5433307086614176
11
2.3166023622047245
21
-3.5452362204724412
0
LINE
8
CYAN2
6
CONTINUOUS
10
2.3166023622047245
20
-3.5452362204724412
11
2.3185039370078742
21
-3.5509488188976381
0
LINE
8
CYAN2
6
CONTINUOUS
10
2.3185039370078742
20
-3.5509488188976381
11
2.3185039370078742
21
-3.5547598425196854
0
LINE
8
CYAN2
6
CONTINUOUS
10
2.3185039370078742
20
-3.5547598425196854
11
2.3166023622047245
21
-3.5604724409448822
0
LINE
8
CYAN2
6
CONTINUOUS
10
2.3166023622047245
20
-3.5604724409448822
11
2.3127913385826773
21
-3.5642834645669295
0
LINE
8
CYAN2
6
CONTINUOUS
10
2.3127913385826773
20
-3.5642834645669295
11
2.3089803149606301
21
-3.5661850393700787
0
LINE
8
CYAN2
6
CONTINUOUS
10
2.3089803149606301
20
-3.5661850393700787
11
2.3013622047244096
21
-3.5680905511811023
0
LINE
8
CYAN2
6
CONTINUOUS
10
2.3013622047244096
20
-3.5680905511811023
11
2.2956496062992127
21
-3.5680905511811023
0
LINE
8
CYAN2
6
CONTINUOUS
10
2.2956496062992127
20
-3.5680905511811023
11
2.2880275590551182
21
-3.5661850393700787
0
LINE
8
CYAN2
6
CONTINUOUS
10
2.2880275590551182
20
-3.5661850393700787
11
2.2842204724409449
21
-3.5642834645669295
0
LINE
8
CYAN2
6
CONTINUOUS
10
2.2842204724409449
20
-3.5642834645669295
11
2.2804094488188977
21
-3.5604724409448822
0
LINE
8
CYAN2
6
CONTINUOUS
10
2.2804094488188977
20
-3.5604724409448822
11
2.2785039370078741
21
-3.5547598425196854
0
LINE
8
CYAN2
6
CONTINUOUS
10
2.2785039370078741
20
-3.5547598425196854
11
2.2785039370078741
21
-3.5509488188976381
0
LINE
8
CYAN2
6
CONTINUOUS
10
2.2785039370078741
20
-3.5509488188976381
11
2.2804094488188977
21
-3.5452362204724412
0
LINE
8
CYAN2
6
CONTINUOUS
10
2.2804094488188977
20
-3.5452362204724412
11
2.2823149606299213
21
-3.5433307086614176
0
LINE
8
CYAN2
6
CONTINUOUS
10
2.3146968503937009
20
-3.5033307086614176
11
2.3166023622047245
21
-3.5052362204724412
0
LINE
8
CYAN2
6
CONTINUOUS
10
2.3166023622047245
20
-3.5052362204724412
11
2.3185039370078742
21
-3.5109488188976381
0
LINE
8
CYAN2
6
CONTINUOUS
10
2.3185039370078742
20
-3.5109488188976381
11
2.3185039370078742
21
-3.5147598425196853
0
LINE
8
CYAN2
6
CONTINUOUS
10
2.3185039370078742
20
-3.5147598425196853
11
2.3166023622047245
21
-3.5204724409448822
0
LINE
8
CYAN2
6
CONTINUOUS
10
2.3166023622047245
20
-3.5204724409448822
11
2.3127913385826773
21
-3.5242834645669294
0
LINE
8
CYAN2
6
CONTINUOUS
10
2.3127913385826773
20
-3.5242834645669294
11
2.3089803149606301
21
-3.5261850393700787
0
LINE
8
CYAN2
6
CONTINUOUS
10
2.3089803149606301
20
-3.5261850393700787
11
2.3013622047244096
21
-3.5280905511811027
0
LINE
8
CYAN2
6
CONTINUOUS
10
2.3013622047244096
20
-3.5280905511811027
11
2.2956496062992127
21
-3.5280905511811027
0
LINE
8
CYAN2
6
CONTINUOUS
10
2.2956496062992127
20
-3.5280905511811027
11
2.2880275590551182
21
-3.5261850393700787
0
LINE
8
CYAN2
6
CONTINUOUS
10
2.2880275590551182
20
-3.5261850393700787
11
2.2842204724409449
21
-3.5242834645669294
0
LINE
8
CYAN2
6
CONTINUOUS
10
2.2842204724409449
20
-3.5242834645669294
11
2.2804094488188977
21
-3.5204724409448822
0
LINE
8
CYAN2
6
CONTINUOUS
10
2.2804094488188977
20
-3.5204724409448822
11
2.2785039370078741
21
-3.5147598425196853
0
LINE
8
CYAN2
6
CONTINUOUS
10
2.2785039370078741
20
-3.5147598425196853
11
2.2785039370078741
21
-3.5109488188976381
0
LINE
8
CYAN2
6
CONTINUOUS
10
2.2785039370078741
20
-3.5109488188976381
11
2.2804094488188977
21
-3.5052362204724412
0
LINE
8
CYAN2
6
CONTINUOUS
10
2.2804094488188977
20
-3.5052362204724412
11
2.2823149606299213
21
-3.5033307086614176
0
LINE
8
RED3
6
CONTINUOUS
10
2.2549133858267716
20
-3.780472440944882
11
2.253007874015748
21
-3.7785669291338584
0
LINE
8
RED3
6
CONTINUOUS
10
2.253007874015748
20
-3.7785669291338584
11
2.2511023622047244
21
-3.7747598425196851
0
LINE
8
RED3
6
CONTINUOUS
10
2.2511023622047244
20
-3.7747598425196851
11
2.2511023622047244
21
-3.765236220472441
0
LINE
8
RED3
6
CONTINUOUS
10
2.2511023622047244
20
-3.765236220472441
11
2.253007874015748
21
-3.7614251968503938
0
LINE
8
RED3
6
CONTINUOUS
10
2.253007874015748
20
-3.7614251968503938
11
2.2549133858267716
21
-3.7595196850393702
0
LINE
8
RED3
6
CONTINUOUS
10
2.2549133858267716
20
-3.7595196850393702
11
2.2587244094488188
21
-3.7576181102362205
0
LINE
8
RED3
6
CONTINUOUS
10
2.2587244094488188
20
-3.7576181102362205
11
2.2625314960629921
21
-3.7576181102362205
0
LINE
8
RED3
6
CONTINUOUS
10
2.2625314960629921
20
-3.7576181102362205
11
2.2682480314960629
21
-3.7595196850393702
0
LINE
8
RED3
6
CONTINUOUS
10
2.2682480314960629
20
-3.7595196850393702
11
2.2911023622047244
21
-3.7823779527559056
0
LINE
8
RED3
6
CONTINUOUS
10
2.2911023622047244
20
-3.7823779527559056
11
2.2911023622047244
21
-3.7576181102362205
0
LINE
8
RED3
6
CONTINUOUS
10
2.2511023622047244
20
-3.7328543307086615
11
2.2511023622047244
21
-3.7290472440944882
0
LINE
8
RED3
6
CONTINUOUS
10
2.2511023622047244
20
-3.7290472440944882
11
2.253007874015748
21
-3.725236220472441
0
LINE
8
RED3
6
CONTINUOUS
10
2.253007874015748
20
-3.725236220472441
11
2.2549133858267716
21
-3.7233307086614174
0
LINE
8
RED3
6
CONTINUOUS
10
2.2549133858267716
20
-3.7233307086614174
11
2.2587244094488188
21
-3.7214251968503937
0
LINE
8
RED3
6
CONTINUOUS
10
2.2587244094488188
20
-3.7214251968503937
11
2.2663425196850393
21
-3.7195236220472441
0
LINE
8
RED3
6
CONTINUOUS
10
2.2663425196850393
20
-3.7195236220472441
11
2.2758661417322834
21
-3.7195236220472441
0
LINE
8
RED3
6
CONTINUOUS
10
2.2758661417322834
20
-3.7195236220472441
11
2.2834842519685039
21
-3.7214251968503937
0
LINE
8
RED3
6
CONTINUOUS
10
2.2834842519685039
20
-3.7214251968503937
11
2.2872952755905511
21
-3.7233307086614174
0
LINE
8
RED3
6
CONTINUOUS
10
2.2872952755905511
20
-3.7233307086614174
11
2.2892007874015747
21
-3.725236220472441
0
LINE
8
RED3
6
CONTINUOUS
10
2.2892007874015747
20
-3.725236220472441
11
2.2911023622047244
21
-3.7290472440944882
0
LINE
8
RED3
6
CONTINUOUS
10
2.2911023622047244
20
-3.7290472440944882
11
2.2911023622047244
21
-3.7328543307086615
0
LINE
8
RED3
6
CONTINUOUS
10
2.2911023622047244
20
-3.7328543307086615
11
2.2892007874015747
21
-3.7366653543307087
0
LINE
8
RED3
6
CONTINUOUS
10
2.2892007874015747
20
-3.7366653543307087
11
2.2872952755905511
21
-3.7385708661417323
0
LINE
8
RED3
6
CONTINUOUS
10
2.2872952755905511
20
-3.7385708661417323
11
2.2834842519685039
21
-3.740472440944882
0
LINE
8
RED3
6
CONTINUOUS
10
2.2834842519685039
20
-3.740472440944882
11
2.2758661417322834
21
-3.7423779527559056
0
LINE
8
RED3
6
CONTINUOUS
10
2.2758661417322834
20
-3.7423779527559056
11
2.2663425196850393
21
-3.7423779527559056
0
LINE
8
RED3
6
CONTINUOUS
10
2.2663425196850393
20
-3.7423779527559056
11
2.2587244094488188
21
-3.740472440944882
0
LINE
8
RED3
6
CONTINUOUS
10
2.2587244094488188
20
-3.740472440944882
11
2.2549133858267716
21
-3.7385708661417323
0
LINE
8
RED3
6
CONTINUOUS
10
2.2549133858267716
20
-3.7385708661417323
11
2.253007874015748
21
-3.7366653543307087
0
LINE
8
RED3
6
CONTINUOUS
10
2.253007874015748
20
-3.7366653543307087
11
2.2511023622047244
21
-3.7328543307086615
0
LINE
8
RED2
6
CONTINUOUS
10
2.5
20
-3.6500000000000004
11
2.5
21
-3.8500000000000001
0
LINE
8
CYAN2
6
CONTINUOUS
10
2.5185039370078739
20
-3.6004724409448818
11
2.4785039370078743
21
-3.6004724409448818
0
LINE
8
CYAN2
6
CONTINUOUS
10
2.4785039370078743
20
-3.6004724409448818
11
2.4785039370078743
21
-3.5909488188976377
0
LINE
8
CYAN2
6
CONTINUOUS
10
2.4785039370078743
20
-3.5909488188976377
11
2.4804094488188979
21
-3.5852362204724413
0
LINE
8
CYAN2
6
CONTINUOUS
10
2.4804094488188979
20
-3.5852362204724413
11
2.4842204724409451
21
-3.5814251968503936
0
LINE
8
CYAN2
6
CONTINUOUS
10
2.4842204724409451
20
-3.5814251968503936
11
2.4880275590551184
21
-3.5795236220472444
0
LINE
8
CYAN2
6
CONTINUOUS
10
2.4880275590551184
20
-3.5795236220472444
11
2.4956496062992128
21
-3.5776181102362208
0
LINE
8
CYAN2
6
CONTINUOUS
10
2.4956496062992128
20
-3.5776181102362208
11
2.5013622047244097
21
-3.5776181102362208
0
LINE
8
CYAN2
6
CONTINUOUS
10
2.5013622047244097
20
-3.5776181102362208
11
2.5089803149606302
21
-3.5795236220472444
0
LINE
8
CYAN2
6
CONTINUOUS
10
2.5089803149606302
20
-3.5795236220472444
11
2.5127913385826774
21
-3.5814251968503936
0
LINE
8
CYAN2
6
CONTINUOUS
10
2.5127913385826774
20
-3.5814251968503936
11
2.5166023622047247
21
-3.5852362204724413
0
LINE
8
CYAN2
6
CONTINUOUS
10
2.5166023622047247
20
-3.5852362204724413
11
2.5185039370078739
21
-3.5909488188976377
0
LINE
8
CYAN2
6
CONTINUOUS
10
2.5185039370078739
20
-3.5909488188976377
11
2.5185039370078739
21
-3.6004724409448818
0
LINE
8
CYAN2
6
CONTINUOUS
10
2.5185039370078739
20
-3.5604724409448822
11
2.4785039370078743
21
-3.5604724409448822
0
LINE
8
CYAN2
6
CONTINUOUS
10
2.5185039370078739
20
-3.5185708661417325
11
2.4994566929133861
21
-3.5319015748031499
0
LINE
8
CYAN2
6
CONTINUOUS
10
2.5185039370078739
20
-3.541425196850394
11
2.4785039370078743
21
-3.541425196850394
0
LINE
8
CYAN2
6
CONTINUOUS
10
2.4785039370078743
20
-3.541425196850394
11
2.4785039370078743
21
-3.526188976377953
0
LINE
8
CYAN2
6
CONTINUOUS
10
2.4785039370078743
20
-3.526188976377953
11
2.4804094488188979
21
-3.5223779527559058
0
LINE
8
CYAN2
6
CONTINUOUS
10
2.4804094488188979
20
-3.5223779527559058
11
2.4823149606299215
21
-3.5204763779527561
0
LINE
8
CYAN2
6
CONTINUOUS
10
2.4823149606299215
20
-3.5204763779527561
11
2.4861259842519687
21
-3.5185708661417325
0
LINE
8
CYAN2
6
CONTINUOUS
10
2.4861259842519687
20
-3.5185708661417325
11
2.4918385826771656
21
-3.5185708661417325
0
LINE
8
CYAN2
6
CONTINUOUS
10
2.4918385826771656
20
-3.5185708661417325
11
2.4956496062992128
21
-3.5204763779527561
0
LINE
8
CYAN2
6
CONTINUOUS
10
2.4956496062992128
20
-3.5204763779527561
11
2.4975511811023625
21
-3.5223779527559058
0
LINE
8
CYAN2
6
CONTINUOUS
10
2.4975511811023625
20
-3.5223779527559058
11
2.4994566929133861
21
-3.526188976377953
0
LINE
8
CYAN2
6
CONTINUOUS
10
2.4994566929133861
20
-3.526188976377953
11
2.4994566929133861
21
-3.541425196850394
0
LINE
8
RED3
6
CONTINUOUS
10
2.4911023622047246
20
-3.7385708661417323
11
2.4911023622047246
21
-3.7614251968503938
0
LINE
8
RED3
6
CONTINUOUS
10
2.4911023622047246
20
-3.7499960629921261
11
2.4511023622047245
21
-3.7499960629921261
0
LINE
8
RED3
6
CONTINUOUS
10
2.4511023622047245
20
-3.7499960629921261
11
2.4568188976377954
21
-3.7538070866141733
0
LINE
8
RED3
6
CONTINUOUS
10
2.4568188976377954
20
-3.7538070866141733
11
2.4606259842519687
21
-3.7576181102362205
0
LINE
8
RED3
6
CONTINUOUS
10
2.4606259842519687
20
-3.7576181102362205
11
2.4625314960629923
21
-3.7614251968503938
0
LINE
8
RED2
6
CONTINUOUS
10
2.6000000000000001
20
-3.6500000000000004
11
2.6000000000000001
21
-3.8500000000000001
0
LINE
8
CYAN2
6
CONTINUOUS
10
2.603267716535433
20
-3.6061889763779531
11
2.6013622047244094
21
-3.6042834645669291
0
LINE
8
CYAN2
6
CONTINUOUS
10
2.6013622047244094
20
-3.6042834645669291
11
2.5994566929133858
21
-3.6004724409448818
0
LINE
8
CYAN2
6
CONTINUOUS
10
2.5994566929133858
20
-3.6004724409448818
11
2.603267716535433
21
-3.5928543307086613
0
LINE
8
CYAN2
6
CONTINUOUS
10
2.603267716535433
20
-3.5928543307086613
11
2.6013622047244094
21
-3.5890472440944885
0
LINE
8
CYAN2
6
CONTINUOUS
10
2.6013622047244094
20
-3.5890472440944885
11
2.5994566929133858
21
-3.5871417322834649
0
LINE
8
CYAN2
6
CONTINUOUS
10
2.5785039370078739
20
-3.5642834645669295
11
2.5785039370078739
21
-3.556665354330709
0
LINE
8
CYAN2
6
CONTINUOUS
10
2.5785039370078739
20
-3.556665354330709
11
2.5804094488188976
21
-3.5528543307086617
0
LINE
8
CYAN2
6
CONTINUOUS
10
2.5804094488188976
20
-3.5528543307086617
11
2.5842204724409448
21
-3.5490472440944885
0
LINE
8
CYAN2
6
CONTINUOUS
10
2.5842204724409448
20
-3.5490472440944885
11
2.5918385826771653
21
-3.5471417322834649
0
LINE
8
CYAN2
6
CONTINUOUS
10
2.5918385826771653
20
-3.5471417322834649
11
2.6051732283464566
21
-3.5471417322834649
0
LINE
8
CYAN2
6
CONTINUOUS
10
2.6051732283464566
20
-3.5471417322834649
11
2.6127913385826771
21
-3.5490472440944885
0
LINE
8
CYAN2
6
CONTINUOUS
10
2.6127913385826771
20
-3.5490472440944885
11
2.6166023622047243
21
-3.5528543307086617
0
LINE
8
CYAN2
6
CONTINUOUS
10
2.6166023622047243
20
-3.5528543307086617
11
2.618503937007874
21
-3.556665354330709
0
LINE
8
CYAN2
6
CONTINUOUS
10
2.618503937007874
20
-3.556665354330709
11
2.618503937007874
21
-3.5642834645669295
0
LINE
8
CYAN2
6
CONTINUOUS
10
2.618503937007874
20
-3.5642834645669295
11
2.6166023622047243
21
-3.5680944881889767
0
LINE
8
CYAN2
6
CONTINUOUS
10
2.6166023622047243
20
-3.5680944881889767
11
2.6127913385826771
21
-3.57190157480315
0
LINE
8
CYAN2
6
CONTINUOUS
10
2.6127913385826771
20
-3.57190157480315
11
2.6051732283464566
21
-3.5738070866141736
0
LINE
8
CYAN2
6
CONTINUOUS
10
2.6051732283464566
20
-3.5738070866141736
11
2.5918385826771653
21
-3.5738070866141736
0
LINE
8
CYAN2
6
CONTINUOUS
10
2.5918385826771653
20
-3.5738070866141736
11
2.5842204724409448
21
-3.57190157480315
0
LINE
8
CYAN2
6
CONTINUOUS
10
2.5842204724409448
20
-3.57190157480315
11
2.5804094488188976
21
-3.5680944881889767
0
LINE
8
CYAN2
6
CONTINUOUS
10
2.5804094488188976
20
-3.5680944881889767
11
2.5785039370078739
21
-3.5642834645669295
0
LINE
8
CYAN2
6
CONTINUOUS
10
2.5975511811023622
20
-3.5299960629921263
11
2.5975511811023622
21
-3.5166653543307089
0
LINE
8
CYAN2
6
CONTINUOUS
10
2.618503937007874
20
-3.5109488188976381
11
2.618503937007874
21
-3.5299960629921263
0
LINE
8
CYAN2
6
CONTINUOUS
10
2.618503937007874
20
-3.5299960629921263
11
2.5785039370078739
21
-3.5299960629921263
0
LINE
8
CYAN2
6
CONTINUOUS
10
2.5785039370078739
20
-3.5299960629921263
11
2.5785039370078739
21
-3.5109488188976381
0
LINE
8
RED3
6
CONTINUOUS
10
2.5911023622047247
20
-3.7576181102362205
11
2.5911023622047247
21
-3.780472440944882
0
LINE
8
RED3
6
CONTINUOUS
10
2.5911023622047247
20
-3.7690433070866143
11
2.5511023622047246
21
-3.7690433070866143
0
LINE
8
RED3
6
CONTINUOUS
10
2.5511023622047246
20
-3.7690433070866143
11
2.5568188976377955
21
-3.7728543307086615
0
LINE
8
RED3
6
CONTINUOUS
10
2.5568188976377955
20
-3.7728543307086615
11
2.5606259842519687
21
-3.7766653543307087
0
LINE
8
RED3
6
CONTINUOUS
10
2.5606259842519687
20
-3.7766653543307087
11
2.5625314960629924
21
-3.780472440944882
0
LINE
8
RED3
6
CONTINUOUS
10
2.5911023622047247
20
-3.7385708661417323
11
2.5911023622047247
21
-3.7309488188976379
0
LINE
8
RED3
6
CONTINUOUS
10
2.5911023622047247
20
-3.7309488188976379
11
2.589200787401575
21
-3.7271417322834646
0
LINE
8
RED3
6
CONTINUOUS
10
2.589200787401575
20
-3.7271417322834646
11
2.5872952755905514
21
-3.725236220472441
0
LINE
8
RED3
6
CONTINUOUS
10
2.5872952755905514
20
-3.725236220472441
11
2.5815787401574806
21
-3.7214251968503937
0
LINE
8
RED3
6
CONTINUOUS
10
2.5815787401574806
20
-3.7214251968503937
11
2.5739606299212601
21
-3.7195236220472441
0
LINE
8
RED3
6
CONTINUOUS
10
2.5739606299212601
20
-3.7195236220472441
11
2.5587244094488191
21
-3.7195236220472441
0
LINE
8
RED3
6
CONTINUOUS
10
2.5587244094488191
20
-3.7195236220472441
11
2.5549133858267719
21
-3.7214251968503937
0
LINE
8
RED3
6
CONTINUOUS
10
2.5549133858267719
20
-3.7214251968503937
11
2.5530078740157482
21
-3.7233307086614174
0
LINE
8
RED3
6
CONTINUOUS
10
2.5530078740157482
20
-3.7233307086614174
11
2.5511023622047246
21
-3.7271417322834646
0
LINE
8
RED3
6
CONTINUOUS
10
2.5511023622047246
20
-3.7271417322834646
11
2.5511023622047246
21
-3.7347598425196851
0
LINE
8
RED3
6
CONTINUOUS
10
2.5511023622047246
20
-3.7347598425196851
11
2.5530078740157482
21
-3.7385708661417323
0
LINE
8
RED3
6
CONTINUOUS
10
2.5530078740157482
20
-3.7385708661417323
11
2.5549133858267719
21
-3.740472440944882
0
LINE
8
RED3
6
CONTINUOUS
10
2.5549133858267719
20
-3.740472440944882
11
2.5587244094488191
21
-3.7423779527559056
0
LINE
8
RED3
6
CONTINUOUS
10
2.5587244094488191
20
-3.7423779527559056
11
2.5682480314960632
21
-3.7423779527559056
0
LINE
8
RED3
6
CONTINUOUS
10
2.5682480314960632
20
-3.7423779527559056
11
2.5720551181102365
21
-3.740472440944882
0
LINE
8
RED3
6
CONTINUOUS
10
2.5720551181102365
20
-3.740472440944882
11
2.5739606299212601
21
-3.7385708661417323
0
LINE
8
RED3
6
CONTINUOUS
10
2.5739606299212601
20
-3.7385708661417323
11
2.5758661417322837
21
-3.7347598425196851
0
LINE
8
RED3
6
CONTINUOUS
10
2.5758661417322837
20
-3.7347598425196851
11
2.5758661417322837
21
-3.7271417322834646
0
LINE
8
RED3
6
CONTINUOUS
10
2.5758661417322837
20
-3.7271417322834646
11
2.5739606299212601
21
-3.7233307086614174
0
LINE
8
RED3
6
CONTINUOUS
10
2.5739606299212601
20
-3.7233307086614174
11
2.5720551181102365
21
-3.7214251968503937
0
LINE
8
RED3
6
CONTINUOUS
10
2.5720551181102365
20
-3.7214251968503937
11
2.5682480314960632
21
-3.7195236220472441
0
LINE
8
RED2
6
CONTINUOUS
10
2.8000000000000003
20
-3.6500000000000004
11
2.8000000000000003
21
-3.8500000000000001
0
LINE
8
CYAN2
6
CONTINUOUS
10
2.8070748031496064
20
-3.6023779527559054
11
2.8070748031496064
21
-3.5833307086614177
0
LINE
8
CYAN2
6
CONTINUOUS
10
2.8185039370078742
20
-3.6061889763779531
11
2.7785039370078741
21
-3.5928543307086613
0
LINE
8
CYAN2
6
CONTINUOUS
10
2.7785039370078741
20
-3.5928543307086613
11
2.8185039370078742
21
-3.5795236220472444
0
LINE
8
CYAN2
6
CONTINUOUS
10
2.7785039370078741
20
-3.5585669291338582
11
2.7785039370078741
21
-3.5547598425196854
0
LINE
8
CYAN2
6
CONTINUOUS
10
2.7785039370078741
20
-3.5547598425196854
11
2.7804094488188977
21
-3.5509488188976381
0
LINE
8
CYAN2
6
CONTINUOUS
10
2.7804094488188977
20
-3.5509488188976381
11
2.7823149606299213
21
-3.5490433070866141
0
LINE
8
CYAN2
6
CONTINUOUS
10
2.7823149606299213
20
-3.5490433070866141
11
2.7861259842519686
21
-3.5471377952755905
0
LINE
8
CYAN2
6
CONTINUOUS
10
2.7861259842519686
20
-3.5471377952755905
11
2.7937440944881891
21
-3.5452362204724412
0
LINE
8
CYAN2
6
CONTINUOUS
10
2.7937440944881891
20
-3.5452362204724412
11
2.8032677165354332
21
-3.5452362204724412
0
LINE
8
CYAN2
6
CONTINUOUS
10
2.8032677165354332
20
-3.5452362204724412
11
2.8108858267716537
21
-3.5471377952755905
0
LINE
8
CYAN2
6
CONTINUOUS
10
2.8108858267716537
20
-3.5471377952755905
11
2.8146968503937009
21
-3.5490433070866141
0
LINE
8
CYAN2
6
CONTINUOUS
10
2.8146968503937009
20
-3.5490433070866141
11
2.8166023622047245
21
-3.5509488188976381
0
LINE
8
CYAN2
6
CONTINUOUS
10
2.8166023622047245
20
-3.5509488188976381
11
2.8185039370078742
21
-3.5547598425196854
0
LINE
8
CYAN2
6
CONTINUOUS
10
2.8185039370078742
20
-3.5547598425196854
11
2.8185039370078742
21
-3.5585669291338582
0
LINE
8
CYAN2
6
CONTINUOUS
10
2.8185039370078742
20
-3.5585669291338582
11
2.8166023622047245
21
-3.5623779527559059
0
LINE
8
CYAN2
6
CONTINUOUS
10
2.8166023622047245
20
-3.5623779527559059
11
2.8146968503937009
21
-3.5642834645669295
0
LINE
8
CYAN2
6
CONTINUOUS
10
2.8146968503937009
20
-3.5642834645669295
11
2.8108858267716537
21
-3.5661850393700787
0
LINE
8
CYAN2
6
CONTINUOUS
10
2.8108858267716537
20
-3.5661850393700787
11
2.8032677165354332
21
-3.5680905511811023
0
LINE
8
CYAN2
6
CONTINUOUS
10
2.8032677165354332
20
-3.5680905511811023
11
2.7937440944881891
21
-3.5680905511811023
0
LINE
8
CYAN2
6
CONTINUOUS
10
2.7937440944881891
20
-3.5680905511811023
11
2.7861259842519686
21
-3.5661850393700787
0
LINE
8
CYAN2
6
CONTINUOUS
10
2.7861259842519686
20
-3.5661850393700787
11
2.7823149606299213
21
-3.5642834645669295
0
LINE
8
CYAN2
6
CONTINUOUS
10
2.7823149606299213
20
-3.5642834645669295
11
2.7804094488188977
21
-3.5623779527559059
0
LINE
8
CYAN2
6
CONTINUOUS
10
2.7804094488188977
20
-3.5623779527559059
11
2.7785039370078741
21
-3.5585669291338582
0
LINE
8
RED3
6
CONTINUOUS
10
2.7549133858267716
20
-3.7614251968503938
11
2.753007874015748
21
-3.7595196850393702
0
LINE
8
RED3
6
CONTINUOUS
10
2.753007874015748
20
-3.7595196850393702
11
2.7511023622047244
21
-3.7557125984251969
0
LINE
8
RED3
6
CONTINUOUS
10
2.7511023622047244
20
-3.7557125984251969
11
2.7511023622047244
21
-3.7461889763779528
0
LINE
8
RED3
6
CONTINUOUS
10
2.7511023622047244
20
-3.7461889763779528
11
2.753007874015748
21
-3.7423779527559056
0
LINE
8
RED3
6
CONTINUOUS
10
2.753007874015748
20
-3.7423779527559056
11
2.7549133858267716
21
-3.740472440944882
0
LINE
8
RED3
6
CONTINUOUS
10
2.7549133858267716
20
-3.740472440944882
11
2.7587244094488188
21
-3.7385708661417323
0
LINE
8
RED3
6
CONTINUOUS
10
2.7587244094488188
20
-3.7385708661417323
11
2.7625314960629921
21
-3.7385708661417323
0
LINE
8
RED3
6
CONTINUOUS
10
2.7625314960629921
20
-3.7385708661417323
11
2.7682480314960629
21
-3.740472440944882
0
LINE
8
RED3
6
CONTINUOUS
10
2.7682480314960629
20
-3.740472440944882
11
2.7911023622047244
21
-3.7633307086614174
0
LINE
8
RED3
6
CONTINUOUS
10
2.7911023622047244
20
-3.7633307086614174
11
2.7911023622047244
21
-3.7385708661417323
0
LINE
8
RED2
6
CONTINUOUS
10
2.8999999999999999
20
-3.6500000000000004
11
2.8999999999999999
21
-3.8500000000000001
0
LINE
8
CYAN2
6
CONTINUOUS
10
2.9070748031496065
20
-3.6023779527559054
11
2.9070748031496065
21
-3.5833307086614177
0
LINE
8
CYAN2
6
CONTINUOUS
10
2.9185039370078742
20
-3.6061889763779531
11
2.8785039370078742
21
-3.5928543307086613
0
LINE
8
CYAN2
6
CONTINUOUS
10
2.8785039370078742
20
-3.5928543307086613
11
2.9185039370078742
21
-3.5795236220472444
0
LINE
8
CYAN2
6
CONTINUOUS
10
2.9185039370078742
20
-3.5452362204724412
11
2.9185039370078742
21
-3.5680905511811023
0
LINE
8
CYAN2
6
CONTINUOUS
10
2.9185039370078742
20
-3.5566614173228346
11
2.8785039370078742
21
-3.5566614173228346
0
LINE
8
CYAN2
6
CONTINUOUS
10
2.8785039370078742
20
-3.5566614173228346
11
2.884220472440945
21
-3.5604724409448822
0
LINE
8
CYAN2
6
CONTINUOUS
10
2.884220472440945
20
-3.5604724409448822
11
2.8880275590551183
21
-3.5642834645669295
0
LINE
8
CYAN2
6
CONTINUOUS
10
2.8880275590551183
20
-3.5642834645669295
11
2.8899330708661419
21
-3.5680905511811023
0
LINE
8
RED3
6
CONTINUOUS
10
2.8511023622047245
20
-3.7633307086614174
11
2.8511023622047245
21
-3.7385708661417323
0
LINE
8
RED3
6
CONTINUOUS
10
2.8511023622047245
20
-3.7385708661417323
11
2.8663425196850394
21
-3.7519015748031497
0
LINE
8
RED3
6
CONTINUOUS
10
2.8663425196850394
20
-3.7519015748031497
11
2.8663425196850394
21
-3.7461889763779528
0
LINE
8
RED3
6
CONTINUOUS
10
2.8663425196850394
20
-3.7461889763779528
11
2.868248031496063
21
-3.7423779527559056
0
LINE
8
RED3
6
CONTINUOUS
10
2.868248031496063
20
-3.7423779527559056
11
2.8701496062992127
21
-3.740472440944882
0
LINE
8
RED3
6
CONTINUOUS
10
2.8701496062992127
20
-3.740472440944882
11
2.8739606299212599
21
-3.7385708661417323
0
LINE
8
RED3
6
CONTINUOUS
10
2.8739606299212599
20
-3.7385708661417323
11
2.883484251968504
21
-3.7385708661417323
0
LINE
8
RED3
6
CONTINUOUS
10
2.883484251968504
20
-3.7385708661417323
11
2.8872952755905512
21
-3.740472440944882
0
LINE
8
RED3
6
CONTINUOUS
10
2.8872952755905512
20
-3.740472440944882
11
2.8892007874015748
21
-3.7423779527559056
0
LINE
8
RED3
6
CONTINUOUS
10
2.8892007874015748
20
-3.7423779527559056
11
2.8911023622047245
21
-3.7461889763779528
0
LINE
8
RED3
6
CONTINUOUS
10
2.8911023622047245
20
-3.7461889763779528
11
2.8911023622047245
21
-3.7576181102362205
0
LINE
8
RED3
6
CONTINUOUS
10
2.8911023622047245
20
-3.7576181102362205
11
2.8892007874015748
21
-3.7614251968503938
0
LINE
8
RED3
6
CONTINUOUS
10
2.8892007874015748
20
-3.7614251968503938
11
2.8872952755905512
21
-3.7633307086614174
0
LINE
8
RED2
6
CONTINUOUS
10
3.
20
-3.6500000000000004
11
3.
21
-3.8500000000000001
0
LINE
8
CYAN2
6
CONTINUOUS
10
3.0070748031496066
20
-3.6023779527559054
11
3.0070748031496066
21
-3.5833307086614177
0
LINE
8
CYAN2
6
CONTINUOUS
10
3.0185039370078743
20
-3.6061889763779531
11
2.9785039370078743
21
-3.5928543307086613
0
LINE
8
CYAN2
6
CONTINUOUS
10
2.9785039370078743
20
-3.5928543307086613
11
3.0185039370078743
21
-3.5795236220472444
0
LINE
8
CYAN2
6
CONTINUOUS
10
2.9823149606299215
20
-3.5680905511811023
11
2.9804094488188979
21
-3.5661850393700787
0
LINE
8
CYAN2
6
CONTINUOUS
10
2.9804094488188979
20
-3.5661850393700787
11
2.9785039370078743
21
-3.5623779527559059
0
LINE
8
CYAN2
6
CONTINUOUS
10
2.9785039370078743
20
-3.5623779527559059
11
2.9785039370078743
21
-3.5528543307086617
0
LINE
8
CYAN2
6
CONTINUOUS
10
2.9785039370078743
20
-3.5528543307086617
11
2.9804094488188979
21
-3.5490433070866141
0
LINE
8
CYAN2
6
CONTINUOUS
10
2.9804094488188979
20
-3.5490433070866141
11
2.9823149606299215
21
-3.5471377952755905
0
LINE
8
CYAN2
6
CONTINUOUS
10
2.9823149606299215
20
-3.5471377952755905
11
2.9861259842519687
21
-3.5452362204724412
0
LINE
8
CYAN2
6
CONTINUOUS
10
2.9861259842519687
20
-3.5452362204724412
11
2.989933070866142
21
-3.5452362204724412
0
LINE
8
CYAN2
6
CONTINUOUS
10
2.989933070866142
20
-3.5452362204724412
11
2.9956496062992128
21
-3.5471377952755905
0
LINE
8
CYAN2
6
CONTINUOUS
10
2.9956496062992128
20
-3.5471377952755905
11
3.0185039370078743
21
-3.5699960629921259
0
LINE
8
CYAN2
6
CONTINUOUS
10
3.0185039370078743
20
-3.5699960629921259
11
3.0185039370078743
21
-3.5452362204724412
0
LINE
8
RED3
6
CONTINUOUS
10
2.9644370078740159
20
-3.7423779527559056
11
2.9911023622047246
21
-3.7423779527559056
0
LINE
8
RED3
6
CONTINUOUS
10
2.9492007874015749
20
-3.7519015748031497
11
2.9777716535433072
21
-3.7614251968503938
0
LINE
8
RED3
6
CONTINUOUS
10
2.9777716535433072
20
-3.7614251968503938
11
2.9777716535433072
21
-3.7366653543307087
0
LINE
8
RED2
6
CONTINUOUS
10
3.1000000000000001
20
-3.6500000000000004
11
3.1000000000000001
21
-3.8500000000000001
0
LINE
8
CYAN2
6
CONTINUOUS
10
3.1070748031496063
20
-3.6023779527559054
11
3.1070748031496063
21
-3.5833307086614177
0
LINE
8
CYAN2
6
CONTINUOUS
10
3.118503937007874
20
-3.6061889763779531
11
3.0785039370078739
21
-3.5928543307086613
0
LINE
8
CYAN2
6
CONTINUOUS
10
3.0785039370078739
20
-3.5928543307086613
11
3.118503937007874
21
-3.5795236220472444
0
LINE
8
CYAN2
6
CONTINUOUS
10
3.0785039370078739
20
-3.5699960629921259
11
3.0785039370078739
21
-3.5452362204724412
0
LINE
8
CYAN2
6
CONTINUOUS
10
3.0785039370078739
20
-3.5452362204724412
11
3.0937440944881889
21
-3.5585669291338582
0
LINE
8
CYAN2
6
CONTINUOUS
10
3.0937440944881889
20
-3.5585669291338582
11
3.0937440944881889
21
-3.5528543307086617
0
LINE
8
CYAN2
6
CONTINUOUS
10
3.0937440944881889
20
-3.5528543307086617
11
3.0956496062992129
21
-3.5490433070866141
0
LINE
8
CYAN2
6
CONTINUOUS
10
3.0956496062992129
20
-3.5490433070866141
11
3.0975511811023622
21
-3.5471377952755905
0
LINE
8
CYAN2
6
CONTINUOUS
10
3.0975511811023622
20
-3.5471377952755905
11
3.1013622047244094
21
-3.5452362204724412
0
LINE
8
CYAN2
6
CONTINUOUS
10
3.1013622047244094
20
-3.5452362204724412
11
3.1108858267716535
21
-3.5452362204724412
0
LINE
8
CYAN2
6
CONTINUOUS
10
3.1108858267716535
20
-3.5452362204724412
11
3.1146968503937007
21
-3.5471377952755905
0
LINE
8
CYAN2
6
CONTINUOUS
10
3.1146968503937007
20
-3.5471377952755905
11
3.1166023622047243
21
-3.5490433070866141
0
LINE
8
CYAN2
6
CONTINUOUS
10
3.1166023622047243
20
-3.5490433070866141
11
3.118503937007874
21
-3.5528543307086617
0
LINE
8
CYAN2
6
CONTINUOUS
10
3.118503937007874
20
-3.5528543307086617
11
3.118503937007874
21
-3.5642834645669295
0
LINE
8
CYAN2
6
CONTINUOUS
10
3.118503937007874
20
-3.5642834645669295
11
3.1166023622047243
21
-3.5680905511811023
0
LINE
8
CYAN2
6
CONTINUOUS
10
3.1166023622047243
20
-3.5680905511811023
11
3.1146968503937007
21
-3.5699960629921259
0
LINE
8
RED3
6
CONTINUOUS
10
3.0511023622047246
20
-3.740472440944882
11
3.0511023622047246
21
-3.7595196850393702
0
LINE
8
RED3
6
CONTINUOUS
10
3.0511023622047246
20
-3.7595196850393702
11
3.0701496062992129
21
-3.7614251968503938
0
LINE
8
RED3
6
CONTINUOUS
10
3.0701496062992129
20
-3.7614251968503938
11
3.0682480314960632
21
-3.7595196850393702
0
LINE
8
RED3
6
CONTINUOUS
10
3.0682480314960632
20
-3.7595196850393702
11
3.0663425196850396
21
-3.7557125984251969
0
LINE
8
RED3
6
CONTINUOUS
10
3.0663425196850396
20
-3.7557125984251969
11
3.0663425196850396
21
-3.7461889763779528
0
LINE
8
RED3
6
CONTINUOUS
10
3.0663425196850396
20
-3.7461889763779528
11
3.0682480314960632
21
-3.7423779527559056
0
LINE
8
RED3
6
CONTINUOUS
10
3.0682480314960632
20
-3.7423779527559056
11
3.0701496062992129
21
-3.740472440944882
0
LINE
8
RED3
6
CONTINUOUS
10
3.0701496062992129
20
-3.740472440944882
11
3.0739606299212601
21
-3.7385708661417323
0
LINE
8
RED3
6
CONTINUOUS
10
3.0739606299212601
20
-3.7385708661417323
11
3.0834842519685042
21
-3.7385708661417323
0
LINE
8
RED3
6
CONTINUOUS
10
3.0834842519685042
20
-3.7385708661417323
11
3.0872952755905514
21
-3.740472440944882
0
LINE
8
RED3
6
CONTINUOUS
10
3.0872952755905514
20
-3.740472440944882
11
3.089200787401575
21
-3.7423779527559056
0
LINE
8
RED3
6
CONTINUOUS
10
3.089200787401575
20
-3.7423779527559056
11
3.0911023622047247
21
-3.7461889763779528
0
LINE
8
RED3
6
CONTINUOUS
10
3.0911023622047247
20
-3.7461889763779528
11
3.0911023622047247
21
-3.7557125984251969
0
LINE
8
RED3
6
CONTINUOUS
10
3.0911023622047247
20
-3.7557125984251969
11
3.089200787401575
21
-3.7595196850393702
0
LINE
8
RED3
6
CONTINUOUS
10
3.089200787401575
20
-3.7595196850393702
11
3.0872952755905514
21
-3.7614251968503938
0
LINE
8
RED2
6
CONTINUOUS
10
3.2000000000000002
20
-3.6500000000000004
11
3.2000000000000002
21
-3.8500000000000001
0
LINE
8
CYAN2
6
CONTINUOUS
10
3.2070748031496064
20
-3.6023779527559054
11
3.2070748031496064
21
-3.5833307086614177
0
LINE
8
CYAN2
6
CONTINUOUS
10
3.2185039370078741
20
-3.6061889763779531
11
3.178503937007874
21
-3.5928543307086613
0
LINE
8
CYAN2
6
CONTINUOUS
10
3.178503937007874
20
-3.5928543307086613
11
3.2185039370078741
21
-3.5795236220472444
0
LINE
8
CYAN2
6
CONTINUOUS
10
3.1918385826771654
20
-3.5490433070866141
11
3.2185039370078741
21
-3.5490433070866141
0
LINE
8
CYAN2
6
CONTINUOUS
10
3.1766023622047244
20
-3.5585669291338582
11
3.2051732283464567
21
-3.5680905511811023
0
LINE
8
CYAN2
6
CONTINUOUS
10
3.2051732283464567
20
-3.5680905511811023
11
3.2051732283464567
21
-3.5433307086614176
0
LINE
8
RED3
6
CONTINUOUS
10
3.1511023622047247
20
-3.7423779527559056
11
3.1511023622047247
21
-3.7499960629921261
0
LINE
8
RED3
6
CONTINUOUS
10
3.1511023622047247
20
-3.7499960629921261
11
3.1530078740157483
21
-3.7538070866141733
0
LINE
8
RED3
6
CONTINUOUS
10
3.1530078740157483
20
-3.7538070866141733
11
3.1549133858267719
21
-3.7557125984251969
0
LINE
8
RED3
6
CONTINUOUS
10
3.1549133858267719
20
-3.7557125984251969
11
3.1606259842519688
21
-3.7595196850393702
0
LINE
8
RED3
6
CONTINUOUS
10
3.1606259842519688
20
-3.7595196850393702
11
3.1682480314960633
21
-3.7614251968503938
0
LINE
8
RED3
6
CONTINUOUS
10
3.1682480314960633
20
-3.7614251968503938
11
3.1834842519685043
21
-3.7614251968503938
0
LINE
8
RED3
6
CONTINUOUS
10
3.1834842519685043
20
-3.7614251968503938
11
3.1872952755905515
21
-3.7595196850393702
0
LINE
8
RED3
6
CONTINUOUS
10
3.1872952755905515
20
-3.7595196850393702
11
3.1892007874015751
21
-3.7576181102362205
0
LINE
8
RED3
6
CONTINUOUS
10
3.1892007874015751
20
-3.7576181102362205
11
3.1911023622047243
21
-3.7538070866141733
0
LINE
8
RED3
6
CONTINUOUS
10
3.1911023622047243
20
-3.7538070866141733
11
3.1911023622047243
21
-3.7461889763779528
0
LINE
8
RED3
6
CONTINUOUS
10
3.1911023622047243
20
-3.7461889763779528
11
3.1892007874015751
21
-3.7423779527559056
0
LINE
8
RED3
6
CONTINUOUS
10
3.1892007874015751
20
-3.7423779527559056
11
3.1872952755905515
21
-3.740472440944882
0
LINE
8
RED3
6
CONTINUOUS
10
3.1872952755905515
20
-3.740472440944882
11
3.1834842519685043
21
-3.7385708661417323
0
LINE
8
RED3
6
CONTINUOUS
10
3.1834842519685043
20
-3.7385708661417323
11
3.1739606299212602
21
-3.7385708661417323
0
LINE
8
RED3
6
CONTINUOUS
10
3.1739606299212602
20
-3.7385708661417323
11
3.1701496062992125
21
-3.740472440944882
0
LINE
8
RED3
6
CONTINUOUS
10
3.1701496062992125
20
-3.740472440944882
11
3.1682480314960633
21
-3.7423779527559056
0
LINE
8
RED3
6
CONTINUOUS
10
3.1682480314960633
20
-3.7423779527559056
11
3.1663425196850397
21
-3.7461889763779528
0
LINE
8
RED3
6
CONTINUOUS
10
3.1663425196850397
20
-3.7461889763779528
11
3.1663425196850397
21
-3.7538070866141733
0
LINE
8
RED3
6
CONTINUOUS
10
3.1663425196850397
20
-3.7538070866141733
11
3.1682480314960633
21
-3.7576181102362205
0
LINE
8
RED3
6
CONTINUOUS
10
3.1682480314960633
20
-3.7576181102362205
11
3.1701496062992125
21
-3.7595196850393702
0
LINE
8
RED3
6
CONTINUOUS
10
3.1701496062992125
20
-3.7595196850393702
11
3.1739606299212602
21
-3.7614251968503938
0
LINE
8
RED2
6
CONTINUOUS
10
3.3000000000000003
20
-3.6500000000000004
11
3.3000000000000003
21
-3.8500000000000001
0
LINE
8
CYAN2
6
CONTINUOUS
10
3.3070748031496064
20
-3.6023779527559054
11
3.3070748031496064
21
-3.5833307086614177
0
LINE
8
CYAN2
6
CONTINUOUS
10
3.3185039370078742
20
-3.6061889763779531
11
3.2785039370078741
21
-3.5928543307086613
0
LINE
8
CYAN2
6
CONTINUOUS
10
3.2785039370078741
20
-3.5928543307086613
11
3.3185039370078742
21
-3.5795236220472444
0
LINE
8
CYAN2
6
CONTINUOUS
10
3.2785039370078741
20
-3.5471377952755905
11
3.2785039370078741
21
-3.5661850393700787
0
LINE
8
CYAN2
6
CONTINUOUS
10
3.2785039370078741
20
-3.5661850393700787
11
3.2975511811023623
21
-3.5680905511811023
0
LINE
8
CYAN2
6
CONTINUOUS
10
3.2975511811023623
20
-3.5680905511811023
11
3.2956496062992127
21
-3.5661850393700787
0
LINE
8
CYAN2
6
CONTINUOUS
10
3.2956496062992127
20
-3.5661850393700787
11
3.2937440944881891
21
-3.5623779527559059
0
LINE
8
CYAN2
6
CONTINUOUS
10
3.2937440944881891
20
-3.5623779527559059
11
3.2937440944881891
21
-3.5528543307086617
0
LINE
8
CYAN2
6
CONTINUOUS
10
3.2937440944881891
20
-3.5528543307086617
11
3.2956496062992127
21
-3.5490433070866141
0
LINE
8
CYAN2
6
CONTINUOUS
10
3.2956496062992127
20
-3.5490433070866141
11
3.2975511811023623
21
-3.5471377952755905
0
LINE
8
CYAN2
6
CONTINUOUS
10
3.2975511811023623
20
-3.5471377952755905
11
3.3013622047244096
21
-3.5452362204724412
0
LINE
8
CYAN2
6
CONTINUOUS
10
3.3013622047244096
20
-3.5452362204724412
11
3.3108858267716537
21
-3.5452362204724412
0
LINE
8
CYAN2
6
CONTINUOUS
10
3.3108858267716537
20
-3.5452362204724412
11
3.3146968503937009
21
-3.5471377952755905
0
LINE
8
CYAN2
6
CONTINUOUS
10
3.3146968503937009
20
-3.5471377952755905
11
3.3166023622047245
21
-3.5490433070866141
0
LINE
8
CYAN2
6
CONTINUOUS
10
3.3166023622047245
20
-3.5490433070866141
11
3.3185039370078742
21
-3.5528543307086617
0
LINE
8
CYAN2
6
CONTINUOUS
10
3.3185039370078742
20
-3.5528543307086617
11
3.3185039370078742
21
-3.5623779527559059
0
LINE
8
CYAN2
6
CONTINUOUS
10
3.3185039370078742
20
-3.5623779527559059
11
3.3166023622047245
21
-3.5661850393700787
0
LINE
8
CYAN2
6
CONTINUOUS
10
3.3166023622047245
20
-3.5661850393700787
11
3.3146968503937009
21
-3.5680905511811023
0
LINE
8
RED3
6
CONTINUOUS
10
3.2511023622047244
20
-3.7633307086614174
11
3.2511023622047244
21
-3.7366653543307087
0
LINE
8
RED3
6
CONTINUOUS
10
3.2511023622047244
20
-3.7366653543307087
11
3.2911023622047244
21
-3.7538070866141733
0
LINE
8
RED2
6
CONTINUOUS
10
3.3999999999999999
20
-3.6500000000000004
11
3.3999999999999999
21
-3.8500000000000001
0
LINE
8
CYAN2
6
CONTINUOUS
10
3.4070748031496065
20
-3.6023779527559054
11
3.4070748031496065
21
-3.5833307086614177
0
LINE
8
CYAN2
6
CONTINUOUS
10
3.4185039370078742
20
-3.6061889763779531
11
3.3785039370078742
21
-3.5928543307086613
0
LINE
8
CYAN2
6
CONTINUOUS
10
3.3785039370078742
20
-3.5928543307086613
11
3.4185039370078742
21
-3.5795236220472444
0
LINE
8
CYAN2
6
CONTINUOUS
10
3.3785039370078742
20
-3.5490433070866141
11
3.3785039370078742
21
-3.5566614173228346
0
LINE
8
CYAN2
6
CONTINUOUS
10
3.3785039370078742
20
-3.5566614173228346
11
3.3804094488188978
21
-3.5604724409448822
0
LINE
8
CYAN2
6
CONTINUOUS
10
3.3804094488188978
20
-3.5604724409448822
11
3.3823149606299214
21
-3.5623779527559059
0
LINE
8
CYAN2
6
CONTINUOUS
10
3.3823149606299214
20
-3.5623779527559059
11
3.3880275590551183
21
-3.5661850393700787
0
LINE
8
CYAN2
6
CONTINUOUS
10
3.3880275590551183
20
-3.5661850393700787
11
3.3956496062992128
21
-3.5680905511811023
0
LINE
8
CYAN2
6
CONTINUOUS
10
3.3956496062992128
20
-3.5680905511811023
11
3.4108858267716538
21
-3.5680905511811023
0
LINE
8
CYAN2
6
CONTINUOUS
10
3.4108858267716538
20
-3.5680905511811023
11
3.414696850393701
21
-3.5661850393700787
0
LINE
8
CYAN2
6
CONTINUOUS
10
3.414696850393701
20
-3.5661850393700787
11
3.4166023622047246
21
-3.5642834645669295
0
LINE
8
CYAN2
6
CONTINUOUS
10
3.4166023622047246
20
-3.5642834645669295
11
3.4185039370078742
21
-3.5604724409448822
0
LINE
8
CYAN2
6
CONTINUOUS
10
3.4185039370078742
20
-3.5604724409448822
11
3.4185039370078742
21
-3.5528543307086617
0
LINE
8
CYAN2
6
CONTINUOUS
10
3.4185039370078742
20
-3.5528543307086617
11
3.4166023622047246
21
-3.5490433070866141
0
LINE
8
CYAN2
6
CONTINUOUS
10
3.4166023622047246
20
-3.5490433070866141
11
3.414696850393701
21
-3.5471377952755905
0
LINE
8
CYAN2
6
CONTINUOUS
10
3.414696850393701
20
-3.5471377952755905
11
3.4108858267716538
21
-3.5452362204724412
0
LINE
8
CYAN2
6
CONTINUOUS
10
3.4108858267716538
20
-3.5452362204724412
11
3.4013622047244096
21
-3.5452362204724412
0
LINE
8
CYAN2
6
CONTINUOUS
10
3.4013622047244096
20
-3.5452362204724412
11
3.3975511811023624
21
-3.5471377952755905
0
LINE
8
CYAN2
6
CONTINUOUS
10
3.3975511811023624
20
-3.5471377952755905
11
3.3956496062992128
21
-3.5490433070866141
0
LINE
8
CYAN2
6
CONTINUOUS
10
3.3956496062992128
20
-3.5490433070866141
11
3.3937440944881891
21
-3.5528543307086617
0
LINE
8
CYAN2
6
CONTINUOUS
10
3.3937440944881891
20
-3.5528543307086617
11
3.3937440944881891
21
-3.5604724409448822
0
LINE
8
CYAN2
6
CONTINUOUS
10
3.3937440944881891
20
-3.5604724409448822
11
3.3956496062992128
21
-3.5642834645669295
0
LINE
8
CYAN2
6
CONTINUOUS
10
3.3956496062992128
20
-3.5642834645669295
11
3.3975511811023624
21
-3.5661850393700787
0
LINE
8
CYAN2
6
CONTINUOUS
10
3.3975511811023624
20
-3.5661850393700787
11
3.4013622047244096
21
-3.5680905511811023
0
LINE
8
RED3
6
CONTINUOUS
10
3.368248031496063
20
-3.7538070866141733
11
3.3663425196850394
21
-3.7576181102362205
0
LINE
8
RED3
6
CONTINUOUS
10
3.3663425196850394
20
-3.7576181102362205
11
3.3644370078740158
21
-3.7595196850393702
0
LINE
8
RED3
6
CONTINUOUS
10
3.3644370078740158
20
-3.7595196850393702
11
3.3606259842519686
21
-3.7614251968503938
0
LINE
8
RED3
6
CONTINUOUS
10
3.3606259842519686
20
-3.7614251968503938
11
3.3587244094488189
21
-3.7614251968503938
0
LINE
8
RED3
6
CONTINUOUS
10
3.3587244094488189
20
-3.7614251968503938
11
3.3549133858267717
21
-3.7595196850393702
0
LINE
8
RED3
6
CONTINUOUS
10
3.3549133858267717
20
-3.7595196850393702
11
3.3530078740157481
21
-3.7576181102362205
0
LINE
8
RED3
6
CONTINUOUS
10
3.3530078740157481
20
-3.7576181102362205
11
3.3511023622047245
21
-3.7538070866141733
0
LINE
8
RED3
6
CONTINUOUS
10
3.3511023622047245
20
-3.7538070866141733
11
3.3511023622047245
21
-3.7461889763779528
0
LINE
8
RED3
6
CONTINUOUS
10
3.3511023622047245
20
-3.7461889763779528
11
3.3530078740157481
21
-3.7423779527559056
0
LINE
8
RED3
6
CONTINUOUS
10
3.3530078740157481
20
-3.7423779527559056
11
3.3549133858267717
21
-3.740472440944882
0
LINE
8
RED3
6
CONTINUOUS
10
3.3549133858267717
20
-3.740472440944882
11
3.3587244094488189
21
-3.7385708661417323
0
LINE
8
RED3
6
CONTINUOUS
10
3.3587244094488189
20
-3.7385708661417323
11
3.3606259842519686
21
-3.7385708661417323
0
LINE
8
RED3
6
CONTINUOUS
10
3.3606259842519686
20
-3.7385708661417323
11
3.3644370078740158
21
-3.740472440944882
0
LINE
8
RED3
6
CONTINUOUS
10
3.3644370078740158
20
-3.740472440944882
11
3.3663425196850394
21
-3.7423779527559056
0
LINE
8
RED3
6
CONTINUOUS
10
3.3663425196850394
20
-3.7423779527559056
11
3.368248031496063
21
-3.7461889763779528
0
LINE
8
RED3
6
CONTINUOUS
10
3.368248031496063
20
-3.7461889763779528
11
3.368248031496063
21
-3.7538070866141733
0
LINE
8
RED3
6
CONTINUOUS
10
3.368248031496063
20
-3.7538070866141733
11
3.3701496062992127
21
-3.7576181102362205
0
LINE
8
RED3
6
CONTINUOUS
10
3.3701496062992127
20
-3.7576181102362205
11
3.3720551181102363
21
-3.7595196850393702
0
LINE
8
RED3
6
CONTINUOUS
10
3.3720551181102363
20
-3.7595196850393702
11
3.3758661417322835
21
-3.7614251968503938
0
LINE
8
RED3
6
CONTINUOUS
10
3.3758661417322835
20
-3.7614251968503938
11
3.383484251968504
21
-3.7614251968503938
0
LINE
8
RED3
6
CONTINUOUS
10
3.383484251968504
20
-3.7614251968503938
11
3.3872952755905512
21
-3.7595196850393702
0
LINE
8
RED3
6
CONTINUOUS
10
3.3872952755905512
20
-3.7595196850393702
11
3.3892007874015748
21
-3.7576181102362205
0
LINE
8
RED3
6
CONTINUOUS
10
3.3892007874015748
20
-3.7576181102362205
11
3.3911023622047245
21
-3.7538070866141733
0
LINE
8
RED3
6
CONTINUOUS
10
3.3911023622047245
20
-3.7538070866141733
11
3.3911023622047245
21
-3.7461889763779528
0
LINE
8
RED3
6
CONTINUOUS
10
3.3911023622047245
20
-3.7461889763779528
11
3.3892007874015748
21
-3.7423779527559056
0
LINE
8
RED3
6
CONTINUOUS
10
3.3892007874015748
20
-3.7423779527559056
11
3.3872952755905512
21
-3.740472440944882
0
LINE
8
RED3
6
CONTINUOUS
10
3.3872952755905512
20
-3.740472440944882
11
3.383484251968504
21
-3.7385708661417323
0
LINE
8
RED3
6
CONTINUOUS
10
3.383484251968504
20
-3.7385708661417323
11
3.3758661417322835
21
-3.7385708661417323
0
LINE
8
RED3
6
CONTINUOUS
10
3.3758661417322835
20
-3.7385708661417323
11
3.3720551181102363
21
-3.740472440944882
0
LINE
8
RED3
6
CONTINUOUS
10
3.3720551181102363
20
-3.740472440944882
11
3.3701496062992127
21
-3.7423779527559056
0
LINE
8
RED3
6
CONTINUOUS
10
3.3701496062992127
20
-3.7423779527559056
11
3.368248031496063
21
-3.7461889763779528
0
LINE
8
RED2
6
CONTINUOUS
10
3.5
20
-3.6500000000000004
11
3.5
21
-3.8500000000000001
0
LINE
8
CYAN2
6
CONTINUOUS
10
3.5070748031496066
20
-3.6023779527559054
11
3.5070748031496066
21
-3.5833307086614177
0
LINE
8
CYAN2
6
CONTINUOUS
10
3.5185039370078743
20
-3.6061889763779531
11
3.4785039370078743
21
-3.5928543307086613
0
LINE
8
CYAN2
6
CONTINUOUS
10
3.4785039370078743
20
-3.5928543307086613
11
3.5185039370078743
21
-3.5795236220472444
0
LINE
8
CYAN2
6
CONTINUOUS
10
3.4785039370078743
20
-3.5699960629921259
11
3.4785039370078743
21
-3.5433307086614176
0
LINE
8
CYAN2
6
CONTINUOUS
10
3.4785039370078743
20
-3.5433307086614176
11
3.5185039370078743
21
-3.5604724409448822
0
LINE
8
RED3
6
CONTINUOUS
10
3.4911023622047246
20
-3.7576181102362205
11
3.4911023622047246
21
-3.7499960629921261
0
LINE
8
RED3
6
CONTINUOUS
10
3.4911023622047246
20
-3.7499960629921261
11
3.4892007874015749
21
-3.7461889763779528
0
LINE
8
RED3
6
CONTINUOUS
10
3.4892007874015749
20
-3.7461889763779528
11
3.4872952755905513
21
-3.7442834645669292
0
LINE
8
RED3
6
CONTINUOUS
10
3.4872952755905513
20
-3.7442834645669292
11
3.4815787401574805
21
-3.740472440944882
0
LINE
8
RED3
6
CONTINUOUS
10
3.4815787401574805
20
-3.740472440944882
11
3.47396062992126
21
-3.7385708661417323
0
LINE
8
RED3
6
CONTINUOUS
10
3.47396062992126
20
-3.7385708661417323
11
3.458724409448819
21
-3.7385708661417323
0
LINE
8
RED3
6
CONTINUOUS
10
3.458724409448819
20
-3.7385708661417323
11
3.4549133858267718
21
-3.740472440944882
0
LINE
8
RED3
6
CONTINUOUS
10
3.4549133858267718
20
-3.740472440944882
11
3.4530078740157482
21
-3.7423779527559056
0
LINE
8
RED3
6
CONTINUOUS
10
3.4530078740157482
20
-3.7423779527559056
11
3.4511023622047245
21
-3.7461889763779528
0
LINE
8
RED3
6
CONTINUOUS
10
3.4511023622047245
20
-3.7461889763779528
11
3.4511023622047245
21
-3.7538070866141733
0
LINE
8
RED3
6
CONTINUOUS
10
3.4511023622047245
20
-3.7538070866141733
11
3.4530078740157482
21
-3.7576181102362205
0
LINE
8
RED3
6
CONTINUOUS
10
3.4530078740157482
20
-3.7576181102362205
11
3.4549133858267718
21
-3.7595196850393702
0
LINE
8
RED3
6
CONTINUOUS
10
3.4549133858267718
20
-3.7595196850393702
11
3.458724409448819
21
-3.7614251968503938
0
LINE
8
RED3
6
CONTINUOUS
10
3.458724409448819
20
-3.7614251968503938
11
3.4682480314960631
21
-3.7614251968503938
0
LINE
8
RED3
6
CONTINUOUS
10
3.4682480314960631
20
-3.7614251968503938
11
3.4720551181102364
21
-3.7595196850393702
0
LINE
8
RED3
6
CONTINUOUS
10
3.4720551181102364
20
-3.7595196850393702
11
3.47396062992126
21
-3.7576181102362205
0
LINE
8
RED3
6
CONTINUOUS
10
3.47396062992126
20
-3.7576181102362205
11
3.4758661417322836
21
-3.7538070866141733
0
LINE
8
RED3
6
CONTINUOUS
10
3.4758661417322836
20
-3.7538070866141733
11
3.4758661417322836
21
-3.7461889763779528
0
LINE
8
RED3
6
CONTINUOUS
10
3.4758661417322836
20
-3.7461889763779528
11
3.47396062992126
21
-3.7423779527559056
0
LINE
8
RED3
6
CONTINUOUS
10
3.47396062992126
20
-3.7423779527559056
11
3.4720551181102364
21
-3.740472440944882
0
LINE
8
RED3
6
CONTINUOUS
10
3.4720551181102364
20
-3.740472440944882
11
3.4682480314960631
21
-3.7385708661417323
0
LINE
8
RED2
6
CONTINUOUS
10
3.7000000000000002
20
-3.6500000000000004
11
3.7000000000000002
21
-3.8500000000000001
0
LINE
8
CYAN2
6
CONTINUOUS
10
3.6804094488188976
20
-3.5795236220472444
11
3.678503937007874
21
-3.5833307086614177
0
LINE
8
CYAN2
6
CONTINUOUS
10
3.678503937007874
20
-3.5833307086614177
11
3.678503937007874
21
-3.5890472440944885
0
LINE
8
CYAN2
6
CONTINUOUS
10
3.678503937007874
20
-3.5890472440944885
11
3.6804094488188976
21
-3.5947598425196854
0
LINE
8
CYAN2
6
CONTINUOUS
10
3.6804094488188976
20
-3.5947598425196854
11
3.6842204724409449
21
-3.5985708661417326
0
LINE
8
CYAN2
6
CONTINUOUS
10
3.6842204724409449
20
-3.5985708661417326
11
3.6880275590551181
21
-3.6004724409448818
0
LINE
8
CYAN2
6
CONTINUOUS
10
3.6880275590551181
20
-3.6004724409448818
11
3.6956496062992126
21
-3.6023779527559054
0
LINE
8
CYAN2
6
CONTINUOUS
10
3.6956496062992126
20
-3.6023779527559054
11
3.7013622047244095
21
-3.6023779527559054
0
LINE
8
CYAN2
6
CONTINUOUS
10
3.7013622047244095
20
-3.6023779527559054
11
3.70898031496063
21
-3.6004724409448818
0
LINE
8
CYAN2
6
CONTINUOUS
10
3.70898031496063
20
-3.6004724409448818
11
3.7127913385826772
21
-3.5985708661417326
0
LINE
8
CYAN2
6
CONTINUOUS
10
3.7127913385826772
20
-3.5985708661417326
11
3.7166023622047244
21
-3.5947598425196854
0
LINE
8
CYAN2
6
CONTINUOUS
10
3.7166023622047244
20
-3.5947598425196854
11
3.7185039370078741
21
-3.5890472440944885
0
LINE
8
CYAN2
6
CONTINUOUS
10
3.7185039370078741
20
-3.5890472440944885
11
3.7185039370078741
21
-3.5852362204724413
0
LINE
8
CYAN2
6
CONTINUOUS
10
3.7185039370078741
20
-3.5852362204724413
11
3.7166023622047244
21
-3.5795236220472444
0
LINE
8
CYAN2
6
CONTINUOUS
10
3.7166023622047244
20
-3.5795236220472444
11
3.7146968503937008
21
-3.5776181102362208
0
LINE
8
CYAN2
6
CONTINUOUS
10
3.7146968503937008
20
-3.5776181102362208
11
3.7013622047244095
21
-3.5776181102362208
0
LINE
8
CYAN2
6
CONTINUOUS
10
3.7013622047244095
20
-3.5776181102362208
11
3.7013622047244095
21
-3.5852362204724413
0
LINE
8
CYAN2
6
CONTINUOUS
10
3.7185039370078741
20
-3.5604724409448822
11
3.678503937007874
21
-3.5604724409448822
0
LINE
8
CYAN2
6
CONTINUOUS
10
3.678503937007874
20
-3.5604724409448822
11
3.7185039370078741
21
-3.5376181102362207
0
LINE
8
CYAN2
6
CONTINUOUS
10
3.7185039370078741
20
-3.5376181102362207
11
3.678503937007874
21
-3.5376181102362207
0
LINE
8
CYAN2
6
CONTINUOUS
10
3.7185039370078741
20
-3.5185669291338586
11
3.678503937007874
21
-3.5185669291338586
0
LINE
8
CYAN2
6
CONTINUOUS
10
3.678503937007874
20
-3.5185669291338586
11
3.678503937007874
21
-3.5090433070866145
0
LINE
8
CYAN2
6
CONTINUOUS
10
3.678503937007874
20
-3.5090433070866145
11
3.6804094488188976
21
-3.5033307086614176
0
LINE
8
CYAN2
6
CONTINUOUS
10
3.6804094488188976
20
-3.5033307086614176
11
3.6842204724409449
21
-3.4995196850393704
0
LINE
8
CYAN2
6
CONTINUOUS
10
3.6842204724409449
20
-3.4995196850393704
11
3.6880275590551181
21
-3.4976181102362207
0
LINE
8
CYAN2
6
CONTINUOUS
10
3.6880275590551181
20
-3.4976181102362207
11
3.6956496062992126
21
-3.4957125984251971
0
LINE
8
CYAN2
6
CONTINUOUS
10
3.6956496062992126
20
-3.4957125984251971
11
3.7013622047244095
21
-3.4957125984251971
0
LINE
8
CYAN2
6
CONTINUOUS
10
3.7013622047244095
20
-3.4957125984251971
11
3.70898031496063
21
-3.4976181102362207
0
LINE
8
CYAN2
6
CONTINUOUS
10
3.70898031496063
20
-3.4976181102362207
11
3.7127913385826772
21
-3.4995196850393704
0
LINE
8
CYAN2
6
CONTINUOUS
10
3.7127913385826772
20
-3.4995196850393704
11
3.7166023622047244
21
-3.5033307086614176
0
LINE
8
CYAN2
6
CONTINUOUS
10
3.7166023622047244
20
-3.5033307086614176
11
3.7185039370078741
21
-3.5090433070866145
0
LINE
8
CYAN2
6
CONTINUOUS
10
3.7185039370078741
20
-3.5090433070866145
11
3.7185039370078741
21
-3.5185669291338586
0
LINE
8
RED3
6
CONTINUOUS
10
3.6911023622047248
20
-3.7576181102362205
11
3.6911023622047248
21
-3.780472440944882
0
LINE
8
RED3
6
CONTINUOUS
10
3.6911023622047248
20
-3.7690433070866143
11
3.6511023622047247
21
-3.7690433070866143
0
LINE
8
RED3
6
CONTINUOUS
10
3.6511023622047247
20
-3.7690433070866143
11
3.6568188976377956
21
-3.7728543307086615
0
LINE
8
RED3
6
CONTINUOUS
10
3.6568188976377956
20
-3.7728543307086615
11
3.6606259842519688
21
-3.7766653543307087
0
LINE
8
RED3
6
CONTINUOUS
10
3.6606259842519688
20
-3.7766653543307087
11
3.6625314960629924
21
-3.780472440944882
0
LINE
8
RED3
6
CONTINUOUS
10
3.6511023622047247
20
-3.7328543307086615
11
3.6511023622047247
21
-3.7290472440944882
0
LINE
8
RED3
6
CONTINUOUS
10
3.6511023622047247
20
-3.7290472440944882
11
3.6530078740157483
21
-3.725236220472441
0
LINE
8
RED3
6
CONTINUOUS
10
3.6530078740157483
20
-3.725236220472441
11
3.6549133858267719
21
-3.7233307086614174
0
LINE
8
RED3
6
CONTINUOUS
10
3.6549133858267719
20
-3.7233307086614174
11
3.6587244094488192
21
-3.7214251968503937
0
LINE
8
RED3
6
CONTINUOUS
10
3.6587244094488192
20
-3.7214251968503937
11
3.6663425196850397
21
-3.7195236220472441
0
LINE
8
RED3
6
CONTINUOUS
10
3.6663425196850397
20
-3.7195236220472441
11
3.6758661417322838
21
-3.7195236220472441
0
LINE
8
RED3
6
CONTINUOUS
10
3.6758661417322838
20
-3.7195236220472441
11
3.6834842519685043
21
-3.7214251968503937
0
LINE
8
RED3
6
CONTINUOUS
10
3.6834842519685043
20
-3.7214251968503937
11
3.6872952755905515
21
-3.7233307086614174
0
LINE
8
RED3
6
CONTINUOUS
10
3.6872952755905515
20
-3.7233307086614174
11
3.6892007874015751
21
-3.725236220472441
0
LINE
8
RED3
6
CONTINUOUS
10
3.6892007874015751
20
-3.725236220472441
11
3.6911023622047248
21
-3.7290472440944882
0
LINE
8
RED3
6
CONTINUOUS
10
3.6911023622047248
20
-3.7290472440944882
11
3.6911023622047248
21
-3.7328543307086615
0
LINE
8
RED3
6
CONTINUOUS
10
3.6911023622047248
20
-3.7328543307086615
11
3.6892007874015751
21
-3.7366653543307087
0
LINE
8
RED3
6
CONTINUOUS
10
3.6892007874015751
20
-3.7366653543307087
11
3.6872952755905515
21
-3.7385708661417323
0
LINE
8
RED3
6
CONTINUOUS
10
3.6872952755905515
20
-3.7385708661417323
11
3.6834842519685043
21
-3.740472440944882
0
LINE
8
RED3
6
CONTINUOUS
10
3.6834842519685043
20
-3.740472440944882
11
3.6758661417322838
21
-3.7423779527559056
0
LINE
8
RED3
6
CONTINUOUS
10
3.6758661417322838
20
-3.7423779527559056
11
3.6663425196850397
21
-3.7423779527559056
0
LINE
8
RED3
6
CONTINUOUS
10
3.6663425196850397
20
-3.7423779527559056
11
3.6587244094488192
21
-3.740472440944882
0
LINE
8
RED3
6
CONTINUOUS
10
3.6587244094488192
20
-3.740472440944882
11
3.6549133858267719
21
-3.7385708661417323
0
LINE
8
RED3
6
CONTINUOUS
10
3.6549133858267719
20
-3.7385708661417323
11
3.6530078740157483
21
-3.7366653543307087
0
LINE
8
RED3
6
CONTINUOUS
10
3.6530078740157483
20
-3.7366653543307087
11
3.6511023622047247
21
-3.7328543307086615
0
LINE
8
RED2
6
CONTINUOUS
10
2.3000000000000003
20
-2.6499999999999999
11
2.3000000000000003
21
-2.4500000000000002
0
LINE
8
CYAN2
6
CONTINUOUS
10
2.2975511811023623
20
-2.745236220472441
11
2.2994566929133859
21
-2.7395196850393702
0
LINE
8
CYAN2
6
CONTINUOUS
10
2.2994566929133859
20
-2.7395196850393702
11
2.3013622047244096
21
-2.7376181102362205
0
LINE
8
CYAN2
6
CONTINUOUS
10
2.3013622047244096
20
-2.7376181102362205
11
2.3051732283464568
21
-2.7357125984251969
0
LINE
8
CYAN2
6
CONTINUOUS
10
2.3051732283464568
20
-2.7357125984251969
11
2.3108858267716537
21
-2.7357125984251969
0
LINE
8
CYAN2
6
CONTINUOUS
10
2.3108858267716537
20
-2.7357125984251969
11
2.3146968503937009
21
-2.7376181102362205
0
LINE
8
CYAN2
6
CONTINUOUS
10
2.3146968503937009
20
-2.7376181102362205
11
2.3166023622047245
21
-2.7395196850393702
0
LINE
8
CYAN2
6
CONTINUOUS
10
2.3166023622047245
20
-2.7395196850393702
11
2.3185039370078742
21
-2.7433307086614174
0
LINE
8
CYAN2
6
CONTINUOUS
10
2.3185039370078742
20
-2.7433307086614174
11
2.3185039370078742
21
-2.7585669291338584
0
LINE
8
CYAN2
6
CONTINUOUS
10
2.3185039370078742
20
-2.7585669291338584
11
2.2785039370078741
21
-2.7585669291338584
0
LINE
8
CYAN2
6
CONTINUOUS
10
2.2785039370078741
20
-2.7585669291338584
11
2.2785039370078741
21
-2.745236220472441
0
LINE
8
CYAN2
6
CONTINUOUS
10
2.2785039370078741
20
-2.745236220472441
11
2.2804094488188977
21
-2.7414251968503938
0
LINE
8
CYAN2
6
CONTINUOUS
10
2.2804094488188977
20
-2.7414251968503938
11
2.2823149606299213
21
-2.7395196850393702
0
LINE
8
CYAN2
6
CONTINUOUS
10
2.2823149606299213
20
-2.7395196850393702
11
2.2861259842519686
21
-2.7376181102362205
0
LINE
8
CYAN2
6
CONTINUOUS
10
2.2861259842519686
20
-2.7376181102362205
11
2.2899330708661418
21
-2.7376181102362205
0
LINE
8
CYAN2
6
CONTINUOUS
10
2.2899330708661418
20
-2.7376181102362205
11
2.2937440944881891
21
-2.7395196850393702
0
LINE
8
CYAN2
6
CONTINUOUS
10
2.2937440944881891
20
-2.7395196850393702
11
2.2956496062992127
21
-2.7414251968503938
0
LINE
8
CYAN2
6
CONTINUOUS
10
2.2956496062992127
20
-2.7414251968503938
11
2.2975511811023623
21
-2.745236220472441
0
LINE
8
CYAN2
6
CONTINUOUS
10
2.2975511811023623
20
-2.745236220472441
11
2.2975511811023623
21
-2.7585669291338584
0
LINE
8
CYAN2
6
CONTINUOUS
10
2.2785039370078741
20
-2.7109488188976378
11
2.2785039370078741
21
-2.7071417322834646
0
LINE
8
CYAN2
6
CONTINUOUS
10
2.2785039370078741
20
-2.7071417322834646
11
2.2804094488188977
21
-2.7033307086614173
0
LINE
8
CYAN2
6
CONTINUOUS
10
2.2804094488188977
20
-2.7033307086614173
11
2.2823149606299213
21
-2.7014251968503937
0
LINE
8
CYAN2
6
CONTINUOUS
10
2.2823149606299213
20
-2.7014251968503937
11
2.2861259842519686
21
-2.6995196850393701
0
LINE
8
CYAN2
6
CONTINUOUS
10
2.2861259842519686
20
-2.6995196850393701
11
2.2937440944881891
21
-2.6976181102362204
0
LINE
8
CYAN2
6
CONTINUOUS
10
2.2937440944881891
20
-2.6976181102362204
11
2.3032677165354332
21
-2.6976181102362204
0
LINE
8
CYAN2
6
CONTINUOUS
10
2.3032677165354332
20
-2.6976181102362204
11
2.3108858267716537
21
-2.6995196850393701
0
LINE
8
CYAN2
6
CONTINUOUS
10
2.3108858267716537
20
-2.6995196850393701
11
2.3146968503937009
21
-2.7014251968503937
0
LINE
8
CYAN2
6
CONTINUOUS
10
2.3146968503937009
20
-2.7014251968503937
11
2.3166023622047245
21
-2.7033307086614173
0
LINE
8
CYAN2
6
CONTINUOUS
10
2.3166023622047245
20
-2.7033307086614173
11
2.3185039370078742
21
-2.7071417322834646
0
LINE
8
CYAN2
6
CONTINUOUS
10
2.3185039370078742
20
-2.7071417322834646
11
2.3185039370078742
21
-2.7109488188976378
0
LINE
8
CYAN2
6
CONTINUOUS
10
2.3185039370078742
20
-2.7109488188976378
11
2.3166023622047245
21
-2.7147598425196851
0
LINE
8
CYAN2
6
CONTINUOUS
10
2.3166023622047245
20
-2.7147598425196851
11
2.3146968503937009
21
-2.7166653543307087
0
LINE
8
CYAN2
6
CONTINUOUS
10
2.3146968503937009
20
-2.7166653543307087
11
2.3108858267716537
21
-2.7185669291338583
0
LINE
8
CYAN2
6
CONTINUOUS
10
2.3108858267716537
20
-2.7185669291338583
11
2.3032677165354332
21
-2.7204724409448819
0
LINE
8
CYAN2
6
CONTINUOUS
10
2.3032677165354332
20
-2.7204724409448819
11
2.2937440944881891
21
-2.7204724409448819
0
LINE
8
CYAN2
6
CONTINUOUS
10
2.2937440944881891
20
-2.7204724409448819
11
2.2861259842519686
21
-2.7185669291338583
0
LINE
8
CYAN2
6
CONTINUOUS
10
2.2861259842519686
20
-2.7185669291338583
11
2.2823149606299213
21
-2.7166653543307087
0
LINE
8
CYAN2
6
CONTINUOUS
10
2.2823149606299213
20
-2.7166653543307087
11
2.2804094488188977
21
-2.7147598425196851
0
LINE
8
CYAN2
6
CONTINUOUS
10
2.2804094488188977
20
-2.7147598425196851
11
2.2785039370078741
21
-2.7109488188976378
0
LINE
8
RED3
6
CONTINUOUS
10
2.2911023622047244
20
-2.5576181102362208
11
2.2911023622047244
21
-2.5804724409448818
0
LINE
8
RED3
6
CONTINUOUS
10
2.2911023622047244
20
-2.5690433070866141
11
2.2511023622047244
21
-2.5690433070866141
0
LINE
8
RED3
6
CONTINUOUS
10
2.2511023622047244
20
-2.5690433070866141
11
2.2568188976377952
21
-2.5728543307086613
0
LINE
8
RED3
6
CONTINUOUS
10
2.2568188976377952
20
-2.5728543307086613
11
2.2606259842519685
21
-2.576665354330709
0
LINE
8
RED3
6
CONTINUOUS
10
2.2606259842519685
20
-2.576665354330709
11
2.2625314960629921
21
-2.5804724409448818
0
LINE
8
RED3
6
CONTINUOUS
10
2.2682480314960629
20
-2.5347598425196853
11
2.2663425196850393
21
-2.5385708661417326
0
LINE
8
RED3
6
CONTINUOUS
10
2.2663425196850393
20
-2.5385708661417326
11
2.2644370078740157
21
-2.5404724409448818
0
LINE
8
RED3
6
CONTINUOUS
10
2.2644370078740157
20
-2.5404724409448818
11
2.2606259842519685
21
-2.5423779527559054
0
LINE
8
RED3
6
CONTINUOUS
10
2.2606259842519685
20
-2.5423779527559054
11
2.2587244094488188
21
-2.5423779527559054
0
LINE
8
RED3
6
CONTINUOUS
10
2.2587244094488188
20
-2.5423779527559054
11
2.2549133858267716
21
-2.5404724409448818
0
LINE
8
RED3
6
CONTINUOUS
10
2.2549133858267716
20
-2.5404724409448818
11
2.253007874015748
21
-2.5385708661417326
0
LINE
8
RED3
6
CONTINUOUS
10
2.253007874015748
20
-2.5385708661417326
11
2.2511023622047244
21
-2.5347598425196853
0
LINE
8
RED3
6
CONTINUOUS
10
2.2511023622047244
20
-2.5347598425196853
11
2.2511023622047244
21
-2.5271417322834648
0
LINE
8
RED3
6
CONTINUOUS
10
2.2511023622047244
20
-2.5271417322834648
11
2.253007874015748
21
-2.5233307086614176
0
LINE
8
RED3
6
CONTINUOUS
10
2.253007874015748
20
-2.5233307086614176
11
2.2549133858267716
21
-2.521425196850394
0
LINE
8
RED3
6
CONTINUOUS
10
2.2549133858267716
20
-2.521425196850394
11
2.2587244094488188
21
-2.5195236220472443
0
LINE
8
RED3
6
CONTINUOUS
10
2.2587244094488188
20
-2.5195236220472443
11
2.2606259842519685
21
-2.5195236220472443
0
LINE
8
RED3
6
CONTINUOUS
10
2.2606259842519685
20
-2.5195236220472443
11
2.2644370078740157
21
-2.521425196850394
0
LINE
8
RED3
6
CONTINUOUS
10
2.2644370078740157
20
-2.521425196850394
11
2.2663425196850393
21
-2.5233307086614176
0
LINE
8
RED3
6
CONTINUOUS
10
2.2663425196850393
20
-2.5233307086614176
11
2.2682480314960629
21
-2.5271417322834648
0
LINE
8
RED3
6
CONTINUOUS
10
2.2682480314960629
20
-2.5271417322834648
11
2.2682480314960629
21
-2.5347598425196853
0
LINE
8
RED3
6
CONTINUOUS
10
2.2682480314960629
20
-2.5347598425196853
11
2.2701496062992126
21
-2.5385708661417326
0
LINE
8
RED3
6
CONTINUOUS
10
2.2701496062992126
20
-2.5385708661417326
11
2.2720551181102362
21
-2.5404724409448818
0
LINE
8
RED3
6
CONTINUOUS
10
2.2720551181102362
20
-2.5404724409448818
11
2.2758661417322834
21
-2.5423779527559054
0
LINE
8
RED3
6
CONTINUOUS
10
2.2758661417322834
20
-2.5423779527559054
11
2.2834842519685039
21
-2.5423779527559054
0
LINE
8
RED3
6
CONTINUOUS
10
2.2834842519685039
20
-2.5423779527559054
11
2.2872952755905511
21
-2.5404724409448818
0
LINE
8
RED3
6
CONTINUOUS
10
2.2872952755905511
20
-2.5404724409448818
11
2.2892007874015747
21
-2.5385708661417326
0
LINE
8
RED3
6
CONTINUOUS
10
2.2892007874015747
20
-2.5385708661417326
11
2.2911023622047244
21
-2.5347598425196853
0
LINE
8
RED3
6
CONTINUOUS
10
2.2911023622047244
20
-2.5347598425196853
11
2.2911023622047244
21
-2.5271417322834648
0
LINE
8
RED3
6
CONTINUOUS
10
2.2911023622047244
20
-2.5271417322834648
11
2.2892007874015747
21
-2.5233307086614176
0
LINE
8
RED3
6
CONTINUOUS
10
2.2892007874015747
20
-2.5233307086614176
11
2.2872952755905511
21
-2.521425196850394
0
LINE
8
RED3
6
CONTINUOUS
10
2.2872952755905511
20
-2.521425196850394
11
2.2834842519685039
21
-2.5195236220472443
0
LINE
8
RED3
6
CONTINUOUS
10
2.2834842519685039
20
-2.5195236220472443
11
2.2758661417322834
21
-2.5195236220472443
0
LINE
8
RED3
6
CONTINUOUS
10
2.2758661417322834
20
-2.5195236220472443
11
2.2720551181102362
21
-2.521425196850394
0
LINE
8
RED3
6
CONTINUOUS
10
2.2720551181102362
20
-2.521425196850394
11
2.2701496062992126
21
-2.5233307086614176
0
LINE
8
RED3
6
CONTINUOUS
10
2.2701496062992126
20
-2.5233307086614176
11
2.2682480314960629
21
-2.5271417322834648
0
LINE
8
RED2
6
CONTINUOUS
10
2.3999999999999999
20
-2.6499999999999999
11
2.3999999999999999
21
-2.4500000000000002
0
LINE
8
CYAN2
6
CONTINUOUS
10
2.3975511811023624
20
-2.745236220472441
11
2.399456692913386
21
-2.7395196850393702
0
LINE
8
CYAN2
6
CONTINUOUS
10
2.399456692913386
20
-2.7395196850393702
11
2.4013622047244096
21
-2.7376181102362205
0
LINE
8
CYAN2
6
CONTINUOUS
10
2.4013622047244096
20
-2.7376181102362205
11
2.4051732283464569
21
-2.7357125984251969
0
LINE
8
CYAN2
6
CONTINUOUS
10
2.4051732283464569
20
-2.7357125984251969
11
2.4108858267716538
21
-2.7357125984251969
0
LINE
8
CYAN2
6
CONTINUOUS
10
2.4108858267716538
20
-2.7357125984251969
11
2.414696850393701
21
-2.7376181102362205
0
LINE
8
CYAN2
6
CONTINUOUS
10
2.414696850393701
20
-2.7376181102362205
11
2.4166023622047246
21
-2.7395196850393702
0
LINE
8
CYAN2
6
CONTINUOUS
10
2.4166023622047246
20
-2.7395196850393702
11
2.4185039370078742
21
-2.7433307086614174
0
LINE
8
CYAN2
6
CONTINUOUS
10
2.4185039370078742
20
-2.7433307086614174
11
2.4185039370078742
21
-2.7585669291338584
0
LINE
8
CYAN2
6
CONTINUOUS
10
2.4185039370078742
20
-2.7585669291338584
11
2.3785039370078742
21
-2.7585669291338584
0
LINE
8
CYAN2
6
CONTINUOUS
10
2.3785039370078742
20
-2.7585669291338584
11
2.3785039370078742
21
-2.745236220472441
0
LINE
8
CYAN2
6
CONTINUOUS
10
2.3785039370078742
20
-2.745236220472441
11
2.3804094488188978
21
-2.7414251968503938
0
LINE
8
CYAN2
6
CONTINUOUS
10
2.3804094488188978
20
-2.7414251968503938
11
2.3823149606299214
21
-2.7395196850393702
0
LINE
8
CYAN2
6
CONTINUOUS
10
2.3823149606299214
20
-2.7395196850393702
11
2.3861259842519686
21
-2.7376181102362205
0
LINE
8
CYAN2
6
CONTINUOUS
10
2.3861259842519686
20
-2.7376181102362205
11
2.3899330708661419
21
-2.7376181102362205
0
LINE
8
CYAN2
6
CONTINUOUS
10
2.3899330708661419
20
-2.7376181102362205
11
2.3937440944881891
21
-2.7395196850393702
0
LINE
8
CYAN2
6
CONTINUOUS
10
2.3937440944881891
20
-2.7395196850393702
11
2.3956496062992128
21
-2.7414251968503938
0
LINE
8
CYAN2
6
CONTINUOUS
10
2.3956496062992128
20
-2.7414251968503938
11
2.3975511811023624
21
-2.745236220472441
0
LINE
8
CYAN2
6
CONTINUOUS
10
2.3975511811023624
20
-2.745236220472441
11
2.3975511811023624
21
-2.7585669291338584
0
LINE
8
CYAN2
6
CONTINUOUS
10
2.4185039370078742
20
-2.6976181102362204
11
2.4185039370078742
21
-2.7204724409448819
0
LINE
8
CYAN2
6
CONTINUOUS
10
2.4185039370078742
20
-2.7090433070866142
11
2.3785039370078742
21
-2.7090433070866142
0
LINE
8
CYAN2
6
CONTINUOUS
10
2.3785039370078742
20
-2.7090433070866142
11
2.384220472440945
21
-2.7128543307086614
0
LINE
8
CYAN2
6
CONTINUOUS
10
2.384220472440945
20
-2.7128543307086614
11
2.3880275590551183
21
-2.7166653543307087
0
LINE
8
CYAN2
6
CONTINUOUS
10
2.3880275590551183
20
-2.7166653543307087
11
2.3899330708661419
21
-2.7204724409448819
0
LINE
8
RED3
6
CONTINUOUS
10
2.3911023622047245
20
-2.5576181102362208
11
2.3911023622047245
21
-2.5804724409448818
0
LINE
8
RED3
6
CONTINUOUS
10
2.3911023622047245
20
-2.5690433070866141
11
2.3511023622047245
21
-2.5690433070866141
0
LINE
8
RED3
6
CONTINUOUS
10
2.3511023622047245
20
-2.5690433070866141
11
2.3568188976377953
21
-2.5728543307086613
0
LINE
8
RED3
6
CONTINUOUS
10
2.3568188976377953
20
-2.5728543307086613
11
2.3606259842519686
21
-2.576665354330709
0
LINE
8
RED3
6
CONTINUOUS
10
2.3606259842519686
20
-2.576665354330709
11
2.3625314960629922
21
-2.5804724409448818
0
LINE
8
RED3
6
CONTINUOUS
10
2.3511023622047245
20
-2.5442834645669294
11
2.3511023622047245
21
-2.5176181102362207
0
LINE
8
RED3
6
CONTINUOUS
10
2.3511023622047245
20
-2.5176181102362207
11
2.3911023622047245
21
-2.5347598425196853
0
LINE
8
RED2
6
CONTINUOUS
10
2.5
20
-2.6499999999999999
11
2.5
21
-2.4500000000000002
0
LINE
8
CYAN2
6
CONTINUOUS
10
2.4975511811023625
20
-2.745236220472441
11
2.4994566929133861
21
-2.7395196850393702
0
LINE
8
CYAN2
6
CONTINUOUS
10
2.4994566929133861
20
-2.7395196850393702
11
2.5013622047244097
21
-2.7376181102362205
0
LINE
8
CYAN2
6
CONTINUOUS
10
2.5013622047244097
20
-2.7376181102362205
11
2.5051732283464569
21
-2.7357125984251969
0
LINE
8
CYAN2
6
CONTINUOUS
10
2.5051732283464569
20
-2.7357125984251969
11
2.5108858267716538
21
-2.7357125984251969
0
LINE
8
CYAN2
6
CONTINUOUS
10
2.5108858267716538
20
-2.7357125984251969
11
2.5146968503937011
21
-2.7376181102362205
0
LINE
8
CYAN2
6
CONTINUOUS
10
2.5146968503937011
20
-2.7376181102362205
11
2.5166023622047247
21
-2.7395196850393702
0
LINE
8
CYAN2
6
CONTINUOUS
10
2.5166023622047247
20
-2.7395196850393702
11
2.5185039370078739
21
-2.7433307086614174
0
LINE
8
CYAN2
6
CONTINUOUS
10
2.5185039370078739
20
-2.7433307086614174
11
2.5185039370078739
21
-2.7585669291338584
0
LINE
8
CYAN2
6
CONTINUOUS
10
2.5185039370078739
20
-2.7585669291338584
11
2.4785039370078743
21
-2.7585669291338584
0
LINE
8
CYAN2
6
CONTINUOUS
10
2.4785039370078743
20
-2.7585669291338584
11
2.4785039370078743
21
-2.745236220472441
0
LINE
8
CYAN2
6
CONTINUOUS
10
2.4785039370078743
20
-2.745236220472441
11
2.4804094488188979
21
-2.7414251968503938
0
LINE
8
CYAN2
6
CONTINUOUS
10
2.4804094488188979
20
-2.7414251968503938
11
2.4823149606299215
21
-2.7395196850393702
0
LINE
8
CYAN2
6
CONTINUOUS
10
2.4823149606299215
20
-2.7395196850393702
11
2.4861259842519687
21
-2.7376181102362205
0
LINE
8
CYAN2
6
CONTINUOUS
10
2.4861259842519687
20
-2.7376181102362205
11
2.489933070866142
21
-2.7376181102362205
0
LINE
8
CYAN2
6
CONTINUOUS
10
2.489933070866142
20
-2.7376181102362205
11
2.4937440944881892
21
-2.7395196850393702
0
LINE
8
CYAN2
6
CONTINUOUS
10
2.4937440944881892
20
-2.7395196850393702
11
2.4956496062992128
21
-2.7414251968503938
0
LINE
8
CYAN2
6
CONTINUOUS
10
2.4956496062992128
20
-2.7414251968503938
11
2.4975511811023625
21
-2.745236220472441
0
LINE
8
CYAN2
6
CONTINUOUS
10
2.4975511811023625
20
-2.745236220472441
11
2.4975511811023625
21
-2.7585669291338584
0
LINE
8
CYAN2
6
CONTINUOUS
10
2.4823149606299215
20
-2.7204724409448819
11
2.4804094488188979
21
-2.7185669291338583
0
LINE
8
CYAN2
6
CONTINUOUS
10
2.4804094488188979
20
-2.7185669291338583
11
2.4785039370078743
21
-2.7147598425196851
0
LINE
8
CYAN2
6
CONTINUOUS
10
2.4785039370078743
20
-2.7147598425196851
11
2.4785039370078743
21
-2.7052362204724409
0
LINE
8
CYAN2
6
CONTINUOUS
10
2.4785039370078743
20
-2.7052362204724409
11
2.4804094488188979
21
-2.7014251968503937
0
LINE
8
CYAN2
6
CONTINUOUS
10
2.4804094488188979
20
-2.7014251968503937
11
2.4823149606299215
21
-2.6995196850393701
0
LINE
8
CYAN2
6
CONTINUOUS
10
2.4823149606299215
20
-2.6995196850393701
11
2.4861259842519687
21
-2.6976181102362204
0
LINE
8
CYAN2
6
CONTINUOUS
10
2.4861259842519687
20
-2.6976181102362204
11
2.489933070866142
21
-2.6976181102362204
0
LINE
8
CYAN2
6
CONTINUOUS
10
2.489933070866142
20
-2.6976181102362204
11
2.4956496062992128
21
-2.6995196850393701
0
LINE
8
CYAN2
6
CONTINUOUS
10
2.4956496062992128
20
-2.6995196850393701
11
2.5185039370078739
21
-2.7223779527559056
0
LINE
8
CYAN2
6
CONTINUOUS
10
2.5185039370078739
20
-2.7223779527559056
11
2.5185039370078739
21
-2.6976181102362204
0
LINE
8
RED3
6
CONTINUOUS
10
2.4911023622047246
20
-2.5576181102362208
11
2.4911023622047246
21
-2.5804724409448818
0
LINE
8
RED3
6
CONTINUOUS
10
2.4911023622047246
20
-2.5690433070866141
11
2.4511023622047245
21
-2.5690433070866141
0
LINE
8
RED3
6
CONTINUOUS
10
2.4511023622047245
20
-2.5690433070866141
11
2.4568188976377954
21
-2.5728543307086613
0
LINE
8
RED3
6
CONTINUOUS
10
2.4568188976377954
20
-2.5728543307086613
11
2.4606259842519687
21
-2.576665354330709
0
LINE
8
RED3
6
CONTINUOUS
10
2.4606259842519687
20
-2.576665354330709
11
2.4625314960629923
21
-2.5804724409448818
0
LINE
8
RED3
6
CONTINUOUS
10
2.4511023622047245
20
-2.5233307086614176
11
2.4511023622047245
21
-2.5309488188976377
0
LINE
8
RED3
6
CONTINUOUS
10
2.4511023622047245
20
-2.5309488188976377
11
2.4530078740157482
21
-2.5347598425196853
0
LINE
8
RED3
6
CONTINUOUS
10
2.4530078740157482
20
-2.5347598425196853
11
2.4549133858267718
21
-2.5366653543307089
0
LINE
8
RED3
6
CONTINUOUS
10
2.4549133858267718
20
-2.5366653543307089
11
2.4606259842519687
21
-2.5404724409448818
0
LINE
8
RED3
6
CONTINUOUS
10
2.4606259842519687
20
-2.5404724409448818
11
2.4682480314960631
21
-2.5423779527559054
0
LINE
8
RED3
6
CONTINUOUS
10
2.4682480314960631
20
-2.5423779527559054
11
2.4834842519685041
21
-2.5423779527559054
0
LINE
8
RED3
6
CONTINUOUS
10
2.4834842519685041
20
-2.5423779527559054
11
2.4872952755905513
21
-2.5404724409448818
0
LINE
8
RED3
6
CONTINUOUS
10
2.4872952755905513
20
-2.5404724409448818
11
2.4892007874015749
21
-2.5385708661417326
0
LINE
8
RED3
6
CONTINUOUS
10
2.4892007874015749
20
-2.5385708661417326
11
2.4911023622047246
21
-2.5347598425196853
0
LINE
8
RED3
6
CONTINUOUS
10
2.4911023622047246
20
-2.5347598425196853
11
2.4911023622047246
21
-2.5271417322834648
0
LINE
8
RED3
6
CONTINUOUS
10
2.4911023622047246
20
-2.5271417322834648
11
2.4892007874015749
21
-2.5233307086614176
0
LINE
8
RED3
6
CONTINUOUS
10
2.4892007874015749
20
-2.5233307086614176
11
2.4872952755905513
21
-2.521425196850394
0
LINE
8
RED3
6
CONTINUOUS
10
2.4872952755905513
20
-2.521425196850394
11
2.4834842519685041
21
-2.5195236220472443
0
LINE
8
RED3
6
CONTINUOUS
10
2.4834842519685041
20
-2.5195236220472443
11
2.47396062992126
21
-2.5195236220472443
0
LINE
8
RED3
6
CONTINUOUS
10
2.47396062992126
20
-2.5195236220472443
11
2.4701496062992128
21
-2.521425196850394
0
LINE
8
RED3
6
CONTINUOUS
10
2.4701496062992128
20
-2.521425196850394
11
2.4682480314960631
21
-2.5233307086614176
0
LINE
8
RED3
6
CONTINUOUS
10
2.4682480314960631
20
-2.5233307086614176
11
2.4663425196850395
21
-2.5271417322834648
0
LINE
8
RED3
6
CONTINUOUS
10
2.4663425196850395
20
-2.5271417322834648
11
2.4663425196850395
21
-2.5347598425196853
0
LINE
8
RED3
6
CONTINUOUS
10
2.4663425196850395
20
-2.5347598425196853
11
2.4682480314960631
21
-2.5385708661417326
0
LINE
8
RED3
6
CONTINUOUS
10
2.4682480314960631
20
-2.5385708661417326
11
2.4701496062992128
21
-2.5404724409448818
0
LINE
8
RED3
6
CONTINUOUS
10
2.4701496062992128
20
-2.5404724409448818
11
2.47396062992126
21
-2.5423779527559054
0
LINE
8
RED2
6
CONTINUOUS
10
2.6000000000000001
20
-2.6499999999999999
11
2.6000000000000001
21
-2.4500000000000002
0
LINE
8
CYAN2
6
CONTINUOUS
10
2.5975511811023622
20
-2.745236220472441
11
2.5994566929133858
21
-2.7395196850393702
0
LINE
8
CYAN2
6
CONTINUOUS
10
2.5994566929133858
20
-2.7395196850393702
11
2.6013622047244094
21
-2.7376181102362205
0
LINE
8
CYAN2
6
CONTINUOUS
10
2.6013622047244094
20
-2.7376181102362205
11
2.6051732283464566
21
-2.7357125984251969
0
LINE
8
CYAN2
6
CONTINUOUS
10
2.6051732283464566
20
-2.7357125984251969
11
2.6108858267716535
21
-2.7357125984251969
0
LINE
8
CYAN2
6
CONTINUOUS
10
2.6108858267716535
20
-2.7357125984251969
11
2.6146968503937007
21
-2.7376181102362205
0
LINE
8
CYAN2
6
CONTINUOUS
10
2.6146968503937007
20
-2.7376181102362205
11
2.6166023622047243
21
-2.7395196850393702
0
LINE
8
CYAN2
6
CONTINUOUS
10
2.6166023622047243
20
-2.7395196850393702
11
2.618503937007874
21
-2.7433307086614174
0
LINE
8
CYAN2
6
CONTINUOUS
10
2.618503937007874
20
-2.7433307086614174
11
2.618503937007874
21
-2.7585669291338584
0
LINE
8
CYAN2
6
CONTINUOUS
10
2.618503937007874
20
-2.7585669291338584
11
2.5785039370078739
21
-2.7585669291338584
0
LINE
8
CYAN2
6
CONTINUOUS
10
2.5785039370078739
20
-2.7585669291338584
11
2.5785039370078739
21
-2.745236220472441
0
LINE
8
CYAN2
6
CONTINUOUS
10
2.5785039370078739
20
-2.745236220472441
11
2.5804094488188976
21
-2.7414251968503938
0
LINE
8
CYAN2
6
CONTINUOUS
10
2.5804094488188976
20
-2.7414251968503938
11
2.5823149606299212
21
-2.7395196850393702
0
LINE
8
CYAN2
6
CONTINUOUS
10
2.5823149606299212
20
-2.7395196850393702
11
2.5861259842519688
21
-2.7376181102362205
0
LINE
8
CYAN2
6
CONTINUOUS
10
2.5861259842519688
20
-2.7376181102362205
11
2.5899330708661417
21
-2.7376181102362205
0
LINE
8
CYAN2
6
CONTINUOUS
10
2.5899330708661417
20
-2.7376181102362205
11
2.5937440944881889
21
-2.7395196850393702
0
LINE
8
CYAN2
6
CONTINUOUS
10
2.5937440944881889
20
-2.7395196850393702
11
2.5956496062992125
21
-2.7414251968503938
0
LINE
8
CYAN2
6
CONTINUOUS
10
2.5956496062992125
20
-2.7414251968503938
11
2.5975511811023622
21
-2.745236220472441
0
LINE
8
CYAN2
6
CONTINUOUS
10
2.5975511811023622
20
-2.745236220472441
11
2.5975511811023622
21
-2.7585669291338584
0
LINE
8
CYAN2
6
CONTINUOUS
10
2.5785039370078739
20
-2.7223779527559056
11
2.5785039370078739
21
-2.6976181102362204
0
LINE
8
CYAN2
6
CONTINUOUS
10
2.5785039370078739
20
-2.6976181102362204
11
2.5937440944881889
21
-2.7109488188976378
0
LINE
8
CYAN2
6
CONTINUOUS
10
2.5937440944881889
20
-2.7109488188976378
11
2.5937440944881889
21
-2.7052362204724409
0
LINE
8
CYAN2
6
CONTINUOUS
10
2.5937440944881889
20
-2.7052362204724409
11
2.5956496062992125
21
-2.7014251968503937
0
LINE
8
CYAN2
6
CONTINUOUS
10
2.5956496062992125
20
-2.7014251968503937
11
2.5975511811023622
21
-2.6995196850393701
0
LINE
8
CYAN2
6
CONTINUOUS
10
2.5975511811023622
20
-2.6995196850393701
11
2.6013622047244094
21
-2.6976181102362204
0
LINE
8
CYAN2
6
CONTINUOUS
10
2.6013622047244094
20
-2.6976181102362204
11
2.6108858267716535
21
-2.6976181102362204
0
LINE
8
CYAN2
6
CONTINUOUS
10
2.6108858267716535
20
-2.6976181102362204
11
2.6146968503937007
21
-2.6995196850393701
0
LINE
8
CYAN2
6
CONTINUOUS
10
2.6146968503937007
20
-2.6995196850393701
11
2.6166023622047243
21
-2.7014251968503937
0
LINE
8
CYAN2
6
CONTINUOUS
10
2.6166023622047243
20
-2.7014251968503937
11
2.618503937007874
21
-2.7052362204724409
0
LINE
8
CYAN2
6
CONTINUOUS
10
2.618503937007874
20
-2.7052362204724409
11
2.618503937007874
21
-2.7166653543307087
0
LINE
8
CYAN2
6
CONTINUOUS
10
2.618503937007874
20
-2.7166653543307087
11
2.6166023622047243
21
-2.7204724409448819
0
LINE
8
CYAN2
6
CONTINUOUS
10
2.6166023622047243
20
-2.7204724409448819
11
2.6146968503937007
21
-2.7223779527559056
0
LINE
8
RED3
6
CONTINUOUS
10
2.5911023622047247
20
-2.5576181102362208
11
2.5911023622047247
21
-2.5804724409448818
0
LINE
8
RED3
6
CONTINUOUS
10
2.5911023622047247
20
-2.5690433070866141
11
2.5511023622047246
21
-2.5690433070866141
0
LINE
8
RED3
6
CONTINUOUS
10
2.5511023622047246
20
-2.5690433070866141
11
2.5568188976377955
21
-2.5728543307086613
0
LINE
8
RED3
6
CONTINUOUS
10
2.5568188976377955
20
-2.5728543307086613
11
2.5606259842519687
21
-2.576665354330709
0
LINE
8
RED3
6
CONTINUOUS
10
2.5606259842519687
20
-2.576665354330709
11
2.5625314960629924
21
-2.5804724409448818
0
LINE
8
RED3
6
CONTINUOUS
10
2.5511023622047246
20
-2.521425196850394
11
2.5511023622047246
21
-2.5404724409448818
0
LINE
8
RED3
6
CONTINUOUS
10
2.5511023622047246
20
-2.5404724409448818
11
2.5701496062992129
21
-2.5423779527559054
0
LINE
8
RED3
6
CONTINUOUS
10
2.5701496062992129
20
-2.5423779527559054
11
2.5682480314960632
21
-2.5404724409448818
0
LINE
8
RED3
6
CONTINUOUS
10
2.5682480314960632
20
-2.5404724409448818
11
2.5663425196850396
21
-2.5366653543307089
0
LINE
8
RED3
6
CONTINUOUS
10
2.5663425196850396
20
-2.5366653543307089
11
2.5663425196850396
21
-2.5271417322834648
0
LINE
8
RED3
6
CONTINUOUS
10
2.5663425196850396
20
-2.5271417322834648
11
2.5682480314960632
21
-2.5233307086614176
0
LINE
8
RED3
6
CONTINUOUS
10
2.5682480314960632
20
-2.5233307086614176
11
2.5701496062992129
21
-2.521425196850394
0
LINE
8
RED3
6
CONTINUOUS
10
2.5701496062992129
20
-2.521425196850394
11
2.5739606299212601
21
-2.5195236220472443
0
LINE
8
RED3
6
CONTINUOUS
10
2.5739606299212601
20
-2.5195236220472443
11
2.5834842519685042
21
-2.5195236220472443
0
LINE
8
RED3
6
CONTINUOUS
10
2.5834842519685042
20
-2.5195236220472443
11
2.5872952755905514
21
-2.521425196850394
0
LINE
8
RED3
6
CONTINUOUS
10
2.5872952755905514
20
-2.521425196850394
11
2.589200787401575
21
-2.5233307086614176
0
LINE
8
RED3
6
CONTINUOUS
10
2.589200787401575
20
-2.5233307086614176
11
2.5911023622047247
21
-2.5271417322834648
0
LINE
8
RED3
6
CONTINUOUS
10
2.5911023622047247
20
-2.5271417322834648
11
2.5911023622047247
21
-2.5366653543307089
0
LINE
8
RED3
6
CONTINUOUS
10
2.5911023622047247
20
-2.5366653543307089
11
2.589200787401575
21
-2.5404724409448818
0
LINE
8
RED3
6
CONTINUOUS
10
2.589200787401575
20
-2.5404724409448818
11
2.5872952755905514
21
-2.5423779527559054
0
LINE
8
RED2
6
CONTINUOUS
10
2.7000000000000002
20
-2.6499999999999999
11
2.7000000000000002
21
-2.4500000000000002
0
LINE
8
CYAN2
6
CONTINUOUS
10
2.6975511811023622
20
-2.745236220472441
11
2.6994566929133859
21
-2.7395196850393702
0
LINE
8
CYAN2
6
CONTINUOUS
10
2.6994566929133859
20
-2.7395196850393702
11
2.7013622047244095
21
-2.7376181102362205
0
LINE
8
CYAN2
6
CONTINUOUS
10
2.7013622047244095
20
-2.7376181102362205
11
2.7051732283464567
21
-2.7357125984251969
0
LINE
8
CYAN2
6
CONTINUOUS
10
2.7051732283464567
20
-2.7357125984251969
11
2.7108858267716536
21
-2.7357125984251969
0
LINE
8
CYAN2
6
CONTINUOUS
10
2.7108858267716536
20
-2.7357125984251969
11
2.7146968503937008
21
-2.7376181102362205
0
LINE
8
CYAN2
6
CONTINUOUS
10
2.7146968503937008
20
-2.7376181102362205
11
2.7166023622047244
21
-2.7395196850393702
0
LINE
8
CYAN2
6
CONTINUOUS
10
2.7166023622047244
20
-2.7395196850393702
11
2.7185039370078741
21
-2.7433307086614174
0
LINE
8
CYAN2
6
CONTINUOUS
10
2.7185039370078741
20
-2.7433307086614174
11
2.7185039370078741
21
-2.7585669291338584
0
LINE
8
CYAN2
6
CONTINUOUS
10
2.7185039370078741
20
-2.7585669291338584
11
2.678503937007874
21
-2.7585669291338584
0
LINE
8
CYAN2
6
CONTINUOUS
10
2.678503937007874
20
-2.7585669291338584
11
2.678503937007874
21
-2.745236220472441
0
LINE
8
CYAN2
6
CONTINUOUS
10
2.678503937007874
20
-2.745236220472441
11
2.6804094488188976
21
-2.7414251968503938
0
LINE
8
CYAN2
6
CONTINUOUS
10
2.6804094488188976
20
-2.7414251968503938
11
2.6823149606299213
21
-2.7395196850393702
0
LINE
8
CYAN2
6
CONTINUOUS
10
2.6823149606299213
20
-2.7395196850393702
11
2.6861259842519685
21
-2.7376181102362205
0
LINE
8
CYAN2
6
CONTINUOUS
10
2.6861259842519685
20
-2.7376181102362205
11
2.6899330708661418
21
-2.7376181102362205
0
LINE
8
CYAN2
6
CONTINUOUS
10
2.6899330708661418
20
-2.7376181102362205
11
2.693744094488189
21
-2.7395196850393702
0
LINE
8
CYAN2
6
CONTINUOUS
10
2.693744094488189
20
-2.7395196850393702
11
2.6956496062992126
21
-2.7414251968503938
0
LINE
8
CYAN2
6
CONTINUOUS
10
2.6956496062992126
20
-2.7414251968503938
11
2.6975511811023622
21
-2.745236220472441
0
LINE
8
CYAN2
6
CONTINUOUS
10
2.6975511811023622
20
-2.745236220472441
11
2.6975511811023622
21
-2.7585669291338584
0
LINE
8
CYAN2
6
CONTINUOUS
10
2.6918385826771654
20
-2.7014251968503937
11
2.7185039370078741
21
-2.7014251968503937
0
LINE
8
CYAN2
6
CONTINUOUS
10
2.6766023622047244
20
-2.7109488188976378
11
2.7051732283464567
21
-2.7204724409448819
0
LINE
8
CYAN2
6
CONTINUOUS
10
2.7051732283464567
20
-2.7204724409448819
11
2.7051732283464567
21
-2.6957125984251968
0
LINE
8
RED3
6
CONTINUOUS
10
2.6911023622047243
20
-2.5576181102362208
11
2.6911023622047243
21
-2.5804724409448818
0
LINE
8
RED3
6
CONTINUOUS
10
2.6911023622047243
20
-2.5690433070866141
11
2.6511023622047247
21
-2.5690433070866141
0
LINE
8
RED3
6
CONTINUOUS
10
2.6511023622047247
20
-2.5690433070866141
11
2.6568188976377956
21
-2.5728543307086613
0
LINE
8
RED3
6
CONTINUOUS
10
2.6568188976377956
20
-2.5728543307086613
11
2.6606259842519684
21
-2.576665354330709
0
LINE
8
RED3
6
CONTINUOUS
10
2.6606259842519684
20
-2.576665354330709
11
2.6625314960629924
21
-2.5804724409448818
0
LINE
8
RED3
6
CONTINUOUS
10
2.6644370078740161
20
-2.5233307086614176
11
2.6911023622047243
21
-2.5233307086614176
0
LINE
8
RED3
6
CONTINUOUS
10
2.6492007874015751
20
-2.5328543307086617
11
2.6777716535433074
21
-2.5423779527559054
0
LINE
8
RED3
6
CONTINUOUS
10
2.6777716535433074
20
-2.5423779527559054
11
2.6777716535433074
21
-2.5176181102362207
0
LINE
8
RED2
6
CONTINUOUS
10
2.8000000000000003
20
-2.6499999999999999
11
2.8000000000000003
21
-2.4500000000000002
0
LINE
8
CYAN2
6
CONTINUOUS
10
2.7975511811023623
20
-2.745236220472441
11
2.7994566929133859
21
-2.7395196850393702
0
LINE
8
CYAN2
6
CONTINUOUS
10
2.7994566929133859
20
-2.7395196850393702
11
2.8013622047244096
21
-2.7376181102362205
0
LINE
8
CYAN2
6
CONTINUOUS
10
2.8013622047244096
20
-2.7376181102362205
11
2.8051732283464568
21
-2.7357125984251969
0
LINE
8
CYAN2
6
CONTINUOUS
10
2.8051732283464568
20
-2.7357125984251969
11
2.8108858267716537
21
-2.7357125984251969
0
LINE
8
CYAN2
6
CONTINUOUS
10
2.8108858267716537
20
-2.7357125984251969
11
2.8146968503937009
21
-2.7376181102362205
0
LINE
8
CYAN2
6
CONTINUOUS
10
2.8146968503937009
20
-2.7376181102362205
11
2.8166023622047245
21
-2.7395196850393702
0
LINE
8
CYAN2
6
CONTINUOUS
10
2.8166023622047245
20
-2.7395196850393702
11
2.8185039370078742
21
-2.7433307086614174
0
LINE
8
CYAN2
6
CONTINUOUS
10
2.8185039370078742
20
-2.7433307086614174
11
2.8185039370078742
21
-2.7585669291338584
0
LINE
8
CYAN2
6
CONTINUOUS
10
2.8185039370078742
20
-2.7585669291338584
11
2.7785039370078741
21
-2.7585669291338584
0
LINE
8
CYAN2
6
CONTINUOUS
10
2.7785039370078741
20
-2.7585669291338584
11
2.7785039370078741
21
-2.745236220472441
0
LINE
8
CYAN2
6
CONTINUOUS
10
2.7785039370078741
20
-2.745236220472441
11
2.7804094488188977
21
-2.7414251968503938
0
LINE
8
CYAN2
6
CONTINUOUS
10
2.7804094488188977
20
-2.7414251968503938
11
2.7823149606299213
21
-2.7395196850393702
0
LINE
8
CYAN2
6
CONTINUOUS
10
2.7823149606299213
20
-2.7395196850393702
11
2.7861259842519686
21
-2.7376181102362205
0
LINE
8
CYAN2
6
CONTINUOUS
10
2.7861259842519686
20
-2.7376181102362205
11
2.7899330708661418
21
-2.7376181102362205
0
LINE
8
CYAN2
6
CONTINUOUS
10
2.7899330708661418
20
-2.7376181102362205
11
2.7937440944881891
21
-2.7395196850393702
0
LINE
8
CYAN2
6
CONTINUOUS
10
2.7937440944881891
20
-2.7395196850393702
11
2.7956496062992127
21
-2.7414251968503938
0
LINE
8
CYAN2
6
CONTINUOUS
10
2.7956496062992127
20
-2.7414251968503938
11
2.7975511811023623
21
-2.745236220472441
0
LINE
8
CYAN2
6
CONTINUOUS
10
2.7975511811023623
20
-2.745236220472441
11
2.7975511811023623
21
-2.7585669291338584
0
LINE
8
CYAN2
6
CONTINUOUS
10
2.7785039370078741
20
-2.6995196850393701
11
2.7785039370078741
21
-2.7185669291338583
0
LINE
8
CYAN2
6
CONTINUOUS
10
2.7785039370078741
20
-2.7185669291338583
11
2.7975511811023623
21
-2.7204724409448819
0
LINE
8
CYAN2
6
CONTINUOUS
10
2.7975511811023623
20
-2.7204724409448819
11
2.7956496062992127
21
-2.7185669291338583
0
LINE
8
CYAN2
6
CONTINUOUS
10
2.7956496062992127
20
-2.7185669291338583
11
2.7937440944881891
21
-2.7147598425196851
0
LINE
8
CYAN2
6
CONTINUOUS
10
2.7937440944881891
20
-2.7147598425196851
11
2.7937440944881891
21
-2.7052362204724409
0
LINE
8
CYAN2
6
CONTINUOUS
10
2.7937440944881891
20
-2.7052362204724409
11
2.7956496062992127
21
-2.7014251968503937
0
LINE
8
CYAN2
6
CONTINUOUS
10
2.7956496062992127
20
-2.7014251968503937
11
2.7975511811023623
21
-2.6995196850393701
0
LINE
8
CYAN2
6
CONTINUOUS
10
2.7975511811023623
20
-2.6995196850393701
11
2.8013622047244096
21
-2.6976181102362204
0
LINE
8
CYAN2
6
CONTINUOUS
10
2.8013622047244096
20
-2.6976181102362204
11
2.8108858267716537
21
-2.6976181102362204
0
LINE
8
CYAN2
6
CONTINUOUS
10
2.8108858267716537
20
-2.6976181102362204
11
2.8146968503937009
21
-2.6995196850393701
0
LINE
8
CYAN2
6
CONTINUOUS
10
2.8146968503937009
20
-2.6995196850393701
11
2.8166023622047245
21
-2.7014251968503937
0
LINE
8
CYAN2
6
CONTINUOUS
10
2.8166023622047245
20
-2.7014251968503937
11
2.8185039370078742
21
-2.7052362204724409
0
LINE
8
CYAN2
6
CONTINUOUS
10
2.8185039370078742
20
-2.7052362204724409
11
2.8185039370078742
21
-2.7147598425196851
0
LINE
8
CYAN2
6
CONTINUOUS
10
2.8185039370078742
20
-2.7147598425196851
11
2.8166023622047245
21
-2.7185669291338583
0
LINE
8
CYAN2
6
CONTINUOUS
10
2.8166023622047245
20
-2.7185669291338583
11
2.8146968503937009
21
-2.7204724409448819
0
LINE
8
RED3
6
CONTINUOUS
10
2.7911023622047244
20
-2.5576181102362208
11
2.7911023622047244
21
-2.5804724409448818
0
LINE
8
RED3
6
CONTINUOUS
10
2.7911023622047244
20
-2.5690433070866141
11
2.7511023622047244
21
-2.5690433070866141
0
LINE
8
RED3
6
CONTINUOUS
10
2.7511023622047244
20
-2.5690433070866141
11
2.7568188976377952
21
-2.5728543307086613
0
LINE
8
RED3
6
CONTINUOUS
10
2.7568188976377952
20
-2.5728543307086613
11
2.7606259842519685
21
-2.576665354330709
0
LINE
8
RED3
6
CONTINUOUS
10
2.7606259842519685
20
-2.576665354330709
11
2.7625314960629921
21
-2.5804724409448818
0
LINE
8
RED3
6
CONTINUOUS
10
2.7511023622047244
20
-2.5442834645669294
11
2.7511023622047244
21
-2.5195236220472443
0
LINE
8
RED3
6
CONTINUOUS
10
2.7511023622047244
20
-2.5195236220472443
11
2.7663425196850393
21
-2.5328543307086617
0
LINE
8
RED3
6
CONTINUOUS
10
2.7663425196850393
20
-2.5328543307086617
11
2.7663425196850393
21
-2.5271417322834648
0
LINE
8
RED3
6
CONTINUOUS
10
2.7663425196850393
20
-2.5271417322834648
11
2.7682480314960629
21
-2.5233307086614176
0
LINE
8
RED3
6
CONTINUOUS
10
2.7682480314960629
20
-2.5233307086614176
11
2.7701496062992126
21
-2.521425196850394
0
LINE
8
RED3
6
CONTINUOUS
10
2.7701496062992126
20
-2.521425196850394
11
2.7739606299212598
21
-2.5195236220472443
0
LINE
8
RED3
6
CONTINUOUS
10
2.7739606299212598
20
-2.5195236220472443
11
2.7834842519685039
21
-2.5195236220472443
0
LINE
8
RED3
6
CONTINUOUS
10
2.7834842519685039
20
-2.5195236220472443
11
2.7872952755905511
21
-2.521425196850394
0
LINE
8
RED3
6
CONTINUOUS
10
2.7872952755905511
20
-2.521425196850394
11
2.7892007874015747
21
-2.5233307086614176
0
LINE
8
RED3
6
CONTINUOUS
10
2.7892007874015747
20
-2.5233307086614176
11
2.7911023622047244
21
-2.5271417322834648
0
LINE
8
RED3
6
CONTINUOUS
10
2.7911023622047244
20
-2.5271417322834648
11
2.7911023622047244
21
-2.5385708661417326
0
LINE
8
RED3
6
CONTINUOUS
10
2.7911023622047244
20
-2.5385708661417326
11
2.7892007874015747
21
-2.5423779527559054
0
LINE
8
RED3
6
CONTINUOUS
10
2.7892007874015747
20
-2.5423779527559054
11
2.7872952755905511
21
-2.5442834645669294
0
LINE
8
RED2
6
CONTINUOUS
10
2.8999999999999999
20
-2.6499999999999999
11
2.8999999999999999
21
-2.4500000000000002
0
LINE
8
CYAN2
6
CONTINUOUS
10
2.8975511811023624
20
-2.745236220472441
11
2.899456692913386
21
-2.7395196850393702
0
LINE
8
CYAN2
6
CONTINUOUS
10
2.899456692913386
20
-2.7395196850393702
11
2.9013622047244096
21
-2.7376181102362205
0
LINE
8
CYAN2
6
CONTINUOUS
10
2.9013622047244096
20
-2.7376181102362205
11
2.9051732283464569
21
-2.7357125984251969
0
LINE
8
CYAN2
6
CONTINUOUS
10
2.9051732283464569
20
-2.7357125984251969
11
2.9108858267716538
21
-2.7357125984251969
0
LINE
8
CYAN2
6
CONTINUOUS
10
2.9108858267716538
20
-2.7357125984251969
11
2.914696850393701
21
-2.7376181102362205
0
LINE
8
CYAN2
6
CONTINUOUS
10
2.914696850393701
20
-2.7376181102362205
11
2.9166023622047246
21
-2.7395196850393702
0
LINE
8
CYAN2
6
CONTINUOUS
10
2.9166023622047246
20
-2.7395196850393702
11
2.9185039370078742
21
-2.7433307086614174
0
LINE
8
CYAN2
6
CONTINUOUS
10
2.9185039370078742
20
-2.7433307086614174
11
2.9185039370078742
21
-2.7585669291338584
0
LINE
8
CYAN2
6
CONTINUOUS
10
2.9185039370078742
20
-2.7585669291338584
11
2.8785039370078742
21
-2.7585669291338584
0
LINE
8
CYAN2
6
CONTINUOUS
10
2.8785039370078742
20
-2.7585669291338584
11
2.8785039370078742
21
-2.745236220472441
0
LINE
8
CYAN2
6
CONTINUOUS
10
2.8785039370078742
20
-2.745236220472441
11
2.8804094488188978
21
-2.7414251968503938
0
LINE
8
CYAN2
6
CONTINUOUS
10
2.8804094488188978
20
-2.7414251968503938
11
2.8823149606299214
21
-2.7395196850393702
0
LINE
8
CYAN2
6
CONTINUOUS
10
2.8823149606299214
20
-2.7395196850393702
11
2.8861259842519686
21
-2.7376181102362205
0
LINE
8
CYAN2
6
CONTINUOUS
10
2.8861259842519686
20
-2.7376181102362205
11
2.8899330708661419
21
-2.7376181102362205
0
LINE
8
CYAN2
6
CONTINUOUS
10
2.8899330708661419
20
-2.7376181102362205
11
2.8937440944881891
21
-2.7395196850393702
0
LINE
8
CYAN2
6
CONTINUOUS
10
2.8937440944881891
20
-2.7395196850393702
11
2.8956496062992128
21
-2.7414251968503938
0
LINE
8
CYAN2
6
CONTINUOUS
10
2.8956496062992128
20
-2.7414251968503938
11
2.8975511811023624
21
-2.745236220472441
0
LINE
8
CYAN2
6
CONTINUOUS
10
2.8975511811023624
20
-2.745236220472441
11
2.8975511811023624
21
-2.7585669291338584
0
LINE
8
CYAN2
6
CONTINUOUS
10
2.8785039370078742
20
-2.7014251968503937
11
2.8785039370078742
21
-2.7090433070866142
0
LINE
8
CYAN2
6
CONTINUOUS
10
2.8785039370078742
20
-2.7090433070866142
11
2.8804094488188978
21
-2.7128543307086614
0
LINE
8
CYAN2
6
CONTINUOUS
10
2.8804094488188978
20
-2.7128543307086614
11
2.8823149606299214
21
-2.7147598425196851
0
LINE
8
CYAN2
6
CONTINUOUS
10
2.8823149606299214
20
-2.7147598425196851
11
2.8880275590551183
21
-2.7185669291338583
0
LINE
8
CYAN2
6
CONTINUOUS
10
2.8880275590551183
20
-2.7185669291338583
11
2.8956496062992128
21
-2.7204724409448819
0
LINE
8
CYAN2
6
CONTINUOUS
10
2.8956496062992128
20
-2.7204724409448819
11
2.9108858267716538
21
-2.7204724409448819
0
LINE
8
CYAN2
6
CONTINUOUS
10
2.9108858267716538
20
-2.7204724409448819
11
2.914696850393701
21
-2.7185669291338583
0
LINE
8
CYAN2
6
CONTINUOUS
10
2.914696850393701
20
-2.7185669291338583
11
2.9166023622047246
21
-2.7166653543307087
0
LINE
8
CYAN2
6
CONTINUOUS
10
2.9166023622047246
20
-2.7166653543307087
11
2.9185039370078742
21
-2.7128543307086614
0
LINE
8
CYAN2
6
CONTINUOUS
10
2.9185039370078742
20
-2.7128543307086614
11
2.9185039370078742
21
-2.7052362204724409
0
LINE
8
CYAN2
6
CONTINUOUS
10
2.9185039370078742
20
-2.7052362204724409
11
2.9166023622047246
21
-2.7014251968503937
0
LINE
8
CYAN2
6
CONTINUOUS
10
2.9166023622047246
20
-2.7014251968503937
11
2.914696850393701
21
-2.6995196850393701
0
LINE
8
CYAN2
6
CONTINUOUS
10
2.914696850393701
20
-2.6995196850393701
11
2.9108858267716538
21
-2.6976181102362204
0
LINE
8
CYAN2
6
CONTINUOUS
10
2.9108858267716538
20
-2.6976181102362204
11
2.9013622047244096
21
-2.6976181102362204
0
LINE
8
CYAN2
6
CONTINUOUS
10
2.9013622047244096
20
-2.6976181102362204
11
2.8975511811023624
21
-2.6995196850393701
0
LINE
8
CYAN2
6
CONTINUOUS
10
2.8975511811023624
20
-2.6995196850393701
11
2.8956496062992128
21
-2.7014251968503937
0
LINE
8
CYAN2
6
CONTINUOUS
10
2.8956496062992128
20
-2.7014251968503937
11
2.8937440944881891
21
-2.7052362204724409
0
LINE
8
CYAN2
6
CONTINUOUS
10
2.8937440944881891
20
-2.7052362204724409
11
2.8937440944881891
21
-2.7128543307086614
0
LINE
8
CYAN2
6
CONTINUOUS
10
2.8937440944881891
20
-2.7128543307086614
11
2.8956496062992128
21
-2.7166653543307087
0
LINE
8
CYAN2
6
CONTINUOUS
10
2.8956496062992128
20
-2.7166653543307087
11
2.8975511811023624
21
-2.7185669291338583
0
LINE
8
CYAN2
6
CONTINUOUS
10
2.8975511811023624
20
-2.7185669291338583
11
2.9013622047244096
21
-2.7204724409448819
0
LINE
8
RED3
6
CONTINUOUS
10
2.8911023622047245
20
-2.5576181102362208
11
2.8911023622047245
21
-2.5804724409448818
0
LINE
8
RED3
6
CONTINUOUS
10
2.8911023622047245
20
-2.5690433070866141
11
2.8511023622047245
21
-2.5690433070866141
0
LINE
8
RED3
6
CONTINUOUS
10
2.8511023622047245
20
-2.5690433070866141
11
2.8568188976377953
21
-2.5728543307086613
0
LINE
8
RED3
6
CONTINUOUS
10
2.8568188976377953
20
-2.5728543307086613
11
2.8606259842519686
21
-2.576665354330709
0
LINE
8
RED3
6
CONTINUOUS
10
2.8606259842519686
20
-2.576665354330709
11
2.8625314960629922
21
-2.5804724409448818
0
LINE
8
RED3
6
CONTINUOUS
10
2.8549133858267717
20
-2.5423779527559054
11
2.8530078740157481
21
-2.5404724409448818
0
LINE
8
RED3
6
CONTINUOUS
10
2.8530078740157481
20
-2.5404724409448818
11
2.8511023622047245
21
-2.5366653543307089
0
LINE
8
RED3
6
CONTINUOUS
10
2.8511023622047245
20
-2.5366653543307089
11
2.8511023622047245
21
-2.5271417322834648
0
LINE
8
RED3
6
CONTINUOUS
10
2.8511023622047245
20
-2.5271417322834648
11
2.8530078740157481
21
-2.5233307086614176
0
LINE
8
RED3
6
CONTINUOUS
10
2.8530078740157481
20
-2.5233307086614176
11
2.8549133858267717
21
-2.521425196850394
0
LINE
8
RED3
6
CONTINUOUS
10
2.8549133858267717
20
-2.521425196850394
11
2.8587244094488189
21
-2.5195236220472443
0
LINE
8
RED3
6
CONTINUOUS
10
2.8587244094488189
20
-2.5195236220472443
11
2.8625314960629922
21
-2.5195236220472443
0
LINE
8
RED3
6
CONTINUOUS
10
2.8625314960629922
20
-2.5195236220472443
11
2.868248031496063
21
-2.521425196850394
0
LINE
8
RED3
6
CONTINUOUS
10
2.868248031496063
20
-2.521425196850394
11
2.8911023622047245
21
-2.5442834645669294
0
LINE
8
RED3
6
CONTINUOUS
10
2.8911023622047245
20
-2.5442834645669294
11
2.8911023622047245
21
-2.5195236220472443
0
LINE
8
RED2
6
CONTINUOUS
10
3.
20
-2.6499999999999999
11
3.
21
-2.4500000000000002
0
LINE
8
CYAN2
6
CONTINUOUS
10
2.9975511811023625
20
-2.745236220472441
11
2.9994566929133861
21
-2.7395196850393702
0
LINE
8
CYAN2
6
CONTINUOUS
10
2.9994566929133861
20
-2.7395196850393702
11
3.0013622047244097
21
-2.7376181102362205
0
LINE
8
CYAN2
6
CONTINUOUS
10
3.0013622047244097
20
-2.7376181102362205
11
3.0051732283464569
21
-2.7357125984251969
0
LINE
8
CYAN2
6
CONTINUOUS
10
3.0051732283464569
20
-2.7357125984251969
11
3.0108858267716538
21
-2.7357125984251969
0
LINE
8
CYAN2
6
CONTINUOUS
10
3.0108858267716538
20
-2.7357125984251969
11
3.0146968503937011
21
-2.7376181102362205
0
LINE
8
CYAN2
6
CONTINUOUS
10
3.0146968503937011
20
-2.7376181102362205
11
3.0166023622047247
21
-2.7395196850393702
0
LINE
8
CYAN2
6
CONTINUOUS
10
3.0166023622047247
20
-2.7395196850393702
11
3.0185039370078743
21
-2.7433307086614174
0
LINE
8
CYAN2
6
CONTINUOUS
10
3.0185039370078743
20
-2.7433307086614174
11
3.0185039370078743
21
-2.7585669291338584
0
LINE
8
CYAN2
6
CONTINUOUS
10
3.0185039370078743
20
-2.7585669291338584
11
2.9785039370078743
21
-2.7585669291338584
0
LINE
8
CYAN2
6
CONTINUOUS
10
2.9785039370078743
20
-2.7585669291338584
11
2.9785039370078743
21
-2.745236220472441
0
LINE
8
CYAN2
6
CONTINUOUS
10
2.9785039370078743
20
-2.745236220472441
11
2.9804094488188979
21
-2.7414251968503938
0
LINE
8
CYAN2
6
CONTINUOUS
10
2.9804094488188979
20
-2.7414251968503938
11
2.9823149606299215
21
-2.7395196850393702
0
LINE
8
CYAN2
6
CONTINUOUS
10
2.9823149606299215
20
-2.7395196850393702
11
2.9861259842519687
21
-2.7376181102362205
0
LINE
8
CYAN2
6
CONTINUOUS
10
2.9861259842519687
20
-2.7376181102362205
11
2.989933070866142
21
-2.7376181102362205
0
LINE
8
CYAN2
6
CONTINUOUS
10
2.989933070866142
20
-2.7376181102362205
11
2.9937440944881892
21
-2.7395196850393702
0
LINE
8
CYAN2
6
CONTINUOUS
10
2.9937440944881892
20
-2.7395196850393702
11
2.9956496062992128
21
-2.7414251968503938
0
LINE
8
CYAN2
6
CONTINUOUS
10
2.9956496062992128
20
-2.7414251968503938
11
2.9975511811023625
21
-2.745236220472441
0
LINE
8
CYAN2
6
CONTINUOUS
10
2.9975511811023625
20
-2.745236220472441
11
2.9975511811023625
21
-2.7585669291338584
0
LINE
8
CYAN2
6
CONTINUOUS
10
2.9785039370078743
20
-2.7223779527559056
11
2.9785039370078743
21
-2.6957125984251968
0
LINE
8
CYAN2
6
CONTINUOUS
10
2.9785039370078743
20
-2.6957125984251968
11
3.0185039370078743
21
-2.7128543307086614
0
LINE
8
RED3
6
CONTINUOUS
10
2.9911023622047246
20
-2.5576181102362208
11
2.9911023622047246
21
-2.5804724409448818
0
LINE
8
RED3
6
CONTINUOUS
10
2.9911023622047246
20
-2.5690433070866141
11
2.9511023622047245
21
-2.5690433070866141
0
LINE
8
RED3
6
CONTINUOUS
10
2.9511023622047245
20
-2.5690433070866141
11
2.9568188976377954
21
-2.5728543307086613
0
LINE
8
RED3
6
CONTINUOUS
10
2.9568188976377954
20
-2.5728543307086613
11
2.9606259842519687
21
-2.576665354330709
0
LINE
8
RED3
6
CONTINUOUS
10
2.9606259842519687
20
-2.576665354330709
11
2.9625314960629923
21
-2.5804724409448818
0
LINE
8
RED3
6
CONTINUOUS
10
2.9911023622047246
20
-2.5195236220472443
11
2.9911023622047246
21
-2.5423779527559054
0
LINE
8
RED3
6
CONTINUOUS
10
2.9911023622047246
20
-2.5309488188976377
11
2.9511023622047245
21
-2.5309488188976377
0
LINE
8
RED3
6
CONTINUOUS
10
2.9511023622047245
20
-2.5309488188976377
11
2.9568188976377954
21
-2.5347598425196853
0
LINE
8
RED3
6
CONTINUOUS
10
2.9568188976377954
20
-2.5347598425196853
11
2.9606259842519687
21
-2.5385708661417326
0
LINE
8
RED3
6
CONTINUOUS
10
2.9606259842519687
20
-2.5385708661417326
11
2.9625314960629923
21
-2.5423779527559054
0
LINE
8
LYELLOW
6
CONTINUOUS
10
5.8500000000000005
20
-3.0500000000000003
11
5.8500000000000005
21
-3.6500000000000004
0
LINE
8
LYELLOW
6
CONTINUOUS
10
5.8500000000000005
20
-3.6500000000000004
11
4.4500000000000002
21
-3.6500000000000004
0
LINE
8
LYELLOW
6
CONTINUOUS
10
4.4500000000000002
20
-3.6500000000000004
11
4.4500000000000002
21
-3.0500000000000003
0
LINE
8
LYELLOW
6
CONTINUOUS
10
4.4500000000000002
20
-3.0500000000000003
11
5.8500000000000005
21
-3.0500000000000003
0
LINE
8
RED2
6
CONTINUOUS
10
5.8500000000000005
20
-3.0500000000000003
11
5.8500000000000005
21
-3.6500000000000004
0
LINE
8
RED2
6
CONTINUOUS
10
5.8500000000000005
20
-3.6500000000000004
11
4.4500000000000002
21
-3.6500000000000004
0
LINE
8
RED2
6
CONTINUOUS
10
4.4500000000000002
20
-3.6500000000000004
11
4.4500000000000002
21
-3.0500000000000003
0
LINE
8
RED2
6
CONTINUOUS
10
4.4500000000000002
20
-3.0500000000000003
11
5.8500000000000005
21
-3.0500000000000003
0
LINE
8
RED2
6
CONTINUOUS
10
5.75
20
-3.0500000000000003
11
5.75
21
-2.8500000000000001
0
LINE
8
CYAN2
6
CONTINUOUS
10
5.7731299212598426
20
-3.1757125984251968
11
5.7231299212598428
21
-3.1757125984251968
0
LINE
8
CYAN2
6
CONTINUOUS
10
5.7231299212598428
20
-3.1757125984251968
11
5.7231299212598428
21
-3.1638070866141734
0
LINE
8
CYAN2
6
CONTINUOUS
10
5.7231299212598428
20
-3.1638070866141734
11
5.7255118110236225
21
-3.1566653543307086
0
LINE
8
CYAN2
6
CONTINUOUS
10
5.7255118110236225
20
-3.1566653543307086
11
5.7302755905511811
21
-3.1519015748031496
0
LINE
8
CYAN2
6
CONTINUOUS
10
5.7302755905511811
20
-3.1519015748031496
11
5.7350354330708662
21
-3.1495196850393703
0
LINE
8
CYAN2
6
CONTINUOUS
10
5.7350354330708662
20
-3.1495196850393703
11
5.7445590551181107
21
-3.1471417322834645
0
LINE
8
CYAN2
6
CONTINUOUS
10
5.7445590551181107
20
-3.1471417322834645
11
5.7517007874015746
21
-3.1471417322834645
0
LINE
8
CYAN2
6
CONTINUOUS
10
5.7517007874015746
20
-3.1471417322834645
11
5.7612244094488192
21
-3.1495196850393703
0
LINE
8
CYAN2
6
CONTINUOUS
10
5.7612244094488192
20
-3.1495196850393703
11
5.7659881889763778
21
-3.1519015748031496
0
LINE
8
CYAN2
6
CONTINUOUS
10
5.7659881889763778
20
-3.1519015748031496
11
5.7707519685039372
21
-3.1566653543307086
0
LINE
8
CYAN2
6
CONTINUOUS
10
5.7707519685039372
20
-3.1566653543307086
11
5.7731299212598426
21
-3.1638070866141734
0
LINE
8
CYAN2
6
CONTINUOUS
10
5.7731299212598426
20
-3.1638070866141734
11
5.7731299212598426
21
-3.1757125984251968
0
LINE
8
CYAN2
6
CONTINUOUS
10
5.7231299212598428
20
-3.1161889763779529
11
5.7231299212598428
21
-3.1114251968503939
0
LINE
8
CYAN2
6
CONTINUOUS
10
5.7231299212598428
20
-3.1114251968503939
11
5.7255118110236225
21
-3.1066653543307088
0
LINE
8
CYAN2
6
CONTINUOUS
10
5.7255118110236225
20
-3.1066653543307088
11
5.7278937007874022
21
-3.1042834645669291
0
LINE
8
CYAN2
6
CONTINUOUS
10
5.7278937007874022
20
-3.1042834645669291
11
5.7326535433070864
21
-3.1019015748031498
0
LINE
8
CYAN2
6
CONTINUOUS
10
5.7326535433070864
20
-3.1019015748031498
11
5.742177165354331
21
-3.09951968503937
0
LINE
8
CYAN2
6
CONTINUOUS
10
5.742177165354331
20
-3.09951968503937
11
5.7540826771653544
21
-3.09951968503937
0
LINE
8
CYAN2
6
CONTINUOUS
10
5.7540826771653544
20
-3.09951968503937
11
5.7636062992125989
21
-3.1019015748031498
0
LINE
8
CYAN2
6
CONTINUOUS
10
5.7636062992125989
20
-3.1019015748031498
11
5.7683700787401575
21
-3.1042834645669291
0
LINE
8
CYAN2
6
CONTINUOUS
10
5.7683700787401575
20
-3.1042834645669291
11
5.7707519685039372
21
-3.1066653543307088
0
LINE
8
CYAN2
6
CONTINUOUS
10
5.7707519685039372
20
-3.1066653543307088
11
5.7731299212598426
21
-3.1114251968503939
0
LINE
8
CYAN2
6
CONTINUOUS
10
5.7731299212598426
20
-3.1114251968503939
11
5.7731299212598426
21
-3.1161889763779529
0
LINE
8
CYAN2
6
CONTINUOUS
10
5.7731299212598426
20
-3.1161889763779529
11
5.7707519685039372
21
-3.120948818897638
0
LINE
8
CYAN2
6
CONTINUOUS
10
5.7707519685039372
20
-3.120948818897638
11
5.7683700787401575
21
-3.1233307086614173
0
LINE
8
CYAN2
6
CONTINUOUS
10
5.7683700787401575
20
-3.1233307086614173
11
5.7636062992125989
21
-3.125712598425197
0
LINE
8
CYAN2
6
CONTINUOUS
10
5.7636062992125989
20
-3.125712598425197
11
5.7540826771653544
21
-3.1280905511811024
0
LINE
8
CYAN2
6
CONTINUOUS
10
5.7540826771653544
20
-3.1280905511811024
11
5.742177165354331
21
-3.1280905511811024
0
LINE
8
CYAN2
6
CONTINUOUS
10
5.742177165354331
20
-3.1280905511811024
11
5.7326535433070864
21
-3.125712598425197
0
LINE
8
CYAN2
6
CONTINUOUS
10
5.7326535433070864
20
-3.125712598425197
11
5.7278937007874022
21
-3.1233307086614173
0
LINE
8
CYAN2
6
CONTINUOUS
10
5.7278937007874022
20
-3.1233307086614173
11
5.7255118110236225
21
-3.120948818897638
0
LINE
8
CYAN2
6
CONTINUOUS
10
5.7255118110236225
20
-3.120948818897638
11
5.7231299212598428
21
-3.1161889763779529
0
LINE
8
RED3
6
CONTINUOUS
10
5.7398779527559061
20
-2.9595196850393704
11
5.7398779527559061
21
-2.9880905511811027
0
LINE
8
RED3
6
CONTINUOUS
10
5.7398779527559061
20
-2.9738070866141735
11
5.6898779527559054
21
-2.9738070866141735
0
LINE
8
RED3
6
CONTINUOUS
10
5.6898779527559054
20
-2.9738070866141735
11
5.6970236220472446
21
-2.9785669291338586
0
LINE
8
RED3
6
CONTINUOUS
10
5.6970236220472446
20
-2.9785669291338586
11
5.7017834645669296
21
-2.9833307086614176
0
LINE
8
RED3
6
CONTINUOUS
10
5.7017834645669296
20
-2.9833307086614176
11
5.7041653543307085
21
-2.9880905511811027
0
LINE
8
RED3
6
CONTINUOUS
10
5.7065472440944882
20
-2.9166653543307088
11
5.7398779527559061
21
-2.9166653543307088
0
LINE
8
RED3
6
CONTINUOUS
10
5.6875
20
-2.9285708661417322
11
5.7232125984251967
21
-2.9404724409448821
0
LINE
8
RED3
6
CONTINUOUS
10
5.7232125984251967
20
-2.9404724409448821
11
5.7232125984251967
21
-2.909523622047244
0
LINE
8
RED2
6
CONTINUOUS
10
5.6500000000000004
20
-3.0500000000000003
11
5.6500000000000004
21
-2.8500000000000001
0
LINE
8
CYAN2
6
CONTINUOUS
10
5.6731299212598429
20
-3.1757125984251968
11
5.6231299212598431
21
-3.1757125984251968
0
LINE
8
CYAN2
6
CONTINUOUS
10
5.6231299212598431
20
-3.1757125984251968
11
5.6231299212598431
21
-3.1638070866141734
0
LINE
8
CYAN2
6
CONTINUOUS
10
5.6231299212598431
20
-3.1638070866141734
11
5.625511811023622
21
-3.1566653543307086
0
LINE
8
CYAN2
6
CONTINUOUS
10
5.625511811023622
20
-3.1566653543307086
11
5.6302755905511814
21
-3.1519015748031496
0
LINE
8
CYAN2
6
CONTINUOUS
10
5.6302755905511814
20
-3.1519015748031496
11
5.6350354330708665
21
-3.1495196850393703
0
LINE
8
CYAN2
6
CONTINUOUS
10
5.6350354330708665
20
-3.1495196850393703
11
5.6445590551181102
21
-3.1471417322834645
0
LINE
8
CYAN2
6
CONTINUOUS
10
5.6445590551181102
20
-3.1471417322834645
11
5.651700787401575
21
-3.1471417322834645
0
LINE
8
CYAN2
6
CONTINUOUS
10
5.651700787401575
20
-3.1471417322834645
11
5.6612244094488196
21
-3.1495196850393703
0
LINE
8
CYAN2
6
CONTINUOUS
10
5.6612244094488196
20
-3.1495196850393703
11
5.6659881889763781
21
-3.1519015748031496
0
LINE
8
CYAN2
6
CONTINUOUS
10
5.6659881889763781
20
-3.1519015748031496
11
5.6707519685039376
21
-3.1566653543307086
0
LINE
8
CYAN2
6
CONTINUOUS
10
5.6707519685039376
20
-3.1566653543307086
11
5.6731299212598429
21
-3.1638070866141734
0
LINE
8
CYAN2
6
CONTINUOUS
10
5.6731299212598429
20
-3.1638070866141734
11
5.6731299212598429
21
-3.1757125984251968
0
LINE
8
CYAN2
6
CONTINUOUS
10
5.6731299212598429
20
-3.09951968503937
11
5.6731299212598429
21
-3.1280905511811024
0
LINE
8
CYAN2
6
CONTINUOUS
10
5.6731299212598429
20
-3.1138070866141732
11
5.6231299212598431
21
-3.1138070866141732
0
LINE
8
CYAN2
6
CONTINUOUS
10
5.6231299212598431
20
-3.1138070866141732
11
5.6302755905511814
21
-3.1185669291338582
0
LINE
8
CYAN2
6
CONTINUOUS
10
5.6302755905511814
20
-3.1185669291338582
11
5.6350354330708665
21
-3.1233307086614173
0
LINE
8
CYAN2
6
CONTINUOUS
10
5.6350354330708665
20
-3.1233307086614173
11
5.6374173228346462
21
-3.1280905511811024
0
LINE
8
RED3
6
CONTINUOUS
10
5.6398779527559055
20
-2.9595196850393704
11
5.6398779527559055
21
-2.9880905511811027
0
LINE
8
RED3
6
CONTINUOUS
10
5.6398779527559055
20
-2.9738070866141735
11
5.5898779527559057
21
-2.9738070866141735
0
LINE
8
RED3
6
CONTINUOUS
10
5.5898779527559057
20
-2.9738070866141735
11
5.597023622047244
21
-2.9785669291338586
0
LINE
8
RED3
6
CONTINUOUS
10
5.597023622047244
20
-2.9785669291338586
11
5.6017834645669291
21
-2.9833307086614176
0
LINE
8
RED3
6
CONTINUOUS
10
5.6017834645669291
20
-2.9833307086614176
11
5.6041653543307088
21
-2.9880905511811027
0
LINE
8
RED3
6
CONTINUOUS
10
5.5898779527559057
20
-2.9428543307086614
11
5.5898779527559057
21
-2.9119015748031498
0
LINE
8
RED3
6
CONTINUOUS
10
5.5898779527559057
20
-2.9119015748031498
11
5.6089251968503939
21
-2.9285708661417322
0
LINE
8
RED3
6
CONTINUOUS
10
5.6089251968503939
20
-2.9285708661417322
11
5.6089251968503939
21
-2.9214251968503939
0
LINE
8
RED3
6
CONTINUOUS
10
5.6089251968503939
20
-2.9214251968503939
11
5.6113070866141737
21
-2.9166653543307088
0
LINE
8
RED3
6
CONTINUOUS
10
5.6113070866141737
20
-2.9166653543307088
11
5.6136889763779534
21
-2.9142834645669291
0
LINE
8
RED3
6
CONTINUOUS
10
5.6136889763779534
20
-2.9142834645669291
11
5.6184488188976376
21
-2.9119015748031498
0
LINE
8
RED3
6
CONTINUOUS
10
5.6184488188976376
20
-2.9119015748031498
11
5.6303543307086619
21
-2.9119015748031498
0
LINE
8
RED3
6
CONTINUOUS
10
5.6303543307086619
20
-2.9119015748031498
11
5.6351181102362204
21
-2.9142834645669291
0
LINE
8
RED3
6
CONTINUOUS
10
5.6351181102362204
20
-2.9142834645669291
11
5.6375000000000002
21
-2.9166653543307088
0
LINE
8
RED3
6
CONTINUOUS
10
5.6375000000000002
20
-2.9166653543307088
11
5.6398779527559055
21
-2.9214251968503939
0
LINE
8
RED3
6
CONTINUOUS
10
5.6398779527559055
20
-2.9214251968503939
11
5.6398779527559055
21
-2.9357125984251971
0
LINE
8
RED3
6
CONTINUOUS
10
5.6398779527559055
20
-2.9357125984251971
11
5.6375000000000002
21
-2.9404724409448821
0
LINE
8
RED3
6
CONTINUOUS
10
5.6375000000000002
20
-2.9404724409448821
11
5.6351181102362204
21
-2.9428543307086614
0
LINE
8
RED2
6
CONTINUOUS
10
5.5499999999999998
20
-3.0500000000000003
11
5.5499999999999998
21
-2.8500000000000001
0
LINE
8
CYAN2
6
CONTINUOUS
10
5.5731299212598424
20
-3.1757125984251968
11
5.5231299212598426
21
-3.1757125984251968
0
LINE
8
CYAN2
6
CONTINUOUS
10
5.5231299212598426
20
-3.1757125984251968
11
5.5231299212598426
21
-3.1638070866141734
0
LINE
8
CYAN2
6
CONTINUOUS
10
5.5231299212598426
20
-3.1638070866141734
11
5.5255118110236223
21
-3.1566653543307086
0
LINE
8
CYAN2
6
CONTINUOUS
10
5.5255118110236223
20
-3.1566653543307086
11
5.5302755905511809
21
-3.1519015748031496
0
LINE
8
CYAN2
6
CONTINUOUS
10
5.5302755905511809
20
-3.1519015748031496
11
5.535035433070866
21
-3.1495196850393703
0
LINE
8
CYAN2
6
CONTINUOUS
10
5.535035433070866
20
-3.1495196850393703
11
5.5445590551181105
21
-3.1471417322834645
0
LINE
8
CYAN2
6
CONTINUOUS
10
5.5445590551181105
20
-3.1471417322834645
11
5.5517007874015754
21
-3.1471417322834645
0
LINE
8
CYAN2
6
CONTINUOUS
10
5.5517007874015754
20
-3.1471417322834645
11
5.561224409448819
21
-3.1495196850393703
0
LINE
8
CYAN2
6
CONTINUOUS
10
5.561224409448819
20
-3.1495196850393703
11
5.5659881889763785
21
-3.1519015748031496
0
LINE
8
CYAN2
6
CONTINUOUS
10
5.5659881889763785
20
-3.1519015748031496
11
5.5707519685039371
21
-3.1566653543307086
0
LINE
8
CYAN2
6
CONTINUOUS
10
5.5707519685039371
20
-3.1566653543307086
11
5.5731299212598424
21
-3.1638070866141734
0
LINE
8
CYAN2
6
CONTINUOUS
10
5.5731299212598424
20
-3.1638070866141734
11
5.5731299212598424
21
-3.1757125984251968
0
LINE
8
CYAN2
6
CONTINUOUS
10
5.5278937007874021
20
-3.1280905511811024
11
5.5255118110236223
21
-3.125712598425197
0
LINE
8
CYAN2
6
CONTINUOUS
10
5.5255118110236223
20
-3.125712598425197
11
5.5231299212598426
21
-3.120948818897638
0
LINE
8
CYAN2
6
CONTINUOUS
10
5.5231299212598426
20
-3.120948818897638
11
5.5231299212598426
21
-3.1090433070866141
0
LINE
8
CYAN2
6
CONTINUOUS
10
5.5231299212598426
20
-3.1090433070866141
11
5.5255118110236223
21
-3.1042834645669291
0
LINE
8
CYAN2
6
CONTINUOUS
10
5.5255118110236223
20
-3.1042834645669291
11
5.5278937007874021
21
-3.1019015748031498
0
LINE
8
CYAN2
6
CONTINUOUS
10
5.5278937007874021
20
-3.1019015748031498
11
5.5326535433070871
21
-3.09951968503937
0
LINE
8
CYAN2
6
CONTINUOUS
10
5.5326535433070871
20
-3.09951968503937
11
5.5374173228346457
21
-3.09951968503937
0
LINE
8
CYAN2
6
CONTINUOUS
10
5.5374173228346457
20
-3.09951968503937
11
5.5445590551181105
21
-3.1019015748031498
0
LINE
8
CYAN2
6
CONTINUOUS
10
5.5445590551181105
20
-3.1019015748031498
11
5.5731299212598424
21
-3.1304724409448821
0
LINE
8
CYAN2
6
CONTINUOUS
10
5.5731299212598424
20
-3.1304724409448821
11
5.5731299212598424
21
-3.09951968503937
0
LINE
8
RED3
6
CONTINUOUS
10
5.5398779527559059
20
-2.9595196850393704
11
5.5398779527559059
21
-2.9880905511811027
0
LINE
8
RED3
6
CONTINUOUS
10
5.5398779527559059
20
-2.9738070866141735
11
5.4898779527559061
21
-2.9738070866141735
0
LINE
8
RED3
6
CONTINUOUS
10
5.4898779527559061
20
-2.9738070866141735
11
5.4970236220472444
21
-2.9785669291338586
0
LINE
8
RED3
6
CONTINUOUS
10
5.4970236220472444
20
-2.9785669291338586
11
5.5017834645669295
21
-2.9833307086614176
0
LINE
8
RED3
6
CONTINUOUS
10
5.5017834645669295
20
-2.9833307086614176
11
5.5041653543307092
21
-2.9880905511811027
0
LINE
8
RED3
6
CONTINUOUS
10
5.4946417322834646
20
-2.9404724409448821
11
5.4922598425196849
21
-2.9380944881889763
0
LINE
8
RED3
6
CONTINUOUS
10
5.4922598425196849
20
-2.9380944881889763
11
5.4898779527559061
21
-2.9333307086614173
0
LINE
8
RED3
6
CONTINUOUS
10
5.4898779527559061
20
-2.9333307086614173
11
5.4898779527559061
21
-2.9214251968503939
0
LINE
8
RED3
6
CONTINUOUS
10
5.4898779527559061
20
-2.9214251968503939
11
5.4922598425196849
21
-2.9166653543307088
0
LINE
8
RED3
6
CONTINUOUS
10
5.4922598425196849
20
-2.9166653543307088
11
5.4946417322834646
21
-2.9142834645669291
0
LINE
8
RED3
6
CONTINUOUS
10
5.4946417322834646
20
-2.9142834645669291
11
5.4994015748031497
21
-2.9119015748031498
0
LINE
8
RED3
6
CONTINUOUS
10
5.4994015748031497
20
-2.9119015748031498
11
5.5041653543307092
21
-2.9119015748031498
0
LINE
8
RED3
6
CONTINUOUS
10
5.5041653543307092
20
-2.9119015748031498
11
5.5113070866141731
21
-2.9142834645669291
0
LINE
8
RED3
6
CONTINUOUS
10
5.5113070866141731
20
-2.9142834645669291
11
5.5398779527559059
21
-2.9428543307086614
0
LINE
8
RED3
6
CONTINUOUS
10
5.5398779527559059
20
-2.9428543307086614
11
5.5398779527559059
21
-2.9119015748031498
0
LINE
8
RED2
6
CONTINUOUS
10
5.4500000000000002
20
-3.0500000000000003
11
5.4500000000000002
21
-2.8500000000000001
0
LINE
8
CYAN2
6
CONTINUOUS
10
5.4731299212598428
20
-3.1757125984251968
11
5.4231299212598429
21
-3.1757125984251968
0
LINE
8
CYAN2
6
CONTINUOUS
10
5.4231299212598429
20
-3.1757125984251968
11
5.4231299212598429
21
-3.1638070866141734
0
LINE
8
CYAN2
6
CONTINUOUS
10
5.4231299212598429
20
-3.1638070866141734
11
5.4255118110236227
21
-3.1566653543307086
0
LINE
8
CYAN2
6
CONTINUOUS
10
5.4255118110236227
20
-3.1566653543307086
11
5.4302755905511813
21
-3.1519015748031496
0
LINE
8
CYAN2
6
CONTINUOUS
10
5.4302755905511813
20
-3.1519015748031496
11
5.4350354330708663
21
-3.1495196850393703
0
LINE
8
CYAN2
6
CONTINUOUS
10
5.4350354330708663
20
-3.1495196850393703
11
5.44455905511811
21
-3.1471417322834645
0
LINE
8
CYAN2
6
CONTINUOUS
10
5.44455905511811
20
-3.1471417322834645
11
5.4517007874015748
21
-3.1471417322834645
0
LINE
8
CYAN2
6
CONTINUOUS
10
5.4517007874015748
20
-3.1471417322834645
11
5.4612244094488194
21
-3.1495196850393703
0
LINE
8
CYAN2
6
CONTINUOUS
10
5.4612244094488194
20
-3.1495196850393703
11
5.4659881889763779
21
-3.1519015748031496
0
LINE
8
CYAN2
6
CONTINUOUS
10
5.4659881889763779
20
-3.1519015748031496
11
5.4707519685039374
21
-3.1566653543307086
0
LINE
8
CYAN2
6
CONTINUOUS
10
5.4707519685039374
20
-3.1566653543307086
11
5.4731299212598428
21
-3.1638070866141734
0
LINE
8
CYAN2
6
CONTINUOUS
10
5.4731299212598428
20
-3.1638070866141734
11
5.4731299212598428
21
-3.1757125984251968
0
LINE
8
CYAN2
6
CONTINUOUS
10
5.4231299212598429
20
-3.1304724409448821
11
5.4231299212598429
21
-3.09951968503937
0
LINE
8
CYAN2
6
CONTINUOUS
10
5.4231299212598429
20
-3.09951968503937
11
5.4421771653543312
21
-3.1161889763779529
0
LINE
8
CYAN2
6
CONTINUOUS
10
5.4421771653543312
20
-3.1161889763779529
11
5.4421771653543312
21
-3.1090433070866141
0
LINE
8
CYAN2
6
CONTINUOUS
10
5.4421771653543312
20
-3.1090433070866141
11
5.44455905511811
21
-3.1042834645669291
0
LINE
8
CYAN2
6
CONTINUOUS
10
5.44455905511811
20
-3.1042834645669291
11
5.4469409448818897
21
-3.1019015748031498
0
LINE
8
CYAN2
6
CONTINUOUS
10
5.4469409448818897
20
-3.1019015748031498
11
5.4517007874015748
21
-3.09951968503937
0
LINE
8
CYAN2
6
CONTINUOUS
10
5.4517007874015748
20
-3.09951968503937
11
5.4636062992125982
21
-3.09951968503937
0
LINE
8
CYAN2
6
CONTINUOUS
10
5.4636062992125982
20
-3.09951968503937
11
5.4683700787401577
21
-3.1019015748031498
0
LINE
8
CYAN2
6
CONTINUOUS
10
5.4683700787401577
20
-3.1019015748031498
11
5.4707519685039374
21
-3.1042834645669291
0
LINE
8
CYAN2
6
CONTINUOUS
10
5.4707519685039374
20
-3.1042834645669291
11
5.4731299212598428
21
-3.1090433070866141
0
LINE
8
CYAN2
6
CONTINUOUS
10
5.4731299212598428
20
-3.1090433070866141
11
5.4731299212598428
21
-3.1233307086614173
0
LINE
8
CYAN2
6
CONTINUOUS
10
5.4731299212598428
20
-3.1233307086614173
11
5.4707519685039374
21
-3.1280905511811024
0
LINE
8
CYAN2
6
CONTINUOUS
10
5.4707519685039374
20
-3.1280905511811024
11
5.4683700787401577
21
-3.1304724409448821
0
LINE
8
RED3
6
CONTINUOUS
10
5.4398779527559054
20
-2.9595196850393704
11
5.4398779527559054
21
-2.9880905511811027
0
LINE
8
RED3
6
CONTINUOUS
10
5.4398779527559054
20
-2.9738070866141735
11
5.3898779527559055
21
-2.9738070866141735
0
LINE
8
RED3
6
CONTINUOUS
10
5.3898779527559055
20
-2.9738070866141735
11
5.3970236220472447
21
-2.9785669291338586
0
LINE
8
RED3
6
CONTINUOUS
10
5.3970236220472447
20
-2.9785669291338586
11
5.4017834645669289
21
-2.9833307086614176
0
LINE
8
RED3
6
CONTINUOUS
10
5.4017834645669289
20
-2.9833307086614176
11
5.4041653543307087
21
-2.9880905511811027
0
LINE
8
RED3
6
CONTINUOUS
10
5.4398779527559054
20
-2.9119015748031498
11
5.4398779527559054
21
-2.9404724409448821
0
LINE
8
RED3
6
CONTINUOUS
10
5.4398779527559054
20
-2.9261889763779529
11
5.3898779527559055
21
-2.9261889763779529
0
LINE
8
RED3
6
CONTINUOUS
10
5.3898779527559055
20
-2.9261889763779529
11
5.3970236220472447
21
-2.930948818897638
0
LINE
8
RED3
6
CONTINUOUS
10
5.3970236220472447
20
-2.930948818897638
11
5.4017834645669289
21
-2.9357125984251971
0
LINE
8
RED3
6
CONTINUOUS
10
5.4017834645669289
20
-2.9357125984251971
11
5.4041653543307087
21
-2.9404724409448821
0
CIRCLE
8
RED2
10
5.25
20
-3.0249999999999999
40
0.025
0
LINE
8
RED2
6
CONTINUOUS
10
5.25
20
-3.
11
5.25
21
-2.8500000000000001
0
LINE
8
CYAN2
6
CONTINUOUS
10
5.2231299212598428
20
-3.2114291338582679
11
5.2231299212598428
21
-3.2019055118110238
0
LINE
8
CYAN2
6
CONTINUOUS
10
5.2231299212598428
20
-3.2019055118110238
11
5.2255118110236225
21
-3.1971417322834648
0
LINE
8
CYAN2
6
CONTINUOUS
10
5.2255118110236225
20
-3.1971417322834648
11
5.2302755905511811
21
-3.1923818897637797
0
LINE
8
CYAN2
6
CONTINUOUS
10
5.2302755905511811
20
-3.1923818897637797
11
5.2397992125984256
21
-3.1899999999999999
0
LINE
8
CYAN2
6
CONTINUOUS
10
5.2397992125984256
20
-3.1899999999999999
11
5.2564645669291341
21
-3.1899999999999999
0
LINE
8
CYAN2
6
CONTINUOUS
10
5.2564645669291341
20
-3.1899999999999999
11
5.2659881889763778
21
-3.1923818897637797
0
LINE
8
CYAN2
6
CONTINUOUS
10
5.2659881889763778
20
-3.1923818897637797
11
5.2707519685039372
21
-3.1971417322834648
0
LINE
8
CYAN2
6
CONTINUOUS
10
5.2707519685039372
20
-3.1971417322834648
11
5.2731299212598426
21
-3.2019055118110238
0
LINE
8
CYAN2
6
CONTINUOUS
10
5.2731299212598426
20
-3.2019055118110238
11
5.2731299212598426
21
-3.2114291338582679
0
LINE
8
CYAN2
6
CONTINUOUS
10
5.2731299212598426
20
-3.2114291338582679
11
5.2707519685039372
21
-3.216188976377953
0
LINE
8
CYAN2
6
CONTINUOUS
10
5.2707519685039372
20
-3.216188976377953
11
5.2659881889763778
21
-3.220952755905512
0
LINE
8
CYAN2
6
CONTINUOUS
10
5.2659881889763778
20
-3.220952755905512
11
5.2564645669291341
21
-3.2233307086614174
0
LINE
8
CYAN2
6
CONTINUOUS
10
5.2564645669291341
20
-3.2233307086614174
11
5.2397992125984256
21
-3.2233307086614174
0
LINE
8
CYAN2
6
CONTINUOUS
10
5.2397992125984256
20
-3.2233307086614174
11
5.2302755905511811
21
-3.220952755905512
0
LINE
8
CYAN2
6
CONTINUOUS
10
5.2302755905511811
20
-3.220952755905512
11
5.2255118110236225
21
-3.216188976377953
0
LINE
8
CYAN2
6
CONTINUOUS
10
5.2255118110236225
20
-3.216188976377953
11
5.2231299212598428
21
-3.2114291338582679
0
LINE
8
CYAN2
6
CONTINUOUS
10
5.2707519685039372
20
-3.1495236220472442
11
5.2731299212598426
21
-3.1542834645669293
0
LINE
8
CYAN2
6
CONTINUOUS
10
5.2731299212598426
20
-3.1542834645669293
11
5.2731299212598426
21
-3.1638070866141734
0
LINE
8
CYAN2
6
CONTINUOUS
10
5.2731299212598426
20
-3.1638070866141734
11
5.2707519685039372
21
-3.1685708661417324
0
LINE
8
CYAN2
6
CONTINUOUS
10
5.2707519685039372
20
-3.1685708661417324
11
5.2659881889763778
21
-3.1709488188976378
0
LINE
8
CYAN2
6
CONTINUOUS
10
5.2659881889763778
20
-3.1709488188976378
11
5.2469409448818896
21
-3.1709488188976378
0
LINE
8
CYAN2
6
CONTINUOUS
10
5.2469409448818896
20
-3.1709488188976378
11
5.242177165354331
21
-3.1685708661417324
0
LINE
8
CYAN2
6
CONTINUOUS
10
5.242177165354331
20
-3.1685708661417324
11
5.2397992125984256
21
-3.1638070866141734
0
LINE
8
CYAN2
6
CONTINUOUS
10
5.2397992125984256
20
-3.1638070866141734
11
5.2397992125984256
21
-3.1542834645669293
0
LINE
8
CYAN2
6
CONTINUOUS
10
5.2397992125984256
20
-3.1542834645669293
11
5.242177165354331
21
-3.1495236220472442
0
LINE
8
CYAN2
6
CONTINUOUS
10
5.242177165354331
20
-3.1495236220472442
11
5.2469409448818896
21
-3.1471417322834645
0
LINE
8
CYAN2
6
CONTINUOUS
10
5.2469409448818896
20
-3.1471417322834645
11
5.2517007874015746
21
-3.1471417322834645
0
LINE
8
CYAN2
6
CONTINUOUS
10
5.2517007874015746
20
-3.1471417322834645
11
5.2564645669291341
21
-3.1709488188976378
0
LINE
8
CYAN2
6
CONTINUOUS
10
5.2731299212598426
20
-3.09951968503937
11
5.2731299212598426
21
-3.1280905511811024
0
LINE
8
CYAN2
6
CONTINUOUS
10
5.2731299212598426
20
-3.1138070866141732
11
5.2231299212598428
21
-3.1138070866141732
0
LINE
8
CYAN2
6
CONTINUOUS
10
5.2231299212598428
20
-3.1138070866141732
11
5.2302755905511811
21
-3.1185669291338582
0
LINE
8
CYAN2
6
CONTINUOUS
10
5.2302755905511811
20
-3.1185669291338582
11
5.2350354330708662
21
-3.1233307086614173
0
LINE
8
CYAN2
6
CONTINUOUS
10
5.2350354330708662
20
-3.1233307086614173
11
5.2374173228346459
21
-3.1280905511811024
0
LINE
8
RED3
6
CONTINUOUS
10
5.2398779527559061
20
-2.9357086614173231
11
5.2398779527559061
21
-2.9642795275590554
0
LINE
8
RED3
6
CONTINUOUS
10
5.2398779527559061
20
-2.9499960629921262
11
5.1898779527559054
21
-2.9499960629921262
0
LINE
8
RED3
6
CONTINUOUS
10
5.1898779527559054
20
-2.9499960629921262
11
5.1970236220472446
21
-2.9547559055118113
0
LINE
8
RED3
6
CONTINUOUS
10
5.1970236220472446
20
-2.9547559055118113
11
5.2017834645669296
21
-2.9595196850393704
0
LINE
8
RED3
6
CONTINUOUS
10
5.2017834645669296
20
-2.9595196850393704
11
5.2041653543307085
21
-2.9642795275590554
0
CIRCLE
8
RED2
10
5.1500000000000004
20
-3.0249999999999999
40
0.025
0
LINE
8
RED2
6
CONTINUOUS
10
5.1500000000000004
20
-3.
11
5.1500000000000004
21
-2.8500000000000001
0
LINE
8
CYAN2
6
CONTINUOUS
10
5.1231299212598431
20
-3.2114291338582679
11
5.1231299212598431
21
-3.2019055118110238
0
LINE
8
CYAN2
6
CONTINUOUS
10
5.1231299212598431
20
-3.2019055118110238
11
5.125511811023622
21
-3.1971417322834648
0
LINE
8
CYAN2
6
CONTINUOUS
10
5.125511811023622
20
-3.1971417322834648
11
5.1302755905511814
21
-3.1923818897637797
0
LINE
8
CYAN2
6
CONTINUOUS
10
5.1302755905511814
20
-3.1923818897637797
11
5.1397992125984251
21
-3.1899999999999999
0
LINE
8
CYAN2
6
CONTINUOUS
10
5.1397992125984251
20
-3.1899999999999999
11
5.1564645669291345
21
-3.1899999999999999
0
LINE
8
CYAN2
6
CONTINUOUS
10
5.1564645669291345
20
-3.1899999999999999
11
5.1659881889763781
21
-3.1923818897637797
0
LINE
8
CYAN2
6
CONTINUOUS
10
5.1659881889763781
20
-3.1923818897637797
11
5.1707519685039376
21
-3.1971417322834648
0
LINE
8
CYAN2
6
CONTINUOUS
10
5.1707519685039376
20
-3.1971417322834648
11
5.1731299212598429
21
-3.2019055118110238
0
LINE
8
CYAN2
6
CONTINUOUS
10
5.1731299212598429
20
-3.2019055118110238
11
5.1731299212598429
21
-3.2114291338582679
0
LINE
8
CYAN2
6
CONTINUOUS
10
5.1731299212598429
20
-3.2114291338582679
11
5.1707519685039376
21
-3.216188976377953
0
LINE
8
CYAN2
6
CONTINUOUS
10
5.1707519685039376
20
-3.216188976377953
11
5.1659881889763781
21
-3.220952755905512
0
LINE
8
CYAN2
6
CONTINUOUS
10
5.1659881889763781
20
-3.220952755905512
11
5.1564645669291345
21
-3.2233307086614174
0
LINE
8
CYAN2
6
CONTINUOUS
10
5.1564645669291345
20
-3.2233307086614174
11
5.1397992125984251
21
-3.2233307086614174
0
LINE
8
CYAN2
6
CONTINUOUS
10
5.1397992125984251
20
-3.2233307086614174
11
5.1302755905511814
21
-3.220952755905512
0
LINE
8
CYAN2
6
CONTINUOUS
10
5.1302755905511814
20
-3.220952755905512
11
5.125511811023622
21
-3.216188976377953
0
LINE
8
CYAN2
6
CONTINUOUS
10
5.125511811023622
20
-3.216188976377953
11
5.1231299212598431
21
-3.2114291338582679
0
LINE
8
CYAN2
6
CONTINUOUS
10
5.1707519685039376
20
-3.1495236220472442
11
5.1731299212598429
21
-3.1542834645669293
0
LINE
8
CYAN2
6
CONTINUOUS
10
5.1731299212598429
20
-3.1542834645669293
11
5.1731299212598429
21
-3.1638070866141734
0
LINE
8
CYAN2
6
CONTINUOUS
10
5.1731299212598429
20
-3.1638070866141734
11
5.1707519685039376
21
-3.1685708661417324
0
LINE
8
CYAN2
6
CONTINUOUS
10
5.1707519685039376
20
-3.1685708661417324
11
5.1659881889763781
21
-3.1709488188976378
0
LINE
8
CYAN2
6
CONTINUOUS
10
5.1659881889763781
20
-3.1709488188976378
11
5.1469409448818899
21
-3.1709488188976378
0
LINE
8
CYAN2
6
CONTINUOUS
10
5.1469409448818899
20
-3.1709488188976378
11
5.1421771653543313
21
-3.1685708661417324
0
LINE
8
CYAN2
6
CONTINUOUS
10
5.1421771653543313
20
-3.1685708661417324
11
5.1397992125984251
21
-3.1638070866141734
0
LINE
8
CYAN2
6
CONTINUOUS
10
5.1397992125984251
20
-3.1638070866141734
11
5.1397992125984251
21
-3.1542834645669293
0
LINE
8
CYAN2
6
CONTINUOUS
10
5.1397992125984251
20
-3.1542834645669293
11
5.1421771653543313
21
-3.1495236220472442
0
LINE
8
CYAN2
6
CONTINUOUS
10
5.1421771653543313
20
-3.1495236220472442
11
5.1469409448818899
21
-3.1471417322834645
0
LINE
8
CYAN2
6
CONTINUOUS
10
5.1469409448818899
20
-3.1471417322834645
11
5.151700787401575
21
-3.1471417322834645
0
LINE
8
CYAN2
6
CONTINUOUS
10
5.151700787401575
20
-3.1471417322834645
11
5.1564645669291345
21
-3.1709488188976378
0
LINE
8
CYAN2
6
CONTINUOUS
10
5.1278937007874017
20
-3.1280905511811024
11
5.125511811023622
21
-3.125712598425197
0
LINE
8
CYAN2
6
CONTINUOUS
10
5.125511811023622
20
-3.125712598425197
11
5.1231299212598431
21
-3.120948818897638
0
LINE
8
CYAN2
6
CONTINUOUS
10
5.1231299212598431
20
-3.120948818897638
11
5.1231299212598431
21
-3.1090433070866141
0
LINE
8
CYAN2
6
CONTINUOUS
10
5.1231299212598431
20
-3.1090433070866141
11
5.125511811023622
21
-3.1042834645669291
0
LINE
8
CYAN2
6
CONTINUOUS
10
5.125511811023622
20
-3.1042834645669291
11
5.1278937007874017
21
-3.1019015748031498
0
LINE
8
CYAN2
6
CONTINUOUS
10
5.1278937007874017
20
-3.1019015748031498
11
5.1326535433070868
21
-3.09951968503937
0
LINE
8
CYAN2
6
CONTINUOUS
10
5.1326535433070868
20
-3.09951968503937
11
5.1374173228346462
21
-3.09951968503937
0
LINE
8
CYAN2
6
CONTINUOUS
10
5.1374173228346462
20
-3.09951968503937
11
5.1445590551181102
21
-3.1019015748031498
0
LINE
8
CYAN2
6
CONTINUOUS
10
5.1445590551181102
20
-3.1019015748031498
11
5.1731299212598429
21
-3.1304724409448821
0
LINE
8
CYAN2
6
CONTINUOUS
10
5.1731299212598429
20
-3.1304724409448821
11
5.1731299212598429
21
-3.09951968503937
0
LINE
8
RED3
6
CONTINUOUS
10
5.0946417322834652
20
-2.9642795275590554
11
5.0922598425196854
21
-2.9619015748031496
0
LINE
8
RED3
6
CONTINUOUS
10
5.0922598425196854
20
-2.9619015748031496
11
5.0898779527559057
21
-2.9571377952755906
0
LINE
8
RED3
6
CONTINUOUS
10
5.0898779527559057
20
-2.9571377952755906
11
5.0898779527559057
21
-2.9452322834645672
0
LINE
8
RED3
6
CONTINUOUS
10
5.0898779527559057
20
-2.9452322834645672
11
5.0922598425196854
21
-2.9404724409448821
0
LINE
8
RED3
6
CONTINUOUS
10
5.0922598425196854
20
-2.9404724409448821
11
5.0946417322834652
21
-2.9380905511811024
0
LINE
8
RED3
6
CONTINUOUS
10
5.0946417322834652
20
-2.9380905511811024
11
5.0994015748031494
21
-2.9357086614173231
0
LINE
8
RED3
6
CONTINUOUS
10
5.0994015748031494
20
-2.9357086614173231
11
5.1041653543307088
21
-2.9357086614173231
0
LINE
8
RED3
6
CONTINUOUS
10
5.1041653543307088
20
-2.9357086614173231
11
5.1113070866141737
21
-2.9380905511811024
0
LINE
8
RED3
6
CONTINUOUS
10
5.1113070866141737
20
-2.9380905511811024
11
5.1398779527559055
21
-2.9666614173228347
0
LINE
8
RED3
6
CONTINUOUS
10
5.1398779527559055
20
-2.9666614173228347
11
5.1398779527559055
21
-2.9357086614173231
0
CIRCLE
8
RED2
10
4.9500000000000002
20
-3.0249999999999999
40
0.025
0
LINE
8
RED2
6
CONTINUOUS
10
4.9500000000000002
20
-3.
11
4.9500000000000002
21
-2.8500000000000001
0
LINE
8
CYAN2
6
CONTINUOUS
10
4.9469409448818897
20
-3.1709488188976378
11
4.9469409448818897
21
-3.1542795275590554
0
LINE
8
CYAN2
6
CONTINUOUS
10
4.9731299212598428
20
-3.1471377952755906
11
4.9731299212598428
21
-3.1709488188976378
0
LINE
8
CYAN2
6
CONTINUOUS
10
4.9731299212598428
20
-3.1709488188976378
11
4.9231299212598429
21
-3.1709488188976378
0
LINE
8
CYAN2
6
CONTINUOUS
10
4.9231299212598429
20
-3.1709488188976378
11
4.9231299212598429
21
-3.1471377952755906
0
LINE
8
CYAN2
6
CONTINUOUS
10
4.9731299212598428
20
-3.09951968503937
11
4.9731299212598428
21
-3.1280905511811024
0
LINE
8
CYAN2
6
CONTINUOUS
10
4.9731299212598428
20
-3.1138070866141732
11
4.9231299212598429
21
-3.1138070866141732
0
LINE
8
CYAN2
6
CONTINUOUS
10
4.9231299212598429
20
-3.1138070866141732
11
4.9302755905511813
21
-3.1185669291338582
0
LINE
8
CYAN2
6
CONTINUOUS
10
4.9302755905511813
20
-3.1185669291338582
11
4.9350354330708663
21
-3.1233307086614173
0
LINE
8
CYAN2
6
CONTINUOUS
10
4.9350354330708663
20
-3.1233307086614173
11
4.9374173228346461
21
-3.1280905511811024
0
LINE
8
RED3
6
CONTINUOUS
10
4.9398779527559054
20
-2.9595196850393704
11
4.9398779527559054
21
-2.9499960629921262
0
LINE
8
RED3
6
CONTINUOUS
10
4.9398779527559054
20
-2.9499960629921262
11
4.9375
21
-2.9452322834645672
0
LINE
8
RED3
6
CONTINUOUS
10
4.9375
20
-2.9452322834645672
11
4.9351181102362203
21
-2.9428543307086614
0
LINE
8
RED3
6
CONTINUOUS
10
4.9351181102362203
20
-2.9428543307086614
11
4.927972440944882
21
-2.9380905511811024
0
LINE
8
RED3
6
CONTINUOUS
10
4.927972440944882
20
-2.9380905511811024
11
4.9184488188976383
21
-2.9357086614173231
0
LINE
8
RED3
6
CONTINUOUS
10
4.9184488188976383
20
-2.9357086614173231
11
4.8994015748031501
21
-2.9357086614173231
0
LINE
8
RED3
6
CONTINUOUS
10
4.8994015748031501
20
-2.9357086614173231
11
4.894641732283465
21
-2.9380905511811024
0
LINE
8
RED3
6
CONTINUOUS
10
4.894641732283465
20
-2.9380905511811024
11
4.8922598425196853
21
-2.9404724409448821
0
LINE
8
RED3
6
CONTINUOUS
10
4.8922598425196853
20
-2.9404724409448821
11
4.8898779527559055
21
-2.9452322834645672
0
LINE
8
RED3
6
CONTINUOUS
10
4.8898779527559055
20
-2.9452322834645672
11
4.8898779527559055
21
-2.9547559055118113
0
LINE
8
RED3
6
CONTINUOUS
10
4.8898779527559055
20
-2.9547559055118113
11
4.8922598425196853
21
-2.9595196850393704
0
LINE
8
RED3
6
CONTINUOUS
10
4.8922598425196853
20
-2.9595196850393704
11
4.894641732283465
21
-2.9619015748031496
0
LINE
8
RED3
6
CONTINUOUS
10
4.894641732283465
20
-2.9619015748031496
11
4.8994015748031501
21
-2.9642795275590554
0
LINE
8
RED3
6
CONTINUOUS
10
4.8994015748031501
20
-2.9642795275590554
11
4.9113070866141735
21
-2.9642795275590554
0
LINE
8
RED3
6
CONTINUOUS
10
4.9113070866141735
20
-2.9642795275590554
11
4.9160708661417321
21
-2.9619015748031496
0
LINE
8
RED3
6
CONTINUOUS
10
4.9160708661417321
20
-2.9619015748031496
11
4.9184488188976383
21
-2.9595196850393704
0
LINE
8
RED3
6
CONTINUOUS
10
4.9184488188976383
20
-2.9595196850393704
11
4.9208307086614171
21
-2.9547559055118113
0
LINE
8
RED3
6
CONTINUOUS
10
4.9208307086614171
20
-2.9547559055118113
11
4.9208307086614171
21
-2.9452322834645672
0
LINE
8
RED3
6
CONTINUOUS
10
4.9208307086614171
20
-2.9452322834645672
11
4.9184488188976383
21
-2.9404724409448821
0
LINE
8
RED3
6
CONTINUOUS
10
4.9184488188976383
20
-2.9404724409448821
11
4.9160708661417321
21
-2.9380905511811024
0
LINE
8
RED3
6
CONTINUOUS
10
4.9160708661417321
20
-2.9380905511811024
11
4.9113070866141735
21
-2.9357086614173231
0
CIRCLE
8
RED2
10
4.8500000000000005
20
-3.0249999999999999
40
0.025
0
LINE
8
RED2
6
CONTINUOUS
10
4.8500000000000005
20
-3.
11
4.8500000000000005
21
-2.8500000000000001
0
LINE
8
CYAN2
6
CONTINUOUS
10
4.8469409448818901
20
-3.1709488188976378
11
4.8469409448818901
21
-3.1542795275590554
0
LINE
8
CYAN2
6
CONTINUOUS
10
4.8731299212598431
20
-3.1471377952755906
11
4.8731299212598431
21
-3.1709488188976378
0
LINE
8
CYAN2
6
CONTINUOUS
10
4.8731299212598431
20
-3.1709488188976378
11
4.8231299212598424
21
-3.1709488188976378
0
LINE
8
CYAN2
6
CONTINUOUS
10
4.8231299212598424
20
-3.1709488188976378
11
4.8231299212598424
21
-3.1471377952755906
0
LINE
8
CYAN2
6
CONTINUOUS
10
4.8278937007874019
20
-3.1280905511811024
11
4.8255118110236221
21
-3.125712598425197
0
LINE
8
CYAN2
6
CONTINUOUS
10
4.8255118110236221
20
-3.125712598425197
11
4.8231299212598424
21
-3.120948818897638
0
LINE
8
CYAN2
6
CONTINUOUS
10
4.8231299212598424
20
-3.120948818897638
11
4.8231299212598424
21
-3.1090433070866141
0
LINE
8
CYAN2
6
CONTINUOUS
10
4.8231299212598424
20
-3.1090433070866141
11
4.8255118110236221
21
-3.1042834645669291
0
LINE
8
CYAN2
6
CONTINUOUS
10
4.8255118110236221
20
-3.1042834645669291
11
4.8278937007874019
21
-3.1019015748031498
0
LINE
8
CYAN2
6
CONTINUOUS
10
4.8278937007874019
20
-3.1019015748031498
11
4.832653543307087
21
-3.09951968503937
0
LINE
8
CYAN2
6
CONTINUOUS
10
4.832653543307087
20
-3.09951968503937
11
4.8374173228346455
21
-3.09951968503937
0
LINE
8
CYAN2
6
CONTINUOUS
10
4.8374173228346455
20
-3.09951968503937
11
4.8445590551181104
21
-3.1019015748031498
0
LINE
8
CYAN2
6
CONTINUOUS
10
4.8445590551181104
20
-3.1019015748031498
11
4.8731299212598431
21
-3.1304724409448821
0
LINE
8
CYAN2
6
CONTINUOUS
10
4.8731299212598431
20
-3.1304724409448821
11
4.8731299212598431
21
-3.09951968503937
0
LINE
8
RED3
6
CONTINUOUS
10
4.8398779527559057
20
-2.9595196850393704
11
4.8398779527559057
21
-2.9880905511811027
0
LINE
8
RED3
6
CONTINUOUS
10
4.8398779527559057
20
-2.9738070866141735
11
4.7898779527559059
21
-2.9738070866141735
0
LINE
8
RED3
6
CONTINUOUS
10
4.7898779527559059
20
-2.9738070866141735
11
4.7970236220472442
21
-2.9785669291338586
0
LINE
8
RED3
6
CONTINUOUS
10
4.7970236220472442
20
-2.9785669291338586
11
4.8017834645669293
21
-2.9833307086614176
0
LINE
8
RED3
6
CONTINUOUS
10
4.8017834645669293
20
-2.9833307086614176
11
4.804165354330709
21
-2.9880905511811027
0
LINE
8
RED3
6
CONTINUOUS
10
4.7898779527559059
20
-2.9285708661417322
11
4.7898779527559059
21
-2.9238070866141732
0
LINE
8
RED3
6
CONTINUOUS
10
4.7898779527559059
20
-2.9238070866141732
11
4.7922598425196856
21
-2.9190472440944881
0
LINE
8
RED3
6
CONTINUOUS
10
4.7922598425196856
20
-2.9190472440944881
11
4.7946417322834645
21
-2.9166653543307088
0
LINE
8
RED3
6
CONTINUOUS
10
4.7946417322834645
20
-2.9166653543307088
11
4.7994015748031496
21
-2.9142834645669291
0
LINE
8
RED3
6
CONTINUOUS
10
4.7994015748031496
20
-2.9142834645669291
11
4.8089251968503941
21
-2.9119015748031498
0
LINE
8
RED3
6
CONTINUOUS
10
4.8089251968503941
20
-2.9119015748031498
11
4.8208307086614175
21
-2.9119015748031498
0
LINE
8
RED3
6
CONTINUOUS
10
4.8208307086614175
20
-2.9119015748031498
11
4.8303543307086612
21
-2.9142834645669291
0
LINE
8
RED3
6
CONTINUOUS
10
4.8303543307086612
20
-2.9142834645669291
11
4.8351181102362206
21
-2.9166653543307088
0
LINE
8
RED3
6
CONTINUOUS
10
4.8351181102362206
20
-2.9166653543307088
11
4.8375000000000004
21
-2.9190472440944881
0
LINE
8
RED3
6
CONTINUOUS
10
4.8375000000000004
20
-2.9190472440944881
11
4.8398779527559057
21
-2.9238070866141732
0
LINE
8
RED3
6
CONTINUOUS
10
4.8398779527559057
20
-2.9238070866141732
11
4.8398779527559057
21
-2.9285708661417322
0
LINE
8
RED3
6
CONTINUOUS
10
4.8398779527559057
20
-2.9285708661417322
11
4.8375000000000004
21
-2.9333307086614173
0
LINE
8
RED3
6
CONTINUOUS
10
4.8375000000000004
20
-2.9333307086614173
11
4.8351181102362206
21
-2.9357125984251971
0
LINE
8
RED3
6
CONTINUOUS
10
4.8351181102362206
20
-2.9357125984251971
11
4.8303543307086612
21
-2.9380944881889763
0
LINE
8
RED3
6
CONTINUOUS
10
4.8303543307086612
20
-2.9380944881889763
11
4.8208307086614175
21
-2.9404724409448821
0
LINE
8
RED3
6
CONTINUOUS
10
4.8208307086614175
20
-2.9404724409448821
11
4.8089251968503941
21
-2.9404724409448821
0
LINE
8
RED3
6
CONTINUOUS
10
4.8089251968503941
20
-2.9404724409448821
11
4.7994015748031496
21
-2.9380944881889763
0
LINE
8
RED3
6
CONTINUOUS
10
4.7994015748031496
20
-2.9380944881889763
11
4.7946417322834645
21
-2.9357125984251971
0
LINE
8
RED3
6
CONTINUOUS
10
4.7946417322834645
20
-2.9357125984251971
11
4.7922598425196856
21
-2.9333307086614173
0
LINE
8
RED3
6
CONTINUOUS
10
4.7922598425196856
20
-2.9333307086614173
11
4.7898779527559059
21
-2.9285708661417322
0
LINE
8
RED2
6
CONTINUOUS
10
4.75
20
-3.0500000000000003
11
4.75
21
-2.8500000000000001
0
LINE
8
RED2
6
CONTINUOUS
10
4.7750000000000004
20
-3.0500000000000003
11
4.75
21
-3.1000000000000001
0
LINE
8
RED2
6
CONTINUOUS
10
4.75
20
-3.1000000000000001
11
4.7250000000000005
21
-3.0500000000000003
0
LINE
8
CYAN2
6
CONTINUOUS
10
4.7683700787401575
20
-3.1447598425196852
11
4.7707519685039372
21
-3.1471377952755906
0
LINE
8
CYAN2
6
CONTINUOUS
10
4.7707519685039372
20
-3.1471377952755906
11
4.7731299212598426
21
-3.1542834645669293
0
LINE
8
CYAN2
6
CONTINUOUS
10
4.7731299212598426
20
-3.1542834645669293
11
4.7731299212598426
21
-3.1590433070866144
0
LINE
8
CYAN2
6
CONTINUOUS
10
4.7731299212598426
20
-3.1590433070866144
11
4.7707519685039372
21
-3.1661850393700788
0
LINE
8
CYAN2
6
CONTINUOUS
10
4.7707519685039372
20
-3.1661850393700788
11
4.7659881889763778
21
-3.1709488188976378
0
LINE
8
CYAN2
6
CONTINUOUS
10
4.7659881889763778
20
-3.1709488188976378
11
4.7612244094488192
21
-3.1733307086614175
0
LINE
8
CYAN2
6
CONTINUOUS
10
4.7612244094488192
20
-3.1733307086614175
11
4.7517007874015746
21
-3.1757086614173229
0
LINE
8
CYAN2
6
CONTINUOUS
10
4.7517007874015746
20
-3.1757086614173229
11
4.7445590551181107
21
-3.1757086614173229
0
LINE
8
CYAN2
6
CONTINUOUS
10
4.7445590551181107
20
-3.1757086614173229
11
4.7350354330708662
21
-3.1733307086614175
0
LINE
8
CYAN2
6
CONTINUOUS
10
4.7350354330708662
20
-3.1733307086614175
11
4.7302755905511811
21
-3.1709488188976378
0
LINE
8
CYAN2
6
CONTINUOUS
10
4.7302755905511811
20
-3.1709488188976378
11
4.7255118110236225
21
-3.1661850393700788
0
LINE
8
CYAN2
6
CONTINUOUS
10
4.7255118110236225
20
-3.1661850393700788
11
4.7231299212598428
21
-3.1590433070866144
0
LINE
8
CYAN2
6
CONTINUOUS
10
4.7231299212598428
20
-3.1590433070866144
11
4.7231299212598428
21
-3.1542834645669293
0
LINE
8
CYAN2
6
CONTINUOUS
10
4.7231299212598428
20
-3.1542834645669293
11
4.7255118110236225
21
-3.1471377952755906
0
LINE
8
CYAN2
6
CONTINUOUS
10
4.7255118110236225
20
-3.1471377952755906
11
4.7278937007874013
21
-3.1447598425196852
0
LINE
8
CYAN2
6
CONTINUOUS
10
4.7397992125984256
20
-3.1233307086614173
11
4.7897992125984254
21
-3.1233307086614173
0
LINE
8
CYAN2
6
CONTINUOUS
10
4.742177165354331
20
-3.1233307086614173
11
4.7397992125984256
21
-3.1185669291338582
0
LINE
8
CYAN2
6
CONTINUOUS
10
4.7397992125984256
20
-3.1185669291338582
11
4.7397992125984256
21
-3.1090433070866141
0
LINE
8
CYAN2
6
CONTINUOUS
10
4.7397992125984256
20
-3.1090433070866141
11
4.742177165354331
21
-3.1042834645669291
0
LINE
8
CYAN2
6
CONTINUOUS
10
4.742177165354331
20
-3.1042834645669291
11
4.7445590551181107
21
-3.1019015748031498
0
LINE
8
CYAN2
6
CONTINUOUS
10
4.7445590551181107
20
-3.1019015748031498
11
4.7493228346456693
21
-3.09951968503937
0
LINE
8
CYAN2
6
CONTINUOUS
10
4.7493228346456693
20
-3.09951968503937
11
4.7636062992125989
21
-3.09951968503937
0
LINE
8
CYAN2
6
CONTINUOUS
10
4.7636062992125989
20
-3.09951968503937
11
4.7683700787401575
21
-3.1019015748031498
0
LINE
8
CYAN2
6
CONTINUOUS
10
4.7683700787401575
20
-3.1019015748031498
11
4.7707519685039372
21
-3.1042834645669291
0
LINE
8
CYAN2
6
CONTINUOUS
10
4.7707519685039372
20
-3.1042834645669291
11
4.7731299212598426
21
-3.1090433070866141
0
LINE
8
CYAN2
6
CONTINUOUS
10
4.7731299212598426
20
-3.1090433070866141
11
4.7731299212598426
21
-3.1185669291338582
0
LINE
8
CYAN2
6
CONTINUOUS
10
4.7731299212598426
20
-3.1185669291338582
11
4.7707519685039372
21
-3.1233307086614173
0
LINE
8
RED3
6
CONTINUOUS
10
4.6898779527559054
20
-2.9666614173228347
11
4.6898779527559054
21
-2.9333307086614173
0
LINE
8
RED3
6
CONTINUOUS
10
4.6898779527559054
20
-2.9333307086614173
11
4.7398779527559061
21
-2.9547559055118113
0
LINE
8
RED2
6
CONTINUOUS
10
4.5499999999999998
20
-3.0500000000000003
11
4.5499999999999998
21
-2.8500000000000001
0
LINE
8
CYAN2
6
CONTINUOUS
10
4.5731299212598424
20
-3.1661889763779527
11
4.5231299212598426
21
-3.1661889763779527
0
LINE
8
CYAN2
6
CONTINUOUS
10
4.5231299212598426
20
-3.1661889763779527
11
4.5588464566929137
21
-3.1495196850393703
0
LINE
8
CYAN2
6
CONTINUOUS
10
4.5588464566929137
20
-3.1495196850393703
11
4.5231299212598426
21
-3.1328543307086614
0
LINE
8
CYAN2
6
CONTINUOUS
10
4.5231299212598426
20
-3.1328543307086614
11
4.5731299212598424
21
-3.1328543307086614
0
LINE
8
CYAN2
6
CONTINUOUS
10
4.5731299212598424
20
-3.1090472440944885
11
4.5397992125984254
21
-3.1090472440944885
0
LINE
8
CYAN2
6
CONTINUOUS
10
4.5493228346456691
20
-3.1090472440944885
11
4.5445590551181105
21
-3.1066653543307088
0
LINE
8
CYAN2
6
CONTINUOUS
10
4.5445590551181105
20
-3.1066653543307088
11
4.5421771653543308
21
-3.1042834645669291
0
LINE
8
CYAN2
6
CONTINUOUS
10
4.5421771653543308
20
-3.1042834645669291
11
4.5397992125984254
21
-3.0995236220472444
0
LINE
8
CYAN2
6
CONTINUOUS
10
4.5397992125984254
20
-3.0995236220472444
11
4.5397992125984254
21
-3.0947598425196849
0
LINE
8
RED3
6
CONTINUOUS
10
4.5398779527559059
20
-2.9595196850393704
11
4.5398779527559059
21
-2.9880905511811027
0
LINE
8
RED3
6
CONTINUOUS
10
4.5398779527559059
20
-2.9738070866141735
11
4.4898779527559061
21
-2.9738070866141735
0
LINE
8
RED3
6
CONTINUOUS
10
4.4898779527559061
20
-2.9738070866141735
11
4.4970236220472444
21
-2.9785669291338586
0
LINE
8
RED3
6
CONTINUOUS
10
4.4970236220472444
20
-2.9785669291338586
11
4.5017834645669295
21
-2.9833307086614176
0
LINE
8
RED3
6
CONTINUOUS
10
4.5017834645669295
20
-2.9833307086614176
11
4.5041653543307092
21
-2.9880905511811027
0
LINE
8
RED3
6
CONTINUOUS
10
4.4898779527559061
20
-2.9142834645669291
11
4.4898779527559061
21
-2.9380944881889763
0
LINE
8
RED3
6
CONTINUOUS
10
4.4898779527559061
20
-2.9380944881889763
11
4.5136889763779529
21
-2.9404724409448821
0
LINE
8
RED3
6
CONTINUOUS
10
4.5136889763779529
20
-2.9404724409448821
11
4.5113070866141731
21
-2.9380944881889763
0
LINE
8
RED3
6
CONTINUOUS
10
4.5113070866141731
20
-2.9380944881889763
11
4.5089251968503943
21
-2.9333307086614173
0
LINE
8
RED3
6
CONTINUOUS
10
4.5089251968503943
20
-2.9333307086614173
11
4.5089251968503943
21
-2.9214251968503939
0
LINE
8
RED3
6
CONTINUOUS
10
4.5089251968503943
20
-2.9214251968503939
11
4.5113070866141731
21
-2.9166653543307088
0
LINE
8
RED3
6
CONTINUOUS
10
4.5113070866141731
20
-2.9166653543307088
11
4.5136889763779529
21
-2.9142834645669291
0
LINE
8
RED3
6
CONTINUOUS
10
4.5136889763779529
20
-2.9142834645669291
11
4.5184488188976379
21
-2.9119015748031498
0
LINE
8
RED3
6
CONTINUOUS
10
4.5184488188976379
20
-2.9119015748031498
11
4.5303543307086613
21
-2.9119015748031498
0
LINE
8
RED3
6
CONTINUOUS
10
4.5303543307086613
20
-2.9119015748031498
11
4.5351181102362208
21
-2.9142834645669291
0
LINE
8
RED3
6
CONTINUOUS
10
4.5351181102362208
20
-2.9142834645669291
11
4.5375000000000005
21
-2.9166653543307088
0
LINE
8
RED3
6
CONTINUOUS
10
4.5375000000000005
20
-2.9166653543307088
11
4.5398779527559059
21
-2.9214251968503939
0
LINE
8
RED3
6
CONTINUOUS
10
4.5398779527559059
20
-2.9214251968503939
11
4.5398779527559059
21
-2.9333307086614173
0
LINE
8
RED3
6
CONTINUOUS
10
4.5398779527559059
20
-2.9333307086614173
11
4.5375000000000005
21
-2.9380944881889763
0
LINE
8
RED3
6
CONTINUOUS
10
4.5375000000000005
20
-2.9380944881889763
11
4.5351181102362208
21
-2.9404724409448821
0
LINE
8
RED2
6
CONTINUOUS
10
5.8500000000000005
20
-3.3500000000000001
11
6.0499999999999998
21
-3.3500000000000001
0
LINE
8
CYAN2
6
CONTINUOUS
10
5.67190157480315
20
-3.3231299212598429
11
5.6885669291338585
21
-3.3731299212598427
0
LINE
8
CYAN2
6
CONTINUOUS
10
5.6885669291338585
20
-3.3731299212598427
11
5.7052362204724414
21
-3.3231299212598429
0
LINE
8
CYAN2
6
CONTINUOUS
10
5.7504724409448817
20
-3.3683700787401576
11
5.7480944881889764
21
-3.3707519685039373
0
LINE
8
CYAN2
6
CONTINUOUS
10
5.7480944881889764
20
-3.3707519685039373
11
5.7409488188976381
21
-3.3731299212598427
0
LINE
8
CYAN2
6
CONTINUOUS
10
5.7409488188976381
20
-3.3731299212598427
11
5.736188976377953
21
-3.3731299212598427
0
LINE
8
CYAN2
6
CONTINUOUS
10
5.736188976377953
20
-3.3731299212598427
11
5.7290472440944882
21
-3.3707519685039373
0
LINE
8
CYAN2
6
CONTINUOUS
10
5.7290472440944882
20
-3.3707519685039373
11
5.7242834645669296
21
-3.3659881889763779
0
LINE
8
CYAN2
6
CONTINUOUS
10
5.7242834645669296
20
-3.3659881889763779
11
5.7219015748031499
21
-3.3612244094488188
0
LINE
8
CYAN2
6
CONTINUOUS
10
5.7219015748031499
20
-3.3612244094488188
11
5.7195236220472445
21
-3.3517007874015747
0
LINE
8
CYAN2
6
CONTINUOUS
10
5.7195236220472445
20
-3.3517007874015747
11
5.7195236220472445
21
-3.3445590551181104
0
LINE
8
CYAN2
6
CONTINUOUS
10
5.7195236220472445
20
-3.3445590551181104
11
5.7219015748031499
21
-3.3350354330708663
0
LINE
8
CYAN2
6
CONTINUOUS
10
5.7219015748031499
20
-3.3350354330708663
11
5.7242834645669296
21
-3.3302755905511812
0
LINE
8
CYAN2
6
CONTINUOUS
10
5.7242834645669296
20
-3.3302755905511812
11
5.7290472440944882
21
-3.3255118110236221
0
LINE
8
CYAN2
6
CONTINUOUS
10
5.7290472440944882
20
-3.3255118110236221
11
5.736188976377953
21
-3.3231299212598429
0
LINE
8
CYAN2
6
CONTINUOUS
10
5.736188976377953
20
-3.3231299212598429
11
5.7409488188976381
21
-3.3231299212598429
0
LINE
8
CYAN2
6
CONTINUOUS
10
5.7409488188976381
20
-3.3231299212598429
11
5.7480944881889764
21
-3.3255118110236221
0
LINE
8
CYAN2
6
CONTINUOUS
10
5.7480944881889764
20
-3.3255118110236221
11
5.7504724409448817
21
-3.3278937007874019
0
LINE
8
CYAN2
6
CONTINUOUS
10
5.8004724409448825
20
-3.3683700787401576
11
5.7980944881889762
21
-3.3707519685039373
0
LINE
8
CYAN2
6
CONTINUOUS
10
5.7980944881889762
20
-3.3707519685039373
11
5.7909488188976379
21
-3.3731299212598427
0
LINE
8
CYAN2
6
CONTINUOUS
10
5.7909488188976379
20
-3.3731299212598427
11
5.7861889763779528
21
-3.3731299212598427
0
LINE
8
CYAN2
6
CONTINUOUS
10
5.7861889763779528
20
-3.3731299212598427
11
5.779047244094488
21
-3.3707519685039373
0
LINE
8
CYAN2
6
CONTINUOUS
10
5.779047244094488
20
-3.3707519685039373
11
5.7742834645669294
21
-3.3659881889763779
0
LINE
8
CYAN2
6
CONTINUOUS
10
5.7742834645669294
20
-3.3659881889763779
11
5.7719015748031497
21
-3.3612244094488188
0
LINE
8
CYAN2
6
CONTINUOUS
10
5.7719015748031497
20
-3.3612244094488188
11
5.7695236220472443
21
-3.3517007874015747
0
LINE
8
CYAN2
6
CONTINUOUS
10
5.7695236220472443
20
-3.3517007874015747
11
5.7695236220472443
21
-3.3445590551181104
0
LINE
8
CYAN2
6
CONTINUOUS
10
5.7695236220472443
20
-3.3445590551181104
11
5.7719015748031497
21
-3.3350354330708663
0
LINE
8
CYAN2
6
CONTINUOUS
10
5.7719015748031497
20
-3.3350354330708663
11
5.7742834645669294
21
-3.3302755905511812
0
LINE
8
CYAN2
6
CONTINUOUS
10
5.7742834645669294
20
-3.3302755905511812
11
5.779047244094488
21
-3.3255118110236221
0
LINE
8
CYAN2
6
CONTINUOUS
10
5.779047244094488
20
-3.3255118110236221
11
5.7861889763779528
21
-3.3231299212598429
0
LINE
8
CYAN2
6
CONTINUOUS
10
5.7861889763779528
20
-3.3231299212598429
11
5.7909488188976379
21
-3.3231299212598429
0
LINE
8
CYAN2
6
CONTINUOUS
10
5.7909488188976379
20
-3.3231299212598429
11
5.7980944881889762
21
-3.3255118110236221
0
LINE
8
CYAN2
6
CONTINUOUS
10
5.7980944881889762
20
-3.3255118110236221
11
5.8004724409448825
21
-3.3278937007874019
0
LINE
8
RED3
6
CONTINUOUS
10
5.9404763779527565
20
-3.3398779527559057
11
5.9119055118110238
21
-3.3398779527559057
0
LINE
8
RED3
6
CONTINUOUS
10
5.9261889763779534
20
-3.3398779527559057
11
5.9261889763779534
21
-3.2898779527559054
0
LINE
8
RED3
6
CONTINUOUS
10
5.9261889763779534
20
-3.2898779527559054
11
5.9214291338582683
21
-3.2970236220472442
0
LINE
8
RED3
6
CONTINUOUS
10
5.9214291338582683
20
-3.2970236220472442
11
5.9166653543307088
21
-3.3017834645669293
0
LINE
8
RED3
6
CONTINUOUS
10
5.9166653543307088
20
-3.3017834645669293
11
5.9119055118110238
21
-3.3041653543307086
0
LINE
8
RED3
6
CONTINUOUS
10
5.9833307086614171
20
-3.2898779527559054
11
5.9738070866141735
21
-3.2898779527559054
0
LINE
8
RED3
6
CONTINUOUS
10
5.9738070866141735
20
-3.2898779527559054
11
5.9690472440944884
21
-3.2922598425196852
0
LINE
8
RED3
6
CONTINUOUS
10
5.9690472440944884
20
-3.2922598425196852
11
5.9666653543307087
21
-3.2946417322834649
0
LINE
8
RED3
6
CONTINUOUS
10
5.9666653543307087
20
-3.2946417322834649
11
5.9619015748031501
21
-3.3017834645669293
0
LINE
8
RED3
6
CONTINUOUS
10
5.9619015748031501
20
-3.3017834645669293
11
5.9595236220472447
21
-3.3113070866141734
0
LINE
8
RED3
6
CONTINUOUS
10
5.9595236220472447
20
-3.3113070866141734
11
5.9595236220472447
21
-3.3303543307086616
0
LINE
8
RED3
6
CONTINUOUS
10
5.9595236220472447
20
-3.3303543307086616
11
5.9619015748031501
21
-3.3351181102362206
0
LINE
8
RED3
6
CONTINUOUS
10
5.9619015748031501
20
-3.3351181102362206
11
5.9642834645669289
21
-3.3374999999999999
0
LINE
8
RED3
6
CONTINUOUS
10
5.9642834645669289
20
-3.3374999999999999
11
5.9690472440944884
21
-3.3398779527559057
0
LINE
8
RED3
6
CONTINUOUS
10
5.9690472440944884
20
-3.3398779527559057
11
5.9785708661417329
21
-3.3398779527559057
0
LINE
8
RED3
6
CONTINUOUS
10
5.9785708661417329
20
-3.3398779527559057
11
5.9833307086614171
21
-3.3374999999999999
0
LINE
8
RED3
6
CONTINUOUS
10
5.9833307086614171
20
-3.3374999999999999
11
5.9857125984251969
21
-3.3351181102362206
0
LINE
8
RED3
6
CONTINUOUS
10
5.9857125984251969
20
-3.3351181102362206
11
5.9880944881889766
21
-3.3303543307086616
0
LINE
8
RED3
6
CONTINUOUS
10
5.9880944881889766
20
-3.3303543307086616
11
5.9880944881889766
21
-3.3184488188976378
0
LINE
8
RED3
6
CONTINUOUS
10
5.9880944881889766
20
-3.3184488188976378
11
5.9857125984251969
21
-3.3136889763779527
0
LINE
8
RED3
6
CONTINUOUS
10
5.9857125984251969
20
-3.3136889763779527
11
5.9833307086614171
21
-3.3113070866141734
0
LINE
8
RED3
6
CONTINUOUS
10
5.9833307086614171
20
-3.3113070866141734
11
5.9785708661417329
21
-3.3089251968503937
0
LINE
8
RED3
6
CONTINUOUS
10
5.9785708661417329
20
-3.3089251968503937
11
5.9690472440944884
21
-3.3089251968503937
0
LINE
8
RED3
6
CONTINUOUS
10
5.9690472440944884
20
-3.3089251968503937
11
5.9642834645669289
21
-3.3113070866141734
0
LINE
8
RED3
6
CONTINUOUS
10
5.9642834645669289
20
-3.3113070866141734
11
5.9619015748031501
21
-3.3136889763779527
0
LINE
8
RED3
6
CONTINUOUS
10
5.9619015748031501
20
-3.3136889763779527
11
5.9595236220472447
21
-3.3184488188976378
0
LINE
8
RED2
6
CONTINUOUS
10
4.4500000000000002
20
-3.3500000000000001
11
4.25
21
-3.3500000000000001
0
LINE
8
CYAN2
6
CONTINUOUS
10
4.5280944881889766
20
-3.3255118110236221
11
4.5233307086614172
21
-3.3231299212598429
0
LINE
8
CYAN2
6
CONTINUOUS
10
4.5233307086614172
20
-3.3231299212598429
11
4.5161889763779532
21
-3.3231299212598429
0
LINE
8
CYAN2
6
CONTINUOUS
10
4.5161889763779532
20
-3.3231299212598429
11
4.5090472440944884
21
-3.3255118110236221
0
LINE
8
CYAN2
6
CONTINUOUS
10
4.5090472440944884
20
-3.3255118110236221
11
4.504283464566929
21
-3.3302755905511812
0
LINE
8
CYAN2
6
CONTINUOUS
10
4.504283464566929
20
-3.3302755905511812
11
4.5019015748031501
21
-3.3350354330708663
0
LINE
8
CYAN2
6
CONTINUOUS
10
4.5019015748031501
20
-3.3350354330708663
11
4.4995236220472439
21
-3.3445590551181104
0
LINE
8
CYAN2
6
CONTINUOUS
10
4.4995236220472439
20
-3.3445590551181104
11
4.4995236220472439
21
-3.3517007874015747
0
LINE
8
CYAN2
6
CONTINUOUS
10
4.4995236220472439
20
-3.3517007874015747
11
4.5019015748031501
21
-3.3612244094488188
0
LINE
8
CYAN2
6
CONTINUOUS
10
4.5019015748031501
20
-3.3612244094488188
11
4.504283464566929
21
-3.3659881889763779
0
LINE
8
CYAN2
6
CONTINUOUS
10
4.504283464566929
20
-3.3659881889763779
11
4.5090472440944884
21
-3.3707519685039373
0
LINE
8
CYAN2
6
CONTINUOUS
10
4.5090472440944884
20
-3.3707519685039373
11
4.5161889763779532
21
-3.3731299212598427
0
LINE
8
CYAN2
6
CONTINUOUS
10
4.5161889763779532
20
-3.3731299212598427
11
4.5209488188976383
21
-3.3731299212598427
0
LINE
8
CYAN2
6
CONTINUOUS
10
4.5209488188976383
20
-3.3731299212598427
11
4.5280944881889766
21
-3.3707519685039373
0
LINE
8
CYAN2
6
CONTINUOUS
10
4.5280944881889766
20
-3.3707519685039373
11
4.530472440944882
21
-3.3683700787401576
0
LINE
8
CYAN2
6
CONTINUOUS
10
4.530472440944882
20
-3.3683700787401576
11
4.530472440944882
21
-3.3517007874015747
0
LINE
8
CYAN2
6
CONTINUOUS
10
4.530472440944882
20
-3.3517007874015747
11
4.5209488188976383
21
-3.3517007874015747
0
LINE
8
CYAN2
6
CONTINUOUS
10
4.5519015748031499
20
-3.3731299212598427
11
4.5519015748031499
21
-3.3231299212598429
0
LINE
8
CYAN2
6
CONTINUOUS
10
4.5519015748031499
20
-3.3231299212598429
11
4.5804724409448818
21
-3.3731299212598427
0
LINE
8
CYAN2
6
CONTINUOUS
10
4.5804724409448818
20
-3.3731299212598427
11
4.5804724409448818
21
-3.3231299212598429
0
LINE
8
CYAN2
6
CONTINUOUS
10
4.6042834645669295
20
-3.3731299212598427
11
4.6042834645669295
21
-3.3231299212598429
0
LINE
8
CYAN2
6
CONTINUOUS
10
4.6042834645669295
20
-3.3231299212598429
11
4.6161889763779529
21
-3.3231299212598429
0
LINE
8
CYAN2
6
CONTINUOUS
10
4.6161889763779529
20
-3.3231299212598429
11
4.6233307086614177
21
-3.3255118110236221
0
LINE
8
CYAN2
6
CONTINUOUS
10
4.6233307086614177
20
-3.3255118110236221
11
4.6280944881889763
21
-3.3302755905511812
0
LINE
8
CYAN2
6
CONTINUOUS
10
4.6280944881889763
20
-3.3302755905511812
11
4.630476377952756
21
-3.3350354330708663
0
LINE
8
CYAN2
6
CONTINUOUS
10
4.630476377952756
20
-3.3350354330708663
11
4.6328543307086614
21
-3.3445590551181104
0
LINE
8
CYAN2
6
CONTINUOUS
10
4.6328543307086614
20
-3.3445590551181104
11
4.6328543307086614
21
-3.3517007874015747
0
LINE
8
CYAN2
6
CONTINUOUS
10
4.6328543307086614
20
-3.3517007874015747
11
4.630476377952756
21
-3.3612244094488188
0
LINE
8
CYAN2
6
CONTINUOUS
10
4.630476377952756
20
-3.3612244094488188
11
4.6280944881889763
21
-3.3659881889763779
0
LINE
8
CYAN2
6
CONTINUOUS
10
4.6280944881889763
20
-3.3659881889763779
11
4.6233307086614177
21
-3.3707519685039373
0
LINE
8
CYAN2
6
CONTINUOUS
10
4.6233307086614177
20
-3.3707519685039373
11
4.6161889763779529
21
-3.3731299212598427
0
LINE
8
CYAN2
6
CONTINUOUS
10
4.6161889763779529
20
-3.3731299212598427
11
4.6042834645669295
21
-3.3731299212598427
0
LINE
8
RED3
6
CONTINUOUS
10
4.3452401574803154
20
-3.3113070866141734
11
4.340476377952756
21
-3.3089251968503937
0
LINE
8
RED3
6
CONTINUOUS
10
4.340476377952756
20
-3.3089251968503937
11
4.3380944881889762
21
-3.3065472440944883
0
LINE
8
RED3
6
CONTINUOUS
10
4.3380944881889762
20
-3.3065472440944883
11
4.3357165354330709
21
-3.3017834645669293
0
LINE
8
RED3
6
CONTINUOUS
10
4.3357165354330709
20
-3.3017834645669293
11
4.3357165354330709
21
-3.2994015748031496
0
LINE
8
RED3
6
CONTINUOUS
10
4.3357165354330709
20
-3.2994015748031496
11
4.3380944881889762
21
-3.2946417322834649
0
LINE
8
RED3
6
CONTINUOUS
10
4.3380944881889762
20
-3.2946417322834649
11
4.340476377952756
21
-3.2922598425196852
0
LINE
8
RED3
6
CONTINUOUS
10
4.340476377952756
20
-3.2922598425196852
11
4.3452401574803154
21
-3.2898779527559054
0
LINE
8
RED3
6
CONTINUOUS
10
4.3452401574803154
20
-3.2898779527559054
11
4.3547637795275591
21
-3.2898779527559054
0
LINE
8
RED3
6
CONTINUOUS
10
4.3547637795275591
20
-3.2898779527559054
11
4.3595236220472442
21
-3.2922598425196852
0
LINE
8
RED3
6
CONTINUOUS
10
4.3595236220472442
20
-3.2922598425196852
11
4.3619055118110239
21
-3.2946417322834649
0
LINE
8
RED3
6
CONTINUOUS
10
4.3619055118110239
20
-3.2946417322834649
11
4.3642874015748037
21
-3.2994015748031496
0
LINE
8
RED3
6
CONTINUOUS
10
4.3642874015748037
20
-3.2994015748031496
11
4.3642874015748037
21
-3.3017834645669293
0
LINE
8
RED3
6
CONTINUOUS
10
4.3642874015748037
20
-3.3017834645669293
11
4.3619055118110239
21
-3.3065472440944883
0
LINE
8
RED3
6
CONTINUOUS
10
4.3619055118110239
20
-3.3065472440944883
11
4.3595236220472442
21
-3.3089251968503937
0
LINE
8
RED3
6
CONTINUOUS
10
4.3595236220472442
20
-3.3089251968503937
11
4.3547637795275591
21
-3.3113070866141734
0
LINE
8
RED3
6
CONTINUOUS
10
4.3547637795275591
20
-3.3113070866141734
11
4.3452401574803154
21
-3.3113070866141734
0
LINE
8
RED3
6
CONTINUOUS
10
4.3452401574803154
20
-3.3113070866141734
11
4.340476377952756
21
-3.3136889763779527
0
LINE
8
RED3
6
CONTINUOUS
10
4.340476377952756
20
-3.3136889763779527
11
4.3380944881889762
21
-3.3160708661417324
0
LINE
8
RED3
6
CONTINUOUS
10
4.3380944881889762
20
-3.3160708661417324
11
4.3357165354330709
21
-3.3208307086614175
0
LINE
8
RED3
6
CONTINUOUS
10
4.3357165354330709
20
-3.3208307086614175
11
4.3357165354330709
21
-3.3303543307086616
0
LINE
8
RED3
6
CONTINUOUS
10
4.3357165354330709
20
-3.3303543307086616
11
4.3380944881889762
21
-3.3351181102362206
0
LINE
8
RED3
6
CONTINUOUS
10
4.3380944881889762
20
-3.3351181102362206
11
4.340476377952756
21
-3.3374999999999999
0
LINE
8
RED3
6
CONTINUOUS
10
4.340476377952756
20
-3.3374999999999999
11
4.3452401574803154
21
-3.3398779527559057
0
LINE
8
RED3
6
CONTINUOUS
10
4.3452401574803154
20
-3.3398779527559057
11
4.3547637795275591
21
-3.3398779527559057
0
LINE
8
RED3
6
CONTINUOUS
10
4.3547637795275591
20
-3.3398779527559057
11
4.3595236220472442
21
-3.3374999999999999
0
LINE
8
RED3
6
CONTINUOUS
10
4.3595236220472442
20
-3.3374999999999999
11
4.3619055118110239
21
-3.3351181102362206
0
LINE
8
RED3
6
CONTINUOUS
10
4.3619055118110239
20
-3.3351181102362206
11
4.3642874015748037
21
-3.3303543307086616
0
LINE
8
RED3
6
CONTINUOUS
10
4.3642874015748037
20
-3.3303543307086616
11
4.3642874015748037
21
-3.3208307086614175
0
LINE
8
RED3
6
CONTINUOUS
10
4.3642874015748037
20
-3.3208307086614175
11
4.3619055118110239
21
-3.3160708661417324
0
LINE
8
RED3
6
CONTINUOUS
10
4.3619055118110239
20
-3.3160708661417324
11
4.3595236220472442
21
-3.3136889763779527
0
LINE
8
RED3
6
CONTINUOUS
10
4.3595236220472442
20
-3.3136889763779527
11
4.3547637795275591
21
-3.3113070866141734
0
LINE
8
RED2
6
CONTINUOUS
10
5.75
20
-3.6500000000000004
11
5.75
21
-3.8500000000000001
0
LINE
8
CYAN2
6
CONTINUOUS
10
5.7778937007874021
20
-3.5647598425196851
11
5.7755118110236223
21
-3.5695236220472442
0
LINE
8
CYAN2
6
CONTINUOUS
10
5.7755118110236223
20
-3.5695236220472442
11
5.7707519685039372
21
-3.5742834645669292
0
LINE
8
CYAN2
6
CONTINUOUS
10
5.7707519685039372
20
-3.5742834645669292
11
5.7636062992125989
21
-3.5814251968503936
0
LINE
8
CYAN2
6
CONTINUOUS
10
5.7636062992125989
20
-3.5814251968503936
11
5.7612244094488192
21
-3.5861889763779531
0
LINE
8
CYAN2
6
CONTINUOUS
10
5.7612244094488192
20
-3.5861889763779531
11
5.7612244094488192
21
-3.5909488188976377
0
LINE
8
CYAN2
6
CONTINUOUS
10
5.7731299212598426
20
-3.5885708661417324
11
5.7707519685039372
21
-3.5933307086614175
0
LINE
8
CYAN2
6
CONTINUOUS
10
5.7707519685039372
20
-3.5933307086614175
11
5.7659881889763778
21
-3.5980944881889765
0
LINE
8
CYAN2
6
CONTINUOUS
10
5.7659881889763778
20
-3.5980944881889765
11
5.7564645669291341
21
-3.6004724409448818
0
LINE
8
CYAN2
6
CONTINUOUS
10
5.7564645669291341
20
-3.6004724409448818
11
5.7397992125984256
21
-3.6004724409448818
0
LINE
8
CYAN2
6
CONTINUOUS
10
5.7397992125984256
20
-3.6004724409448818
11
5.7302755905511811
21
-3.5980944881889765
0
LINE
8
CYAN2
6
CONTINUOUS
10
5.7302755905511811
20
-3.5980944881889765
11
5.7255118110236225
21
-3.5933307086614175
0
LINE
8
CYAN2
6
CONTINUOUS
10
5.7255118110236225
20
-3.5933307086614175
11
5.7231299212598428
21
-3.5885708661417324
0
LINE
8
CYAN2
6
CONTINUOUS
10
5.7231299212598428
20
-3.5885708661417324
11
5.7231299212598428
21
-3.5790472440944883
0
LINE
8
CYAN2
6
CONTINUOUS
10
5.7231299212598428
20
-3.5790472440944883
11
5.7255118110236225
21
-3.5742834645669292
0
LINE
8
CYAN2
6
CONTINUOUS
10
5.7255118110236225
20
-3.5742834645669292
11
5.7302755905511811
21
-3.5695236220472442
0
LINE
8
CYAN2
6
CONTINUOUS
10
5.7302755905511811
20
-3.5695236220472442
11
5.7397992125984256
21
-3.5671417322834649
0
LINE
8
CYAN2
6
CONTINUOUS
10
5.7397992125984256
20
-3.5671417322834649
11
5.7564645669291341
21
-3.5671417322834649
0
LINE
8
CYAN2
6
CONTINUOUS
10
5.7564645669291341
20
-3.5671417322834649
11
5.7659881889763778
21
-3.5695236220472442
0
LINE
8
CYAN2
6
CONTINUOUS
10
5.7659881889763778
20
-3.5695236220472442
11
5.7707519685039372
21
-3.5742834645669292
0
LINE
8
CYAN2
6
CONTINUOUS
10
5.7707519685039372
20
-3.5742834645669292
11
5.7731299212598426
21
-3.5790472440944883
0
LINE
8
CYAN2
6
CONTINUOUS
10
5.7731299212598426
20
-3.5790472440944883
11
5.7731299212598426
21
-3.5885708661417324
0
LINE
8
CYAN2
6
CONTINUOUS
10
5.7231299212598428
20
-3.5361889763779528
11
5.7231299212598428
21
-3.5314251968503938
0
LINE
8
CYAN2
6
CONTINUOUS
10
5.7231299212598428
20
-3.5314251968503938
11
5.7255118110236225
21
-3.5266653543307087
0
LINE
8
CYAN2
6
CONTINUOUS
10
5.7255118110236225
20
-3.5266653543307087
11
5.7278937007874022
21
-3.5242834645669294
0
LINE
8
CYAN2
6
CONTINUOUS
10
5.7278937007874022
20
-3.5242834645669294
11
5.7326535433070864
21
-3.5219015748031497
0
LINE
8
CYAN2
6
CONTINUOUS
10
5.7326535433070864
20
-3.5219015748031497
11
5.742177165354331
21
-3.5195196850393704
0
LINE
8
CYAN2
6
CONTINUOUS
10
5.742177165354331
20
-3.5195196850393704
11
5.7540826771653544
21
-3.5195196850393704
0
LINE
8
CYAN2
6
CONTINUOUS
10
5.7540826771653544
20
-3.5195196850393704
11
5.7636062992125989
21
-3.5219015748031497
0
LINE
8
CYAN2
6
CONTINUOUS
10
5.7636062992125989
20
-3.5219015748031497
11
5.7683700787401575
21
-3.5242834645669294
0
LINE
8
CYAN2
6
CONTINUOUS
10
5.7683700787401575
20
-3.5242834645669294
11
5.7707519685039372
21
-3.5266653543307087
0
LINE
8
CYAN2
6
CONTINUOUS
10
5.7707519685039372
20
-3.5266653543307087
11
5.7731299212598426
21
-3.5314251968503938
0
LINE
8
CYAN2
6
CONTINUOUS
10
5.7731299212598426
20
-3.5314251968503938
11
5.7731299212598426
21
-3.5361889763779528
0
LINE
8
CYAN2
6
CONTINUOUS
10
5.7731299212598426
20
-3.5361889763779528
11
5.7707519685039372
21
-3.5409488188976379
0
LINE
8
CYAN2
6
CONTINUOUS
10
5.7707519685039372
20
-3.5409488188976379
11
5.7683700787401575
21
-3.5433307086614176
0
LINE
8
CYAN2
6
CONTINUOUS
10
5.7683700787401575
20
-3.5433307086614176
11
5.7636062992125989
21
-3.5457125984251969
0
LINE
8
CYAN2
6
CONTINUOUS
10
5.7636062992125989
20
-3.5457125984251969
11
5.7540826771653544
21
-3.5480905511811023
0
LINE
8
CYAN2
6
CONTINUOUS
10
5.7540826771653544
20
-3.5480905511811023
11
5.742177165354331
21
-3.5480905511811023
0
LINE
8
CYAN2
6
CONTINUOUS
10
5.742177165354331
20
-3.5480905511811023
11
5.7326535433070864
21
-3.5457125984251969
0
LINE
8
CYAN2
6
CONTINUOUS
10
5.7326535433070864
20
-3.5457125984251969
11
5.7278937007874022
21
-3.5433307086614176
0
LINE
8
CYAN2
6
CONTINUOUS
10
5.7278937007874022
20
-3.5433307086614176
11
5.7255118110236225
21
-3.5409488188976379
0
LINE
8
CYAN2
6
CONTINUOUS
10
5.7255118110236225
20
-3.5409488188976379
11
5.7231299212598428
21
-3.5361889763779528
0
LINE
8
RED3
6
CONTINUOUS
10
5.6898779527559054
20
-3.766661417322835
11
5.6898779527559054
21
-3.7357086614173229
0
LINE
8
RED3
6
CONTINUOUS
10
5.6898779527559054
20
-3.7357086614173229
11
5.7089251968503936
21
-3.7523779527559058
0
LINE
8
RED3
6
CONTINUOUS
10
5.7089251968503936
20
-3.7523779527559058
11
5.7089251968503936
21
-3.745232283464567
0
LINE
8
RED3
6
CONTINUOUS
10
5.7089251968503936
20
-3.745232283464567
11
5.7113070866141733
21
-3.740472440944882
0
LINE
8
RED3
6
CONTINUOUS
10
5.7113070866141733
20
-3.740472440944882
11
5.713688976377953
21
-3.7380905511811027
0
LINE
8
RED3
6
CONTINUOUS
10
5.713688976377953
20
-3.7380905511811027
11
5.7184488188976381
21
-3.7357086614173229
0
LINE
8
RED3
6
CONTINUOUS
10
5.7184488188976381
20
-3.7357086614173229
11
5.7303543307086615
21
-3.7357086614173229
0
LINE
8
RED3
6
CONTINUOUS
10
5.7303543307086615
20
-3.7357086614173229
11
5.735118110236221
21
-3.7380905511811027
0
LINE
8
RED3
6
CONTINUOUS
10
5.735118110236221
20
-3.7380905511811027
11
5.7374999999999998
21
-3.740472440944882
0
LINE
8
RED3
6
CONTINUOUS
10
5.7374999999999998
20
-3.740472440944882
11
5.7398779527559061
21
-3.745232283464567
0
LINE
8
RED3
6
CONTINUOUS
10
5.7398779527559061
20
-3.745232283464567
11
5.7398779527559061
21
-3.7595196850393702
0
LINE
8
RED3
6
CONTINUOUS
10
5.7398779527559061
20
-3.7595196850393702
11
5.7374999999999998
21
-3.7642795275590553
0
LINE
8
RED3
6
CONTINUOUS
10
5.7374999999999998
20
-3.7642795275590553
11
5.735118110236221
21
-3.766661417322835
0
LINE
8
RED2
6
CONTINUOUS
10
5.6500000000000004
20
-3.6500000000000004
11
5.6500000000000004
21
-3.8500000000000001
0
LINE
8
CYAN2
6
CONTINUOUS
10
5.6778937007874015
20
-3.5647598425196851
11
5.6755118110236227
21
-3.5695236220472442
0
LINE
8
CYAN2
6
CONTINUOUS
10
5.6755118110236227
20
-3.5695236220472442
11
5.6707519685039376
21
-3.5742834645669292
0
LINE
8
CYAN2
6
CONTINUOUS
10
5.6707519685039376
20
-3.5742834645669292
11
5.6636062992125984
21
-3.5814251968503936
0
LINE
8
CYAN2
6
CONTINUOUS
10
5.6636062992125984
20
-3.5814251968503936
11
5.6612244094488196
21
-3.5861889763779531
0
LINE
8
CYAN2
6
CONTINUOUS
10
5.6612244094488196
20
-3.5861889763779531
11
5.6612244094488196
21
-3.5909488188976377
0
LINE
8
CYAN2
6
CONTINUOUS
10
5.6731299212598429
20
-3.5885708661417324
11
5.6707519685039376
21
-3.5933307086614175
0
LINE
8
CYAN2
6
CONTINUOUS
10
5.6707519685039376
20
-3.5933307086614175
11
5.6659881889763781
21
-3.5980944881889765
0
LINE
8
CYAN2
6
CONTINUOUS
10
5.6659881889763781
20
-3.5980944881889765
11
5.6564645669291345
21
-3.6004724409448818
0
LINE
8
CYAN2
6
CONTINUOUS
10
5.6564645669291345
20
-3.6004724409448818
11
5.6397992125984251
21
-3.6004724409448818
0
LINE
8
CYAN2
6
CONTINUOUS
10
5.6397992125984251
20
-3.6004724409448818
11
5.6302755905511814
21
-3.5980944881889765
0
LINE
8
CYAN2
6
CONTINUOUS
10
5.6302755905511814
20
-3.5980944881889765
11
5.625511811023622
21
-3.5933307086614175
0
LINE
8
CYAN2
6
CONTINUOUS
10
5.625511811023622
20
-3.5933307086614175
11
5.6231299212598431
21
-3.5885708661417324
0
LINE
8
CYAN2
6
CONTINUOUS
10
5.6231299212598431
20
-3.5885708661417324
11
5.6231299212598431
21
-3.5790472440944883
0
LINE
8
CYAN2
6
CONTINUOUS
10
5.6231299212598431
20
-3.5790472440944883
11
5.625511811023622
21
-3.5742834645669292
0
LINE
8
CYAN2
6
CONTINUOUS
10
5.625511811023622
20
-3.5742834645669292
11
5.6302755905511814
21
-3.5695236220472442
0
LINE
8
CYAN2
6
CONTINUOUS
10
5.6302755905511814
20
-3.5695236220472442
11
5.6397992125984251
21
-3.5671417322834649
0
LINE
8
CYAN2
6
CONTINUOUS
10
5.6397992125984251
20
-3.5671417322834649
11
5.6564645669291345
21
-3.5671417322834649
0
LINE
8
CYAN2
6
CONTINUOUS
10
5.6564645669291345
20
-3.5671417322834649
11
5.6659881889763781
21
-3.5695236220472442
0
LINE
8
CYAN2
6
CONTINUOUS
10
5.6659881889763781
20
-3.5695236220472442
11
5.6707519685039376
21
-3.5742834645669292
0
LINE
8
CYAN2
6
CONTINUOUS
10
5.6707519685039376
20
-3.5742834645669292
11
5.6731299212598429
21
-3.5790472440944883
0
LINE
8
CYAN2
6
CONTINUOUS
10
5.6731299212598429
20
-3.5790472440944883
11
5.6731299212598429
21
-3.5885708661417324
0
LINE
8
CYAN2
6
CONTINUOUS
10
5.6731299212598429
20
-3.5195196850393704
11
5.6731299212598429
21
-3.5480905511811023
0
LINE
8
CYAN2
6
CONTINUOUS
10
5.6731299212598429
20
-3.5338070866141735
11
5.6231299212598431
21
-3.5338070866141735
0
LINE
8
CYAN2
6
CONTINUOUS
10
5.6231299212598431
20
-3.5338070866141735
11
5.6302755905511814
21
-3.5385669291338586
0
LINE
8
CYAN2
6
CONTINUOUS
10
5.6302755905511814
20
-3.5385669291338586
11
5.6350354330708665
21
-3.5433307086614176
0
LINE
8
CYAN2
6
CONTINUOUS
10
5.6350354330708665
20
-3.5433307086614176
11
5.6374173228346462
21
-3.5480905511811023
0
LINE
8
RED3
6
CONTINUOUS
10
5.6065472440944886
20
-3.740472440944882
11
5.6398779527559055
21
-3.740472440944882
0
LINE
8
RED3
6
CONTINUOUS
10
5.5875000000000004
20
-3.7523779527559058
11
5.6232125984251971
21
-3.7642795275590553
0
LINE
8
RED3
6
CONTINUOUS
10
5.6232125984251971
20
-3.7642795275590553
11
5.6232125984251971
21
-3.7333307086614176
0
LINE
8
RED2
6
CONTINUOUS
10
5.5499999999999998
20
-3.6500000000000004
11
5.5499999999999998
21
-3.8500000000000001
0
LINE
8
CYAN2
6
CONTINUOUS
10
5.5778937007874019
20
-3.5647598425196851
11
5.5755118110236221
21
-3.5695236220472442
0
LINE
8
CYAN2
6
CONTINUOUS
10
5.5755118110236221
20
-3.5695236220472442
11
5.5707519685039371
21
-3.5742834645669292
0
LINE
8
CYAN2
6
CONTINUOUS
10
5.5707519685039371
20
-3.5742834645669292
11
5.5636062992125987
21
-3.5814251968503936
0
LINE
8
CYAN2
6
CONTINUOUS
10
5.5636062992125987
20
-3.5814251968503936
11
5.561224409448819
21
-3.5861889763779531
0
LINE
8
CYAN2
6
CONTINUOUS
10
5.561224409448819
20
-3.5861889763779531
11
5.561224409448819
21
-3.5909488188976377
0
LINE
8
CYAN2
6
CONTINUOUS
10
5.5731299212598424
20
-3.5885708661417324
11
5.5707519685039371
21
-3.5933307086614175
0
LINE
8
CYAN2
6
CONTINUOUS
10
5.5707519685039371
20
-3.5933307086614175
11
5.5659881889763785
21
-3.5980944881889765
0
LINE
8
CYAN2
6
CONTINUOUS
10
5.5659881889763785
20
-3.5980944881889765
11
5.5564645669291339
21
-3.6004724409448818
0
LINE
8
CYAN2
6
CONTINUOUS
10
5.5564645669291339
20
-3.6004724409448818
11
5.5397992125984254
21
-3.6004724409448818
0
LINE
8
CYAN2
6
CONTINUOUS
10
5.5397992125984254
20
-3.6004724409448818
11
5.5302755905511809
21
-3.5980944881889765
0
LINE
8
CYAN2
6
CONTINUOUS
10
5.5302755905511809
20
-3.5980944881889765
11
5.5255118110236223
21
-3.5933307086614175
0
LINE
8
CYAN2
6
CONTINUOUS
10
5.5255118110236223
20
-3.5933307086614175
11
5.5231299212598426
21
-3.5885708661417324
0
LINE
8
CYAN2
6
CONTINUOUS
10
5.5231299212598426
20
-3.5885708661417324
11
5.5231299212598426
21
-3.5790472440944883
0
LINE
8
CYAN2
6
CONTINUOUS
10
5.5231299212598426
20
-3.5790472440944883
11
5.5255118110236223
21
-3.5742834645669292
0
LINE
8
CYAN2
6
CONTINUOUS
10
5.5255118110236223
20
-3.5742834645669292
11
5.5302755905511809
21
-3.5695236220472442
0
LINE
8
CYAN2
6
CONTINUOUS
10
5.5302755905511809
20
-3.5695236220472442
11
5.5397992125984254
21
-3.5671417322834649
0
LINE
8
CYAN2
6
CONTINUOUS
10
5.5397992125984254
20
-3.5671417322834649
11
5.5564645669291339
21
-3.5671417322834649
0
LINE
8
CYAN2
6
CONTINUOUS
10
5.5564645669291339
20
-3.5671417322834649
11
5.5659881889763785
21
-3.5695236220472442
0
LINE
8
CYAN2
6
CONTINUOUS
10
5.5659881889763785
20
-3.5695236220472442
11
5.5707519685039371
21
-3.5742834645669292
0
LINE
8
CYAN2
6
CONTINUOUS
10
5.5707519685039371
20
-3.5742834645669292
11
5.5731299212598424
21
-3.5790472440944883
0
LINE
8
CYAN2
6
CONTINUOUS
10
5.5731299212598424
20
-3.5790472440944883
11
5.5731299212598424
21
-3.5885708661417324
0
LINE
8
CYAN2
6
CONTINUOUS
10
5.5278937007874021
20
-3.5480905511811023
11
5.5255118110236223
21
-3.5457125984251969
0
LINE
8
CYAN2
6
CONTINUOUS
10
5.5255118110236223
20
-3.5457125984251969
11
5.5231299212598426
21
-3.5409488188976379
0
LINE
8
CYAN2
6
CONTINUOUS
10
5.5231299212598426
20
-3.5409488188976379
11
5.5231299212598426
21
-3.5290433070866145
0
LINE
8
CYAN2
6
CONTINUOUS
10
5.5231299212598426
20
-3.5290433070866145
11
5.5255118110236223
21
-3.5242834645669294
0
LINE
8
CYAN2
6
CONTINUOUS
10
5.5255118110236223
20
-3.5242834645669294
11
5.5278937007874021
21
-3.5219015748031497
0
LINE
8
CYAN2
6
CONTINUOUS
10
5.5278937007874021
20
-3.5219015748031497
11
5.5326535433070871
21
-3.5195196850393704
0
LINE
8
CYAN2
6
CONTINUOUS
10
5.5326535433070871
20
-3.5195196850393704
11
5.5374173228346457
21
-3.5195196850393704
0
LINE
8
CYAN2
6
CONTINUOUS
10
5.5374173228346457
20
-3.5195196850393704
11
5.5445590551181105
21
-3.5219015748031497
0
LINE
8
CYAN2
6
CONTINUOUS
10
5.5445590551181105
20
-3.5219015748031497
11
5.5731299212598424
21
-3.550472440944882
0
LINE
8
CYAN2
6
CONTINUOUS
10
5.5731299212598424
20
-3.550472440944882
11
5.5731299212598424
21
-3.5195196850393704
0
LINE
8
RED3
6
CONTINUOUS
10
5.4898779527559061
20
-3.7380905511811027
11
5.4898779527559061
21
-3.7619015748031499
0
LINE
8
RED3
6
CONTINUOUS
10
5.4898779527559061
20
-3.7619015748031499
11
5.5136889763779529
21
-3.7642795275590553
0
LINE
8
RED3
6
CONTINUOUS
10
5.5136889763779529
20
-3.7642795275590553
11
5.5113070866141731
21
-3.7619015748031499
0
LINE
8
RED3
6
CONTINUOUS
10
5.5113070866141731
20
-3.7619015748031499
11
5.5089251968503943
21
-3.7571377952755909
0
LINE
8
RED3
6
CONTINUOUS
10
5.5089251968503943
20
-3.7571377952755909
11
5.5089251968503943
21
-3.745232283464567
0
LINE
8
RED3
6
CONTINUOUS
10
5.5089251968503943
20
-3.745232283464567
11
5.5113070866141731
21
-3.740472440944882
0
LINE
8
RED3
6
CONTINUOUS
10
5.5113070866141731
20
-3.740472440944882
11
5.5136889763779529
21
-3.7380905511811027
0
LINE
8
RED3
6
CONTINUOUS
10
5.5136889763779529
20
-3.7380905511811027
11
5.5184488188976379
21
-3.7357086614173229
0
LINE
8
RED3
6
CONTINUOUS
10
5.5184488188976379
20
-3.7357086614173229
11
5.5303543307086613
21
-3.7357086614173229
0
LINE
8
RED3
6
CONTINUOUS
10
5.5303543307086613
20
-3.7357086614173229
11
5.5351181102362208
21
-3.7380905511811027
0
LINE
8
RED3
6
CONTINUOUS
10
5.5351181102362208
20
-3.7380905511811027
11
5.5375000000000005
21
-3.740472440944882
0
LINE
8
RED3
6
CONTINUOUS
10
5.5375000000000005
20
-3.740472440944882
11
5.5398779527559059
21
-3.745232283464567
0
LINE
8
RED3
6
CONTINUOUS
10
5.5398779527559059
20
-3.745232283464567
11
5.5398779527559059
21
-3.7571377952755909
0
LINE
8
RED3
6
CONTINUOUS
10
5.5398779527559059
20
-3.7571377952755909
11
5.5375000000000005
21
-3.7619015748031499
0
LINE
8
RED3
6
CONTINUOUS
10
5.5375000000000005
20
-3.7619015748031499
11
5.5351181102362208
21
-3.7642795275590553
0
LINE
8
RED2
6
CONTINUOUS
10
5.4500000000000002
20
-3.6500000000000004
11
5.4500000000000002
21
-3.8500000000000001
0
LINE
8
CYAN2
6
CONTINUOUS
10
5.4778937007874013
20
-3.5647598425196851
11
5.4755118110236225
21
-3.5695236220472442
0
LINE
8
CYAN2
6
CONTINUOUS
10
5.4755118110236225
20
-3.5695236220472442
11
5.4707519685039374
21
-3.5742834645669292
0
LINE
8
CYAN2
6
CONTINUOUS
10
5.4707519685039374
20
-3.5742834645669292
11
5.4636062992125982
21
-3.5814251968503936
0
LINE
8
CYAN2
6
CONTINUOUS
10
5.4636062992125982
20
-3.5814251968503936
11
5.4612244094488194
21
-3.5861889763779531
0
LINE
8
CYAN2
6
CONTINUOUS
10
5.4612244094488194
20
-3.5861889763779531
11
5.4612244094488194
21
-3.5909488188976377
0
LINE
8
CYAN2
6
CONTINUOUS
10
5.4731299212598428
20
-3.5885708661417324
11
5.4707519685039374
21
-3.5933307086614175
0
LINE
8
CYAN2
6
CONTINUOUS
10
5.4707519685039374
20
-3.5933307086614175
11
5.4659881889763779
21
-3.5980944881889765
0
LINE
8
CYAN2
6
CONTINUOUS
10
5.4659881889763779
20
-3.5980944881889765
11
5.4564645669291343
21
-3.6004724409448818
0
LINE
8
CYAN2
6
CONTINUOUS
10
5.4564645669291343
20
-3.6004724409448818
11
5.4397992125984258
21
-3.6004724409448818
0
LINE
8
CYAN2
6
CONTINUOUS
10
5.4397992125984258
20
-3.6004724409448818
11
5.4302755905511813
21
-3.5980944881889765
0
LINE
8
CYAN2
6
CONTINUOUS
10
5.4302755905511813
20
-3.5980944881889765
11
5.4255118110236227
21
-3.5933307086614175
0
LINE
8
CYAN2
6
CONTINUOUS
10
5.4255118110236227
20
-3.5933307086614175
11
5.4231299212598429
21
-3.5885708661417324
0
LINE
8
CYAN2
6
CONTINUOUS
10
5.4231299212598429
20
-3.5885708661417324
11
5.4231299212598429
21
-3.5790472440944883
0
LINE
8
CYAN2
6
CONTINUOUS
10
5.4231299212598429
20
-3.5790472440944883
11
5.4255118110236227
21
-3.5742834645669292
0
LINE
8
CYAN2
6
CONTINUOUS
10
5.4255118110236227
20
-3.5742834645669292
11
5.4302755905511813
21
-3.5695236220472442
0
LINE
8
CYAN2
6
CONTINUOUS
10
5.4302755905511813
20
-3.5695236220472442
11
5.4397992125984258
21
-3.5671417322834649
0
LINE
8
CYAN2
6
CONTINUOUS
10
5.4397992125984258
20
-3.5671417322834649
11
5.4564645669291343
21
-3.5671417322834649
0
LINE
8
CYAN2
6
CONTINUOUS
10
5.4564645669291343
20
-3.5671417322834649
11
5.4659881889763779
21
-3.5695236220472442
0
LINE
8
CYAN2
6
CONTINUOUS
10
5.4659881889763779
20
-3.5695236220472442
11
5.4707519685039374
21
-3.5742834645669292
0
LINE
8
CYAN2
6
CONTINUOUS
10
5.4707519685039374
20
-3.5742834645669292
11
5.4731299212598428
21
-3.5790472440944883
0
LINE
8
CYAN2
6
CONTINUOUS
10
5.4731299212598428
20
-3.5790472440944883
11
5.4731299212598428
21
-3.5885708661417324
0
LINE
8
CYAN2
6
CONTINUOUS
10
5.4231299212598429
20
-3.550472440944882
11
5.4231299212598429
21
-3.5195196850393704
0
LINE
8
CYAN2
6
CONTINUOUS
10
5.4231299212598429
20
-3.5195196850393704
11
5.4421771653543312
21
-3.5361889763779528
0
LINE
8
CYAN2
6
CONTINUOUS
10
5.4421771653543312
20
-3.5361889763779528
11
5.4421771653543312
21
-3.5290433070866145
0
LINE
8
CYAN2
6
CONTINUOUS
10
5.4421771653543312
20
-3.5290433070866145
11
5.44455905511811
21
-3.5242834645669294
0
LINE
8
CYAN2
6
CONTINUOUS
10
5.44455905511811
20
-3.5242834645669294
11
5.4469409448818897
21
-3.5219015748031497
0
LINE
8
CYAN2
6
CONTINUOUS
10
5.4469409448818897
20
-3.5219015748031497
11
5.4517007874015748
21
-3.5195196850393704
0
LINE
8
CYAN2
6
CONTINUOUS
10
5.4517007874015748
20
-3.5195196850393704
11
5.4636062992125982
21
-3.5195196850393704
0
LINE
8
CYAN2
6
CONTINUOUS
10
5.4636062992125982
20
-3.5195196850393704
11
5.4683700787401577
21
-3.5219015748031497
0
LINE
8
CYAN2
6
CONTINUOUS
10
5.4683700787401577
20
-3.5219015748031497
11
5.4707519685039374
21
-3.5242834645669294
0
LINE
8
CYAN2
6
CONTINUOUS
10
5.4707519685039374
20
-3.5242834645669294
11
5.4731299212598428
21
-3.5290433070866145
0
LINE
8
CYAN2
6
CONTINUOUS
10
5.4731299212598428
20
-3.5290433070866145
11
5.4731299212598428
21
-3.5433307086614176
0
LINE
8
CYAN2
6
CONTINUOUS
10
5.4731299212598428
20
-3.5433307086614176
11
5.4707519685039374
21
-3.5480905511811023
0
LINE
8
CYAN2
6
CONTINUOUS
10
5.4707519685039374
20
-3.5480905511811023
11
5.4683700787401577
21
-3.550472440944882
0
LINE
8
RED3
6
CONTINUOUS
10
5.3898779527559055
20
-3.740472440944882
11
5.3898779527559055
21
-3.7499960629921261
0
LINE
8
RED3
6
CONTINUOUS
10
5.3898779527559055
20
-3.7499960629921261
11
5.3922598425196853
21
-3.7547559055118112
0
LINE
8
RED3
6
CONTINUOUS
10
5.3922598425196853
20
-3.7547559055118112
11
5.394641732283465
21
-3.7571377952755909
0
LINE
8
RED3
6
CONTINUOUS
10
5.394641732283465
20
-3.7571377952755909
11
5.4017834645669289
21
-3.7619015748031499
0
LINE
8
RED3
6
CONTINUOUS
10
5.4017834645669289
20
-3.7619015748031499
11
5.4113070866141735
21
-3.7642795275590553
0
LINE
8
RED3
6
CONTINUOUS
10
5.4113070866141735
20
-3.7642795275590553
11
5.4303543307086617
21
-3.7642795275590553
0
LINE
8
RED3
6
CONTINUOUS
10
5.4303543307086617
20
-3.7642795275590553
11
5.4351181102362203
21
-3.7619015748031499
0
LINE
8
RED3
6
CONTINUOUS
10
5.4351181102362203
20
-3.7619015748031499
11
5.4375
21
-3.7595196850393702
0
LINE
8
RED3
6
CONTINUOUS
10
5.4375
20
-3.7595196850393702
11
5.4398779527559054
21
-3.7547559055118112
0
LINE
8
RED3
6
CONTINUOUS
10
5.4398779527559054
20
-3.7547559055118112
11
5.4398779527559054
21
-3.745232283464567
0
LINE
8
RED3
6
CONTINUOUS
10
5.4398779527559054
20
-3.745232283464567
11
5.4375
21
-3.740472440944882
0
LINE
8
RED3
6
CONTINUOUS
10
5.4375
20
-3.740472440944882
11
5.4351181102362203
21
-3.7380905511811027
0
LINE
8
RED3
6
CONTINUOUS
10
5.4351181102362203
20
-3.7380905511811027
11
5.4303543307086617
21
-3.7357086614173229
0
LINE
8
RED3
6
CONTINUOUS
10
5.4303543307086617
20
-3.7357086614173229
11
5.4184488188976383
21
-3.7357086614173229
0
LINE
8
RED3
6
CONTINUOUS
10
5.4184488188976383
20
-3.7357086614173229
11
5.4136889763779532
21
-3.7380905511811027
0
LINE
8
RED3
6
CONTINUOUS
10
5.4136889763779532
20
-3.7380905511811027
11
5.4113070866141735
21
-3.740472440944882
0
LINE
8
RED3
6
CONTINUOUS
10
5.4113070866141735
20
-3.740472440944882
11
5.4089251968503937
21
-3.745232283464567
0
LINE
8
RED3
6
CONTINUOUS
10
5.4089251968503937
20
-3.745232283464567
11
5.4089251968503937
21
-3.7547559055118112
0
LINE
8
RED3
6
CONTINUOUS
10
5.4089251968503937
20
-3.7547559055118112
11
5.4113070866141735
21
-3.7595196850393702
0
LINE
8
RED3
6
CONTINUOUS
10
5.4113070866141735
20
-3.7595196850393702
11
5.4136889763779532
21
-3.7619015748031499
0
LINE
8
RED3
6
CONTINUOUS
10
5.4136889763779532
20
-3.7619015748031499
11
5.4184488188976383
21
-3.7642795275590553
0
LINE
8
CYAN2
6
CONTINUOUS
10
6.0227992125984251
20
-3.5744685039370081
11
6.0632755905511813
21
-3.5744685039370081
0
LINE
8
CYAN2
6
CONTINUOUS
10
6.0632755905511813
20
-3.5744685039370081
11
6.0680393700787407
21
-3.5720866141732284
0
LINE
8
CYAN2
6
CONTINUOUS
10
6.0680393700787407
20
-3.5720866141732284
11
6.0704212598425196
21
-3.5697047244094491
0
LINE
8
CYAN2
6
CONTINUOUS
10
6.0704212598425196
20
-3.5697047244094491
11
6.0727992125984258
21
-3.564944881889764
0
LINE
8
CYAN2
6
CONTINUOUS
10
6.0727992125984258
20
-3.564944881889764
11
6.0727992125984258
21
-3.5554212598425199
0
LINE
8
CYAN2
6
CONTINUOUS
10
6.0727992125984258
20
-3.5554212598425199
11
6.0704212598425196
21
-3.5506574803149609
0
LINE
8
CYAN2
6
CONTINUOUS
10
6.0704212598425196
20
-3.5506574803149609
11
6.0680393700787407
21
-3.5482755905511811
0
LINE
8
CYAN2
6
CONTINUOUS
10
6.0680393700787407
20
-3.5482755905511811
11
6.0632755905511813
21
-3.5458976377952758
0
LINE
8
CYAN2
6
CONTINUOUS
10
6.0632755905511813
20
-3.5458976377952758
11
6.0227992125984251
21
-3.5458976377952758
0
LINE
8
CYAN2
6
CONTINUOUS
10
6.0275629921259846
20
-3.5244645669291339
11
6.0251811023622048
21
-3.5220866141732285
0
LINE
8
CYAN2
6
CONTINUOUS
10
6.0251811023622048
20
-3.5220866141732285
11
6.0227992125984251
21
-3.5173228346456695
0
LINE
8
CYAN2
6
CONTINUOUS
10
6.0227992125984251
20
-3.5173228346456695
11
6.0227992125984251
21
-3.5054173228346457
0
LINE
8
CYAN2
6
CONTINUOUS
10
6.0227992125984251
20
-3.5054173228346457
11
6.0251811023622048
21
-3.5006574803149606
0
LINE
8
CYAN2
6
CONTINUOUS
10
6.0251811023622048
20
-3.5006574803149606
11
6.0275629921259846
21
-3.4982755905511813
0
LINE
8
CYAN2
6
CONTINUOUS
10
6.0275629921259846
20
-3.4982755905511813
11
6.0323228346456697
21
-3.4958937007874016
0
LINE
8
CYAN2
6
CONTINUOUS
10
6.0323228346456697
20
-3.4958937007874016
11
6.0370866141732282
21
-3.4958937007874016
0
LINE
8
CYAN2
6
CONTINUOUS
10
6.0370866141732282
20
-3.4958937007874016
11
6.044228346456693
21
-3.4982755905511813
0
LINE
8
CYAN2
6
CONTINUOUS
10
6.044228346456693
20
-3.4982755905511813
11
6.0727992125984258
21
-3.5268464566929136
0
LINE
8
CYAN2
6
CONTINUOUS
10
6.0727992125984258
20
-3.5268464566929136
11
6.0727992125984258
21
-3.4958937007874016
0
LINE
8
CYAN2
6
CONTINUOUS
10
6.044228346456693
20
-3.4673228346456693
11
6.0418464566929133
21
-3.4720866141732283
0
LINE
8
CYAN2
6
CONTINUOUS
10
6.0418464566929133
20
-3.4720866141732283
11
6.039468503937008
21
-3.474468503937008
0
LINE
8
CYAN2
6
CONTINUOUS
10
6.039468503937008
20
-3.474468503937008
11
6.0347047244094494
21
-3.4768464566929134
0
LINE
8
CYAN2
6
CONTINUOUS
10
6.0347047244094494
20
-3.4768464566929134
11
6.0323228346456697
21
-3.4768464566929134
0
LINE
8
CYAN2
6
CONTINUOUS
10
6.0323228346456697
20
-3.4768464566929134
11
6.0275629921259846
21
-3.474468503937008
0
LINE
8
CYAN2
6
CONTINUOUS
10
6.0275629921259846
20
-3.474468503937008
11
6.0251811023622048
21
-3.4720866141732283
0
LINE
8
CYAN2
6
CONTINUOUS
10
6.0251811023622048
20
-3.4720866141732283
11
6.0227992125984251
21
-3.4673228346456693
0
LINE
8
CYAN2
6
CONTINUOUS
10
6.0227992125984251
20
-3.4673228346456693
11
6.0227992125984251
21
-3.4577992125984252
0
LINE
8
CYAN2
6
CONTINUOUS
10
6.0227992125984251
20
-3.4577992125984252
11
6.0251811023622048
21
-3.4530393700787401
0
LINE
8
CYAN2
6
CONTINUOUS
10
6.0251811023622048
20
-3.4530393700787401
11
6.0275629921259846
21
-3.4506574803149608
0
LINE
8
CYAN2
6
CONTINUOUS
10
6.0275629921259846
20
-3.4506574803149608
11
6.0323228346456697
21
-3.448275590551181
0
LINE
8
CYAN2
6
CONTINUOUS
10
6.0323228346456697
20
-3.448275590551181
11
6.0347047244094494
21
-3.448275590551181
0
LINE
8
CYAN2
6
CONTINUOUS
10
6.0347047244094494
20
-3.448275590551181
11
6.039468503937008
21
-3.4506574803149608
0
LINE
8
CYAN2
6
CONTINUOUS
10
6.039468503937008
20
-3.4506574803149608
11
6.0418464566929133
21
-3.4530393700787401
0
LINE
8
CYAN2
6
CONTINUOUS
10
6.0418464566929133
20
-3.4530393700787401
11
6.044228346456693
21
-3.4577992125984252
0
LINE
8
CYAN2
6
CONTINUOUS
10
6.044228346456693
20
-3.4577992125984252
11
6.044228346456693
21
-3.4673228346456693
0
LINE
8
CYAN2
6
CONTINUOUS
10
6.044228346456693
20
-3.4673228346456693
11
6.0466102362204728
21
-3.4720866141732283
0
LINE
8
CYAN2
6
CONTINUOUS
10
6.0466102362204728
20
-3.4720866141732283
11
6.0489921259842525
21
-3.474468503937008
0
LINE
8
CYAN2
6
CONTINUOUS
10
6.0489921259842525
20
-3.474468503937008
11
6.0537519685039376
21
-3.4768464566929134
0
LINE
8
CYAN2
6
CONTINUOUS
10
6.0537519685039376
20
-3.4768464566929134
11
6.0632755905511813
21
-3.4768464566929134
0
LINE
8
CYAN2
6
CONTINUOUS
10
6.0632755905511813
20
-3.4768464566929134
11
6.0680393700787407
21
-3.474468503937008
0
LINE
8
CYAN2
6
CONTINUOUS
10
6.0680393700787407
20
-3.474468503937008
11
6.0704212598425196
21
-3.4720866141732283
0
LINE
8
CYAN2
6
CONTINUOUS
10
6.0704212598425196
20
-3.4720866141732283
11
6.0727992125984258
21
-3.4673228346456693
0
LINE
8
CYAN2
6
CONTINUOUS
10
6.0727992125984258
20
-3.4673228346456693
11
6.0727992125984258
21
-3.4577992125984252
0
LINE
8
CYAN2
6
CONTINUOUS
10
6.0727992125984258
20
-3.4577992125984252
11
6.0704212598425196
21
-3.4530393700787401
0
LINE
8
CYAN2
6
CONTINUOUS
10
6.0704212598425196
20
-3.4530393700787401
11
6.0680393700787407
21
-3.4506574803149608
0
LINE
8
CYAN2
6
CONTINUOUS
10
6.0680393700787407
20
-3.4506574803149608
11
6.0632755905511813
21
-3.448275590551181
0
LINE
8
CYAN2
6
CONTINUOUS
10
6.0632755905511813
20
-3.448275590551181
11
6.0537519685039376
21
-3.448275590551181
0
LINE
8
CYAN2
6
CONTINUOUS
10
6.0537519685039376
20
-3.448275590551181
11
6.0489921259842525
21
-3.4506574803149608
0
LINE
8
CYAN2
6
CONTINUOUS
10
6.0489921259842525
20
-3.4506574803149608
11
6.0466102362204728
21
-3.4530393700787401
0
LINE
8
CYAN2
6
CONTINUOUS
10
6.0466102362204728
20
-3.4530393700787401
11
6.044228346456693
21
-3.4577992125984252
0
LINE
8
CYAN2
6
CONTINUOUS
10
5.9227992125984255
20
-3.810181102362205
11
5.9227992125984255
21
-3.7768503937007876
0
LINE
8
CYAN2
6
CONTINUOUS
10
5.9227992125984255
20
-3.7768503937007876
11
5.9727992125984253
21
-3.7982755905511811
0
LINE
8
CYAN2
6
CONTINUOUS
10
5.9394685039370083
20
-3.7363740157480319
11
5.9727992125984253
21
-3.7363740157480319
0
LINE
8
CYAN2
6
CONTINUOUS
10
5.9204212598425201
20
-3.7482795275590552
11
5.9561338582677168
21
-3.7601811023622047
0
LINE
8
CYAN2
6
CONTINUOUS
10
5.9561338582677168
20
-3.7601811023622047
11
5.9561338582677168
21
-3.729232283464567
0
LINE
8
CYAN2
6
CONTINUOUS
10
5.9727992125984253
20
-3.7101850393700788
11
5.9227992125984255
21
-3.7101850393700788
0
LINE
8
CYAN2
6
CONTINUOUS
10
5.9466102362204722
20
-3.7101850393700788
11
5.9466102362204722
21
-3.6816141732283465
0
LINE
8
CYAN2
6
CONTINUOUS
10
5.9727992125984253
20
-3.6816141732283465
11
5.9227992125984255
21
-3.6816141732283465
0
LINE
8
CYAN2
6
CONTINUOUS
10
5.9680393700787402
20
-3.6292322834645669
11
5.9704212598425199
21
-3.6316102362204727
0
LINE
8
CYAN2
6
CONTINUOUS
10
5.9704212598425199
20
-3.6316102362204727
11
5.9727992125984253
21
-3.6387559055118111
0
LINE
8
CYAN2
6
CONTINUOUS
10
5.9727992125984253
20
-3.6387559055118111
11
5.9727992125984253
21
-3.6435157480314961
0
LINE
8
CYAN2
6
CONTINUOUS
10
5.9727992125984253
20
-3.6435157480314961
11
5.9704212598425199
21
-3.650657480314961
0
LINE
8
CYAN2
6
CONTINUOUS
10
5.9704212598425199
20
-3.650657480314961
11
5.9656574803149605
21
-3.65542125984252
0
LINE
8
CYAN2
6
CONTINUOUS
10
5.9656574803149605
20
-3.65542125984252
11
5.9608937007874019
21
-3.6578031496062993
0
LINE
8
CYAN2
6
CONTINUOUS
10
5.9608937007874019
20
-3.6578031496062993
11
5.9513700787401573
21
-3.6601811023622051
0
LINE
8
CYAN2
6
CONTINUOUS
10
5.9513700787401573
20
-3.6601811023622051
11
5.9442283464566934
21
-3.6601811023622051
0
LINE
8
CYAN2
6
CONTINUOUS
10
5.9442283464566934
20
-3.6601811023622051
11
5.9347047244094489
21
-3.6578031496062993
0
LINE
8
CYAN2
6
CONTINUOUS
10
5.9347047244094489
20
-3.6578031496062993
11
5.9299448818897638
21
-3.65542125984252
0
LINE
8
CYAN2
6
CONTINUOUS
10
5.9299448818897638
20
-3.65542125984252
11
5.9251811023622052
21
-3.650657480314961
0
LINE
8
CYAN2
6
CONTINUOUS
10
5.9251811023622052
20
-3.650657480314961
11
5.9227992125984255
21
-3.6435157480314961
0
LINE
8
CYAN2
6
CONTINUOUS
10
5.9227992125984255
20
-3.6435157480314961
11
5.9227992125984255
21
-3.6387559055118111
0
LINE
8
CYAN2
6
CONTINUOUS
10
5.9227992125984255
20
-3.6387559055118111
11
5.9251811023622052
21
-3.6316102362204727
0
LINE
8
CYAN2
6
CONTINUOUS
10
5.9251811023622052
20
-3.6316102362204727
11
5.9275629921259849
21
-3.6292322834645669
0
LINE
8
CYAN2
6
CONTINUOUS
10
5.9227992125984255
20
-3.6149448818897638
11
5.9227992125984255
21
-3.5863740157480315
0
LINE
8
CYAN2
6
CONTINUOUS
10
5.9727992125984253
20
-3.6006574803149607
11
5.9227992125984255
21
-3.6006574803149607
0
LINE
8
CYAN2
6
CONTINUOUS
10
5.9727992125984253
20
-3.543515748031496
11
5.9727992125984253
21
-3.5720866141732284
0
LINE
8
CYAN2
6
CONTINUOUS
10
5.9727992125984253
20
-3.5578031496062992
11
5.9227992125984255
21
-3.5578031496062992
0
LINE
8
CYAN2
6
CONTINUOUS
10
5.9227992125984255
20
-3.5578031496062992
11
5.9299448818897638
21
-3.5625629921259843
0
LINE
8
CYAN2
6
CONTINUOUS
10
5.9299448818897638
20
-3.5625629921259843
11
5.9347047244094489
21
-3.5673267716535433
0
LINE
8
CYAN2
6
CONTINUOUS
10
5.9347047244094489
20
-3.5673267716535433
11
5.9370866141732286
21
-3.5720866141732284
0
LINE
8
CYAN2
6
CONTINUOUS
10
5.9227992125984255
20
-3.5268503937007876
11
5.9227992125984255
21
-3.4935196850393702
0
LINE
8
CYAN2
6
CONTINUOUS
10
5.9227992125984255
20
-3.4935196850393702
11
5.9727992125984253
21
-3.5149448818897637
0
LINE
8
CYAN2
6
CONTINUOUS
10
5.9227992125984255
20
-3.479232283464567
11
5.9227992125984255
21
-3.4482795275590554
0
LINE
8
CYAN2
6
CONTINUOUS
10
5.9227992125984255
20
-3.4482795275590554
11
5.9418464566929137
21
-3.4649488188976378
0
LINE
8
CYAN2
6
CONTINUOUS
10
5.9418464566929137
20
-3.4649488188976378
11
5.9418464566929137
21
-3.4578031496062995
0
LINE
8
CYAN2
6
CONTINUOUS
10
5.9418464566929137
20
-3.4578031496062995
11
5.9442283464566934
21
-3.4530433070866144
0
LINE
8
CYAN2
6
CONTINUOUS
10
5.9442283464566934
20
-3.4530433070866144
11
5.9466102362204722
21
-3.4506614173228347
0
LINE
8
CYAN2
6
CONTINUOUS
10
5.9466102362204722
20
-3.4506614173228347
11
5.9513700787401573
21
-3.4482795275590554
0
LINE
8
CYAN2
6
CONTINUOUS
10
5.9513700787401573
20
-3.4482795275590554
11
5.9632755905511816
21
-3.4482795275590554
0
LINE
8
CYAN2
6
CONTINUOUS
10
5.9632755905511816
20
-3.4482795275590554
11
5.9680393700787402
21
-3.4506614173228347
0
LINE
8
CYAN2
6
CONTINUOUS
10
5.9680393700787402
20
-3.4506614173228347
11
5.9704212598425199
21
-3.4530433070866144
0
LINE
8
CYAN2
6
CONTINUOUS
10
5.9704212598425199
20
-3.4530433070866144
11
5.9727992125984253
21
-3.4578031496062995
0
LINE
8
CYAN2
6
CONTINUOUS
10
5.9727992125984253
20
-3.4578031496062995
11
5.9727992125984253
21
-3.4720905511811027
0
LINE
8
CYAN2
6
CONTINUOUS
10
5.9727992125984253
20
-3.4720905511811027
11
5.9704212598425199
21
-3.4768503937007877
0
LINE
8
CYAN2
6
CONTINUOUS
10
5.9704212598425199
20
-3.4768503937007877
11
5.9680393700787402
21
-3.479232283464567
0
LINE
8
RED2
6
CONTINUOUS
10
6.2300000000000004
20
-6.5200000000000005
11
6.29
21
-6.5800000000000001
0
LINE
8
RED2
6
CONTINUOUS
10
6.29
20
-6.5800000000000001
11
6.29
21
-6.5499999999999998
0
LINE
8
RED2
6
CONTINUOUS
10
6.29
20
-6.5499999999999998
11
6.29
21
-6.5800000000000001
0
LINE
8
RED2
6
CONTINUOUS
10
6.29
20
-6.5800000000000001
11
6.2600000000000007
21
-6.5800000000000001
0
LINE
8
RED2
6
CONTINUOUS
10
6.2300000000000004
20
-6.4700000000000006
11
6.29
21
-6.5300000000000002
0
LINE
8
RED2
6
CONTINUOUS
10
6.29
20
-6.5300000000000002
11
6.29
21
-6.5
0
LINE
8
RED2
6
CONTINUOUS
10
6.29
20
-6.5
11
6.29
21
-6.5300000000000002
0
LINE
8
RED2
6
CONTINUOUS
10
6.29
20
-6.5300000000000002
11
6.2600000000000007
21
-6.5300000000000002
0
LINE
8
RED2
6
CONTINUOUS
10
6.2000000000000002
20
-6.4500000000000002
11
6.2000000000000002
21
-6.3500000000000005
0
LINE
8
RED2
6
CONTINUOUS
10
6.25
20
-6.4500000000000002
11
6.1500000000000004
21
-6.4500000000000002
0
LINE
8
RED2
6
CONTINUOUS
10
6.25
20
-6.3500000000000005
11
6.1500000000000004
21
-6.3500000000000005
0
LINE
8
RED2
6
CONTINUOUS
10
6.1500000000000004
20
-6.3500000000000005
11
6.2000000000000002
21
-6.4500000000000002
0
LINE
8
RED2
6
CONTINUOUS
10
6.2000000000000002
20
-6.4500000000000002
11
6.25
21
-6.3500000000000005
0
LINE
8
RED2
6
CONTINUOUS
10
6.2000000000000002
20
-6.4500000000000002
11
6.2000000000000002
21
-6.5499999999999998
0
LINE
8
RED2
6
CONTINUOUS
10
6.2000000000000002
20
-6.3500000000000005
11
6.2000000000000002
21
-6.25
0
LINE
8
CYAN2
6
CONTINUOUS
10
6.3062795275590551
20
-6.3827992125984254
11
6.3062795275590551
21
-6.3327992125984256
0
LINE
8
CYAN2
6
CONTINUOUS
10
6.3062795275590551
20
-6.3327992125984256
11
6.3181850393700794
21
-6.3327992125984256
0
LINE
8
CYAN2
6
CONTINUOUS
10
6.3181850393700794
20
-6.3327992125984256
11
6.3253267716535433
21
-6.3351811023622053
0
LINE
8
CYAN2
6
CONTINUOUS
10
6.3253267716535433
20
-6.3351811023622053
11
6.3300905511811028
21
-6.3399448818897639
0
LINE
8
CYAN2
6
CONTINUOUS
10
6.3300905511811028
20
-6.3399448818897639
11
6.3324724409448825
21
-6.344704724409449
0
LINE
8
CYAN2
6
CONTINUOUS
10
6.3324724409448825
20
-6.344704724409449
11
6.3348503937007878
21
-6.3542283464566935
0
LINE
8
CYAN2
6
CONTINUOUS
10
6.3348503937007878
20
-6.3542283464566935
11
6.3348503937007878
21
-6.3613700787401575
0
LINE
8
CYAN2
6
CONTINUOUS
10
6.3348503937007878
20
-6.3613700787401575
11
6.3324724409448825
21
-6.370893700787402
0
LINE
8
CYAN2
6
CONTINUOUS
10
6.3324724409448825
20
-6.370893700787402
11
6.3300905511811028
21
-6.3756574803149606
0
LINE
8
CYAN2
6
CONTINUOUS
10
6.3300905511811028
20
-6.3756574803149606
11
6.3253267716535433
21
-6.3804212598425201
0
LINE
8
CYAN2
6
CONTINUOUS
10
6.3253267716535433
20
-6.3804212598425201
11
6.3181850393700794
21
-6.3827992125984254
0
LINE
8
CYAN2
6
CONTINUOUS
10
6.3181850393700794
20
-6.3827992125984254
11
6.3062795275590551
21
-6.3827992125984254
0
LINE
8
CYAN2
6
CONTINUOUS
10
6.3800905511811026
20
-6.3327992125984256
11
6.3562795275590558
21
-6.3327992125984256
0
LINE
8
CYAN2
6
CONTINUOUS
10
6.3562795275590558
20
-6.3327992125984256
11
6.3539015748031495
21
-6.3566102362204724
0
LINE
8
CYAN2
6
CONTINUOUS
10
6.3539015748031495
20
-6.3566102362204724
11
6.3562795275590558
21
-6.3542283464566935
0
LINE
8
CYAN2
6
CONTINUOUS
10
6.3562795275590558
20
-6.3542283464566935
11
6.3610433070866144
21
-6.3518464566929138
0
LINE
8
CYAN2
6
CONTINUOUS
10
6.3610433070866144
20
-6.3518464566929138
11
6.3729488188976378
21
-6.3518464566929138
0
LINE
8
CYAN2
6
CONTINUOUS
10
6.3729488188976378
20
-6.3518464566929138
11
6.3777086614173228
21
-6.3542283464566935
0
LINE
8
CYAN2
6
CONTINUOUS
10
6.3777086614173228
20
-6.3542283464566935
11
6.3800905511811026
21
-6.3566102362204724
0
LINE
8
CYAN2
6
CONTINUOUS
10
6.3800905511811026
20
-6.3566102362204724
11
6.3824724409448823
21
-6.3613700787401575
0
LINE
8
CYAN2
6
CONTINUOUS
10
6.3824724409448823
20
-6.3613700787401575
11
6.3824724409448823
21
-6.3732755905511818
0
LINE
8
CYAN2
6
CONTINUOUS
10
6.3824724409448823
20
-6.3732755905511818
11
6.3800905511811026
21
-6.3780393700787403
0
LINE
8
CYAN2
6
CONTINUOUS
10
6.3800905511811026
20
-6.3780393700787403
11
6.3777086614173228
21
-6.3804212598425201
0
LINE
8
CYAN2
6
CONTINUOUS
10
6.3777086614173228
20
-6.3804212598425201
11
6.3729488188976378
21
-6.3827992125984254
0
LINE
8
CYAN2
6
CONTINUOUS
10
6.3729488188976378
20
-6.3827992125984254
11
6.3610433070866144
21
-6.3827992125984254
0
LINE
8
CYAN2
6
CONTINUOUS
10
6.3610433070866144
20
-6.3827992125984254
11
6.3562795275590558
21
-6.3804212598425201
0
LINE
8
CYAN2
6
CONTINUOUS
10
6.3562795275590558
20
-6.3804212598425201
11
6.3539015748031495
21
-6.3780393700787403
0
LINE
8
CYAN2
6
CONTINUOUS
10
6.3991377952755908
20
-6.3327992125984256
11
6.4300905511811024
21
-6.3327992125984256
0
LINE
8
CYAN2
6
CONTINUOUS
10
6.4300905511811024
20
-6.3327992125984256
11
6.4134212598425195
21
-6.3518464566929138
0
LINE
8
CYAN2
6
CONTINUOUS
10
6.4134212598425195
20
-6.3518464566929138
11
6.4205669291338587
21
-6.3518464566929138
0
LINE
8
CYAN2
6
CONTINUOUS
10
6.4205669291338587
20
-6.3518464566929138
11
6.4253267716535438
21
-6.3542283464566935
0
LINE
8
CYAN2
6
CONTINUOUS
10
6.4253267716535438
20
-6.3542283464566935
11
6.4277086614173227
21
-6.3566102362204724
0
LINE
8
CYAN2
6
CONTINUOUS
10
6.4277086614173227
20
-6.3566102362204724
11
6.4300905511811024
21
-6.3613700787401575
0
LINE
8
CYAN2
6
CONTINUOUS
10
6.4300905511811024
20
-6.3613700787401575
11
6.4300905511811024
21
-6.3732755905511818
0
LINE
8
CYAN2
6
CONTINUOUS
10
6.4300905511811024
20
-6.3732755905511818
11
6.4277086614173227
21
-6.3780393700787403
0
LINE
8
CYAN2
6
CONTINUOUS
10
6.4277086614173227
20
-6.3780393700787403
11
6.4253267716535438
21
-6.3804212598425201
0
LINE
8
CYAN2
6
CONTINUOUS
10
6.4253267716535438
20
-6.3804212598425201
11
6.4205669291338587
21
-6.3827992125984254
0
LINE
8
CYAN2
6
CONTINUOUS
10
6.4205669291338587
20
-6.3827992125984254
11
6.4062795275590556
21
-6.3827992125984254
0
LINE
8
CYAN2
6
CONTINUOUS
10
6.4062795275590556
20
-6.3827992125984254
11
6.4015196850393705
21
-6.3804212598425201
0
LINE
8
CYAN2
6
CONTINUOUS
10
6.4015196850393705
20
-6.3804212598425201
11
6.3991377952755908
21
-6.3780393700787403
0
LINE
8
CYAN2
6
CONTINUOUS
10
6.3158031496062996
20
-6.4589921259842527
11
6.3158031496062996
21
-6.4827992125984251
0
LINE
8
CYAN2
6
CONTINUOUS
10
6.2991377952755911
20
-6.4327992125984252
11
6.3158031496062996
21
-6.4589921259842527
0
LINE
8
CYAN2
6
CONTINUOUS
10
6.3158031496062996
20
-6.4589921259842527
11
6.3324724409448825
21
-6.4327992125984252
0
LINE
8
CYAN2
6
CONTINUOUS
10
6.349137795275591
20
-6.4566102362204729
11
6.3658070866141738
21
-6.4566102362204729
0
LINE
8
CYAN2
6
CONTINUOUS
10
6.3729488188976378
20
-6.4827992125984251
11
6.349137795275591
21
-6.4827992125984251
0
LINE
8
CYAN2
6
CONTINUOUS
10
6.349137795275591
20
-6.4827992125984251
11
6.349137795275591
21
-6.4327992125984252
0
LINE
8
CYAN2
6
CONTINUOUS
10
6.349137795275591
20
-6.4327992125984252
11
6.3729488188976378
21
-6.4327992125984252
0
LINE
8
CYAN2
6
CONTINUOUS
10
6.418185039370079
20
-6.4827992125984251
11
6.3943740157480313
21
-6.4827992125984251
0
LINE
8
CYAN2
6
CONTINUOUS
10
6.3943740157480313
20
-6.4827992125984251
11
6.3943740157480313
21
-6.4327992125984252
0
LINE
8
CYAN2
6
CONTINUOUS
10
6.4586614173228352
20
-6.4827992125984251
11
6.4348503937007875
21
-6.4827992125984251
0
LINE
8
CYAN2
6
CONTINUOUS
10
6.4348503937007875
20
-6.4827992125984251
11
6.4348503937007875
21
-6.4327992125984252
0
LINE
8
CYAN2
6
CONTINUOUS
10
6.4848503937007873
20
-6.4327992125984252
11
6.4943740157480319
21
-6.4327992125984252
0
LINE
8
CYAN2
6
CONTINUOUS
10
6.4943740157480319
20
-6.4327992125984252
11
6.4991377952755904
21
-6.435181102362205
0
LINE
8
CYAN2
6
CONTINUOUS
10
6.4991377952755904
20
-6.435181102362205
11
6.5038976377952755
21
-6.4399448818897644
0
LINE
8
CYAN2
6
CONTINUOUS
10
6.5038976377952755
20
-6.4399448818897644
11
6.5062795275590553
21
-6.4494685039370081
0
LINE
8
CYAN2
6
CONTINUOUS
10
6.5062795275590553
20
-6.4494685039370081
11
6.5062795275590553
21
-6.4661338582677166
0
LINE
8
CYAN2
6
CONTINUOUS
10
6.5062795275590553
20
-6.4661338582677166
11
6.5038976377952755
21
-6.4756574803149611
0
LINE
8
CYAN2
6
CONTINUOUS
10
6.5038976377952755
20
-6.4756574803149611
11
6.4991377952755904
21
-6.4804212598425197
0
LINE
8
CYAN2
6
CONTINUOUS
10
6.4991377952755904
20
-6.4804212598425197
11
6.4943740157480319
21
-6.4827992125984251
0
LINE
8
CYAN2
6
CONTINUOUS
10
6.4943740157480319
20
-6.4827992125984251
11
6.4848503937007873
21
-6.4827992125984251
0
LINE
8
CYAN2
6
CONTINUOUS
10
6.4848503937007873
20
-6.4827992125984251
11
6.4800905511811022
21
-6.4804212598425197
0
LINE
8
CYAN2
6
CONTINUOUS
10
6.4800905511811022
20
-6.4804212598425197
11
6.4753267716535436
21
-6.4756574803149611
0
LINE
8
CYAN2
6
CONTINUOUS
10
6.4753267716535436
20
-6.4756574803149611
11
6.4729488188976383
21
-6.4661338582677166
0
LINE
8
CYAN2
6
CONTINUOUS
10
6.4729488188976383
20
-6.4661338582677166
11
6.4729488188976383
21
-6.4494685039370081
0
LINE
8
CYAN2
6
CONTINUOUS
10
6.4729488188976383
20
-6.4494685039370081
11
6.4753267716535436
21
-6.4399448818897644
0
LINE
8
CYAN2
6
CONTINUOUS
10
6.4753267716535436
20
-6.4399448818897644
11
6.4800905511811022
21
-6.435181102362205
0
LINE
8
CYAN2
6
CONTINUOUS
10
6.4800905511811022
20
-6.435181102362205
11
6.4848503937007873
21
-6.4327992125984252
0
LINE
8
CYAN2
6
CONTINUOUS
10
6.5229488188976381
20
-6.4327992125984252
11
6.5348543307086615
21
-6.4827992125984251
0
LINE
8
CYAN2
6
CONTINUOUS
10
6.5348543307086615
20
-6.4827992125984251
11
6.5443779527559061
21
-6.4470866141732284
0
LINE
8
CYAN2
6
CONTINUOUS
10
6.5443779527559061
20
-6.4470866141732284
11
6.5539015748031497
21
-6.4827992125984251
0
LINE
8
CYAN2
6
CONTINUOUS
10
6.5539015748031497
20
-6.4827992125984251
11
6.5658070866141731
21
-6.4327992125984252
0
LINE
8
RED2
6
CONTINUOUS
10
6.1600000000000001
20
-6.9500000000000002
11
6.1600000000000001
21
-6.75
0
LINE
8
RED2
6
CONTINUOUS
10
6.1600000000000001
20
-6.75
11
6.2400000000000002
21
-6.75
0
LINE
8
RED2
6
CONTINUOUS
10
6.2400000000000002
20
-6.75
11
6.2400000000000002
21
-6.9500000000000002
0
LINE
8
RED2
6
CONTINUOUS
10
6.2400000000000002
20
-6.9500000000000002
11
6.1600000000000001
21
-6.9500000000000002
0
LINE
8
RED2
6
CONTINUOUS
10
6.2000000000000002
20
-6.75
11
6.2000000000000002
21
-6.7000000000000002
0
LINE
8
RED2
6
CONTINUOUS
10
6.2000000000000002
20
-6.9500000000000002
11
6.2000000000000002
21
-7.
0
LINE
8
CYAN2
6
CONTINUOUS
10
6.3448503937007876
20
-6.8227992125984258
11
6.3281850393700791
21
-6.7989921259842525
0
LINE
8
CYAN2
6
CONTINUOUS
10
6.3162795275590558
20
-6.8227992125984258
11
6.3162795275590558
21
-6.7727992125984251
0
LINE
8
CYAN2
6
CONTINUOUS
10
6.3162795275590558
20
-6.7727992125984251
11
6.335326771653544
21
-6.7727992125984251
0
LINE
8
CYAN2
6
CONTINUOUS
10
6.335326771653544
20
-6.7727992125984251
11
6.3400905511811025
21
-6.7751811023622048
0
LINE
8
CYAN2
6
CONTINUOUS
10
6.3400905511811025
20
-6.7751811023622048
11
6.3424724409448823
21
-6.7775629921259846
0
LINE
8
CYAN2
6
CONTINUOUS
10
6.3424724409448823
20
-6.7775629921259846
11
6.3448503937007876
21
-6.7823228346456697
0
LINE
8
CYAN2
6
CONTINUOUS
10
6.3448503937007876
20
-6.7823228346456697
11
6.3448503937007876
21
-6.789468503937008
0
LINE
8
CYAN2
6
CONTINUOUS
10
6.3448503937007876
20
-6.789468503937008
11
6.3424724409448823
21
-6.794228346456693
0
LINE
8
CYAN2
6
CONTINUOUS
10
6.3424724409448823
20
-6.794228346456693
11
6.3400905511811025
21
-6.7966102362204728
0
LINE
8
CYAN2
6
CONTINUOUS
10
6.3400905511811025
20
-6.7966102362204728
11
6.335326771653544
21
-6.7989921259842525
0
LINE
8
CYAN2
6
CONTINUOUS
10
6.335326771653544
20
-6.7989921259842525
11
6.3162795275590558
21
-6.7989921259842525
0
LINE
8
CYAN2
6
CONTINUOUS
10
6.3877086614173235
20
-6.7727992125984251
11
6.378185039370079
21
-6.7727992125984251
0
LINE
8
CYAN2
6
CONTINUOUS
10
6.378185039370079
20
-6.7727992125984251
11
6.3734251968503939
21
-6.7751811023622048
0
LINE
8
CYAN2
6
CONTINUOUS
10
6.3734251968503939
20
-6.7751811023622048
11
6.3710433070866141
21
-6.7775629921259846
0
LINE
8
CYAN2
6
CONTINUOUS
10
6.3710433070866141
20
-6.7775629921259846
11
6.3662795275590556
21
-6.7847047244094494
0
LINE
8
CYAN2
6
CONTINUOUS
10
6.3662795275590556
20
-6.7847047244094494
11
6.3639015748031502
21
-6.794228346456693
0
LINE
8
CYAN2
6
CONTINUOUS
10
6.3639015748031502
20
-6.794228346456693
11
6.3639015748031502
21
-6.8132755905511813
0
LINE
8
CYAN2
6
CONTINUOUS
10
6.3639015748031502
20
-6.8132755905511813
11
6.3662795275590556
21
-6.8180393700787407
0
LINE
8
CYAN2
6
CONTINUOUS
10
6.3662795275590556
20
-6.8180393700787407
11
6.3686614173228353
21
-6.8204212598425196
0
LINE
8
CYAN2
6
CONTINUOUS
10
6.3686614173228353
20
-6.8204212598425196
11
6.3734251968503939
21
-6.8227992125984258
0
LINE
8
CYAN2
6
CONTINUOUS
10
6.3734251968503939
20
-6.8227992125984258
11
6.3829488188976384
21
-6.8227992125984258
0
LINE
8
CYAN2
6
CONTINUOUS
10
6.3829488188976384
20
-6.8227992125984258
11
6.3877086614173235
21
-6.8204212598425196
0
LINE
8
CYAN2
6
CONTINUOUS
10
6.3877086614173235
20
-6.8204212598425196
11
6.3900905511811024
21
-6.8180393700787407
0
LINE
8
CYAN2
6
CONTINUOUS
10
6.3900905511811024
20
-6.8180393700787407
11
6.3924724409448821
21
-6.8132755905511813
0
LINE
8
CYAN2
6
CONTINUOUS
10
6.3924724409448821
20
-6.8132755905511813
11
6.3924724409448821
21
-6.8013700787401579
0
LINE
8
CYAN2
6
CONTINUOUS
10
6.3924724409448821
20
-6.8013700787401579
11
6.3900905511811024
21
-6.7966102362204728
0
LINE
8
CYAN2
6
CONTINUOUS
10
6.3900905511811024
20
-6.7966102362204728
11
6.3877086614173235
21
-6.794228346456693
0
LINE
8
CYAN2
6
CONTINUOUS
10
6.3877086614173235
20
-6.794228346456693
11
6.3829488188976384
21
-6.7918464566929133
0
LINE
8
CYAN2
6
CONTINUOUS
10
6.3829488188976384
20
-6.7918464566929133
11
6.3734251968503939
21
-6.7918464566929133
0
LINE
8
CYAN2
6
CONTINUOUS
10
6.3734251968503939
20
-6.7918464566929133
11
6.3686614173228353
21
-6.794228346456693
0
LINE
8
CYAN2
6
CONTINUOUS
10
6.3686614173228353
20
-6.794228346456693
11
6.3662795275590556
21
-6.7966102362204728
0
LINE
8
CYAN2
6
CONTINUOUS
10
6.3662795275590556
20
-6.7966102362204728
11
6.3639015748031502
21
-6.8013700787401579
0
LINE
8
CYAN2
6
CONTINUOUS
10
6.4091377952755906
20
-6.7727992125984251
11
6.4424685039370084
21
-6.7727992125984251
0
LINE
8
CYAN2
6
CONTINUOUS
10
6.4424685039370084
20
-6.7727992125984251
11
6.4210433070866149
21
-6.8227992125984258
0
LINE
8
CYAN2
6
CONTINUOUS
10
6.3139015748031495
20
-6.8775629921259842
11
6.3162795275590558
21
-6.8751811023622054
0
LINE
8
CYAN2
6
CONTINUOUS
10
6.3162795275590558
20
-6.8751811023622054
11
6.3210433070866143
21
-6.8727992125984256
0
LINE
8
CYAN2
6
CONTINUOUS
10
6.3210433070866143
20
-6.8727992125984256
11
6.3329488188976377
21
-6.8727992125984256
0
LINE
8
CYAN2
6
CONTINUOUS
10
6.3329488188976377
20
-6.8727992125984256
11
6.3377086614173228
21
-6.8751811023622054
0
LINE
8
CYAN2
6
CONTINUOUS
10
6.3377086614173228
20
-6.8751811023622054
11
6.3400905511811025
21
-6.8775629921259842
0
LINE
8
CYAN2
6
CONTINUOUS
10
6.3400905511811025
20
-6.8775629921259842
11
6.3424724409448823
21
-6.8823228346456693
0
LINE
8
CYAN2
6
CONTINUOUS
10
6.3424724409448823
20
-6.8823228346456693
11
6.3424724409448823
21
-6.8870866141732288
0
LINE
8
CYAN2
6
CONTINUOUS
10
6.3424724409448823
20
-6.8870866141732288
11
6.3400905511811025
21
-6.8942283464566936
0
LINE
8
CYAN2
6
CONTINUOUS
10
6.3400905511811025
20
-6.8942283464566936
11
6.3115196850393707
21
-6.9227992125984255
0
LINE
8
CYAN2
6
CONTINUOUS
10
6.3115196850393707
20
-6.9227992125984255
11
6.3424724409448823
21
-6.9227992125984255
0
LINE
8
CYAN2
6
CONTINUOUS
10
6.3615196850393705
20
-6.8775629921259842
11
6.3638976377952758
21
-6.8751811023622054
0
LINE
8
CYAN2
6
CONTINUOUS
10
6.3638976377952758
20
-6.8751811023622054
11
6.3686614173228353
21
-6.8727992125984256
0
LINE
8
CYAN2
6
CONTINUOUS
10
6.3686614173228353
20
-6.8727992125984256
11
6.3805669291338587
21
-6.8727992125984256
0
LINE
8
CYAN2
6
CONTINUOUS
10
6.3805669291338587
20
-6.8727992125984256
11
6.3853267716535438
21
-6.8751811023622054
0
LINE
8
CYAN2
6
CONTINUOUS
10
6.3853267716535438
20
-6.8751811023622054
11
6.3877086614173235
21
-6.8775629921259842
0
LINE
8
CYAN2
6
CONTINUOUS
10
6.3877086614173235
20
-6.8775629921259842
11
6.3900905511811024
21
-6.8823228346456693
0
LINE
8
CYAN2
6
CONTINUOUS
10
6.3900905511811024
20
-6.8823228346456693
11
6.3900905511811024
21
-6.8870866141732288
0
LINE
8
CYAN2
6
CONTINUOUS
10
6.3900905511811024
20
-6.8870866141732288
11
6.3877086614173235
21
-6.8942283464566936
0
LINE
8
CYAN2
6
CONTINUOUS
10
6.3877086614173235
20
-6.8942283464566936
11
6.3591377952755908
21
-6.9227992125984255
0
LINE
8
CYAN2
6
CONTINUOUS
10
6.3591377952755908
20
-6.9227992125984255
11
6.3900905511811024
21
-6.9227992125984255
0
LINE
8
CYAN2
6
CONTINUOUS
10
6.4210393700787405
20
-6.8727992125984256
11
6.4258031496062991
21
-6.8727992125984256
0
LINE
8
CYAN2
6
CONTINUOUS
10
6.4258031496062991
20
-6.8727992125984256
11
6.4305629921259841
21
-6.8751811023622054
0
LINE
8
CYAN2
6
CONTINUOUS
10
6.4305629921259841
20
-6.8751811023622054
11
6.4329448818897639
21
-6.8775629921259842
0
LINE
8
CYAN2
6
CONTINUOUS
10
6.4329448818897639
20
-6.8775629921259842
11
6.4353267716535436
21
-6.8823228346456693
0
LINE
8
CYAN2
6
CONTINUOUS
10
6.4353267716535436
20
-6.8823228346456693
11
6.4377086614173233
21
-6.8918464566929138
0
LINE
8
CYAN2
6
CONTINUOUS
10
6.4377086614173233
20
-6.8918464566929138
11
6.4377086614173233
21
-6.9037519685039372
0
LINE
8
CYAN2
6
CONTINUOUS
10
6.4377086614173233
20
-6.9037519685039372
11
6.4353267716535436
21
-6.9132755905511818
0
LINE
8
CYAN2
6
CONTINUOUS
10
6.4353267716535436
20
-6.9132755905511818
11
6.4329448818897639
21
-6.9180393700787404
0
LINE
8
CYAN2
6
CONTINUOUS
10
6.4329448818897639
20
-6.9180393700787404
11
6.4305629921259841
21
-6.9204212598425201
0
LINE
8
CYAN2
6
CONTINUOUS
10
6.4305629921259841
20
-6.9204212598425201
11
6.4258031496062991
21
-6.9227992125984255
0
LINE
8
CYAN2
6
CONTINUOUS
10
6.4258031496062991
20
-6.9227992125984255
11
6.4210393700787405
21
-6.9227992125984255
0
LINE
8
CYAN2
6
CONTINUOUS
10
6.4210393700787405
20
-6.9227992125984255
11
6.4162795275590554
21
-6.9204212598425201
0
LINE
8
CYAN2
6
CONTINUOUS
10
6.4162795275590554
20
-6.9204212598425201
11
6.4138976377952757
21
-6.9180393700787404
0
LINE
8
CYAN2
6
CONTINUOUS
10
6.4138976377952757
20
-6.9180393700787404
11
6.4115157480314959
21
-6.9132755905511818
0
LINE
8
CYAN2
6
CONTINUOUS
10
6.4115157480314959
20
-6.9132755905511818
11
6.4091377952755906
21
-6.9037519685039372
0
LINE
8
CYAN2
6
CONTINUOUS
10
6.4091377952755906
20
-6.9037519685039372
11
6.4091377952755906
21
-6.8918464566929138
0
LINE
8
CYAN2
6
CONTINUOUS
10
6.4091377952755906
20
-6.8918464566929138
11
6.4115157480314959
21
-6.8823228346456693
0
LINE
8
CYAN2
6
CONTINUOUS
10
6.4115157480314959
20
-6.8823228346456693
11
6.4138976377952757
21
-6.8775629921259842
0
LINE
8
CYAN2
6
CONTINUOUS
10
6.4138976377952757
20
-6.8775629921259842
11
6.4162795275590554
21
-6.8751811023622054
0
LINE
8
CYAN2
6
CONTINUOUS
10
6.4162795275590554
20
-6.8751811023622054
11
6.4210393700787405
21
-6.8727992125984256
0
LINE
8
RED2
6
CONTINUOUS
10
9.
20
-4.4000000000000004
11
9.
21
-4.4500000000000002
0
LINE
8
RED2
6
CONTINUOUS
10
9.
20
-4.4500000000000002
11
9.0500000000000007
21
-4.4500000000000002
0
LINE
8
RED2
6
CONTINUOUS
10
9.0500000000000007
20
-4.4500000000000002
11
9.
21
-4.5
0
LINE
8
RED2
6
CONTINUOUS
10
9.
20
-4.5
11
8.9500000000000011
21
-4.4500000000000002
0
LINE
8
RED2
6
CONTINUOUS
10
8.9500000000000011
20
-4.4500000000000002
11
9.
21
-4.4500000000000002
0
LINE
8
CYAN2
6
CONTINUOUS
10
8.9619055118110236
20
-4.575185039370079
11
8.9571417322834641
21
-4.5728031496062993
0
LINE
8
CYAN2
6
CONTINUOUS
10
8.9571417322834641
20
-4.5728031496062993
11
8.9500000000000011
21
-4.5728031496062993
0
LINE
8
CYAN2
6
CONTINUOUS
10
8.9500000000000011
20
-4.5728031496062993
11
8.9428582677165362
21
-4.575185039370079
0
LINE
8
CYAN2
6
CONTINUOUS
10
8.9428582677165362
20
-4.575185039370079
11
8.9380944881889768
21
-4.5799488188976376
0
LINE
8
CYAN2
6
CONTINUOUS
10
8.9380944881889768
20
-4.5799488188976376
11
8.9357125984251979
21
-4.5847086614173227
0
LINE
8
CYAN2
6
CONTINUOUS
10
8.9357125984251979
20
-4.5847086614173227
11
8.9333346456692908
21
-4.5942322834645672
0
LINE
8
CYAN2
6
CONTINUOUS
10
8.9333346456692908
20
-4.5942322834645672
11
8.9333346456692908
21
-4.6013740157480321
0
LINE
8
CYAN2
6
CONTINUOUS
10
8.9333346456692908
20
-4.6013740157480321
11
8.9357125984251979
21
-4.6108976377952757
0
LINE
8
CYAN2
6
CONTINUOUS
10
8.9357125984251979
20
-4.6108976377952757
11
8.9380944881889768
21
-4.6156614173228352
0
LINE
8
CYAN2
6
CONTINUOUS
10
8.9380944881889768
20
-4.6156614173228352
11
8.9428582677165362
21
-4.6204251968503938
0
LINE
8
CYAN2
6
CONTINUOUS
10
8.9428582677165362
20
-4.6204251968503938
11
8.9500000000000011
21
-4.6228031496062991
0
LINE
8
CYAN2
6
CONTINUOUS
10
8.9500000000000011
20
-4.6228031496062991
11
8.9547598425196853
21
-4.6228031496062991
0
LINE
8
CYAN2
6
CONTINUOUS
10
8.9547598425196853
20
-4.6228031496062991
11
8.9619055118110236
21
-4.6204251968503938
0
LINE
8
CYAN2
6
CONTINUOUS
10
8.9619055118110236
20
-4.6204251968503938
11
8.9642834645669289
21
-4.618043307086614
0
LINE
8
CYAN2
6
CONTINUOUS
10
8.9642834645669289
20
-4.618043307086614
11
8.9642834645669289
21
-4.6013740157480321
0
LINE
8
CYAN2
6
CONTINUOUS
10
8.9642834645669289
20
-4.6013740157480321
11
8.9547598425196853
21
-4.6013740157480321
0
LINE
8
CYAN2
6
CONTINUOUS
10
8.9857125984251969
20
-4.6228031496062991
11
8.9857125984251969
21
-4.5728031496062993
0
LINE
8
CYAN2
6
CONTINUOUS
10
8.9857125984251969
20
-4.5728031496062993
11
9.0142834645669296
21
-4.6228031496062991
0
LINE
8
CYAN2
6
CONTINUOUS
10
9.0142834645669296
20
-4.6228031496062991
11
9.0142834645669296
21
-4.5728031496062993
0
LINE
8
CYAN2
6
CONTINUOUS
10
9.0380944881889764
20
-4.6228031496062991
11
9.0380944881889764
21
-4.5728031496062993
0
LINE
8
CYAN2
6
CONTINUOUS
10
9.0380944881889764
20
-4.5728031496062993
11
9.0500000000000007
21
-4.5728031496062993
0
LINE
8
CYAN2
6
CONTINUOUS
10
9.0500000000000007
20
-4.5728031496062993
11
9.0571417322834655
21
-4.575185039370079
0
LINE
8
CYAN2
6
CONTINUOUS
10
9.0571417322834655
20
-4.575185039370079
11
9.0619055118110232
21
-4.5799488188976376
0
LINE
8
CYAN2
6
CONTINUOUS
10
9.0619055118110232
20
-4.5799488188976376
11
9.0642874015748038
21
-4.5847086614173227
0
LINE
8
CYAN2
6
CONTINUOUS
10
9.0642874015748038
20
-4.5847086614173227
11
9.0666653543307092
21
-4.5942322834645672
0
LINE
8
CYAN2
6
CONTINUOUS
10
9.0666653543307092
20
-4.5942322834645672
11
9.0666653543307092
21
-4.6013740157480321
0
LINE
8
CYAN2
6
CONTINUOUS
10
9.0666653543307092
20
-4.6013740157480321
11
9.0642874015748038
21
-4.6108976377952757
0
LINE
8
CYAN2
6
CONTINUOUS
10
9.0642874015748038
20
-4.6108976377952757
11
9.0619055118110232
21
-4.6156614173228352
0
LINE
8
CYAN2
6
CONTINUOUS
10
9.0619055118110232
20
-4.6156614173228352
11
9.0571417322834655
21
-4.6204251968503938
0
LINE
8
CYAN2
6
CONTINUOUS
10
9.0571417322834655
20
-4.6204251968503938
11
9.0500000000000007
21
-4.6228031496062991
0
LINE
8
CYAN2
6
CONTINUOUS
10
9.0500000000000007
20
-4.6228031496062991
11
9.0380944881889764
21
-4.6228031496062991
0
LINE
8
LYELLOW
6
CONTINUOUS
10
8.25
20
-3.0500000000000003
11
8.25
21
-3.6500000000000004
0
LINE
8
LYELLOW
6
CONTINUOUS
10
8.25
20
-3.6500000000000004
11
6.8500000000000005
21
-3.6500000000000004
0
LINE
8
LYELLOW
6
CONTINUOUS
10
6.8500000000000005
20
-3.6500000000000004
11
6.8500000000000005
21
-3.0500000000000003
0
LINE
8
LYELLOW
6
CONTINUOUS
10
6.8500000000000005
20
-3.0500000000000003
11
8.25
21
-3.0500000000000003
0
LINE
8
RED2
6
CONTINUOUS
10
8.25
20
-3.0500000000000003
11
8.25
21
-3.6500000000000004
0
LINE
8
RED2
6
CONTINUOUS
10
8.25
20
-3.6500000000000004
11
6.8500000000000005
21
-3.6500000000000004
0
LINE
8
RED2
6
CONTINUOUS
10
6.8500000000000005
20
-3.6500000000000004
11
6.8500000000000005
21
-3.0500000000000003
0
LINE
8
RED2
6
CONTINUOUS
10
6.8500000000000005
20
-3.0500000000000003
11
8.25
21
-3.0500000000000003
0
LINE
8
RED2
6
CONTINUOUS
10
8.1500000000000004
20
-3.0500000000000003
11
8.1500000000000004
21
-2.8500000000000001
0
LINE
8
CYAN2
6
CONTINUOUS
10
8.1731299212598429
20
-3.1757125984251968
11
8.1231299212598422
21
-3.1757125984251968
0
LINE
8
CYAN2
6
CONTINUOUS
10
8.1231299212598422
20
-3.1757125984251968
11
8.1231299212598422
21
-3.1638070866141734
0
LINE
8
CYAN2
6
CONTINUOUS
10
8.1231299212598422
20
-3.1638070866141734
11
8.1255118110236229
21
-3.1566653543307086
0
LINE
8
CYAN2
6
CONTINUOUS
10
8.1255118110236229
20
-3.1566653543307086
11
8.1302755905511805
21
-3.1519015748031496
0
LINE
8
CYAN2
6
CONTINUOUS
10
8.1302755905511805
20
-3.1519015748031496
11
8.1350354330708665
21
-3.1495196850393703
0
LINE
8
CYAN2
6
CONTINUOUS
10
8.1350354330708665
20
-3.1495196850393703
11
8.1445590551181102
21
-3.1471417322834645
0
LINE
8
CYAN2
6
CONTINUOUS
10
8.1445590551181102
20
-3.1471417322834645
11
8.151700787401575
21
-3.1471417322834645
0
LINE
8
CYAN2
6
CONTINUOUS
10
8.151700787401575
20
-3.1471417322834645
11
8.1612244094488187
21
-3.1495196850393703
0
LINE
8
CYAN2
6
CONTINUOUS
10
8.1612244094488187
20
-3.1495196850393703
11
8.1659881889763781
21
-3.1519015748031496
0
LINE
8
CYAN2
6
CONTINUOUS
10
8.1659881889763781
20
-3.1519015748031496
11
8.1707519685039376
21
-3.1566653543307086
0
LINE
8
CYAN2
6
CONTINUOUS
10
8.1707519685039376
20
-3.1566653543307086
11
8.1731299212598429
21
-3.1638070866141734
0
LINE
8
CYAN2
6
CONTINUOUS
10
8.1731299212598429
20
-3.1638070866141734
11
8.1731299212598429
21
-3.1757125984251968
0
LINE
8
CYAN2
6
CONTINUOUS
10
8.1231299212598422
20
-3.1161889763779529
11
8.1231299212598422
21
-3.1114251968503939
0
LINE
8
CYAN2
6
CONTINUOUS
10
8.1231299212598422
20
-3.1114251968503939
11
8.1255118110236229
21
-3.1066653543307088
0
LINE
8
CYAN2
6
CONTINUOUS
10
8.1255118110236229
20
-3.1066653543307088
11
8.1278937007874017
21
-3.1042834645669291
0
LINE
8
CYAN2
6
CONTINUOUS
10
8.1278937007874017
20
-3.1042834645669291
11
8.1326535433070877
21
-3.1019015748031498
0
LINE
8
CYAN2
6
CONTINUOUS
10
8.1326535433070877
20
-3.1019015748031498
11
8.1421771653543313
21
-3.09951968503937
0
LINE
8
CYAN2
6
CONTINUOUS
10
8.1421771653543313
20
-3.09951968503937
11
8.1540826771653538
21
-3.09951968503937
0
LINE
8
CYAN2
6
CONTINUOUS
10
8.1540826771653538
20
-3.09951968503937
11
8.1636062992125993
21
-3.1019015748031498
0
LINE
8
CYAN2
6
CONTINUOUS
10
8.1636062992125993
20
-3.1019015748031498
11
8.168370078740157
21
-3.1042834645669291
0
LINE
8
CYAN2
6
CONTINUOUS
10
8.168370078740157
20
-3.1042834645669291
11
8.1707519685039376
21
-3.1066653543307088
0
LINE
8
CYAN2
6
CONTINUOUS
10
8.1707519685039376
20
-3.1066653543307088
11
8.1731299212598429
21
-3.1114251968503939
0
LINE
8
CYAN2
6
CONTINUOUS
10
8.1731299212598429
20
-3.1114251968503939
11
8.1731299212598429
21
-3.1161889763779529
0
LINE
8
CYAN2
6
CONTINUOUS
10
8.1731299212598429
20
-3.1161889763779529
11
8.1707519685039376
21
-3.120948818897638
0
LINE
8
CYAN2
6
CONTINUOUS
10
8.1707519685039376
20
-3.120948818897638
11
8.168370078740157
21
-3.1233307086614173
0
LINE
8
CYAN2
6
CONTINUOUS
10
8.168370078740157
20
-3.1233307086614173
11
8.1636062992125993
21
-3.125712598425197
0
LINE
8
CYAN2
6
CONTINUOUS
10
8.1636062992125993
20
-3.125712598425197
11
8.1540826771653538
21
-3.1280905511811024
0
LINE
8
CYAN2
6
CONTINUOUS
10
8.1540826771653538
20
-3.1280905511811024
11
8.1421771653543313
21
-3.1280905511811024
0
LINE
8
CYAN2
6
CONTINUOUS
10
8.1421771653543313
20
-3.1280905511811024
11
8.1326535433070877
21
-3.125712598425197
0
LINE
8
CYAN2
6
CONTINUOUS
10
8.1326535433070877
20
-3.125712598425197
11
8.1278937007874017
21
-3.1233307086614173
0
LINE
8
CYAN2
6
CONTINUOUS
10
8.1278937007874017
20
-3.1233307086614173
11
8.1255118110236229
21
-3.120948818897638
0
LINE
8
CYAN2
6
CONTINUOUS
10
8.1255118110236229
20
-3.120948818897638
11
8.1231299212598422
21
-3.1161889763779529
0
LINE
8
RED3
6
CONTINUOUS
10
8.1398779527559064
20
-2.9595196850393704
11
8.1398779527559064
21
-2.9880905511811027
0
LINE
8
RED3
6
CONTINUOUS
10
8.1398779527559064
20
-2.9738070866141735
11
8.0898779527559057
21
-2.9738070866141735
0
LINE
8
RED3
6
CONTINUOUS
10
8.0898779527559057
20
-2.9738070866141735
11
8.097023622047244
21
-2.9785669291338586
0
LINE
8
RED3
6
CONTINUOUS
10
8.097023622047244
20
-2.9785669291338586
11
8.10178346456693
21
-2.9833307086614176
0
LINE
8
RED3
6
CONTINUOUS
10
8.10178346456693
20
-2.9833307086614176
11
8.1041653543307088
21
-2.9880905511811027
0
LINE
8
RED3
6
CONTINUOUS
10
8.1065472440944877
20
-2.9166653543307088
11
8.1398779527559064
21
-2.9166653543307088
0
LINE
8
RED3
6
CONTINUOUS
10
8.0875000000000004
20
-2.9285708661417322
11
8.1232125984251979
21
-2.9404724409448821
0
LINE
8
RED3
6
CONTINUOUS
10
8.1232125984251979
20
-2.9404724409448821
11
8.1232125984251979
21
-2.909523622047244
0
LINE
8
RED2
6
CONTINUOUS
10
8.0500000000000007
20
-3.0500000000000003
11
8.0500000000000007
21
-2.8500000000000001
0
LINE
8
CYAN2
6
CONTINUOUS
10
8.0731299212598433
20
-3.1757125984251968
11
8.0231299212598426
21
-3.1757125984251968
0
LINE
8
CYAN2
6
CONTINUOUS
10
8.0231299212598426
20
-3.1757125984251968
11
8.0231299212598426
21
-3.1638070866141734
0
LINE
8
CYAN2
6
CONTINUOUS
10
8.0231299212598426
20
-3.1638070866141734
11
8.0255118110236232
21
-3.1566653543307086
0
LINE
8
CYAN2
6
CONTINUOUS
10
8.0255118110236232
20
-3.1566653543307086
11
8.0302755905511809
21
-3.1519015748031496
0
LINE
8
CYAN2
6
CONTINUOUS
10
8.0302755905511809
20
-3.1519015748031496
11
8.0350354330708669
21
-3.1495196850393703
0
LINE
8
CYAN2
6
CONTINUOUS
10
8.0350354330708669
20
-3.1495196850393703
11
8.0445590551181105
21
-3.1471417322834645
0
LINE
8
CYAN2
6
CONTINUOUS
10
8.0445590551181105
20
-3.1471417322834645
11
8.0517007874015754
21
-3.1471417322834645
0
LINE
8
CYAN2
6
CONTINUOUS
10
8.0517007874015754
20
-3.1471417322834645
11
8.061224409448819
21
-3.1495196850393703
0
LINE
8
CYAN2
6
CONTINUOUS
10
8.061224409448819
20
-3.1495196850393703
11
8.0659881889763785
21
-3.1519015748031496
0
LINE
8
CYAN2
6
CONTINUOUS
10
8.0659881889763785
20
-3.1519015748031496
11
8.0707519685039379
21
-3.1566653543307086
0
LINE
8
CYAN2
6
CONTINUOUS
10
8.0707519685039379
20
-3.1566653543307086
11
8.0731299212598433
21
-3.1638070866141734
0
LINE
8
CYAN2
6
CONTINUOUS
10
8.0731299212598433
20
-3.1638070866141734
11
8.0731299212598433
21
-3.1757125984251968
0
LINE
8
CYAN2
6
CONTINUOUS
10
8.0731299212598433
20
-3.09951968503937
11
8.0731299212598433
21
-3.1280905511811024
0
LINE
8
CYAN2
6
CONTINUOUS
10
8.0731299212598433
20
-3.1138070866141732
11
8.0231299212598426
21
-3.1138070866141732
0
LINE
8
CYAN2
6
CONTINUOUS
10
8.0231299212598426
20
-3.1138070866141732
11
8.0302755905511809
21
-3.1185669291338582
0
LINE
8
CYAN2
6
CONTINUOUS
10
8.0302755905511809
20
-3.1185669291338582
11
8.0350354330708669
21
-3.1233307086614173
0
LINE
8
CYAN2
6
CONTINUOUS
10
8.0350354330708669
20
-3.1233307086614173
11
8.0374173228346457
21
-3.1280905511811024
0
LINE
8
RED3
6
CONTINUOUS
10
8.039877952755905
20
-2.9595196850393704
11
8.039877952755905
21
-2.9880905511811027
0
LINE
8
RED3
6
CONTINUOUS
10
8.039877952755905
20
-2.9738070866141735
11
7.9898779527559061
21
-2.9738070866141735
0
LINE
8
RED3
6
CONTINUOUS
10
7.9898779527559061
20
-2.9738070866141735
11
7.9970236220472444
21
-2.9785669291338586
0
LINE
8
RED3
6
CONTINUOUS
10
7.9970236220472444
20
-2.9785669291338586
11
8.0017834645669286
21
-2.9833307086614176
0
LINE
8
RED3
6
CONTINUOUS
10
8.0017834645669286
20
-2.9833307086614176
11
8.0041653543307092
21
-2.9880905511811027
0
LINE
8
RED3
6
CONTINUOUS
10
7.9898779527559061
20
-2.9428543307086614
11
7.9898779527559061
21
-2.9119015748031498
0
LINE
8
RED3
6
CONTINUOUS
10
7.9898779527559061
20
-2.9119015748031498
11
8.0089251968503934
21
-2.9285708661417322
0
LINE
8
RED3
6
CONTINUOUS
10
8.0089251968503934
20
-2.9285708661417322
11
8.0089251968503934
21
-2.9214251968503939
0
LINE
8
RED3
6
CONTINUOUS
10
8.0089251968503934
20
-2.9214251968503939
11
8.011307086614174
21
-2.9166653543307088
0
LINE
8
RED3
6
CONTINUOUS
10
8.011307086614174
20
-2.9166653543307088
11
8.0136889763779529
21
-2.9142834645669291
0
LINE
8
RED3
6
CONTINUOUS
10
8.0136889763779529
20
-2.9142834645669291
11
8.0184488188976388
21
-2.9119015748031498
0
LINE
8
RED3
6
CONTINUOUS
10
8.0184488188976388
20
-2.9119015748031498
11
8.0303543307086613
21
-2.9119015748031498
0
LINE
8
RED3
6
CONTINUOUS
10
8.0303543307086613
20
-2.9119015748031498
11
8.0351181102362208
21
-2.9142834645669291
0
LINE
8
RED3
6
CONTINUOUS
10
8.0351181102362208
20
-2.9142834645669291
11
8.0374999999999996
21
-2.9166653543307088
0
LINE
8
RED3
6
CONTINUOUS
10
8.0374999999999996
20
-2.9166653543307088
11
8.039877952755905
21
-2.9214251968503939
0
LINE
8
RED3
6
CONTINUOUS
10
8.039877952755905
20
-2.9214251968503939
11
8.039877952755905
21
-2.9357125984251971
0
LINE
8
RED3
6
CONTINUOUS
10
8.039877952755905
20
-2.9357125984251971
11
8.0374999999999996
21
-2.9404724409448821
0
LINE
8
RED3
6
CONTINUOUS
10
8.0374999999999996
20
-2.9404724409448821
11
8.0351181102362208
21
-2.9428543307086614
0
LINE
8
RED2
6
CONTINUOUS
10
7.9500000000000002
20
-3.0500000000000003
11
7.9500000000000002
21
-2.8500000000000001
0
LINE
8
CYAN2
6
CONTINUOUS
10
7.9731299212598428
20
-3.1757125984251968
11
7.9231299212598429
21
-3.1757125984251968
0
LINE
8
CYAN2
6
CONTINUOUS
10
7.9231299212598429
20
-3.1757125984251968
11
7.9231299212598429
21
-3.1638070866141734
0
LINE
8
CYAN2
6
CONTINUOUS
10
7.9231299212598429
20
-3.1638070866141734
11
7.9255118110236227
21
-3.1566653543307086
0
LINE
8
CYAN2
6
CONTINUOUS
10
7.9255118110236227
20
-3.1566653543307086
11
7.9302755905511813
21
-3.1519015748031496
0
LINE
8
CYAN2
6
CONTINUOUS
10
7.9302755905511813
20
-3.1519015748031496
11
7.9350354330708663
21
-3.1495196850393703
0
LINE
8
CYAN2
6
CONTINUOUS
10
7.9350354330708663
20
-3.1495196850393703
11
7.9445590551181109
21
-3.1471417322834645
0
LINE
8
CYAN2
6
CONTINUOUS
10
7.9445590551181109
20
-3.1471417322834645
11
7.9517007874015748
21
-3.1471417322834645
0
LINE
8
CYAN2
6
CONTINUOUS
10
7.9517007874015748
20
-3.1471417322834645
11
7.9612244094488194
21
-3.1495196850393703
0
LINE
8
CYAN2
6
CONTINUOUS
10
7.9612244094488194
20
-3.1495196850393703
11
7.9659881889763779
21
-3.1519015748031496
0
LINE
8
CYAN2
6
CONTINUOUS
10
7.9659881889763779
20
-3.1519015748031496
11
7.9707519685039374
21
-3.1566653543307086
0
LINE
8
CYAN2
6
CONTINUOUS
10
7.9707519685039374
20
-3.1566653543307086
11
7.9731299212598428
21
-3.1638070866141734
0
LINE
8
CYAN2
6
CONTINUOUS
10
7.9731299212598428
20
-3.1638070866141734
11
7.9731299212598428
21
-3.1757125984251968
0
LINE
8
CYAN2
6
CONTINUOUS
10
7.9278937007874015
20
-3.1280905511811024
11
7.9255118110236227
21
-3.125712598425197
0
LINE
8
CYAN2
6
CONTINUOUS
10
7.9255118110236227
20
-3.125712598425197
11
7.9231299212598429
21
-3.120948818897638
0
LINE
8
CYAN2
6
CONTINUOUS
10
7.9231299212598429
20
-3.120948818897638
11
7.9231299212598429
21
-3.1090433070866141
0
LINE
8
CYAN2
6
CONTINUOUS
10
7.9231299212598429
20
-3.1090433070866141
11
7.9255118110236227
21
-3.1042834645669291
0
LINE
8
CYAN2
6
CONTINUOUS
10
7.9255118110236227
20
-3.1042834645669291
11
7.9278937007874015
21
-3.1019015748031498
0
LINE
8
CYAN2
6
CONTINUOUS
10
7.9278937007874015
20
-3.1019015748031498
11
7.9326535433070866
21
-3.09951968503937
0
LINE
8
CYAN2
6
CONTINUOUS
10
7.9326535433070866
20
-3.09951968503937
11
7.9374173228346461
21
-3.09951968503937
0
LINE
8
CYAN2
6
CONTINUOUS
10
7.9374173228346461
20
-3.09951968503937
11
7.9445590551181109
21
-3.1019015748031498
0
LINE
8
CYAN2
6
CONTINUOUS
10
7.9445590551181109
20
-3.1019015748031498
11
7.9731299212598428
21
-3.1304724409448821
0
LINE
8
CYAN2
6
CONTINUOUS
10
7.9731299212598428
20
-3.1304724409448821
11
7.9731299212598428
21
-3.09951968503937
0
LINE
8
RED3
6
CONTINUOUS
10
7.9398779527559062
20
-2.9595196850393704
11
7.9398779527559062
21
-2.9880905511811027
0
LINE
8
RED3
6
CONTINUOUS
10
7.9398779527559062
20
-2.9738070866141735
11
7.8898779527559055
21
-2.9738070866141735
0
LINE
8
RED3
6
CONTINUOUS
10
7.8898779527559055
20
-2.9738070866141735
11
7.8970236220472447
21
-2.9785669291338586
0
LINE
8
RED3
6
CONTINUOUS
10
7.8970236220472447
20
-2.9785669291338586
11
7.9017834645669298
21
-2.9833307086614176
0
LINE
8
RED3
6
CONTINUOUS
10
7.9017834645669298
20
-2.9833307086614176
11
7.9041653543307087
21
-2.9880905511811027
0
LINE
8
RED3
6
CONTINUOUS
10
7.894641732283465
20
-2.9404724409448821
11
7.8922598425196853
21
-2.9380944881889763
0
LINE
8
RED3
6
CONTINUOUS
10
7.8922598425196853
20
-2.9380944881889763
11
7.8898779527559055
21
-2.9333307086614173
0
LINE
8
RED3
6
CONTINUOUS
10
7.8898779527559055
20
-2.9333307086614173
11
7.8898779527559055
21
-2.9214251968503939
0
LINE
8
RED3
6
CONTINUOUS
10
7.8898779527559055
20
-2.9214251968503939
11
7.8922598425196853
21
-2.9166653543307088
0
LINE
8
RED3
6
CONTINUOUS
10
7.8922598425196853
20
-2.9166653543307088
11
7.894641732283465
21
-2.9142834645669291
0
LINE
8
RED3
6
CONTINUOUS
10
7.894641732283465
20
-2.9142834645669291
11
7.8994015748031501
21
-2.9119015748031498
0
LINE
8
RED3
6
CONTINUOUS
10
7.8994015748031501
20
-2.9119015748031498
11
7.9041653543307087
21
-2.9119015748031498
0
LINE
8
RED3
6
CONTINUOUS
10
7.9041653543307087
20
-2.9119015748031498
11
7.9113070866141735
21
-2.9142834645669291
0
LINE
8
RED3
6
CONTINUOUS
10
7.9113070866141735
20
-2.9142834645669291
11
7.9398779527559062
21
-2.9428543307086614
0
LINE
8
RED3
6
CONTINUOUS
10
7.9398779527559062
20
-2.9428543307086614
11
7.9398779527559062
21
-2.9119015748031498
0
LINE
8
RED2
6
CONTINUOUS
10
7.8500000000000005
20
-3.0500000000000003
11
7.8500000000000005
21
-2.8500000000000001
0
LINE
8
CYAN2
6
CONTINUOUS
10
7.8731299212598431
20
-3.1757125984251968
11
7.8231299212598424
21
-3.1757125984251968
0
LINE
8
CYAN2
6
CONTINUOUS
10
7.8231299212598424
20
-3.1757125984251968
11
7.8231299212598424
21
-3.1638070866141734
0
LINE
8
CYAN2
6
CONTINUOUS
10
7.8231299212598424
20
-3.1638070866141734
11
7.8255118110236221
21
-3.1566653543307086
0
LINE
8
CYAN2
6
CONTINUOUS
10
7.8255118110236221
20
-3.1566653543307086
11
7.8302755905511816
21
-3.1519015748031496
0
LINE
8
CYAN2
6
CONTINUOUS
10
7.8302755905511816
20
-3.1519015748031496
11
7.8350354330708667
21
-3.1495196850393703
0
LINE
8
CYAN2
6
CONTINUOUS
10
7.8350354330708667
20
-3.1495196850393703
11
7.8445590551181104
21
-3.1471417322834645
0
LINE
8
CYAN2
6
CONTINUOUS
10
7.8445590551181104
20
-3.1471417322834645
11
7.8517007874015752
21
-3.1471417322834645
0
LINE
8
CYAN2
6
CONTINUOUS
10
7.8517007874015752
20
-3.1471417322834645
11
7.8612244094488188
21
-3.1495196850393703
0
LINE
8
CYAN2
6
CONTINUOUS
10
7.8612244094488188
20
-3.1495196850393703
11
7.8659881889763783
21
-3.1519015748031496
0
LINE
8
CYAN2
6
CONTINUOUS
10
7.8659881889763783
20
-3.1519015748031496
11
7.8707519685039369
21
-3.1566653543307086
0
LINE
8
CYAN2
6
CONTINUOUS
10
7.8707519685039369
20
-3.1566653543307086
11
7.8731299212598431
21
-3.1638070866141734
0
LINE
8
CYAN2
6
CONTINUOUS
10
7.8731299212598431
20
-3.1638070866141734
11
7.8731299212598431
21
-3.1757125984251968
0
LINE
8
CYAN2
6
CONTINUOUS
10
7.8231299212598424
20
-3.1304724409448821
11
7.8231299212598424
21
-3.09951968503937
0
LINE
8
CYAN2
6
CONTINUOUS
10
7.8231299212598424
20
-3.09951968503937
11
7.8421771653543306
21
-3.1161889763779529
0
LINE
8
CYAN2
6
CONTINUOUS
10
7.8421771653543306
20
-3.1161889763779529
11
7.8421771653543306
21
-3.1090433070866141
0
LINE
8
CYAN2
6
CONTINUOUS
10
7.8421771653543306
20
-3.1090433070866141
11
7.8445590551181104
21
-3.1042834645669291
0
LINE
8
CYAN2
6
CONTINUOUS
10
7.8445590551181104
20
-3.1042834645669291
11
7.8469409448818901
21
-3.1019015748031498
0
LINE
8
CYAN2
6
CONTINUOUS
10
7.8469409448818901
20
-3.1019015748031498
11
7.8517007874015752
21
-3.09951968503937
0
LINE
8
CYAN2
6
CONTINUOUS
10
7.8517007874015752
20
-3.09951968503937
11
7.8636062992125986
21
-3.09951968503937
0
LINE
8
CYAN2
6
CONTINUOUS
10
7.8636062992125986
20
-3.09951968503937
11
7.868370078740158
21
-3.1019015748031498
0
LINE
8
CYAN2
6
CONTINUOUS
10
7.868370078740158
20
-3.1019015748031498
11
7.8707519685039369
21
-3.1042834645669291
0
LINE
8
CYAN2
6
CONTINUOUS
10
7.8707519685039369
20
-3.1042834645669291
11
7.8731299212598431
21
-3.1090433070866141
0
LINE
8
CYAN2
6
CONTINUOUS
10
7.8731299212598431
20
-3.1090433070866141
11
7.8731299212598431
21
-3.1233307086614173
0
LINE
8
CYAN2
6
CONTINUOUS
10
7.8731299212598431
20
-3.1233307086614173
11
7.8707519685039369
21
-3.1280905511811024
0
LINE
8
CYAN2
6
CONTINUOUS
10
7.8707519685039369
20
-3.1280905511811024
11
7.868370078740158
21
-3.1304724409448821
0
LINE
8
RED3
6
CONTINUOUS
10
7.8398779527559057
20
-2.9595196850393704
11
7.8398779527559057
21
-2.9880905511811027
0
LINE
8
RED3
6
CONTINUOUS
10
7.8398779527559057
20
-2.9738070866141735
11
7.7898779527559059
21
-2.9738070866141735
0
LINE
8
RED3
6
CONTINUOUS
10
7.7898779527559059
20
-2.9738070866141735
11
7.7970236220472442
21
-2.9785669291338586
0
LINE
8
RED3
6
CONTINUOUS
10
7.7970236220472442
20
-2.9785669291338586
11
7.8017834645669293
21
-2.9833307086614176
0
LINE
8
RED3
6
CONTINUOUS
10
7.8017834645669293
20
-2.9833307086614176
11
7.804165354330709
21
-2.9880905511811027
0
LINE
8
RED3
6
CONTINUOUS
10
7.8398779527559057
20
-2.9119015748031498
11
7.8398779527559057
21
-2.9404724409448821
0
LINE
8
RED3
6
CONTINUOUS
10
7.8398779527559057
20
-2.9261889763779529
11
7.7898779527559059
21
-2.9261889763779529
0
LINE
8
RED3
6
CONTINUOUS
10
7.7898779527559059
20
-2.9261889763779529
11
7.7970236220472442
21
-2.930948818897638
0
LINE
8
RED3
6
CONTINUOUS
10
7.7970236220472442
20
-2.930948818897638
11
7.8017834645669293
21
-2.9357125984251971
0
LINE
8
RED3
6
CONTINUOUS
10
7.8017834645669293
20
-2.9357125984251971
11
7.804165354330709
21
-2.9404724409448821
0
CIRCLE
8
RED2
10
7.6500000000000004
20
-3.0249999999999999
40
0.025
0
LINE
8
RED2
6
CONTINUOUS
10
7.6500000000000004
20
-3.
11
7.6500000000000004
21
-2.8500000000000001
0
LINE
8
CYAN2
6
CONTINUOUS
10
7.6231299212598431
20
-3.2114291338582679
11
7.6231299212598431
21
-3.2019055118110238
0
LINE
8
CYAN2
6
CONTINUOUS
10
7.6231299212598431
20
-3.2019055118110238
11
7.625511811023622
21
-3.1971417322834648
0
LINE
8
CYAN2
6
CONTINUOUS
10
7.625511811023622
20
-3.1971417322834648
11
7.6302755905511814
21
-3.1923818897637797
0
LINE
8
CYAN2
6
CONTINUOUS
10
7.6302755905511814
20
-3.1923818897637797
11
7.6397992125984251
21
-3.1899999999999999
0
LINE
8
CYAN2
6
CONTINUOUS
10
7.6397992125984251
20
-3.1899999999999999
11
7.6564645669291345
21
-3.1899999999999999
0
LINE
8
CYAN2
6
CONTINUOUS
10
7.6564645669291345
20
-3.1899999999999999
11
7.6659881889763781
21
-3.1923818897637797
0
LINE
8
CYAN2
6
CONTINUOUS
10
7.6659881889763781
20
-3.1923818897637797
11
7.6707519685039376
21
-3.1971417322834648
0
LINE
8
CYAN2
6
CONTINUOUS
10
7.6707519685039376
20
-3.1971417322834648
11
7.6731299212598429
21
-3.2019055118110238
0
LINE
8
CYAN2
6
CONTINUOUS
10
7.6731299212598429
20
-3.2019055118110238
11
7.6731299212598429
21
-3.2114291338582679
0
LINE
8
CYAN2
6
CONTINUOUS
10
7.6731299212598429
20
-3.2114291338582679
11
7.6707519685039376
21
-3.216188976377953
0
LINE
8
CYAN2
6
CONTINUOUS
10
7.6707519685039376
20
-3.216188976377953
11
7.6659881889763781
21
-3.220952755905512
0
LINE
8
CYAN2
6
CONTINUOUS
10
7.6659881889763781
20
-3.220952755905512
11
7.6564645669291345
21
-3.2233307086614174
0
LINE
8
CYAN2
6
CONTINUOUS
10
7.6564645669291345
20
-3.2233307086614174
11
7.6397992125984251
21
-3.2233307086614174
0
LINE
8
CYAN2
6
CONTINUOUS
10
7.6397992125984251
20
-3.2233307086614174
11
7.6302755905511814
21
-3.220952755905512
0
LINE
8
CYAN2
6
CONTINUOUS
10
7.6302755905511814
20
-3.220952755905512
11
7.625511811023622
21
-3.216188976377953
0
LINE
8
CYAN2
6
CONTINUOUS
10
7.625511811023622
20
-3.216188976377953
11
7.6231299212598431
21
-3.2114291338582679
0
LINE
8
CYAN2
6
CONTINUOUS
10
7.6707519685039376
20
-3.1495236220472442
11
7.6731299212598429
21
-3.1542834645669293
0
LINE
8
CYAN2
6
CONTINUOUS
10
7.6731299212598429
20
-3.1542834645669293
11
7.6731299212598429
21
-3.1638070866141734
0
LINE
8
CYAN2
6
CONTINUOUS
10
7.6731299212598429
20
-3.1638070866141734
11
7.6707519685039376
21
-3.1685708661417324
0
LINE
8
CYAN2
6
CONTINUOUS
10
7.6707519685039376
20
-3.1685708661417324
11
7.6659881889763781
21
-3.1709488188976378
0
LINE
8
CYAN2
6
CONTINUOUS
10
7.6659881889763781
20
-3.1709488188976378
11
7.6469409448818899
21
-3.1709488188976378
0
LINE
8
CYAN2
6
CONTINUOUS
10
7.6469409448818899
20
-3.1709488188976378
11
7.6421771653543313
21
-3.1685708661417324
0
LINE
8
CYAN2
6
CONTINUOUS
10
7.6421771653543313
20
-3.1685708661417324
11
7.6397992125984251
21
-3.1638070866141734
0
LINE
8
CYAN2
6
CONTINUOUS
10
7.6397992125984251
20
-3.1638070866141734
11
7.6397992125984251
21
-3.1542834645669293
0
LINE
8
CYAN2
6
CONTINUOUS
10
7.6397992125984251
20
-3.1542834645669293
11
7.6421771653543313
21
-3.1495236220472442
0
LINE
8
CYAN2
6
CONTINUOUS
10
7.6421771653543313
20
-3.1495236220472442
11
7.6469409448818899
21
-3.1471417322834645
0
LINE
8
CYAN2
6
CONTINUOUS
10
7.6469409448818899
20
-3.1471417322834645
11
7.651700787401575
21
-3.1471417322834645
0
LINE
8
CYAN2
6
CONTINUOUS
10
7.651700787401575
20
-3.1471417322834645
11
7.6564645669291345
21
-3.1709488188976378
0
LINE
8
CYAN2
6
CONTINUOUS
10
7.6731299212598429
20
-3.09951968503937
11
7.6731299212598429
21
-3.1280905511811024
0
LINE
8
CYAN2
6
CONTINUOUS
10
7.6731299212598429
20
-3.1138070866141732
11
7.6231299212598431
21
-3.1138070866141732
0
LINE
8
CYAN2
6
CONTINUOUS
10
7.6231299212598431
20
-3.1138070866141732
11
7.6302755905511814
21
-3.1185669291338582
0
LINE
8
CYAN2
6
CONTINUOUS
10
7.6302755905511814
20
-3.1185669291338582
11
7.6350354330708665
21
-3.1233307086614173
0
LINE
8
CYAN2
6
CONTINUOUS
10
7.6350354330708665
20
-3.1233307086614173
11
7.6374173228346462
21
-3.1280905511811024
0
LINE
8
RED3
6
CONTINUOUS
10
7.6398779527559055
20
-2.9357086614173231
11
7.6398779527559055
21
-2.9642795275590554
0
LINE
8
RED3
6
CONTINUOUS
10
7.6398779527559055
20
-2.9499960629921262
11
7.5898779527559057
21
-2.9499960629921262
0
LINE
8
RED3
6
CONTINUOUS
10
7.5898779527559057
20
-2.9499960629921262
11
7.597023622047244
21
-2.9547559055118113
0
LINE
8
RED3
6
CONTINUOUS
10
7.597023622047244
20
-2.9547559055118113
11
7.6017834645669291
21
-2.9595196850393704
0
LINE
8
RED3
6
CONTINUOUS
10
7.6017834645669291
20
-2.9595196850393704
11
7.6041653543307088
21
-2.9642795275590554
0
CIRCLE
8
RED2
10
7.5500000000000007
20
-3.0249999999999999
40
0.025
0
LINE
8
RED2
6
CONTINUOUS
10
7.5500000000000007
20
-3.
11
7.5500000000000007
21
-2.8500000000000001
0
LINE
8
CYAN2
6
CONTINUOUS
10
7.5231299212598426
20
-3.2114291338582679
11
7.5231299212598426
21
-3.2019055118110238
0
LINE
8
CYAN2
6
CONTINUOUS
10
7.5231299212598426
20
-3.2019055118110238
11
7.5255118110236223
21
-3.1971417322834648
0
LINE
8
CYAN2
6
CONTINUOUS
10
7.5255118110236223
20
-3.1971417322834648
11
7.5302755905511818
21
-3.1923818897637797
0
LINE
8
CYAN2
6
CONTINUOUS
10
7.5302755905511818
20
-3.1923818897637797
11
7.5397992125984254
21
-3.1899999999999999
0
LINE
8
CYAN2
6
CONTINUOUS
10
7.5397992125984254
20
-3.1899999999999999
11
7.5564645669291339
21
-3.1899999999999999
0
LINE
8
CYAN2
6
CONTINUOUS
10
7.5564645669291339
20
-3.1899999999999999
11
7.5659881889763785
21
-3.1923818897637797
0
LINE
8
CYAN2
6
CONTINUOUS
10
7.5659881889763785
20
-3.1923818897637797
11
7.5707519685039371
21
-3.1971417322834648
0
LINE
8
CYAN2
6
CONTINUOUS
10
7.5707519685039371
20
-3.1971417322834648
11
7.5731299212598424
21
-3.2019055118110238
0
LINE
8
CYAN2
6
CONTINUOUS
10
7.5731299212598424
20
-3.2019055118110238
11
7.5731299212598424
21
-3.2114291338582679
0
LINE
8
CYAN2
6
CONTINUOUS
10
7.5731299212598424
20
-3.2114291338582679
11
7.5707519685039371
21
-3.216188976377953
0
LINE
8
CYAN2
6
CONTINUOUS
10
7.5707519685039371
20
-3.216188976377953
11
7.5659881889763785
21
-3.220952755905512
0
LINE
8
CYAN2
6
CONTINUOUS
10
7.5659881889763785
20
-3.220952755905512
11
7.5564645669291339
21
-3.2233307086614174
0
LINE
8
CYAN2
6
CONTINUOUS
10
7.5564645669291339
20
-3.2233307086614174
11
7.5397992125984254
21
-3.2233307086614174
0
LINE
8
CYAN2
6
CONTINUOUS
10
7.5397992125984254
20
-3.2233307086614174
11
7.5302755905511818
21
-3.220952755905512
0
LINE
8
CYAN2
6
CONTINUOUS
10
7.5302755905511818
20
-3.220952755905512
11
7.5255118110236223
21
-3.216188976377953
0
LINE
8
CYAN2
6
CONTINUOUS
10
7.5255118110236223
20
-3.216188976377953
11
7.5231299212598426
21
-3.2114291338582679
0
LINE
8
CYAN2
6
CONTINUOUS
10
7.5707519685039371
20
-3.1495236220472442
11
7.5731299212598424
21
-3.1542834645669293
0
LINE
8
CYAN2
6
CONTINUOUS
10
7.5731299212598424
20
-3.1542834645669293
11
7.5731299212598424
21
-3.1638070866141734
0
LINE
8
CYAN2
6
CONTINUOUS
10
7.5731299212598424
20
-3.1638070866141734
11
7.5707519685039371
21
-3.1685708661417324
0
LINE
8
CYAN2
6
CONTINUOUS
10
7.5707519685039371
20
-3.1685708661417324
11
7.5659881889763785
21
-3.1709488188976378
0
LINE
8
CYAN2
6
CONTINUOUS
10
7.5659881889763785
20
-3.1709488188976378
11
7.5469409448818903
21
-3.1709488188976378
0
LINE
8
CYAN2
6
CONTINUOUS
10
7.5469409448818903
20
-3.1709488188976378
11
7.5421771653543308
21
-3.1685708661417324
0
LINE
8
CYAN2
6
CONTINUOUS
10
7.5421771653543308
20
-3.1685708661417324
11
7.5397992125984254
21
-3.1638070866141734
0
LINE
8
CYAN2
6
CONTINUOUS
10
7.5397992125984254
20
-3.1638070866141734
11
7.5397992125984254
21
-3.1542834645669293
0
LINE
8
CYAN2
6
CONTINUOUS
10
7.5397992125984254
20
-3.1542834645669293
11
7.5421771653543308
21
-3.1495236220472442
0
LINE
8
CYAN2
6
CONTINUOUS
10
7.5421771653543308
20
-3.1495236220472442
11
7.5469409448818903
21
-3.1471417322834645
0
LINE
8
CYAN2
6
CONTINUOUS
10
7.5469409448818903
20
-3.1471417322834645
11
7.5517007874015754
21
-3.1471417322834645
0
LINE
8
CYAN2
6
CONTINUOUS
10
7.5517007874015754
20
-3.1471417322834645
11
7.5564645669291339
21
-3.1709488188976378
0
LINE
8
CYAN2
6
CONTINUOUS
10
7.5278937007874021
20
-3.1280905511811024
11
7.5255118110236223
21
-3.125712598425197
0
LINE
8
CYAN2
6
CONTINUOUS
10
7.5255118110236223
20
-3.125712598425197
11
7.5231299212598426
21
-3.120948818897638
0
LINE
8
CYAN2
6
CONTINUOUS
10
7.5231299212598426
20
-3.120948818897638
11
7.5231299212598426
21
-3.1090433070866141
0
LINE
8
CYAN2
6
CONTINUOUS
10
7.5231299212598426
20
-3.1090433070866141
11
7.5255118110236223
21
-3.1042834645669291
0
LINE
8
CYAN2
6
CONTINUOUS
10
7.5255118110236223
20
-3.1042834645669291
11
7.5278937007874021
21
-3.1019015748031498
0
LINE
8
CYAN2
6
CONTINUOUS
10
7.5278937007874021
20
-3.1019015748031498
11
7.5326535433070871
21
-3.09951968503937
0
LINE
8
CYAN2
6
CONTINUOUS
10
7.5326535433070871
20
-3.09951968503937
11
7.5374173228346457
21
-3.09951968503937
0
LINE
8
CYAN2
6
CONTINUOUS
10
7.5374173228346457
20
-3.09951968503937
11
7.5445590551181105
21
-3.1019015748031498
0
LINE
8
CYAN2
6
CONTINUOUS
10
7.5445590551181105
20
-3.1019015748031498
11
7.5731299212598424
21
-3.1304724409448821
0
LINE
8
CYAN2
6
CONTINUOUS
10
7.5731299212598424
20
-3.1304724409448821
11
7.5731299212598424
21
-3.09951968503937
0
LINE
8
RED3
6
CONTINUOUS
10
7.4946417322834646
20
-2.9642795275590554
11
7.4922598425196849
21
-2.9619015748031496
0
LINE
8
RED3
6
CONTINUOUS
10
7.4922598425196849
20
-2.9619015748031496
11
7.4898779527559061
21
-2.9571377952755906
0
LINE
8
RED3
6
CONTINUOUS
10
7.4898779527559061
20
-2.9571377952755906
11
7.4898779527559061
21
-2.9452322834645672
0
LINE
8
RED3
6
CONTINUOUS
10
7.4898779527559061
20
-2.9452322834645672
11
7.4922598425196849
21
-2.9404724409448821
0
LINE
8
RED3
6
CONTINUOUS
10
7.4922598425196849
20
-2.9404724409448821
11
7.4946417322834646
21
-2.9380905511811024
0
LINE
8
RED3
6
CONTINUOUS
10
7.4946417322834646
20
-2.9380905511811024
11
7.4994015748031497
21
-2.9357086614173231
0
LINE
8
RED3
6
CONTINUOUS
10
7.4994015748031497
20
-2.9357086614173231
11
7.5041653543307092
21
-2.9357086614173231
0
LINE
8
RED3
6
CONTINUOUS
10
7.5041653543307092
20
-2.9357086614173231
11
7.5113070866141731
21
-2.9380905511811024
0
LINE
8
RED3
6
CONTINUOUS
10
7.5113070866141731
20
-2.9380905511811024
11
7.5398779527559059
21
-2.9666614173228347
0
LINE
8
RED3
6
CONTINUOUS
10
7.5398779527559059
20
-2.9666614173228347
11
7.5398779527559059
21
-2.9357086614173231
0
CIRCLE
8
RED2
10
7.3500000000000005
20
-3.0249999999999999
40
0.025
0
LINE
8
RED2
6
CONTINUOUS
10
7.3500000000000005
20
-3.
11
7.3500000000000005
21
-2.8500000000000001
0
LINE
8
CYAN2
6
CONTINUOUS
10
7.3469409448818901
20
-3.1709488188976378
11
7.3469409448818901
21
-3.1542795275590554
0
LINE
8
CYAN2
6
CONTINUOUS
10
7.3731299212598431
20
-3.1471377952755906
11
7.3731299212598431
21
-3.1709488188976378
0
LINE
8
CYAN2
6
CONTINUOUS
10
7.3731299212598431
20
-3.1709488188976378
11
7.3231299212598424
21
-3.1709488188976378
0
LINE
8
CYAN2
6
CONTINUOUS
10
7.3231299212598424
20
-3.1709488188976378
11
7.3231299212598424
21
-3.1471377952755906
0
LINE
8
CYAN2
6
CONTINUOUS
10
7.3731299212598431
20
-3.09951968503937
11
7.3731299212598431
21
-3.1280905511811024
0
LINE
8
CYAN2
6
CONTINUOUS
10
7.3731299212598431
20
-3.1138070866141732
11
7.3231299212598424
21
-3.1138070866141732
0
LINE
8
CYAN2
6
CONTINUOUS
10
7.3231299212598424
20
-3.1138070866141732
11
7.3302755905511816
21
-3.1185669291338582
0
LINE
8
CYAN2
6
CONTINUOUS
10
7.3302755905511816
20
-3.1185669291338582
11
7.3350354330708667
21
-3.1233307086614173
0
LINE
8
CYAN2
6
CONTINUOUS
10
7.3350354330708667
20
-3.1233307086614173
11
7.3374173228346455
21
-3.1280905511811024
0
LINE
8
RED3
6
CONTINUOUS
10
7.3398779527559057
20
-2.9595196850393704
11
7.3398779527559057
21
-2.9499960629921262
0
LINE
8
RED3
6
CONTINUOUS
10
7.3398779527559057
20
-2.9499960629921262
11
7.3375000000000004
21
-2.9452322834645672
0
LINE
8
RED3
6
CONTINUOUS
10
7.3375000000000004
20
-2.9452322834645672
11
7.3351181102362206
21
-2.9428543307086614
0
LINE
8
RED3
6
CONTINUOUS
10
7.3351181102362206
20
-2.9428543307086614
11
7.3279724409448823
21
-2.9380905511811024
0
LINE
8
RED3
6
CONTINUOUS
10
7.3279724409448823
20
-2.9380905511811024
11
7.3184488188976378
21
-2.9357086614173231
0
LINE
8
RED3
6
CONTINUOUS
10
7.3184488188976378
20
-2.9357086614173231
11
7.2994015748031496
21
-2.9357086614173231
0
LINE
8
RED3
6
CONTINUOUS
10
7.2994015748031496
20
-2.9357086614173231
11
7.2946417322834645
21
-2.9380905511811024
0
LINE
8
RED3
6
CONTINUOUS
10
7.2946417322834645
20
-2.9380905511811024
11
7.2922598425196856
21
-2.9404724409448821
0
LINE
8
RED3
6
CONTINUOUS
10
7.2922598425196856
20
-2.9404724409448821
11
7.2898779527559059
21
-2.9452322834645672
0
LINE
8
RED3
6
CONTINUOUS
10
7.2898779527559059
20
-2.9452322834645672
11
7.2898779527559059
21
-2.9547559055118113
0
LINE
8
RED3
6
CONTINUOUS
10
7.2898779527559059
20
-2.9547559055118113
11
7.2922598425196856
21
-2.9595196850393704
0
LINE
8
RED3
6
CONTINUOUS
10
7.2922598425196856
20
-2.9595196850393704
11
7.2946417322834645
21
-2.9619015748031496
0
LINE
8
RED3
6
CONTINUOUS
10
7.2946417322834645
20
-2.9619015748031496
11
7.2994015748031496
21
-2.9642795275590554
0
LINE
8
RED3
6
CONTINUOUS
10
7.2994015748031496
20
-2.9642795275590554
11
7.3113070866141738
21
-2.9642795275590554
0
LINE
8
RED3
6
CONTINUOUS
10
7.3113070866141738
20
-2.9642795275590554
11
7.3160708661417324
21
-2.9619015748031496
0
LINE
8
RED3
6
CONTINUOUS
10
7.3160708661417324
20
-2.9619015748031496
11
7.3184488188976378
21
-2.9595196850393704
0
LINE
8
RED3
6
CONTINUOUS
10
7.3184488188976378
20
-2.9595196850393704
11
7.3208307086614175
21
-2.9547559055118113
0
LINE
8
RED3
6
CONTINUOUS
10
7.3208307086614175
20
-2.9547559055118113
11
7.3208307086614175
21
-2.9452322834645672
0
LINE
8
RED3
6
CONTINUOUS
10
7.3208307086614175
20
-2.9452322834645672
11
7.3184488188976378
21
-2.9404724409448821
0
LINE
8
RED3
6
CONTINUOUS
10
7.3184488188976378
20
-2.9404724409448821
11
7.3160708661417324
21
-2.9380905511811024
0
LINE
8
RED3
6
CONTINUOUS
10
7.3160708661417324
20
-2.9380905511811024
11
7.3113070866141738
21
-2.9357086614173231
0
CIRCLE
8
RED2
10
7.25
20
-3.0249999999999999
40
0.025
0
LINE
8
RED2
6
CONTINUOUS
10
7.25
20
-3.
11
7.25
21
-2.8500000000000001
0
LINE
8
CYAN2
6
CONTINUOUS
10
7.2469409448818904
20
-3.1709488188976378
11
7.2469409448818904
21
-3.1542795275590554
0
LINE
8
CYAN2
6
CONTINUOUS
10
7.2731299212598426
20
-3.1471377952755906
11
7.2731299212598426
21
-3.1709488188976378
0
LINE
8
CYAN2
6
CONTINUOUS
10
7.2731299212598426
20
-3.1709488188976378
11
7.2231299212598428
21
-3.1709488188976378
0
LINE
8
CYAN2
6
CONTINUOUS
10
7.2231299212598428
20
-3.1709488188976378
11
7.2231299212598428
21
-3.1471377952755906
0
LINE
8
CYAN2
6
CONTINUOUS
10
7.2278937007874022
20
-3.1280905511811024
11
7.2255118110236225
21
-3.125712598425197
0
LINE
8
CYAN2
6
CONTINUOUS
10
7.2255118110236225
20
-3.125712598425197
11
7.2231299212598428
21
-3.120948818897638
0
LINE
8
CYAN2
6
CONTINUOUS
10
7.2231299212598428
20
-3.120948818897638
11
7.2231299212598428
21
-3.1090433070866141
0
LINE
8
CYAN2
6
CONTINUOUS
10
7.2231299212598428
20
-3.1090433070866141
11
7.2255118110236225
21
-3.1042834645669291
0
LINE
8
CYAN2
6
CONTINUOUS
10
7.2255118110236225
20
-3.1042834645669291
11
7.2278937007874022
21
-3.1019015748031498
0
LINE
8
CYAN2
6
CONTINUOUS
10
7.2278937007874022
20
-3.1019015748031498
11
7.2326535433070873
21
-3.09951968503937
0
LINE
8
CYAN2
6
CONTINUOUS
10
7.2326535433070873
20
-3.09951968503937
11
7.2374173228346459
21
-3.09951968503937
0
LINE
8
CYAN2
6
CONTINUOUS
10
7.2374173228346459
20
-3.09951968503937
11
7.2445590551181107
21
-3.1019015748031498
0
LINE
8
CYAN2
6
CONTINUOUS
10
7.2445590551181107
20
-3.1019015748031498
11
7.2731299212598426
21
-3.1304724409448821
0
LINE
8
CYAN2
6
CONTINUOUS
10
7.2731299212598426
20
-3.1304724409448821
11
7.2731299212598426
21
-3.09951968503937
0
LINE
8
RED3
6
CONTINUOUS
10
7.2398779527559061
20
-2.9595196850393704
11
7.2398779527559061
21
-2.9880905511811027
0
LINE
8
RED3
6
CONTINUOUS
10
7.2398779527559061
20
-2.9738070866141735
11
7.1898779527559054
21
-2.9738070866141735
0
LINE
8
RED3
6
CONTINUOUS
10
7.1898779527559054
20
-2.9738070866141735
11
7.1970236220472446
21
-2.9785669291338586
0
LINE
8
RED3
6
CONTINUOUS
10
7.1970236220472446
20
-2.9785669291338586
11
7.2017834645669296
21
-2.9833307086614176
0
LINE
8
RED3
6
CONTINUOUS
10
7.2017834645669296
20
-2.9833307086614176
11
7.2041653543307094
21
-2.9880905511811027
0
LINE
8
RED3
6
CONTINUOUS
10
7.1898779527559054
20
-2.9285708661417322
11
7.1898779527559054
21
-2.9238070866141732
0
LINE
8
RED3
6
CONTINUOUS
10
7.1898779527559054
20
-2.9238070866141732
11
7.1922598425196851
21
-2.9190472440944881
0
LINE
8
RED3
6
CONTINUOUS
10
7.1922598425196851
20
-2.9190472440944881
11
7.1946417322834648
21
-2.9166653543307088
0
LINE
8
RED3
6
CONTINUOUS
10
7.1946417322834648
20
-2.9166653543307088
11
7.1994015748031499
21
-2.9142834645669291
0
LINE
8
RED3
6
CONTINUOUS
10
7.1994015748031499
20
-2.9142834645669291
11
7.2089251968503936
21
-2.9119015748031498
0
LINE
8
RED3
6
CONTINUOUS
10
7.2089251968503936
20
-2.9119015748031498
11
7.2208307086614179
21
-2.9119015748031498
0
LINE
8
RED3
6
CONTINUOUS
10
7.2208307086614179
20
-2.9119015748031498
11
7.2303543307086615
21
-2.9142834645669291
0
LINE
8
RED3
6
CONTINUOUS
10
7.2303543307086615
20
-2.9142834645669291
11
7.235118110236221
21
-2.9166653543307088
0
LINE
8
RED3
6
CONTINUOUS
10
7.235118110236221
20
-2.9166653543307088
11
7.2375000000000007
21
-2.9190472440944881
0
LINE
8
RED3
6
CONTINUOUS
10
7.2375000000000007
20
-2.9190472440944881
11
7.2398779527559061
21
-2.9238070866141732
0
LINE
8
RED3
6
CONTINUOUS
10
7.2398779527559061
20
-2.9238070866141732
11
7.2398779527559061
21
-2.9285708661417322
0
LINE
8
RED3
6
CONTINUOUS
10
7.2398779527559061
20
-2.9285708661417322
11
7.2375000000000007
21
-2.9333307086614173
0
LINE
8
RED3
6
CONTINUOUS
10
7.2375000000000007
20
-2.9333307086614173
11
7.235118110236221
21
-2.9357125984251971
0
LINE
8
RED3
6
CONTINUOUS
10
7.235118110236221
20
-2.9357125984251971
11
7.2303543307086615
21
-2.9380944881889763
0
LINE
8
RED3
6
CONTINUOUS
10
7.2303543307086615
20
-2.9380944881889763
11
7.2208307086614179
21
-2.9404724409448821
0
LINE
8
RED3
6
CONTINUOUS
10
7.2208307086614179
20
-2.9404724409448821
11
7.2089251968503936
21
-2.9404724409448821
0
LINE
8
RED3
6
CONTINUOUS
10
7.2089251968503936
20
-2.9404724409448821
11
7.1994015748031499
21
-2.9380944881889763
0
LINE
8
RED3
6
CONTINUOUS
10
7.1994015748031499
20
-2.9380944881889763
11
7.1946417322834648
21
-2.9357125984251971
0
LINE
8
RED3
6
CONTINUOUS
10
7.1946417322834648
20
-2.9357125984251971
11
7.1922598425196851
21
-2.9333307086614173
0
LINE
8
RED3
6
CONTINUOUS
10
7.1922598425196851
20
-2.9333307086614173
11
7.1898779527559054
21
-2.9285708661417322
0
LINE
8
RED2
6
CONTINUOUS
10
7.1500000000000004
20
-3.0500000000000003
11
7.1500000000000004
21
-2.8500000000000001
0
LINE
8
RED2
6
CONTINUOUS
10
7.1750000000000007
20
-3.0500000000000003
11
7.1500000000000004
21
-3.1000000000000001
0
LINE
8
RED2
6
CONTINUOUS
10
7.1500000000000004
20
-3.1000000000000001
11
7.125
21
-3.0500000000000003
0
LINE
8
CYAN2
6
CONTINUOUS
10
7.1683700787401579
20
-3.1447598425196852
11
7.1707519685039376
21
-3.1471377952755906
0
LINE
8
CYAN2
6
CONTINUOUS
10
7.1707519685039376
20
-3.1471377952755906
11
7.1731299212598429
21
-3.1542834645669293
0
LINE
8
CYAN2
6
CONTINUOUS
10
7.1731299212598429
20
-3.1542834645669293
11
7.1731299212598429
21
-3.1590433070866144
0
LINE
8
CYAN2
6
CONTINUOUS
10
7.1731299212598429
20
-3.1590433070866144
11
7.1707519685039376
21
-3.1661850393700788
0
LINE
8
CYAN2
6
CONTINUOUS
10
7.1707519685039376
20
-3.1661850393700788
11
7.1659881889763781
21
-3.1709488188976378
0
LINE
8
CYAN2
6
CONTINUOUS
10
7.1659881889763781
20
-3.1709488188976378
11
7.1612244094488196
21
-3.1733307086614175
0
LINE
8
CYAN2
6
CONTINUOUS
10
7.1612244094488196
20
-3.1733307086614175
11
7.151700787401575
21
-3.1757086614173229
0
LINE
8
CYAN2
6
CONTINUOUS
10
7.151700787401575
20
-3.1757086614173229
11
7.1445590551181102
21
-3.1757086614173229
0
LINE
8
CYAN2
6
CONTINUOUS
10
7.1445590551181102
20
-3.1757086614173229
11
7.1350354330708665
21
-3.1733307086614175
0
LINE
8
CYAN2
6
CONTINUOUS
10
7.1350354330708665
20
-3.1733307086614175
11
7.1302755905511814
21
-3.1709488188976378
0
LINE
8
CYAN2
6
CONTINUOUS
10
7.1302755905511814
20
-3.1709488188976378
11
7.125511811023622
21
-3.1661850393700788
0
LINE
8
CYAN2
6
CONTINUOUS
10
7.125511811023622
20
-3.1661850393700788
11
7.1231299212598431
21
-3.1590433070866144
0
LINE
8
CYAN2
6
CONTINUOUS
10
7.1231299212598431
20
-3.1590433070866144
11
7.1231299212598431
21
-3.1542834645669293
0
LINE
8
CYAN2
6
CONTINUOUS
10
7.1231299212598431
20
-3.1542834645669293
11
7.125511811023622
21
-3.1471377952755906
0
LINE
8
CYAN2
6
CONTINUOUS
10
7.125511811023622
20
-3.1471377952755906
11
7.1278937007874017
21
-3.1447598425196852
0
LINE
8
CYAN2
6
CONTINUOUS
10
7.1397992125984251
20
-3.1233307086614173
11
7.1897992125984258
21
-3.1233307086614173
0
LINE
8
CYAN2
6
CONTINUOUS
10
7.1421771653543313
20
-3.1233307086614173
11
7.1397992125984251
21
-3.1185669291338582
0
LINE
8
CYAN2
6
CONTINUOUS
10
7.1397992125984251
20
-3.1185669291338582
11
7.1397992125984251
21
-3.1090433070866141
0
LINE
8
CYAN2
6
CONTINUOUS
10
7.1397992125984251
20
-3.1090433070866141
11
7.1421771653543313
21
-3.1042834645669291
0
LINE
8
CYAN2
6
CONTINUOUS
10
7.1421771653543313
20
-3.1042834645669291
11
7.1445590551181102
21
-3.1019015748031498
0
LINE
8
CYAN2
6
CONTINUOUS
10
7.1445590551181102
20
-3.1019015748031498
11
7.1493228346456696
21
-3.09951968503937
0
LINE
8
CYAN2
6
CONTINUOUS
10
7.1493228346456696
20
-3.09951968503937
11
7.1636062992125984
21
-3.09951968503937
0
LINE
8
CYAN2
6
CONTINUOUS
10
7.1636062992125984
20
-3.09951968503937
11
7.1683700787401579
21
-3.1019015748031498
0
LINE
8
CYAN2
6
CONTINUOUS
10
7.1683700787401579
20
-3.1019015748031498
11
7.1707519685039376
21
-3.1042834645669291
0
LINE
8
CYAN2
6
CONTINUOUS
10
7.1707519685039376
20
-3.1042834645669291
11
7.1731299212598429
21
-3.1090433070866141
0
LINE
8
CYAN2
6
CONTINUOUS
10
7.1731299212598429
20
-3.1090433070866141
11
7.1731299212598429
21
-3.1185669291338582
0
LINE
8
CYAN2
6
CONTINUOUS
10
7.1731299212598429
20
-3.1185669291338582
11
7.1707519685039376
21
-3.1233307086614173
0
LINE
8
RED3
6
CONTINUOUS
10
7.0898779527559057
20
-2.9666614173228347
11
7.0898779527559057
21
-2.9333307086614173
0
LINE
8
RED3
6
CONTINUOUS
10
7.0898779527559057
20
-2.9333307086614173
11
7.1398779527559055
21
-2.9547559055118113
0
LINE
8
RED2
6
CONTINUOUS
10
6.9500000000000002
20
-3.0500000000000003
11
6.9500000000000002
21
-2.8500000000000001
0
LINE
8
CYAN2
6
CONTINUOUS
10
6.9731299212598428
20
-3.1661889763779527
11
6.9231299212598429
21
-3.1661889763779527
0
LINE
8
CYAN2
6
CONTINUOUS
10
6.9231299212598429
20
-3.1661889763779527
11
6.958846456692914
21
-3.1495196850393703
0
LINE
8
CYAN2
6
CONTINUOUS
10
6.958846456692914
20
-3.1495196850393703
11
6.9231299212598429
21
-3.1328543307086614
0
LINE
8
CYAN2
6
CONTINUOUS
10
6.9231299212598429
20
-3.1328543307086614
11
6.9731299212598428
21
-3.1328543307086614
0
LINE
8
CYAN2
6
CONTINUOUS
10
6.9731299212598428
20
-3.1090472440944885
11
6.9397992125984258
21
-3.1090472440944885
0
LINE
8
CYAN2
6
CONTINUOUS
10
6.9493228346456695
20
-3.1090472440944885
11
6.9445590551181109
21
-3.1066653543307088
0
LINE
8
CYAN2
6
CONTINUOUS
10
6.9445590551181109
20
-3.1066653543307088
11
6.9421771653543312
21
-3.1042834645669291
0
LINE
8
CYAN2
6
CONTINUOUS
10
6.9421771653543312
20
-3.1042834645669291
11
6.9397992125984258
21
-3.0995236220472444
0
LINE
8
CYAN2
6
CONTINUOUS
10
6.9397992125984258
20
-3.0995236220472444
11
6.9397992125984258
21
-3.0947598425196849
0
LINE
8
RED3
6
CONTINUOUS
10
6.9398779527559054
20
-2.9595196850393704
11
6.9398779527559054
21
-2.9880905511811027
0
LINE
8
RED3
6
CONTINUOUS
10
6.9398779527559054
20
-2.9738070866141735
11
6.8898779527559055
21
-2.9738070866141735
0
LINE
8
RED3
6
CONTINUOUS
10
6.8898779527559055
20
-2.9738070866141735
11
6.8970236220472447
21
-2.9785669291338586
0
LINE
8
RED3
6
CONTINUOUS
10
6.8970236220472447
20
-2.9785669291338586
11
6.9017834645669298
21
-2.9833307086614176
0
LINE
8
RED3
6
CONTINUOUS
10
6.9017834645669298
20
-2.9833307086614176
11
6.9041653543307087
21
-2.9880905511811027
0
LINE
8
RED3
6
CONTINUOUS
10
6.8898779527559055
20
-2.9142834645669291
11
6.8898779527559055
21
-2.9380944881889763
0
LINE
8
RED3
6
CONTINUOUS
10
6.8898779527559055
20
-2.9380944881889763
11
6.9136889763779532
21
-2.9404724409448821
0
LINE
8
RED3
6
CONTINUOUS
10
6.9136889763779532
20
-2.9404724409448821
11
6.9113070866141735
21
-2.9380944881889763
0
LINE
8
RED3
6
CONTINUOUS
10
6.9113070866141735
20
-2.9380944881889763
11
6.9089251968503937
21
-2.9333307086614173
0
LINE
8
RED3
6
CONTINUOUS
10
6.9089251968503937
20
-2.9333307086614173
11
6.9089251968503937
21
-2.9214251968503939
0
LINE
8
RED3
6
CONTINUOUS
10
6.9089251968503937
20
-2.9214251968503939
11
6.9113070866141735
21
-2.9166653543307088
0
LINE
8
RED3
6
CONTINUOUS
10
6.9113070866141735
20
-2.9166653543307088
11
6.9136889763779532
21
-2.9142834645669291
0
LINE
8
RED3
6
CONTINUOUS
10
6.9136889763779532
20
-2.9142834645669291
11
6.9184488188976383
21
-2.9119015748031498
0
LINE
8
RED3
6
CONTINUOUS
10
6.9184488188976383
20
-2.9119015748031498
11
6.9303543307086617
21
-2.9119015748031498
0
LINE
8
RED3
6
CONTINUOUS
10
6.9303543307086617
20
-2.9119015748031498
11
6.9351181102362212
21
-2.9142834645669291
0
LINE
8
RED3
6
CONTINUOUS
10
6.9351181102362212
20
-2.9142834645669291
11
6.9375
21
-2.9166653543307088
0
LINE
8
RED3
6
CONTINUOUS
10
6.9375
20
-2.9166653543307088
11
6.9398779527559054
21
-2.9214251968503939
0
LINE
8
RED3
6
CONTINUOUS
10
6.9398779527559054
20
-2.9214251968503939
11
6.9398779527559054
21
-2.9333307086614173
0
LINE
8
RED3
6
CONTINUOUS
10
6.9398779527559054
20
-2.9333307086614173
11
6.9375
21
-2.9380944881889763
0
LINE
8
RED3
6
CONTINUOUS
10
6.9375
20
-2.9380944881889763
11
6.9351181102362212
21
-2.9404724409448821
0
LINE
8
RED2
6
CONTINUOUS
10
8.25
20
-3.3500000000000001
11
8.4500000000000011
21
-3.3500000000000001
0
LINE
8
CYAN2
6
CONTINUOUS
10
8.0719015748031495
20
-3.3231299212598429
11
8.088566929133858
21
-3.3731299212598427
0
LINE
8
CYAN2
6
CONTINUOUS
10
8.088566929133858
20
-3.3731299212598427
11
8.1052362204724417
21
-3.3231299212598429
0
LINE
8
CYAN2
6
CONTINUOUS
10
8.150472440944883
20
-3.3683700787401576
11
8.1480944881889759
21
-3.3707519685039373
0
LINE
8
CYAN2
6
CONTINUOUS
10
8.1480944881889759
20
-3.3707519685039373
11
8.1409488188976376
21
-3.3731299212598427
0
LINE
8
CYAN2
6
CONTINUOUS
10
8.1409488188976376
20
-3.3731299212598427
11
8.1361889763779534
21
-3.3731299212598427
0
LINE
8
CYAN2
6
CONTINUOUS
10
8.1361889763779534
20
-3.3731299212598427
11
8.1290472440944885
21
-3.3707519685039373
0
LINE
8
CYAN2
6
CONTINUOUS
10
8.1290472440944885
20
-3.3707519685039373
11
8.1242834645669291
21
-3.3659881889763779
0
LINE
8
CYAN2
6
CONTINUOUS
10
8.1242834645669291
20
-3.3659881889763779
11
8.1219015748031502
21
-3.3612244094488188
0
LINE
8
CYAN2
6
CONTINUOUS
10
8.1219015748031502
20
-3.3612244094488188
11
8.1195236220472449
21
-3.3517007874015747
0
LINE
8
CYAN2
6
CONTINUOUS
10
8.1195236220472449
20
-3.3517007874015747
11
8.1195236220472449
21
-3.3445590551181104
0
LINE
8
CYAN2
6
CONTINUOUS
10
8.1195236220472449
20
-3.3445590551181104
11
8.1219015748031502
21
-3.3350354330708663
0
LINE
8
CYAN2
6
CONTINUOUS
10
8.1219015748031502
20
-3.3350354330708663
11
8.1242834645669291
21
-3.3302755905511812
0
LINE
8
CYAN2
6
CONTINUOUS
10
8.1242834645669291
20
-3.3302755905511812
11
8.1290472440944885
21
-3.3255118110236221
0
LINE
8
CYAN2
6
CONTINUOUS
10
8.1290472440944885
20
-3.3255118110236221
11
8.1361889763779534
21
-3.3231299212598429
0
LINE
8
CYAN2
6
CONTINUOUS
10
8.1361889763779534
20
-3.3231299212598429
11
8.1409488188976376
21
-3.3231299212598429
0
LINE
8
CYAN2
6
CONTINUOUS
10
8.1409488188976376
20
-3.3231299212598429
11
8.1480944881889759
21
-3.3255118110236221
0
LINE
8
CYAN2
6
CONTINUOUS
10
8.1480944881889759
20
-3.3255118110236221
11
8.150472440944883
21
-3.3278937007874019
0
LINE
8
CYAN2
6
CONTINUOUS
10
8.2004724409448819
20
-3.3683700787401576
11
8.1980944881889766
21
-3.3707519685039373
0
LINE
8
CYAN2
6
CONTINUOUS
10
8.1980944881889766
20
-3.3707519685039373
11
8.1909488188976383
21
-3.3731299212598427
0
LINE
8
CYAN2
6
CONTINUOUS
10
8.1909488188976383
20
-3.3731299212598427
11
8.1861889763779523
21
-3.3731299212598427
0
LINE
8
CYAN2
6
CONTINUOUS
10
8.1861889763779523
20
-3.3731299212598427
11
8.1790472440944892
21
-3.3707519685039373
0
LINE
8
CYAN2
6
CONTINUOUS
10
8.1790472440944892
20
-3.3707519685039373
11
8.1742834645669298
21
-3.3659881889763779
0
LINE
8
CYAN2
6
CONTINUOUS
10
8.1742834645669298
20
-3.3659881889763779
11
8.1719015748031492
21
-3.3612244094488188
0
LINE
8
CYAN2
6
CONTINUOUS
10
8.1719015748031492
20
-3.3612244094488188
11
8.1695236220472438
21
-3.3517007874015747
0
LINE
8
CYAN2
6
CONTINUOUS
10
8.1695236220472438
20
-3.3517007874015747
11
8.1695236220472438
21
-3.3445590551181104
0
LINE
8
CYAN2
6
CONTINUOUS
10
8.1695236220472438
20
-3.3445590551181104
11
8.1719015748031492
21
-3.3350354330708663
0
LINE
8
CYAN2
6
CONTINUOUS
10
8.1719015748031492
20
-3.3350354330708663
11
8.1742834645669298
21
-3.3302755905511812
0
LINE
8
CYAN2
6
CONTINUOUS
10
8.1742834645669298
20
-3.3302755905511812
11
8.1790472440944892
21
-3.3255118110236221
0
LINE
8
CYAN2
6
CONTINUOUS
10
8.1790472440944892
20
-3.3255118110236221
11
8.1861889763779523
21
-3.3231299212598429
0
LINE
8
CYAN2
6
CONTINUOUS
10
8.1861889763779523
20
-3.3231299212598429
11
8.1909488188976383
21
-3.3231299212598429
0
LINE
8
CYAN2
6
CONTINUOUS
10
8.1909488188976383
20
-3.3231299212598429
11
8.1980944881889766
21
-3.3255118110236221
0
LINE
8
CYAN2
6
CONTINUOUS
10
8.1980944881889766
20
-3.3255118110236221
11
8.2004724409448819
21
-3.3278937007874019
0
LINE
8
RED3
6
CONTINUOUS
10
8.340476377952756
20
-3.3398779527559057
11
8.3119055118110232
21
-3.3398779527559057
0
LINE
8
RED3
6
CONTINUOUS
10
8.3261889763779529
20
-3.3398779527559057
11
8.3261889763779529
21
-3.2898779527559054
0
LINE
8
RED3
6
CONTINUOUS
10
8.3261889763779529
20
-3.2898779527559054
11
8.3214291338582687
21
-3.2970236220472442
0
LINE
8
RED3
6
CONTINUOUS
10
8.3214291338582687
20
-3.2970236220472442
11
8.3166653543307092
21
-3.3017834645669293
0
LINE
8
RED3
6
CONTINUOUS
10
8.3166653543307092
20
-3.3017834645669293
11
8.3119055118110232
21
-3.3041653543307086
0
LINE
8
RED3
6
CONTINUOUS
10
8.3833307086614184
20
-3.2898779527559054
11
8.3738070866141729
21
-3.2898779527559054
0
LINE
8
RED3
6
CONTINUOUS
10
8.3738070866141729
20
-3.2898779527559054
11
8.3690472440944887
21
-3.2922598425196852
0
LINE
8
RED3
6
CONTINUOUS
10
8.3690472440944887
20
-3.2922598425196852
11
8.3666653543307081
21
-3.2946417322834649
0
LINE
8
RED3
6
CONTINUOUS
10
8.3666653543307081
20
-3.2946417322834649
11
8.3619015748031504
21
-3.3017834645669293
0
LINE
8
RED3
6
CONTINUOUS
10
8.3619015748031504
20
-3.3017834645669293
11
8.3595236220472451
21
-3.3113070866141734
0
LINE
8
RED3
6
CONTINUOUS
10
8.3595236220472451
20
-3.3113070866141734
11
8.3595236220472451
21
-3.3303543307086616
0
LINE
8
RED3
6
CONTINUOUS
10
8.3595236220472451
20
-3.3303543307086616
11
8.3619015748031504
21
-3.3351181102362206
0
LINE
8
RED3
6
CONTINUOUS
10
8.3619015748031504
20
-3.3351181102362206
11
8.3642834645669293
21
-3.3374999999999999
0
LINE
8
RED3
6
CONTINUOUS
10
8.3642834645669293
20
-3.3374999999999999
11
8.3690472440944887
21
-3.3398779527559057
0
LINE
8
RED3
6
CONTINUOUS
10
8.3690472440944887
20
-3.3398779527559057
11
8.3785708661417324
21
-3.3398779527559057
0
LINE
8
RED3
6
CONTINUOUS
10
8.3785708661417324
20
-3.3398779527559057
11
8.3833307086614184
21
-3.3374999999999999
0
LINE
8
RED3
6
CONTINUOUS
10
8.3833307086614184
20
-3.3374999999999999
11
8.3857125984251972
21
-3.3351181102362206
0
LINE
8
RED3
6
CONTINUOUS
10
8.3857125984251972
20
-3.3351181102362206
11
8.3880944881889761
21
-3.3303543307086616
0
LINE
8
RED3
6
CONTINUOUS
10
8.3880944881889761
20
-3.3303543307086616
11
8.3880944881889761
21
-3.3184488188976378
0
LINE
8
RED3
6
CONTINUOUS
10
8.3880944881889761
20
-3.3184488188976378
11
8.3857125984251972
21
-3.3136889763779527
0
LINE
8
RED3
6
CONTINUOUS
10
8.3857125984251972
20
-3.3136889763779527
11
8.3833307086614184
21
-3.3113070866141734
0
LINE
8
RED3
6
CONTINUOUS
10
8.3833307086614184
20
-3.3113070866141734
11
8.3785708661417324
21
-3.3089251968503937
0
LINE
8
RED3
6
CONTINUOUS
10
8.3785708661417324
20
-3.3089251968503937
11
8.3690472440944887
21
-3.3089251968503937
0
LINE
8
RED3
6
CONTINUOUS
10
8.3690472440944887
20
-3.3089251968503937
11
8.3642834645669293
21
-3.3113070866141734
0
LINE
8
RED3
6
CONTINUOUS
10
8.3642834645669293
20
-3.3113070866141734
11
8.3619015748031504
21
-3.3136889763779527
0
LINE
8
RED3
6
CONTINUOUS
10
8.3619015748031504
20
-3.3136889763779527
11
8.3595236220472451
21
-3.3184488188976378
0
LINE
8
RED2
6
CONTINUOUS
10
6.8500000000000005
20
-3.3500000000000001
11
6.6500000000000004
21
-3.3500000000000001
0
LINE
8
CYAN2
6
CONTINUOUS
10
6.928094488188977
20
-3.3255118110236221
11
6.9233307086614175
21
-3.3231299212598429
0
LINE
8
CYAN2
6
CONTINUOUS
10
6.9233307086614175
20
-3.3231299212598429
11
6.9161889763779527
21
-3.3231299212598429
0
LINE
8
CYAN2
6
CONTINUOUS
10
6.9161889763779527
20
-3.3231299212598429
11
6.9090472440944888
21
-3.3255118110236221
0
LINE
8
CYAN2
6
CONTINUOUS
10
6.9090472440944888
20
-3.3255118110236221
11
6.9042834645669293
21
-3.3302755905511812
0
LINE
8
CYAN2
6
CONTINUOUS
10
6.9042834645669293
20
-3.3302755905511812
11
6.9019015748031496
21
-3.3350354330708663
0
LINE
8
CYAN2
6
CONTINUOUS
10
6.9019015748031496
20
-3.3350354330708663
11
6.8995236220472442
21
-3.3445590551181104
0
LINE
8
CYAN2
6
CONTINUOUS
10
6.8995236220472442
20
-3.3445590551181104
11
6.8995236220472442
21
-3.3517007874015747
0
LINE
8
CYAN2
6
CONTINUOUS
10
6.8995236220472442
20
-3.3517007874015747
11
6.9019015748031496
21
-3.3612244094488188
0
LINE
8
CYAN2
6
CONTINUOUS
10
6.9019015748031496
20
-3.3612244094488188
11
6.9042834645669293
21
-3.3659881889763779
0
LINE
8
CYAN2
6
CONTINUOUS
10
6.9042834645669293
20
-3.3659881889763779
11
6.9090472440944888
21
-3.3707519685039373
0
LINE
8
CYAN2
6
CONTINUOUS
10
6.9090472440944888
20
-3.3707519685039373
11
6.9161889763779527
21
-3.3731299212598427
0
LINE
8
CYAN2
6
CONTINUOUS
10
6.9161889763779527
20
-3.3731299212598427
11
6.9209488188976378
21
-3.3731299212598427
0
LINE
8
CYAN2
6
CONTINUOUS
10
6.9209488188976378
20
-3.3731299212598427
11
6.928094488188977
21
-3.3707519685039373
0
LINE
8
CYAN2
6
CONTINUOUS
10
6.928094488188977
20
-3.3707519685039373
11
6.9304724409448824
21
-3.3683700787401576
0
LINE
8
CYAN2
6
CONTINUOUS
10
6.9304724409448824
20
-3.3683700787401576
11
6.9304724409448824
21
-3.3517007874015747
0
LINE
8
CYAN2
6
CONTINUOUS
10
6.9304724409448824
20
-3.3517007874015747
11
6.9209488188976378
21
-3.3517007874015747
0
LINE
8
CYAN2
6
CONTINUOUS
10
6.9519015748031503
20
-3.3731299212598427
11
6.9519015748031503
21
-3.3231299212598429
0
LINE
8
CYAN2
6
CONTINUOUS
10
6.9519015748031503
20
-3.3231299212598429
11
6.9804724409448822
21
-3.3731299212598427
0
LINE
8
CYAN2
6
CONTINUOUS
10
6.9804724409448822
20
-3.3731299212598427
11
6.9804724409448822
21
-3.3231299212598429
0
LINE
8
CYAN2
6
CONTINUOUS
10
7.004283464566929
20
-3.3731299212598427
11
7.004283464566929
21
-3.3231299212598429
0
LINE
8
CYAN2
6
CONTINUOUS
10
7.004283464566929
20
-3.3231299212598429
11
7.0161889763779532
21
-3.3231299212598429
0
LINE
8
CYAN2
6
CONTINUOUS
10
7.0161889763779532
20
-3.3231299212598429
11
7.0233307086614172
21
-3.3255118110236221
0
LINE
8
CYAN2
6
CONTINUOUS
10
7.0233307086614172
20
-3.3255118110236221
11
7.0280944881889766
21
-3.3302755905511812
0
LINE
8
CYAN2
6
CONTINUOUS
10
7.0280944881889766
20
-3.3302755905511812
11
7.0304763779527564
21
-3.3350354330708663
0
LINE
8
CYAN2
6
CONTINUOUS
10
7.0304763779527564
20
-3.3350354330708663
11
7.0328543307086617
21
-3.3445590551181104
0
LINE
8
CYAN2
6
CONTINUOUS
10
7.0328543307086617
20
-3.3445590551181104
11
7.0328543307086617
21
-3.3517007874015747
0
LINE
8
CYAN2
6
CONTINUOUS
10
7.0328543307086617
20
-3.3517007874015747
11
7.0304763779527564
21
-3.3612244094488188
0
LINE
8
CYAN2
6
CONTINUOUS
10
7.0304763779527564
20
-3.3612244094488188
11
7.0280944881889766
21
-3.3659881889763779
0
LINE
8
CYAN2
6
CONTINUOUS
10
7.0280944881889766
20
-3.3659881889763779
11
7.0233307086614172
21
-3.3707519685039373
0
LINE
8
CYAN2
6
CONTINUOUS
10
7.0233307086614172
20
-3.3707519685039373
11
7.0161889763779532
21
-3.3731299212598427
0
LINE
8
CYAN2
6
CONTINUOUS
10
7.0161889763779532
20
-3.3731299212598427
11
7.004283464566929
21
-3.3731299212598427
0
LINE
8
RED3
6
CONTINUOUS
10
6.7452401574803149
20
-3.3113070866141734
11
6.7404763779527563
21
-3.3089251968503937
0
LINE
8
RED3
6
CONTINUOUS
10
6.7404763779527563
20
-3.3089251968503937
11
6.7380944881889766
21
-3.3065472440944883
0
LINE
8
RED3
6
CONTINUOUS
10
6.7380944881889766
20
-3.3065472440944883
11
6.7357165354330713
21
-3.3017834645669293
0
LINE
8
RED3
6
CONTINUOUS
10
6.7357165354330713
20
-3.3017834645669293
11
6.7357165354330713
21
-3.2994015748031496
0
LINE
8
RED3
6
CONTINUOUS
10
6.7357165354330713
20
-3.2994015748031496
11
6.7380944881889766
21
-3.2946417322834649
0
LINE
8
RED3
6
CONTINUOUS
10
6.7380944881889766
20
-3.2946417322834649
11
6.7404763779527563
21
-3.2922598425196852
0
LINE
8
RED3
6
CONTINUOUS
10
6.7404763779527563
20
-3.2922598425196852
11
6.7452401574803149
21
-3.2898779527559054
0
LINE
8
RED3
6
CONTINUOUS
10
6.7452401574803149
20
-3.2898779527559054
11
6.7547637795275595
21
-3.2898779527559054
0
LINE
8
RED3
6
CONTINUOUS
10
6.7547637795275595
20
-3.2898779527559054
11
6.7595236220472446
21
-3.2922598425196852
0
LINE
8
RED3
6
CONTINUOUS
10
6.7595236220472446
20
-3.2922598425196852
11
6.7619055118110243
21
-3.2946417322834649
0
LINE
8
RED3
6
CONTINUOUS
10
6.7619055118110243
20
-3.2946417322834649
11
6.7642874015748031
21
-3.2994015748031496
0
LINE
8
RED3
6
CONTINUOUS
10
6.7642874015748031
20
-3.2994015748031496
11
6.7642874015748031
21
-3.3017834645669293
0
LINE
8
RED3
6
CONTINUOUS
10
6.7642874015748031
20
-3.3017834645669293
11
6.7619055118110243
21
-3.3065472440944883
0
LINE
8
RED3
6
CONTINUOUS
10
6.7619055118110243
20
-3.3065472440944883
11
6.7595236220472446
21
-3.3089251968503937
0
LINE
8
RED3
6
CONTINUOUS
10
6.7595236220472446
20
-3.3089251968503937
11
6.7547637795275595
21
-3.3113070866141734
0
LINE
8
RED3
6
CONTINUOUS
10
6.7547637795275595
20
-3.3113070866141734
11
6.7452401574803149
21
-3.3113070866141734
0
LINE
8
RED3
6
CONTINUOUS
10
6.7452401574803149
20
-3.3113070866141734
11
6.7404763779527563
21
-3.3136889763779527
0
LINE
8
RED3
6
CONTINUOUS
10
6.7404763779527563
20
-3.3136889763779527
11
6.7380944881889766
21
-3.3160708661417324
0
LINE
8
RED3
6
CONTINUOUS
10
6.7380944881889766
20
-3.3160708661417324
11
6.7357165354330713
21
-3.3208307086614175
0
LINE
8
RED3
6
CONTINUOUS
10
6.7357165354330713
20
-3.3208307086614175
11
6.7357165354330713
21
-3.3303543307086616
0
LINE
8
RED3
6
CONTINUOUS
10
6.7357165354330713
20
-3.3303543307086616
11
6.7380944881889766
21
-3.3351181102362206
0
LINE
8
RED3
6
CONTINUOUS
10
6.7380944881889766
20
-3.3351181102362206
11
6.7404763779527563
21
-3.3374999999999999
0
LINE
8
RED3
6
CONTINUOUS
10
6.7404763779527563
20
-3.3374999999999999
11
6.7452401574803149
21
-3.3398779527559057
0
LINE
8
RED3
6
CONTINUOUS
10
6.7452401574803149
20
-3.3398779527559057
11
6.7547637795275595
21
-3.3398779527559057
0
LINE
8
RED3
6
CONTINUOUS
10
6.7547637795275595
20
-3.3398779527559057
11
6.7595236220472446
21
-3.3374999999999999
0
LINE
8
RED3
6
CONTINUOUS
10
6.7595236220472446
20
-3.3374999999999999
11
6.7619055118110243
21
-3.3351181102362206
0
LINE
8
RED3
6
CONTINUOUS
10
6.7619055118110243
20
-3.3351181102362206
11
6.7642874015748031
21
-3.3303543307086616
0
LINE
8
RED3
6
CONTINUOUS
10
6.7642874015748031
20
-3.3303543307086616
11
6.7642874015748031
21
-3.3208307086614175
0
LINE
8
RED3
6
CONTINUOUS
10
6.7642874015748031
20
-3.3208307086614175
11
6.7619055118110243
21
-3.3160708661417324
0
LINE
8
RED3
6
CONTINUOUS
10
6.7619055118110243
20
-3.3160708661417324
11
6.7595236220472446
21
-3.3136889763779527
0
LINE
8
RED3
6
CONTINUOUS
10
6.7595236220472446
20
-3.3136889763779527
11
6.7547637795275595
21
-3.3113070866141734
0
LINE
8
RED2
6
CONTINUOUS
10
8.1500000000000004
20
-3.6500000000000004
11
8.1500000000000004
21
-3.8500000000000001
0
LINE
8
CYAN2
6
CONTINUOUS
10
8.1778937007874024
20
-3.5647598425196851
11
8.1755118110236218
21
-3.5695236220472442
0
LINE
8
CYAN2
6
CONTINUOUS
10
8.1755118110236218
20
-3.5695236220472442
11
8.1707519685039376
21
-3.5742834645669292
0
LINE
8
CYAN2
6
CONTINUOUS
10
8.1707519685039376
20
-3.5742834645669292
11
8.1636062992125993
21
-3.5814251968503936
0
LINE
8
CYAN2
6
CONTINUOUS
10
8.1636062992125993
20
-3.5814251968503936
11
8.1612244094488187
21
-3.5861889763779531
0
LINE
8
CYAN2
6
CONTINUOUS
10
8.1612244094488187
20
-3.5861889763779531
11
8.1612244094488187
21
-3.5909488188976377
0
LINE
8
CYAN2
6
CONTINUOUS
10
8.1731299212598429
20
-3.5885708661417324
11
8.1707519685039376
21
-3.5933307086614175
0
LINE
8
CYAN2
6
CONTINUOUS
10
8.1707519685039376
20
-3.5933307086614175
11
8.1659881889763781
21
-3.5980944881889765
0
LINE
8
CYAN2
6
CONTINUOUS
10
8.1659881889763781
20
-3.5980944881889765
11
8.1564645669291345
21
-3.6004724409448818
0
LINE
8
CYAN2
6
CONTINUOUS
10
8.1564645669291345
20
-3.6004724409448818
11
8.139799212598426
21
-3.6004724409448818
0
LINE
8
CYAN2
6
CONTINUOUS
10
8.139799212598426
20
-3.6004724409448818
11
8.1302755905511805
21
-3.5980944881889765
0
LINE
8
CYAN2
6
CONTINUOUS
10
8.1302755905511805
20
-3.5980944881889765
11
8.1255118110236229
21
-3.5933307086614175
0
LINE
8
CYAN2
6
CONTINUOUS
10
8.1255118110236229
20
-3.5933307086614175
11
8.1231299212598422
21
-3.5885708661417324
0
LINE
8
CYAN2
6
CONTINUOUS
10
8.1231299212598422
20
-3.5885708661417324
11
8.1231299212598422
21
-3.5790472440944883
0
LINE
8
CYAN2
6
CONTINUOUS
10
8.1231299212598422
20
-3.5790472440944883
11
8.1255118110236229
21
-3.5742834645669292
0
LINE
8
CYAN2
6
CONTINUOUS
10
8.1255118110236229
20
-3.5742834645669292
11
8.1302755905511805
21
-3.5695236220472442
0
LINE
8
CYAN2
6
CONTINUOUS
10
8.1302755905511805
20
-3.5695236220472442
11
8.139799212598426
21
-3.5671417322834649
0
LINE
8
CYAN2
6
CONTINUOUS
10
8.139799212598426
20
-3.5671417322834649
11
8.1564645669291345
21
-3.5671417322834649
0
LINE
8
CYAN2
6
CONTINUOUS
10
8.1564645669291345
20
-3.5671417322834649
11
8.1659881889763781
21
-3.5695236220472442
0
LINE
8
CYAN2
6
CONTINUOUS
10
8.1659881889763781
20
-3.5695236220472442
11
8.1707519685039376
21
-3.5742834645669292
0
LINE
8
CYAN2
6
CONTINUOUS
10
8.1707519685039376
20
-3.5742834645669292
11
8.1731299212598429
21
-3.5790472440944883
0
LINE
8
CYAN2
6
CONTINUOUS
10
8.1731299212598429
20
-3.5790472440944883
11
8.1731299212598429
21
-3.5885708661417324
0
LINE
8
CYAN2
6
CONTINUOUS
10
8.1231299212598422
20
-3.5361889763779528
11
8.1231299212598422
21
-3.5314251968503938
0
LINE
8
CYAN2
6
CONTINUOUS
10
8.1231299212598422
20
-3.5314251968503938
11
8.1255118110236229
21
-3.5266653543307087
0
LINE
8
CYAN2
6
CONTINUOUS
10
8.1255118110236229
20
-3.5266653543307087
11
8.1278937007874017
21
-3.5242834645669294
0
LINE
8
CYAN2
6
CONTINUOUS
10
8.1278937007874017
20
-3.5242834645669294
11
8.1326535433070877
21
-3.5219015748031497
0
LINE
8
CYAN2
6
CONTINUOUS
10
8.1326535433070877
20
-3.5219015748031497
11
8.1421771653543313
21
-3.5195196850393704
0
LINE
8
CYAN2
6
CONTINUOUS
10
8.1421771653543313
20
-3.5195196850393704
11
8.1540826771653538
21
-3.5195196850393704
0
LINE
8
CYAN2
6
CONTINUOUS
10
8.1540826771653538
20
-3.5195196850393704
11
8.1636062992125993
21
-3.5219015748031497
0
LINE
8
CYAN2
6
CONTINUOUS
10
8.1636062992125993
20
-3.5219015748031497
11
8.168370078740157
21
-3.5242834645669294
0
LINE
8
CYAN2
6
CONTINUOUS
10
8.168370078740157
20
-3.5242834645669294
11
8.1707519685039376
21
-3.5266653543307087
0
LINE
8
CYAN2
6
CONTINUOUS
10
8.1707519685039376
20
-3.5266653543307087
11
8.1731299212598429
21
-3.5314251968503938
0
LINE
8
CYAN2
6
CONTINUOUS
10
8.1731299212598429
20
-3.5314251968503938
11
8.1731299212598429
21
-3.5361889763779528
0
LINE
8
CYAN2
6
CONTINUOUS
10
8.1731299212598429
20
-3.5361889763779528
11
8.1707519685039376
21
-3.5409488188976379
0
LINE
8
CYAN2
6
CONTINUOUS
10
8.1707519685039376
20
-3.5409488188976379
11
8.168370078740157
21
-3.5433307086614176
0
LINE
8
CYAN2
6
CONTINUOUS
10
8.168370078740157
20
-3.5433307086614176
11
8.1636062992125993
21
-3.5457125984251969
0
LINE
8
CYAN2
6
CONTINUOUS
10
8.1636062992125993
20
-3.5457125984251969
11
8.1540826771653538
21
-3.5480905511811023
0
LINE
8
CYAN2
6
CONTINUOUS
10
8.1540826771653538
20
-3.5480905511811023
11
8.1421771653543313
21
-3.5480905511811023
0
LINE
8
CYAN2
6
CONTINUOUS
10
8.1421771653543313
20
-3.5480905511811023
11
8.1326535433070877
21
-3.5457125984251969
0
LINE
8
CYAN2
6
CONTINUOUS
10
8.1326535433070877
20
-3.5457125984251969
11
8.1278937007874017
21
-3.5433307086614176
0
LINE
8
CYAN2
6
CONTINUOUS
10
8.1278937007874017
20
-3.5433307086614176
11
8.1255118110236229
21
-3.5409488188976379
0
LINE
8
CYAN2
6
CONTINUOUS
10
8.1255118110236229
20
-3.5409488188976379
11
8.1231299212598422
21
-3.5361889763779528
0
LINE
8
RED3
6
CONTINUOUS
10
8.0898779527559057
20
-3.766661417322835
11
8.0898779527559057
21
-3.7357086614173229
0
LINE
8
RED3
6
CONTINUOUS
10
8.0898779527559057
20
-3.7357086614173229
11
8.1089251968503948
21
-3.7523779527559058
0
LINE
8
RED3
6
CONTINUOUS
10
8.1089251968503948
20
-3.7523779527559058
11
8.1089251968503948
21
-3.745232283464567
0
LINE
8
RED3
6
CONTINUOUS
10
8.1089251968503948
20
-3.745232283464567
11
8.1113070866141737
21
-3.740472440944882
0
LINE
8
RED3
6
CONTINUOUS
10
8.1113070866141737
20
-3.740472440944882
11
8.1136889763779525
21
-3.7380905511811027
0
LINE
8
RED3
6
CONTINUOUS
10
8.1136889763779525
20
-3.7380905511811027
11
8.1184488188976385
21
-3.7357086614173229
0
LINE
8
RED3
6
CONTINUOUS
10
8.1184488188976385
20
-3.7357086614173229
11
8.130354330708661
21
-3.7357086614173229
0
LINE
8
RED3
6
CONTINUOUS
10
8.130354330708661
20
-3.7357086614173229
11
8.1351181102362204
21
-3.7380905511811027
0
LINE
8
RED3
6
CONTINUOUS
10
8.1351181102362204
20
-3.7380905511811027
11
8.1375000000000011
21
-3.740472440944882
0
LINE
8
RED3
6
CONTINUOUS
10
8.1375000000000011
20
-3.740472440944882
11
8.1398779527559064
21
-3.745232283464567
0
LINE
8
RED3
6
CONTINUOUS
10
8.1398779527559064
20
-3.745232283464567
11
8.1398779527559064
21
-3.7595196850393702
0
LINE
8
RED3
6
CONTINUOUS
10
8.1398779527559064
20
-3.7595196850393702
11
8.1375000000000011
21
-3.7642795275590553
0
LINE
8
RED3
6
CONTINUOUS
10
8.1375000000000011
20
-3.7642795275590553
11
8.1351181102362204
21
-3.766661417322835
0
LINE
8
RED2
6
CONTINUOUS
10
8.0500000000000007
20
-3.6500000000000004
11
8.0500000000000007
21
-3.8500000000000001
0
LINE
8
CYAN2
6
CONTINUOUS
10
8.0778937007874028
20
-3.5647598425196851
11
8.0755118110236221
21
-3.5695236220472442
0
LINE
8
CYAN2
6
CONTINUOUS
10
8.0755118110236221
20
-3.5695236220472442
11
8.0707519685039379
21
-3.5742834645669292
0
LINE
8
CYAN2
6
CONTINUOUS
10
8.0707519685039379
20
-3.5742834645669292
11
8.0636062992125979
21
-3.5814251968503936
0
LINE
8
CYAN2
6
CONTINUOUS
10
8.0636062992125979
20
-3.5814251968503936
11
8.061224409448819
21
-3.5861889763779531
0
LINE
8
CYAN2
6
CONTINUOUS
10
8.061224409448819
20
-3.5861889763779531
11
8.061224409448819
21
-3.5909488188976377
0
LINE
8
CYAN2
6
CONTINUOUS
10
8.0731299212598433
20
-3.5885708661417324
11
8.0707519685039379
21
-3.5933307086614175
0
LINE
8
CYAN2
6
CONTINUOUS
10
8.0707519685039379
20
-3.5933307086614175
11
8.0659881889763785
21
-3.5980944881889765
0
LINE
8
CYAN2
6
CONTINUOUS
10
8.0659881889763785
20
-3.5980944881889765
11
8.0564645669291348
21
-3.6004724409448818
0
LINE
8
CYAN2
6
CONTINUOUS
10
8.0564645669291348
20
-3.6004724409448818
11
8.0397992125984263
21
-3.6004724409448818
0
LINE
8
CYAN2
6
CONTINUOUS
10
8.0397992125984263
20
-3.6004724409448818
11
8.0302755905511809
21
-3.5980944881889765
0
LINE
8
CYAN2
6
CONTINUOUS
10
8.0302755905511809
20
-3.5980944881889765
11
8.0255118110236232
21
-3.5933307086614175
0
LINE
8
CYAN2
6
CONTINUOUS
10
8.0255118110236232
20
-3.5933307086614175
11
8.0231299212598426
21
-3.5885708661417324
0
LINE
8
CYAN2
6
CONTINUOUS
10
8.0231299212598426
20
-3.5885708661417324
11
8.0231299212598426
21
-3.5790472440944883
0
LINE
8
CYAN2
6
CONTINUOUS
10
8.0231299212598426
20
-3.5790472440944883
11
8.0255118110236232
21
-3.5742834645669292
0
LINE
8
CYAN2
6
CONTINUOUS
10
8.0255118110236232
20
-3.5742834645669292
11
8.0302755905511809
21
-3.5695236220472442
0
LINE
8
CYAN2
6
CONTINUOUS
10
8.0302755905511809
20
-3.5695236220472442
11
8.0397992125984263
21
-3.5671417322834649
0
LINE
8
CYAN2
6
CONTINUOUS
10
8.0397992125984263
20
-3.5671417322834649
11
8.0564645669291348
21
-3.5671417322834649
0
LINE
8
CYAN2
6
CONTINUOUS
10
8.0564645669291348
20
-3.5671417322834649
11
8.0659881889763785
21
-3.5695236220472442
0
LINE
8
CYAN2
6
CONTINUOUS
10
8.0659881889763785
20
-3.5695236220472442
11
8.0707519685039379
21
-3.5742834645669292
0
LINE
8
CYAN2
6
CONTINUOUS
10
8.0707519685039379
20
-3.5742834645669292
11
8.0731299212598433
21
-3.5790472440944883
0
LINE
8
CYAN2
6
CONTINUOUS
10
8.0731299212598433
20
-3.5790472440944883
11
8.0731299212598433
21
-3.5885708661417324
0
LINE
8
CYAN2
6
CONTINUOUS
10
8.0731299212598433
20
-3.5195196850393704
11
8.0731299212598433
21
-3.5480905511811023
0
LINE
8
CYAN2
6
CONTINUOUS
10
8.0731299212598433
20
-3.5338070866141735
11
8.0231299212598426
21
-3.5338070866141735
0
LINE
8
CYAN2
6
CONTINUOUS
10
8.0231299212598426
20
-3.5338070866141735
11
8.0302755905511809
21
-3.5385669291338586
0
LINE
8
CYAN2
6
CONTINUOUS
10
8.0302755905511809
20
-3.5385669291338586
11
8.0350354330708669
21
-3.5433307086614176
0
LINE
8
CYAN2
6
CONTINUOUS
10
8.0350354330708669
20
-3.5433307086614176
11
8.0374173228346457
21
-3.5480905511811023
0
LINE
8
RED3
6
CONTINUOUS
10
8.006547244094488
20
-3.740472440944882
11
8.039877952755905
21
-3.740472440944882
0
LINE
8
RED3
6
CONTINUOUS
10
7.9875000000000007
20
-3.7523779527559058
11
8.0232125984251965
21
-3.7642795275590553
0
LINE
8
RED3
6
CONTINUOUS
10
8.0232125984251965
20
-3.7642795275590553
11
8.0232125984251965
21
-3.7333307086614176
0
LINE
8
RED2
6
CONTINUOUS
10
7.9500000000000002
20
-3.6500000000000004
11
7.9500000000000002
21
-3.8500000000000001
0
LINE
8
CYAN2
6
CONTINUOUS
10
7.9778937007874022
20
-3.5647598425196851
11
7.9755118110236225
21
-3.5695236220472442
0
LINE
8
CYAN2
6
CONTINUOUS
10
7.9755118110236225
20
-3.5695236220472442
11
7.9707519685039374
21
-3.5742834645669292
0
LINE
8
CYAN2
6
CONTINUOUS
10
7.9707519685039374
20
-3.5742834645669292
11
7.9636062992125991
21
-3.5814251968503936
0
LINE
8
CYAN2
6
CONTINUOUS
10
7.9636062992125991
20
-3.5814251968503936
11
7.9612244094488194
21
-3.5861889763779531
0
LINE
8
CYAN2
6
CONTINUOUS
10
7.9612244094488194
20
-3.5861889763779531
11
7.9612244094488194
21
-3.5909488188976377
0
LINE
8
CYAN2
6
CONTINUOUS
10
7.9731299212598428
20
-3.5885708661417324
11
7.9707519685039374
21
-3.5933307086614175
0
LINE
8
CYAN2
6
CONTINUOUS
10
7.9707519685039374
20
-3.5933307086614175
11
7.9659881889763779
21
-3.5980944881889765
0
LINE
8
CYAN2
6
CONTINUOUS
10
7.9659881889763779
20
-3.5980944881889765
11
7.9564645669291343
21
-3.6004724409448818
0
LINE
8
CYAN2
6
CONTINUOUS
10
7.9564645669291343
20
-3.6004724409448818
11
7.9397992125984258
21
-3.6004724409448818
0
LINE
8
CYAN2
6
CONTINUOUS
10
7.9397992125984258
20
-3.6004724409448818
11
7.9302755905511813
21
-3.5980944881889765
0
LINE
8
CYAN2
6
CONTINUOUS
10
7.9302755905511813
20
-3.5980944881889765
11
7.9255118110236227
21
-3.5933307086614175
0
LINE
8
CYAN2
6
CONTINUOUS
10
7.9255118110236227
20
-3.5933307086614175
11
7.9231299212598429
21
-3.5885708661417324
0
LINE
8
CYAN2
6
CONTINUOUS
10
7.9231299212598429
20
-3.5885708661417324
11
7.9231299212598429
21
-3.5790472440944883
0
LINE
8
CYAN2
6
CONTINUOUS
10
7.9231299212598429
20
-3.5790472440944883
11
7.9255118110236227
21
-3.5742834645669292
0
LINE
8
CYAN2
6
CONTINUOUS
10
7.9255118110236227
20
-3.5742834645669292
11
7.9302755905511813
21
-3.5695236220472442
0
LINE
8
CYAN2
6
CONTINUOUS
10
7.9302755905511813
20
-3.5695236220472442
11
7.9397992125984258
21
-3.5671417322834649
0
LINE
8
CYAN2
6
CONTINUOUS
10
7.9397992125984258
20
-3.5671417322834649
11
7.9564645669291343
21
-3.5671417322834649
0
LINE
8
CYAN2
6
CONTINUOUS
10
7.9564645669291343
20
-3.5671417322834649
11
7.9659881889763779
21
-3.5695236220472442
0
LINE
8
CYAN2
6
CONTINUOUS
10
7.9659881889763779
20
-3.5695236220472442
11
7.9707519685039374
21
-3.5742834645669292
0
LINE
8
CYAN2
6
CONTINUOUS
10
7.9707519685039374
20
-3.5742834645669292
11
7.9731299212598428
21
-3.5790472440944883
0
LINE
8
CYAN2
6
CONTINUOUS
10
7.9731299212598428
20
-3.5790472440944883
11
7.9731299212598428
21
-3.5885708661417324
0
LINE
8
CYAN2
6
CONTINUOUS
10
7.9278937007874015
20
-3.5480905511811023
11
7.9255118110236227
21
-3.5457125984251969
0
LINE
8
CYAN2
6
CONTINUOUS
10
7.9255118110236227
20
-3.5457125984251969
11
7.9231299212598429
21
-3.5409488188976379
0
LINE
8
CYAN2
6
CONTINUOUS
10
7.9231299212598429
20
-3.5409488188976379
11
7.9231299212598429
21
-3.5290433070866145
0
LINE
8
CYAN2
6
CONTINUOUS
10
7.9231299212598429
20
-3.5290433070866145
11
7.9255118110236227
21
-3.5242834645669294
0
LINE
8
CYAN2
6
CONTINUOUS
10
7.9255118110236227
20
-3.5242834645669294
11
7.9278937007874015
21
-3.5219015748031497
0
LINE
8
CYAN2
6
CONTINUOUS
10
7.9278937007874015
20
-3.5219015748031497
11
7.9326535433070866
21
-3.5195196850393704
0
LINE
8
CYAN2
6
CONTINUOUS
10
7.9326535433070866
20
-3.5195196850393704
11
7.9374173228346461
21
-3.5195196850393704
0
LINE
8
CYAN2
6
CONTINUOUS
10
7.9374173228346461
20
-3.5195196850393704
11
7.9445590551181109
21
-3.5219015748031497
0
LINE
8
CYAN2
6
CONTINUOUS
10
7.9445590551181109
20
-3.5219015748031497
11
7.9731299212598428
21
-3.550472440944882
0
LINE
8
CYAN2
6
CONTINUOUS
10
7.9731299212598428
20
-3.550472440944882
11
7.9731299212598428
21
-3.5195196850393704
0
LINE
8
RED3
6
CONTINUOUS
10
7.8898779527559055
20
-3.7380905511811027
11
7.8898779527559055
21
-3.7619015748031499
0
LINE
8
RED3
6
CONTINUOUS
10
7.8898779527559055
20
-3.7619015748031499
11
7.9136889763779532
21
-3.7642795275590553
0
LINE
8
RED3
6
CONTINUOUS
10
7.9136889763779532
20
-3.7642795275590553
11
7.9113070866141735
21
-3.7619015748031499
0
LINE
8
RED3
6
CONTINUOUS
10
7.9113070866141735
20
-3.7619015748031499
11
7.9089251968503937
21
-3.7571377952755909
0
LINE
8
RED3
6
CONTINUOUS
10
7.9089251968503937
20
-3.7571377952755909
11
7.9089251968503937
21
-3.745232283464567
0
LINE
8
RED3
6
CONTINUOUS
10
7.9089251968503937
20
-3.745232283464567
11
7.9113070866141735
21
-3.740472440944882
0
LINE
8
RED3
6
CONTINUOUS
10
7.9113070866141735
20
-3.740472440944882
11
7.9136889763779532
21
-3.7380905511811027
0
LINE
8
RED3
6
CONTINUOUS
10
7.9136889763779532
20
-3.7380905511811027
11
7.9184488188976383
21
-3.7357086614173229
0
LINE
8
RED3
6
CONTINUOUS
10
7.9184488188976383
20
-3.7357086614173229
11
7.9303543307086617
21
-3.7357086614173229
0
LINE
8
RED3
6
CONTINUOUS
10
7.9303543307086617
20
-3.7357086614173229
11
7.9351181102362212
21
-3.7380905511811027
0
LINE
8
RED3
6
CONTINUOUS
10
7.9351181102362212
20
-3.7380905511811027
11
7.9375
21
-3.740472440944882
0
LINE
8
RED3
6
CONTINUOUS
10
7.9375
20
-3.740472440944882
11
7.9398779527559062
21
-3.745232283464567
0
LINE
8
RED3
6
CONTINUOUS
10
7.9398779527559062
20
-3.745232283464567
11
7.9398779527559062
21
-3.7571377952755909
0
LINE
8
RED3
6
CONTINUOUS
10
7.9398779527559062
20
-3.7571377952755909
11
7.9375
21
-3.7619015748031499
0
LINE
8
RED3
6
CONTINUOUS
10
7.9375
20
-3.7619015748031499
11
7.9351181102362212
21
-3.7642795275590553
0
LINE
8
RED2
6
CONTINUOUS
10
7.8500000000000005
20
-3.6500000000000004
11
7.8500000000000005
21
-3.8500000000000001
0
LINE
8
CYAN2
6
CONTINUOUS
10
7.8778937007874017
20
-3.5647598425196851
11
7.875511811023622
21
-3.5695236220472442
0
LINE
8
CYAN2
6
CONTINUOUS
10
7.875511811023622
20
-3.5695236220472442
11
7.8707519685039369
21
-3.5742834645669292
0
LINE
8
CYAN2
6
CONTINUOUS
10
7.8707519685039369
20
-3.5742834645669292
11
7.8636062992125986
21
-3.5814251968503936
0
LINE
8
CYAN2
6
CONTINUOUS
10
7.8636062992125986
20
-3.5814251968503936
11
7.8612244094488188
21
-3.5861889763779531
0
LINE
8
CYAN2
6
CONTINUOUS
10
7.8612244094488188
20
-3.5861889763779531
11
7.8612244094488188
21
-3.5909488188976377
0
LINE
8
CYAN2
6
CONTINUOUS
10
7.8731299212598431
20
-3.5885708661417324
11
7.8707519685039369
21
-3.5933307086614175
0
LINE
8
CYAN2
6
CONTINUOUS
10
7.8707519685039369
20
-3.5933307086614175
11
7.8659881889763783
21
-3.5980944881889765
0
LINE
8
CYAN2
6
CONTINUOUS
10
7.8659881889763783
20
-3.5980944881889765
11
7.8564645669291338
21
-3.6004724409448818
0
LINE
8
CYAN2
6
CONTINUOUS
10
7.8564645669291338
20
-3.6004724409448818
11
7.8397992125984253
21
-3.6004724409448818
0
LINE
8
CYAN2
6
CONTINUOUS
10
7.8397992125984253
20
-3.6004724409448818
11
7.8302755905511816
21
-3.5980944881889765
0
LINE
8
CYAN2
6
CONTINUOUS
10
7.8302755905511816
20
-3.5980944881889765
11
7.8255118110236221
21
-3.5933307086614175
0
LINE
8
CYAN2
6
CONTINUOUS
10
7.8255118110236221
20
-3.5933307086614175
11
7.8231299212598424
21
-3.5885708661417324
0
LINE
8
CYAN2
6
CONTINUOUS
10
7.8231299212598424
20
-3.5885708661417324
11
7.8231299212598424
21
-3.5790472440944883
0
LINE
8
CYAN2
6
CONTINUOUS
10
7.8231299212598424
20
-3.5790472440944883
11
7.8255118110236221
21
-3.5742834645669292
0
LINE
8
CYAN2
6
CONTINUOUS
10
7.8255118110236221
20
-3.5742834645669292
11
7.8302755905511816
21
-3.5695236220472442
0
LINE
8
CYAN2
6
CONTINUOUS
10
7.8302755905511816
20
-3.5695236220472442
11
7.8397992125984253
21
-3.5671417322834649
0
LINE
8
CYAN2
6
CONTINUOUS
10
7.8397992125984253
20
-3.5671417322834649
11
7.8564645669291338
21
-3.5671417322834649
0
LINE
8
CYAN2
6
CONTINUOUS
10
7.8564645669291338
20
-3.5671417322834649
11
7.8659881889763783
21
-3.5695236220472442
0
LINE
8
CYAN2
6
CONTINUOUS
10
7.8659881889763783
20
-3.5695236220472442
11
7.8707519685039369
21
-3.5742834645669292
0
LINE
8
CYAN2
6
CONTINUOUS
10
7.8707519685039369
20
-3.5742834645669292
11
7.8731299212598431
21
-3.5790472440944883
0
LINE
8
CYAN2
6
CONTINUOUS
10
7.8731299212598431
20
-3.5790472440944883
11
7.8731299212598431
21
-3.5885708661417324
0
LINE
8
CYAN2
6
CONTINUOUS
10
7.8231299212598424
20
-3.550472440944882
11
7.8231299212598424
21
-3.5195196850393704
0
LINE
8
CYAN2
6
CONTINUOUS
10
7.8231299212598424
20
-3.5195196850393704
11
7.8421771653543306
21
-3.5361889763779528
0
LINE
8
CYAN2
6
CONTINUOUS
10
7.8421771653543306
20
-3.5361889763779528
11
7.8421771653543306
21
-3.5290433070866145
0
LINE
8
CYAN2
6
CONTINUOUS
10
7.8421771653543306
20
-3.5290433070866145
11
7.8445590551181104
21
-3.5242834645669294
0
LINE
8
CYAN2
6
CONTINUOUS
10
7.8445590551181104
20
-3.5242834645669294
11
7.8469409448818901
21
-3.5219015748031497
0
LINE
8
CYAN2
6
CONTINUOUS
10
7.8469409448818901
20
-3.5219015748031497
11
7.8517007874015752
21
-3.5195196850393704
0
LINE
8
CYAN2
6
CONTINUOUS
10
7.8517007874015752
20
-3.5195196850393704
11
7.8636062992125986
21
-3.5195196850393704
0
LINE
8
CYAN2
6
CONTINUOUS
10
7.8636062992125986
20
-3.5195196850393704
11
7.868370078740158
21
-3.5219015748031497
0
LINE
8
CYAN2
6
CONTINUOUS
10
7.868370078740158
20
-3.5219015748031497
11
7.8707519685039369
21
-3.5242834645669294
0
LINE
8
CYAN2
6
CONTINUOUS
10
7.8707519685039369
20
-3.5242834645669294
11
7.8731299212598431
21
-3.5290433070866145
0
LINE
8
CYAN2
6
CONTINUOUS
10
7.8731299212598431
20
-3.5290433070866145
11
7.8731299212598431
21
-3.5433307086614176
0
LINE
8
CYAN2
6
CONTINUOUS
10
7.8731299212598431
20
-3.5433307086614176
11
7.8707519685039369
21
-3.5480905511811023
0
LINE
8
CYAN2
6
CONTINUOUS
10
7.8707519685039369
20
-3.5480905511811023
11
7.868370078740158
21
-3.550472440944882
0
LINE
8
RED3
6
CONTINUOUS
10
7.7898779527559059
20
-3.740472440944882
11
7.7898779527559059
21
-3.7499960629921261
0
LINE
8
RED3
6
CONTINUOUS
10
7.7898779527559059
20
-3.7499960629921261
11
7.7922598425196856
21
-3.7547559055118112
0
LINE
8
RED3
6
CONTINUOUS
10
7.7922598425196856
20
-3.7547559055118112
11
7.7946417322834645
21
-3.7571377952755909
0
LINE
8
RED3
6
CONTINUOUS
10
7.7946417322834645
20
-3.7571377952755909
11
7.8017834645669293
21
-3.7619015748031499
0
LINE
8
RED3
6
CONTINUOUS
10
7.8017834645669293
20
-3.7619015748031499
11
7.8113070866141738
21
-3.7642795275590553
0
LINE
8
RED3
6
CONTINUOUS
10
7.8113070866141738
20
-3.7642795275590553
11
7.830354330708662
21
-3.7642795275590553
0
LINE
8
RED3
6
CONTINUOUS
10
7.830354330708662
20
-3.7642795275590553
11
7.8351181102362206
21
-3.7619015748031499
0
LINE
8
RED3
6
CONTINUOUS
10
7.8351181102362206
20
-3.7619015748031499
11
7.8375000000000004
21
-3.7595196850393702
0
LINE
8
RED3
6
CONTINUOUS
10
7.8375000000000004
20
-3.7595196850393702
11
7.8398779527559057
21
-3.7547559055118112
0
LINE
8
RED3
6
CONTINUOUS
10
7.8398779527559057
20
-3.7547559055118112
11
7.8398779527559057
21
-3.745232283464567
0
LINE
8
RED3
6
CONTINUOUS
10
7.8398779527559057
20
-3.745232283464567
11
7.8375000000000004
21
-3.740472440944882
0
LINE
8
RED3
6
CONTINUOUS
10
7.8375000000000004
20
-3.740472440944882
11
7.8351181102362206
21
-3.7380905511811027
0
LINE
8
RED3
6
CONTINUOUS
10
7.8351181102362206
20
-3.7380905511811027
11
7.830354330708662
21
-3.7357086614173229
0
LINE
8
RED3
6
CONTINUOUS
10
7.830354330708662
20
-3.7357086614173229
11
7.8184488188976378
21
-3.7357086614173229
0
LINE
8
RED3
6
CONTINUOUS
10
7.8184488188976378
20
-3.7357086614173229
11
7.8136889763779527
21
-3.7380905511811027
0
LINE
8
RED3
6
CONTINUOUS
10
7.8136889763779527
20
-3.7380905511811027
11
7.8113070866141738
21
-3.740472440944882
0
LINE
8
RED3
6
CONTINUOUS
10
7.8113070866141738
20
-3.740472440944882
11
7.8089251968503941
21
-3.745232283464567
0
LINE
8
RED3
6
CONTINUOUS
10
7.8089251968503941
20
-3.745232283464567
11
7.8089251968503941
21
-3.7547559055118112
0
LINE
8
RED3
6
CONTINUOUS
10
7.8089251968503941
20
-3.7547559055118112
11
7.8113070866141738
21
-3.7595196850393702
0
LINE
8
RED3
6
CONTINUOUS
10
7.8113070866141738
20
-3.7595196850393702
11
7.8136889763779527
21
-3.7619015748031499
0
LINE
8
RED3
6
CONTINUOUS
10
7.8136889763779527
20
-3.7619015748031499
11
7.8184488188976378
21
-3.7642795275590553
0
LINE
8
CYAN2
6
CONTINUOUS
10
8.4227992125984255
20
-3.5744685039370081
11
8.4632755905511807
21
-3.5744685039370081
0
LINE
8
CYAN2
6
CONTINUOUS
10
8.4632755905511807
20
-3.5744685039370081
11
8.4680393700787402
21
-3.5720866141732284
0
LINE
8
CYAN2
6
CONTINUOUS
10
8.4680393700787402
20
-3.5720866141732284
11
8.4704212598425208
21
-3.5697047244094491
0
LINE
8
CYAN2
6
CONTINUOUS
10
8.4704212598425208
20
-3.5697047244094491
11
8.4727992125984262
21
-3.564944881889764
0
LINE
8
CYAN2
6
CONTINUOUS
10
8.4727992125984262
20
-3.564944881889764
11
8.4727992125984262
21
-3.5554212598425199
0
LINE
8
CYAN2
6
CONTINUOUS
10
8.4727992125984262
20
-3.5554212598425199
11
8.4704212598425208
21
-3.5506574803149609
0
LINE
8
CYAN2
6
CONTINUOUS
10
8.4704212598425208
20
-3.5506574803149609
11
8.4680393700787402
21
-3.5482755905511811
0
LINE
8
CYAN2
6
CONTINUOUS
10
8.4680393700787402
20
-3.5482755905511811
11
8.4632755905511807
21
-3.5458976377952758
0
LINE
8
CYAN2
6
CONTINUOUS
10
8.4632755905511807
20
-3.5458976377952758
11
8.4227992125984255
21
-3.5458976377952758
0
LINE
8
CYAN2
6
CONTINUOUS
10
8.4275629921259849
20
-3.5244645669291339
11
8.4251811023622043
21
-3.5220866141732285
0
LINE
8
CYAN2
6
CONTINUOUS
10
8.4251811023622043
20
-3.5220866141732285
11
8.4227992125984255
21
-3.5173228346456695
0
LINE
8
CYAN2
6
CONTINUOUS
10
8.4227992125984255
20
-3.5173228346456695
11
8.4227992125984255
21
-3.5054173228346457
0
LINE
8
CYAN2
6
CONTINUOUS
10
8.4227992125984255
20
-3.5054173228346457
11
8.4251811023622043
21
-3.5006574803149606
0
LINE
8
CYAN2
6
CONTINUOUS
10
8.4251811023622043
20
-3.5006574803149606
11
8.4275629921259849
21
-3.4982755905511813
0
LINE
8
CYAN2
6
CONTINUOUS
10
8.4275629921259849
20
-3.4982755905511813
11
8.4323228346456691
21
-3.4958937007874016
0
LINE
8
CYAN2
6
CONTINUOUS
10
8.4323228346456691
20
-3.4958937007874016
11
8.4370866141732286
21
-3.4958937007874016
0
LINE
8
CYAN2
6
CONTINUOUS
10
8.4370866141732286
20
-3.4958937007874016
11
8.4442283464566934
21
-3.4982755905511813
0
LINE
8
CYAN2
6
CONTINUOUS
10
8.4442283464566934
20
-3.4982755905511813
11
8.4727992125984262
21
-3.5268464566929136
0
LINE
8
CYAN2
6
CONTINUOUS
10
8.4727992125984262
20
-3.5268464566929136
11
8.4727992125984262
21
-3.4958937007874016
0
LINE
8
CYAN2
6
CONTINUOUS
10
8.4727992125984262
20
-3.4720866141732283
11
8.4727992125984262
21
-3.4625629921259842
0
LINE
8
CYAN2
6
CONTINUOUS
10
8.4727992125984262
20
-3.4625629921259842
11
8.4704212598425208
21
-3.4577992125984252
0
LINE
8
CYAN2
6
CONTINUOUS
10
8.4704212598425208
20
-3.4577992125984252
11
8.4680393700787402
21
-3.4554212598425198
0
LINE
8
CYAN2
6
CONTINUOUS
10
8.4680393700787402
20
-3.4554212598425198
11
8.4608937007874019
21
-3.4506574803149608
0
LINE
8
CYAN2
6
CONTINUOUS
10
8.4608937007874019
20
-3.4506574803149608
11
8.4513700787401582
21
-3.448275590551181
0
LINE
8
CYAN2
6
CONTINUOUS
10
8.4513700787401582
20
-3.448275590551181
11
8.4323228346456691
21
-3.448275590551181
0
LINE
8
CYAN2
6
CONTINUOUS
10
8.4323228346456691
20
-3.448275590551181
11
8.4275629921259849
21
-3.4506574803149608
0
LINE
8
CYAN2
6
CONTINUOUS
10
8.4275629921259849
20
-3.4506574803149608
11
8.4251811023622043
21
-3.4530393700787401
0
LINE
8
CYAN2
6
CONTINUOUS
10
8.4251811023622043
20
-3.4530393700787401
11
8.4227992125984255
21
-3.4577992125984252
0
LINE
8
CYAN2
6
CONTINUOUS
10
8.4227992125984255
20
-3.4577992125984252
11
8.4227992125984255
21
-3.4673228346456693
0
LINE
8
CYAN2
6
CONTINUOUS
10
8.4227992125984255
20
-3.4673228346456693
11
8.4251811023622043
21
-3.4720866141732283
0
LINE
8
CYAN2
6
CONTINUOUS
10
8.4251811023622043
20
-3.4720866141732283
11
8.4275629921259849
21
-3.474468503937008
0
LINE
8
CYAN2
6
CONTINUOUS
10
8.4275629921259849
20
-3.474468503937008
11
8.4323228346456691
21
-3.4768464566929134
0
LINE
8
CYAN2
6
CONTINUOUS
10
8.4323228346456691
20
-3.4768464566929134
11
8.4442283464566934
21
-3.4768464566929134
0
LINE
8
CYAN2
6
CONTINUOUS
10
8.4442283464566934
20
-3.4768464566929134
11
8.4489921259842529
21
-3.474468503937008
0
LINE
8
CYAN2
6
CONTINUOUS
10
8.4489921259842529
20
-3.474468503937008
11
8.4513700787401582
21
-3.4720866141732283
0
LINE
8
CYAN2
6
CONTINUOUS
10
8.4513700787401582
20
-3.4720866141732283
11
8.4537519685039371
21
-3.4673228346456693
0
LINE
8
CYAN2
6
CONTINUOUS
10
8.4537519685039371
20
-3.4673228346456693
11
8.4537519685039371
21
-3.4577992125984252
0
LINE
8
CYAN2
6
CONTINUOUS
10
8.4537519685039371
20
-3.4577992125984252
11
8.4513700787401582
21
-3.4530393700787401
0
LINE
8
CYAN2
6
CONTINUOUS
10
8.4513700787401582
20
-3.4530393700787401
11
8.4489921259842529
21
-3.4506574803149608
0
LINE
8
CYAN2
6
CONTINUOUS
10
8.4489921259842529
20
-3.4506574803149608
11
8.4442283464566934
21
-3.448275590551181
0
LINE
8
CYAN2
6
CONTINUOUS
10
8.3227992125984258
20
-3.810181102362205
11
8.3227992125984258
21
-3.7768503937007876
0
LINE
8
CYAN2
6
CONTINUOUS
10
8.3227992125984258
20
-3.7768503937007876
11
8.3727992125984247
21
-3.7982755905511811
0
LINE
8
CYAN2
6
CONTINUOUS
10
8.3394685039370078
20
-3.7363740157480319
11
8.3727992125984247
21
-3.7363740157480319
0
LINE
8
CYAN2
6
CONTINUOUS
10
8.3204212598425205
20
-3.7482795275590552
11
8.3561338582677163
21
-3.7601811023622047
0
LINE
8
CYAN2
6
CONTINUOUS
10
8.3561338582677163
20
-3.7601811023622047
11
8.3561338582677163
21
-3.729232283464567
0
LINE
8
CYAN2
6
CONTINUOUS
10
8.3727992125984247
20
-3.7101850393700788
11
8.3227992125984258
21
-3.7101850393700788
0
LINE
8
CYAN2
6
CONTINUOUS
10
8.3466102362204726
20
-3.7101850393700788
11
8.3466102362204726
21
-3.6816141732283465
0
LINE
8
CYAN2
6
CONTINUOUS
10
8.3727992125984247
20
-3.6816141732283465
11
8.3227992125984258
21
-3.6816141732283465
0
LINE
8
CYAN2
6
CONTINUOUS
10
8.3680393700787405
20
-3.6292322834645669
11
8.3704212598425194
21
-3.6316102362204727
0
LINE
8
CYAN2
6
CONTINUOUS
10
8.3704212598425194
20
-3.6316102362204727
11
8.3727992125984247
21
-3.6387559055118111
0
LINE
8
CYAN2
6
CONTINUOUS
10
8.3727992125984247
20
-3.6387559055118111
11
8.3727992125984247
21
-3.6435157480314961
0
LINE
8
CYAN2
6
CONTINUOUS
10
8.3727992125984247
20
-3.6435157480314961
11
8.3704212598425194
21
-3.650657480314961
0
LINE
8
CYAN2
6
CONTINUOUS
10
8.3704212598425194
20
-3.650657480314961
11
8.3656574803149617
21
-3.65542125984252
0
LINE
8
CYAN2
6
CONTINUOUS
10
8.3656574803149617
20
-3.65542125984252
11
8.3608937007874022
21
-3.6578031496062993
0
LINE
8
CYAN2
6
CONTINUOUS
10
8.3608937007874022
20
-3.6578031496062993
11
8.3513700787401586
21
-3.6601811023622051
0
LINE
8
CYAN2
6
CONTINUOUS
10
8.3513700787401586
20
-3.6601811023622051
11
8.3442283464566938
21
-3.6601811023622051
0
LINE
8
CYAN2
6
CONTINUOUS
10
8.3442283464566938
20
-3.6601811023622051
11
8.3347047244094483
21
-3.6578031496062993
0
LINE
8
CYAN2
6
CONTINUOUS
10
8.3347047244094483
20
-3.6578031496062993
11
8.3299448818897641
21
-3.65542125984252
0
LINE
8
CYAN2
6
CONTINUOUS
10
8.3299448818897641
20
-3.65542125984252
11
8.3251811023622047
21
-3.650657480314961
0
LINE
8
CYAN2
6
CONTINUOUS
10
8.3251811023622047
20
-3.650657480314961
11
8.3227992125984258
21
-3.6435157480314961
0
LINE
8
CYAN2
6
CONTINUOUS
10
8.3227992125984258
20
-3.6435157480314961
11
8.3227992125984258
21
-3.6387559055118111
0
LINE
8
CYAN2
6
CONTINUOUS
10
8.3227992125984258
20
-3.6387559055118111
11
8.3251811023622047
21
-3.6316102362204727
0
LINE
8
CYAN2
6
CONTINUOUS
10
8.3251811023622047
20
-3.6316102362204727
11
8.3275629921259853
21
-3.6292322834645669
0
LINE
8
CYAN2
6
CONTINUOUS
10
8.3227992125984258
20
-3.6149448818897638
11
8.3227992125984258
21
-3.5863740157480315
0
LINE
8
CYAN2
6
CONTINUOUS
10
8.3727992125984247
20
-3.6006574803149607
11
8.3227992125984258
21
-3.6006574803149607
0
LINE
8
CYAN2
6
CONTINUOUS
10
8.3727992125984247
20
-3.543515748031496
11
8.3727992125984247
21
-3.5720866141732284
0
LINE
8
CYAN2
6
CONTINUOUS
10
8.3727992125984247
20
-3.5578031496062992
11
8.3227992125984258
21
-3.5578031496062992
0
LINE
8
CYAN2
6
CONTINUOUS
10
8.3227992125984258
20
-3.5578031496062992
11
8.3299448818897641
21
-3.5625629921259843
0
LINE
8
CYAN2
6
CONTINUOUS
10
8.3299448818897641
20
-3.5625629921259843
11
8.3347047244094483
21
-3.5673267716535433
0
LINE
8
CYAN2
6
CONTINUOUS
10
8.3347047244094483
20
-3.5673267716535433
11
8.3370866141732289
21
-3.5720866141732284
0
LINE
8
CYAN2
6
CONTINUOUS
10
8.3227992125984258
20
-3.5268503937007876
11
8.3227992125984258
21
-3.4935196850393702
0
LINE
8
CYAN2
6
CONTINUOUS
10
8.3227992125984258
20
-3.4935196850393702
11
8.3727992125984247
21
-3.5149448818897637
0
LINE
8
CYAN2
6
CONTINUOUS
10
8.3227992125984258
20
-3.479232283464567
11
8.3227992125984258
21
-3.4482795275590554
0
LINE
8
CYAN2
6
CONTINUOUS
10
8.3227992125984258
20
-3.4482795275590554
11
8.3418464566929131
21
-3.4649488188976378
0
LINE
8
CYAN2
6
CONTINUOUS
10
8.3418464566929131
20
-3.4649488188976378
11
8.3418464566929131
21
-3.4578031496062995
0
LINE
8
CYAN2
6
CONTINUOUS
10
8.3418464566929131
20
-3.4578031496062995
11
8.3442283464566938
21
-3.4530433070866144
0
LINE
8
CYAN2
6
CONTINUOUS
10
8.3442283464566938
20
-3.4530433070866144
11
8.3466102362204726
21
-3.4506614173228347
0
LINE
8
CYAN2
6
CONTINUOUS
10
8.3466102362204726
20
-3.4506614173228347
11
8.3513700787401586
21
-3.4482795275590554
0
LINE
8
CYAN2
6
CONTINUOUS
10
8.3513700787401586
20
-3.4482795275590554
11
8.3632755905511811
21
-3.4482795275590554
0
LINE
8
CYAN2
6
CONTINUOUS
10
8.3632755905511811
20
-3.4482795275590554
11
8.3680393700787405
21
-3.4506614173228347
0
LINE
8
CYAN2
6
CONTINUOUS
10
8.3680393700787405
20
-3.4506614173228347
11
8.3704212598425194
21
-3.4530433070866144
0
LINE
8
CYAN2
6
CONTINUOUS
10
8.3704212598425194
20
-3.4530433070866144
11
8.3727992125984247
21
-3.4578031496062995
0
LINE
8
CYAN2
6
CONTINUOUS
10
8.3727992125984247
20
-3.4578031496062995
11
8.3727992125984247
21
-3.4720905511811027
0
LINE
8
CYAN2
6
CONTINUOUS
10
8.3727992125984247
20
-3.4720905511811027
11
8.3704212598425194
21
-3.4768503937007877
0
LINE
8
CYAN2
6
CONTINUOUS
10
8.3704212598425194
20
-3.4768503937007877
11
8.3680393700787405
21
-3.479232283464567
0
LINE
8
RED2
6
CONTINUOUS
10
5.
20
-7.1500000000000004
11
5.
21
-7.2000000000000002
0
LINE
8
RED2
6
CONTINUOUS
10
5.
20
-7.2000000000000002
11
5.0499999999999998
21
-7.2000000000000002
0
LINE
8
RED2
6
CONTINUOUS
10
5.0499999999999998
20
-7.2000000000000002
11
5.
21
-7.25
0
LINE
8
RED2
6
CONTINUOUS
10
5.
20
-7.25
11
4.9500000000000002
21
-7.2000000000000002
0
LINE
8
RED2
6
CONTINUOUS
10
4.9500000000000002
20
-7.2000000000000002
11
5.
21
-7.2000000000000002
0
LINE
8
CYAN2
6
CONTINUOUS
10
4.9619055118110236
20
-7.325185039370079
11
4.957141732283465
21
-7.3228031496062993
0
LINE
8
CYAN2
6
CONTINUOUS
10
4.957141732283465
20
-7.3228031496062993
11
4.9500000000000002
21
-7.3228031496062993
0
LINE
8
CYAN2
6
CONTINUOUS
10
4.9500000000000002
20
-7.3228031496062993
11
4.9428582677165354
21
-7.325185039370079
0
LINE
8
CYAN2
6
CONTINUOUS
10
4.9428582677165354
20
-7.325185039370079
11
4.9380944881889768
21
-7.3299488188976385
0
LINE
8
CYAN2
6
CONTINUOUS
10
4.9380944881889768
20
-7.3299488188976385
11
4.9357125984251971
21
-7.3347086614173227
0
LINE
8
CYAN2
6
CONTINUOUS
10
4.9357125984251971
20
-7.3347086614173227
11
4.9333346456692917
21
-7.3442322834645672
0
LINE
8
CYAN2
6
CONTINUOUS
10
4.9333346456692917
20
-7.3442322834645672
11
4.9333346456692917
21
-7.3513740157480321
0
LINE
8
CYAN2
6
CONTINUOUS
10
4.9333346456692917
20
-7.3513740157480321
11
4.9357125984251971
21
-7.3608976377952757
0
LINE
8
CYAN2
6
CONTINUOUS
10
4.9357125984251971
20
-7.3608976377952757
11
4.9380944881889768
21
-7.3656614173228352
0
LINE
8
CYAN2
6
CONTINUOUS
10
4.9380944881889768
20
-7.3656614173228352
11
4.9428582677165354
21
-7.3704251968503938
0
LINE
8
CYAN2
6
CONTINUOUS
10
4.9428582677165354
20
-7.3704251968503938
11
4.9500000000000002
21
-7.3728031496062991
0
LINE
8
CYAN2
6
CONTINUOUS
10
4.9500000000000002
20
-7.3728031496062991
11
4.9547598425196853
21
-7.3728031496062991
0
LINE
8
CYAN2
6
CONTINUOUS
10
4.9547598425196853
20
-7.3728031496062991
11
4.9619055118110236
21
-7.3704251968503938
0
LINE
8
CYAN2
6
CONTINUOUS
10
4.9619055118110236
20
-7.3704251968503938
11
4.9642834645669289
21
-7.368043307086614
0
LINE
8
CYAN2
6
CONTINUOUS
10
4.9642834645669289
20
-7.368043307086614
11
4.9642834645669289
21
-7.3513740157480321
0
LINE
8
CYAN2
6
CONTINUOUS
10
4.9642834645669289
20
-7.3513740157480321
11
4.9547598425196853
21
-7.3513740157480321
0
LINE
8
CYAN2
6
CONTINUOUS
10
4.9857125984251969
20
-7.3728031496062991
11
4.9857125984251969
21
-7.3228031496062993
0
LINE
8
CYAN2
6
CONTINUOUS
10
4.9857125984251969
20
-7.3228031496062993
11
5.0142834645669296
21
-7.3728031496062991
0
LINE
8
CYAN2
6
CONTINUOUS
10
5.0142834645669296
20
-7.3728031496062991
11
5.0142834645669296
21
-7.3228031496062993
0
LINE
8
CYAN2
6
CONTINUOUS
10
5.0380944881889764
20
-7.3728031496062991
11
5.0380944881889764
21
-7.3228031496062993
0
LINE
8
CYAN2
6
CONTINUOUS
10
5.0380944881889764
20
-7.3228031496062993
11
5.0499999999999998
21
-7.3228031496062993
0
LINE
8
CYAN2
6
CONTINUOUS
10
5.0499999999999998
20
-7.3228031496062993
11
5.0571417322834646
21
-7.325185039370079
0
LINE
8
CYAN2
6
CONTINUOUS
10
5.0571417322834646
20
-7.325185039370079
11
5.0619055118110241
21
-7.3299488188976385
0
LINE
8
CYAN2
6
CONTINUOUS
10
5.0619055118110241
20
-7.3299488188976385
11
5.0642874015748029
21
-7.3347086614173227
0
LINE
8
CYAN2
6
CONTINUOUS
10
5.0642874015748029
20
-7.3347086614173227
11
5.0666653543307092
21
-7.3442322834645672
0
LINE
8
CYAN2
6
CONTINUOUS
10
5.0666653543307092
20
-7.3442322834645672
11
5.0666653543307092
21
-7.3513740157480321
0
LINE
8
CYAN2
6
CONTINUOUS
10
5.0666653543307092
20
-7.3513740157480321
11
5.0642874015748029
21
-7.3608976377952757
0
LINE
8
CYAN2
6
CONTINUOUS
10
5.0642874015748029
20
-7.3608976377952757
11
5.0619055118110241
21
-7.3656614173228352
0
LINE
8
CYAN2
6
CONTINUOUS
10
5.0619055118110241
20
-7.3656614173228352
11
5.0571417322834646
21
-7.3704251968503938
0
LINE
8
CYAN2
6
CONTINUOUS
10
5.0571417322834646
20
-7.3704251968503938
11
5.0499999999999998
21
-7.3728031496062991
0
LINE
8
CYAN2
6
CONTINUOUS
10
5.0499999999999998
20
-7.3728031496062991
11
5.0380944881889764
21
-7.3728031496062991
0
LINE
8
RED2
6
CONTINUOUS
10
5.1100000000000003
20
-6.9500000000000002
11
5.1100000000000003
21
-6.75
0
LINE
8
RED2
6
CONTINUOUS
10
5.1100000000000003
20
-6.75
11
5.1900000000000004
21
-6.75
0
LINE
8
RED2
6
CONTINUOUS
10
5.1900000000000004
20
-6.75
11
5.1900000000000004
21
-6.9500000000000002
0
LINE
8
RED2
6
CONTINUOUS
10
5.1900000000000004
20
-6.9500000000000002
11
5.1100000000000003
21
-6.9500000000000002
0
LINE
8
RED2
6
CONTINUOUS
10
5.1500000000000004
20
-6.75
11
5.1500000000000004
21
-6.7000000000000002
0
LINE
8
RED2
6
CONTINUOUS
10
5.1500000000000004
20
-6.9500000000000002
11
5.1500000000000004
21
-7.
0
LINE
8
CYAN2
6
CONTINUOUS
10
5.2948503937007878
20
-6.8227992125984258
11
5.2781850393700793
21
-6.7989921259842525
0
LINE
8
CYAN2
6
CONTINUOUS
10
5.266279527559055
20
-6.8227992125984258
11
5.266279527559055
21
-6.7727992125984251
0
LINE
8
CYAN2
6
CONTINUOUS
10
5.266279527559055
20
-6.7727992125984251
11
5.2853267716535433
21
-6.7727992125984251
0
LINE
8
CYAN2
6
CONTINUOUS
10
5.2853267716535433
20
-6.7727992125984251
11
5.2900905511811027
21
-6.7751811023622048
0
LINE
8
CYAN2
6
CONTINUOUS
10
5.2900905511811027
20
-6.7751811023622048
11
5.2924724409448825
21
-6.7775629921259846
0
LINE
8
CYAN2
6
CONTINUOUS
10
5.2924724409448825
20
-6.7775629921259846
11
5.2948503937007878
21
-6.7823228346456697
0
LINE
8
CYAN2
6
CONTINUOUS
10
5.2948503937007878
20
-6.7823228346456697
11
5.2948503937007878
21
-6.789468503937008
0
LINE
8
CYAN2
6
CONTINUOUS
10
5.2948503937007878
20
-6.789468503937008
11
5.2924724409448825
21
-6.794228346456693
0
LINE
8
CYAN2
6
CONTINUOUS
10
5.2924724409448825
20
-6.794228346456693
11
5.2900905511811027
21
-6.7966102362204728
0
LINE
8
CYAN2
6
CONTINUOUS
10
5.2900905511811027
20
-6.7966102362204728
11
5.2853267716535433
21
-6.7989921259842525
0
LINE
8
CYAN2
6
CONTINUOUS
10
5.2853267716535433
20
-6.7989921259842525
11
5.266279527559055
21
-6.7989921259842525
0
LINE
8
CYAN2
6
CONTINUOUS
10
5.3377086614173228
20
-6.7727992125984251
11
5.3281850393700791
21
-6.7727992125984251
0
LINE
8
CYAN2
6
CONTINUOUS
10
5.3281850393700791
20
-6.7727992125984251
11
5.3234251968503941
21
-6.7751811023622048
0
LINE
8
CYAN2
6
CONTINUOUS
10
5.3234251968503941
20
-6.7751811023622048
11
5.3210433070866143
21
-6.7775629921259846
0
LINE
8
CYAN2
6
CONTINUOUS
10
5.3210433070866143
20
-6.7775629921259846
11
5.3162795275590558
21
-6.7847047244094494
0
LINE
8
CYAN2
6
CONTINUOUS
10
5.3162795275590558
20
-6.7847047244094494
11
5.3139015748031495
21
-6.794228346456693
0
LINE
8
CYAN2
6
CONTINUOUS
10
5.3139015748031495
20
-6.794228346456693
11
5.3139015748031495
21
-6.8132755905511813
0
LINE
8
CYAN2
6
CONTINUOUS
10
5.3139015748031495
20
-6.8132755905511813
11
5.3162795275590558
21
-6.8180393700787407
0
LINE
8
CYAN2
6
CONTINUOUS
10
5.3162795275590558
20
-6.8180393700787407
11
5.3186614173228346
21
-6.8204212598425196
0
LINE
8
CYAN2
6
CONTINUOUS
10
5.3186614173228346
20
-6.8204212598425196
11
5.3234251968503941
21
-6.8227992125984258
0
LINE
8
CYAN2
6
CONTINUOUS
10
5.3234251968503941
20
-6.8227992125984258
11
5.3329488188976377
21
-6.8227992125984258
0
LINE
8
CYAN2
6
CONTINUOUS
10
5.3329488188976377
20
-6.8227992125984258
11
5.3377086614173228
21
-6.8204212598425196
0
LINE
8
CYAN2
6
CONTINUOUS
10
5.3377086614173228
20
-6.8204212598425196
11
5.3400905511811025
21
-6.8180393700787407
0
LINE
8
CYAN2
6
CONTINUOUS
10
5.3400905511811025
20
-6.8180393700787407
11
5.3424724409448823
21
-6.8132755905511813
0
LINE
8
CYAN2
6
CONTINUOUS
10
5.3424724409448823
20
-6.8132755905511813
11
5.3424724409448823
21
-6.8013700787401579
0
LINE
8
CYAN2
6
CONTINUOUS
10
5.3424724409448823
20
-6.8013700787401579
11
5.3400905511811025
21
-6.7966102362204728
0
LINE
8
CYAN2
6
CONTINUOUS
10
5.3400905511811025
20
-6.7966102362204728
11
5.3377086614173228
21
-6.794228346456693
0
LINE
8
CYAN2
6
CONTINUOUS
10
5.3377086614173228
20
-6.794228346456693
11
5.3329488188976377
21
-6.7918464566929133
0
LINE
8
CYAN2
6
CONTINUOUS
10
5.3329488188976377
20
-6.7918464566929133
11
5.3234251968503941
21
-6.7918464566929133
0
LINE
8
CYAN2
6
CONTINUOUS
10
5.3234251968503941
20
-6.7918464566929133
11
5.3186614173228346
21
-6.794228346456693
0
LINE
8
CYAN2
6
CONTINUOUS
10
5.3186614173228346
20
-6.794228346456693
11
5.3162795275590558
21
-6.7966102362204728
0
LINE
8
CYAN2
6
CONTINUOUS
10
5.3162795275590558
20
-6.7966102362204728
11
5.3139015748031495
21
-6.8013700787401579
0
LINE
8
CYAN2
6
CONTINUOUS
10
5.3853267716535438
20
-6.789468503937008
11
5.3853267716535438
21
-6.8227992125984258
0
LINE
8
CYAN2
6
CONTINUOUS
10
5.3734212598425195
20
-6.7704212598425197
11
5.3615196850393705
21
-6.8061338582677164
0
LINE
8
CYAN2
6
CONTINUOUS
10
5.3615196850393705
20
-6.8061338582677164
11
5.3924685039370077
21
-6.8061338582677164
0
LINE
8
CYAN2
6
CONTINUOUS
10
5.2639015748031497
20
-6.8775629921259842
11
5.266279527559055
21
-6.8751811023622054
0
LINE
8
CYAN2
6
CONTINUOUS
10
5.266279527559055
20
-6.8751811023622054
11
5.2710433070866145
21
-6.8727992125984256
0
LINE
8
CYAN2
6
CONTINUOUS
10
5.2710433070866145
20
-6.8727992125984256
11
5.2829488188976379
21
-6.8727992125984256
0
LINE
8
CYAN2
6
CONTINUOUS
10
5.2829488188976379
20
-6.8727992125984256
11
5.287708661417323
21
-6.8751811023622054
0
LINE
8
CYAN2
6
CONTINUOUS
10
5.287708661417323
20
-6.8751811023622054
11
5.2900905511811027
21
-6.8775629921259842
0
LINE
8
CYAN2
6
CONTINUOUS
10
5.2900905511811027
20
-6.8775629921259842
11
5.2924724409448825
21
-6.8823228346456693
0
LINE
8
CYAN2
6
CONTINUOUS
10
5.2924724409448825
20
-6.8823228346456693
11
5.2924724409448825
21
-6.8870866141732288
0
LINE
8
CYAN2
6
CONTINUOUS
10
5.2924724409448825
20
-6.8870866141732288
11
5.2900905511811027
21
-6.8942283464566936
0
LINE
8
CYAN2
6
CONTINUOUS
10
5.2900905511811027
20
-6.8942283464566936
11
5.26151968503937
21
-6.9227992125984255
0
LINE
8
CYAN2
6
CONTINUOUS
10
5.26151968503937
20
-6.9227992125984255
11
5.2924724409448825
21
-6.9227992125984255
0
LINE
8
CYAN2
6
CONTINUOUS
10
5.3115196850393707
20
-6.8775629921259842
11
5.313897637795276
21
-6.8751811023622054
0
LINE
8
CYAN2
6
CONTINUOUS
10
5.313897637795276
20
-6.8751811023622054
11
5.3186614173228346
21
-6.8727992125984256
0
LINE
8
CYAN2
6
CONTINUOUS
10
5.3186614173228346
20
-6.8727992125984256
11
5.3305669291338589
21
-6.8727992125984256
0
LINE
8
CYAN2
6
CONTINUOUS
10
5.3305669291338589
20
-6.8727992125984256
11
5.3353267716535431
21
-6.8751811023622054
0
LINE
8
CYAN2
6
CONTINUOUS
10
5.3353267716535431
20
-6.8751811023622054
11
5.3377086614173228
21
-6.8775629921259842
0
LINE
8
CYAN2
6
CONTINUOUS
10
5.3377086614173228
20
-6.8775629921259842
11
5.3400905511811025
21
-6.8823228346456693
0
LINE
8
CYAN2
6
CONTINUOUS
10
5.3400905511811025
20
-6.8823228346456693
11
5.3400905511811025
21
-6.8870866141732288
0
LINE
8
CYAN2
6
CONTINUOUS
10
5.3400905511811025
20
-6.8870866141732288
11
5.3377086614173228
21
-6.8942283464566936
0
LINE
8
CYAN2
6
CONTINUOUS
10
5.3377086614173228
20
-6.8942283464566936
11
5.3091377952755909
21
-6.9227992125984255
0
LINE
8
CYAN2
6
CONTINUOUS
10
5.3091377952755909
20
-6.9227992125984255
11
5.3400905511811025
21
-6.9227992125984255
0
LINE
8
CYAN2
6
CONTINUOUS
10
5.3710393700787407
20
-6.8727992125984256
11
5.3758031496062992
21
-6.8727992125984256
0
LINE
8
CYAN2
6
CONTINUOUS
10
5.3758031496062992
20
-6.8727992125984256
11
5.3805629921259843
21
-6.8751811023622054
0
LINE
8
CYAN2
6
CONTINUOUS
10
5.3805629921259843
20
-6.8751811023622054
11
5.3829448818897641
21
-6.8775629921259842
0
LINE
8
CYAN2
6
CONTINUOUS
10
5.3829448818897641
20
-6.8775629921259842
11
5.3853267716535438
21
-6.8823228346456693
0
LINE
8
CYAN2
6
CONTINUOUS
10
5.3853267716535438
20
-6.8823228346456693
11
5.3877086614173226
21
-6.8918464566929138
0
LINE
8
CYAN2
6
CONTINUOUS
10
5.3877086614173226
20
-6.8918464566929138
11
5.3877086614173226
21
-6.9037519685039372
0
LINE
8
CYAN2
6
CONTINUOUS
10
5.3877086614173226
20
-6.9037519685039372
11
5.3853267716535438
21
-6.9132755905511818
0
LINE
8
CYAN2
6
CONTINUOUS
10
5.3853267716535438
20
-6.9132755905511818
11
5.3829448818897641
21
-6.9180393700787404
0
LINE
8
CYAN2
6
CONTINUOUS
10
5.3829448818897641
20
-6.9180393700787404
11
5.3805629921259843
21
-6.9204212598425201
0
LINE
8
CYAN2
6
CONTINUOUS
10
5.3805629921259843
20
-6.9204212598425201
11
5.3758031496062992
21
-6.9227992125984255
0
LINE
8
CYAN2
6
CONTINUOUS
10
5.3758031496062992
20
-6.9227992125984255
11
5.3710393700787407
21
-6.9227992125984255
0
LINE
8
CYAN2
6
CONTINUOUS
10
5.3710393700787407
20
-6.9227992125984255
11
5.3662795275590556
21
-6.9204212598425201
0
LINE
8
CYAN2
6
CONTINUOUS
10
5.3662795275590556
20
-6.9204212598425201
11
5.3638976377952758
21
-6.9180393700787404
0
LINE
8
CYAN2
6
CONTINUOUS
10
5.3638976377952758
20
-6.9180393700787404
11
5.3615157480314961
21
-6.9132755905511818
0
LINE
8
CYAN2
6
CONTINUOUS
10
5.3615157480314961
20
-6.9132755905511818
11
5.3591377952755908
21
-6.9037519685039372
0
LINE
8
CYAN2
6
CONTINUOUS
10
5.3591377952755908
20
-6.9037519685039372
11
5.3591377952755908
21
-6.8918464566929138
0
LINE
8
CYAN2
6
CONTINUOUS
10
5.3591377952755908
20
-6.8918464566929138
11
5.3615157480314961
21
-6.8823228346456693
0
LINE
8
CYAN2
6
CONTINUOUS
10
5.3615157480314961
20
-6.8823228346456693
11
5.3638976377952758
21
-6.8775629921259842
0
LINE
8
CYAN2
6
CONTINUOUS
10
5.3638976377952758
20
-6.8775629921259842
11
5.3662795275590556
21
-6.8751811023622054
0
LINE
8
CYAN2
6
CONTINUOUS
10
5.3662795275590556
20
-6.8751811023622054
11
5.3710393700787407
21
-6.8727992125984256
0
LINE
8
RED2
6
CONTINUOUS
10
1.7
20
-2.3300000000000001
11
1.6500000000000001
21
-2.3000000000000003
0
LINE
8
RED2
6
CONTINUOUS
10
1.6500000000000001
20
-2.3000000000000003
11
1.7
21
-2.27
0
LINE
8
RED2
6
CONTINUOUS
10
1.75
20
-2.3000000000000003
11
1.6500000000000001
21
-2.3000000000000003
0
LINE
8
CYAN2
6
CONTINUOUS
10
1.4575236220472441
20
-2.2727952755905512
11
1.4741889763779528
21
-2.3227952755905514
0
LINE
8
CYAN2
6
CONTINUOUS
10
1.4741889763779528
20
-2.3227952755905514
11
1.4908582677165354
21
-2.2727952755905512
0
LINE
8
CYAN2
6
CONTINUOUS
10
1.5360944881889764
20
-2.3180354330708663
11
1.5337165354330708
21
-2.3204173228346456
0
LINE
8
CYAN2
6
CONTINUOUS
10
1.5337165354330708
20
-2.3204173228346456
11
1.5265708661417323
21
-2.3227952755905514
0
LINE
8
CYAN2
6
CONTINUOUS
10
1.5265708661417323
20
-2.3227952755905514
11
1.5218110236220472
21
-2.3227952755905514
0
LINE
8
CYAN2
6
CONTINUOUS
10
1.5218110236220472
20
-2.3227952755905514
11
1.5146692913385826
21
-2.3204173228346456
0
LINE
8
CYAN2
6
CONTINUOUS
10
1.5146692913385826
20
-2.3204173228346456
11
1.5099055118110236
21
-2.3156535433070866
0
LINE
8
CYAN2
6
CONTINUOUS
10
1.5099055118110236
20
-2.3156535433070866
11
1.5075236220472441
21
-2.3108897637795276
0
LINE
8
CYAN2
6
CONTINUOUS
10
1.5075236220472441
20
-2.3108897637795276
11
1.5051456692913388
21
-2.3013661417322835
0
LINE
8
CYAN2
6
CONTINUOUS
10
1.5051456692913388
20
-2.3013661417322835
11
1.5051456692913388
21
-2.2942244094488191
0
LINE
8
CYAN2
6
CONTINUOUS
10
1.5051456692913388
20
-2.2942244094488191
11
1.5075236220472441
21
-2.284700787401575
0
LINE
8
CYAN2
6
CONTINUOUS
10
1.5075236220472441
20
-2.284700787401575
11
1.5099055118110236
21
-2.2799409448818899
0
LINE
8
CYAN2
6
CONTINUOUS
10
1.5099055118110236
20
-2.2799409448818899
11
1.5146692913385826
21
-2.2751771653543309
0
LINE
8
CYAN2
6
CONTINUOUS
10
1.5146692913385826
20
-2.2751771653543309
11
1.5218110236220472
21
-2.2727952755905512
0
LINE
8
CYAN2
6
CONTINUOUS
10
1.5218110236220472
20
-2.2727952755905512
11
1.5265708661417323
21
-2.2727952755905512
0
LINE
8
CYAN2
6
CONTINUOUS
10
1.5265708661417323
20
-2.2727952755905512
11
1.5337165354330708
21
-2.2751771653543309
0
LINE
8
CYAN2
6
CONTINUOUS
10
1.5337165354330708
20
-2.2751771653543309
11
1.5360944881889764
21
-2.2775590551181102
0
LINE
8
CYAN2
6
CONTINUOUS
10
1.5860944881889765
20
-2.3180354330708663
11
1.5837165354330709
21
-2.3204173228346456
0
LINE
8
CYAN2
6
CONTINUOUS
10
1.5837165354330709
20
-2.3204173228346456
11
1.5765708661417324
21
-2.3227952755905514
0
LINE
8
CYAN2
6
CONTINUOUS
10
1.5765708661417324
20
-2.3227952755905514
11
1.5718110236220473
21
-2.3227952755905514
0
LINE
8
CYAN2
6
CONTINUOUS
10
1.5718110236220473
20
-2.3227952755905514
11
1.5646692913385827
21
-2.3204173228346456
0
LINE
8
CYAN2
6
CONTINUOUS
10
1.5646692913385827
20
-2.3204173228346456
11
1.5599055118110237
21
-2.3156535433070866
0
LINE
8
CYAN2
6
CONTINUOUS
10
1.5599055118110237
20
-2.3156535433070866
11
1.5575236220472441
21
-2.3108897637795276
0
LINE
8
CYAN2
6
CONTINUOUS
10
1.5575236220472441
20
-2.3108897637795276
11
1.5551456692913386
21
-2.3013661417322835
0
LINE
8
CYAN2
6
CONTINUOUS
10
1.5551456692913386
20
-2.3013661417322835
11
1.5551456692913386
21
-2.2942244094488191
0
LINE
8
CYAN2
6
CONTINUOUS
10
1.5551456692913386
20
-2.2942244094488191
11
1.5575236220472441
21
-2.284700787401575
0
LINE
8
CYAN2
6
CONTINUOUS
10
1.5575236220472441
20
-2.284700787401575
11
1.5599055118110237
21
-2.2799409448818899
0
LINE
8
CYAN2
6
CONTINUOUS
10
1.5599055118110237
20
-2.2799409448818899
11
1.5646692913385827
21
-2.2751771653543309
0
LINE
8
CYAN2
6
CONTINUOUS
10
1.5646692913385827
20
-2.2751771653543309
11
1.5718110236220473
21
-2.2727952755905512
0
LINE
8
CYAN2
6
CONTINUOUS
10
1.5718110236220473
20
-2.2727952755905512
11
1.5765708661417324
21
-2.2727952755905512
0
LINE
8
CYAN2
6
CONTINUOUS
10
1.5765708661417324
20
-2.2727952755905512
11
1.5837165354330709
21
-2.2751771653543309
0
LINE
8
CYAN2
6
CONTINUOUS
10
1.5837165354330709
20
-2.2751771653543309
11
1.5860944881889765
21
-2.2775590551181102
0
LINE
8
RED2
6
CONTINUOUS
10
5.1800000000000006
20
-6.5200000000000005
11
5.2400000000000002
21
-6.5800000000000001
0
LINE
8
RED2
6
CONTINUOUS
10
5.2400000000000002
20
-6.5800000000000001
11
5.2400000000000002
21
-6.5499999999999998
0
LINE
8
RED2
6
CONTINUOUS
10
5.2400000000000002
20
-6.5499999999999998
11
5.2400000000000002
21
-6.5800000000000001
0
LINE
8
RED2
6
CONTINUOUS
10
5.2400000000000002
20
-6.5800000000000001
11
5.21
21
-6.5800000000000001
0
LINE
8
RED2
6
CONTINUOUS
10
5.1800000000000006
20
-6.4700000000000006
11
5.2400000000000002
21
-6.5300000000000002
0
LINE
8
RED2
6
CONTINUOUS
10
5.2400000000000002
20
-6.5300000000000002
11
5.2400000000000002
21
-6.5
0
LINE
8
RED2
6
CONTINUOUS
10
5.2400000000000002
20
-6.5
11
5.2400000000000002
21
-6.5300000000000002
0
LINE
8
RED2
6
CONTINUOUS
10
5.2400000000000002
20
-6.5300000000000002
11
5.21
21
-6.5300000000000002
0
LINE
8
RED2
6
CONTINUOUS
10
5.1500000000000004
20
-6.4500000000000002
11
5.1500000000000004
21
-6.3500000000000005
0
LINE
8
RED2
6
CONTINUOUS
10
5.2000000000000002
20
-6.4500000000000002
11
5.1000000000000005
21
-6.4500000000000002
0
LINE
8
RED2
6
CONTINUOUS
10
5.2000000000000002
20
-6.3500000000000005
11
5.1000000000000005
21
-6.3500000000000005
0
LINE
8
RED2
6
CONTINUOUS
10
5.1000000000000005
20
-6.3500000000000005
11
5.1500000000000004
21
-6.4500000000000002
0
LINE
8
RED2
6
CONTINUOUS
10
5.1500000000000004
20
-6.4500000000000002
11
5.2000000000000002
21
-6.3500000000000005
0
LINE
8
RED2
6
CONTINUOUS
10
5.1500000000000004
20
-6.4500000000000002
11
5.1500000000000004
21
-6.5499999999999998
0
LINE
8
RED2
6
CONTINUOUS
10
5.1500000000000004
20
-6.3500000000000005
11
5.1500000000000004
21
-6.25
0
LINE
8
CYAN2
6
CONTINUOUS
10
5.2362795275590557
20
-6.3727992125984256
11
5.2362795275590557
21
-6.3227992125984258
0
LINE
8
CYAN2
6
CONTINUOUS
10
5.2362795275590557
20
-6.3227992125984258
11
5.2481850393700791
21
-6.3227992125984258
0
LINE
8
CYAN2
6
CONTINUOUS
10
5.2481850393700791
20
-6.3227992125984258
11
5.2553267716535439
21
-6.3251811023622047
0
LINE
8
CYAN2
6
CONTINUOUS
10
5.2553267716535439
20
-6.3251811023622047
11
5.2600905511811025
21
-6.3299448818897641
0
LINE
8
CYAN2
6
CONTINUOUS
10
5.2600905511811025
20
-6.3299448818897641
11
5.2624724409448822
21
-6.3347047244094492
0
LINE
8
CYAN2
6
CONTINUOUS
10
5.2624724409448822
20
-6.3347047244094492
11
5.2648503937007876
21
-6.3442283464566929
0
LINE
8
CYAN2
6
CONTINUOUS
10
5.2648503937007876
20
-6.3442283464566929
11
5.2648503937007876
21
-6.3513700787401577
0
LINE
8
CYAN2
6
CONTINUOUS
10
5.2648503937007876
20
-6.3513700787401577
11
5.2624724409448822
21
-6.3608937007874022
0
LINE
8
CYAN2
6
CONTINUOUS
10
5.2624724409448822
20
-6.3608937007874022
11
5.2600905511811025
21
-6.3656574803149608
0
LINE
8
CYAN2
6
CONTINUOUS
10
5.2600905511811025
20
-6.3656574803149608
11
5.2553267716535439
21
-6.3704212598425203
0
LINE
8
CYAN2
6
CONTINUOUS
10
5.2553267716535439
20
-6.3704212598425203
11
5.2481850393700791
21
-6.3727992125984256
0
LINE
8
CYAN2
6
CONTINUOUS
10
5.2481850393700791
20
-6.3727992125984256
11
5.2362795275590557
21
-6.3727992125984256
0
LINE
8
CYAN2
6
CONTINUOUS
10
5.3100905511811023
20
-6.3227992125984258
11
5.2862795275590555
21
-6.3227992125984258
0
LINE
8
CYAN2
6
CONTINUOUS
10
5.2862795275590555
20
-6.3227992125984258
11
5.2839015748031501
21
-6.3466102362204726
0
LINE
8
CYAN2
6
CONTINUOUS
10
5.2839015748031501
20
-6.3466102362204726
11
5.2862795275590555
21
-6.3442283464566929
0
LINE
8
CYAN2
6
CONTINUOUS
10
5.2862795275590555
20
-6.3442283464566929
11
5.2910433070866141
21
-6.341846456692914
0
LINE
8
CYAN2
6
CONTINUOUS
10
5.2910433070866141
20
-6.341846456692914
11
5.3029488188976384
21
-6.341846456692914
0
LINE
8
CYAN2
6
CONTINUOUS
10
5.3029488188976384
20
-6.341846456692914
11
5.3077086614173234
21
-6.3442283464566929
0
LINE
8
CYAN2
6
CONTINUOUS
10
5.3077086614173234
20
-6.3442283464566929
11
5.3100905511811023
21
-6.3466102362204726
0
LINE
8
CYAN2
6
CONTINUOUS
10
5.3100905511811023
20
-6.3466102362204726
11
5.312472440944882
21
-6.3513700787401577
0
LINE
8
CYAN2
6
CONTINUOUS
10
5.312472440944882
20
-6.3513700787401577
11
5.312472440944882
21
-6.3632755905511811
0
LINE
8
CYAN2
6
CONTINUOUS
10
5.312472440944882
20
-6.3632755905511811
11
5.3100905511811023
21
-6.3680393700787405
0
LINE
8
CYAN2
6
CONTINUOUS
10
5.3100905511811023
20
-6.3680393700787405
11
5.3077086614173234
21
-6.3704212598425203
0
LINE
8
CYAN2
6
CONTINUOUS
10
5.3077086614173234
20
-6.3704212598425203
11
5.3029488188976384
21
-6.3727992125984256
0
LINE
8
CYAN2
6
CONTINUOUS
10
5.3029488188976384
20
-6.3727992125984256
11
5.2910433070866141
21
-6.3727992125984256
0
LINE
8
CYAN2
6
CONTINUOUS
10
5.2910433070866141
20
-6.3727992125984256
11
5.2862795275590555
21
-6.3704212598425203
0
LINE
8
CYAN2
6
CONTINUOUS
10
5.2862795275590555
20
-6.3704212598425203
11
5.2839015748031501
21
-6.3680393700787405
0
LINE
8
CYAN2
6
CONTINUOUS
10
5.3434212598425201
20
-6.3227992125984258
11
5.3481850393700787
21
-6.3227992125984258
0
LINE
8
CYAN2
6
CONTINUOUS
10
5.3481850393700787
20
-6.3227992125984258
11
5.3529448818897638
21
-6.3251811023622047
0
LINE
8
CYAN2
6
CONTINUOUS
10
5.3529448818897638
20
-6.3251811023622047
11
5.3553267716535435
21
-6.3275629921259844
0
LINE
8
CYAN2
6
CONTINUOUS
10
5.3553267716535435
20
-6.3275629921259844
11
5.3577086614173233
21
-6.3323228346456695
0
LINE
8
CYAN2
6
CONTINUOUS
10
5.3577086614173233
20
-6.3323228346456695
11
5.360090551181103
21
-6.341846456692914
0
LINE
8
CYAN2
6
CONTINUOUS
10
5.360090551181103
20
-6.341846456692914
11
5.360090551181103
21
-6.3537519685039374
0
LINE
8
CYAN2
6
CONTINUOUS
10
5.360090551181103
20
-6.3537519685039374
11
5.3577086614173233
21
-6.3632755905511811
0
LINE
8
CYAN2
6
CONTINUOUS
10
5.3577086614173233
20
-6.3632755905511811
11
5.3553267716535435
21
-6.3680393700787405
0
LINE
8
CYAN2
6
CONTINUOUS
10
5.3553267716535435
20
-6.3680393700787405
11
5.3529448818897638
21
-6.3704212598425203
0
LINE
8
CYAN2
6
CONTINUOUS
10
5.3529448818897638
20
-6.3704212598425203
11
5.3481850393700787
21
-6.3727992125984256
0
LINE
8
CYAN2
6
CONTINUOUS
10
5.3481850393700787
20
-6.3727992125984256
11
5.3434212598425201
21
-6.3727992125984256
0
LINE
8
CYAN2
6
CONTINUOUS
10
5.3434212598425201
20
-6.3727992125984256
11
5.3386614173228351
21
-6.3704212598425203
0
LINE
8
CYAN2
6
CONTINUOUS
10
5.3386614173228351
20
-6.3704212598425203
11
5.3362795275590553
21
-6.3680393700787405
0
LINE
8
CYAN2
6
CONTINUOUS
10
5.3362795275590553
20
-6.3680393700787405
11
5.3338976377952756
21
-6.3632755905511811
0
LINE
8
CYAN2
6
CONTINUOUS
10
5.3338976377952756
20
-6.3632755905511811
11
5.3315196850393702
21
-6.3537519685039374
0
LINE
8
CYAN2
6
CONTINUOUS
10
5.3315196850393702
20
-6.3537519685039374
11
5.3315196850393702
21
-6.341846456692914
0
LINE
8
CYAN2
6
CONTINUOUS
10
5.3315196850393702
20
-6.341846456692914
11
5.3338976377952756
21
-6.3323228346456695
0
LINE
8
CYAN2
6
CONTINUOUS
10
5.3338976377952756
20
-6.3323228346456695
11
5.3362795275590553
21
-6.3275629921259844
0
LINE
8
CYAN2
6
CONTINUOUS
10
5.3362795275590553
20
-6.3275629921259844
11
5.3386614173228351
21
-6.3251811023622047
0
LINE
8
CYAN2
6
CONTINUOUS
10
5.3386614173228351
20
-6.3251811023622047
11
5.3434212598425201
21
-6.3227992125984258
0
LINE
8
CYAN2
6
CONTINUOUS
10
5.2458031496062993
20
-6.448992125984252
11
5.2458031496062993
21
-6.4727992125984253
0
LINE
8
CYAN2
6
CONTINUOUS
10
5.2291377952755909
20
-6.4227992125984255
11
5.2458031496062993
21
-6.448992125984252
0
LINE
8
CYAN2
6
CONTINUOUS
10
5.2458031496062993
20
-6.448992125984252
11
5.2624724409448822
21
-6.4227992125984255
0
LINE
8
CYAN2
6
CONTINUOUS
10
5.2791377952755907
20
-6.4466102362204722
11
5.2958070866141735
21
-6.4466102362204722
0
LINE
8
CYAN2
6
CONTINUOUS
10
5.3029488188976384
20
-6.4727992125984253
11
5.2791377952755907
21
-6.4727992125984253
0
LINE
8
CYAN2
6
CONTINUOUS
10
5.2791377952755907
20
-6.4727992125984253
11
5.2791377952755907
21
-6.4227992125984255
0
LINE
8
CYAN2
6
CONTINUOUS
10
5.2791377952755907
20
-6.4227992125984255
11
5.3029488188976384
21
-6.4227992125984255
0
LINE
8
CYAN2
6
CONTINUOUS
10
5.3481850393700787
20
-6.4727992125984253
11
5.3243740157480319
21
-6.4727992125984253
0
LINE
8
CYAN2
6
CONTINUOUS
10
5.3243740157480319
20
-6.4727992125984253
11
5.3243740157480319
21
-6.4227992125984255
0
LINE
8
CYAN2
6
CONTINUOUS
10
5.3886614173228349
20
-6.4727992125984253
11
5.3648503937007872
21
-6.4727992125984253
0
LINE
8
CYAN2
6
CONTINUOUS
10
5.3648503937007872
20
-6.4727992125984253
11
5.3648503937007872
21
-6.4227992125984255
0
LINE
8
CYAN2
6
CONTINUOUS
10
5.4148503937007879
20
-6.4227992125984255
11
5.4243740157480316
21
-6.4227992125984255
0
LINE
8
CYAN2
6
CONTINUOUS
10
5.4243740157480316
20
-6.4227992125984255
11
5.429137795275591
21
-6.4251811023622052
0
LINE
8
CYAN2
6
CONTINUOUS
10
5.429137795275591
20
-6.4251811023622052
11
5.4338976377952761
21
-6.4299448818897638
0
LINE
8
CYAN2
6
CONTINUOUS
10
5.4338976377952761
20
-6.4299448818897638
11
5.436279527559055
21
-6.4394685039370083
0
LINE
8
CYAN2
6
CONTINUOUS
10
5.436279527559055
20
-6.4394685039370083
11
5.436279527559055
21
-6.4561338582677168
0
LINE
8
CYAN2
6
CONTINUOUS
10
5.436279527559055
20
-6.4561338582677168
11
5.4338976377952761
21
-6.4656574803149605
0
LINE
8
CYAN2
6
CONTINUOUS
10
5.4338976377952761
20
-6.4656574803149605
11
5.429137795275591
21
-6.4704212598425199
0
LINE
8
CYAN2
6
CONTINUOUS
10
5.429137795275591
20
-6.4704212598425199
11
5.4243740157480316
21
-6.4727992125984253
0
LINE
8
CYAN2
6
CONTINUOUS
10
5.4243740157480316
20
-6.4727992125984253
11
5.4148503937007879
21
-6.4727992125984253
0
LINE
8
CYAN2
6
CONTINUOUS
10
5.4148503937007879
20
-6.4727992125984253
11
5.4100905511811028
21
-6.4704212598425199
0
LINE
8
CYAN2
6
CONTINUOUS
10
5.4100905511811028
20
-6.4704212598425199
11
5.4053267716535434
21
-6.4656574803149605
0
LINE
8
CYAN2
6
CONTINUOUS
10
5.4053267716535434
20
-6.4656574803149605
11
5.402948818897638
21
-6.4561338582677168
0
LINE
8
CYAN2
6
CONTINUOUS
10
5.402948818897638
20
-6.4561338582677168
11
5.402948818897638
21
-6.4394685039370083
0
LINE
8
CYAN2
6
CONTINUOUS
10
5.402948818897638
20
-6.4394685039370083
11
5.4053267716535434
21
-6.4299448818897638
0
LINE
8
CYAN2
6
CONTINUOUS
10
5.4053267716535434
20
-6.4299448818897638
11
5.4100905511811028
21
-6.4251811023622052
0
LINE
8
CYAN2
6
CONTINUOUS
10
5.4100905511811028
20
-6.4251811023622052
11
5.4148503937007879
21
-6.4227992125984255
0
LINE
8
CYAN2
6
CONTINUOUS
10
5.4529488188976378
20
-6.4227992125984255
11
5.4648543307086612
21
-6.4727992125984253
0
LINE
8
CYAN2
6
CONTINUOUS
10
5.4648543307086612
20
-6.4727992125984253
11
5.4743779527559058
21
-6.4370866141732286
0
LINE
8
CYAN2
6
CONTINUOUS
10
5.4743779527559058
20
-6.4370866141732286
11
5.4839015748031494
21
-6.4727992125984253
0
LINE
8
CYAN2
6
CONTINUOUS
10
5.4839015748031494
20
-6.4727992125984253
11
5.4958070866141737
21
-6.4227992125984255
0
LINE
8
RED2
6
CONTINUOUS
10
4.7599999999999998
20
-6.9500000000000002
11
4.7599999999999998
21
-6.75
0
LINE
8
RED2
6
CONTINUOUS
10
4.7599999999999998
20
-6.75
11
4.8399999999999999
21
-6.75
0
LINE
8
RED2
6
CONTINUOUS
10
4.8399999999999999
20
-6.75
11
4.8399999999999999
21
-6.9500000000000002
0
LINE
8
RED2
6
CONTINUOUS
10
4.8399999999999999
20
-6.9500000000000002
11
4.7599999999999998
21
-6.9500000000000002
0
LINE
8
RED2
6
CONTINUOUS
10
4.7999999999999998
20
-6.75
11
4.7999999999999998
21
-6.7000000000000002
0
LINE
8
RED2
6
CONTINUOUS
10
4.7999999999999998
20
-6.9500000000000002
11
4.7999999999999998
21
-7.
0
LINE
8
CYAN2
6
CONTINUOUS
10
4.9448503937007873
20
-6.8227992125984258
11
4.9281850393700788
21
-6.7989921259842525
0
LINE
8
CYAN2
6
CONTINUOUS
10
4.9162795275590554
20
-6.8227992125984258
11
4.9162795275590554
21
-6.7727992125984251
0
LINE
8
CYAN2
6
CONTINUOUS
10
4.9162795275590554
20
-6.7727992125984251
11
4.9353267716535436
21
-6.7727992125984251
0
LINE
8
CYAN2
6
CONTINUOUS
10
4.9353267716535436
20
-6.7727992125984251
11
4.9400905511811022
21
-6.7751811023622048
0
LINE
8
CYAN2
6
CONTINUOUS
10
4.9400905511811022
20
-6.7751811023622048
11
4.9424724409448819
21
-6.7775629921259846
0
LINE
8
CYAN2
6
CONTINUOUS
10
4.9424724409448819
20
-6.7775629921259846
11
4.9448503937007873
21
-6.7823228346456697
0
LINE
8
CYAN2
6
CONTINUOUS
10
4.9448503937007873
20
-6.7823228346456697
11
4.9448503937007873
21
-6.789468503937008
0
LINE
8
CYAN2
6
CONTINUOUS
10
4.9448503937007873
20
-6.789468503937008
11
4.9424724409448819
21
-6.794228346456693
0
LINE
8
CYAN2
6
CONTINUOUS
10
4.9424724409448819
20
-6.794228346456693
11
4.9400905511811022
21
-6.7966102362204728
0
LINE
8
CYAN2
6
CONTINUOUS
10
4.9400905511811022
20
-6.7966102362204728
11
4.9353267716535436
21
-6.7989921259842525
0
LINE
8
CYAN2
6
CONTINUOUS
10
4.9353267716535436
20
-6.7989921259842525
11
4.9162795275590554
21
-6.7989921259842525
0
LINE
8
CYAN2
6
CONTINUOUS
10
4.9877086614173232
20
-6.7727992125984251
11
4.9781850393700786
21
-6.7727992125984251
0
LINE
8
CYAN2
6
CONTINUOUS
10
4.9781850393700786
20
-6.7727992125984251
11
4.9734251968503935
21
-6.7751811023622048
0
LINE
8
CYAN2
6
CONTINUOUS
10
4.9734251968503935
20
-6.7751811023622048
11
4.9710433070866147
21
-6.7775629921259846
0
LINE
8
CYAN2
6
CONTINUOUS
10
4.9710433070866147
20
-6.7775629921259846
11
4.9662795275590552
21
-6.7847047244094494
0
LINE
8
CYAN2
6
CONTINUOUS
10
4.9662795275590552
20
-6.7847047244094494
11
4.9639015748031499
21
-6.794228346456693
0
LINE
8
CYAN2
6
CONTINUOUS
10
4.9639015748031499
20
-6.794228346456693
11
4.9639015748031499
21
-6.8132755905511813
0
LINE
8
CYAN2
6
CONTINUOUS
10
4.9639015748031499
20
-6.8132755905511813
11
4.9662795275590552
21
-6.8180393700787407
0
LINE
8
CYAN2
6
CONTINUOUS
10
4.9662795275590552
20
-6.8180393700787407
11
4.968661417322835
21
-6.8204212598425196
0
LINE
8
CYAN2
6
CONTINUOUS
10
4.968661417322835
20
-6.8204212598425196
11
4.9734251968503935
21
-6.8227992125984258
0
LINE
8
CYAN2
6
CONTINUOUS
10
4.9734251968503935
20
-6.8227992125984258
11
4.9829488188976381
21
-6.8227992125984258
0
LINE
8
CYAN2
6
CONTINUOUS
10
4.9829488188976381
20
-6.8227992125984258
11
4.9877086614173232
21
-6.8204212598425196
0
LINE
8
CYAN2
6
CONTINUOUS
10
4.9877086614173232
20
-6.8204212598425196
11
4.9900905511811029
21
-6.8180393700787407
0
LINE
8
CYAN2
6
CONTINUOUS
10
4.9900905511811029
20
-6.8180393700787407
11
4.9924724409448817
21
-6.8132755905511813
0
LINE
8
CYAN2
6
CONTINUOUS
10
4.9924724409448817
20
-6.8132755905511813
11
4.9924724409448817
21
-6.8013700787401579
0
LINE
8
CYAN2
6
CONTINUOUS
10
4.9924724409448817
20
-6.8013700787401579
11
4.9900905511811029
21
-6.7966102362204728
0
LINE
8
CYAN2
6
CONTINUOUS
10
4.9900905511811029
20
-6.7966102362204728
11
4.9877086614173232
21
-6.794228346456693
0
LINE
8
CYAN2
6
CONTINUOUS
10
4.9877086614173232
20
-6.794228346456693
11
4.9829488188976381
21
-6.7918464566929133
0
LINE
8
CYAN2
6
CONTINUOUS
10
4.9829488188976381
20
-6.7918464566929133
11
4.9734251968503935
21
-6.7918464566929133
0
LINE
8
CYAN2
6
CONTINUOUS
10
4.9734251968503935
20
-6.7918464566929133
11
4.968661417322835
21
-6.794228346456693
0
LINE
8
CYAN2
6
CONTINUOUS
10
4.968661417322835
20
-6.794228346456693
11
4.9662795275590552
21
-6.7966102362204728
0
LINE
8
CYAN2
6
CONTINUOUS
10
4.9662795275590552
20
-6.7966102362204728
11
4.9639015748031499
21
-6.8013700787401579
0
LINE
8
CYAN2
6
CONTINUOUS
10
5.0091377952755911
20
-6.7727992125984251
11
5.0400905511811027
21
-6.7727992125984251
0
LINE
8
CYAN2
6
CONTINUOUS
10
5.0400905511811027
20
-6.7727992125984251
11
5.0234212598425199
21
-6.7918464566929133
0
LINE
8
CYAN2
6
CONTINUOUS
10
5.0234212598425199
20
-6.7918464566929133
11
5.0305669291338582
21
-6.7918464566929133
0
LINE
8
CYAN2
6
CONTINUOUS
10
5.0305669291338582
20
-6.7918464566929133
11
5.0353267716535433
21
-6.794228346456693
0
LINE
8
CYAN2
6
CONTINUOUS
10
5.0353267716535433
20
-6.794228346456693
11
5.037708661417323
21
-6.7966102362204728
0
LINE
8
CYAN2
6
CONTINUOUS
10
5.037708661417323
20
-6.7966102362204728
11
5.0400905511811027
21
-6.8013700787401579
0
LINE
8
CYAN2
6
CONTINUOUS
10
5.0400905511811027
20
-6.8013700787401579
11
5.0400905511811027
21
-6.8132755905511813
0
LINE
8
CYAN2
6
CONTINUOUS
10
5.0400905511811027
20
-6.8132755905511813
11
5.037708661417323
21
-6.8180393700787407
0
LINE
8
CYAN2
6
CONTINUOUS
10
5.037708661417323
20
-6.8180393700787407
11
5.0353267716535433
21
-6.8204212598425196
0
LINE
8
CYAN2
6
CONTINUOUS
10
5.0353267716535433
20
-6.8204212598425196
11
5.0305669291338582
21
-6.8227992125984258
0
LINE
8
CYAN2
6
CONTINUOUS
10
5.0305669291338582
20
-6.8227992125984258
11
5.016279527559055
21
-6.8227992125984258
0
LINE
8
CYAN2
6
CONTINUOUS
10
5.016279527559055
20
-6.8227992125984258
11
5.01151968503937
21
-6.8204212598425196
0
LINE
8
CYAN2
6
CONTINUOUS
10
5.01151968503937
20
-6.8204212598425196
11
5.0091377952755911
21
-6.8180393700787407
0
LINE
8
CYAN2
6
CONTINUOUS
10
4.91390157480315
20
-6.8775629921259842
11
4.9162795275590554
21
-6.8751811023622054
0
LINE
8
CYAN2
6
CONTINUOUS
10
4.9162795275590554
20
-6.8751811023622054
11
4.921043307086614
21
-6.8727992125984256
0
LINE
8
CYAN2
6
CONTINUOUS
10
4.921043307086614
20
-6.8727992125984256
11
4.9329488188976383
21
-6.8727992125984256
0
LINE
8
CYAN2
6
CONTINUOUS
10
4.9329488188976383
20
-6.8727992125984256
11
4.9377086614173233
21
-6.8751811023622054
0
LINE
8
CYAN2
6
CONTINUOUS
10
4.9377086614173233
20
-6.8751811023622054
11
4.9400905511811022
21
-6.8775629921259842
0
LINE
8
CYAN2
6
CONTINUOUS
10
4.9400905511811022
20
-6.8775629921259842
11
4.9424724409448819
21
-6.8823228346456693
0
LINE
8
CYAN2
6
CONTINUOUS
10
4.9424724409448819
20
-6.8823228346456693
11
4.9424724409448819
21
-6.8870866141732288
0
LINE
8
CYAN2
6
CONTINUOUS
10
4.9424724409448819
20
-6.8870866141732288
11
4.9400905511811022
21
-6.8942283464566936
0
LINE
8
CYAN2
6
CONTINUOUS
10
4.9400905511811022
20
-6.8942283464566936
11
4.9115196850393703
21
-6.9227992125984255
0
LINE
8
CYAN2
6
CONTINUOUS
10
4.9115196850393703
20
-6.9227992125984255
11
4.9424724409448819
21
-6.9227992125984255
0
LINE
8
CYAN2
6
CONTINUOUS
10
4.9615196850393701
20
-6.8775629921259842
11
4.9638976377952755
21
-6.8751811023622054
0
LINE
8
CYAN2
6
CONTINUOUS
10
4.9638976377952755
20
-6.8751811023622054
11
4.968661417322835
21
-6.8727992125984256
0
LINE
8
CYAN2
6
CONTINUOUS
10
4.968661417322835
20
-6.8727992125984256
11
4.9805669291338583
21
-6.8727992125984256
0
LINE
8
CYAN2
6
CONTINUOUS
10
4.9805669291338583
20
-6.8727992125984256
11
4.9853267716535434
21
-6.8751811023622054
0
LINE
8
CYAN2
6
CONTINUOUS
10
4.9853267716535434
20
-6.8751811023622054
11
4.9877086614173232
21
-6.8775629921259842
0
LINE
8
CYAN2
6
CONTINUOUS
10
4.9877086614173232
20
-6.8775629921259842
11
4.9900905511811029
21
-6.8823228346456693
0
LINE
8
CYAN2
6
CONTINUOUS
10
4.9900905511811029
20
-6.8823228346456693
11
4.9900905511811029
21
-6.8870866141732288
0
LINE
8
CYAN2
6
CONTINUOUS
10
4.9900905511811029
20
-6.8870866141732288
11
4.9877086614173232
21
-6.8942283464566936
0
LINE
8
CYAN2
6
CONTINUOUS
10
4.9877086614173232
20
-6.8942283464566936
11
4.9591377952755904
21
-6.9227992125984255
0
LINE
8
CYAN2
6
CONTINUOUS
10
4.9591377952755904
20
-6.9227992125984255
11
4.9900905511811029
21
-6.9227992125984255
0
LINE
8
CYAN2
6
CONTINUOUS
10
5.0210393700787401
20
-6.8727992125984256
11
5.0258031496062996
21
-6.8727992125984256
0
LINE
8
CYAN2
6
CONTINUOUS
10
5.0258031496062996
20
-6.8727992125984256
11
5.0305629921259847
21
-6.8751811023622054
0
LINE
8
CYAN2
6
CONTINUOUS
10
5.0305629921259847
20
-6.8751811023622054
11
5.0329448818897644
21
-6.8775629921259842
0
LINE
8
CYAN2
6
CONTINUOUS
10
5.0329448818897644
20
-6.8775629921259842
11
5.0353267716535433
21
-6.8823228346456693
0
LINE
8
CYAN2
6
CONTINUOUS
10
5.0353267716535433
20
-6.8823228346456693
11
5.037708661417323
21
-6.8918464566929138
0
LINE
8
CYAN2
6
CONTINUOUS
10
5.037708661417323
20
-6.8918464566929138
11
5.037708661417323
21
-6.9037519685039372
0
LINE
8
CYAN2
6
CONTINUOUS
10
5.037708661417323
20
-6.9037519685039372
11
5.0353267716535433
21
-6.9132755905511818
0
LINE
8
CYAN2
6
CONTINUOUS
10
5.0353267716535433
20
-6.9132755905511818
11
5.0329448818897644
21
-6.9180393700787404
0
LINE
8
CYAN2
6
CONTINUOUS
10
5.0329448818897644
20
-6.9180393700787404
11
5.0305629921259847
21
-6.9204212598425201
0
LINE
8
CYAN2
6
CONTINUOUS
10
5.0305629921259847
20
-6.9204212598425201
11
5.0258031496062996
21
-6.9227992125984255
0
LINE
8
CYAN2
6
CONTINUOUS
10
5.0258031496062996
20
-6.9227992125984255
11
5.0210393700787401
21
-6.9227992125984255
0
LINE
8
CYAN2
6
CONTINUOUS
10
5.0210393700787401
20
-6.9227992125984255
11
5.016279527559055
21
-6.9204212598425201
0
LINE
8
CYAN2
6
CONTINUOUS
10
5.016279527559055
20
-6.9204212598425201
11
5.0138976377952762
21
-6.9180393700787404
0
LINE
8
CYAN2
6
CONTINUOUS
10
5.0138976377952762
20
-6.9180393700787404
11
5.0115157480314965
21
-6.9132755905511818
0
LINE
8
CYAN2
6
CONTINUOUS
10
5.0115157480314965
20
-6.9132755905511818
11
5.0091377952755911
21
-6.9037519685039372
0
LINE
8
CYAN2
6
CONTINUOUS
10
5.0091377952755911
20
-6.9037519685039372
11
5.0091377952755911
21
-6.8918464566929138
0
LINE
8
CYAN2
6
CONTINUOUS
10
5.0091377952755911
20
-6.8918464566929138
11
5.0115157480314965
21
-6.8823228346456693
0
LINE
8
CYAN2
6
CONTINUOUS
10
5.0115157480314965
20
-6.8823228346456693
11
5.0138976377952762
21
-6.8775629921259842
0
LINE
8
CYAN2
6
CONTINUOUS
10
5.0138976377952762
20
-6.8775629921259842
11
5.016279527559055
21
-6.8751811023622054
0
LINE
8
CYAN2
6
CONTINUOUS
10
5.016279527559055
20
-6.8751811023622054
11
5.0210393700787401
21
-6.8727992125984256
0
LINE
8
RED2
6
CONTINUOUS
10
4.8300000000000001
20
-6.5200000000000005
11
4.8900000000000006
21
-6.5800000000000001
0
LINE
8
RED2
6
CONTINUOUS
10
4.8900000000000006
20
-6.5800000000000001
11
4.8900000000000006
21
-6.5499999999999998
0
LINE
8
RED2
6
CONTINUOUS
10
4.8900000000000006
20
-6.5499999999999998
11
4.8900000000000006
21
-6.5800000000000001
0
LINE
8
RED2
6
CONTINUOUS
10
4.8900000000000006
20
-6.5800000000000001
11
4.8600000000000003
21
-6.5800000000000001
0
LINE
8
RED2
6
CONTINUOUS
10
4.8300000000000001
20
-6.4700000000000006
11
4.8900000000000006
21
-6.5300000000000002
0
LINE
8
RED2
6
CONTINUOUS
10
4.8900000000000006
20
-6.5300000000000002
11
4.8900000000000006
21
-6.5
0
LINE
8
RED2
6
CONTINUOUS
10
4.8900000000000006
20
-6.5
11
4.8900000000000006
21
-6.5300000000000002
0
LINE
8
RED2
6
CONTINUOUS
10
4.8900000000000006
20
-6.5300000000000002
11
4.8600000000000003
21
-6.5300000000000002
0
LINE
8
RED2
6
CONTINUOUS
10
4.7999999999999998
20
-6.4500000000000002
11
4.7999999999999998
21
-6.3500000000000005
0
LINE
8
RED2
6
CONTINUOUS
10
4.8500000000000005
20
-6.4500000000000002
11
4.75
21
-6.4500000000000002
0
LINE
8
RED2
6
CONTINUOUS
10
4.8500000000000005
20
-6.3500000000000005
11
4.75
21
-6.3500000000000005
0
LINE
8
RED2
6
CONTINUOUS
10
4.75
20
-6.3500000000000005
11
4.7999999999999998
21
-6.4500000000000002
0
LINE
8
RED2
6
CONTINUOUS
10
4.7999999999999998
20
-6.4500000000000002
11
4.8500000000000005
21
-6.3500000000000005
0
LINE
8
RED2
6
CONTINUOUS
10
4.7999999999999998
20
-6.4500000000000002
11
4.7999999999999998
21
-6.5499999999999998
0
LINE
8
RED2
6
CONTINUOUS
10
4.7999999999999998
20
-6.3500000000000005
11
4.7999999999999998
21
-6.25
0
LINE
8
CYAN2
6
CONTINUOUS
10
4.9062795275590556
20
-6.3627992125984258
11
4.9062795275590556
21
-6.3127992125984251
0
LINE
8
CYAN2
6
CONTINUOUS
10
4.9062795275590556
20
-6.3127992125984251
11
4.918185039370079
21
-6.3127992125984251
0
LINE
8
CYAN2
6
CONTINUOUS
10
4.918185039370079
20
-6.3127992125984251
11
4.9253267716535438
21
-6.3151811023622049
0
LINE
8
CYAN2
6
CONTINUOUS
10
4.9253267716535438
20
-6.3151811023622049
11
4.9300905511811024
21
-6.3199448818897643
0
LINE
8
CYAN2
6
CONTINUOUS
10
4.9300905511811024
20
-6.3199448818897643
11
4.9324724409448821
21
-6.3247047244094494
0
LINE
8
CYAN2
6
CONTINUOUS
10
4.9324724409448821
20
-6.3247047244094494
11
4.9348503937007875
21
-6.3342283464566931
0
LINE
8
CYAN2
6
CONTINUOUS
10
4.9348503937007875
20
-6.3342283464566931
11
4.9348503937007875
21
-6.3413700787401579
0
LINE
8
CYAN2
6
CONTINUOUS
10
4.9348503937007875
20
-6.3413700787401579
11
4.9324724409448821
21
-6.3508937007874016
0
LINE
8
CYAN2
6
CONTINUOUS
10
4.9324724409448821
20
-6.3508937007874016
11
4.9300905511811024
21
-6.355657480314961
0
LINE
8
CYAN2
6
CONTINUOUS
10
4.9300905511811024
20
-6.355657480314961
11
4.9253267716535438
21
-6.3604212598425196
0
LINE
8
CYAN2
6
CONTINUOUS
10
4.9253267716535438
20
-6.3604212598425196
11
4.918185039370079
21
-6.3627992125984258
0
LINE
8
CYAN2
6
CONTINUOUS
10
4.918185039370079
20
-6.3627992125984258
11
4.9062795275590556
21
-6.3627992125984258
0
LINE
8
CYAN2
6
CONTINUOUS
10
4.9777086614173234
20
-6.329468503937008
11
4.9777086614173234
21
-6.3627992125984258
0
LINE
8
CYAN2
6
CONTINUOUS
10
4.9658031496062991
20
-6.3104212598425198
11
4.9539015748031501
21
-6.3461338582677165
0
LINE
8
CYAN2
6
CONTINUOUS
10
4.9539015748031501
20
-6.3461338582677165
11
4.9848503937007873
21
-6.3461338582677165
0
LINE
8
CYAN2
6
CONTINUOUS
10
5.0062795275590553
20
-6.3627992125984258
11
5.0158031496062998
21
-6.3627992125984258
0
LINE
8
CYAN2
6
CONTINUOUS
10
5.0158031496062998
20
-6.3627992125984258
11
5.0205669291338584
21
-6.3604212598425196
0
LINE
8
CYAN2
6
CONTINUOUS
10
5.0205669291338584
20
-6.3604212598425196
11
5.0229448818897637
21
-6.3580393700787408
0
LINE
8
CYAN2
6
CONTINUOUS
10
5.0229448818897637
20
-6.3580393700787408
11
5.0277086614173232
21
-6.3508937007874016
0
LINE
8
CYAN2
6
CONTINUOUS
10
5.0277086614173232
20
-6.3508937007874016
11
5.0300905511811029
21
-6.3413700787401579
0
LINE
8
CYAN2
6
CONTINUOUS
10
5.0300905511811029
20
-6.3413700787401579
11
5.0300905511811029
21
-6.3223228346456697
0
LINE
8
CYAN2
6
CONTINUOUS
10
5.0300905511811029
20
-6.3223228346456697
11
5.0277086614173232
21
-6.3175629921259846
0
LINE
8
CYAN2
6
CONTINUOUS
10
5.0277086614173232
20
-6.3175629921259846
11
5.0253267716535435
21
-6.3151811023622049
0
LINE
8
CYAN2
6
CONTINUOUS
10
5.0253267716535435
20
-6.3151811023622049
11
5.0205669291338584
21
-6.3127992125984251
0
LINE
8
CYAN2
6
CONTINUOUS
10
5.0205669291338584
20
-6.3127992125984251
11
5.0110433070866147
21
-6.3127992125984251
0
LINE
8
CYAN2
6
CONTINUOUS
10
5.0110433070866147
20
-6.3127992125984251
11
5.0062795275590553
21
-6.3151811023622049
0
LINE
8
CYAN2
6
CONTINUOUS
10
5.0062795275590553
20
-6.3151811023622049
11
5.0038976377952755
21
-6.3175629921259846
0
LINE
8
CYAN2
6
CONTINUOUS
10
5.0038976377952755
20
-6.3175629921259846
11
5.0015196850393702
21
-6.3223228346456697
0
LINE
8
CYAN2
6
CONTINUOUS
10
5.0015196850393702
20
-6.3223228346456697
11
5.0015196850393702
21
-6.3342283464566931
0
LINE
8
CYAN2
6
CONTINUOUS
10
5.0015196850393702
20
-6.3342283464566931
11
5.0038976377952755
21
-6.3389921259842525
0
LINE
8
CYAN2
6
CONTINUOUS
10
5.0038976377952755
20
-6.3389921259842525
11
5.0062795275590553
21
-6.3413700787401579
0
LINE
8
CYAN2
6
CONTINUOUS
10
5.0062795275590553
20
-6.3413700787401579
11
5.0110433070866147
21
-6.3437519685039376
0
LINE
8
CYAN2
6
CONTINUOUS
10
5.0110433070866147
20
-6.3437519685039376
11
5.0205669291338584
21
-6.3437519685039376
0
LINE
8
CYAN2
6
CONTINUOUS
10
5.0205669291338584
20
-6.3437519685039376
11
5.0253267716535435
21
-6.3413700787401579
0
LINE
8
CYAN2
6
CONTINUOUS
10
5.0253267716535435
20
-6.3413700787401579
11
5.0277086614173232
21
-6.3389921259842525
0
LINE
8
CYAN2
6
CONTINUOUS
10
5.0277086614173232
20
-6.3389921259842525
11
5.0300905511811029
21
-6.3342283464566931
0
LINE
8
CYAN2
6
CONTINUOUS
10
4.902948818897638
20
-6.4466102362204722
11
4.9100905511811028
21
-6.448992125984252
0
LINE
8
CYAN2
6
CONTINUOUS
10
4.9100905511811028
20
-6.448992125984252
11
4.9124724409448817
21
-6.4513700787401573
0
LINE
8
CYAN2
6
CONTINUOUS
10
4.9124724409448817
20
-6.4513700787401573
11
4.9148503937007879
21
-6.4561338582677168
0
LINE
8
CYAN2
6
CONTINUOUS
10
4.9148503937007879
20
-6.4561338582677168
11
4.9148503937007879
21
-6.4632755905511816
0
LINE
8
CYAN2
6
CONTINUOUS
10
4.9148503937007879
20
-6.4632755905511816
11
4.9124724409448817
21
-6.4680393700787402
0
LINE
8
CYAN2
6
CONTINUOUS
10
4.9124724409448817
20
-6.4680393700787402
11
4.9100905511811028
21
-6.4704212598425199
0
LINE
8
CYAN2
6
CONTINUOUS
10
4.9100905511811028
20
-6.4704212598425199
11
4.9053267716535434
21
-6.4727992125984253
0
LINE
8
CYAN2
6
CONTINUOUS
10
4.9053267716535434
20
-6.4727992125984253
11
4.8862795275590551
21
-6.4727992125984253
0
LINE
8
CYAN2
6
CONTINUOUS
10
4.8862795275590551
20
-6.4727992125984253
11
4.8862795275590551
21
-6.4227992125984255
0
LINE
8
CYAN2
6
CONTINUOUS
10
4.8862795275590551
20
-6.4227992125984255
11
4.902948818897638
21
-6.4227992125984255
0
LINE
8
CYAN2
6
CONTINUOUS
10
4.902948818897638
20
-6.4227992125984255
11
4.9077086614173231
21
-6.4251811023622052
0
LINE
8
CYAN2
6
CONTINUOUS
10
4.9077086614173231
20
-6.4251811023622052
11
4.9100905511811028
21
-6.4275629921259849
0
LINE
8
CYAN2
6
CONTINUOUS
10
4.9100905511811028
20
-6.4275629921259849
11
4.9124724409448817
21
-6.4323228346456691
0
LINE
8
CYAN2
6
CONTINUOUS
10
4.9124724409448817
20
-6.4323228346456691
11
4.9124724409448817
21
-6.4370866141732286
0
LINE
8
CYAN2
6
CONTINUOUS
10
4.9124724409448817
20
-6.4370866141732286
11
4.9100905511811028
21
-6.4418464566929137
0
LINE
8
CYAN2
6
CONTINUOUS
10
4.9100905511811028
20
-6.4418464566929137
11
4.9077086614173231
21
-6.4442283464566934
0
LINE
8
CYAN2
6
CONTINUOUS
10
4.9077086614173231
20
-6.4442283464566934
11
4.902948818897638
21
-6.4466102362204722
0
LINE
8
CYAN2
6
CONTINUOUS
10
4.902948818897638
20
-6.4466102362204722
11
4.8862795275590551
21
-6.4466102362204722
0
LINE
8
CYAN2
6
CONTINUOUS
10
4.9600905511811026
20
-6.4727992125984253
11
4.936279527559055
21
-6.4727992125984253
0
LINE
8
CYAN2
6
CONTINUOUS
10
4.936279527559055
20
-6.4727992125984253
11
4.936279527559055
21
-6.4227992125984255
0
LINE
8
CYAN2
6
CONTINUOUS
10
4.9767559055118111
20
-6.4227992125984255
11
4.9767559055118111
21
-6.4632755905511816
0
LINE
8
CYAN2
6
CONTINUOUS
10
4.9767559055118111
20
-6.4632755905511816
11
4.9791377952755909
21
-6.4680393700787402
0
LINE
8
CYAN2
6
CONTINUOUS
10
4.9791377952755909
20
-6.4680393700787402
11
4.9815196850393706
21
-6.4704212598425199
0
LINE
8
CYAN2
6
CONTINUOUS
10
4.9815196850393706
20
-6.4704212598425199
11
4.9862795275590557
21
-6.4727992125984253
0
LINE
8
CYAN2
6
CONTINUOUS
10
4.9862795275590557
20
-6.4727992125984253
11
4.9958031496062993
21
-6.4727992125984253
0
LINE
8
CYAN2
6
CONTINUOUS
10
4.9958031496062993
20
-6.4727992125984253
11
5.0005669291338588
21
-6.4704212598425199
0
LINE
8
CYAN2
6
CONTINUOUS
10
5.0005669291338588
20
-6.4704212598425199
11
5.0029488188976377
21
-6.4680393700787402
0
LINE
8
CYAN2
6
CONTINUOUS
10
5.0029488188976377
20
-6.4680393700787402
11
5.0053267716535439
21
-6.4632755905511816
0
LINE
8
CYAN2
6
CONTINUOUS
10
5.0053267716535439
20
-6.4632755905511816
11
5.0053267716535439
21
-6.4227992125984255
0
LINE
8
CYAN2
6
CONTINUOUS
10
5.0291377952755907
20
-6.4466102362204722
11
5.0458070866141735
21
-6.4466102362204722
0
LINE
8
CYAN2
6
CONTINUOUS
10
5.0529488188976384
20
-6.4727992125984253
11
5.0291377952755907
21
-6.4727992125984253
0
LINE
8
CYAN2
6
CONTINUOUS
10
5.0291377952755907
20
-6.4727992125984253
11
5.0291377952755907
21
-6.4227992125984255
0
LINE
8
CYAN2
6
CONTINUOUS
10
5.0291377952755907
20
-6.4227992125984255
11
5.0529488188976384
21
-6.4227992125984255
0
LINE
8
RED2
6
CONTINUOUS
10
5.8100000000000005
20
-6.9500000000000002
11
5.8100000000000005
21
-6.75
0
LINE
8
RED2
6
CONTINUOUS
10
5.8100000000000005
20
-6.75
11
5.8900000000000006
21
-6.75
0
LINE
8
RED2
6
CONTINUOUS
10
5.8900000000000006
20
-6.75
11
5.8900000000000006
21
-6.9500000000000002
0
LINE
8
RED2
6
CONTINUOUS
10
5.8900000000000006
20
-6.9500000000000002
11
5.8100000000000005
21
-6.9500000000000002
0
LINE
8
RED2
6
CONTINUOUS
10
5.8500000000000005
20
-6.75
11
5.8500000000000005
21
-6.7000000000000002
0
LINE
8
RED2
6
CONTINUOUS
10
5.8500000000000005
20
-6.9500000000000002
11
5.8500000000000005
21
-7.
0
LINE
8
CYAN2
6
CONTINUOUS
10
5.994850393700788
20
-6.8227992125984258
11
5.9781850393700786
21
-6.7989921259842525
0
LINE
8
CYAN2
6
CONTINUOUS
10
5.9662795275590552
20
-6.8227992125984258
11
5.9662795275590552
21
-6.7727992125984251
0
LINE
8
CYAN2
6
CONTINUOUS
10
5.9662795275590552
20
-6.7727992125984251
11
5.9853267716535434
21
-6.7727992125984251
0
LINE
8
CYAN2
6
CONTINUOUS
10
5.9853267716535434
20
-6.7727992125984251
11
5.9900905511811029
21
-6.7751811023622048
0
LINE
8
CYAN2
6
CONTINUOUS
10
5.9900905511811029
20
-6.7751811023622048
11
5.9924724409448817
21
-6.7775629921259846
0
LINE
8
CYAN2
6
CONTINUOUS
10
5.9924724409448817
20
-6.7775629921259846
11
5.994850393700788
21
-6.7823228346456697
0
LINE
8
CYAN2
6
CONTINUOUS
10
5.994850393700788
20
-6.7823228346456697
11
5.994850393700788
21
-6.789468503937008
0
LINE
8
CYAN2
6
CONTINUOUS
10
5.994850393700788
20
-6.789468503937008
11
5.9924724409448817
21
-6.794228346456693
0
LINE
8
CYAN2
6
CONTINUOUS
10
5.9924724409448817
20
-6.794228346456693
11
5.9900905511811029
21
-6.7966102362204728
0
LINE
8
CYAN2
6
CONTINUOUS
10
5.9900905511811029
20
-6.7966102362204728
11
5.9853267716535434
21
-6.7989921259842525
0
LINE
8
CYAN2
6
CONTINUOUS
10
5.9853267716535434
20
-6.7989921259842525
11
5.9662795275590552
21
-6.7989921259842525
0
LINE
8
CYAN2
6
CONTINUOUS
10
6.037708661417323
20
-6.7727992125984251
11
6.0281850393700793
21
-6.7727992125984251
0
LINE
8
CYAN2
6
CONTINUOUS
10
6.0281850393700793
20
-6.7727992125984251
11
6.0234251968503942
21
-6.7751811023622048
0
LINE
8
CYAN2
6
CONTINUOUS
10
6.0234251968503942
20
-6.7751811023622048
11
6.0210433070866145
21
-6.7775629921259846
0
LINE
8
CYAN2
6
CONTINUOUS
10
6.0210433070866145
20
-6.7775629921259846
11
6.016279527559055
21
-6.7847047244094494
0
LINE
8
CYAN2
6
CONTINUOUS
10
6.016279527559055
20
-6.7847047244094494
11
6.0139015748031497
21
-6.794228346456693
0
LINE
8
CYAN2
6
CONTINUOUS
10
6.0139015748031497
20
-6.794228346456693
11
6.0139015748031497
21
-6.8132755905511813
0
LINE
8
CYAN2
6
CONTINUOUS
10
6.0139015748031497
20
-6.8132755905511813
11
6.016279527559055
21
-6.8180393700787407
0
LINE
8
CYAN2
6
CONTINUOUS
10
6.016279527559055
20
-6.8180393700787407
11
6.0186614173228348
21
-6.8204212598425196
0
LINE
8
CYAN2
6
CONTINUOUS
10
6.0186614173228348
20
-6.8204212598425196
11
6.0234251968503942
21
-6.8227992125984258
0
LINE
8
CYAN2
6
CONTINUOUS
10
6.0234251968503942
20
-6.8227992125984258
11
6.0329488188976379
21
-6.8227992125984258
0
LINE
8
CYAN2
6
CONTINUOUS
10
6.0329488188976379
20
-6.8227992125984258
11
6.037708661417323
21
-6.8204212598425196
0
LINE
8
CYAN2
6
CONTINUOUS
10
6.037708661417323
20
-6.8204212598425196
11
6.0400905511811027
21
-6.8180393700787407
0
LINE
8
CYAN2
6
CONTINUOUS
10
6.0400905511811027
20
-6.8180393700787407
11
6.0424724409448825
21
-6.8132755905511813
0
LINE
8
CYAN2
6
CONTINUOUS
10
6.0424724409448825
20
-6.8132755905511813
11
6.0424724409448825
21
-6.8013700787401579
0
LINE
8
CYAN2
6
CONTINUOUS
10
6.0424724409448825
20
-6.8013700787401579
11
6.0400905511811027
21
-6.7966102362204728
0
LINE
8
CYAN2
6
CONTINUOUS
10
6.0400905511811027
20
-6.7966102362204728
11
6.037708661417323
21
-6.794228346456693
0
LINE
8
CYAN2
6
CONTINUOUS
10
6.037708661417323
20
-6.794228346456693
11
6.0329488188976379
21
-6.7918464566929133
0
LINE
8
CYAN2
6
CONTINUOUS
10
6.0329488188976379
20
-6.7918464566929133
11
6.0234251968503942
21
-6.7918464566929133
0
LINE
8
CYAN2
6
CONTINUOUS
10
6.0234251968503942
20
-6.7918464566929133
11
6.0186614173228348
21
-6.794228346456693
0
LINE
8
CYAN2
6
CONTINUOUS
10
6.0186614173228348
20
-6.794228346456693
11
6.016279527559055
21
-6.7966102362204728
0
LINE
8
CYAN2
6
CONTINUOUS
10
6.016279527559055
20
-6.7966102362204728
11
6.0139015748031497
21
-6.8013700787401579
0
LINE
8
CYAN2
6
CONTINUOUS
10
6.085326771653544
20
-6.7727992125984251
11
6.0758031496062994
21
-6.7727992125984251
0
LINE
8
CYAN2
6
CONTINUOUS
10
6.0758031496062994
20
-6.7727992125984251
11
6.0710433070866143
21
-6.7751811023622048
0
LINE
8
CYAN2
6
CONTINUOUS
10
6.0710433070866143
20
-6.7751811023622048
11
6.0686614173228346
21
-6.7775629921259846
0
LINE
8
CYAN2
6
CONTINUOUS
10
6.0686614173228346
20
-6.7775629921259846
11
6.063897637795276
21
-6.7847047244094494
0
LINE
8
CYAN2
6
CONTINUOUS
10
6.063897637795276
20
-6.7847047244094494
11
6.0615196850393707
21
-6.794228346456693
0
LINE
8
CYAN2
6
CONTINUOUS
10
6.0615196850393707
20
-6.794228346456693
11
6.0615196850393707
21
-6.8132755905511813
0
LINE
8
CYAN2
6
CONTINUOUS
10
6.0615196850393707
20
-6.8132755905511813
11
6.063897637795276
21
-6.8180393700787407
0
LINE
8
CYAN2
6
CONTINUOUS
10
6.063897637795276
20
-6.8180393700787407
11
6.0662795275590558
21
-6.8204212598425196
0
LINE
8
CYAN2
6
CONTINUOUS
10
6.0662795275590558
20
-6.8204212598425196
11
6.0710433070866143
21
-6.8227992125984258
0
LINE
8
CYAN2
6
CONTINUOUS
10
6.0710433070866143
20
-6.8227992125984258
11
6.0805669291338589
21
-6.8227992125984258
0
LINE
8
CYAN2
6
CONTINUOUS
10
6.0805669291338589
20
-6.8227992125984258
11
6.085326771653544
21
-6.8204212598425196
0
LINE
8
CYAN2
6
CONTINUOUS
10
6.085326771653544
20
-6.8204212598425196
11
6.0877086614173228
21
-6.8180393700787407
0
LINE
8
CYAN2
6
CONTINUOUS
10
6.0877086614173228
20
-6.8180393700787407
11
6.0900905511811025
21
-6.8132755905511813
0
LINE
8
CYAN2
6
CONTINUOUS
10
6.0900905511811025
20
-6.8132755905511813
11
6.0900905511811025
21
-6.8013700787401579
0
LINE
8
CYAN2
6
CONTINUOUS
10
6.0900905511811025
20
-6.8013700787401579
11
6.0877086614173228
21
-6.7966102362204728
0
LINE
8
CYAN2
6
CONTINUOUS
10
6.0877086614173228
20
-6.7966102362204728
11
6.085326771653544
21
-6.794228346456693
0
LINE
8
CYAN2
6
CONTINUOUS
10
6.085326771653544
20
-6.794228346456693
11
6.0805669291338589
21
-6.7918464566929133
0
LINE
8
CYAN2
6
CONTINUOUS
10
6.0805669291338589
20
-6.7918464566929133
11
6.0710433070866143
21
-6.7918464566929133
0
LINE
8
CYAN2
6
CONTINUOUS
10
6.0710433070866143
20
-6.7918464566929133
11
6.0662795275590558
21
-6.794228346456693
0
LINE
8
CYAN2
6
CONTINUOUS
10
6.0662795275590558
20
-6.794228346456693
11
6.063897637795276
21
-6.7966102362204728
0
LINE
8
CYAN2
6
CONTINUOUS
10
6.063897637795276
20
-6.7966102362204728
11
6.0615196850393707
21
-6.8013700787401579
0
LINE
8
CYAN2
6
CONTINUOUS
10
5.9639015748031499
20
-6.8775629921259842
11
5.9662795275590552
21
-6.8751811023622054
0
LINE
8
CYAN2
6
CONTINUOUS
10
5.9662795275590552
20
-6.8751811023622054
11
5.9710433070866147
21
-6.8727992125984256
0
LINE
8
CYAN2
6
CONTINUOUS
10
5.9710433070866147
20
-6.8727992125984256
11
5.9829488188976381
21
-6.8727992125984256
0
LINE
8
CYAN2
6
CONTINUOUS
10
5.9829488188976381
20
-6.8727992125984256
11
5.9877086614173232
21
-6.8751811023622054
0
LINE
8
CYAN2
6
CONTINUOUS
10
5.9877086614173232
20
-6.8751811023622054
11
5.9900905511811029
21
-6.8775629921259842
0
LINE
8
CYAN2
6
CONTINUOUS
10
5.9900905511811029
20
-6.8775629921259842
11
5.9924724409448817
21
-6.8823228346456693
0
LINE
8
CYAN2
6
CONTINUOUS
10
5.9924724409448817
20
-6.8823228346456693
11
5.9924724409448817
21
-6.8870866141732288
0
LINE
8
CYAN2
6
CONTINUOUS
10
5.9924724409448817
20
-6.8870866141732288
11
5.9900905511811029
21
-6.8942283464566936
0
LINE
8
CYAN2
6
CONTINUOUS
10
5.9900905511811029
20
-6.8942283464566936
11
5.9615196850393701
21
-6.9227992125984255
0
LINE
8
CYAN2
6
CONTINUOUS
10
5.9615196850393701
20
-6.9227992125984255
11
5.9924724409448817
21
-6.9227992125984255
0
LINE
8
CYAN2
6
CONTINUOUS
10
6.01151968503937
20
-6.8775629921259842
11
6.0138976377952762
21
-6.8751811023622054
0
LINE
8
CYAN2
6
CONTINUOUS
10
6.0138976377952762
20
-6.8751811023622054
11
6.0186614173228348
21
-6.8727992125984256
0
LINE
8
CYAN2
6
CONTINUOUS
10
6.0186614173228348
20
-6.8727992125984256
11
6.0305669291338582
21
-6.8727992125984256
0
LINE
8
CYAN2
6
CONTINUOUS
10
6.0305669291338582
20
-6.8727992125984256
11
6.0353267716535433
21
-6.8751811023622054
0
LINE
8
CYAN2
6
CONTINUOUS
10
6.0353267716535433
20
-6.8751811023622054
11
6.037708661417323
21
-6.8775629921259842
0
LINE
8
CYAN2
6
CONTINUOUS
10
6.037708661417323
20
-6.8775629921259842
11
6.0400905511811027
21
-6.8823228346456693
0
LINE
8
CYAN2
6
CONTINUOUS
10
6.0400905511811027
20
-6.8823228346456693
11
6.0400905511811027
21
-6.8870866141732288
0
LINE
8
CYAN2
6
CONTINUOUS
10
6.0400905511811027
20
-6.8870866141732288
11
6.037708661417323
21
-6.8942283464566936
0
LINE
8
CYAN2
6
CONTINUOUS
10
6.037708661417323
20
-6.8942283464566936
11
6.0091377952755911
21
-6.9227992125984255
0
LINE
8
CYAN2
6
CONTINUOUS
10
6.0091377952755911
20
-6.9227992125984255
11
6.0400905511811027
21
-6.9227992125984255
0
LINE
8
CYAN2
6
CONTINUOUS
10
6.0710393700787399
20
-6.8727992125984256
11
6.0758031496062994
21
-6.8727992125984256
0
LINE
8
CYAN2
6
CONTINUOUS
10
6.0758031496062994
20
-6.8727992125984256
11
6.0805629921259845
21
-6.8751811023622054
0
LINE
8
CYAN2
6
CONTINUOUS
10
6.0805629921259845
20
-6.8751811023622054
11
6.0829448818897642
21
-6.8775629921259842
0
LINE
8
CYAN2
6
CONTINUOUS
10
6.0829448818897642
20
-6.8775629921259842
11
6.085326771653544
21
-6.8823228346456693
0
LINE
8
CYAN2
6
CONTINUOUS
10
6.085326771653544
20
-6.8823228346456693
11
6.0877086614173228
21
-6.8918464566929138
0
LINE
8
CYAN2
6
CONTINUOUS
10
6.0877086614173228
20
-6.8918464566929138
11
6.0877086614173228
21
-6.9037519685039372
0
LINE
8
CYAN2
6
CONTINUOUS
10
6.0877086614173228
20
-6.9037519685039372
11
6.085326771653544
21
-6.9132755905511818
0
LINE
8
CYAN2
6
CONTINUOUS
10
6.085326771653544
20
-6.9132755905511818
11
6.0829448818897642
21
-6.9180393700787404
0
LINE
8
CYAN2
6
CONTINUOUS
10
6.0829448818897642
20
-6.9180393700787404
11
6.0805629921259845
21
-6.9204212598425201
0
LINE
8
CYAN2
6
CONTINUOUS
10
6.0805629921259845
20
-6.9204212598425201
11
6.0758031496062994
21
-6.9227992125984255
0
LINE
8
CYAN2
6
CONTINUOUS
10
6.0758031496062994
20
-6.9227992125984255
11
6.0710393700787399
21
-6.9227992125984255
0
LINE
8
CYAN2
6
CONTINUOUS
10
6.0710393700787399
20
-6.9227992125984255
11
6.0662795275590558
21
-6.9204212598425201
0
LINE
8
CYAN2
6
CONTINUOUS
10
6.0662795275590558
20
-6.9204212598425201
11
6.063897637795276
21
-6.9180393700787404
0
LINE
8
CYAN2
6
CONTINUOUS
10
6.063897637795276
20
-6.9180393700787404
11
6.0615157480314963
21
-6.9132755905511818
0
LINE
8
CYAN2
6
CONTINUOUS
10
6.0615157480314963
20
-6.9132755905511818
11
6.0591377952755909
21
-6.9037519685039372
0
LINE
8
CYAN2
6
CONTINUOUS
10
6.0591377952755909
20
-6.9037519685039372
11
6.0591377952755909
21
-6.8918464566929138
0
LINE
8
CYAN2
6
CONTINUOUS
10
6.0591377952755909
20
-6.8918464566929138
11
6.0615157480314963
21
-6.8823228346456693
0
LINE
8
CYAN2
6
CONTINUOUS
10
6.0615157480314963
20
-6.8823228346456693
11
6.063897637795276
21
-6.8775629921259842
0
LINE
8
CYAN2
6
CONTINUOUS
10
6.063897637795276
20
-6.8775629921259842
11
6.0662795275590558
21
-6.8751811023622054
0
LINE
8
CYAN2
6
CONTINUOUS
10
6.0662795275590558
20
-6.8751811023622054
11
6.0710393700787399
21
-6.8727992125984256
0
LINE
8
RED2
6
CONTINUOUS
10
5.46
20
-6.9500000000000002
11
5.46
21
-6.75
0
LINE
8
RED2
6
CONTINUOUS
10
5.46
20
-6.75
11
5.54
21
-6.75
0
LINE
8
RED2
6
CONTINUOUS
10
5.54
20
-6.75
11
5.54
21
-6.9500000000000002
0
LINE
8
RED2
6
CONTINUOUS
10
5.54
20
-6.9500000000000002
11
5.46
21
-6.9500000000000002
0
LINE
8
RED2
6
CONTINUOUS
10
5.5
20
-6.75
11
5.5
21
-6.7000000000000002
0
LINE
8
RED2
6
CONTINUOUS
10
5.5
20
-6.9500000000000002
11
5.5
21
-7.
0
LINE
8
CYAN2
6
CONTINUOUS
10
5.6448503937007874
20
-6.8227992125984258
11
5.628185039370079
21
-6.7989921259842525
0
LINE
8
CYAN2
6
CONTINUOUS
10
5.6162795275590556
20
-6.8227992125984258
11
5.6162795275590556
21
-6.7727992125984251
0
LINE
8
CYAN2
6
CONTINUOUS
10
5.6162795275590556
20
-6.7727992125984251
11
5.6353267716535438
21
-6.7727992125984251
0
LINE
8
CYAN2
6
CONTINUOUS
10
5.6353267716535438
20
-6.7727992125984251
11
5.6400905511811024
21
-6.7751811023622048
0
LINE
8
CYAN2
6
CONTINUOUS
10
5.6400905511811024
20
-6.7751811023622048
11
5.6424724409448821
21
-6.7775629921259846
0
LINE
8
CYAN2
6
CONTINUOUS
10
5.6424724409448821
20
-6.7775629921259846
11
5.6448503937007874
21
-6.7823228346456697
0
LINE
8
CYAN2
6
CONTINUOUS
10
5.6448503937007874
20
-6.7823228346456697
11
5.6448503937007874
21
-6.789468503937008
0
LINE
8
CYAN2
6
CONTINUOUS
10
5.6448503937007874
20
-6.789468503937008
11
5.6424724409448821
21
-6.794228346456693
0
LINE
8
CYAN2
6
CONTINUOUS
10
5.6424724409448821
20
-6.794228346456693
11
5.6400905511811024
21
-6.7966102362204728
0
LINE
8
CYAN2
6
CONTINUOUS
10
5.6400905511811024
20
-6.7966102362204728
11
5.6353267716535438
21
-6.7989921259842525
0
LINE
8
CYAN2
6
CONTINUOUS
10
5.6353267716535438
20
-6.7989921259842525
11
5.6162795275590556
21
-6.7989921259842525
0
LINE
8
CYAN2
6
CONTINUOUS
10
5.6877086614173233
20
-6.7727992125984251
11
5.6781850393700788
21
-6.7727992125984251
0
LINE
8
CYAN2
6
CONTINUOUS
10
5.6781850393700788
20
-6.7727992125984251
11
5.6734251968503937
21
-6.7751811023622048
0
LINE
8
CYAN2
6
CONTINUOUS
10
5.6734251968503937
20
-6.7751811023622048
11
5.671043307086614
21
-6.7775629921259846
0
LINE
8
CYAN2
6
CONTINUOUS
10
5.671043307086614
20
-6.7775629921259846
11
5.6662795275590554
21
-6.7847047244094494
0
LINE
8
CYAN2
6
CONTINUOUS
10
5.6662795275590554
20
-6.7847047244094494
11
5.66390157480315
21
-6.794228346456693
0
LINE
8
CYAN2
6
CONTINUOUS
10
5.66390157480315
20
-6.794228346456693
11
5.66390157480315
21
-6.8132755905511813
0
LINE
8
CYAN2
6
CONTINUOUS
10
5.66390157480315
20
-6.8132755905511813
11
5.6662795275590554
21
-6.8180393700787407
0
LINE
8
CYAN2
6
CONTINUOUS
10
5.6662795275590554
20
-6.8180393700787407
11
5.6686614173228351
21
-6.8204212598425196
0
LINE
8
CYAN2
6
CONTINUOUS
10
5.6686614173228351
20
-6.8204212598425196
11
5.6734251968503937
21
-6.8227992125984258
0
LINE
8
CYAN2
6
CONTINUOUS
10
5.6734251968503937
20
-6.8227992125984258
11
5.6829488188976383
21
-6.8227992125984258
0
LINE
8
CYAN2
6
CONTINUOUS
10
5.6829488188976383
20
-6.8227992125984258
11
5.6877086614173233
21
-6.8204212598425196
0
LINE
8
CYAN2
6
CONTINUOUS
10
5.6877086614173233
20
-6.8204212598425196
11
5.6900905511811022
21
-6.8180393700787407
0
LINE
8
CYAN2
6
CONTINUOUS
10
5.6900905511811022
20
-6.8180393700787407
11
5.6924724409448819
21
-6.8132755905511813
0
LINE
8
CYAN2
6
CONTINUOUS
10
5.6924724409448819
20
-6.8132755905511813
11
5.6924724409448819
21
-6.8013700787401579
0
LINE
8
CYAN2
6
CONTINUOUS
10
5.6924724409448819
20
-6.8013700787401579
11
5.6900905511811022
21
-6.7966102362204728
0
LINE
8
CYAN2
6
CONTINUOUS
10
5.6900905511811022
20
-6.7966102362204728
11
5.6877086614173233
21
-6.794228346456693
0
LINE
8
CYAN2
6
CONTINUOUS
10
5.6877086614173233
20
-6.794228346456693
11
5.6829488188976383
21
-6.7918464566929133
0
LINE
8
CYAN2
6
CONTINUOUS
10
5.6829488188976383
20
-6.7918464566929133
11
5.6734251968503937
21
-6.7918464566929133
0
LINE
8
CYAN2
6
CONTINUOUS
10
5.6734251968503937
20
-6.7918464566929133
11
5.6686614173228351
21
-6.794228346456693
0
LINE
8
CYAN2
6
CONTINUOUS
10
5.6686614173228351
20
-6.794228346456693
11
5.6662795275590554
21
-6.7966102362204728
0
LINE
8
CYAN2
6
CONTINUOUS
10
5.6662795275590554
20
-6.7966102362204728
11
5.66390157480315
21
-6.8013700787401579
0
LINE
8
CYAN2
6
CONTINUOUS
10
5.7377086614173232
20
-6.7727992125984251
11
5.7138976377952755
21
-6.7727992125984251
0
LINE
8
CYAN2
6
CONTINUOUS
10
5.7138976377952755
20
-6.7727992125984251
11
5.7115196850393701
21
-6.7966102362204728
0
LINE
8
CYAN2
6
CONTINUOUS
10
5.7115196850393701
20
-6.7966102362204728
11
5.7138976377952755
21
-6.794228346456693
0
LINE
8
CYAN2
6
CONTINUOUS
10
5.7138976377952755
20
-6.794228346456693
11
5.718661417322835
21
-6.7918464566929133
0
LINE
8
CYAN2
6
CONTINUOUS
10
5.718661417322835
20
-6.7918464566929133
11
5.7305669291338583
21
-6.7918464566929133
0
LINE
8
CYAN2
6
CONTINUOUS
10
5.7305669291338583
20
-6.7918464566929133
11
5.7353267716535434
21
-6.794228346456693
0
LINE
8
CYAN2
6
CONTINUOUS
10
5.7353267716535434
20
-6.794228346456693
11
5.7377086614173232
21
-6.7966102362204728
0
LINE
8
CYAN2
6
CONTINUOUS
10
5.7377086614173232
20
-6.7966102362204728
11
5.7400905511811029
21
-6.8013700787401579
0
LINE
8
CYAN2
6
CONTINUOUS
10
5.7400905511811029
20
-6.8013700787401579
11
5.7400905511811029
21
-6.8132755905511813
0
LINE
8
CYAN2
6
CONTINUOUS
10
5.7400905511811029
20
-6.8132755905511813
11
5.7377086614173232
21
-6.8180393700787407
0
LINE
8
CYAN2
6
CONTINUOUS
10
5.7377086614173232
20
-6.8180393700787407
11
5.7353267716535434
21
-6.8204212598425196
0
LINE
8
CYAN2
6
CONTINUOUS
10
5.7353267716535434
20
-6.8204212598425196
11
5.7305669291338583
21
-6.8227992125984258
0
LINE
8
CYAN2
6
CONTINUOUS
10
5.7305669291338583
20
-6.8227992125984258
11
5.718661417322835
21
-6.8227992125984258
0
LINE
8
CYAN2
6
CONTINUOUS
10
5.718661417322835
20
-6.8227992125984258
11
5.7138976377952755
21
-6.8204212598425196
0
LINE
8
CYAN2
6
CONTINUOUS
10
5.7138976377952755
20
-6.8204212598425196
11
5.7115196850393701
21
-6.8180393700787407
0
LINE
8
CYAN2
6
CONTINUOUS
10
5.6139015748031502
20
-6.8775629921259842
11
5.6162795275590556
21
-6.8751811023622054
0
LINE
8
CYAN2
6
CONTINUOUS
10
5.6162795275590556
20
-6.8751811023622054
11
5.6210433070866141
21
-6.8727992125984256
0
LINE
8
CYAN2
6
CONTINUOUS
10
5.6210433070866141
20
-6.8727992125984256
11
5.6329488188976384
21
-6.8727992125984256
0
LINE
8
CYAN2
6
CONTINUOUS
10
5.6329488188976384
20
-6.8727992125984256
11
5.6377086614173226
21
-6.8751811023622054
0
LINE
8
CYAN2
6
CONTINUOUS
10
5.6377086614173226
20
-6.8751811023622054
11
5.6400905511811024
21
-6.8775629921259842
0
LINE
8
CYAN2
6
CONTINUOUS
10
5.6400905511811024
20
-6.8775629921259842
11
5.6424724409448821
21
-6.8823228346456693
0
LINE
8
CYAN2
6
CONTINUOUS
10
5.6424724409448821
20
-6.8823228346456693
11
5.6424724409448821
21
-6.8870866141732288
0
LINE
8
CYAN2
6
CONTINUOUS
10
5.6424724409448821
20
-6.8870866141732288
11
5.6400905511811024
21
-6.8942283464566936
0
LINE
8
CYAN2
6
CONTINUOUS
10
5.6400905511811024
20
-6.8942283464566936
11
5.6115196850393705
21
-6.9227992125984255
0
LINE
8
CYAN2
6
CONTINUOUS
10
5.6115196850393705
20
-6.9227992125984255
11
5.6424724409448821
21
-6.9227992125984255
0
LINE
8
CYAN2
6
CONTINUOUS
10
5.6615196850393703
20
-6.8775629921259842
11
5.6638976377952757
21
-6.8751811023622054
0
LINE
8
CYAN2
6
CONTINUOUS
10
5.6638976377952757
20
-6.8751811023622054
11
5.6686614173228351
21
-6.8727992125984256
0
LINE
8
CYAN2
6
CONTINUOUS
10
5.6686614173228351
20
-6.8727992125984256
11
5.6805669291338585
21
-6.8727992125984256
0
LINE
8
CYAN2
6
CONTINUOUS
10
5.6805669291338585
20
-6.8727992125984256
11
5.6853267716535436
21
-6.8751811023622054
0
LINE
8
CYAN2
6
CONTINUOUS
10
5.6853267716535436
20
-6.8751811023622054
11
5.6877086614173233
21
-6.8775629921259842
0
LINE
8
CYAN2
6
CONTINUOUS
10
5.6877086614173233
20
-6.8775629921259842
11
5.6900905511811022
21
-6.8823228346456693
0
LINE
8
CYAN2
6
CONTINUOUS
10
5.6900905511811022
20
-6.8823228346456693
11
5.6900905511811022
21
-6.8870866141732288
0
LINE
8
CYAN2
6
CONTINUOUS
10
5.6900905511811022
20
-6.8870866141732288
11
5.6877086614173233
21
-6.8942283464566936
0
LINE
8
CYAN2
6
CONTINUOUS
10
5.6877086614173233
20
-6.8942283464566936
11
5.6591377952755906
21
-6.9227992125984255
0
LINE
8
CYAN2
6
CONTINUOUS
10
5.6591377952755906
20
-6.9227992125984255
11
5.6900905511811022
21
-6.9227992125984255
0
LINE
8
CYAN2
6
CONTINUOUS
10
5.7210393700787403
20
-6.8727992125984256
11
5.7258031496062998
21
-6.8727992125984256
0
LINE
8
CYAN2
6
CONTINUOUS
10
5.7258031496062998
20
-6.8727992125984256
11
5.7305629921259849
21
-6.8751811023622054
0
LINE
8
CYAN2
6
CONTINUOUS
10
5.7305629921259849
20
-6.8751811023622054
11
5.7329448818897637
21
-6.8775629921259842
0
LINE
8
CYAN2
6
CONTINUOUS
10
5.7329448818897637
20
-6.8775629921259842
11
5.7353267716535434
21
-6.8823228346456693
0
LINE
8
CYAN2
6
CONTINUOUS
10
5.7353267716535434
20
-6.8823228346456693
11
5.7377086614173232
21
-6.8918464566929138
0
LINE
8
CYAN2
6
CONTINUOUS
10
5.7377086614173232
20
-6.8918464566929138
11
5.7377086614173232
21
-6.9037519685039372
0
LINE
8
CYAN2
6
CONTINUOUS
10
5.7377086614173232
20
-6.9037519685039372
11
5.7353267716535434
21
-6.9132755905511818
0
LINE
8
CYAN2
6
CONTINUOUS
10
5.7353267716535434
20
-6.9132755905511818
11
5.7329448818897637
21
-6.9180393700787404
0
LINE
8
CYAN2
6
CONTINUOUS
10
5.7329448818897637
20
-6.9180393700787404
11
5.7305629921259849
21
-6.9204212598425201
0
LINE
8
CYAN2
6
CONTINUOUS
10
5.7305629921259849
20
-6.9204212598425201
11
5.7258031496062998
21
-6.9227992125984255
0
LINE
8
CYAN2
6
CONTINUOUS
10
5.7258031496062998
20
-6.9227992125984255
11
5.7210393700787403
21
-6.9227992125984255
0
LINE
8
CYAN2
6
CONTINUOUS
10
5.7210393700787403
20
-6.9227992125984255
11
5.7162795275590552
21
-6.9204212598425201
0
LINE
8
CYAN2
6
CONTINUOUS
10
5.7162795275590552
20
-6.9204212598425201
11
5.7138976377952755
21
-6.9180393700787404
0
LINE
8
CYAN2
6
CONTINUOUS
10
5.7138976377952755
20
-6.9180393700787404
11
5.7115157480314966
21
-6.9132755905511818
0
LINE
8
CYAN2
6
CONTINUOUS
10
5.7115157480314966
20
-6.9132755905511818
11
5.7091377952755904
21
-6.9037519685039372
0
LINE
8
CYAN2
6
CONTINUOUS
10
5.7091377952755904
20
-6.9037519685039372
11
5.7091377952755904
21
-6.8918464566929138
0
LINE
8
CYAN2
6
CONTINUOUS
10
5.7091377952755904
20
-6.8918464566929138
11
5.7115157480314966
21
-6.8823228346456693
0
LINE
8
CYAN2
6
CONTINUOUS
10
5.7115157480314966
20
-6.8823228346456693
11
5.7138976377952755
21
-6.8775629921259842
0
LINE
8
CYAN2
6
CONTINUOUS
10
5.7138976377952755
20
-6.8775629921259842
11
5.7162795275590552
21
-6.8751811023622054
0
LINE
8
CYAN2
6
CONTINUOUS
10
5.7162795275590552
20
-6.8751811023622054
11
5.7210393700787403
21
-6.8727992125984256
0
LINE
8
RED2
6
CONTINUOUS
10
3.8600000000000003
20
-6.9500000000000002
11
3.8600000000000003
21
-6.75
0
LINE
8
RED2
6
CONTINUOUS
10
3.8600000000000003
20
-6.75
11
3.9399999999999999
21
-6.75
0
LINE
8
RED2
6
CONTINUOUS
10
3.9399999999999999
20
-6.75
11
3.9399999999999999
21
-6.9500000000000002
0
LINE
8
RED2
6
CONTINUOUS
10
3.9399999999999999
20
-6.9500000000000002
11
3.8600000000000003
21
-6.9500000000000002
0
LINE
8
RED2
6
CONTINUOUS
10
3.9000000000000004
20
-6.75
11
3.9000000000000004
21
-6.7000000000000002
0
LINE
8
RED2
6
CONTINUOUS
10
3.9000000000000004
20
-6.9500000000000002
11
3.9000000000000004
21
-7.
0
LINE
8
CYAN2
6
CONTINUOUS
10
4.0448503937007878
20
-6.8227992125984258
11
4.0281850393700793
21
-6.7989921259842525
0
LINE
8
CYAN2
6
CONTINUOUS
10
4.016279527559055
20
-6.8227992125984258
11
4.016279527559055
21
-6.7727992125984251
0
LINE
8
CYAN2
6
CONTINUOUS
10
4.016279527559055
20
-6.7727992125984251
11
4.0353267716535433
21
-6.7727992125984251
0
LINE
8
CYAN2
6
CONTINUOUS
10
4.0353267716535433
20
-6.7727992125984251
11
4.0400905511811027
21
-6.7751811023622048
0
LINE
8
CYAN2
6
CONTINUOUS
10
4.0400905511811027
20
-6.7751811023622048
11
4.0424724409448825
21
-6.7775629921259846
0
LINE
8
CYAN2
6
CONTINUOUS
10
4.0424724409448825
20
-6.7775629921259846
11
4.0448503937007878
21
-6.7823228346456697
0
LINE
8
CYAN2
6
CONTINUOUS
10
4.0448503937007878
20
-6.7823228346456697
11
4.0448503937007878
21
-6.789468503937008
0
LINE
8
CYAN2
6
CONTINUOUS
10
4.0448503937007878
20
-6.789468503937008
11
4.0424724409448825
21
-6.794228346456693
0
LINE
8
CYAN2
6
CONTINUOUS
10
4.0424724409448825
20
-6.794228346456693
11
4.0400905511811027
21
-6.7966102362204728
0
LINE
8
CYAN2
6
CONTINUOUS
10
4.0400905511811027
20
-6.7966102362204728
11
4.0353267716535433
21
-6.7989921259842525
0
LINE
8
CYAN2
6
CONTINUOUS
10
4.0353267716535433
20
-6.7989921259842525
11
4.016279527559055
21
-6.7989921259842525
0
LINE
8
CYAN2
6
CONTINUOUS
10
4.0877086614173228
20
-6.7727992125984251
11
4.0781850393700791
21
-6.7727992125984251
0
LINE
8
CYAN2
6
CONTINUOUS
10
4.0781850393700791
20
-6.7727992125984251
11
4.0734251968503941
21
-6.7751811023622048
0
LINE
8
CYAN2
6
CONTINUOUS
10
4.0734251968503941
20
-6.7751811023622048
11
4.0710433070866143
21
-6.7775629921259846
0
LINE
8
CYAN2
6
CONTINUOUS
10
4.0710433070866143
20
-6.7775629921259846
11
4.0662795275590549
21
-6.7847047244094494
0
LINE
8
CYAN2
6
CONTINUOUS
10
4.0662795275590549
20
-6.7847047244094494
11
4.0639015748031495
21
-6.794228346456693
0
LINE
8
CYAN2
6
CONTINUOUS
10
4.0639015748031495
20
-6.794228346456693
11
4.0639015748031495
21
-6.8132755905511813
0
LINE
8
CYAN2
6
CONTINUOUS
10
4.0639015748031495
20
-6.8132755905511813
11
4.0662795275590549
21
-6.8180393700787407
0
LINE
8
CYAN2
6
CONTINUOUS
10
4.0662795275590549
20
-6.8180393700787407
11
4.0686614173228346
21
-6.8204212598425196
0
LINE
8
CYAN2
6
CONTINUOUS
10
4.0686614173228346
20
-6.8204212598425196
11
4.0734251968503941
21
-6.8227992125984258
0
LINE
8
CYAN2
6
CONTINUOUS
10
4.0734251968503941
20
-6.8227992125984258
11
4.0829488188976377
21
-6.8227992125984258
0
LINE
8
CYAN2
6
CONTINUOUS
10
4.0829488188976377
20
-6.8227992125984258
11
4.0877086614173228
21
-6.8204212598425196
0
LINE
8
CYAN2
6
CONTINUOUS
10
4.0877086614173228
20
-6.8204212598425196
11
4.0900905511811025
21
-6.8180393700787407
0
LINE
8
CYAN2
6
CONTINUOUS
10
4.0900905511811025
20
-6.8180393700787407
11
4.0924724409448823
21
-6.8132755905511813
0
LINE
8
CYAN2
6
CONTINUOUS
10
4.0924724409448823
20
-6.8132755905511813
11
4.0924724409448823
21
-6.8013700787401579
0
LINE
8
CYAN2
6
CONTINUOUS
10
4.0924724409448823
20
-6.8013700787401579
11
4.0900905511811025
21
-6.7966102362204728
0
LINE
8
CYAN2
6
CONTINUOUS
10
4.0900905511811025
20
-6.7966102362204728
11
4.0877086614173228
21
-6.794228346456693
0
LINE
8
CYAN2
6
CONTINUOUS
10
4.0877086614173228
20
-6.794228346456693
11
4.0829488188976377
21
-6.7918464566929133
0
LINE
8
CYAN2
6
CONTINUOUS
10
4.0829488188976377
20
-6.7918464566929133
11
4.0734251968503941
21
-6.7918464566929133
0
LINE
8
CYAN2
6
CONTINUOUS
10
4.0734251968503941
20
-6.7918464566929133
11
4.0686614173228346
21
-6.794228346456693
0
LINE
8
CYAN2
6
CONTINUOUS
10
4.0686614173228346
20
-6.794228346456693
11
4.0662795275590549
21
-6.7966102362204728
0
LINE
8
CYAN2
6
CONTINUOUS
10
4.0662795275590549
20
-6.7966102362204728
11
4.0639015748031495
21
-6.8013700787401579
0
LINE
8
CYAN2
6
CONTINUOUS
10
4.1234212598425195
20
-6.7727992125984251
11
4.128185039370079
21
-6.7727992125984251
0
LINE
8
CYAN2
6
CONTINUOUS
10
4.128185039370079
20
-6.7727992125984251
11
4.1329448818897641
21
-6.7751811023622048
0
LINE
8
CYAN2
6
CONTINUOUS
10
4.1329448818897641
20
-6.7751811023622048
11
4.1353267716535438
21
-6.7775629921259846
0
LINE
8
CYAN2
6
CONTINUOUS
10
4.1353267716535438
20
-6.7775629921259846
11
4.1377086614173226
21
-6.7823228346456697
0
LINE
8
CYAN2
6
CONTINUOUS
10
4.1377086614173226
20
-6.7823228346456697
11
4.1400905511811024
21
-6.7918464566929133
0
LINE
8
CYAN2
6
CONTINUOUS
10
4.1400905511811024
20
-6.7918464566929133
11
4.1400905511811024
21
-6.8037519685039376
0
LINE
8
CYAN2
6
CONTINUOUS
10
4.1400905511811024
20
-6.8037519685039376
11
4.1377086614173226
21
-6.8132755905511813
0
LINE
8
CYAN2
6
CONTINUOUS
10
4.1377086614173226
20
-6.8132755905511813
11
4.1353267716535438
21
-6.8180393700787407
0
LINE
8
CYAN2
6
CONTINUOUS
10
4.1353267716535438
20
-6.8180393700787407
11
4.1329448818897641
21
-6.8204212598425196
0
LINE
8
CYAN2
6
CONTINUOUS
10
4.1329448818897641
20
-6.8204212598425196
11
4.128185039370079
21
-6.8227992125984258
0
LINE
8
CYAN2
6
CONTINUOUS
10
4.128185039370079
20
-6.8227992125984258
11
4.1234212598425195
21
-6.8227992125984258
0
LINE
8
CYAN2
6
CONTINUOUS
10
4.1234212598425195
20
-6.8227992125984258
11
4.1186614173228344
21
-6.8204212598425196
0
LINE
8
CYAN2
6
CONTINUOUS
10
4.1186614173228344
20
-6.8204212598425196
11
4.1162795275590556
21
-6.8180393700787407
0
LINE
8
CYAN2
6
CONTINUOUS
10
4.1162795275590556
20
-6.8180393700787407
11
4.1138976377952758
21
-6.8132755905511813
0
LINE
8
CYAN2
6
CONTINUOUS
10
4.1138976377952758
20
-6.8132755905511813
11
4.1115196850393705
21
-6.8037519685039376
0
LINE
8
CYAN2
6
CONTINUOUS
10
4.1115196850393705
20
-6.8037519685039376
11
4.1115196850393705
21
-6.7918464566929133
0
LINE
8
CYAN2
6
CONTINUOUS
10
4.1115196850393705
20
-6.7918464566929133
11
4.1138976377952758
21
-6.7823228346456697
0
LINE
8
CYAN2
6
CONTINUOUS
10
4.1138976377952758
20
-6.7823228346456697
11
4.1162795275590556
21
-6.7775629921259846
0
LINE
8
CYAN2
6
CONTINUOUS
10
4.1162795275590556
20
-6.7775629921259846
11
4.1186614173228344
21
-6.7751811023622048
0
LINE
8
CYAN2
6
CONTINUOUS
10
4.1186614173228344
20
-6.7751811023622048
11
4.1234212598425195
21
-6.7727992125984251
0
LINE
8
CYAN2
6
CONTINUOUS
10
4.0139015748031497
20
-6.8775629921259842
11
4.016279527559055
21
-6.8751811023622054
0
LINE
8
CYAN2
6
CONTINUOUS
10
4.016279527559055
20
-6.8751811023622054
11
4.0210433070866145
21
-6.8727992125984256
0
LINE
8
CYAN2
6
CONTINUOUS
10
4.0210433070866145
20
-6.8727992125984256
11
4.0329488188976379
21
-6.8727992125984256
0
LINE
8
CYAN2
6
CONTINUOUS
10
4.0329488188976379
20
-6.8727992125984256
11
4.037708661417323
21
-6.8751811023622054
0
LINE
8
CYAN2
6
CONTINUOUS
10
4.037708661417323
20
-6.8751811023622054
11
4.0400905511811027
21
-6.8775629921259842
0
LINE
8
CYAN2
6
CONTINUOUS
10
4.0400905511811027
20
-6.8775629921259842
11
4.0424724409448825
21
-6.8823228346456693
0
LINE
8
CYAN2
6
CONTINUOUS
10
4.0424724409448825
20
-6.8823228346456693
11
4.0424724409448825
21
-6.8870866141732288
0
LINE
8
CYAN2
6
CONTINUOUS
10
4.0424724409448825
20
-6.8870866141732288
11
4.0400905511811027
21
-6.8942283464566936
0
LINE
8
CYAN2
6
CONTINUOUS
10
4.0400905511811027
20
-6.8942283464566936
11
4.01151968503937
21
-6.9227992125984255
0
LINE
8
CYAN2
6
CONTINUOUS
10
4.01151968503937
20
-6.9227992125984255
11
4.0424724409448825
21
-6.9227992125984255
0
LINE
8
CYAN2
6
CONTINUOUS
10
4.0615196850393707
20
-6.8775629921259842
11
4.063897637795276
21
-6.8751811023622054
0
LINE
8
CYAN2
6
CONTINUOUS
10
4.063897637795276
20
-6.8751811023622054
11
4.0686614173228346
21
-6.8727992125984256
0
LINE
8
CYAN2
6
CONTINUOUS
10
4.0686614173228346
20
-6.8727992125984256
11
4.080566929133858
21
-6.8727992125984256
0
LINE
8
CYAN2
6
CONTINUOUS
10
4.080566929133858
20
-6.8727992125984256
11
4.0853267716535431
21
-6.8751811023622054
0
LINE
8
CYAN2
6
CONTINUOUS
10
4.0853267716535431
20
-6.8751811023622054
11
4.0877086614173228
21
-6.8775629921259842
0
LINE
8
CYAN2
6
CONTINUOUS
10
4.0877086614173228
20
-6.8775629921259842
11
4.0900905511811025
21
-6.8823228346456693
0
LINE
8
CYAN2
6
CONTINUOUS
10
4.0900905511811025
20
-6.8823228346456693
11
4.0900905511811025
21
-6.8870866141732288
0
LINE
8
CYAN2
6
CONTINUOUS
10
4.0900905511811025
20
-6.8870866141732288
11
4.0877086614173228
21
-6.8942283464566936
0
LINE
8
CYAN2
6
CONTINUOUS
10
4.0877086614173228
20
-6.8942283464566936
11
4.0591377952755909
21
-6.9227992125984255
0
LINE
8
CYAN2
6
CONTINUOUS
10
4.0591377952755909
20
-6.9227992125984255
11
4.0900905511811025
21
-6.9227992125984255
0
LINE
8
CYAN2
6
CONTINUOUS
10
4.1210393700787407
20
-6.8727992125984256
11
4.1258031496062992
21
-6.8727992125984256
0
LINE
8
CYAN2
6
CONTINUOUS
10
4.1258031496062992
20
-6.8727992125984256
11
4.1305629921259843
21
-6.8751811023622054
0
LINE
8
CYAN2
6
CONTINUOUS
10
4.1305629921259843
20
-6.8751811023622054
11
4.1329448818897641
21
-6.8775629921259842
0
LINE
8
CYAN2
6
CONTINUOUS
10
4.1329448818897641
20
-6.8775629921259842
11
4.1353267716535438
21
-6.8823228346456693
0
LINE
8
CYAN2
6
CONTINUOUS
10
4.1353267716535438
20
-6.8823228346456693
11
4.1377086614173226
21
-6.8918464566929138
0
LINE
8
CYAN2
6
CONTINUOUS
10
4.1377086614173226
20
-6.8918464566929138
11
4.1377086614173226
21
-6.9037519685039372
0
LINE
8
CYAN2
6
CONTINUOUS
10
4.1377086614173226
20
-6.9037519685039372
11
4.1353267716535438
21
-6.9132755905511818
0
LINE
8
CYAN2
6
CONTINUOUS
10
4.1353267716535438
20
-6.9132755905511818
11
4.1329448818897641
21
-6.9180393700787404
0
LINE
8
CYAN2
6
CONTINUOUS
10
4.1329448818897641
20
-6.9180393700787404
11
4.1305629921259843
21
-6.9204212598425201
0
LINE
8
CYAN2
6
CONTINUOUS
10
4.1305629921259843
20
-6.9204212598425201
11
4.1258031496062992
21
-6.9227992125984255
0
LINE
8
CYAN2
6
CONTINUOUS
10
4.1258031496062992
20
-6.9227992125984255
11
4.1210393700787407
21
-6.9227992125984255
0
LINE
8
CYAN2
6
CONTINUOUS
10
4.1210393700787407
20
-6.9227992125984255
11
4.1162795275590556
21
-6.9204212598425201
0
LINE
8
CYAN2
6
CONTINUOUS
10
4.1162795275590556
20
-6.9204212598425201
11
4.1138976377952758
21
-6.9180393700787404
0
LINE
8
CYAN2
6
CONTINUOUS
10
4.1138976377952758
20
-6.9180393700787404
11
4.1115157480314961
21
-6.9132755905511818
0
LINE
8
CYAN2
6
CONTINUOUS
10
4.1115157480314961
20
-6.9132755905511818
11
4.1091377952755908
21
-6.9037519685039372
0
LINE
8
CYAN2
6
CONTINUOUS
10
4.1091377952755908
20
-6.9037519685039372
11
4.1091377952755908
21
-6.8918464566929138
0
LINE
8
CYAN2
6
CONTINUOUS
10
4.1091377952755908
20
-6.8918464566929138
11
4.1115157480314961
21
-6.8823228346456693
0
LINE
8
CYAN2
6
CONTINUOUS
10
4.1115157480314961
20
-6.8823228346456693
11
4.1138976377952758
21
-6.8775629921259842
0
LINE
8
CYAN2
6
CONTINUOUS
10
4.1138976377952758
20
-6.8775629921259842
11
4.1162795275590556
21
-6.8751811023622054
0
LINE
8
CYAN2
6
CONTINUOUS
10
4.1162795275590556
20
-6.8751811023622054
11
4.1210393700787407
21
-6.8727992125984256
0
LINE
8
RED2
6
CONTINUOUS
10
3.9300000000000002
20
-6.5200000000000005
11
3.9900000000000002
21
-6.5800000000000001
0
LINE
8
RED2
6
CONTINUOUS
10
3.9900000000000002
20
-6.5800000000000001
11
3.9900000000000002
21
-6.5499999999999998
0
LINE
8
RED2
6
CONTINUOUS
10
3.9900000000000002
20
-6.5499999999999998
11
3.9900000000000002
21
-6.5800000000000001
0
LINE
8
RED2
6
CONTINUOUS
10
3.9900000000000002
20
-6.5800000000000001
11
3.96
21
-6.5800000000000001
0
LINE
8
RED2
6
CONTINUOUS
10
3.9300000000000002
20
-6.4700000000000006
11
3.9900000000000002
21
-6.5300000000000002
0
LINE
8
RED2
6
CONTINUOUS
10
3.9900000000000002
20
-6.5300000000000002
11
3.9900000000000002
21
-6.5
0
LINE
8
RED2
6
CONTINUOUS
10
3.9900000000000002
20
-6.5
11
3.9900000000000002
21
-6.5300000000000002
0
LINE
8
RED2
6
CONTINUOUS
10
3.9900000000000002
20
-6.5300000000000002
11
3.96
21
-6.5300000000000002
0
LINE
8
RED2
6
CONTINUOUS
10
3.9000000000000004
20
-6.4500000000000002
11
3.9000000000000004
21
-6.3500000000000005
0
LINE
8
RED2
6
CONTINUOUS
10
3.9500000000000002
20
-6.4500000000000002
11
3.8500000000000001
21
-6.4500000000000002
0
LINE
8
RED2
6
CONTINUOUS
10
3.9500000000000002
20
-6.3500000000000005
11
3.8500000000000001
21
-6.3500000000000005
0
LINE
8
RED2
6
CONTINUOUS
10
3.8500000000000001
20
-6.3500000000000005
11
3.9000000000000004
21
-6.4500000000000002
0
LINE
8
RED2
6
CONTINUOUS
10
3.9000000000000004
20
-6.4500000000000002
11
3.9500000000000002
21
-6.3500000000000005
0
LINE
8
RED2
6
CONTINUOUS
10
3.9000000000000004
20
-6.4500000000000002
11
3.9000000000000004
21
-6.5499999999999998
0
LINE
8
RED2
6
CONTINUOUS
10
3.9000000000000004
20
-6.3500000000000005
11
3.9000000000000004
21
-6.25
0
LINE
8
CYAN2
6
CONTINUOUS
10
3.7162795275590552
20
-6.4027992125984259
11
3.7162795275590552
21
-6.3527992125984252
0
LINE
8
CYAN2
6
CONTINUOUS
10
3.7162795275590552
20
-6.3527992125984252
11
3.7281850393700791
21
-6.3527992125984252
0
LINE
8
CYAN2
6
CONTINUOUS
10
3.7281850393700791
20
-6.3527992125984252
11
3.7353267716535434
21
-6.3551811023622049
0
LINE
8
CYAN2
6
CONTINUOUS
10
3.7353267716535434
20
-6.3551811023622049
11
3.7400905511811025
21
-6.3599448818897644
0
LINE
8
CYAN2
6
CONTINUOUS
10
3.7400905511811025
20
-6.3599448818897644
11
3.7424724409448822
21
-6.3647047244094495
0
LINE
8
CYAN2
6
CONTINUOUS
10
3.7424724409448822
20
-6.3647047244094495
11
3.7448503937007875
21
-6.3742283464566931
0
LINE
8
CYAN2
6
CONTINUOUS
10
3.7448503937007875
20
-6.3742283464566931
11
3.7448503937007875
21
-6.3813700787401579
0
LINE
8
CYAN2
6
CONTINUOUS
10
3.7448503937007875
20
-6.3813700787401579
11
3.7424724409448822
21
-6.3908937007874016
0
LINE
8
CYAN2
6
CONTINUOUS
10
3.7424724409448822
20
-6.3908937007874016
11
3.7400905511811025
21
-6.3956574803149611
0
LINE
8
CYAN2
6
CONTINUOUS
10
3.7400905511811025
20
-6.3956574803149611
11
3.7353267716535434
21
-6.4004212598425196
0
LINE
8
CYAN2
6
CONTINUOUS
10
3.7353267716535434
20
-6.4004212598425196
11
3.7281850393700791
21
-6.4027992125984259
0
LINE
8
CYAN2
6
CONTINUOUS
10
3.7281850393700791
20
-6.4027992125984259
11
3.7162795275590552
21
-6.4027992125984259
0
LINE
8
CYAN2
6
CONTINUOUS
10
3.787708661417323
20
-6.369468503937008
11
3.787708661417323
21
-6.4027992125984259
0
LINE
8
CYAN2
6
CONTINUOUS
10
3.7758031496062991
20
-6.3504212598425198
11
3.7639015748031497
21
-6.3861338582677165
0
LINE
8
CYAN2
6
CONTINUOUS
10
3.7639015748031497
20
-6.3861338582677165
11
3.7948503937007874
21
-6.3861338582677165
0
LINE
8
CYAN2
6
CONTINUOUS
10
3.8353267716535435
20
-6.3527992125984252
11
3.8258031496062994
21
-6.3527992125984252
0
LINE
8
CYAN2
6
CONTINUOUS
10
3.8258031496062994
20
-6.3527992125984252
11
3.8210433070866143
21
-6.3551811023622049
0
LINE
8
CYAN2
6
CONTINUOUS
10
3.8210433070866143
20
-6.3551811023622049
11
3.8186614173228346
21
-6.3575629921259846
0
LINE
8
CYAN2
6
CONTINUOUS
10
3.8186614173228346
20
-6.3575629921259846
11
3.8138976377952756
21
-6.3647047244094495
0
LINE
8
CYAN2
6
CONTINUOUS
10
3.8138976377952756
20
-6.3647047244094495
11
3.8115196850393702
21
-6.3742283464566931
0
LINE
8
CYAN2
6
CONTINUOUS
10
3.8115196850393702
20
-6.3742283464566931
11
3.8115196850393702
21
-6.3932755905511813
0
LINE
8
CYAN2
6
CONTINUOUS
10
3.8115196850393702
20
-6.3932755905511813
11
3.8138976377952756
21
-6.3980393700787408
0
LINE
8
CYAN2
6
CONTINUOUS
10
3.8138976377952756
20
-6.3980393700787408
11
3.8162795275590553
21
-6.4004212598425196
0
LINE
8
CYAN2
6
CONTINUOUS
10
3.8162795275590553
20
-6.4004212598425196
11
3.8210433070866143
21
-6.4027992125984259
0
LINE
8
CYAN2
6
CONTINUOUS
10
3.8210433070866143
20
-6.4027992125984259
11
3.8305669291338584
21
-6.4027992125984259
0
LINE
8
CYAN2
6
CONTINUOUS
10
3.8305669291338584
20
-6.4027992125984259
11
3.8353267716535435
21
-6.4004212598425196
0
LINE
8
CYAN2
6
CONTINUOUS
10
3.8353267716535435
20
-6.4004212598425196
11
3.8377086614173228
21
-6.3980393700787408
0
LINE
8
CYAN2
6
CONTINUOUS
10
3.8377086614173228
20
-6.3980393700787408
11
3.8400905511811025
21
-6.3932755905511813
0
LINE
8
CYAN2
6
CONTINUOUS
10
3.8400905511811025
20
-6.3932755905511813
11
3.8400905511811025
21
-6.3813700787401579
0
LINE
8
CYAN2
6
CONTINUOUS
10
3.8400905511811025
20
-6.3813700787401579
11
3.8377086614173228
21
-6.3766102362204728
0
LINE
8
CYAN2
6
CONTINUOUS
10
3.8377086614173228
20
-6.3766102362204728
11
3.8353267716535435
21
-6.3742283464566931
0
LINE
8
CYAN2
6
CONTINUOUS
10
3.8353267716535435
20
-6.3742283464566931
11
3.8305669291338584
21
-6.3718464566929134
0
LINE
8
CYAN2
6
CONTINUOUS
10
3.8305669291338584
20
-6.3718464566929134
11
3.8210433070866143
21
-6.3718464566929134
0
LINE
8
CYAN2
6
CONTINUOUS
10
3.8210433070866143
20
-6.3718464566929134
11
3.8162795275590553
21
-6.3742283464566931
0
LINE
8
CYAN2
6
CONTINUOUS
10
3.8162795275590553
20
-6.3742283464566931
11
3.8138976377952756
21
-6.3766102362204728
0
LINE
8
CYAN2
6
CONTINUOUS
10
3.8138976377952756
20
-6.3766102362204728
11
3.8115196850393702
21
-6.3813700787401579
0
LINE
8
CYAN2
6
CONTINUOUS
10
3.692948818897638
20
-6.5066102362204727
11
3.7000905511811024
21
-6.5089921259842525
0
LINE
8
CYAN2
6
CONTINUOUS
10
3.7000905511811024
20
-6.5089921259842525
11
3.7024724409448821
21
-6.5113700787401578
0
LINE
8
CYAN2
6
CONTINUOUS
10
3.7024724409448821
20
-6.5113700787401578
11
3.7048503937007875
21
-6.5161338582677164
0
LINE
8
CYAN2
6
CONTINUOUS
10
3.7048503937007875
20
-6.5161338582677164
11
3.7048503937007875
21
-6.5232755905511812
0
LINE
8
CYAN2
6
CONTINUOUS
10
3.7048503937007875
20
-6.5232755905511812
11
3.7024724409448821
21
-6.5280393700787407
0
LINE
8
CYAN2
6
CONTINUOUS
10
3.7024724409448821
20
-6.5280393700787407
11
3.7000905511811024
21
-6.5304212598425195
0
LINE
8
CYAN2
6
CONTINUOUS
10
3.7000905511811024
20
-6.5304212598425195
11
3.6953267716535434
21
-6.5327992125984258
0
LINE
8
CYAN2
6
CONTINUOUS
10
3.6953267716535434
20
-6.5327992125984258
11
3.6762795275590552
21
-6.5327992125984258
0
LINE
8
CYAN2
6
CONTINUOUS
10
3.6762795275590552
20
-6.5327992125984258
11
3.6762795275590552
21
-6.4827992125984251
0
LINE
8
CYAN2
6
CONTINUOUS
10
3.6762795275590552
20
-6.4827992125984251
11
3.692948818897638
21
-6.4827992125984251
0
LINE
8
CYAN2
6
CONTINUOUS
10
3.692948818897638
20
-6.4827992125984251
11
3.6977086614173231
21
-6.4851811023622048
0
LINE
8
CYAN2
6
CONTINUOUS
10
3.6977086614173231
20
-6.4851811023622048
11
3.7000905511811024
21
-6.4875629921259845
0
LINE
8
CYAN2
6
CONTINUOUS
10
3.7000905511811024
20
-6.4875629921259845
11
3.7024724409448821
21
-6.4923228346456696
0
LINE
8
CYAN2
6
CONTINUOUS
10
3.7024724409448821
20
-6.4923228346456696
11
3.7024724409448821
21
-6.4970866141732282
0
LINE
8
CYAN2
6
CONTINUOUS
10
3.7024724409448821
20
-6.4970866141732282
11
3.7000905511811024
21
-6.5018464566929133
0
LINE
8
CYAN2
6
CONTINUOUS
10
3.7000905511811024
20
-6.5018464566929133
11
3.6977086614173231
21
-6.504228346456693
0
LINE
8
CYAN2
6
CONTINUOUS
10
3.6977086614173231
20
-6.504228346456693
11
3.692948818897638
21
-6.5066102362204727
0
LINE
8
CYAN2
6
CONTINUOUS
10
3.692948818897638
20
-6.5066102362204727
11
3.6762795275590552
21
-6.5066102362204727
0
LINE
8
CYAN2
6
CONTINUOUS
10
3.7500905511811027
20
-6.5327992125984258
11
3.7262795275590554
21
-6.5327992125984258
0
LINE
8
CYAN2
6
CONTINUOUS
10
3.7262795275590554
20
-6.5327992125984258
11
3.7262795275590554
21
-6.4827992125984251
0
LINE
8
CYAN2
6
CONTINUOUS
10
3.7667559055118112
20
-6.4827992125984251
11
3.7667559055118112
21
-6.5232755905511812
0
LINE
8
CYAN2
6
CONTINUOUS
10
3.7667559055118112
20
-6.5232755905511812
11
3.7691377952755909
21
-6.5280393700787407
0
LINE
8
CYAN2
6
CONTINUOUS
10
3.7691377952755909
20
-6.5280393700787407
11
3.7715196850393702
21
-6.5304212598425195
0
LINE
8
CYAN2
6
CONTINUOUS
10
3.7715196850393702
20
-6.5304212598425195
11
3.7762795275590553
21
-6.5327992125984258
0
LINE
8
CYAN2
6
CONTINUOUS
10
3.7762795275590553
20
-6.5327992125984258
11
3.7858031496062994
21
-6.5327992125984258
0
LINE
8
CYAN2
6
CONTINUOUS
10
3.7858031496062994
20
-6.5327992125984258
11
3.7905669291338584
21
-6.5304212598425195
0
LINE
8
CYAN2
6
CONTINUOUS
10
3.7905669291338584
20
-6.5304212598425195
11
3.7929488188976381
21
-6.5280393700787407
0
LINE
8
CYAN2
6
CONTINUOUS
10
3.7929488188976381
20
-6.5280393700787407
11
3.7953267716535435
21
-6.5232755905511812
0
LINE
8
CYAN2
6
CONTINUOUS
10
3.7953267716535435
20
-6.5232755905511812
11
3.7953267716535435
21
-6.4827992125984251
0
LINE
8
CYAN2
6
CONTINUOUS
10
3.8191377952755907
20
-6.5066102362204727
11
3.8358070866141736
21
-6.5066102362204727
0
LINE
8
CYAN2
6
CONTINUOUS
10
3.842948818897638
20
-6.5327992125984258
11
3.8191377952755907
21
-6.5327992125984258
0
LINE
8
CYAN2
6
CONTINUOUS
10
3.8191377952755907
20
-6.5327992125984258
11
3.8191377952755907
21
-6.4827992125984251
0
LINE
8
CYAN2
6
CONTINUOUS
10
3.8191377952755907
20
-6.4827992125984251
11
3.842948818897638
21
-6.4827992125984251
0
LINE
8
RED2
6
CONTINUOUS
10
4.5300000000000002
20
-6.5200000000000005
11
4.5899999999999999
21
-6.5800000000000001
0
LINE
8
RED2
6
CONTINUOUS
10
4.5899999999999999
20
-6.5800000000000001
11
4.5899999999999999
21
-6.5499999999999998
0
LINE
8
RED2
6
CONTINUOUS
10
4.5899999999999999
20
-6.5499999999999998
11
4.5899999999999999
21
-6.5800000000000001
0
LINE
8
RED2
6
CONTINUOUS
10
4.5899999999999999
20
-6.5800000000000001
11
4.5600000000000005
21
-6.5800000000000001
0
LINE
8
RED2
6
CONTINUOUS
10
4.5300000000000002
20
-6.4700000000000006
11
4.5899999999999999
21
-6.5300000000000002
0
LINE
8
RED2
6
CONTINUOUS
10
4.5899999999999999
20
-6.5300000000000002
11
4.5899999999999999
21
-6.5
0
LINE
8
RED2
6
CONTINUOUS
10
4.5899999999999999
20
-6.5
11
4.5899999999999999
21
-6.5300000000000002
0
LINE
8
RED2
6
CONTINUOUS
10
4.5899999999999999
20
-6.5300000000000002
11
4.5600000000000005
21
-6.5300000000000002
0
LINE
8
RED2
6
CONTINUOUS
10
4.5
20
-6.4500000000000002
11
4.5
21
-6.3500000000000005
0
LINE
8
RED2
6
CONTINUOUS
10
4.5499999999999998
20
-6.4500000000000002
11
4.4500000000000002
21
-6.4500000000000002
0
LINE
8
RED2
6
CONTINUOUS
10
4.5499999999999998
20
-6.3500000000000005
11
4.4500000000000002
21
-6.3500000000000005
0
LINE
8
RED2
6
CONTINUOUS
10
4.4500000000000002
20
-6.3500000000000005
11
4.5
21
-6.4500000000000002
0
LINE
8
RED2
6
CONTINUOUS
10
4.5
20
-6.4500000000000002
11
4.5499999999999998
21
-6.3500000000000005
0
LINE
8
RED2
6
CONTINUOUS
10
4.5
20
-6.4500000000000002
11
4.5
21
-6.5499999999999998
0
LINE
8
RED2
6
CONTINUOUS
10
4.5
20
-6.3500000000000005
11
4.5
21
-6.25
0
LINE
8
CYAN2
6
CONTINUOUS
10
4.5862795275590553
20
-6.3327992125984256
11
4.5862795275590553
21
-6.2827992125984258
0
LINE
8
CYAN2
6
CONTINUOUS
10
4.5862795275590553
20
-6.2827992125984258
11
4.5981850393700787
21
-6.2827992125984258
0
LINE
8
CYAN2
6
CONTINUOUS
10
4.5981850393700787
20
-6.2827992125984258
11
4.6053267716535435
21
-6.2851811023622046
0
LINE
8
CYAN2
6
CONTINUOUS
10
4.6053267716535435
20
-6.2851811023622046
11
4.6100905511811021
21
-6.2899448818897641
0
LINE
8
CYAN2
6
CONTINUOUS
10
4.6100905511811021
20
-6.2899448818897641
11
4.6124724409448818
21
-6.2947047244094492
0
LINE
8
CYAN2
6
CONTINUOUS
10
4.6124724409448818
20
-6.2947047244094492
11
4.6148503937007872
21
-6.3042283464566928
0
LINE
8
CYAN2
6
CONTINUOUS
10
4.6148503937007872
20
-6.3042283464566928
11
4.6148503937007872
21
-6.3113700787401577
0
LINE
8
CYAN2
6
CONTINUOUS
10
4.6148503937007872
20
-6.3113700787401577
11
4.6124724409448818
21
-6.3208937007874022
0
LINE
8
CYAN2
6
CONTINUOUS
10
4.6124724409448818
20
-6.3208937007874022
11
4.6100905511811021
21
-6.3256574803149608
0
LINE
8
CYAN2
6
CONTINUOUS
10
4.6100905511811021
20
-6.3256574803149608
11
4.6053267716535435
21
-6.3304212598425202
0
LINE
8
CYAN2
6
CONTINUOUS
10
4.6053267716535435
20
-6.3304212598425202
11
4.5981850393700787
21
-6.3327992125984256
0
LINE
8
CYAN2
6
CONTINUOUS
10
4.5981850393700787
20
-6.3327992125984256
11
4.5862795275590553
21
-6.3327992125984256
0
LINE
8
CYAN2
6
CONTINUOUS
10
4.6577086614173231
20
-6.2994685039370077
11
4.6577086614173231
21
-6.3327992125984256
0
LINE
8
CYAN2
6
CONTINUOUS
10
4.6458031496062997
20
-6.2804212598425195
11
4.6339015748031498
21
-6.3161338582677171
0
LINE
8
CYAN2
6
CONTINUOUS
10
4.6339015748031498
20
-6.3161338582677171
11
4.6648503937007879
21
-6.3161338582677171
0
LINE
8
CYAN2
6
CONTINUOUS
10
4.6910433070866144
20
-6.3042283464566928
11
4.686279527559055
21
-6.301846456692914
0
LINE
8
CYAN2
6
CONTINUOUS
10
4.686279527559055
20
-6.301846456692914
11
4.6838976377952761
21
-6.2994685039370077
0
LINE
8
CYAN2
6
CONTINUOUS
10
4.6838976377952761
20
-6.2994685039370077
11
4.6815196850393699
21
-6.2947047244094492
0
LINE
8
CYAN2
6
CONTINUOUS
10
4.6815196850393699
20
-6.2947047244094492
11
4.6815196850393699
21
-6.2923228346456694
0
LINE
8
CYAN2
6
CONTINUOUS
10
4.6815196850393699
20
-6.2923228346456694
11
4.6838976377952761
21
-6.2875629921259844
0
LINE
8
CYAN2
6
CONTINUOUS
10
4.6838976377952761
20
-6.2875629921259844
11
4.686279527559055
21
-6.2851811023622046
0
LINE
8
CYAN2
6
CONTINUOUS
10
4.686279527559055
20
-6.2851811023622046
11
4.6910433070866144
21
-6.2827992125984258
0
LINE
8
CYAN2
6
CONTINUOUS
10
4.6910433070866144
20
-6.2827992125984258
11
4.7005669291338581
21
-6.2827992125984258
0
LINE
8
CYAN2
6
CONTINUOUS
10
4.7005669291338581
20
-6.2827992125984258
11
4.7053267716535432
21
-6.2851811023622046
0
LINE
8
CYAN2
6
CONTINUOUS
10
4.7053267716535432
20
-6.2851811023622046
11
4.7077086614173229
21
-6.2875629921259844
0
LINE
8
CYAN2
6
CONTINUOUS
10
4.7077086614173229
20
-6.2875629921259844
11
4.7100905511811026
21
-6.2923228346456694
0
LINE
8
CYAN2
6
CONTINUOUS
10
4.7100905511811026
20
-6.2923228346456694
11
4.7100905511811026
21
-6.2947047244094492
0
LINE
8
CYAN2
6
CONTINUOUS
10
4.7100905511811026
20
-6.2947047244094492
11
4.7077086614173229
21
-6.2994685039370077
0
LINE
8
CYAN2
6
CONTINUOUS
10
4.7077086614173229
20
-6.2994685039370077
11
4.7053267716535432
21
-6.301846456692914
0
LINE
8
CYAN2
6
CONTINUOUS
10
4.7053267716535432
20
-6.301846456692914
11
4.7005669291338581
21
-6.3042283464566928
0
LINE
8
CYAN2
6
CONTINUOUS
10
4.7005669291338581
20
-6.3042283464566928
11
4.6910433070866144
21
-6.3042283464566928
0
LINE
8
CYAN2
6
CONTINUOUS
10
4.6910433070866144
20
-6.3042283464566928
11
4.686279527559055
21
-6.3066102362204726
0
LINE
8
CYAN2
6
CONTINUOUS
10
4.686279527559055
20
-6.3066102362204726
11
4.6838976377952761
21
-6.3089921259842523
0
LINE
8
CYAN2
6
CONTINUOUS
10
4.6838976377952761
20
-6.3089921259842523
11
4.6815196850393699
21
-6.3137519685039374
0
LINE
8
CYAN2
6
CONTINUOUS
10
4.6815196850393699
20
-6.3137519685039374
11
4.6815196850393699
21
-6.323275590551181
0
LINE
8
CYAN2
6
CONTINUOUS
10
4.6815196850393699
20
-6.323275590551181
11
4.6838976377952761
21
-6.3280393700787405
0
LINE
8
CYAN2
6
CONTINUOUS
10
4.6838976377952761
20
-6.3280393700787405
11
4.686279527559055
21
-6.3304212598425202
0
LINE
8
CYAN2
6
CONTINUOUS
10
4.686279527559055
20
-6.3304212598425202
11
4.6910433070866144
21
-6.3327992125984256
0
LINE
8
CYAN2
6
CONTINUOUS
10
4.6910433070866144
20
-6.3327992125984256
11
4.7005669291338581
21
-6.3327992125984256
0
LINE
8
CYAN2
6
CONTINUOUS
10
4.7005669291338581
20
-6.3327992125984256
11
4.7053267716535432
21
-6.3304212598425202
0
LINE
8
CYAN2
6
CONTINUOUS
10
4.7053267716535432
20
-6.3304212598425202
11
4.7077086614173229
21
-6.3280393700787405
0
LINE
8
CYAN2
6
CONTINUOUS
10
4.7077086614173229
20
-6.3280393700787405
11
4.7100905511811026
21
-6.323275590551181
0
LINE
8
CYAN2
6
CONTINUOUS
10
4.7100905511811026
20
-6.323275590551181
11
4.7100905511811026
21
-6.3137519685039374
0
LINE
8
CYAN2
6
CONTINUOUS
10
4.7100905511811026
20
-6.3137519685039374
11
4.7077086614173229
21
-6.3089921259842523
0
LINE
8
CYAN2
6
CONTINUOUS
10
4.7077086614173229
20
-6.3089921259842523
11
4.7053267716535432
21
-6.3066102362204726
0
LINE
8
CYAN2
6
CONTINUOUS
10
4.7053267716535432
20
-6.3066102362204726
11
4.7005669291338581
21
-6.3042283464566928
0
LINE
8
CYAN2
6
CONTINUOUS
10
4.6029488188976382
20
-6.4066102362204731
11
4.6100905511811021
21
-6.4089921259842519
0
LINE
8
CYAN2
6
CONTINUOUS
10
4.6100905511811021
20
-6.4089921259842519
11
4.6124724409448818
21
-6.4113700787401573
0
LINE
8
CYAN2
6
CONTINUOUS
10
4.6124724409448818
20
-6.4113700787401573
11
4.6148503937007872
21
-6.4161338582677168
0
LINE
8
CYAN2
6
CONTINUOUS
10
4.6148503937007872
20
-6.4161338582677168
11
4.6148503937007872
21
-6.4232755905511816
0
LINE
8
CYAN2
6
CONTINUOUS
10
4.6148503937007872
20
-6.4232755905511816
11
4.6124724409448818
21
-6.4280393700787402
0
LINE
8
CYAN2
6
CONTINUOUS
10
4.6124724409448818
20
-6.4280393700787402
11
4.6100905511811021
21
-6.4304212598425199
0
LINE
8
CYAN2
6
CONTINUOUS
10
4.6100905511811021
20
-6.4304212598425199
11
4.6053267716535435
21
-6.4327992125984252
0
LINE
8
CYAN2
6
CONTINUOUS
10
4.6053267716535435
20
-6.4327992125984252
11
4.5862795275590553
21
-6.4327992125984252
0
LINE
8
CYAN2
6
CONTINUOUS
10
4.5862795275590553
20
-6.4327992125984252
11
4.5862795275590553
21
-6.3827992125984254
0
LINE
8
CYAN2
6
CONTINUOUS
10
4.5862795275590553
20
-6.3827992125984254
11
4.6029488188976382
21
-6.3827992125984254
0
LINE
8
CYAN2
6
CONTINUOUS
10
4.6029488188976382
20
-6.3827992125984254
11
4.6077086614173233
21
-6.3851811023622052
0
LINE
8
CYAN2
6
CONTINUOUS
10
4.6077086614173233
20
-6.3851811023622052
11
4.6100905511811021
21
-6.3875629921259849
0
LINE
8
CYAN2
6
CONTINUOUS
10
4.6100905511811021
20
-6.3875629921259849
11
4.6124724409448818
21
-6.39232283464567
0
LINE
8
CYAN2
6
CONTINUOUS
10
4.6124724409448818
20
-6.39232283464567
11
4.6124724409448818
21
-6.3970866141732285
0
LINE
8
CYAN2
6
CONTINUOUS
10
4.6124724409448818
20
-6.3970866141732285
11
4.6100905511811021
21
-6.4018464566929136
0
LINE
8
CYAN2
6
CONTINUOUS
10
4.6100905511811021
20
-6.4018464566929136
11
4.6077086614173233
21
-6.4042283464566934
0
LINE
8
CYAN2
6
CONTINUOUS
10
4.6077086614173233
20
-6.4042283464566934
11
4.6029488188976382
21
-6.4066102362204731
0
LINE
8
CYAN2
6
CONTINUOUS
10
4.6029488188976382
20
-6.4066102362204731
11
4.5862795275590553
21
-6.4066102362204731
0
LINE
8
CYAN2
6
CONTINUOUS
10
4.6600905511811028
20
-6.4327992125984252
11
4.6362795275590551
21
-6.4327992125984252
0
LINE
8
CYAN2
6
CONTINUOUS
10
4.6362795275590551
20
-6.4327992125984252
11
4.6362795275590551
21
-6.3827992125984254
0
LINE
8
CYAN2
6
CONTINUOUS
10
4.6767559055118113
20
-6.3827992125984254
11
4.6767559055118113
21
-6.4232755905511816
0
LINE
8
CYAN2
6
CONTINUOUS
10
4.6767559055118113
20
-6.4232755905511816
11
4.679137795275591
21
-6.4280393700787402
0
LINE
8
CYAN2
6
CONTINUOUS
10
4.679137795275591
20
-6.4280393700787402
11
4.6815196850393699
21
-6.4304212598425199
0
LINE
8
CYAN2
6
CONTINUOUS
10
4.6815196850393699
20
-6.4304212598425199
11
4.686279527559055
21
-6.4327992125984252
0
LINE
8
CYAN2
6
CONTINUOUS
10
4.686279527559055
20
-6.4327992125984252
11
4.6958031496062995
21
-6.4327992125984252
0
LINE
8
CYAN2
6
CONTINUOUS
10
4.6958031496062995
20
-6.4327992125984252
11
4.7005669291338581
21
-6.4304212598425199
0
LINE
8
CYAN2
6
CONTINUOUS
10
4.7005669291338581
20
-6.4304212598425199
11
4.7029488188976378
21
-6.4280393700787402
0
LINE
8
CYAN2
6
CONTINUOUS
10
4.7029488188976378
20
-6.4280393700787402
11
4.7053267716535432
21
-6.4232755905511816
0
LINE
8
CYAN2
6
CONTINUOUS
10
4.7053267716535432
20
-6.4232755905511816
11
4.7053267716535432
21
-6.3827992125984254
0
LINE
8
CYAN2
6
CONTINUOUS
10
4.7291377952755909
20
-6.4066102362204731
11
4.7458070866141737
21
-6.4066102362204731
0
LINE
8
CYAN2
6
CONTINUOUS
10
4.7529488188976377
20
-6.4327992125984252
11
4.7291377952755909
21
-6.4327992125984252
0
LINE
8
CYAN2
6
CONTINUOUS
10
4.7291377952755909
20
-6.4327992125984252
11
4.7291377952755909
21
-6.3827992125984254
0
LINE
8
CYAN2
6
CONTINUOUS
10
4.7291377952755909
20
-6.3827992125984254
11
4.7529488188976377
21
-6.3827992125984254
0
LINE
8
RED2
6
CONTINUOUS
10
4.46
20
-6.9500000000000002
11
4.46
21
-6.75
0
LINE
8
RED2
6
CONTINUOUS
10
4.46
20
-6.75
11
4.54
21
-6.75
0
LINE
8
RED2
6
CONTINUOUS
10
4.54
20
-6.75
11
4.54
21
-6.9500000000000002
0
LINE
8
RED2
6
CONTINUOUS
10
4.54
20
-6.9500000000000002
11
4.46
21
-6.9500000000000002
0
LINE
8
RED2
6
CONTINUOUS
10
4.5
20
-6.75
11
4.5
21
-6.7000000000000002
0
LINE
8
RED2
6
CONTINUOUS
10
4.5
20
-6.9500000000000002
11
4.5
21
-7.
0
LINE
8
CYAN2
6
CONTINUOUS
10
4.6448503937007874
20
-6.8227992125984258
11
4.628185039370079
21
-6.7989921259842525
0
LINE
8
CYAN2
6
CONTINUOUS
10
4.6162795275590556
20
-6.8227992125984258
11
4.6162795275590556
21
-6.7727992125984251
0
LINE
8
CYAN2
6
CONTINUOUS
10
4.6162795275590556
20
-6.7727992125984251
11
4.6353267716535438
21
-6.7727992125984251
0
LINE
8
CYAN2
6
CONTINUOUS
10
4.6353267716535438
20
-6.7727992125984251
11
4.6400905511811024
21
-6.7751811023622048
0
LINE
8
CYAN2
6
CONTINUOUS
10
4.6400905511811024
20
-6.7751811023622048
11
4.6424724409448821
21
-6.7775629921259846
0
LINE
8
CYAN2
6
CONTINUOUS
10
4.6424724409448821
20
-6.7775629921259846
11
4.6448503937007874
21
-6.7823228346456697
0
LINE
8
CYAN2
6
CONTINUOUS
10
4.6448503937007874
20
-6.7823228346456697
11
4.6448503937007874
21
-6.789468503937008
0
LINE
8
CYAN2
6
CONTINUOUS
10
4.6448503937007874
20
-6.789468503937008
11
4.6424724409448821
21
-6.794228346456693
0
LINE
8
CYAN2
6
CONTINUOUS
10
4.6424724409448821
20
-6.794228346456693
11
4.6400905511811024
21
-6.7966102362204728
0
LINE
8
CYAN2
6
CONTINUOUS
10
4.6400905511811024
20
-6.7966102362204728
11
4.6353267716535438
21
-6.7989921259842525
0
LINE
8
CYAN2
6
CONTINUOUS
10
4.6353267716535438
20
-6.7989921259842525
11
4.6162795275590556
21
-6.7989921259842525
0
LINE
8
CYAN2
6
CONTINUOUS
10
4.6877086614173233
20
-6.7727992125984251
11
4.6781850393700788
21
-6.7727992125984251
0
LINE
8
CYAN2
6
CONTINUOUS
10
4.6781850393700788
20
-6.7727992125984251
11
4.6734251968503937
21
-6.7751811023622048
0
LINE
8
CYAN2
6
CONTINUOUS
10
4.6734251968503937
20
-6.7751811023622048
11
4.671043307086614
21
-6.7775629921259846
0
LINE
8
CYAN2
6
CONTINUOUS
10
4.671043307086614
20
-6.7775629921259846
11
4.6662795275590554
21
-6.7847047244094494
0
LINE
8
CYAN2
6
CONTINUOUS
10
4.6662795275590554
20
-6.7847047244094494
11
4.66390157480315
21
-6.794228346456693
0
LINE
8
CYAN2
6
CONTINUOUS
10
4.66390157480315
20
-6.794228346456693
11
4.66390157480315
21
-6.8132755905511813
0
LINE
8
CYAN2
6
CONTINUOUS
10
4.66390157480315
20
-6.8132755905511813
11
4.6662795275590554
21
-6.8180393700787407
0
LINE
8
CYAN2
6
CONTINUOUS
10
4.6662795275590554
20
-6.8180393700787407
11
4.6686614173228351
21
-6.8204212598425196
0
LINE
8
CYAN2
6
CONTINUOUS
10
4.6686614173228351
20
-6.8204212598425196
11
4.6734251968503937
21
-6.8227992125984258
0
LINE
8
CYAN2
6
CONTINUOUS
10
4.6734251968503937
20
-6.8227992125984258
11
4.6829488188976383
21
-6.8227992125984258
0
LINE
8
CYAN2
6
CONTINUOUS
10
4.6829488188976383
20
-6.8227992125984258
11
4.6877086614173233
21
-6.8204212598425196
0
LINE
8
CYAN2
6
CONTINUOUS
10
4.6877086614173233
20
-6.8204212598425196
11
4.6900905511811022
21
-6.8180393700787407
0
LINE
8
CYAN2
6
CONTINUOUS
10
4.6900905511811022
20
-6.8180393700787407
11
4.6924724409448819
21
-6.8132755905511813
0
LINE
8
CYAN2
6
CONTINUOUS
10
4.6924724409448819
20
-6.8132755905511813
11
4.6924724409448819
21
-6.8013700787401579
0
LINE
8
CYAN2
6
CONTINUOUS
10
4.6924724409448819
20
-6.8013700787401579
11
4.6900905511811022
21
-6.7966102362204728
0
LINE
8
CYAN2
6
CONTINUOUS
10
4.6900905511811022
20
-6.7966102362204728
11
4.6877086614173233
21
-6.794228346456693
0
LINE
8
CYAN2
6
CONTINUOUS
10
4.6877086614173233
20
-6.794228346456693
11
4.6829488188976383
21
-6.7918464566929133
0
LINE
8
CYAN2
6
CONTINUOUS
10
4.6829488188976383
20
-6.7918464566929133
11
4.6734251968503937
21
-6.7918464566929133
0
LINE
8
CYAN2
6
CONTINUOUS
10
4.6734251968503937
20
-6.7918464566929133
11
4.6686614173228351
21
-6.794228346456693
0
LINE
8
CYAN2
6
CONTINUOUS
10
4.6686614173228351
20
-6.794228346456693
11
4.6662795275590554
21
-6.7966102362204728
0
LINE
8
CYAN2
6
CONTINUOUS
10
4.6662795275590554
20
-6.7966102362204728
11
4.66390157480315
21
-6.8013700787401579
0
LINE
8
CYAN2
6
CONTINUOUS
10
4.7115196850393701
20
-6.7775629921259846
11
4.7138976377952755
21
-6.7751811023622048
0
LINE
8
CYAN2
6
CONTINUOUS
10
4.7138976377952755
20
-6.7751811023622048
11
4.718661417322835
21
-6.7727992125984251
0
LINE
8
CYAN2
6
CONTINUOUS
10
4.718661417322835
20
-6.7727992125984251
11
4.7305669291338583
21
-6.7727992125984251
0
LINE
8
CYAN2
6
CONTINUOUS
10
4.7305669291338583
20
-6.7727992125984251
11
4.7353267716535434
21
-6.7751811023622048
0
LINE
8
CYAN2
6
CONTINUOUS
10
4.7353267716535434
20
-6.7751811023622048
11
4.7377086614173232
21
-6.7775629921259846
0
LINE
8
CYAN2
6
CONTINUOUS
10
4.7377086614173232
20
-6.7775629921259846
11
4.7400905511811029
21
-6.7823228346456697
0
LINE
8
CYAN2
6
CONTINUOUS
10
4.7400905511811029
20
-6.7823228346456697
11
4.7400905511811029
21
-6.7870866141732282
0
LINE
8
CYAN2
6
CONTINUOUS
10
4.7400905511811029
20
-6.7870866141732282
11
4.7377086614173232
21
-6.794228346456693
0
LINE
8
CYAN2
6
CONTINUOUS
10
4.7377086614173232
20
-6.794228346456693
11
4.7091377952755904
21
-6.8227992125984258
0
LINE
8
CYAN2
6
CONTINUOUS
10
4.7091377952755904
20
-6.8227992125984258
11
4.7400905511811029
21
-6.8227992125984258
0
LINE
8
CYAN2
6
CONTINUOUS
10
4.6139015748031502
20
-6.8775629921259842
11
4.6162795275590556
21
-6.8751811023622054
0
LINE
8
CYAN2
6
CONTINUOUS
10
4.6162795275590556
20
-6.8751811023622054
11
4.6210433070866141
21
-6.8727992125984256
0
LINE
8
CYAN2
6
CONTINUOUS
10
4.6210433070866141
20
-6.8727992125984256
11
4.6329488188976375
21
-6.8727992125984256
0
LINE
8
CYAN2
6
CONTINUOUS
10
4.6329488188976375
20
-6.8727992125984256
11
4.6377086614173226
21
-6.8751811023622054
0
LINE
8
CYAN2
6
CONTINUOUS
10
4.6377086614173226
20
-6.8751811023622054
11
4.6400905511811024
21
-6.8775629921259842
0
LINE
8
CYAN2
6
CONTINUOUS
10
4.6400905511811024
20
-6.8775629921259842
11
4.6424724409448821
21
-6.8823228346456693
0
LINE
8
CYAN2
6
CONTINUOUS
10
4.6424724409448821
20
-6.8823228346456693
11
4.6424724409448821
21
-6.8870866141732288
0
LINE
8
CYAN2
6
CONTINUOUS
10
4.6424724409448821
20
-6.8870866141732288
11
4.6400905511811024
21
-6.8942283464566936
0
LINE
8
CYAN2
6
CONTINUOUS
10
4.6400905511811024
20
-6.8942283464566936
11
4.6115196850393705
21
-6.9227992125984255
0
LINE
8
CYAN2
6
CONTINUOUS
10
4.6115196850393705
20
-6.9227992125984255
11
4.6424724409448821
21
-6.9227992125984255
0
LINE
8
CYAN2
6
CONTINUOUS
10
4.6615196850393703
20
-6.8775629921259842
11
4.6638976377952757
21
-6.8751811023622054
0
LINE
8
CYAN2
6
CONTINUOUS
10
4.6638976377952757
20
-6.8751811023622054
11
4.6686614173228351
21
-6.8727992125984256
0
LINE
8
CYAN2
6
CONTINUOUS
10
4.6686614173228351
20
-6.8727992125984256
11
4.6805669291338585
21
-6.8727992125984256
0
LINE
8
CYAN2
6
CONTINUOUS
10
4.6805669291338585
20
-6.8727992125984256
11
4.6853267716535436
21
-6.8751811023622054
0
LINE
8
CYAN2
6
CONTINUOUS
10
4.6853267716535436
20
-6.8751811023622054
11
4.6877086614173233
21
-6.8775629921259842
0
LINE
8
CYAN2
6
CONTINUOUS
10
4.6877086614173233
20
-6.8775629921259842
11
4.6900905511811022
21
-6.8823228346456693
0
LINE
8
CYAN2
6
CONTINUOUS
10
4.6900905511811022
20
-6.8823228346456693
11
4.6900905511811022
21
-6.8870866141732288
0
LINE
8
CYAN2
6
CONTINUOUS
10
4.6900905511811022
20
-6.8870866141732288
11
4.6877086614173233
21
-6.8942283464566936
0
LINE
8
CYAN2
6
CONTINUOUS
10
4.6877086614173233
20
-6.8942283464566936
11
4.6591377952755906
21
-6.9227992125984255
0
LINE
8
CYAN2
6
CONTINUOUS
10
4.6591377952755906
20
-6.9227992125984255
11
4.6900905511811022
21
-6.9227992125984255
0
LINE
8
CYAN2
6
CONTINUOUS
10
4.7210393700787403
20
-6.8727992125984256
11
4.7258031496062998
21
-6.8727992125984256
0
LINE
8
CYAN2
6
CONTINUOUS
10
4.7258031496062998
20
-6.8727992125984256
11
4.7305629921259849
21
-6.8751811023622054
0
LINE
8
CYAN2
6
CONTINUOUS
10
4.7305629921259849
20
-6.8751811023622054
11
4.7329448818897637
21
-6.8775629921259842
0
LINE
8
CYAN2
6
CONTINUOUS
10
4.7329448818897637
20
-6.8775629921259842
11
4.7353267716535434
21
-6.8823228346456693
0
LINE
8
CYAN2
6
CONTINUOUS
10
4.7353267716535434
20
-6.8823228346456693
11
4.7377086614173232
21
-6.8918464566929138
0
LINE
8
CYAN2
6
CONTINUOUS
10
4.7377086614173232
20
-6.8918464566929138
11
4.7377086614173232
21
-6.9037519685039372
0
LINE
8
CYAN2
6
CONTINUOUS
10
4.7377086614173232
20
-6.9037519685039372
11
4.7353267716535434
21
-6.9132755905511818
0
LINE
8
CYAN2
6
CONTINUOUS
10
4.7353267716535434
20
-6.9132755905511818
11
4.7329448818897637
21
-6.9180393700787404
0
LINE
8
CYAN2
6
CONTINUOUS
10
4.7329448818897637
20
-6.9180393700787404
11
4.7305629921259849
21
-6.9204212598425201
0
LINE
8
CYAN2
6
CONTINUOUS
10
4.7305629921259849
20
-6.9204212598425201
11
4.7258031496062998
21
-6.9227992125984255
0
LINE
8
CYAN2
6
CONTINUOUS
10
4.7258031496062998
20
-6.9227992125984255
11
4.7210393700787403
21
-6.9227992125984255
0
LINE
8
CYAN2
6
CONTINUOUS
10
4.7210393700787403
20
-6.9227992125984255
11
4.7162795275590552
21
-6.9204212598425201
0
LINE
8
CYAN2
6
CONTINUOUS
10
4.7162795275590552
20
-6.9204212598425201
11
4.7138976377952755
21
-6.9180393700787404
0
LINE
8
CYAN2
6
CONTINUOUS
10
4.7138976377952755
20
-6.9180393700787404
11
4.7115157480314966
21
-6.9132755905511818
0
LINE
8
CYAN2
6
CONTINUOUS
10
4.7115157480314966
20
-6.9132755905511818
11
4.7091377952755904
21
-6.9037519685039372
0
LINE
8
CYAN2
6
CONTINUOUS
10
4.7091377952755904
20
-6.9037519685039372
11
4.7091377952755904
21
-6.8918464566929138
0
LINE
8
CYAN2
6
CONTINUOUS
10
4.7091377952755904
20
-6.8918464566929138
11
4.7115157480314966
21
-6.8823228346456693
0
LINE
8
CYAN2
6
CONTINUOUS
10
4.7115157480314966
20
-6.8823228346456693
11
4.7138976377952755
21
-6.8775629921259842
0
LINE
8
CYAN2
6
CONTINUOUS
10
4.7138976377952755
20
-6.8775629921259842
11
4.7162795275590552
21
-6.8751811023622054
0
LINE
8
CYAN2
6
CONTINUOUS
10
4.7162795275590552
20
-6.8751811023622054
11
4.7210393700787403
21
-6.8727992125984256
0
LINE
8
RED2
6
CONTINUOUS
10
4.1600000000000001
20
-6.9500000000000002
11
4.1600000000000001
21
-6.75
0
LINE
8
RED2
6
CONTINUOUS
10
4.1600000000000001
20
-6.75
11
4.2400000000000002
21
-6.75
0
LINE
8
RED2
6
CONTINUOUS
10
4.2400000000000002
20
-6.75
11
4.2400000000000002
21
-6.9500000000000002
0
LINE
8
RED2
6
CONTINUOUS
10
4.2400000000000002
20
-6.9500000000000002
11
4.1600000000000001
21
-6.9500000000000002
0
LINE
8
RED2
6
CONTINUOUS
10
4.2000000000000002
20
-6.75
11
4.2000000000000002
21
-6.7000000000000002
0
LINE
8
RED2
6
CONTINUOUS
10
4.2000000000000002
20
-6.9500000000000002
11
4.2000000000000002
21
-7.
0
LINE
8
CYAN2
6
CONTINUOUS
10
4.3448503937007876
20
-6.8227992125984258
11
4.3281850393700791
21
-6.7989921259842525
0
LINE
8
CYAN2
6
CONTINUOUS
10
4.3162795275590549
20
-6.8227992125984258
11
4.3162795275590549
21
-6.7727992125984251
0
LINE
8
CYAN2
6
CONTINUOUS
10
4.3162795275590549
20
-6.7727992125984251
11
4.3353267716535431
21
-6.7727992125984251
0
LINE
8
CYAN2
6
CONTINUOUS
10
4.3353267716535431
20
-6.7727992125984251
11
4.3400905511811025
21
-6.7751811023622048
0
LINE
8
CYAN2
6
CONTINUOUS
10
4.3400905511811025
20
-6.7751811023622048
11
4.3424724409448823
21
-6.7775629921259846
0
LINE
8
CYAN2
6
CONTINUOUS
10
4.3424724409448823
20
-6.7775629921259846
11
4.3448503937007876
21
-6.7823228346456697
0
LINE
8
CYAN2
6
CONTINUOUS
10
4.3448503937007876
20
-6.7823228346456697
11
4.3448503937007876
21
-6.789468503937008
0
LINE
8
CYAN2
6
CONTINUOUS
10
4.3448503937007876
20
-6.789468503937008
11
4.3424724409448823
21
-6.794228346456693
0
LINE
8
CYAN2
6
CONTINUOUS
10
4.3424724409448823
20
-6.794228346456693
11
4.3400905511811025
21
-6.7966102362204728
0
LINE
8
CYAN2
6
CONTINUOUS
10
4.3400905511811025
20
-6.7966102362204728
11
4.3353267716535431
21
-6.7989921259842525
0
LINE
8
CYAN2
6
CONTINUOUS
10
4.3353267716535431
20
-6.7989921259842525
11
4.3162795275590549
21
-6.7989921259842525
0
LINE
8
CYAN2
6
CONTINUOUS
10
4.3877086614173226
20
-6.7727992125984251
11
4.378185039370079
21
-6.7727992125984251
0
LINE
8
CYAN2
6
CONTINUOUS
10
4.378185039370079
20
-6.7727992125984251
11
4.3734251968503939
21
-6.7751811023622048
0
LINE
8
CYAN2
6
CONTINUOUS
10
4.3734251968503939
20
-6.7751811023622048
11
4.3710433070866141
21
-6.7775629921259846
0
LINE
8
CYAN2
6
CONTINUOUS
10
4.3710433070866141
20
-6.7775629921259846
11
4.3662795275590556
21
-6.7847047244094494
0
LINE
8
CYAN2
6
CONTINUOUS
10
4.3662795275590556
20
-6.7847047244094494
11
4.3639015748031493
21
-6.794228346456693
0
LINE
8
CYAN2
6
CONTINUOUS
10
4.3639015748031493
20
-6.794228346456693
11
4.3639015748031493
21
-6.8132755905511813
0
LINE
8
CYAN2
6
CONTINUOUS
10
4.3639015748031493
20
-6.8132755905511813
11
4.3662795275590556
21
-6.8180393700787407
0
LINE
8
CYAN2
6
CONTINUOUS
10
4.3662795275590556
20
-6.8180393700787407
11
4.3686614173228344
21
-6.8204212598425196
0
LINE
8
CYAN2
6
CONTINUOUS
10
4.3686614173228344
20
-6.8204212598425196
11
4.3734251968503939
21
-6.8227992125984258
0
LINE
8
CYAN2
6
CONTINUOUS
10
4.3734251968503939
20
-6.8227992125984258
11
4.3829488188976375
21
-6.8227992125984258
0
LINE
8
CYAN2
6
CONTINUOUS
10
4.3829488188976375
20
-6.8227992125984258
11
4.3877086614173226
21
-6.8204212598425196
0
LINE
8
CYAN2
6
CONTINUOUS
10
4.3877086614173226
20
-6.8204212598425196
11
4.3900905511811024
21
-6.8180393700787407
0
LINE
8
CYAN2
6
CONTINUOUS
10
4.3900905511811024
20
-6.8180393700787407
11
4.3924724409448821
21
-6.8132755905511813
0
LINE
8
CYAN2
6
CONTINUOUS
10
4.3924724409448821
20
-6.8132755905511813
11
4.3924724409448821
21
-6.8013700787401579
0
LINE
8
CYAN2
6
CONTINUOUS
10
4.3924724409448821
20
-6.8013700787401579
11
4.3900905511811024
21
-6.7966102362204728
0
LINE
8
CYAN2
6
CONTINUOUS
10
4.3900905511811024
20
-6.7966102362204728
11
4.3877086614173226
21
-6.794228346456693
0
LINE
8
CYAN2
6
CONTINUOUS
10
4.3877086614173226
20
-6.794228346456693
11
4.3829488188976375
21
-6.7918464566929133
0
LINE
8
CYAN2
6
CONTINUOUS
10
4.3829488188976375
20
-6.7918464566929133
11
4.3734251968503939
21
-6.7918464566929133
0
LINE
8
CYAN2
6
CONTINUOUS
10
4.3734251968503939
20
-6.7918464566929133
11
4.3686614173228344
21
-6.794228346456693
0
LINE
8
CYAN2
6
CONTINUOUS
10
4.3686614173228344
20
-6.794228346456693
11
4.3662795275590556
21
-6.7966102362204728
0
LINE
8
CYAN2
6
CONTINUOUS
10
4.3662795275590556
20
-6.7966102362204728
11
4.3639015748031493
21
-6.8013700787401579
0
LINE
8
CYAN2
6
CONTINUOUS
10
4.4400905511811022
20
-6.8227992125984258
11
4.4115196850393703
21
-6.8227992125984258
0
LINE
8
CYAN2
6
CONTINUOUS
10
4.4258031496062991
20
-6.8227992125984258
11
4.4258031496062991
21
-6.7727992125984251
0
LINE
8
CYAN2
6
CONTINUOUS
10
4.4258031496062991
20
-6.7727992125984251
11
4.421043307086614
21
-6.7799448818897643
0
LINE
8
CYAN2
6
CONTINUOUS
10
4.421043307086614
20
-6.7799448818897643
11
4.4162795275590554
21
-6.7847047244094494
0
LINE
8
CYAN2
6
CONTINUOUS
10
4.4162795275590554
20
-6.7847047244094494
11
4.4115196850393703
21
-6.7870866141732282
0
LINE
8
CYAN2
6
CONTINUOUS
10
4.3139015748031495
20
-6.8775629921259842
11
4.3162795275590549
21
-6.8751811023622054
0
LINE
8
CYAN2
6
CONTINUOUS
10
4.3162795275590549
20
-6.8751811023622054
11
4.3210433070866143
21
-6.8727992125984256
0
LINE
8
CYAN2
6
CONTINUOUS
10
4.3210433070866143
20
-6.8727992125984256
11
4.3329488188976377
21
-6.8727992125984256
0
LINE
8
CYAN2
6
CONTINUOUS
10
4.3329488188976377
20
-6.8727992125984256
11
4.3377086614173228
21
-6.8751811023622054
0
LINE
8
CYAN2
6
CONTINUOUS
10
4.3377086614173228
20
-6.8751811023622054
11
4.3400905511811025
21
-6.8775629921259842
0
LINE
8
CYAN2
6
CONTINUOUS
10
4.3400905511811025
20
-6.8775629921259842
11
4.3424724409448823
21
-6.8823228346456693
0
LINE
8
CYAN2
6
CONTINUOUS
10
4.3424724409448823
20
-6.8823228346456693
11
4.3424724409448823
21
-6.8870866141732288
0
LINE
8
CYAN2
6
CONTINUOUS
10
4.3424724409448823
20
-6.8870866141732288
11
4.3400905511811025
21
-6.8942283464566936
0
LINE
8
CYAN2
6
CONTINUOUS
10
4.3400905511811025
20
-6.8942283464566936
11
4.3115196850393707
21
-6.9227992125984255
0
LINE
8
CYAN2
6
CONTINUOUS
10
4.3115196850393707
20
-6.9227992125984255
11
4.3424724409448823
21
-6.9227992125984255
0
LINE
8
CYAN2
6
CONTINUOUS
10
4.3615196850393705
20
-6.8775629921259842
11
4.3638976377952758
21
-6.8751811023622054
0
LINE
8
CYAN2
6
CONTINUOUS
10
4.3638976377952758
20
-6.8751811023622054
11
4.3686614173228344
21
-6.8727992125984256
0
LINE
8
CYAN2
6
CONTINUOUS
10
4.3686614173228344
20
-6.8727992125984256
11
4.3805669291338587
21
-6.8727992125984256
0
LINE
8
CYAN2
6
CONTINUOUS
10
4.3805669291338587
20
-6.8727992125984256
11
4.3853267716535438
21
-6.8751811023622054
0
LINE
8
CYAN2
6
CONTINUOUS
10
4.3853267716535438
20
-6.8751811023622054
11
4.3877086614173226
21
-6.8775629921259842
0
LINE
8
CYAN2
6
CONTINUOUS
10
4.3877086614173226
20
-6.8775629921259842
11
4.3900905511811024
21
-6.8823228346456693
0
LINE
8
CYAN2
6
CONTINUOUS
10
4.3900905511811024
20
-6.8823228346456693
11
4.3900905511811024
21
-6.8870866141732288
0
LINE
8
CYAN2
6
CONTINUOUS
10
4.3900905511811024
20
-6.8870866141732288
11
4.3877086614173226
21
-6.8942283464566936
0
LINE
8
CYAN2
6
CONTINUOUS
10
4.3877086614173226
20
-6.8942283464566936
11
4.3591377952755908
21
-6.9227992125984255
0
LINE
8
CYAN2
6
CONTINUOUS
10
4.3591377952755908
20
-6.9227992125984255
11
4.3900905511811024
21
-6.9227992125984255
0
LINE
8
CYAN2
6
CONTINUOUS
10
4.4210393700787405
20
-6.8727992125984256
11
4.4258031496062991
21
-6.8727992125984256
0
LINE
8
CYAN2
6
CONTINUOUS
10
4.4258031496062991
20
-6.8727992125984256
11
4.4305629921259841
21
-6.8751811023622054
0
LINE
8
CYAN2
6
CONTINUOUS
10
4.4305629921259841
20
-6.8751811023622054
11
4.4329448818897639
21
-6.8775629921259842
0
LINE
8
CYAN2
6
CONTINUOUS
10
4.4329448818897639
20
-6.8775629921259842
11
4.4353267716535436
21
-6.8823228346456693
0
LINE
8
CYAN2
6
CONTINUOUS
10
4.4353267716535436
20
-6.8823228346456693
11
4.4377086614173233
21
-6.8918464566929138
0
LINE
8
CYAN2
6
CONTINUOUS
10
4.4377086614173233
20
-6.8918464566929138
11
4.4377086614173233
21
-6.9037519685039372
0
LINE
8
CYAN2
6
CONTINUOUS
10
4.4377086614173233
20
-6.9037519685039372
11
4.4353267716535436
21
-6.9132755905511818
0
LINE
8
CYAN2
6
CONTINUOUS
10
4.4353267716535436
20
-6.9132755905511818
11
4.4329448818897639
21
-6.9180393700787404
0
LINE
8
CYAN2
6
CONTINUOUS
10
4.4329448818897639
20
-6.9180393700787404
11
4.4305629921259841
21
-6.9204212598425201
0
LINE
8
CYAN2
6
CONTINUOUS
10
4.4305629921259841
20
-6.9204212598425201
11
4.4258031496062991
21
-6.9227992125984255
0
LINE
8
CYAN2
6
CONTINUOUS
10
4.4258031496062991
20
-6.9227992125984255
11
4.4210393700787405
21
-6.9227992125984255
0
LINE
8
CYAN2
6
CONTINUOUS
10
4.4210393700787405
20
-6.9227992125984255
11
4.4162795275590554
21
-6.9204212598425201
0
LINE
8
CYAN2
6
CONTINUOUS
10
4.4162795275590554
20
-6.9204212598425201
11
4.4138976377952757
21
-6.9180393700787404
0
LINE
8
CYAN2
6
CONTINUOUS
10
4.4138976377952757
20
-6.9180393700787404
11
4.4115157480314959
21
-6.9132755905511818
0
LINE
8
CYAN2
6
CONTINUOUS
10
4.4115157480314959
20
-6.9132755905511818
11
4.4091377952755906
21
-6.9037519685039372
0
LINE
8
CYAN2
6
CONTINUOUS
10
4.4091377952755906
20
-6.9037519685039372
11
4.4091377952755906
21
-6.8918464566929138
0
LINE
8
CYAN2
6
CONTINUOUS
10
4.4091377952755906
20
-6.8918464566929138
11
4.4115157480314959
21
-6.8823228346456693
0
LINE
8
CYAN2
6
CONTINUOUS
10
4.4115157480314959
20
-6.8823228346456693
11
4.4138976377952757
21
-6.8775629921259842
0
LINE
8
CYAN2
6
CONTINUOUS
10
4.4138976377952757
20
-6.8775629921259842
11
4.4162795275590554
21
-6.8751811023622054
0
LINE
8
CYAN2
6
CONTINUOUS
10
4.4162795275590554
20
-6.8751811023622054
11
4.4210393700787405
21
-6.8727992125984256
0
LINE
8
RED2
6
CONTINUOUS
10
4.2300000000000004
20
-6.5200000000000005
11
4.29
21
-6.5800000000000001
0
LINE
8
RED2
6
CONTINUOUS
10
4.29
20
-6.5800000000000001
11
4.29
21
-6.5499999999999998
0
LINE
8
RED2
6
CONTINUOUS
10
4.29
20
-6.5499999999999998
11
4.29
21
-6.5800000000000001
0
LINE
8
RED2
6
CONTINUOUS
10
4.29
20
-6.5800000000000001
11
4.2599999999999998
21
-6.5800000000000001
0
LINE
8
RED2
6
CONTINUOUS
10
4.2300000000000004
20
-6.4700000000000006
11
4.29
21
-6.5300000000000002
0
LINE
8
RED2
6
CONTINUOUS
10
4.29
20
-6.5300000000000002
11
4.29
21
-6.5
0
LINE
8
RED2
6
CONTINUOUS
10
4.29
20
-6.5
11
4.29
21
-6.5300000000000002
0
LINE
8
RED2
6
CONTINUOUS
10
4.29
20
-6.5300000000000002
11
4.2599999999999998
21
-6.5300000000000002
0
LINE
8
RED2
6
CONTINUOUS
10
4.2000000000000002
20
-6.4500000000000002
11
4.2000000000000002
21
-6.3500000000000005
0
LINE
8
RED2
6
CONTINUOUS
10
4.25
20
-6.4500000000000002
11
4.1500000000000004
21
-6.4500000000000002
0
LINE
8
RED2
6
CONTINUOUS
10
4.25
20
-6.3500000000000005
11
4.1500000000000004
21
-6.3500000000000005
0
LINE
8
RED2
6
CONTINUOUS
10
4.1500000000000004
20
-6.3500000000000005
11
4.2000000000000002
21
-6.4500000000000002
0
LINE
8
RED2
6
CONTINUOUS
10
4.2000000000000002
20
-6.4500000000000002
11
4.25
21
-6.3500000000000005
0
LINE
8
RED2
6
CONTINUOUS
10
4.2000000000000002
20
-6.4500000000000002
11
4.2000000000000002
21
-6.5499999999999998
0
LINE
8
RED2
6
CONTINUOUS
10
4.2000000000000002
20
-6.3500000000000005
11
4.2000000000000002
21
-6.25
0
LINE
8
CYAN2
6
CONTINUOUS
10
4.3162795275590549
20
-6.4127992125984257
11
4.3162795275590549
21
-6.3627992125984258
0
LINE
8
CYAN2
6
CONTINUOUS
10
4.3162795275590549
20
-6.3627992125984258
11
4.3281850393700791
21
-6.3627992125984258
0
LINE
8
CYAN2
6
CONTINUOUS
10
4.3281850393700791
20
-6.3627992125984258
11
4.3353267716535431
21
-6.3651811023622047
0
LINE
8
CYAN2
6
CONTINUOUS
10
4.3353267716535431
20
-6.3651811023622047
11
4.3400905511811025
21
-6.3699448818897642
0
LINE
8
CYAN2
6
CONTINUOUS
10
4.3400905511811025
20
-6.3699448818897642
11
4.3424724409448823
21
-6.3747047244094492
0
LINE
8
CYAN2
6
CONTINUOUS
10
4.3424724409448823
20
-6.3747047244094492
11
4.3448503937007876
21
-6.3842283464566929
0
LINE
8
CYAN2
6
CONTINUOUS
10
4.3448503937007876
20
-6.3842283464566929
11
4.3448503937007876
21
-6.3913700787401577
0
LINE
8
CYAN2
6
CONTINUOUS
10
4.3448503937007876
20
-6.3913700787401577
11
4.3424724409448823
21
-6.4008937007874014
0
LINE
8
CYAN2
6
CONTINUOUS
10
4.3424724409448823
20
-6.4008937007874014
11
4.3400905511811025
21
-6.4056574803149608
0
LINE
8
CYAN2
6
CONTINUOUS
10
4.3400905511811025
20
-6.4056574803149608
11
4.3353267716535431
21
-6.4104212598425203
0
LINE
8
CYAN2
6
CONTINUOUS
10
4.3353267716535431
20
-6.4104212598425203
11
4.3281850393700791
21
-6.4127992125984257
0
LINE
8
CYAN2
6
CONTINUOUS
10
4.3281850393700791
20
-6.4127992125984257
11
4.3162795275590549
21
-6.4127992125984257
0
LINE
8
CYAN2
6
CONTINUOUS
10
4.3877086614173226
20
-6.3794685039370078
11
4.3877086614173226
21
-6.4127992125984257
0
LINE
8
CYAN2
6
CONTINUOUS
10
4.3758031496062992
20
-6.3604212598425196
11
4.3639015748031493
21
-6.3961338582677172
0
LINE
8
CYAN2
6
CONTINUOUS
10
4.3639015748031493
20
-6.3961338582677172
11
4.3948503937007874
21
-6.3961338582677172
0
LINE
8
CYAN2
6
CONTINUOUS
10
4.4091377952755906
20
-6.3627992125984258
11
4.4424685039370084
21
-6.3627992125984258
0
LINE
8
CYAN2
6
CONTINUOUS
10
4.4424685039370084
20
-6.3627992125984258
11
4.421043307086614
21
-6.4127992125984257
0
LINE
8
CYAN2
6
CONTINUOUS
10
4.3329488188976377
20
-6.496610236220473
11
4.3400905511811025
21
-6.4989921259842518
0
LINE
8
CYAN2
6
CONTINUOUS
10
4.3400905511811025
20
-6.4989921259842518
11
4.3424724409448823
21
-6.501370078740158
0
LINE
8
CYAN2
6
CONTINUOUS
10
4.3424724409448823
20
-6.501370078740158
11
4.3448503937007876
21
-6.5061338582677166
0
LINE
8
CYAN2
6
CONTINUOUS
10
4.3448503937007876
20
-6.5061338582677166
11
4.3448503937007876
21
-6.5132755905511814
0
LINE
8
CYAN2
6
CONTINUOUS
10
4.3448503937007876
20
-6.5132755905511814
11
4.3424724409448823
21
-6.51803937007874
0
LINE
8
CYAN2
6
CONTINUOUS
10
4.3424724409448823
20
-6.51803937007874
11
4.3400905511811025
21
-6.5204212598425197
0
LINE
8
CYAN2
6
CONTINUOUS
10
4.3400905511811025
20
-6.5204212598425197
11
4.3353267716535431
21
-6.5227992125984251
0
LINE
8
CYAN2
6
CONTINUOUS
10
4.3353267716535431
20
-6.5227992125984251
11
4.3162795275590549
21
-6.5227992125984251
0
LINE
8
CYAN2
6
CONTINUOUS
10
4.3162795275590549
20
-6.5227992125984251
11
4.3162795275590549
21
-6.4727992125984253
0
LINE
8
CYAN2
6
CONTINUOUS
10
4.3162795275590549
20
-6.4727992125984253
11
4.3329488188976377
21
-6.4727992125984253
0
LINE
8
CYAN2
6
CONTINUOUS
10
4.3329488188976377
20
-6.4727992125984253
11
4.3377086614173228
21
-6.475181102362205
0
LINE
8
CYAN2
6
CONTINUOUS
10
4.3377086614173228
20
-6.475181102362205
11
4.3400905511811025
21
-6.4775629921259847
0
LINE
8
CYAN2
6
CONTINUOUS
10
4.3400905511811025
20
-6.4775629921259847
11
4.3424724409448823
21
-6.4823228346456698
0
LINE
8
CYAN2
6
CONTINUOUS
10
4.3424724409448823
20
-6.4823228346456698
11
4.3424724409448823
21
-6.4870866141732284
0
LINE
8
CYAN2
6
CONTINUOUS
10
4.3424724409448823
20
-6.4870866141732284
11
4.3400905511811025
21
-6.4918464566929135
0
LINE
8
CYAN2
6
CONTINUOUS
10
4.3400905511811025
20
-6.4918464566929135
11
4.3377086614173228
21
-6.4942283464566932
0
LINE
8
CYAN2
6
CONTINUOUS
10
4.3377086614173228
20
-6.4942283464566932
11
4.3329488188976377
21
-6.496610236220473
0
LINE
8
CYAN2
6
CONTINUOUS
10
4.3329488188976377
20
-6.496610236220473
11
4.3162795275590549
21
-6.496610236220473
0
LINE
8
CYAN2
6
CONTINUOUS
10
4.3900905511811024
20
-6.5227992125984251
11
4.3662795275590556
21
-6.5227992125984251
0
LINE
8
CYAN2
6
CONTINUOUS
10
4.3662795275590556
20
-6.5227992125984251
11
4.3662795275590556
21
-6.4727992125984253
0
LINE
8
CYAN2
6
CONTINUOUS
10
4.4067559055118108
20
-6.4727992125984253
11
4.4067559055118108
21
-6.5132755905511814
0
LINE
8
CYAN2
6
CONTINUOUS
10
4.4067559055118108
20
-6.5132755905511814
11
4.4091377952755906
21
-6.51803937007874
0
LINE
8
CYAN2
6
CONTINUOUS
10
4.4091377952755906
20
-6.51803937007874
11
4.4115196850393703
21
-6.5204212598425197
0
LINE
8
CYAN2
6
CONTINUOUS
10
4.4115196850393703
20
-6.5204212598425197
11
4.4162795275590554
21
-6.5227992125984251
0
LINE
8
CYAN2
6
CONTINUOUS
10
4.4162795275590554
20
-6.5227992125984251
11
4.4258031496062991
21
-6.5227992125984251
0
LINE
8
CYAN2
6
CONTINUOUS
10
4.4258031496062991
20
-6.5227992125984251
11
4.4305669291338585
21
-6.5204212598425197
0
LINE
8
CYAN2
6
CONTINUOUS
10
4.4305669291338585
20
-6.5204212598425197
11
4.4329488188976383
21
-6.51803937007874
0
LINE
8
CYAN2
6
CONTINUOUS
10
4.4329488188976383
20
-6.51803937007874
11
4.4353267716535436
21
-6.5132755905511814
0
LINE
8
CYAN2
6
CONTINUOUS
10
4.4353267716535436
20
-6.5132755905511814
11
4.4353267716535436
21
-6.4727992125984253
0
LINE
8
CYAN2
6
CONTINUOUS
10
4.4591377952755904
20
-6.496610236220473
11
4.4758070866141733
21
-6.496610236220473
0
LINE
8
CYAN2
6
CONTINUOUS
10
4.4829488188976381
20
-6.5227992125984251
11
4.4591377952755904
21
-6.5227992125984251
0
LINE
8
CYAN2
6
CONTINUOUS
10
4.4591377952755904
20
-6.5227992125984251
11
4.4591377952755904
21
-6.4727992125984253
0
LINE
8
CYAN2
6
CONTINUOUS
10
4.4591377952755904
20
-6.4727992125984253
11
4.4829488188976381
21
-6.4727992125984253
0
LINE
8
BROWN2
6
CONTINUOUS
10
7.0235118110236225
20
-6.0728031496062993
11
7.0235118110236225
21
-6.0228031496062995
0
LINE
8
BROWN2
6
CONTINUOUS
10
7.0758937007874021
20
-6.0728031496062993
11
7.0592283464566936
21
-6.048996062992126
0
LINE
8
BROWN2
6
CONTINUOUS
10
7.0473228346456693
20
-6.0728031496062993
11
7.0473228346456693
21
-6.0228031496062995
0
LINE
8
BROWN2
6
CONTINUOUS
10
7.0473228346456693
20
-6.0228031496062995
11
7.0663700787401575
21
-6.0228031496062995
0
LINE
8
BROWN2
6
CONTINUOUS
10
7.0663700787401575
20
-6.0228031496062995
11
7.071133858267717
21
-6.0251850393700792
0
LINE
8
BROWN2
6
CONTINUOUS
10
7.071133858267717
20
-6.0251850393700792
11
7.0735157480314967
21
-6.0275669291338581
0
LINE
8
BROWN2
6
CONTINUOUS
10
7.0735157480314967
20
-6.0275669291338581
11
7.0758937007874021
21
-6.0323267716535431
0
LINE
8
BROWN2
6
CONTINUOUS
10
7.0758937007874021
20
-6.0323267716535431
11
7.0758937007874021
21
-6.0394724409448823
0
LINE
8
BROWN2
6
CONTINUOUS
10
7.0758937007874021
20
-6.0394724409448823
11
7.0735157480314967
21
-6.0442322834645674
0
LINE
8
BROWN2
6
CONTINUOUS
10
7.0735157480314967
20
-6.0442322834645674
11
7.071133858267717
21
-6.0466141732283463
0
LINE
8
BROWN2
6
CONTINUOUS
10
7.071133858267717
20
-6.0466141732283463
11
7.0663700787401575
21
-6.048996062992126
0
LINE
8
BROWN2
6
CONTINUOUS
10
7.0663700787401575
20
-6.048996062992126
11
7.0473228346456693
21
-6.048996062992126
0
LINE
8
BROWN2
6
CONTINUOUS
10
7.0854212598425201
20
-6.0775669291338588
11
7.1235157480314966
21
-6.0775669291338588
0
LINE
8
BROWN2
6
CONTINUOUS
10
7.1568464566929135
20
-6.0228031496062995
11
7.1473228346456699
21
-6.0228031496062995
0
LINE
8
BROWN2
6
CONTINUOUS
10
7.1473228346456699
20
-6.0228031496062995
11
7.1425629921259848
21
-6.0251850393700792
0
LINE
8
BROWN2
6
CONTINUOUS
10
7.1425629921259848
20
-6.0251850393700792
11
7.140181102362205
21
-6.0275669291338581
0
LINE
8
BROWN2
6
CONTINUOUS
10
7.140181102362205
20
-6.0275669291338581
11
7.1354173228346456
21
-6.0347086614173229
0
LINE
8
BROWN2
6
CONTINUOUS
10
7.1354173228346456
20
-6.0347086614173229
11
7.1330393700787402
21
-6.0442322834645674
0
LINE
8
BROWN2
6
CONTINUOUS
10
7.1330393700787402
20
-6.0442322834645674
11
7.1330393700787402
21
-6.0632795275590556
0
LINE
8
BROWN2
6
CONTINUOUS
10
7.1330393700787402
20
-6.0632795275590556
11
7.1354173228346456
21
-6.0680433070866142
0
LINE
8
BROWN2
6
CONTINUOUS
10
7.1354173228346456
20
-6.0680433070866142
11
7.1377992125984253
21
-6.0704251968503939
0
LINE
8
BROWN2
6
CONTINUOUS
10
7.1377992125984253
20
-6.0704251968503939
11
7.1425629921259848
21
-6.0728031496062993
0
LINE
8
BROWN2
6
CONTINUOUS
10
7.1425629921259848
20
-6.0728031496062993
11
7.1520866141732284
21
-6.0728031496062993
0
LINE
8
BROWN2
6
CONTINUOUS
10
7.1520866141732284
20
-6.0728031496062993
11
7.1568464566929135
21
-6.0704251968503939
0
LINE
8
BROWN2
6
CONTINUOUS
10
7.1568464566929135
20
-6.0704251968503939
11
7.1592283464566933
21
-6.0680433070866142
0
LINE
8
BROWN2
6
CONTINUOUS
10
7.1592283464566933
20
-6.0680433070866142
11
7.161610236220473
21
-6.0632795275590556
0
LINE
8
BROWN2
6
CONTINUOUS
10
7.161610236220473
20
-6.0632795275590556
11
7.161610236220473
21
-6.0513740157480314
0
LINE
8
BROWN2
6
CONTINUOUS
10
7.161610236220473
20
-6.0513740157480314
11
7.1592283464566933
21
-6.0466141732283463
0
LINE
8
BROWN2
6
CONTINUOUS
10
7.1592283464566933
20
-6.0466141732283463
11
7.1568464566929135
21
-6.0442322834645674
0
LINE
8
BROWN2
6
CONTINUOUS
10
7.1568464566929135
20
-6.0442322834645674
11
7.1520866141732284
21
-6.0418503937007877
0
LINE
8
BROWN2
6
CONTINUOUS
10
7.1520866141732284
20
-6.0418503937007877
11
7.1425629921259848
21
-6.0418503937007877
0
LINE
8
BROWN2
6
CONTINUOUS
10
7.1425629921259848
20
-6.0418503937007877
11
7.1377992125984253
21
-6.0442322834645674
0
LINE
8
BROWN2
6
CONTINUOUS
10
7.1377992125984253
20
-6.0442322834645674
11
7.1354173228346456
21
-6.0466141732283463
0
LINE
8
BROWN2
6
CONTINUOUS
10
7.1354173228346456
20
-6.0466141732283463
11
7.1330393700787402
21
-6.0513740157480314
0
LINE
8
BROWN2
6
CONTINUOUS
10
7.
20
-6.0499999999999998
11
6.9750000000000005
21
-6.0250000000000004
0
LINE
8
BROWN2
6
CONTINUOUS
10
6.9750000000000005
20
-6.0250000000000004
11
6.9500000000000002
21
-6.0250000000000004
0
LINE
8
BROWN2
6
CONTINUOUS
10
6.9500000000000002
20
-6.0250000000000004
11
6.9500000000000002
21
-6.0750000000000002
0
LINE
8
BROWN2
6
CONTINUOUS
10
6.9500000000000002
20
-6.0750000000000002
11
6.9750000000000005
21
-6.0750000000000002
0
LINE
8
BROWN2
6
CONTINUOUS
10
6.9750000000000005
20
-6.0750000000000002
11
7.
21
-6.0499999999999998
0
LINE
8
BROWN2
6
CONTINUOUS
10
7.0235118110236225
20
-6.2228031496062997
11
7.0235118110236225
21
-6.1728031496062998
0
LINE
8
BROWN2
6
CONTINUOUS
10
7.0758937007874021
20
-6.2228031496062997
11
7.0592283464566936
21
-6.1989960629921264
0
LINE
8
BROWN2
6
CONTINUOUS
10
7.0473228346456693
20
-6.2228031496062997
11
7.0473228346456693
21
-6.1728031496062998
0
LINE
8
BROWN2
6
CONTINUOUS
10
7.0473228346456693
20
-6.1728031496062998
11
7.0663700787401575
21
-6.1728031496062998
0
LINE
8
BROWN2
6
CONTINUOUS
10
7.0663700787401575
20
-6.1728031496062998
11
7.071133858267717
21
-6.1751850393700787
0
LINE
8
BROWN2
6
CONTINUOUS
10
7.071133858267717
20
-6.1751850393700787
11
7.0735157480314967
21
-6.1775669291338584
0
LINE
8
BROWN2
6
CONTINUOUS
10
7.0735157480314967
20
-6.1775669291338584
11
7.0758937007874021
21
-6.1823267716535435
0
LINE
8
BROWN2
6
CONTINUOUS
10
7.0758937007874021
20
-6.1823267716535435
11
7.0758937007874021
21
-6.1894724409448818
0
LINE
8
BROWN2
6
CONTINUOUS
10
7.0758937007874021
20
-6.1894724409448818
11
7.0735157480314967
21
-6.1942322834645669
0
LINE
8
BROWN2
6
CONTINUOUS
10
7.0735157480314967
20
-6.1942322834645669
11
7.071133858267717
21
-6.1966141732283466
0
LINE
8
BROWN2
6
CONTINUOUS
10
7.071133858267717
20
-6.1966141732283466
11
7.0663700787401575
21
-6.1989960629921264
0
LINE
8
BROWN2
6
CONTINUOUS
10
7.0663700787401575
20
-6.1989960629921264
11
7.0473228346456693
21
-6.1989960629921264
0
LINE
8
BROWN2
6
CONTINUOUS
10
7.0854212598425201
20
-6.2275669291338582
11
7.1235157480314966
21
-6.2275669291338582
0
LINE
8
BROWN2
6
CONTINUOUS
10
7.1306574803149605
20
-6.1728031496062998
11
7.1639881889763783
21
-6.1728031496062998
0
LINE
8
BROWN2
6
CONTINUOUS
10
7.1639881889763783
20
-6.1728031496062998
11
7.1425629921259848
21
-6.2228031496062997
0
LINE
8
BROWN2
6
CONTINUOUS
10
7.
20
-6.2000000000000002
11
6.9750000000000005
21
-6.1749999999999998
0
LINE
8
BROWN2
6
CONTINUOUS
10
6.9750000000000005
20
-6.1749999999999998
11
6.9500000000000002
21
-6.1749999999999998
0
LINE
8
BROWN2
6
CONTINUOUS
10
6.9500000000000002
20
-6.1749999999999998
11
6.9500000000000002
21
-6.2250000000000005
0
LINE
8
BROWN2
6
CONTINUOUS
10
6.9500000000000002
20
-6.2250000000000005
11
6.9750000000000005
21
-6.2250000000000005
0
LINE
8
BROWN2
6
CONTINUOUS
10
6.9750000000000005
20
-6.2250000000000005
11
7.
21
-6.2000000000000002
0
LINE
8
BROWN2
6
CONTINUOUS
10
7.0235118110236225
20
-5.9228031496062998
11
7.0235118110236225
21
-5.8728031496062991
0
LINE
8
BROWN2
6
CONTINUOUS
10
7.0758937007874021
20
-5.9228031496062998
11
7.0592283464566936
21
-5.8989960629921265
0
LINE
8
BROWN2
6
CONTINUOUS
10
7.0473228346456693
20
-5.9228031496062998
11
7.0473228346456693
21
-5.8728031496062991
0
LINE
8
BROWN2
6
CONTINUOUS
10
7.0473228346456693
20
-5.8728031496062991
11
7.0663700787401575
21
-5.8728031496062991
0
LINE
8
BROWN2
6
CONTINUOUS
10
7.0663700787401575
20
-5.8728031496062991
11
7.071133858267717
21
-5.8751850393700789
0
LINE
8
BROWN2
6
CONTINUOUS
10
7.071133858267717
20
-5.8751850393700789
11
7.0735157480314967
21
-5.8775669291338586
0
LINE
8
BROWN2
6
CONTINUOUS
10
7.0735157480314967
20
-5.8775669291338586
11
7.0758937007874021
21
-5.8823267716535437
0
LINE
8
BROWN2
6
CONTINUOUS
10
7.0758937007874021
20
-5.8823267716535437
11
7.0758937007874021
21
-5.889472440944882
0
LINE
8
BROWN2
6
CONTINUOUS
10
7.0758937007874021
20
-5.889472440944882
11
7.0735157480314967
21
-5.8942322834645671
0
LINE
8
BROWN2
6
CONTINUOUS
10
7.0735157480314967
20
-5.8942322834645671
11
7.071133858267717
21
-5.8966141732283468
0
LINE
8
BROWN2
6
CONTINUOUS
10
7.071133858267717
20
-5.8966141732283468
11
7.0663700787401575
21
-5.8989960629921265
0
LINE
8
BROWN2
6
CONTINUOUS
10
7.0663700787401575
20
-5.8989960629921265
11
7.0473228346456693
21
-5.8989960629921265
0
LINE
8
BROWN2
6
CONTINUOUS
10
7.0854212598425201
20
-5.9275669291338584
11
7.1235157480314966
21
-5.9275669291338584
0
LINE
8
BROWN2
6
CONTINUOUS
10
7.1592283464566933
20
-5.8728031496062991
11
7.1354173228346456
21
-5.8728031496062991
0
LINE
8
BROWN2
6
CONTINUOUS
10
7.1354173228346456
20
-5.8728031496062991
11
7.1330393700787402
21
-5.8966141732283468
0
LINE
8
BROWN2
6
CONTINUOUS
10
7.1330393700787402
20
-5.8966141732283468
11
7.1354173228346456
21
-5.8942322834645671
0
LINE
8
BROWN2
6
CONTINUOUS
10
7.1354173228346456
20
-5.8942322834645671
11
7.140181102362205
21
-5.8918503937007873
0
LINE
8
BROWN2
6
CONTINUOUS
10
7.140181102362205
20
-5.8918503937007873
11
7.1520866141732284
21
-5.8918503937007873
0
LINE
8
BROWN2
6
CONTINUOUS
10
7.1520866141732284
20
-5.8918503937007873
11
7.1568464566929135
21
-5.8942322834645671
0
LINE
8
BROWN2
6
CONTINUOUS
10
7.1568464566929135
20
-5.8942322834645671
11
7.1592283464566933
21
-5.8966141732283468
0
LINE
8
BROWN2
6
CONTINUOUS
10
7.1592283464566933
20
-5.8966141732283468
11
7.161610236220473
21
-5.9013740157480319
0
LINE
8
BROWN2
6
CONTINUOUS
10
7.161610236220473
20
-5.9013740157480319
11
7.161610236220473
21
-5.9132795275590553
0
LINE
8
BROWN2
6
CONTINUOUS
10
7.161610236220473
20
-5.9132795275590553
11
7.1592283464566933
21
-5.9180433070866147
0
LINE
8
BROWN2
6
CONTINUOUS
10
7.1592283464566933
20
-5.9180433070866147
11
7.1568464566929135
21
-5.9204251968503936
0
LINE
8
BROWN2
6
CONTINUOUS
10
7.1568464566929135
20
-5.9204251968503936
11
7.1520866141732284
21
-5.9228031496062998
0
LINE
8
BROWN2
6
CONTINUOUS
10
7.1520866141732284
20
-5.9228031496062998
11
7.140181102362205
21
-5.9228031496062998
0
LINE
8
BROWN2
6
CONTINUOUS
10
7.140181102362205
20
-5.9228031496062998
11
7.1354173228346456
21
-5.9204251968503936
0
LINE
8
BROWN2
6
CONTINUOUS
10
7.1354173228346456
20
-5.9204251968503936
11
7.1330393700787402
21
-5.9180433070866147
0
LINE
8
BROWN2
6
CONTINUOUS
10
7.
20
-5.9000000000000004
11
6.9750000000000005
21
-5.875
0
LINE
8
BROWN2
6
CONTINUOUS
10
6.9750000000000005
20
-5.875
11
6.9500000000000002
21
-5.875
0
LINE
8
BROWN2
6
CONTINUOUS
10
6.9500000000000002
20
-5.875
11
6.9500000000000002
21
-5.9249999999999998
0
LINE
8
BROWN2
6
CONTINUOUS
10
6.9500000000000002
20
-5.9249999999999998
11
6.9750000000000005
21
-5.9249999999999998
0
LINE
8
BROWN2
6
CONTINUOUS
10
6.9750000000000005
20
-5.9249999999999998
11
7.
21
-5.9000000000000004
0
LINE
8
BROWN2
6
CONTINUOUS
10
1.6812480314960629
20
-1.5966141732283465
11
1.6883897637795275
21
-1.598996062992126
0
LINE
8
BROWN2
6
CONTINUOUS
10
1.6883897637795275
20
-1.598996062992126
11
1.6907716535433071
21
-1.6013740157480316
0
LINE
8
BROWN2
6
CONTINUOUS
10
1.6907716535433071
20
-1.6013740157480316
11
1.6931496062992126
21
-1.6061377952755906
0
LINE
8
BROWN2
6
CONTINUOUS
10
1.6931496062992126
20
-1.6061377952755906
11
1.6931496062992126
21
-1.6132795275590552
0
LINE
8
BROWN2
6
CONTINUOUS
10
1.6931496062992126
20
-1.6132795275590552
11
1.6907716535433071
21
-1.6180433070866143
0
LINE
8
BROWN2
6
CONTINUOUS
10
1.6907716535433071
20
-1.6180433070866143
11
1.6883897637795275
21
-1.6204251968503938
0
LINE
8
BROWN2
6
CONTINUOUS
10
1.6883897637795275
20
-1.6204251968503938
11
1.6836259842519685
21
-1.6228031496062993
0
LINE
8
BROWN2
6
CONTINUOUS
10
1.6836259842519685
20
-1.6228031496062993
11
1.6645787401574803
21
-1.6228031496062993
0
LINE
8
BROWN2
6
CONTINUOUS
10
1.6645787401574803
20
-1.6228031496062993
11
1.6645787401574803
21
-1.5728031496062993
0
LINE
8
BROWN2
6
CONTINUOUS
10
1.6645787401574803
20
-1.5728031496062993
11
1.6812480314960629
21
-1.5728031496062993
0
LINE
8
BROWN2
6
CONTINUOUS
10
1.6812480314960629
20
-1.5728031496062993
11
1.686007874015748
21
-1.5751850393700788
0
LINE
8
BROWN2
6
CONTINUOUS
10
1.686007874015748
20
-1.5751850393700788
11
1.6883897637795275
21
-1.5775669291338583
0
LINE
8
BROWN2
6
CONTINUOUS
10
1.6883897637795275
20
-1.5775669291338583
11
1.6907716535433071
21
-1.5823267716535434
0
LINE
8
BROWN2
6
CONTINUOUS
10
1.6907716535433071
20
-1.5823267716535434
11
1.6907716535433071
21
-1.5870905511811024
0
LINE
8
BROWN2
6
CONTINUOUS
10
1.6907716535433071
20
-1.5870905511811024
11
1.6883897637795275
21
-1.5918503937007875
0
LINE
8
BROWN2
6
CONTINUOUS
10
1.6883897637795275
20
-1.5918503937007875
11
1.686007874015748
21
-1.594232283464567
0
LINE
8
BROWN2
6
CONTINUOUS
10
1.686007874015748
20
-1.594232283464567
11
1.6812480314960629
21
-1.5966141732283465
0
LINE
8
BROWN2
6
CONTINUOUS
10
1.6812480314960629
20
-1.5966141732283465
11
1.6645787401574803
21
-1.5966141732283465
0
LINE
8
BROWN2
6
CONTINUOUS
10
1.7145787401574804
20
-1.5728031496062993
11
1.7145787401574804
21
-1.6132795275590552
0
LINE
8
BROWN2
6
CONTINUOUS
10
1.7145787401574804
20
-1.6132795275590552
11
1.7169606299212599
21
-1.6180433070866143
0
LINE
8
BROWN2
6
CONTINUOUS
10
1.7169606299212599
20
-1.6180433070866143
11
1.7193425196850394
21
-1.6204251968503938
0
LINE
8
BROWN2
6
CONTINUOUS
10
1.7193425196850394
20
-1.6204251968503938
11
1.7241023622047245
21
-1.6228031496062993
0
LINE
8
BROWN2
6
CONTINUOUS
10
1.7241023622047245
20
-1.6228031496062993
11
1.7336259842519686
21
-1.6228031496062993
0
LINE
8
BROWN2
6
CONTINUOUS
10
1.7336259842519686
20
-1.6228031496062993
11
1.7383897637795276
21
-1.6204251968503938
0
LINE
8
BROWN2
6
CONTINUOUS
10
1.7383897637795276
20
-1.6204251968503938
11
1.7407716535433071
21
-1.6180433070866143
0
LINE
8
BROWN2
6
CONTINUOUS
10
1.7407716535433071
20
-1.6180433070866143
11
1.7431496062992127
21
-1.6132795275590552
0
LINE
8
BROWN2
6
CONTINUOUS
10
1.7431496062992127
20
-1.6132795275590552
11
1.7431496062992127
21
-1.5728031496062993
0
LINE
8
BROWN2
6
CONTINUOUS
10
1.7645826771653543
20
-1.6204251968503938
11
1.7717244094488189
21
-1.6228031496062993
0
LINE
8
BROWN2
6
CONTINUOUS
10
1.7717244094488189
20
-1.6228031496062993
11
1.7836299212598425
21
-1.6228031496062993
0
LINE
8
BROWN2
6
CONTINUOUS
10
1.7836299212598425
20
-1.6228031496062993
11
1.7883897637795276
21
-1.6204251968503938
0
LINE
8
BROWN2
6
CONTINUOUS
10
1.7883897637795276
20
-1.6204251968503938
11
1.7907716535433071
21
-1.6180433070866143
0
LINE
8
BROWN2
6
CONTINUOUS
10
1.7907716535433071
20
-1.6180433070866143
11
1.7931535433070867
21
-1.6132795275590552
0
LINE
8
BROWN2
6
CONTINUOUS
10
1.7931535433070867
20
-1.6132795275590552
11
1.7931535433070867
21
-1.6085196850393702
0
LINE
8
BROWN2
6
CONTINUOUS
10
1.7931535433070867
20
-1.6085196850393702
11
1.7907716535433071
21
-1.6037559055118111
0
LINE
8
BROWN2
6
CONTINUOUS
10
1.7907716535433071
20
-1.6037559055118111
11
1.7883897637795276
21
-1.6013740157480316
0
LINE
8
BROWN2
6
CONTINUOUS
10
1.7883897637795276
20
-1.6013740157480316
11
1.7836299212598425
21
-1.598996062992126
0
LINE
8
BROWN2
6
CONTINUOUS
10
1.7836299212598425
20
-1.598996062992126
11
1.7741062992125984
21
-1.5966141732283465
0
LINE
8
BROWN2
6
CONTINUOUS
10
1.7741062992125984
20
-1.5966141732283465
11
1.7693425196850394
21
-1.594232283464567
0
LINE
8
BROWN2
6
CONTINUOUS
10
1.7693425196850394
20
-1.594232283464567
11
1.7669606299212599
21
-1.5918503937007875
0
LINE
8
BROWN2
6
CONTINUOUS
10
1.7669606299212599
20
-1.5918503937007875
11
1.7645826771653543
21
-1.5870905511811024
0
LINE
8
BROWN2
6
CONTINUOUS
10
1.7645826771653543
20
-1.5870905511811024
11
1.7645826771653543
21
-1.5823267716535434
0
LINE
8
BROWN2
6
CONTINUOUS
10
1.7645826771653543
20
-1.5823267716535434
11
1.7669606299212599
21
-1.5775669291338583
0
LINE
8
BROWN2
6
CONTINUOUS
10
1.7669606299212599
20
-1.5775669291338583
11
1.7693425196850394
21
-1.5751850393700788
0
LINE
8
BROWN2
6
CONTINUOUS
10
1.7693425196850394
20
-1.5751850393700788
11
1.7741062992125984
21
-1.5728031496062993
0
LINE
8
BROWN2
6
CONTINUOUS
10
1.7741062992125984
20
-1.5728031496062993
11
1.7860078740157481
21
-1.5728031496062993
0
LINE
8
BROWN2
6
CONTINUOUS
10
1.7860078740157481
20
-1.5728031496062993
11
1.7931535433070867
21
-1.5751850393700788
0
LINE
8
BROWN2
6
CONTINUOUS
10
1.8026771653543308
20
-1.6275669291338584
11
1.8407716535433072
21
-1.6275669291338584
0
LINE
8
BROWN2
6
CONTINUOUS
10
1.8479133858267718
20
-1.5728031496062993
11
1.8788661417322836
21
-1.5728031496062993
0
LINE
8
BROWN2
6
CONTINUOUS
10
1.8788661417322836
20
-1.5728031496062993
11
1.8621968503937008
21
-1.5918503937007875
0
LINE
8
BROWN2
6
CONTINUOUS
10
1.8621968503937008
20
-1.5918503937007875
11
1.8693425196850395
21
-1.5918503937007875
0
LINE
8
BROWN2
6
CONTINUOUS
10
1.8693425196850395
20
-1.5918503937007875
11
1.8741023622047244
21
-1.594232283464567
0
LINE
8
BROWN2
6
CONTINUOUS
10
1.8741023622047244
20
-1.594232283464567
11
1.8764842519685041
21
-1.5966141732283465
0
LINE
8
BROWN2
6
CONTINUOUS
10
1.8764842519685041
20
-1.5966141732283465
11
1.8788661417322836
21
-1.6013740157480316
0
LINE
8
BROWN2
6
CONTINUOUS
10
1.8788661417322836
20
-1.6013740157480316
11
1.8788661417322836
21
-1.6132795275590552
0
LINE
8
BROWN2
6
CONTINUOUS
10
1.8788661417322836
20
-1.6132795275590552
11
1.8764842519685041
21
-1.6180433070866143
0
LINE
8
BROWN2
6
CONTINUOUS
10
1.8764842519685041
20
-1.6180433070866143
11
1.8741023622047244
21
-1.6204251968503938
0
LINE
8
BROWN2
6
CONTINUOUS
10
1.8741023622047244
20
-1.6204251968503938
11
1.8693425196850395
21
-1.6228031496062993
0
LINE
8
BROWN2
6
CONTINUOUS
10
1.8693425196850395
20
-1.6228031496062993
11
1.8550551181102364
21
-1.6228031496062993
0
LINE
8
BROWN2
6
CONTINUOUS
10
1.8550551181102364
20
-1.6228031496062993
11
1.8502952755905513
21
-1.6204251968503938
0
LINE
8
BROWN2
6
CONTINUOUS
10
1.8502952755905513
20
-1.6204251968503938
11
1.8479133858267718
21
-1.6180433070866143
0
LINE
8
BROWN2
6
CONTINUOUS
10
1.9500000000000002
20
-1.6000000000000001
11
1.925
21
-1.575
0
LINE
8
BROWN2
6
CONTINUOUS
10
1.925
20
-1.575
11
1.9000000000000001
21
-1.6000000000000001
0
LINE
8
BROWN2
6
CONTINUOUS
10
1.9000000000000001
20
-1.6000000000000001
11
1.925
21
-1.625
0
LINE
8
BROWN2
6
CONTINUOUS
10
1.925
20
-1.625
11
1.9500000000000002
21
-1.6000000000000001
0
LINE
8
BROWN2
6
CONTINUOUS
10
7.0235118110236225
20
-5.7728031496062995
11
7.0235118110236225
21
-5.7228031496062997
0
LINE
8
BROWN2
6
CONTINUOUS
10
7.0758937007874021
20
-5.7728031496062995
11
7.0592283464566936
21
-5.7489960629921262
0
LINE
8
BROWN2
6
CONTINUOUS
10
7.0473228346456693
20
-5.7728031496062995
11
7.0473228346456693
21
-5.7228031496062997
0
LINE
8
BROWN2
6
CONTINUOUS
10
7.0473228346456693
20
-5.7228031496062997
11
7.0663700787401575
21
-5.7228031496062997
0
LINE
8
BROWN2
6
CONTINUOUS
10
7.0663700787401575
20
-5.7228031496062997
11
7.071133858267717
21
-5.7251850393700794
0
LINE
8
BROWN2
6
CONTINUOUS
10
7.071133858267717
20
-5.7251850393700794
11
7.0735157480314967
21
-5.7275669291338582
0
LINE
8
BROWN2
6
CONTINUOUS
10
7.0735157480314967
20
-5.7275669291338582
11
7.0758937007874021
21
-5.7323267716535433
0
LINE
8
BROWN2
6
CONTINUOUS
10
7.0758937007874021
20
-5.7323267716535433
11
7.0758937007874021
21
-5.7394724409448825
0
LINE
8
BROWN2
6
CONTINUOUS
10
7.0758937007874021
20
-5.7394724409448825
11
7.0735157480314967
21
-5.7442322834645667
0
LINE
8
BROWN2
6
CONTINUOUS
10
7.0735157480314967
20
-5.7442322834645667
11
7.071133858267717
21
-5.7466141732283464
0
LINE
8
BROWN2
6
CONTINUOUS
10
7.071133858267717
20
-5.7466141732283464
11
7.0663700787401575
21
-5.7489960629921262
0
LINE
8
BROWN2
6
CONTINUOUS
10
7.0663700787401575
20
-5.7489960629921262
11
7.0473228346456693
21
-5.7489960629921262
0
LINE
8
BROWN2
6
CONTINUOUS
10
7.0854212598425201
20
-5.7775669291338581
11
7.1235157480314966
21
-5.7775669291338581
0
LINE
8
BROWN2
6
CONTINUOUS
10
7.1568464566929135
20
-5.7394724409448825
11
7.1568464566929135
21
-5.7728031496062995
0
LINE
8
BROWN2
6
CONTINUOUS
10
7.1449409448818901
20
-5.7204251968503943
11
7.1330393700787402
21
-5.756137795275591
0
LINE
8
BROWN2
6
CONTINUOUS
10
7.1330393700787402
20
-5.756137795275591
11
7.1639881889763783
21
-5.756137795275591
0
LINE
8
BROWN2
6
CONTINUOUS
10
7.
20
-5.75
11
6.9750000000000005
21
-5.7250000000000005
0
LINE
8
BROWN2
6
CONTINUOUS
10
6.9750000000000005
20
-5.7250000000000005
11
6.9500000000000002
21
-5.7250000000000005
0
LINE
8
BROWN2
6
CONTINUOUS
10
6.9500000000000002
20
-5.7250000000000005
11
6.9500000000000002
21
-5.7750000000000004
0
LINE
8
BROWN2
6
CONTINUOUS
10
6.9500000000000002
20
-5.7750000000000004
11
6.9750000000000005
21
-5.7750000000000004
0
LINE
8
BROWN2
6
CONTINUOUS
10
6.9750000000000005
20
-5.7750000000000004
11
7.
21
-5.75
0
LINE
8
BROWN2
6
CONTINUOUS
10
1.6812480314960629
20
-1.3966141732283466
11
1.6883897637795275
21
-1.3989960629921261
0
LINE
8
BROWN2
6
CONTINUOUS
10
1.6883897637795275
20
-1.3989960629921261
11
1.6907716535433071
21
-1.4013740157480314
0
LINE
8
BROWN2
6
CONTINUOUS
10
1.6907716535433071
20
-1.4013740157480314
11
1.6931496062992126
21
-1.4061377952755907
0
LINE
8
BROWN2
6
CONTINUOUS
10
1.6931496062992126
20
-1.4061377952755907
11
1.6931496062992126
21
-1.4132795275590553
0
LINE
8
BROWN2
6
CONTINUOUS
10
1.6931496062992126
20
-1.4132795275590553
11
1.6907716535433071
21
-1.4180433070866143
0
LINE
8
BROWN2
6
CONTINUOUS
10
1.6907716535433071
20
-1.4180433070866143
11
1.6883897637795275
21
-1.4204251968503938
0
LINE
8
BROWN2
6
CONTINUOUS
10
1.6883897637795275
20
-1.4204251968503938
11
1.6836259842519685
21
-1.4228031496062992
0
LINE
8
BROWN2
6
CONTINUOUS
10
1.6836259842519685
20
-1.4228031496062992
11
1.6645787401574803
21
-1.4228031496062992
0
LINE
8
BROWN2
6
CONTINUOUS
10
1.6645787401574803
20
-1.4228031496062992
11
1.6645787401574803
21
-1.3728031496062993
0
LINE
8
BROWN2
6
CONTINUOUS
10
1.6645787401574803
20
-1.3728031496062993
11
1.6812480314960629
21
-1.3728031496062993
0
LINE
8
BROWN2
6
CONTINUOUS
10
1.6812480314960629
20
-1.3728031496062993
11
1.686007874015748
21
-1.3751850393700789
0
LINE
8
BROWN2
6
CONTINUOUS
10
1.686007874015748
20
-1.3751850393700789
11
1.6883897637795275
21
-1.3775669291338584
0
LINE
8
BROWN2
6
CONTINUOUS
10
1.6883897637795275
20
-1.3775669291338584
11
1.6907716535433071
21
-1.3823267716535435
0
LINE
8
BROWN2
6
CONTINUOUS
10
1.6907716535433071
20
-1.3823267716535435
11
1.6907716535433071
21
-1.3870905511811025
0
LINE
8
BROWN2
6
CONTINUOUS
10
1.6907716535433071
20
-1.3870905511811025
11
1.6883897637795275
21
-1.3918503937007876
0
LINE
8
BROWN2
6
CONTINUOUS
10
1.6883897637795275
20
-1.3918503937007876
11
1.686007874015748
21
-1.3942322834645671
0
LINE
8
BROWN2
6
CONTINUOUS
10
1.686007874015748
20
-1.3942322834645671
11
1.6812480314960629
21
-1.3966141732283466
0
LINE
8
BROWN2
6
CONTINUOUS
10
1.6812480314960629
20
-1.3966141732283466
11
1.6645787401574803
21
-1.3966141732283466
0
LINE
8
BROWN2
6
CONTINUOUS
10
1.7145787401574804
20
-1.3728031496062993
11
1.7145787401574804
21
-1.4132795275590553
0
LINE
8
BROWN2
6
CONTINUOUS
10
1.7145787401574804
20
-1.4132795275590553
11
1.7169606299212599
21
-1.4180433070866143
0
LINE
8
BROWN2
6
CONTINUOUS
10
1.7169606299212599
20
-1.4180433070866143
11
1.7193425196850394
21
-1.4204251968503938
0
LINE
8
BROWN2
6
CONTINUOUS
10
1.7193425196850394
20
-1.4204251968503938
11
1.7241023622047245
21
-1.4228031496062992
0
LINE
8
BROWN2
6
CONTINUOUS
10
1.7241023622047245
20
-1.4228031496062992
11
1.7336259842519686
21
-1.4228031496062992
0
LINE
8
BROWN2
6
CONTINUOUS
10
1.7336259842519686
20
-1.4228031496062992
11
1.7383897637795276
21
-1.4204251968503938
0
LINE
8
BROWN2
6
CONTINUOUS
10
1.7383897637795276
20
-1.4204251968503938
11
1.7407716535433071
21
-1.4180433070866143
0
LINE
8
BROWN2
6
CONTINUOUS
10
1.7407716535433071
20
-1.4180433070866143
11
1.7431496062992127
21
-1.4132795275590553
0
LINE
8
BROWN2
6
CONTINUOUS
10
1.7431496062992127
20
-1.4132795275590553
11
1.7431496062992127
21
-1.3728031496062993
0
LINE
8
BROWN2
6
CONTINUOUS
10
1.7645826771653543
20
-1.4204251968503938
11
1.7717244094488189
21
-1.4228031496062992
0
LINE
8
BROWN2
6
CONTINUOUS
10
1.7717244094488189
20
-1.4228031496062992
11
1.7836299212598425
21
-1.4228031496062992
0
LINE
8
BROWN2
6
CONTINUOUS
10
1.7836299212598425
20
-1.4228031496062992
11
1.7883897637795276
21
-1.4204251968503938
0
LINE
8
BROWN2
6
CONTINUOUS
10
1.7883897637795276
20
-1.4204251968503938
11
1.7907716535433071
21
-1.4180433070866143
0
LINE
8
BROWN2
6
CONTINUOUS
10
1.7907716535433071
20
-1.4180433070866143
11
1.7931535433070867
21
-1.4132795275590553
0
LINE
8
BROWN2
6
CONTINUOUS
10
1.7931535433070867
20
-1.4132795275590553
11
1.7931535433070867
21
-1.4085196850393702
0
LINE
8
BROWN2
6
CONTINUOUS
10
1.7931535433070867
20
-1.4085196850393702
11
1.7907716535433071
21
-1.4037559055118112
0
LINE
8
BROWN2
6
CONTINUOUS
10
1.7907716535433071
20
-1.4037559055118112
11
1.7883897637795276
21
-1.4013740157480314
0
LINE
8
BROWN2
6
CONTINUOUS
10
1.7883897637795276
20
-1.4013740157480314
11
1.7836299212598425
21
-1.3989960629921261
0
LINE
8
BROWN2
6
CONTINUOUS
10
1.7836299212598425
20
-1.3989960629921261
11
1.7741062992125984
21
-1.3966141732283466
0
LINE
8
BROWN2
6
CONTINUOUS
10
1.7741062992125984
20
-1.3966141732283466
11
1.7693425196850394
21
-1.3942322834645671
0
LINE
8
BROWN2
6
CONTINUOUS
10
1.7693425196850394
20
-1.3942322834645671
11
1.7669606299212599
21
-1.3918503937007876
0
LINE
8
BROWN2
6
CONTINUOUS
10
1.7669606299212599
20
-1.3918503937007876
11
1.7645826771653543
21
-1.3870905511811025
0
LINE
8
BROWN2
6
CONTINUOUS
10
1.7645826771653543
20
-1.3870905511811025
11
1.7645826771653543
21
-1.3823267716535435
0
LINE
8
BROWN2
6
CONTINUOUS
10
1.7645826771653543
20
-1.3823267716535435
11
1.7669606299212599
21
-1.3775669291338584
0
LINE
8
BROWN2
6
CONTINUOUS
10
1.7669606299212599
20
-1.3775669291338584
11
1.7693425196850394
21
-1.3751850393700789
0
LINE
8
BROWN2
6
CONTINUOUS
10
1.7693425196850394
20
-1.3751850393700789
11
1.7741062992125984
21
-1.3728031496062993
0
LINE
8
BROWN2
6
CONTINUOUS
10
1.7741062992125984
20
-1.3728031496062993
11
1.7860078740157481
21
-1.3728031496062993
0
LINE
8
BROWN2
6
CONTINUOUS
10
1.7860078740157481
20
-1.3728031496062993
11
1.7931535433070867
21
-1.3751850393700789
0
LINE
8
BROWN2
6
CONTINUOUS
10
1.8026771653543308
20
-1.4275669291338584
11
1.8407716535433072
21
-1.4275669291338584
0
LINE
8
BROWN2
6
CONTINUOUS
10
1.8788661417322836
20
-1.4228031496062992
11
1.8502952755905513
21
-1.4228031496062992
0
LINE
8
BROWN2
6
CONTINUOUS
10
1.8645787401574805
20
-1.4228031496062992
11
1.8645787401574805
21
-1.3728031496062993
0
LINE
8
BROWN2
6
CONTINUOUS
10
1.8645787401574805
20
-1.3728031496062993
11
1.8598188976377954
21
-1.3799488188976379
0
LINE
8
BROWN2
6
CONTINUOUS
10
1.8598188976377954
20
-1.3799488188976379
11
1.8550551181102364
21
-1.384708661417323
0
LINE
8
BROWN2
6
CONTINUOUS
10
1.8550551181102364
20
-1.384708661417323
11
1.8502952755905513
21
-1.3870905511811025
0
LINE
8
BROWN2
6
CONTINUOUS
10
1.9500000000000002
20
-1.4000000000000001
11
1.925
21
-1.375
0
LINE
8
BROWN2
6
CONTINUOUS
10
1.925
20
-1.375
11
1.9000000000000001
21
-1.4000000000000001
0
LINE
8
BROWN2
6
CONTINUOUS
10
1.9000000000000001
20
-1.4000000000000001
11
1.925
21
-1.425
0
LINE
8
BROWN2
6
CONTINUOUS
10
1.925
20
-1.425
11
1.9500000000000002
21
-1.4000000000000001
0
LINE
8
BROWN2
6
CONTINUOUS
10
1.6812480314960629
20
-1.6966141732283466
11
1.6883897637795275
21
-1.6989960629921261
0
LINE
8
BROWN2
6
CONTINUOUS
10
1.6883897637795275
20
-1.6989960629921261
11
1.6907716535433071
21
-1.7013740157480315
0
LINE
8
BROWN2
6
CONTINUOUS
10
1.6907716535433071
20
-1.7013740157480315
11
1.6931496062992126
21
-1.7061377952755905
0
LINE
8
BROWN2
6
CONTINUOUS
10
1.6931496062992126
20
-1.7061377952755905
11
1.6931496062992126
21
-1.7132795275590551
0
LINE
8
BROWN2
6
CONTINUOUS
10
1.6931496062992126
20
-1.7132795275590551
11
1.6907716535433071
21
-1.7180433070866143
0
LINE
8
BROWN2
6
CONTINUOUS
10
1.6907716535433071
20
-1.7180433070866143
11
1.6883897637795275
21
-1.7204251968503939
0
LINE
8
BROWN2
6
CONTINUOUS
10
1.6883897637795275
20
-1.7204251968503939
11
1.6836259842519685
21
-1.7228031496062992
0
LINE
8
BROWN2
6
CONTINUOUS
10
1.6836259842519685
20
-1.7228031496062992
11
1.6645787401574803
21
-1.7228031496062992
0
LINE
8
BROWN2
6
CONTINUOUS
10
1.6645787401574803
20
-1.7228031496062992
11
1.6645787401574803
21
-1.6728031496062992
0
LINE
8
BROWN2
6
CONTINUOUS
10
1.6645787401574803
20
-1.6728031496062992
11
1.6812480314960629
21
-1.6728031496062992
0
LINE
8
BROWN2
6
CONTINUOUS
10
1.6812480314960629
20
-1.6728031496062992
11
1.686007874015748
21
-1.6751850393700789
0
LINE
8
BROWN2
6
CONTINUOUS
10
1.686007874015748
20
-1.6751850393700789
11
1.6883897637795275
21
-1.6775669291338584
0
LINE
8
BROWN2
6
CONTINUOUS
10
1.6883897637795275
20
-1.6775669291338584
11
1.6907716535433071
21
-1.6823267716535433
0
LINE
8
BROWN2
6
CONTINUOUS
10
1.6907716535433071
20
-1.6823267716535433
11
1.6907716535433071
21
-1.6870905511811025
0
LINE
8
BROWN2
6
CONTINUOUS
10
1.6907716535433071
20
-1.6870905511811025
11
1.6883897637795275
21
-1.6918503937007874
0
LINE
8
BROWN2
6
CONTINUOUS
10
1.6883897637795275
20
-1.6918503937007874
11
1.686007874015748
21
-1.6942322834645669
0
LINE
8
BROWN2
6
CONTINUOUS
10
1.686007874015748
20
-1.6942322834645669
11
1.6812480314960629
21
-1.6966141732283466
0
LINE
8
BROWN2
6
CONTINUOUS
10
1.6812480314960629
20
-1.6966141732283466
11
1.6645787401574803
21
-1.6966141732283466
0
LINE
8
BROWN2
6
CONTINUOUS
10
1.7145787401574804
20
-1.6728031496062992
11
1.7145787401574804
21
-1.7132795275590551
0
LINE
8
BROWN2
6
CONTINUOUS
10
1.7145787401574804
20
-1.7132795275590551
11
1.7169606299212599
21
-1.7180433070866143
0
LINE
8
BROWN2
6
CONTINUOUS
10
1.7169606299212599
20
-1.7180433070866143
11
1.7193425196850394
21
-1.7204251968503939
0
LINE
8
BROWN2
6
CONTINUOUS
10
1.7193425196850394
20
-1.7204251968503939
11
1.7241023622047245
21
-1.7228031496062992
0
LINE
8
BROWN2
6
CONTINUOUS
10
1.7241023622047245
20
-1.7228031496062992
11
1.7336259842519686
21
-1.7228031496062992
0
LINE
8
BROWN2
6
CONTINUOUS
10
1.7336259842519686
20
-1.7228031496062992
11
1.7383897637795276
21
-1.7204251968503939
0
LINE
8
BROWN2
6
CONTINUOUS
10
1.7383897637795276
20
-1.7204251968503939
11
1.7407716535433071
21
-1.7180433070866143
0
LINE
8
BROWN2
6
CONTINUOUS
10
1.7407716535433071
20
-1.7180433070866143
11
1.7431496062992127
21
-1.7132795275590551
0
LINE
8
BROWN2
6
CONTINUOUS
10
1.7431496062992127
20
-1.7132795275590551
11
1.7431496062992127
21
-1.6728031496062992
0
LINE
8
BROWN2
6
CONTINUOUS
10
1.7645826771653543
20
-1.7204251968503939
11
1.7717244094488189
21
-1.7228031496062992
0
LINE
8
BROWN2
6
CONTINUOUS
10
1.7717244094488189
20
-1.7228031496062992
11
1.7836299212598425
21
-1.7228031496062992
0
LINE
8
BROWN2
6
CONTINUOUS
10
1.7836299212598425
20
-1.7228031496062992
11
1.7883897637795276
21
-1.7204251968503939
0
LINE
8
BROWN2
6
CONTINUOUS
10
1.7883897637795276
20
-1.7204251968503939
11
1.7907716535433071
21
-1.7180433070866143
0
LINE
8
BROWN2
6
CONTINUOUS
10
1.7907716535433071
20
-1.7180433070866143
11
1.7931535433070867
21
-1.7132795275590551
0
LINE
8
BROWN2
6
CONTINUOUS
10
1.7931535433070867
20
-1.7132795275590551
11
1.7931535433070867
21
-1.7085196850393702
0
LINE
8
BROWN2
6
CONTINUOUS
10
1.7931535433070867
20
-1.7085196850393702
11
1.7907716535433071
21
-1.703755905511811
0
LINE
8
BROWN2
6
CONTINUOUS
10
1.7907716535433071
20
-1.703755905511811
11
1.7883897637795276
21
-1.7013740157480315
0
LINE
8
BROWN2
6
CONTINUOUS
10
1.7883897637795276
20
-1.7013740157480315
11
1.7836299212598425
21
-1.6989960629921261
0
LINE
8
BROWN2
6
CONTINUOUS
10
1.7836299212598425
20
-1.6989960629921261
11
1.7741062992125984
21
-1.6966141732283466
0
LINE
8
BROWN2
6
CONTINUOUS
10
1.7741062992125984
20
-1.6966141732283466
11
1.7693425196850394
21
-1.6942322834645669
0
LINE
8
BROWN2
6
CONTINUOUS
10
1.7693425196850394
20
-1.6942322834645669
11
1.7669606299212599
21
-1.6918503937007874
0
LINE
8
BROWN2
6
CONTINUOUS
10
1.7669606299212599
20
-1.6918503937007874
11
1.7645826771653543
21
-1.6870905511811025
0
LINE
8
BROWN2
6
CONTINUOUS
10
1.7645826771653543
20
-1.6870905511811025
11
1.7645826771653543
21
-1.6823267716535433
0
LINE
8
BROWN2
6
CONTINUOUS
10
1.7645826771653543
20
-1.6823267716535433
11
1.7669606299212599
21
-1.6775669291338584
0
LINE
8
BROWN2
6
CONTINUOUS
10
1.7669606299212599
20
-1.6775669291338584
11
1.7693425196850394
21
-1.6751850393700789
0
LINE
8
BROWN2
6
CONTINUOUS
10
1.7693425196850394
20
-1.6751850393700789
11
1.7741062992125984
21
-1.6728031496062992
0
LINE
8
BROWN2
6
CONTINUOUS
10
1.7741062992125984
20
-1.6728031496062992
11
1.7860078740157481
21
-1.6728031496062992
0
LINE
8
BROWN2
6
CONTINUOUS
10
1.7860078740157481
20
-1.6728031496062992
11
1.7931535433070867
21
-1.6751850393700789
0
LINE
8
BROWN2
6
CONTINUOUS
10
1.8026771653543308
20
-1.7275669291338582
11
1.8407716535433072
21
-1.7275669291338582
0
LINE
8
BROWN2
6
CONTINUOUS
10
1.8741023622047244
20
-1.689472440944882
11
1.8741023622047244
21
-1.7228031496062992
0
LINE
8
BROWN2
6
CONTINUOUS
10
1.8621968503937008
20
-1.6704251968503938
11
1.8502952755905513
21
-1.7061377952755905
0
LINE
8
BROWN2
6
CONTINUOUS
10
1.8502952755905513
20
-1.7061377952755905
11
1.881244094488189
21
-1.7061377952755905
0
LINE
8
BROWN2
6
CONTINUOUS
10
1.9500000000000002
20
-1.7
11
1.925
21
-1.675
0
LINE
8
BROWN2
6
CONTINUOUS
10
1.925
20
-1.675
11
1.9000000000000001
21
-1.7
0
LINE
8
BROWN2
6
CONTINUOUS
10
1.9000000000000001
20
-1.7
11
1.925
21
-1.7250000000000001
0
LINE
8
BROWN2
6
CONTINUOUS
10
1.925
20
-1.7250000000000001
11
1.9500000000000002
21
-1.7
0
LINE
8
BROWN2
6
CONTINUOUS
10
1.6812480314960629
20
-1.7966141732283465
11
1.6883897637795275
21
-1.798996062992126
0
LINE
8
BROWN2
6
CONTINUOUS
10
1.6883897637795275
20
-1.798996062992126
11
1.6907716535433071
21
-1.8013740157480316
0
LINE
8
BROWN2
6
CONTINUOUS
10
1.6907716535433071
20
-1.8013740157480316
11
1.6931496062992126
21
-1.8061377952755906
0
LINE
8
BROWN2
6
CONTINUOUS
10
1.6931496062992126
20
-1.8061377952755906
11
1.6931496062992126
21
-1.8132795275590552
0
LINE
8
BROWN2
6
CONTINUOUS
10
1.6931496062992126
20
-1.8132795275590552
11
1.6907716535433071
21
-1.8180433070866142
0
LINE
8
BROWN2
6
CONTINUOUS
10
1.6907716535433071
20
-1.8180433070866142
11
1.6883897637795275
21
-1.8204251968503937
0
LINE
8
BROWN2
6
CONTINUOUS
10
1.6883897637795275
20
-1.8204251968503937
11
1.6836259842519685
21
-1.8228031496062993
0
LINE
8
BROWN2
6
CONTINUOUS
10
1.6836259842519685
20
-1.8228031496062993
11
1.6645787401574803
21
-1.8228031496062993
0
LINE
8
BROWN2
6
CONTINUOUS
10
1.6645787401574803
20
-1.8228031496062993
11
1.6645787401574803
21
-1.7728031496062993
0
LINE
8
BROWN2
6
CONTINUOUS
10
1.6645787401574803
20
-1.7728031496062993
11
1.6812480314960629
21
-1.7728031496062993
0
LINE
8
BROWN2
6
CONTINUOUS
10
1.6812480314960629
20
-1.7728031496062993
11
1.686007874015748
21
-1.7751850393700788
0
LINE
8
BROWN2
6
CONTINUOUS
10
1.686007874015748
20
-1.7751850393700788
11
1.6883897637795275
21
-1.7775669291338583
0
LINE
8
BROWN2
6
CONTINUOUS
10
1.6883897637795275
20
-1.7775669291338583
11
1.6907716535433071
21
-1.7823267716535434
0
LINE
8
BROWN2
6
CONTINUOUS
10
1.6907716535433071
20
-1.7823267716535434
11
1.6907716535433071
21
-1.7870905511811024
0
LINE
8
BROWN2
6
CONTINUOUS
10
1.6907716535433071
20
-1.7870905511811024
11
1.6883897637795275
21
-1.7918503937007875
0
LINE
8
BROWN2
6
CONTINUOUS
10
1.6883897637795275
20
-1.7918503937007875
11
1.686007874015748
21
-1.794232283464567
0
LINE
8
BROWN2
6
CONTINUOUS
10
1.686007874015748
20
-1.794232283464567
11
1.6812480314960629
21
-1.7966141732283465
0
LINE
8
BROWN2
6
CONTINUOUS
10
1.6812480314960629
20
-1.7966141732283465
11
1.6645787401574803
21
-1.7966141732283465
0
LINE
8
BROWN2
6
CONTINUOUS
10
1.7145787401574804
20
-1.7728031496062993
11
1.7145787401574804
21
-1.8132795275590552
0
LINE
8
BROWN2
6
CONTINUOUS
10
1.7145787401574804
20
-1.8132795275590552
11
1.7169606299212599
21
-1.8180433070866142
0
LINE
8
BROWN2
6
CONTINUOUS
10
1.7169606299212599
20
-1.8180433070866142
11
1.7193425196850394
21
-1.8204251968503937
0
LINE
8
BROWN2
6
CONTINUOUS
10
1.7193425196850394
20
-1.8204251968503937
11
1.7241023622047245
21
-1.8228031496062993
0
LINE
8
BROWN2
6
CONTINUOUS
10
1.7241023622047245
20
-1.8228031496062993
11
1.7336259842519686
21
-1.8228031496062993
0
LINE
8
BROWN2
6
CONTINUOUS
10
1.7336259842519686
20
-1.8228031496062993
11
1.7383897637795276
21
-1.8204251968503937
0
LINE
8
BROWN2
6
CONTINUOUS
10
1.7383897637795276
20
-1.8204251968503937
11
1.7407716535433071
21
-1.8180433070866142
0
LINE
8
BROWN2
6
CONTINUOUS
10
1.7407716535433071
20
-1.8180433070866142
11
1.7431496062992127
21
-1.8132795275590552
0
LINE
8
BROWN2
6
CONTINUOUS
10
1.7431496062992127
20
-1.8132795275590552
11
1.7431496062992127
21
-1.7728031496062993
0
LINE
8
BROWN2
6
CONTINUOUS
10
1.7645826771653543
20
-1.8204251968503937
11
1.7717244094488189
21
-1.8228031496062993
0
LINE
8
BROWN2
6
CONTINUOUS
10
1.7717244094488189
20
-1.8228031496062993
11
1.7836299212598425
21
-1.8228031496062993
0
LINE
8
BROWN2
6
CONTINUOUS
10
1.7836299212598425
20
-1.8228031496062993
11
1.7883897637795276
21
-1.8204251968503937
0
LINE
8
BROWN2
6
CONTINUOUS
10
1.7883897637795276
20
-1.8204251968503937
11
1.7907716535433071
21
-1.8180433070866142
0
LINE
8
BROWN2
6
CONTINUOUS
10
1.7907716535433071
20
-1.8180433070866142
11
1.7931535433070867
21
-1.8132795275590552
0
LINE
8
BROWN2
6
CONTINUOUS
10
1.7931535433070867
20
-1.8132795275590552
11
1.7931535433070867
21
-1.8085196850393701
0
LINE
8
BROWN2
6
CONTINUOUS
10
1.7931535433070867
20
-1.8085196850393701
11
1.7907716535433071
21
-1.8037559055118111
0
LINE
8
BROWN2
6
CONTINUOUS
10
1.7907716535433071
20
-1.8037559055118111
11
1.7883897637795276
21
-1.8013740157480316
0
LINE
8
BROWN2
6
CONTINUOUS
10
1.7883897637795276
20
-1.8013740157480316
11
1.7836299212598425
21
-1.798996062992126
0
LINE
8
BROWN2
6
CONTINUOUS
10
1.7836299212598425
20
-1.798996062992126
11
1.7741062992125984
21
-1.7966141732283465
0
LINE
8
BROWN2
6
CONTINUOUS
10
1.7741062992125984
20
-1.7966141732283465
11
1.7693425196850394
21
-1.794232283464567
0
LINE
8
BROWN2
6
CONTINUOUS
10
1.7693425196850394
20
-1.794232283464567
11
1.7669606299212599
21
-1.7918503937007875
0
LINE
8
BROWN2
6
CONTINUOUS
10
1.7669606299212599
20
-1.7918503937007875
11
1.7645826771653543
21
-1.7870905511811024
0
LINE
8
BROWN2
6
CONTINUOUS
10
1.7645826771653543
20
-1.7870905511811024
11
1.7645826771653543
21
-1.7823267716535434
0
LINE
8
BROWN2
6
CONTINUOUS
10
1.7645826771653543
20
-1.7823267716535434
11
1.7669606299212599
21
-1.7775669291338583
0
LINE
8
BROWN2
6
CONTINUOUS
10
1.7669606299212599
20
-1.7775669291338583
11
1.7693425196850394
21
-1.7751850393700788
0
LINE
8
BROWN2
6
CONTINUOUS
10
1.7693425196850394
20
-1.7751850393700788
11
1.7741062992125984
21
-1.7728031496062993
0
LINE
8
BROWN2
6
CONTINUOUS
10
1.7741062992125984
20
-1.7728031496062993
11
1.7860078740157481
21
-1.7728031496062993
0
LINE
8
BROWN2
6
CONTINUOUS
10
1.7860078740157481
20
-1.7728031496062993
11
1.7931535433070867
21
-1.7751850393700788
0
LINE
8
BROWN2
6
CONTINUOUS
10
1.8026771653543308
20
-1.8275669291338583
11
1.8407716535433072
21
-1.8275669291338583
0
LINE
8
BROWN2
6
CONTINUOUS
10
1.8764842519685041
20
-1.7728031496062993
11
1.8526732283464569
21
-1.7728031496062993
0
LINE
8
BROWN2
6
CONTINUOUS
10
1.8526732283464569
20
-1.7728031496062993
11
1.8502952755905513
21
-1.7966141732283465
0
LINE
8
BROWN2
6
CONTINUOUS
10
1.8502952755905513
20
-1.7966141732283465
11
1.8526732283464569
21
-1.794232283464567
0
LINE
8
BROWN2
6
CONTINUOUS
10
1.8526732283464569
20
-1.794232283464567
11
1.8574370078740159
21
-1.7918503937007875
0
LINE
8
BROWN2
6
CONTINUOUS
10
1.8574370078740159
20
-1.7918503937007875
11
1.8693425196850395
21
-1.7918503937007875
0
LINE
8
BROWN2
6
CONTINUOUS
10
1.8693425196850395
20
-1.7918503937007875
11
1.8741023622047244
21
-1.794232283464567
0
LINE
8
BROWN2
6
CONTINUOUS
10
1.8741023622047244
20
-1.794232283464567
11
1.8764842519685041
21
-1.7966141732283465
0
LINE
8
BROWN2
6
CONTINUOUS
10
1.8764842519685041
20
-1.7966141732283465
11
1.8788661417322836
21
-1.8013740157480316
0
LINE
8
BROWN2
6
CONTINUOUS
10
1.8788661417322836
20
-1.8013740157480316
11
1.8788661417322836
21
-1.8132795275590552
0
LINE
8
BROWN2
6
CONTINUOUS
10
1.8788661417322836
20
-1.8132795275590552
11
1.8764842519685041
21
-1.8180433070866142
0
LINE
8
BROWN2
6
CONTINUOUS
10
1.8764842519685041
20
-1.8180433070866142
11
1.8741023622047244
21
-1.8204251968503937
0
LINE
8
BROWN2
6
CONTINUOUS
10
1.8741023622047244
20
-1.8204251968503937
11
1.8693425196850395
21
-1.8228031496062993
0
LINE
8
BROWN2
6
CONTINUOUS
10
1.8693425196850395
20
-1.8228031496062993
11
1.8574370078740159
21
-1.8228031496062993
0
LINE
8
BROWN2
6
CONTINUOUS
10
1.8574370078740159
20
-1.8228031496062993
11
1.8526732283464569
21
-1.8204251968503937
0
LINE
8
BROWN2
6
CONTINUOUS
10
1.8526732283464569
20
-1.8204251968503937
11
1.8502952755905513
21
-1.8180433070866142
0
LINE
8
BROWN2
6
CONTINUOUS
10
1.9500000000000002
20
-1.8
11
1.925
21
-1.7750000000000001
0
LINE
8
BROWN2
6
CONTINUOUS
10
1.925
20
-1.7750000000000001
11
1.9000000000000001
21
-1.8
0
LINE
8
BROWN2
6
CONTINUOUS
10
1.9000000000000001
20
-1.8
11
1.925
21
-1.8250000000000002
0
LINE
8
BROWN2
6
CONTINUOUS
10
1.925
20
-1.8250000000000002
11
1.9500000000000002
21
-1.8
0
LINE
8
BROWN2
6
CONTINUOUS
10
1.6812480314960629
20
-1.2966141732283465
11
1.6883897637795275
21
-1.298996062992126
0
LINE
8
BROWN2
6
CONTINUOUS
10
1.6883897637795275
20
-1.298996062992126
11
1.6907716535433071
21
-1.3013740157480316
0
LINE
8
BROWN2
6
CONTINUOUS
10
1.6907716535433071
20
-1.3013740157480316
11
1.6931496062992126
21
-1.3061377952755906
0
LINE
8
BROWN2
6
CONTINUOUS
10
1.6931496062992126
20
-1.3061377952755906
11
1.6931496062992126
21
-1.3132795275590552
0
LINE
8
BROWN2
6
CONTINUOUS
10
1.6931496062992126
20
-1.3132795275590552
11
1.6907716535433071
21
-1.3180433070866142
0
LINE
8
BROWN2
6
CONTINUOUS
10
1.6907716535433071
20
-1.3180433070866142
11
1.6883897637795275
21
-1.3204251968503937
0
LINE
8
BROWN2
6
CONTINUOUS
10
1.6883897637795275
20
-1.3204251968503937
11
1.6836259842519685
21
-1.3228031496062993
0
LINE
8
BROWN2
6
CONTINUOUS
10
1.6836259842519685
20
-1.3228031496062993
11
1.6645787401574803
21
-1.3228031496062993
0
LINE
8
BROWN2
6
CONTINUOUS
10
1.6645787401574803
20
-1.3228031496062993
11
1.6645787401574803
21
-1.2728031496062993
0
LINE
8
BROWN2
6
CONTINUOUS
10
1.6645787401574803
20
-1.2728031496062993
11
1.6812480314960629
21
-1.2728031496062993
0
LINE
8
BROWN2
6
CONTINUOUS
10
1.6812480314960629
20
-1.2728031496062993
11
1.686007874015748
21
-1.2751850393700788
0
LINE
8
BROWN2
6
CONTINUOUS
10
1.686007874015748
20
-1.2751850393700788
11
1.6883897637795275
21
-1.2775669291338583
0
LINE
8
BROWN2
6
CONTINUOUS
10
1.6883897637795275
20
-1.2775669291338583
11
1.6907716535433071
21
-1.2823267716535434
0
LINE
8
BROWN2
6
CONTINUOUS
10
1.6907716535433071
20
-1.2823267716535434
11
1.6907716535433071
21
-1.2870905511811024
0
LINE
8
BROWN2
6
CONTINUOUS
10
1.6907716535433071
20
-1.2870905511811024
11
1.6883897637795275
21
-1.2918503937007875
0
LINE
8
BROWN2
6
CONTINUOUS
10
1.6883897637795275
20
-1.2918503937007875
11
1.686007874015748
21
-1.294232283464567
0
LINE
8
BROWN2
6
CONTINUOUS
10
1.686007874015748
20
-1.294232283464567
11
1.6812480314960629
21
-1.2966141732283465
0
LINE
8
BROWN2
6
CONTINUOUS
10
1.6812480314960629
20
-1.2966141732283465
11
1.6645787401574803
21
-1.2966141732283465
0
LINE
8
BROWN2
6
CONTINUOUS
10
1.7145787401574804
20
-1.2728031496062993
11
1.7145787401574804
21
-1.3132795275590552
0
LINE
8
BROWN2
6
CONTINUOUS
10
1.7145787401574804
20
-1.3132795275590552
11
1.7169606299212599
21
-1.3180433070866142
0
LINE
8
BROWN2
6
CONTINUOUS
10
1.7169606299212599
20
-1.3180433070866142
11
1.7193425196850394
21
-1.3204251968503937
0
LINE
8
BROWN2
6
CONTINUOUS
10
1.7193425196850394
20
-1.3204251968503937
11
1.7241023622047245
21
-1.3228031496062993
0
LINE
8
BROWN2
6
CONTINUOUS
10
1.7241023622047245
20
-1.3228031496062993
11
1.7336259842519686
21
-1.3228031496062993
0
LINE
8
BROWN2
6
CONTINUOUS
10
1.7336259842519686
20
-1.3228031496062993
11
1.7383897637795276
21
-1.3204251968503937
0
LINE
8
BROWN2
6
CONTINUOUS
10
1.7383897637795276
20
-1.3204251968503937
11
1.7407716535433071
21
-1.3180433070866142
0
LINE
8
BROWN2
6
CONTINUOUS
10
1.7407716535433071
20
-1.3180433070866142
11
1.7431496062992127
21
-1.3132795275590552
0
LINE
8
BROWN2
6
CONTINUOUS
10
1.7431496062992127
20
-1.3132795275590552
11
1.7431496062992127
21
-1.2728031496062993
0
LINE
8
BROWN2
6
CONTINUOUS
10
1.7645826771653543
20
-1.3204251968503937
11
1.7717244094488189
21
-1.3228031496062993
0
LINE
8
BROWN2
6
CONTINUOUS
10
1.7717244094488189
20
-1.3228031496062993
11
1.7836299212598425
21
-1.3228031496062993
0
LINE
8
BROWN2
6
CONTINUOUS
10
1.7836299212598425
20
-1.3228031496062993
11
1.7883897637795276
21
-1.3204251968503937
0
LINE
8
BROWN2
6
CONTINUOUS
10
1.7883897637795276
20
-1.3204251968503937
11
1.7907716535433071
21
-1.3180433070866142
0
LINE
8
BROWN2
6
CONTINUOUS
10
1.7907716535433071
20
-1.3180433070866142
11
1.7931535433070867
21
-1.3132795275590552
0
LINE
8
BROWN2
6
CONTINUOUS
10
1.7931535433070867
20
-1.3132795275590552
11
1.7931535433070867
21
-1.3085196850393701
0
LINE
8
BROWN2
6
CONTINUOUS
10
1.7931535433070867
20
-1.3085196850393701
11
1.7907716535433071
21
-1.3037559055118111
0
LINE
8
BROWN2
6
CONTINUOUS
10
1.7907716535433071
20
-1.3037559055118111
11
1.7883897637795276
21
-1.3013740157480316
0
LINE
8
BROWN2
6
CONTINUOUS
10
1.7883897637795276
20
-1.3013740157480316
11
1.7836299212598425
21
-1.298996062992126
0
LINE
8
BROWN2
6
CONTINUOUS
10
1.7836299212598425
20
-1.298996062992126
11
1.7741062992125984
21
-1.2966141732283465
0
LINE
8
BROWN2
6
CONTINUOUS
10
1.7741062992125984
20
-1.2966141732283465
11
1.7693425196850394
21
-1.294232283464567
0
LINE
8
BROWN2
6
CONTINUOUS
10
1.7693425196850394
20
-1.294232283464567
11
1.7669606299212599
21
-1.2918503937007875
0
LINE
8
BROWN2
6
CONTINUOUS
10
1.7669606299212599
20
-1.2918503937007875
11
1.7645826771653543
21
-1.2870905511811024
0
LINE
8
BROWN2
6
CONTINUOUS
10
1.7645826771653543
20
-1.2870905511811024
11
1.7645826771653543
21
-1.2823267716535434
0
LINE
8
BROWN2
6
CONTINUOUS
10
1.7645826771653543
20
-1.2823267716535434
11
1.7669606299212599
21
-1.2775669291338583
0
LINE
8
BROWN2
6
CONTINUOUS
10
1.7669606299212599
20
-1.2775669291338583
11
1.7693425196850394
21
-1.2751850393700788
0
LINE
8
BROWN2
6
CONTINUOUS
10
1.7693425196850394
20
-1.2751850393700788
11
1.7741062992125984
21
-1.2728031496062993
0
LINE
8
BROWN2
6
CONTINUOUS
10
1.7741062992125984
20
-1.2728031496062993
11
1.7860078740157481
21
-1.2728031496062993
0
LINE
8
BROWN2
6
CONTINUOUS
10
1.7860078740157481
20
-1.2728031496062993
11
1.7931535433070867
21
-1.2751850393700788
0
LINE
8
BROWN2
6
CONTINUOUS
10
1.8026771653543308
20
-1.3275669291338583
11
1.8407716535433072
21
-1.3275669291338583
0
LINE
8
BROWN2
6
CONTINUOUS
10
1.8621968503937008
20
-1.2728031496062993
11
1.86696062992126
21
-1.2728031496062993
0
LINE
8
BROWN2
6
CONTINUOUS
10
1.86696062992126
20
-1.2728031496062993
11
1.8717204724409449
21
-1.2751850393700788
0
LINE
8
BROWN2
6
CONTINUOUS
10
1.8717204724409449
20
-1.2751850393700788
11
1.8741023622047244
21
-1.2775669291338583
0
LINE
8
BROWN2
6
CONTINUOUS
10
1.8741023622047244
20
-1.2775669291338583
11
1.8764842519685041
21
-1.2823267716535434
0
LINE
8
BROWN2
6
CONTINUOUS
10
1.8764842519685041
20
-1.2823267716535434
11
1.8788661417322836
21
-1.2918503937007875
0
LINE
8
BROWN2
6
CONTINUOUS
10
1.8788661417322836
20
-1.2918503937007875
11
1.8788661417322836
21
-1.3037559055118111
0
LINE
8
BROWN2
6
CONTINUOUS
10
1.8788661417322836
20
-1.3037559055118111
11
1.8764842519685041
21
-1.3132795275590552
0
LINE
8
BROWN2
6
CONTINUOUS
10
1.8764842519685041
20
-1.3132795275590552
11
1.8741023622047244
21
-1.3180433070866142
0
LINE
8
BROWN2
6
CONTINUOUS
10
1.8741023622047244
20
-1.3180433070866142
11
1.8717204724409449
21
-1.3204251968503937
0
LINE
8
BROWN2
6
CONTINUOUS
10
1.8717204724409449
20
-1.3204251968503937
11
1.86696062992126
21
-1.3228031496062993
0
LINE
8
BROWN2
6
CONTINUOUS
10
1.86696062992126
20
-1.3228031496062993
11
1.8621968503937008
21
-1.3228031496062993
0
LINE
8
BROWN2
6
CONTINUOUS
10
1.8621968503937008
20
-1.3228031496062993
11
1.8574370078740159
21
-1.3204251968503937
0
LINE
8
BROWN2
6
CONTINUOUS
10
1.8574370078740159
20
-1.3204251968503937
11
1.8550551181102364
21
-1.3180433070866142
0
LINE
8
BROWN2
6
CONTINUOUS
10
1.8550551181102364
20
-1.3180433070866142
11
1.8526732283464569
21
-1.3132795275590552
0
LINE
8
BROWN2
6
CONTINUOUS
10
1.8526732283464569
20
-1.3132795275590552
11
1.8502952755905513
21
-1.3037559055118111
0
LINE
8
BROWN2
6
CONTINUOUS
10
1.8502952755905513
20
-1.3037559055118111
11
1.8502952755905513
21
-1.2918503937007875
0
LINE
8
BROWN2
6
CONTINUOUS
10
1.8502952755905513
20
-1.2918503937007875
11
1.8526732283464569
21
-1.2823267716535434
0
LINE
8
BROWN2
6
CONTINUOUS
10
1.8526732283464569
20
-1.2823267716535434
11
1.8550551181102364
21
-1.2775669291338583
0
LINE
8
BROWN2
6
CONTINUOUS
10
1.8550551181102364
20
-1.2775669291338583
11
1.8574370078740159
21
-1.2751850393700788
0
LINE
8
BROWN2
6
CONTINUOUS
10
1.8574370078740159
20
-1.2751850393700788
11
1.8621968503937008
21
-1.2728031496062993
0
LINE
8
BROWN2
6
CONTINUOUS
10
1.9500000000000002
20
-1.3
11
1.925
21
-1.2750000000000001
0
LINE
8
BROWN2
6
CONTINUOUS
10
1.925
20
-1.2750000000000001
11
1.9000000000000001
21
-1.3
0
LINE
8
BROWN2
6
CONTINUOUS
10
1.9000000000000001
20
-1.3
11
1.925
21
-1.325
0
LINE
8
BROWN2
6
CONTINUOUS
10
1.925
20
-1.325
11
1.9500000000000002
21
-1.3
0
LINE
8
BROWN2
6
CONTINUOUS
10
1.6812480314960629
20
-1.9966141732283464
11
1.6883897637795275
21
-1.998996062992126
0
LINE
8
BROWN2
6
CONTINUOUS
10
1.6883897637795275
20
-1.998996062992126
11
1.6907716535433071
21
-2.0013740157480315
0
LINE
8
BROWN2
6
CONTINUOUS
10
1.6907716535433071
20
-2.0013740157480315
11
1.6931496062992126
21
-2.0061377952755906
0
LINE
8
BROWN2
6
CONTINUOUS
10
1.6931496062992126
20
-2.0061377952755906
11
1.6931496062992126
21
-2.0132795275590554
0
LINE
8
BROWN2
6
CONTINUOUS
10
1.6931496062992126
20
-2.0132795275590554
11
1.6907716535433071
21
-2.0180433070866144
0
LINE
8
BROWN2
6
CONTINUOUS
10
1.6907716535433071
20
-2.0180433070866144
11
1.6883897637795275
21
-2.0204251968503937
0
LINE
8
BROWN2
6
CONTINUOUS
10
1.6883897637795275
20
-2.0204251968503937
11
1.6836259842519685
21
-2.0228031496062995
0
LINE
8
BROWN2
6
CONTINUOUS
10
1.6836259842519685
20
-2.0228031496062995
11
1.6645787401574803
21
-2.0228031496062995
0
LINE
8
BROWN2
6
CONTINUOUS
10
1.6645787401574803
20
-2.0228031496062995
11
1.6645787401574803
21
-1.9728031496062992
0
LINE
8
BROWN2
6
CONTINUOUS
10
1.6645787401574803
20
-1.9728031496062992
11
1.6812480314960629
21
-1.9728031496062992
0
LINE
8
BROWN2
6
CONTINUOUS
10
1.6812480314960629
20
-1.9728031496062992
11
1.686007874015748
21
-1.9751850393700787
0
LINE
8
BROWN2
6
CONTINUOUS
10
1.686007874015748
20
-1.9751850393700787
11
1.6883897637795275
21
-1.9775669291338585
0
LINE
8
BROWN2
6
CONTINUOUS
10
1.6883897637795275
20
-1.9775669291338585
11
1.6907716535433071
21
-1.9823267716535433
0
LINE
8
BROWN2
6
CONTINUOUS
10
1.6907716535433071
20
-1.9823267716535433
11
1.6907716535433071
21
-1.9870905511811023
0
LINE
8
BROWN2
6
CONTINUOUS
10
1.6907716535433071
20
-1.9870905511811023
11
1.6883897637795275
21
-1.9918503937007874
0
LINE
8
BROWN2
6
CONTINUOUS
10
1.6883897637795275
20
-1.9918503937007874
11
1.686007874015748
21
-1.9942322834645669
0
LINE
8
BROWN2
6
CONTINUOUS
10
1.686007874015748
20
-1.9942322834645669
11
1.6812480314960629
21
-1.9966141732283464
0
LINE
8
BROWN2
6
CONTINUOUS
10
1.6812480314960629
20
-1.9966141732283464
11
1.6645787401574803
21
-1.9966141732283464
0
LINE
8
BROWN2
6
CONTINUOUS
10
1.7145787401574804
20
-1.9728031496062992
11
1.7145787401574804
21
-2.0132795275590554
0
LINE
8
BROWN2
6
CONTINUOUS
10
1.7145787401574804
20
-2.0132795275590554
11
1.7169606299212599
21
-2.0180433070866144
0
LINE
8
BROWN2
6
CONTINUOUS
10
1.7169606299212599
20
-2.0180433070866144
11
1.7193425196850394
21
-2.0204251968503937
0
LINE
8
BROWN2
6
CONTINUOUS
10
1.7193425196850394
20
-2.0204251968503937
11
1.7241023622047245
21
-2.0228031496062995
0
LINE
8
BROWN2
6
CONTINUOUS
10
1.7241023622047245
20
-2.0228031496062995
11
1.7336259842519686
21
-2.0228031496062995
0
LINE
8
BROWN2
6
CONTINUOUS
10
1.7336259842519686
20
-2.0228031496062995
11
1.7383897637795276
21
-2.0204251968503937
0
LINE
8
BROWN2
6
CONTINUOUS
10
1.7383897637795276
20
-2.0204251968503937
11
1.7407716535433071
21
-2.0180433070866144
0
LINE
8
BROWN2
6
CONTINUOUS
10
1.7407716535433071
20
-2.0180433070866144
11
1.7431496062992127
21
-2.0132795275590554
0
LINE
8
BROWN2
6
CONTINUOUS
10
1.7431496062992127
20
-2.0132795275590554
11
1.7431496062992127
21
-1.9728031496062992
0
LINE
8
BROWN2
6
CONTINUOUS
10
1.7645826771653543
20
-2.0204251968503937
11
1.7717244094488189
21
-2.0228031496062995
0
LINE
8
BROWN2
6
CONTINUOUS
10
1.7717244094488189
20
-2.0228031496062995
11
1.7836299212598425
21
-2.0228031496062995
0
LINE
8
BROWN2
6
CONTINUOUS
10
1.7836299212598425
20
-2.0228031496062995
11
1.7883897637795276
21
-2.0204251968503937
0
LINE
8
BROWN2
6
CONTINUOUS
10
1.7883897637795276
20
-2.0204251968503937
11
1.7907716535433071
21
-2.0180433070866144
0
LINE
8
BROWN2
6
CONTINUOUS
10
1.7907716535433071
20
-2.0180433070866144
11
1.7931535433070867
21
-2.0132795275590554
0
LINE
8
BROWN2
6
CONTINUOUS
10
1.7931535433070867
20
-2.0132795275590554
11
1.7931535433070867
21
-2.0085196850393703
0
LINE
8
BROWN2
6
CONTINUOUS
10
1.7931535433070867
20
-2.0085196850393703
11
1.7907716535433071
21
-2.0037559055118113
0
LINE
8
BROWN2
6
CONTINUOUS
10
1.7907716535433071
20
-2.0037559055118113
11
1.7883897637795276
21
-2.0013740157480315
0
LINE
8
BROWN2
6
CONTINUOUS
10
1.7883897637795276
20
-2.0013740157480315
11
1.7836299212598425
21
-1.998996062992126
0
LINE
8
BROWN2
6
CONTINUOUS
10
1.7836299212598425
20
-1.998996062992126
11
1.7741062992125984
21
-1.9966141732283464
0
LINE
8
BROWN2
6
CONTINUOUS
10
1.7741062992125984
20
-1.9966141732283464
11
1.7693425196850394
21
-1.9942322834645669
0
LINE
8
BROWN2
6
CONTINUOUS
10
1.7693425196850394
20
-1.9942322834645669
11
1.7669606299212599
21
-1.9918503937007874
0
LINE
8
BROWN2
6
CONTINUOUS
10
1.7669606299212599
20
-1.9918503937007874
11
1.7645826771653543
21
-1.9870905511811023
0
LINE
8
BROWN2
6
CONTINUOUS
10
1.7645826771653543
20
-1.9870905511811023
11
1.7645826771653543
21
-1.9823267716535433
0
LINE
8
BROWN2
6
CONTINUOUS
10
1.7645826771653543
20
-1.9823267716535433
11
1.7669606299212599
21
-1.9775669291338585
0
LINE
8
BROWN2
6
CONTINUOUS
10
1.7669606299212599
20
-1.9775669291338585
11
1.7693425196850394
21
-1.9751850393700787
0
LINE
8
BROWN2
6
CONTINUOUS
10
1.7693425196850394
20
-1.9751850393700787
11
1.7741062992125984
21
-1.9728031496062992
0
LINE
8
BROWN2
6
CONTINUOUS
10
1.7741062992125984
20
-1.9728031496062992
11
1.7860078740157481
21
-1.9728031496062992
0
LINE
8
BROWN2
6
CONTINUOUS
10
1.7860078740157481
20
-1.9728031496062992
11
1.7931535433070867
21
-1.9751850393700787
0
LINE
8
BROWN2
6
CONTINUOUS
10
1.8026771653543308
20
-2.0275669291338585
11
1.8407716535433072
21
-2.0275669291338585
0
LINE
8
BROWN2
6
CONTINUOUS
10
1.8479133858267718
20
-1.9728031496062992
11
1.881244094488189
21
-1.9728031496062992
0
LINE
8
BROWN2
6
CONTINUOUS
10
1.881244094488189
20
-1.9728031496062992
11
1.8598188976377954
21
-2.0228031496062995
0
LINE
8
BROWN2
6
CONTINUOUS
10
1.9500000000000002
20
-2.
11
1.925
21
-1.9750000000000001
0
LINE
8
BROWN2
6
CONTINUOUS
10
1.925
20
-1.9750000000000001
11
1.9000000000000001
21
-2.
0
LINE
8
BROWN2
6
CONTINUOUS
10
1.9000000000000001
20
-2.
11
1.925
21
-2.0249999999999999
0
LINE
8
BROWN2
6
CONTINUOUS
10
1.925
20
-2.0249999999999999
11
1.9500000000000002
21
-2.
0
LINE
8
BROWN2
6
CONTINUOUS
10
1.6812480314960629
20
-1.4966141732283464
11
1.6883897637795275
21
-1.498996062992126
0
LINE
8
BROWN2
6
CONTINUOUS
10
1.6883897637795275
20
-1.498996062992126
11
1.6907716535433071
21
-1.5013740157480315
0
LINE
8
BROWN2
6
CONTINUOUS
10
1.6907716535433071
20
-1.5013740157480315
11
1.6931496062992126
21
-1.5061377952755906
0
LINE
8
BROWN2
6
CONTINUOUS
10
1.6931496062992126
20
-1.5061377952755906
11
1.6931496062992126
21
-1.5132795275590551
0
LINE
8
BROWN2
6
CONTINUOUS
10
1.6931496062992126
20
-1.5132795275590551
11
1.6907716535433071
21
-1.5180433070866142
0
LINE
8
BROWN2
6
CONTINUOUS
10
1.6907716535433071
20
-1.5180433070866142
11
1.6883897637795275
21
-1.5204251968503937
0
LINE
8
BROWN2
6
CONTINUOUS
10
1.6883897637795275
20
-1.5204251968503937
11
1.6836259842519685
21
-1.5228031496062993
0
LINE
8
BROWN2
6
CONTINUOUS
10
1.6836259842519685
20
-1.5228031496062993
11
1.6645787401574803
21
-1.5228031496062993
0
LINE
8
BROWN2
6
CONTINUOUS
10
1.6645787401574803
20
-1.5228031496062993
11
1.6645787401574803
21
-1.4728031496062992
0
LINE
8
BROWN2
6
CONTINUOUS
10
1.6645787401574803
20
-1.4728031496062992
11
1.6812480314960629
21
-1.4728031496062992
0
LINE
8
BROWN2
6
CONTINUOUS
10
1.6812480314960629
20
-1.4728031496062992
11
1.686007874015748
21
-1.4751850393700787
0
LINE
8
BROWN2
6
CONTINUOUS
10
1.686007874015748
20
-1.4751850393700787
11
1.6883897637795275
21
-1.4775669291338582
0
LINE
8
BROWN2
6
CONTINUOUS
10
1.6883897637795275
20
-1.4775669291338582
11
1.6907716535433071
21
-1.4823267716535433
0
LINE
8
BROWN2
6
CONTINUOUS
10
1.6907716535433071
20
-1.4823267716535433
11
1.6907716535433071
21
-1.4870905511811023
0
LINE
8
BROWN2
6
CONTINUOUS
10
1.6907716535433071
20
-1.4870905511811023
11
1.6883897637795275
21
-1.4918503937007874
0
LINE
8
BROWN2
6
CONTINUOUS
10
1.6883897637795275
20
-1.4918503937007874
11
1.686007874015748
21
-1.4942322834645669
0
LINE
8
BROWN2
6
CONTINUOUS
10
1.686007874015748
20
-1.4942322834645669
11
1.6812480314960629
21
-1.4966141732283464
0
LINE
8
BROWN2
6
CONTINUOUS
10
1.6812480314960629
20
-1.4966141732283464
11
1.6645787401574803
21
-1.4966141732283464
0
LINE
8
BROWN2
6
CONTINUOUS
10
1.7145787401574804
20
-1.4728031496062992
11
1.7145787401574804
21
-1.5132795275590551
0
LINE
8
BROWN2
6
CONTINUOUS
10
1.7145787401574804
20
-1.5132795275590551
11
1.7169606299212599
21
-1.5180433070866142
0
LINE
8
BROWN2
6
CONTINUOUS
10
1.7169606299212599
20
-1.5180433070866142
11
1.7193425196850394
21
-1.5204251968503937
0
LINE
8
BROWN2
6
CONTINUOUS
10
1.7193425196850394
20
-1.5204251968503937
11
1.7241023622047245
21
-1.5228031496062993
0
LINE
8
BROWN2
6
CONTINUOUS
10
1.7241023622047245
20
-1.5228031496062993
11
1.7336259842519686
21
-1.5228031496062993
0
LINE
8
BROWN2
6
CONTINUOUS
10
1.7336259842519686
20
-1.5228031496062993
11
1.7383897637795276
21
-1.5204251968503937
0
LINE
8
BROWN2
6
CONTINUOUS
10
1.7383897637795276
20
-1.5204251968503937
11
1.7407716535433071
21
-1.5180433070866142
0
LINE
8
BROWN2
6
CONTINUOUS
10
1.7407716535433071
20
-1.5180433070866142
11
1.7431496062992127
21
-1.5132795275590551
0
LINE
8
BROWN2
6
CONTINUOUS
10
1.7431496062992127
20
-1.5132795275590551
11
1.7431496062992127
21
-1.4728031496062992
0
LINE
8
BROWN2
6
CONTINUOUS
10
1.7645826771653543
20
-1.5204251968503937
11
1.7717244094488189
21
-1.5228031496062993
0
LINE
8
BROWN2
6
CONTINUOUS
10
1.7717244094488189
20
-1.5228031496062993
11
1.7836299212598425
21
-1.5228031496062993
0
LINE
8
BROWN2
6
CONTINUOUS
10
1.7836299212598425
20
-1.5228031496062993
11
1.7883897637795276
21
-1.5204251968503937
0
LINE
8
BROWN2
6
CONTINUOUS
10
1.7883897637795276
20
-1.5204251968503937
11
1.7907716535433071
21
-1.5180433070866142
0
LINE
8
BROWN2
6
CONTINUOUS
10
1.7907716535433071
20
-1.5180433070866142
11
1.7931535433070867
21
-1.5132795275590551
0
LINE
8
BROWN2
6
CONTINUOUS
10
1.7931535433070867
20
-1.5132795275590551
11
1.7931535433070867
21
-1.5085196850393701
0
LINE
8
BROWN2
6
CONTINUOUS
10
1.7931535433070867
20
-1.5085196850393701
11
1.7907716535433071
21
-1.503755905511811
0
LINE
8
BROWN2
6
CONTINUOUS
10
1.7907716535433071
20
-1.503755905511811
11
1.7883897637795276
21
-1.5013740157480315
0
LINE
8
BROWN2
6
CONTINUOUS
10
1.7883897637795276
20
-1.5013740157480315
11
1.7836299212598425
21
-1.498996062992126
0
LINE
8
BROWN2
6
CONTINUOUS
10
1.7836299212598425
20
-1.498996062992126
11
1.7741062992125984
21
-1.4966141732283464
0
LINE
8
BROWN2
6
CONTINUOUS
10
1.7741062992125984
20
-1.4966141732283464
11
1.7693425196850394
21
-1.4942322834645669
0
LINE
8
BROWN2
6
CONTINUOUS
10
1.7693425196850394
20
-1.4942322834645669
11
1.7669606299212599
21
-1.4918503937007874
0
LINE
8
BROWN2
6
CONTINUOUS
10
1.7669606299212599
20
-1.4918503937007874
11
1.7645826771653543
21
-1.4870905511811023
0
LINE
8
BROWN2
6
CONTINUOUS
10
1.7645826771653543
20
-1.4870905511811023
11
1.7645826771653543
21
-1.4823267716535433
0
LINE
8
BROWN2
6
CONTINUOUS
10
1.7645826771653543
20
-1.4823267716535433
11
1.7669606299212599
21
-1.4775669291338582
0
LINE
8
BROWN2
6
CONTINUOUS
10
1.7669606299212599
20
-1.4775669291338582
11
1.7693425196850394
21
-1.4751850393700787
0
LINE
8
BROWN2
6
CONTINUOUS
10
1.7693425196850394
20
-1.4751850393700787
11
1.7741062992125984
21
-1.4728031496062992
0
LINE
8
BROWN2
6
CONTINUOUS
10
1.7741062992125984
20
-1.4728031496062992
11
1.7860078740157481
21
-1.4728031496062992
0
LINE
8
BROWN2
6
CONTINUOUS
10
1.7860078740157481
20
-1.4728031496062992
11
1.7931535433070867
21
-1.4751850393700787
0
LINE
8
BROWN2
6
CONTINUOUS
10
1.8026771653543308
20
-1.5275669291338583
11
1.8407716535433072
21
-1.5275669291338583
0
LINE
8
BROWN2
6
CONTINUOUS
10
1.8502952755905513
20
-1.4775669291338582
11
1.8526732283464569
21
-1.4751850393700787
0
LINE
8
BROWN2
6
CONTINUOUS
10
1.8526732283464569
20
-1.4751850393700787
11
1.8574370078740159
21
-1.4728031496062992
0
LINE
8
BROWN2
6
CONTINUOUS
10
1.8574370078740159
20
-1.4728031496062992
11
1.8693425196850395
21
-1.4728031496062992
0
LINE
8
BROWN2
6
CONTINUOUS
10
1.8693425196850395
20
-1.4728031496062992
11
1.8741023622047244
21
-1.4751850393700787
0
LINE
8
BROWN2
6
CONTINUOUS
10
1.8741023622047244
20
-1.4751850393700787
11
1.8764842519685041
21
-1.4775669291338582
0
LINE
8
BROWN2
6
CONTINUOUS
10
1.8764842519685041
20
-1.4775669291338582
11
1.8788661417322836
21
-1.4823267716535433
0
LINE
8
BROWN2
6
CONTINUOUS
10
1.8788661417322836
20
-1.4823267716535433
11
1.8788661417322836
21
-1.4870905511811023
0
LINE
8
BROWN2
6
CONTINUOUS
10
1.8788661417322836
20
-1.4870905511811023
11
1.8764842519685041
21
-1.4942322834645669
0
LINE
8
BROWN2
6
CONTINUOUS
10
1.8764842519685041
20
-1.4942322834645669
11
1.8479133858267718
21
-1.5228031496062993
0
LINE
8
BROWN2
6
CONTINUOUS
10
1.8479133858267718
20
-1.5228031496062993
11
1.8788661417322836
21
-1.5228031496062993
0
LINE
8
BROWN2
6
CONTINUOUS
10
1.9500000000000002
20
-1.5
11
1.925
21
-1.4750000000000001
0
LINE
8
BROWN2
6
CONTINUOUS
10
1.925
20
-1.4750000000000001
11
1.9000000000000001
21
-1.5
0
LINE
8
BROWN2
6
CONTINUOUS
10
1.9000000000000001
20
-1.5
11
1.925
21
-1.5250000000000001
0
LINE
8
BROWN2
6
CONTINUOUS
10
1.925
20
-1.5250000000000001
11
1.9500000000000002
21
-1.5
0
LINE
8
BROWN2
6
CONTINUOUS
10
9.2235118110236218
20
-4.2728031496062995
11
9.2235118110236218
21
-4.2228031496062997
0
LINE
8
BROWN2
6
CONTINUOUS
10
9.2568464566929141
20
-4.2228031496062997
11
9.2663700787401577
21
-4.2228031496062997
0
LINE
8
BROWN2
6
CONTINUOUS
10
9.2663700787401577
20
-4.2228031496062997
11
9.2711338582677172
21
-4.2251850393700785
0
LINE
8
BROWN2
6
CONTINUOUS
10
9.2711338582677172
20
-4.2251850393700785
11
9.2758937007874014
21
-4.229948818897638
0
LINE
8
BROWN2
6
CONTINUOUS
10
9.2758937007874014
20
-4.229948818897638
11
9.278275590551182
21
-4.2394724409448816
0
LINE
8
BROWN2
6
CONTINUOUS
10
9.278275590551182
20
-4.2394724409448816
11
9.278275590551182
21
-4.256137795275591
0
LINE
8
BROWN2
6
CONTINUOUS
10
9.278275590551182
20
-4.256137795275591
11
9.2758937007874014
21
-4.2656614173228347
0
LINE
8
BROWN2
6
CONTINUOUS
10
9.2758937007874014
20
-4.2656614173228347
11
9.2711338582677172
21
-4.2704251968503941
0
LINE
8
BROWN2
6
CONTINUOUS
10
9.2711338582677172
20
-4.2704251968503941
11
9.2663700787401577
21
-4.2728031496062995
0
LINE
8
BROWN2
6
CONTINUOUS
10
9.2663700787401577
20
-4.2728031496062995
11
9.2568464566929141
21
-4.2728031496062995
0
LINE
8
BROWN2
6
CONTINUOUS
10
9.2568464566929141
20
-4.2728031496062995
11
9.2520866141732281
21
-4.2704251968503941
0
LINE
8
BROWN2
6
CONTINUOUS
10
9.2520866141732281
20
-4.2704251968503941
11
9.2473228346456704
21
-4.2656614173228347
0
LINE
8
BROWN2
6
CONTINUOUS
10
9.2473228346456704
20
-4.2656614173228347
11
9.2449448818897633
21
-4.256137795275591
0
LINE
8
BROWN2
6
CONTINUOUS
10
9.2449448818897633
20
-4.256137795275591
11
9.2449448818897633
21
-4.2394724409448816
0
LINE
8
BROWN2
6
CONTINUOUS
10
9.2449448818897633
20
-4.2394724409448816
11
9.2473228346456704
21
-4.229948818897638
0
LINE
8
BROWN2
6
CONTINUOUS
10
9.2473228346456704
20
-4.229948818897638
11
9.2520866141732281
21
-4.2251850393700785
0
LINE
8
BROWN2
6
CONTINUOUS
10
9.2520866141732281
20
-4.2251850393700785
11
9.2568464566929141
21
-4.2228031496062997
0
LINE
8
BROWN2
6
CONTINUOUS
10
9.2166102362204736
20
-4.2089251968503936
11
9.2828031496063002
21
-4.2089251968503936
0
LINE
8
BROWN2
6
CONTINUOUS
10
9.1500000000000004
20
-4.25
11
9.1750000000000007
21
-4.2750000000000004
0
LINE
8
BROWN2
6
CONTINUOUS
10
9.1750000000000007
20
-4.2750000000000004
11
9.2000000000000011
21
-4.2750000000000004
0
LINE
8
BROWN2
6
CONTINUOUS
10
9.2000000000000011
20
-4.2750000000000004
11
9.2000000000000011
21
-4.2250000000000005
0
LINE
8
BROWN2
6
CONTINUOUS
10
9.2000000000000011
20
-4.2250000000000005
11
9.1750000000000007
21
-4.2250000000000005
0
LINE
8
BROWN2
6
CONTINUOUS
10
9.1750000000000007
20
-4.2250000000000005
11
9.1500000000000004
21
-4.25
0
LINE
8
BROWN2
6
CONTINUOUS
10
1.6812480314960629
20
-1.8966141732283466
11
1.6883897637795275
21
-1.8989960629921261
0
LINE
8
BROWN2
6
CONTINUOUS
10
1.6883897637795275
20
-1.8989960629921261
11
1.6907716535433071
21
-1.9013740157480317
0
LINE
8
BROWN2
6
CONTINUOUS
10
1.6907716535433071
20
-1.9013740157480317
11
1.6931496062992126
21
-1.9061377952755907
0
LINE
8
BROWN2
6
CONTINUOUS
10
1.6931496062992126
20
-1.9061377952755907
11
1.6931496062992126
21
-1.9132795275590553
0
LINE
8
BROWN2
6
CONTINUOUS
10
1.6931496062992126
20
-1.9132795275590553
11
1.6907716535433071
21
-1.9180433070866143
0
LINE
8
BROWN2
6
CONTINUOUS
10
1.6907716535433071
20
-1.9180433070866143
11
1.6883897637795275
21
-1.9204251968503938
0
LINE
8
BROWN2
6
CONTINUOUS
10
1.6883897637795275
20
-1.9204251968503938
11
1.6836259842519685
21
-1.9228031496062994
0
LINE
8
BROWN2
6
CONTINUOUS
10
1.6836259842519685
20
-1.9228031496062994
11
1.6645787401574803
21
-1.9228031496062994
0
LINE
8
BROWN2
6
CONTINUOUS
10
1.6645787401574803
20
-1.9228031496062994
11
1.6645787401574803
21
-1.8728031496062993
0
LINE
8
BROWN2
6
CONTINUOUS
10
1.6645787401574803
20
-1.8728031496062993
11
1.6812480314960629
21
-1.8728031496062993
0
LINE
8
BROWN2
6
CONTINUOUS
10
1.6812480314960629
20
-1.8728031496062993
11
1.686007874015748
21
-1.8751850393700789
0
LINE
8
BROWN2
6
CONTINUOUS
10
1.686007874015748
20
-1.8751850393700789
11
1.6883897637795275
21
-1.8775669291338584
0
LINE
8
BROWN2
6
CONTINUOUS
10
1.6883897637795275
20
-1.8775669291338584
11
1.6907716535433071
21
-1.8823267716535435
0
LINE
8
BROWN2
6
CONTINUOUS
10
1.6907716535433071
20
-1.8823267716535435
11
1.6907716535433071
21
-1.8870905511811025
0
LINE
8
BROWN2
6
CONTINUOUS
10
1.6907716535433071
20
-1.8870905511811025
11
1.6883897637795275
21
-1.8918503937007876
0
LINE
8
BROWN2
6
CONTINUOUS
10
1.6883897637795275
20
-1.8918503937007876
11
1.686007874015748
21
-1.8942322834645671
0
LINE
8
BROWN2
6
CONTINUOUS
10
1.686007874015748
20
-1.8942322834645671
11
1.6812480314960629
21
-1.8966141732283466
0
LINE
8
BROWN2
6
CONTINUOUS
10
1.6812480314960629
20
-1.8966141732283466
11
1.6645787401574803
21
-1.8966141732283466
0
LINE
8
BROWN2
6
CONTINUOUS
10
1.7145787401574804
20
-1.8728031496062993
11
1.7145787401574804
21
-1.9132795275590553
0
LINE
8
BROWN2
6
CONTINUOUS
10
1.7145787401574804
20
-1.9132795275590553
11
1.7169606299212599
21
-1.9180433070866143
0
LINE
8
BROWN2
6
CONTINUOUS
10
1.7169606299212599
20
-1.9180433070866143
11
1.7193425196850394
21
-1.9204251968503938
0
LINE
8
BROWN2
6
CONTINUOUS
10
1.7193425196850394
20
-1.9204251968503938
11
1.7241023622047245
21
-1.9228031496062994
0
LINE
8
BROWN2
6
CONTINUOUS
10
1.7241023622047245
20
-1.9228031496062994
11
1.7336259842519686
21
-1.9228031496062994
0
LINE
8
BROWN2
6
CONTINUOUS
10
1.7336259842519686
20
-1.9228031496062994
11
1.7383897637795276
21
-1.9204251968503938
0
LINE
8
BROWN2
6
CONTINUOUS
10
1.7383897637795276
20
-1.9204251968503938
11
1.7407716535433071
21
-1.9180433070866143
0
LINE
8
BROWN2
6
CONTINUOUS
10
1.7407716535433071
20
-1.9180433070866143
11
1.7431496062992127
21
-1.9132795275590553
0
LINE
8
BROWN2
6
CONTINUOUS
10
1.7431496062992127
20
-1.9132795275590553
11
1.7431496062992127
21
-1.8728031496062993
0
LINE
8
BROWN2
6
CONTINUOUS
10
1.7645826771653543
20
-1.9204251968503938
11
1.7717244094488189
21
-1.9228031496062994
0
LINE
8
BROWN2
6
CONTINUOUS
10
1.7717244094488189
20
-1.9228031496062994
11
1.7836299212598425
21
-1.9228031496062994
0
LINE
8
BROWN2
6
CONTINUOUS
10
1.7836299212598425
20
-1.9228031496062994
11
1.7883897637795276
21
-1.9204251968503938
0
LINE
8
BROWN2
6
CONTINUOUS
10
1.7883897637795276
20
-1.9204251968503938
11
1.7907716535433071
21
-1.9180433070866143
0
LINE
8
BROWN2
6
CONTINUOUS
10
1.7907716535433071
20
-1.9180433070866143
11
1.7931535433070867
21
-1.9132795275590553
0
LINE
8
BROWN2
6
CONTINUOUS
10
1.7931535433070867
20
-1.9132795275590553
11
1.7931535433070867
21
-1.9085196850393702
0
LINE
8
BROWN2
6
CONTINUOUS
10
1.7931535433070867
20
-1.9085196850393702
11
1.7907716535433071
21
-1.9037559055118112
0
LINE
8
BROWN2
6
CONTINUOUS
10
1.7907716535433071
20
-1.9037559055118112
11
1.7883897637795276
21
-1.9013740157480317
0
LINE
8
BROWN2
6
CONTINUOUS
10
1.7883897637795276
20
-1.9013740157480317
11
1.7836299212598425
21
-1.8989960629921261
0
LINE
8
BROWN2
6
CONTINUOUS
10
1.7836299212598425
20
-1.8989960629921261
11
1.7741062992125984
21
-1.8966141732283466
0
LINE
8
BROWN2
6
CONTINUOUS
10
1.7741062992125984
20
-1.8966141732283466
11
1.7693425196850394
21
-1.8942322834645671
0
LINE
8
BROWN2
6
CONTINUOUS
10
1.7693425196850394
20
-1.8942322834645671
11
1.7669606299212599
21
-1.8918503937007876
0
LINE
8
BROWN2
6
CONTINUOUS
10
1.7669606299212599
20
-1.8918503937007876
11
1.7645826771653543
21
-1.8870905511811025
0
LINE
8
BROWN2
6
CONTINUOUS
10
1.7645826771653543
20
-1.8870905511811025
11
1.7645826771653543
21
-1.8823267716535435
0
LINE
8
BROWN2
6
CONTINUOUS
10
1.7645826771653543
20
-1.8823267716535435
11
1.7669606299212599
21
-1.8775669291338584
0
LINE
8
BROWN2
6
CONTINUOUS
10
1.7669606299212599
20
-1.8775669291338584
11
1.7693425196850394
21
-1.8751850393700789
0
LINE
8
BROWN2
6
CONTINUOUS
10
1.7693425196850394
20
-1.8751850393700789
11
1.7741062992125984
21
-1.8728031496062993
0
LINE
8
BROWN2
6
CONTINUOUS
10
1.7741062992125984
20
-1.8728031496062993
11
1.7860078740157481
21
-1.8728031496062993
0
LINE
8
BROWN2
6
CONTINUOUS
10
1.7860078740157481
20
-1.8728031496062993
11
1.7931535433070867
21
-1.8751850393700789
0
LINE
8
BROWN2
6
CONTINUOUS
10
1.8026771653543308
20
-1.9275669291338584
11
1.8407716535433072
21
-1.9275669291338584
0
LINE
8
BROWN2
6
CONTINUOUS
10
1.8741023622047244
20
-1.8728031496062993
11
1.8645787401574805
21
-1.8728031496062993
0
LINE
8
BROWN2
6
CONTINUOUS
10
1.8645787401574805
20
-1.8728031496062993
11
1.8598188976377954
21
-1.8751850393700789
0
LINE
8
BROWN2
6
CONTINUOUS
10
1.8598188976377954
20
-1.8751850393700789
11
1.8574370078740159
21
-1.8775669291338584
0
LINE
8
BROWN2
6
CONTINUOUS
10
1.8574370078740159
20
-1.8775669291338584
11
1.8526732283464569
21
-1.884708661417323
0
LINE
8
BROWN2
6
CONTINUOUS
10
1.8526732283464569
20
-1.884708661417323
11
1.8502952755905513
21
-1.8942322834645671
0
LINE
8
BROWN2
6
CONTINUOUS
10
1.8502952755905513
20
-1.8942322834645671
11
1.8502952755905513
21
-1.9132795275590553
0
LINE
8
BROWN2
6
CONTINUOUS
10
1.8502952755905513
20
-1.9132795275590553
11
1.8526732283464569
21
-1.9180433070866143
0
LINE
8
BROWN2
6
CONTINUOUS
10
1.8526732283464569
20
-1.9180433070866143
11
1.8550551181102364
21
-1.9204251968503938
0
LINE
8
BROWN2
6
CONTINUOUS
10
1.8550551181102364
20
-1.9204251968503938
11
1.8598188976377954
21
-1.9228031496062994
0
LINE
8
BROWN2
6
CONTINUOUS
10
1.8598188976377954
20
-1.9228031496062994
11
1.8693425196850395
21
-1.9228031496062994
0
LINE
8
BROWN2
6
CONTINUOUS
10
1.8693425196850395
20
-1.9228031496062994
11
1.8741023622047244
21
-1.9204251968503938
0
LINE
8
BROWN2
6
CONTINUOUS
10
1.8741023622047244
20
-1.9204251968503938
11
1.8764842519685041
21
-1.9180433070866143
0
LINE
8
BROWN2
6
CONTINUOUS
10
1.8764842519685041
20
-1.9180433070866143
11
1.8788661417322836
21
-1.9132795275590553
0
LINE
8
BROWN2
6
CONTINUOUS
10
1.8788661417322836
20
-1.9132795275590553
11
1.8788661417322836
21
-1.9013740157480317
0
LINE
8
BROWN2
6
CONTINUOUS
10
1.8788661417322836
20
-1.9013740157480317
11
1.8764842519685041
21
-1.8966141732283466
0
LINE
8
BROWN2
6
CONTINUOUS
10
1.8764842519685041
20
-1.8966141732283466
11
1.8741023622047244
21
-1.8942322834645671
0
LINE
8
BROWN2
6
CONTINUOUS
10
1.8741023622047244
20
-1.8942322834645671
11
1.8693425196850395
21
-1.8918503937007876
0
LINE
8
BROWN2
6
CONTINUOUS
10
1.8693425196850395
20
-1.8918503937007876
11
1.8598188976377954
21
-1.8918503937007876
0
LINE
8
BROWN2
6
CONTINUOUS
10
1.8598188976377954
20
-1.8918503937007876
11
1.8550551181102364
21
-1.8942322834645671
0
LINE
8
BROWN2
6
CONTINUOUS
10
1.8550551181102364
20
-1.8942322834645671
11
1.8526732283464569
21
-1.8966141732283466
0
LINE
8
BROWN2
6
CONTINUOUS
10
1.8526732283464569
20
-1.8966141732283466
11
1.8502952755905513
21
-1.9013740157480317
0
LINE
8
BROWN2
6
CONTINUOUS
10
1.9500000000000002
20
-1.9000000000000001
11
1.925
21
-1.875
0
LINE
8
BROWN2
6
CONTINUOUS
10
1.925
20
-1.875
11
1.9000000000000001
21
-1.9000000000000001
0
LINE
8
BROWN2
6
CONTINUOUS
10
1.9000000000000001
20
-1.9000000000000001
11
1.925
21
-1.925
0
LINE
8
BROWN2
6
CONTINUOUS
10
1.925
20
-1.925
11
1.9500000000000002
21
-1.9000000000000001
0
LINE
8
BROWN2
6
CONTINUOUS
10
1.7883858267716537
20
-2.1680433070866143
11
1.7860078740157481
21
-2.1704251968503936
0
LINE
8
BROWN2
6
CONTINUOUS
10
1.7860078740157481
20
-2.1704251968503936
11
1.7788622047244096
21
-2.1728031496062994
0
LINE
8
BROWN2
6
CONTINUOUS
10
1.7788622047244096
20
-2.1728031496062994
11
1.7741023622047245
21
-2.1728031496062994
0
LINE
8
BROWN2
6
CONTINUOUS
10
1.7741023622047245
20
-2.1728031496062994
11
1.7669606299212599
21
-2.1704251968503936
0
LINE
8
BROWN2
6
CONTINUOUS
10
1.7669606299212599
20
-2.1704251968503936
11
1.7621968503937009
21
-2.1656614173228346
0
LINE
8
BROWN2
6
CONTINUOUS
10
1.7621968503937009
20
-2.1656614173228346
11
1.7598149606299214
21
-2.1608976377952755
0
LINE
8
BROWN2
6
CONTINUOUS
10
1.7598149606299214
20
-2.1608976377952755
11
1.7574370078740158
21
-2.1513740157480314
0
LINE
8
BROWN2
6
CONTINUOUS
10
1.7574370078740158
20
-2.1513740157480314
11
1.7574370078740158
21
-2.1442322834645671
0
LINE
8
BROWN2
6
CONTINUOUS
10
1.7574370078740158
20
-2.1442322834645671
11
1.7598149606299214
21
-2.134708661417323
0
LINE
8
BROWN2
6
CONTINUOUS
10
1.7598149606299214
20
-2.134708661417323
11
1.7621968503937009
21
-2.1299488188976379
0
LINE
8
BROWN2
6
CONTINUOUS
10
1.7621968503937009
20
-2.1299488188976379
11
1.7669606299212599
21
-2.1251850393700789
0
LINE
8
BROWN2
6
CONTINUOUS
10
1.7669606299212599
20
-2.1251850393700789
11
1.7741023622047245
21
-2.1228031496062991
0
LINE
8
BROWN2
6
CONTINUOUS
10
1.7741023622047245
20
-2.1228031496062991
11
1.7788622047244096
21
-2.1228031496062991
0
LINE
8
BROWN2
6
CONTINUOUS
10
1.7788622047244096
20
-2.1228031496062991
11
1.7860078740157481
21
-2.1251850393700789
0
LINE
8
BROWN2
6
CONTINUOUS
10
1.7860078740157481
20
-2.1251850393700789
11
1.7883858267716537
21
-2.1275669291338581
0
LINE
8
BROWN2
6
CONTINUOUS
10
1.8336259842519687
20
-2.1728031496062994
11
1.8098149606299214
21
-2.1728031496062994
0
LINE
8
BROWN2
6
CONTINUOUS
10
1.8098149606299214
20
-2.1728031496062994
11
1.8098149606299214
21
-2.1228031496062991
0
LINE
8
BROWN2
6
CONTINUOUS
10
1.8502913385826771
20
-2.1728031496062994
11
1.8502913385826771
21
-2.1228031496062991
0
LINE
8
BROWN2
6
CONTINUOUS
10
1.8788622047244095
20
-2.1728031496062994
11
1.8574370078740159
21
-2.1442322834645671
0
LINE
8
BROWN2
6
CONTINUOUS
10
1.8788622047244095
20
-2.1228031496062991
11
1.8502913385826771
21
-2.1513740157480314
0
LINE
8
BROWN2
6
CONTINUOUS
10
1.9500000000000002
20
-2.1499999999999999
11
1.925
21
-2.125
0
LINE
8
BROWN2
6
CONTINUOUS
10
1.925
20
-2.125
11
1.9000000000000001
21
-2.125
0
LINE
8
BROWN2
6
CONTINUOUS
10
1.9000000000000001
20
-2.125
11
1.9000000000000001
21
-2.1750000000000003
0
LINE
8
BROWN2
6
CONTINUOUS
10
1.9000000000000001
20
-2.1750000000000003
11
1.925
21
-2.1750000000000003
0
LINE
8
BROWN2
6
CONTINUOUS
10
1.925
20
-2.1750000000000003
11
1.9500000000000002
21
-2.1499999999999999
0
LINE
8
BROWN2
6
CONTINUOUS
10
9.2235118110236218
20
-2.5228031496062995
11
9.2235118110236218
21
-2.4728031496062992
0
LINE
8
BROWN2
6
CONTINUOUS
10
9.2473228346456704
20
-2.5228031496062995
11
9.2473228346456704
21
-2.4728031496062992
0
LINE
8
BROWN2
6
CONTINUOUS
10
9.2166102362204736
20
-2.458925196850394
11
9.2542322834645674
21
-2.458925196850394
0
LINE
8
BROWN2
6
CONTINUOUS
10
9.1500000000000004
20
-2.5
11
9.1750000000000007
21
-2.5249999999999999
0
LINE
8
BROWN2
6
CONTINUOUS
10
9.1750000000000007
20
-2.5249999999999999
11
9.2000000000000011
21
-2.5249999999999999
0
LINE
8
BROWN2
6
CONTINUOUS
10
9.2000000000000011
20
-2.5249999999999999
11
9.2000000000000011
21
-2.4750000000000001
0
LINE
8
BROWN2
6
CONTINUOUS
10
9.2000000000000011
20
-2.4750000000000001
11
9.1750000000000007
21
-2.4750000000000001
0
LINE
8
BROWN2
6
CONTINUOUS
10
9.1750000000000007
20
-2.4750000000000001
11
9.1500000000000004
21
-2.5
0
LINE
8
BROWN2
6
CONTINUOUS
10
9.2520826771653546
20
-2.7680433070866144
11
9.2497047244094492
21
-2.7704251968503937
0
LINE
8
BROWN2
6
CONTINUOUS
10
9.2497047244094492
20
-2.7704251968503937
11
9.2425590551181109
21
-2.7728031496062995
0
LINE
8
BROWN2
6
CONTINUOUS
10
9.2425590551181109
20
-2.7728031496062995
11
9.237799212598425
21
-2.7728031496062995
0
LINE
8
BROWN2
6
CONTINUOUS
10
9.237799212598425
20
-2.7728031496062995
11
9.2306574803149601
21
-2.7704251968503937
0
LINE
8
BROWN2
6
CONTINUOUS
10
9.2306574803149601
20
-2.7704251968503937
11
9.2258937007874025
21
-2.7656614173228347
0
LINE
8
BROWN2
6
CONTINUOUS
10
9.2258937007874025
20
-2.7656614173228347
11
9.2235118110236218
21
-2.7608976377952756
0
LINE
8
BROWN2
6
CONTINUOUS
10
9.2235118110236218
20
-2.7608976377952756
11
9.2211338582677165
21
-2.7513740157480315
0
LINE
8
BROWN2
6
CONTINUOUS
10
9.2211338582677165
20
-2.7513740157480315
11
9.2211338582677165
21
-2.7442322834645672
0
LINE
8
BROWN2
6
CONTINUOUS
10
9.2211338582677165
20
-2.7442322834645672
11
9.2235118110236218
21
-2.7347086614173231
0
LINE
8
BROWN2
6
CONTINUOUS
10
9.2235118110236218
20
-2.7347086614173231
11
9.2258937007874025
21
-2.729948818897638
0
LINE
8
BROWN2
6
CONTINUOUS
10
9.2258937007874025
20
-2.729948818897638
11
9.2306574803149601
21
-2.7251850393700789
0
LINE
8
BROWN2
6
CONTINUOUS
10
9.2306574803149601
20
-2.7251850393700789
11
9.237799212598425
21
-2.7228031496062992
0
LINE
8
BROWN2
6
CONTINUOUS
10
9.237799212598425
20
-2.7228031496062992
11
9.2425590551181109
21
-2.7228031496062992
0
LINE
8
BROWN2
6
CONTINUOUS
10
9.2425590551181109
20
-2.7228031496062992
11
9.2497047244094492
21
-2.7251850393700789
0
LINE
8
BROWN2
6
CONTINUOUS
10
9.2497047244094492
20
-2.7251850393700789
11
9.2520826771653546
21
-2.7275669291338582
0
LINE
8
BROWN2
6
CONTINUOUS
10
9.2973228346456693
20
-2.7728031496062995
11
9.2735118110236225
21
-2.7728031496062995
0
LINE
8
BROWN2
6
CONTINUOUS
10
9.2735118110236225
20
-2.7728031496062995
11
9.2735118110236225
21
-2.7228031496062992
0
LINE
8
BROWN2
6
CONTINUOUS
10
9.3425590551181106
20
-2.7728031496062995
11
9.3258937007874021
21
-2.7489960629921262
0
LINE
8
BROWN2
6
CONTINUOUS
10
9.3139881889763778
20
-2.7728031496062995
11
9.3139881889763778
21
-2.7228031496062992
0
LINE
8
BROWN2
6
CONTINUOUS
10
9.3139881889763778
20
-2.7228031496062992
11
9.3330354330708669
21
-2.7228031496062992
0
LINE
8
BROWN2
6
CONTINUOUS
10
9.3330354330708669
20
-2.7228031496062992
11
9.3377992125984264
21
-2.7251850393700789
0
LINE
8
BROWN2
6
CONTINUOUS
10
9.3377992125984264
20
-2.7251850393700789
11
9.3401811023622052
21
-2.7275669291338582
0
LINE
8
BROWN2
6
CONTINUOUS
10
9.3401811023622052
20
-2.7275669291338582
11
9.3425590551181106
21
-2.7323267716535433
0
LINE
8
BROWN2
6
CONTINUOUS
10
9.3425590551181106
20
-2.7323267716535433
11
9.3425590551181106
21
-2.7394724409448821
0
LINE
8
BROWN2
6
CONTINUOUS
10
9.3425590551181106
20
-2.7394724409448821
11
9.3401811023622052
21
-2.7442322834645672
0
LINE
8
BROWN2
6
CONTINUOUS
10
9.3401811023622052
20
-2.7442322834645672
11
9.3377992125984264
21
-2.7466141732283464
0
LINE
8
BROWN2
6
CONTINUOUS
10
9.3377992125984264
20
-2.7466141732283464
11
9.3330354330708669
21
-2.7489960629921262
0
LINE
8
BROWN2
6
CONTINUOUS
10
9.3330354330708669
20
-2.7489960629921262
11
9.3139881889763778
21
-2.7489960629921262
0
LINE
8
BROWN2
6
CONTINUOUS
10
9.1500000000000004
20
-2.75
11
9.1750000000000007
21
-2.7749999999999999
0
LINE
8
BROWN2
6
CONTINUOUS
10
9.1750000000000007
20
-2.7749999999999999
11
9.2000000000000011
21
-2.7749999999999999
0
LINE
8
BROWN2
6
CONTINUOUS
10
9.2000000000000011
20
-2.7749999999999999
11
9.2000000000000011
21
-2.7250000000000001
0
LINE
8
BROWN2
6
CONTINUOUS
10
9.2000000000000011
20
-2.7250000000000001
11
9.1750000000000007
21
-2.7250000000000001
0
LINE
8
BROWN2
6
CONTINUOUS
10
9.1750000000000007
20
-2.7250000000000001
11
9.1500000000000004
21
-2.75
0
LINE
8
GREEN3
6
CONTINUOUS
10
3.9000000000000004
20
-7.
11
3.9000000000000004
21
-7.1000000000000005
0
LINE
8
GREEN3
6
CONTINUOUS
10
3.9000000000000004
20
-6.5499999999999998
11
3.9000000000000004
21
-6.7000000000000002
0
LINE
8
GREEN3
6
CONTINUOUS
10
4.2000000000000002
20
-6.5499999999999998
11
4.2000000000000002
21
-6.7000000000000002
0
LINE
8
GREEN3
6
CONTINUOUS
10
3.9000000000000004
20
-6.25
11
3.9000000000000004
21
-6.2000000000000002
0
LINE
8
GREEN3
6
CONTINUOUS
10
4.7999999999999998
20
-5.75
11
6.9500000000000002
21
-5.75
0
LINE
8
GREEN3
6
CONTINUOUS
10
5.1500000000000004
20
-5.1500000000000004
11
5.1500000000000004
21
-6.25
0
LINE
8
GREEN3
6
CONTINUOUS
10
5.8500000000000005
20
-4.9500000000000002
11
5.8500000000000005
21
-6.25
0
LINE
8
GREEN3
6
CONTINUOUS
10
3.9000000000000004
20
-6.2000000000000002
11
6.9500000000000002
21
-6.2000000000000002
0
LINE
8
GREEN3
6
CONTINUOUS
10
4.5
20
-5.9000000000000004
11
6.9500000000000002
21
-5.9000000000000004
0
LINE
8
GREEN3
6
CONTINUOUS
10
6.9500000000000002
20
-6.0499999999999998
11
4.2000000000000002
21
-6.0499999999999998
0
LINE
8
GREEN3
6
CONTINUOUS
10
2.8000000000000003
20
-4.3500000000000005
11
2.8999999999999999
21
-4.3500000000000005
0
LINE
8
GREEN3
6
CONTINUOUS
10
2.8999999999999999
20
-4.3500000000000005
11
3.
21
-4.3500000000000005
0
LINE
8
GREEN3
6
CONTINUOUS
10
3.
20
-4.3500000000000005
11
3.1000000000000001
21
-4.3500000000000005
0
LINE
8
GREEN3
6
CONTINUOUS
10
1.3500000000000001
20
-4.6500000000000004
11
1.3500000000000001
21
-4.75
0
LINE
8
GREEN3
6
CONTINUOUS
10
1.3500000000000001
20
-4.2999999999999998
11
1.3500000000000001
21
-4.3500000000000005
0
LINE
8
GREEN3
6
CONTINUOUS
10
4.0499999999999998
20
-3.3500000000000001
11
4.25
21
-3.3500000000000001
0
LINE
8
GREEN3
6
CONTINUOUS
10
3.1000000000000001
20
-4.3500000000000005
11
3.7000000000000002
21
-4.3500000000000005
0
LINE
8
GREEN3
6
CONTINUOUS
10
4.5499999999999998
20
-2.8500000000000001
11
4.5499999999999998
21
-2.75
0
LINE
8
GREEN3
6
CONTINUOUS
10
3.1000000000000001
20
-3.8500000000000001
11
3.1000000000000001
21
-4.3500000000000005
0
LINE
8
GREEN3
6
CONTINUOUS
10
3.7000000000000002
20
-3.8500000000000001
11
3.7000000000000002
21
-4.3500000000000005
0
LINE
8
GREEN3
6
CONTINUOUS
10
4.0499999999999998
20
-3.3500000000000001
11
4.0499999999999998
21
-4.3500000000000005
0
LINE
8
GREEN3
6
CONTINUOUS
10
2.6000000000000001
20
-3.8500000000000001
11
2.6000000000000001
21
-4.25
0
LINE
8
GREEN3
6
CONTINUOUS
10
3.
20
-3.8500000000000001
11
3.
21
-4.3500000000000005
0
LINE
8
GREEN3
6
CONTINUOUS
10
2.5
20
-3.9000000000000004
11
2.5
21
-3.8500000000000001
0
LINE
8
GREEN3
6
CONTINUOUS
10
2.8999999999999999
20
-3.8500000000000001
11
2.8999999999999999
21
-4.3500000000000005
0
LINE
8
GREEN3
6
CONTINUOUS
10
2.8000000000000003
20
-3.8500000000000001
11
2.8000000000000003
21
-4.3500000000000005
0
LINE
8
GREEN3
6
CONTINUOUS
10
2.3000000000000003
20
-3.9000000000000004
11
2.3000000000000003
21
-3.8500000000000001
0
LINE
8
GREEN3
6
CONTINUOUS
10
2.3000000000000003
20
-3.9000000000000004
11
2.5
21
-3.9000000000000004
0
LINE
8
GREEN3
6
CONTINUOUS
10
1.8
20
-2.3500000000000001
11
1.8
21
-3.9000000000000004
0
LINE
8
GREEN3
6
CONTINUOUS
10
2.3000000000000003
20
-3.9000000000000004
11
1.8
21
-3.9000000000000004
0
LINE
8
GREEN3
6
CONTINUOUS
10
6.4000000000000004
20
-3.3500000000000001
11
6.4000000000000004
21
-4.3500000000000005
0
LINE
8
GREEN3
6
CONTINUOUS
10
6.4000000000000004
20
-3.3500000000000001
11
6.6500000000000004
21
-3.3500000000000001
0
LINE
8
GREEN3
6
CONTINUOUS
10
6.0499999999999998
20
-3.3500000000000001
11
6.0499999999999998
21
-3.9000000000000004
0
LINE
8
GREEN3
6
CONTINUOUS
10
5.5
20
-5.0499999999999998
11
5.5
21
-6.25
0
LINE
8
GREEN3
6
CONTINUOUS
10
6.2000000000000002
20
-6.25
11
6.2000000000000002
21
-4.8500000000000005
0
LINE
8
GREEN3
6
CONTINUOUS
10
8.0500000000000007
20
-5.0499999999999998
11
8.0500000000000007
21
-3.8500000000000001
0
LINE
8
GREEN3
6
CONTINUOUS
10
7.9500000000000002
20
-3.8500000000000001
11
7.9500000000000002
21
-4.9500000000000002
0
LINE
8
GREEN3
6
CONTINUOUS
10
8.4500000000000011
20
-3.9000000000000004
11
6.0499999999999998
21
-3.9000000000000004
0
LINE
8
GREEN3
6
CONTINUOUS
10
7.8500000000000005
20
-4.8500000000000005
11
7.8500000000000005
21
-3.8500000000000001
0
LINE
8
GREEN3
6
CONTINUOUS
10
8.1500000000000004
20
-5.1500000000000004
11
8.1500000000000004
21
-3.8500000000000001
0
LINE
8
GREEN3
6
CONTINUOUS
10
6.2000000000000002
20
-4.8500000000000005
11
7.8500000000000005
21
-4.8500000000000005
0
LINE
8
GREEN3
6
CONTINUOUS
10
5.5
20
-5.0499999999999998
11
8.0500000000000007
21
-5.0499999999999998
0
LINE
8
GREEN3
6
CONTINUOUS
10
5.5499999999999998
20
-4.5499999999999998
11
5.5499999999999998
21
-3.8500000000000001
0
LINE
8
GREEN3
6
CONTINUOUS
10
5.4500000000000002
20
-4.4500000000000002
11
5.4500000000000002
21
-3.8500000000000001
0
LINE
8
GREEN3
6
CONTINUOUS
10
5.1500000000000004
20
-5.1500000000000004
11
8.1500000000000004
21
-5.1500000000000004
0
LINE
8
GREEN3
6
CONTINUOUS
10
5.
20
-7.1000000000000005
11
5.
21
-7.1500000000000004
0
LINE
8
GREEN3
6
CONTINUOUS
10
4.7999999999999998
20
-7.1000000000000005
11
5.
21
-7.1000000000000005
0
LINE
8
GREEN3
6
CONTINUOUS
10
5.1500000000000004
20
-7.1000000000000005
11
5.
21
-7.1000000000000005
0
LINE
8
GREEN3
6
CONTINUOUS
10
4.2000000000000002
20
-7.1000000000000005
11
4.5
21
-7.1000000000000005
0
LINE
8
GREEN3
6
CONTINUOUS
10
4.5
20
-7.
11
4.5
21
-7.1000000000000005
0
LINE
8
GREEN3
6
CONTINUOUS
10
5.5
20
-7.1000000000000005
11
5.1500000000000004
21
-7.1000000000000005
0
LINE
8
GREEN3
6
CONTINUOUS
10
5.5
20
-7.
11
5.5
21
-7.1000000000000005
0
LINE
8
GREEN3
6
CONTINUOUS
10
5.1500000000000004
20
-7.
11
5.1500000000000004
21
-7.1000000000000005
0
LINE
8
GREEN3
6
CONTINUOUS
10
4.7999999999999998
20
-6.5499999999999998
11
4.7999999999999998
21
-6.7000000000000002
0
LINE
8
GREEN3
6
CONTINUOUS
10
4.5
20
-7.1000000000000005
11
4.7999999999999998
21
-7.1000000000000005
0
LINE
8
GREEN3
6
CONTINUOUS
10
4.5
20
-6.5499999999999998
11
4.5
21
-6.7000000000000002
0
LINE
8
GREEN3
6
CONTINUOUS
10
4.7999999999999998
20
-7.
11
4.7999999999999998
21
-7.1000000000000005
0
LINE
8
GREEN3
6
CONTINUOUS
10
3.9000000000000004
20
-4.75
11
3.9000000000000004
21
-6.2000000000000002
0
LINE
8
GREEN3
6
CONTINUOUS
10
6.0499999999999998
20
-3.9000000000000004
11
2.5
21
-3.9000000000000004
0
LINE
8
GREEN3
6
CONTINUOUS
10
2.8999999999999999
20
-1.9000000000000001
11
5.6500000000000004
21
-1.9000000000000001
0
LINE
8
GREEN3
6
CONTINUOUS
10
6.2000000000000002
20
-7.
11
6.2000000000000002
21
-7.1000000000000005
0
LINE
8
GREEN3
6
CONTINUOUS
10
5.8500000000000005
20
-7.
11
5.8500000000000005
21
-7.1000000000000005
0
LINE
8
GREEN3
6
CONTINUOUS
10
5.8500000000000005
20
-7.1000000000000005
11
5.5
21
-7.1000000000000005
0
LINE
8
GREEN3
6
CONTINUOUS
10
6.2000000000000002
20
-7.1000000000000005
11
5.8500000000000005
21
-7.1000000000000005
0
LINE
8
GREEN3
6
CONTINUOUS
10
2.7000000000000002
20
-1.7
11
5.4500000000000002
21
-1.7
0
LINE
8
GREEN3
6
CONTINUOUS
10
2.8000000000000003
20
-1.8
11
5.5499999999999998
21
-1.8
0
LINE
8
GREEN3
6
CONTINUOUS
10
3.9000000000000004
20
-7.1000000000000005
11
4.2000000000000002
21
-7.1000000000000005
0
LINE
8
GREEN3
6
CONTINUOUS
10
4.2000000000000002
20
-7.
11
4.2000000000000002
21
-7.1000000000000005
0
LINE
8
GREEN3
6
CONTINUOUS
10
3.
20
-2.
11
5.75
21
-2.
0
LINE
8
GREEN3
6
CONTINUOUS
10
5.5499999999999998
20
-2.8500000000000001
11
5.5499999999999998
21
-1.8
0
LINE
8
GREEN3
6
CONTINUOUS
10
5.25
20
-2.8500000000000001
11
5.25
21
-2.3999999999999999
0
LINE
8
GREEN3
6
CONTINUOUS
10
6.4000000000000004
20
-2.3999999999999999
11
6.4000000000000004
21
-3.3500000000000001
0
LINE
8
GREEN3
6
CONTINUOUS
10
5.25
20
-2.3999999999999999
11
5.1500000000000004
21
-2.3999999999999999
0
LINE
8
GREEN3
6
CONTINUOUS
10
7.1500000000000004
20
-2.1499999999999999
11
7.1500000000000004
21
-2.8500000000000001
0
LINE
8
GREEN3
6
CONTINUOUS
10
6.2000000000000002
20
-6.5499999999999998
11
6.2000000000000002
21
-6.7000000000000002
0
LINE
8
GREEN3
6
CONTINUOUS
10
5.5
20
-6.5499999999999998
11
5.5
21
-6.7000000000000002
0
LINE
8
GREEN3
6
CONTINUOUS
10
5.8500000000000005
20
-6.5499999999999998
11
5.8500000000000005
21
-6.7000000000000002
0
LINE
8
GREEN3
6
CONTINUOUS
10
7.6500000000000004
20
-2.3999999999999999
11
7.5500000000000007
21
-2.3999999999999999
0
LINE
8
GREEN3
6
CONTINUOUS
10
7.25
20
-2.5
11
7.3500000000000005
21
-2.5
0
LINE
8
GREEN3
6
CONTINUOUS
10
1.9500000000000002
20
-1.3
11
2.3000000000000003
21
-1.3
0
LINE
8
GREEN3
6
CONTINUOUS
10
2.8000000000000003
20
-1.8
11
1.9500000000000002
21
-1.8
0
LINE
8
GREEN3
6
CONTINUOUS
10
1.9500000000000002
20
-1.7
11
2.7000000000000002
21
-1.7
0
LINE
8
GREEN3
6
CONTINUOUS
10
1.9500000000000002
20
-1.9000000000000001
11
2.8999999999999999
21
-1.9000000000000001
0
LINE
8
GREEN3
6
CONTINUOUS
10
1.9500000000000002
20
-1.6000000000000001
11
2.6000000000000001
21
-1.6000000000000001
0
LINE
8
GREEN3
6
CONTINUOUS
10
2.5
20
-1.5
11
1.9500000000000002
21
-1.5
0
LINE
8
GREEN3
6
CONTINUOUS
10
2.3000000000000003
20
-1.3
11
2.3000000000000003
21
-2.4500000000000002
0
LINE
8
GREEN3
6
CONTINUOUS
10
2.3999999999999999
20
-1.4000000000000001
11
2.3999999999999999
21
-2.4500000000000002
0
LINE
8
GREEN3
6
CONTINUOUS
10
2.5
20
-2.4500000000000002
11
2.5
21
-1.5
0
LINE
8
GREEN3
6
CONTINUOUS
10
1.9500000000000002
20
-1.4000000000000001
11
2.3999999999999999
21
-1.4000000000000001
0
LINE
8
GREEN3
6
CONTINUOUS
10
2.6000000000000001
20
-1.6000000000000001
11
2.6000000000000001
21
-2.4500000000000002
0
LINE
8
GREEN3
6
CONTINUOUS
10
2.7000000000000002
20
-1.7
11
2.7000000000000002
21
-2.4500000000000002
0
LINE
8
GREEN3
6
CONTINUOUS
10
2.8000000000000003
20
-2.4500000000000002
11
2.8000000000000003
21
-1.8
0
LINE
8
GREEN3
6
CONTINUOUS
10
2.8999999999999999
20
-1.9000000000000001
11
2.8999999999999999
21
-2.4500000000000002
0
LINE
8
GREEN3
6
CONTINUOUS
10
1.9500000000000002
20
-2.1499999999999999
11
4.75
21
-2.1499999999999999
0
LINE
8
GREEN3
6
CONTINUOUS
10
4.75
20
-2.1499999999999999
11
4.75
21
-2.8500000000000001
0
LINE
8
GREEN3
6
CONTINUOUS
10
3.
20
-2.
11
3.
21
-2.4500000000000002
0
LINE
8
GREEN3
6
CONTINUOUS
10
1.9500000000000002
20
-2.
11
3.
21
-2.
0
LINE
8
GREEN3
6
CONTINUOUS
10
1.75
20
-2.3500000000000001
11
1.8
21
-2.3500000000000001
0
LINE
8
GREEN3
6
CONTINUOUS
10
1.75
20
-2.3500000000000001
11
1.75
21
-2.3000000000000003
0
LINE
8
GREEN3
6
CONTINUOUS
10
6.9500000000000002
20
-2.75
11
6.9500000000000002
21
-2.8500000000000001
0
LINE
8
GREEN3
6
CONTINUOUS
10
2.3000000000000003
20
-1.3
11
7.8500000000000005
21
-1.3
0
LINE
8
GREEN3
6
CONTINUOUS
10
2.5
20
-1.5
11
8.0500000000000007
21
-1.5
0
LINE
8
GREEN3
6
CONTINUOUS
10
4.75
20
-2.1499999999999999
11
7.1500000000000004
21
-2.1499999999999999
0
LINE
8
GREEN3
6
CONTINUOUS
10
2.6000000000000001
20
-1.6000000000000001
11
8.1500000000000004
21
-1.6000000000000001
0
LINE
8
GREEN3
6
CONTINUOUS
10
2.3999999999999999
20
-1.4000000000000001
11
7.9500000000000002
21
-1.4000000000000001
0
LINE
8
GREEN3
6
CONTINUOUS
10
2.6000000000000001
20
-4.25
11
9.1500000000000004
21
-4.25
0
LINE
8
GREEN3
6
CONTINUOUS
10
4.2000000000000002
20
-6.25
11
4.2000000000000002
21
-6.0499999999999998
0
LINE
8
GREEN3
6
CONTINUOUS
10
4.7999999999999998
20
-5.75
11
4.7999999999999998
21
-6.25
0
LINE
8
GREEN3
6
CONTINUOUS
10
8.1500000000000004
20
-1.6000000000000001
11
8.1500000000000004
21
-2.8500000000000001
0
LINE
8
GREEN3
6
CONTINUOUS
10
8.0500000000000007
20
-1.5
11
8.0500000000000007
21
-2.8500000000000001
0
LINE
8
GREEN3
6
CONTINUOUS
10
7.8500000000000005
20
-1.3
11
7.8500000000000005
21
-2.8500000000000001
0
LINE
8
GREEN3
6
CONTINUOUS
10
7.9500000000000002
20
-1.4000000000000001
11
7.9500000000000002
21
-2.8500000000000001
0
LINE
8
GREEN3
6
CONTINUOUS
10
7.6500000000000004
20
-2.8500000000000001
11
7.6500000000000004
21
-2.3999999999999999
0
LINE
8
GREEN3
6
CONTINUOUS
10
9.
20
-4.4000000000000004
11
9.
21
-4.3500000000000005
0
LINE
8
GREEN3
6
CONTINUOUS
10
6.9500000000000002
20
-2.75
11
9.1500000000000004
21
-2.75
0
LINE
8
GREEN3
6
CONTINUOUS
10
8.4500000000000011
20
-3.3500000000000001
11
8.4500000000000011
21
-3.9000000000000004
0
LINE
8
GREEN3
6
CONTINUOUS
10
6.4000000000000004
20
-4.3500000000000005
11
9.
21
-4.3500000000000005
0
LINE
8
GREEN3
6
CONTINUOUS
10
4.5
20
-5.9000000000000004
11
4.5
21
-6.25
0
LINE
8
GREEN3
6
CONTINUOUS
10
4.2000000000000002
20
-4.6500000000000004
11
5.6500000000000004
21
-4.6500000000000004
0
LINE
8
GREEN3
6
CONTINUOUS
10
4.7999999999999998
20
-4.4500000000000002
11
4.7999999999999998
21
-5.75
0
LINE
8
GREEN3
6
CONTINUOUS
10
5.4500000000000002
20
-2.8500000000000001
11
5.4500000000000002
21
-1.7
0
LINE
8
GREEN3
6
CONTINUOUS
10
5.6500000000000004
20
-2.8500000000000001
11
5.6500000000000004
21
-1.9000000000000001
0
LINE
8
GREEN3
6
CONTINUOUS
10
5.75
20
-2.8500000000000001
11
5.75
21
-2.
0
LINE
8
GREEN3
6
CONTINUOUS
10
4.9500000000000002
20
-2.5
11
7.25
21
-2.5
0
LINE
8
GREEN3
6
CONTINUOUS
10
4.9500000000000002
20
-2.8500000000000001
11
4.9500000000000002
21
-2.5
0
LINE
8
GREEN3
6
CONTINUOUS
10
7.5500000000000007
20
-2.3999999999999999
11
6.4000000000000004
21
-2.3999999999999999
0
LINE
8
GREEN3
6
CONTINUOUS
10
7.3500000000000005
20
-2.8500000000000001
11
7.3500000000000005
21
-2.5
0
LINE
8
GREEN3
6
CONTINUOUS
10
7.5500000000000007
20
-2.3999999999999999
11
7.5500000000000007
21
-2.8500000000000001
0
LINE
8
GREEN3
6
CONTINUOUS
10
7.25
20
-2.5
11
7.25
21
-2.8500000000000001
0
LINE
8
GREEN3
6
CONTINUOUS
10
7.3500000000000005
20
-2.5
11
9.1500000000000004
21
-2.5
0
LINE
8
GREEN3
6
CONTINUOUS
10
5.1500000000000004
20
-6.5499999999999998
11
5.1500000000000004
21
-6.7000000000000002
0
LINE
8
GREEN3
6
CONTINUOUS
10
4.2000000000000002
20
-4.6500000000000004
11
4.2000000000000002
21
-6.0499999999999998
0
LINE
8
GREEN3
6
CONTINUOUS
10
5.75
20
-4.75
11
5.75
21
-3.8500000000000001
0
LINE
8
GREEN3
6
CONTINUOUS
10
5.6500000000000004
20
-4.6500000000000004
11
5.6500000000000004
21
-3.8500000000000001
0
LINE
8
GREEN3
6
CONTINUOUS
10
7.9500000000000002
20
-4.9500000000000002
11
5.8500000000000005
21
-4.9500000000000002
0
LINE
8
GREEN3
6
CONTINUOUS
10
4.0499999999999998
20
-2.3999999999999999
11
4.0499999999999998
21
-3.3500000000000001
0
LINE
8
GREEN3
6
CONTINUOUS
10
5.1500000000000004
20
-2.3999999999999999
11
4.0499999999999998
21
-2.3999999999999999
0
LINE
8
GREEN3
6
CONTINUOUS
10
5.1500000000000004
20
-2.3999999999999999
11
5.1500000000000004
21
-2.8500000000000001
0
LINE
8
GREEN3
6
CONTINUOUS
10
4.8500000000000005
20
-2.5
11
4.9500000000000002
21
-2.5
0
LINE
8
GREEN3
6
CONTINUOUS
10
4.8500000000000005
20
-2.5
11
4.8500000000000005
21
-2.8500000000000001
0
LINE
8
GREEN3
6
CONTINUOUS
10
3.3000000000000003
20
-5.0499999999999998
11
5.5
21
-5.0499999999999998
0
LINE
8
GREEN3
6
CONTINUOUS
10
3.7000000000000002
20
-4.3500000000000005
11
4.0499999999999998
21
-4.3500000000000005
0
LINE
8
GREEN3
6
CONTINUOUS
10
4.7999999999999998
20
-4.4500000000000002
11
5.4500000000000002
21
-4.4500000000000002
0
LINE
8
GREEN3
6
CONTINUOUS
10
5.8500000000000005
20
-4.9500000000000002
11
3.3999999999999999
21
-4.9500000000000002
0
LINE
8
GREEN3
6
CONTINUOUS
10
3.5
20
-4.8500000000000005
11
6.2000000000000002
21
-4.8500000000000005
0
LINE
8
GREEN3
6
CONTINUOUS
10
3.2000000000000002
20
-5.1500000000000004
11
5.1500000000000004
21
-5.1500000000000004
0
LINE
8
GREEN3
6
CONTINUOUS
10
3.3999999999999999
20
-4.9500000000000002
11
3.3999999999999999
21
-3.8500000000000001
0
LINE
8
GREEN3
6
CONTINUOUS
10
3.5
20
-3.8500000000000001
11
3.5
21
-4.8500000000000005
0
LINE
8
GREEN3
6
CONTINUOUS
10
3.2000000000000002
20
-3.8500000000000001
11
3.2000000000000002
21
-5.1500000000000004
0
LINE
8
GREEN3
6
CONTINUOUS
10
3.3000000000000003
20
-3.8500000000000001
11
3.3000000000000003
21
-5.0499999999999998
0
LINE
8
GREEN3
6
CONTINUOUS
10
4.5
20
-4.5499999999999998
11
5.5499999999999998
21
-4.5499999999999998
0
LINE
8
GREEN3
6
CONTINUOUS
10
4.0499999999999998
20
-4.3500000000000005
11
6.4000000000000004
21
-4.3500000000000005
0
LINE
8
GREEN3
6
CONTINUOUS
10
3.9000000000000004
20
-4.75
11
5.75
21
-4.75
0
LINE
8
GREEN3
6
CONTINUOUS
10
4.5499999999999998
20
-2.75
11
6.9500000000000002
21
-2.75
0
LINE
8
GREEN3
6
CONTINUOUS
10
4.5
20
-4.5499999999999998
11
4.5
21
-5.9000000000000004
0
LINE
8
CYAN2
6
CONTINUOUS
10
6.3062795275590551
20
-6.3827992125984254
11
6.3062795275590551
21
-6.3327992125984256
0
LINE
8
CYAN2
6
CONTINUOUS
10
6.3062795275590551
20
-6.3327992125984256
11
6.3181850393700794
21
-6.3327992125984256
0
LINE
8
CYAN2
6
CONTINUOUS
10
6.3181850393700794
20
-6.3327992125984256
11
6.3253267716535433
21
-6.3351811023622053
0
LINE
8
CYAN2
6
CONTINUOUS
10
6.3253267716535433
20
-6.3351811023622053
11
6.3300905511811028
21
-6.3399448818897639
0
LINE
8
CYAN2
6
CONTINUOUS
10
6.3300905511811028
20
-6.3399448818897639
11
6.3324724409448825
21
-6.344704724409449
0
LINE
8
CYAN2
6
CONTINUOUS
10
6.3324724409448825
20
-6.344704724409449
11
6.3348503937007878
21
-6.3542283464566935
0
LINE
8
CYAN2
6
CONTINUOUS
10
6.3348503937007878
20
-6.3542283464566935
11
6.3348503937007878
21
-6.3613700787401575
0
LINE
8
CYAN2
6
CONTINUOUS
10
6.3348503937007878
20
-6.3613700787401575
11
6.3324724409448825
21
-6.370893700787402
0
LINE
8
CYAN2
6
CONTINUOUS
10
6.3324724409448825
20
-6.370893700787402
11
6.3300905511811028
21
-6.3756574803149606
0
LINE
8
CYAN2
6
CONTINUOUS
10
6.3300905511811028
20
-6.3756574803149606
11
6.3253267716535433
21
-6.3804212598425201
0
LINE
8
CYAN2
6
CONTINUOUS
10
6.3253267716535433
20
-6.3804212598425201
11
6.3181850393700794
21
-6.3827992125984254
0
LINE
8
CYAN2
6
CONTINUOUS
10
6.3181850393700794
20
-6.3827992125984254
11
6.3062795275590551
21
-6.3827992125984254
0
LINE
8
CYAN2
6
CONTINUOUS
10
6.3800905511811026
20
-6.3327992125984256
11
6.3562795275590558
21
-6.3327992125984256
0
LINE
8
CYAN2
6
CONTINUOUS
10
6.3562795275590558
20
-6.3327992125984256
11
6.3539015748031495
21
-6.3566102362204724
0
LINE
8
CYAN2
6
CONTINUOUS
10
6.3539015748031495
20
-6.3566102362204724
11
6.3562795275590558
21
-6.3542283464566935
0
LINE
8
CYAN2
6
CONTINUOUS
10
6.3562795275590558
20
-6.3542283464566935
11
6.3610433070866144
21
-6.3518464566929138
0
LINE
8
CYAN2
6
CONTINUOUS
10
6.3610433070866144
20
-6.3518464566929138
11
6.3729488188976378
21
-6.3518464566929138
0
LINE
8
CYAN2
6
CONTINUOUS
10
6.3729488188976378
20
-6.3518464566929138
11
6.3777086614173228
21
-6.3542283464566935
0
LINE
8
CYAN2
6
CONTINUOUS
10
6.3777086614173228
20
-6.3542283464566935
11
6.3800905511811026
21
-6.3566102362204724
0
LINE
8
CYAN2
6
CONTINUOUS
10
6.3800905511811026
20
-6.3566102362204724
11
6.3824724409448823
21
-6.3613700787401575
0
LINE
8
CYAN2
6
CONTINUOUS
10
6.3824724409448823
20
-6.3613700787401575
11
6.3824724409448823
21
-6.3732755905511818
0
LINE
8
CYAN2
6
CONTINUOUS
10
6.3824724409448823
20
-6.3732755905511818
11
6.3800905511811026
21
-6.3780393700787403
0
LINE
8
CYAN2
6
CONTINUOUS
10
6.3800905511811026
20
-6.3780393700787403
11
6.3777086614173228
21
-6.3804212598425201
0
LINE
8
CYAN2
6
CONTINUOUS
10
6.3777086614173228
20
-6.3804212598425201
11
6.3729488188976378
21
-6.3827992125984254
0
LINE
8
CYAN2
6
CONTINUOUS
10
6.3729488188976378
20
-6.3827992125984254
11
6.3610433070866144
21
-6.3827992125984254
0
LINE
8
CYAN2
6
CONTINUOUS
10
6.3610433070866144
20
-6.3827992125984254
11
6.3562795275590558
21
-6.3804212598425201
0
LINE
8
CYAN2
6
CONTINUOUS
10
6.3562795275590558
20
-6.3804212598425201
11
6.3539015748031495
21
-6.3780393700787403
0
LINE
8
CYAN2
6
CONTINUOUS
10
6.3991377952755908
20
-6.3327992125984256
11
6.4300905511811024
21
-6.3327992125984256
0
LINE
8
CYAN2
6
CONTINUOUS
10
6.4300905511811024
20
-6.3327992125984256
11
6.4134212598425195
21
-6.3518464566929138
0
LINE
8
CYAN2
6
CONTINUOUS
10
6.4134212598425195
20
-6.3518464566929138
11
6.4205669291338587
21
-6.3518464566929138
0
LINE
8
CYAN2
6
CONTINUOUS
10
6.4205669291338587
20
-6.3518464566929138
11
6.4253267716535438
21
-6.3542283464566935
0
LINE
8
CYAN2
6
CONTINUOUS
10
6.4253267716535438
20
-6.3542283464566935
11
6.4277086614173227
21
-6.3566102362204724
0
LINE
8
CYAN2
6
CONTINUOUS
10
6.4277086614173227
20
-6.3566102362204724
11
6.4300905511811024
21
-6.3613700787401575
0
LINE
8
CYAN2
6
CONTINUOUS
10
6.4300905511811024
20
-6.3613700787401575
11
6.4300905511811024
21
-6.3732755905511818
0
LINE
8
CYAN2
6
CONTINUOUS
10
6.4300905511811024
20
-6.3732755905511818
11
6.4277086614173227
21
-6.3780393700787403
0
LINE
8
CYAN2
6
CONTINUOUS
10
6.4277086614173227
20
-6.3780393700787403
11
6.4253267716535438
21
-6.3804212598425201
0
LINE
8
CYAN2
6
CONTINUOUS
10
6.4253267716535438
20
-6.3804212598425201
11
6.4205669291338587
21
-6.3827992125984254
0
LINE
8
CYAN2
6
CONTINUOUS
10
6.4205669291338587
20
-6.3827992125984254
11
6.4062795275590556
21
-6.3827992125984254
0
LINE
8
CYAN2
6
CONTINUOUS
10
6.4062795275590556
20
-6.3827992125984254
11
6.4015196850393705
21
-6.3804212598425201
0
LINE
8
CYAN2
6
CONTINUOUS
10
6.4015196850393705
20
-6.3804212598425201
11
6.3991377952755908
21
-6.3780393700787403
0
LINE
8
CYAN2
6
CONTINUOUS
10
6.3158031496062996
20
-6.4589921259842527
11
6.3158031496062996
21
-6.4827992125984251
0
LINE
8
CYAN2
6
CONTINUOUS
10
6.2991377952755911
20
-6.4327992125984252
11
6.3158031496062996
21
-6.4589921259842527
0
LINE
8
CYAN2
6
CONTINUOUS
10
6.3158031496062996
20
-6.4589921259842527
11
6.3324724409448825
21
-6.4327992125984252
0
LINE
8
CYAN2
6
CONTINUOUS
10
6.349137795275591
20
-6.4566102362204729
11
6.3658070866141738
21
-6.4566102362204729
0
LINE
8
CYAN2
6
CONTINUOUS
10
6.3729488188976378
20
-6.4827992125984251
11
6.349137795275591
21
-6.4827992125984251
0
LINE
8
CYAN2
6
CONTINUOUS
10
6.349137795275591
20
-6.4827992125984251
11
6.349137795275591
21
-6.4327992125984252
0
LINE
8
CYAN2
6
CONTINUOUS
10
6.349137795275591
20
-6.4327992125984252
11
6.3729488188976378
21
-6.4327992125984252
0
LINE
8
CYAN2
6
CONTINUOUS
10
6.418185039370079
20
-6.4827992125984251
11
6.3943740157480313
21
-6.4827992125984251
0
LINE
8
CYAN2
6
CONTINUOUS
10
6.3943740157480313
20
-6.4827992125984251
11
6.3943740157480313
21
-6.4327992125984252
0
LINE
8
CYAN2
6
CONTINUOUS
10
6.4586614173228352
20
-6.4827992125984251
11
6.4348503937007875
21
-6.4827992125984251
0
LINE
8
CYAN2
6
CONTINUOUS
10
6.4348503937007875
20
-6.4827992125984251
11
6.4348503937007875
21
-6.4327992125984252
0
LINE
8
CYAN2
6
CONTINUOUS
10
6.4848503937007873
20
-6.4327992125984252
11
6.4943740157480319
21
-6.4327992125984252
0
LINE
8
CYAN2
6
CONTINUOUS
10
6.4943740157480319
20
-6.4327992125984252
11
6.4991377952755904
21
-6.435181102362205
0
LINE
8
CYAN2
6
CONTINUOUS
10
6.4991377952755904
20
-6.435181102362205
11
6.5038976377952755
21
-6.4399448818897644
0
LINE
8
CYAN2
6
CONTINUOUS
10
6.5038976377952755
20
-6.4399448818897644
11
6.5062795275590553
21
-6.4494685039370081
0
LINE
8
CYAN2
6
CONTINUOUS
10
6.5062795275590553
20
-6.4494685039370081
11
6.5062795275590553
21
-6.4661338582677166
0
LINE
8
CYAN2
6
CONTINUOUS
10
6.5062795275590553
20
-6.4661338582677166
11
6.5038976377952755
21
-6.4756574803149611
0
LINE
8
CYAN2
6
CONTINUOUS
10
6.5038976377952755
20
-6.4756574803149611
11
6.4991377952755904
21
-6.4804212598425197
0
LINE
8
CYAN2
6
CONTINUOUS
10
6.4991377952755904
20
-6.4804212598425197
11
6.4943740157480319
21
-6.4827992125984251
0
LINE
8
CYAN2
6
CONTINUOUS
10
6.4943740157480319
20
-6.4827992125984251
11
6.4848503937007873
21
-6.4827992125984251
0
LINE
8
CYAN2
6
CONTINUOUS
10
6.4848503937007873
20
-6.4827992125984251
11
6.4800905511811022
21
-6.4804212598425197
0
LINE
8
CYAN2
6
CONTINUOUS
10
6.4800905511811022
20
-6.4804212598425197
11
6.4753267716535436
21
-6.4756574803149611
0
LINE
8
CYAN2
6
CONTINUOUS
10
6.4753267716535436
20
-6.4756574803149611
11
6.4729488188976383
21
-6.4661338582677166
0
LINE
8
CYAN2
6
CONTINUOUS
10
6.4729488188976383
20
-6.4661338582677166
11
6.4729488188976383
21
-6.4494685039370081
0
LINE
8
CYAN2
6
CONTINUOUS
10
6.4729488188976383
20
-6.4494685039370081
11
6.4753267716535436
21
-6.4399448818897644
0
LINE
8
CYAN2
6
CONTINUOUS
10
6.4753267716535436
20
-6.4399448818897644
11
6.4800905511811022
21
-6.435181102362205
0
LINE
8
CYAN2
6
CONTINUOUS
10
6.4800905511811022
20
-6.435181102362205
11
6.4848503937007873
21
-6.4327992125984252
0
LINE
8
CYAN2
6
CONTINUOUS
10
6.5229488188976381
20
-6.4327992125984252
11
6.5348543307086615
21
-6.4827992125984251
0
LINE
8
CYAN2
6
CONTINUOUS
10
6.5348543307086615
20
-6.4827992125984251
11
6.5443779527559061
21
-6.4470866141732284
0
LINE
8
CYAN2
6
CONTINUOUS
10
6.5443779527559061
20
-6.4470866141732284
11
6.5539015748031497
21
-6.4827992125984251
0
LINE
8
CYAN2
6
CONTINUOUS
10
6.5539015748031497
20
-6.4827992125984251
11
6.5658070866141731
21
-6.4327992125984252
0
LINE
8
RED2
6
CONTINUOUS
10
6.2000000000000002
20
-6.4500000000000002
11
6.2000000000000002
21
-6.5499999999999998
0
LINE
8
RED2
6
CONTINUOUS
10
6.2000000000000002
20
-6.3500000000000005
11
6.2000000000000002
21
-6.25
0
LINE
8
CYAN2
6
CONTINUOUS
10
5.2362795275590557
20
-6.3727992125984256
11
5.2362795275590557
21
-6.3227992125984258
0
LINE
8
CYAN2
6
CONTINUOUS
10
5.2362795275590557
20
-6.3227992125984258
11
5.2481850393700791
21
-6.3227992125984258
0
LINE
8
CYAN2
6
CONTINUOUS
10
5.2481850393700791
20
-6.3227992125984258
11
5.2553267716535439
21
-6.3251811023622047
0
LINE
8
CYAN2
6
CONTINUOUS
10
5.2553267716535439
20
-6.3251811023622047
11
5.2600905511811025
21
-6.3299448818897641
0
LINE
8
CYAN2
6
CONTINUOUS
10
5.2600905511811025
20
-6.3299448818897641
11
5.2624724409448822
21
-6.3347047244094492
0
LINE
8
CYAN2
6
CONTINUOUS
10
5.2624724409448822
20
-6.3347047244094492
11
5.2648503937007876
21
-6.3442283464566929
0
LINE
8
CYAN2
6
CONTINUOUS
10
5.2648503937007876
20
-6.3442283464566929
11
5.2648503937007876
21
-6.3513700787401577
0
LINE
8
CYAN2
6
CONTINUOUS
10
5.2648503937007876
20
-6.3513700787401577
11
5.2624724409448822
21
-6.3608937007874022
0
LINE
8
CYAN2
6
CONTINUOUS
10
5.2624724409448822
20
-6.3608937007874022
11
5.2600905511811025
21
-6.3656574803149608
0
LINE
8
CYAN2
6
CONTINUOUS
10
5.2600905511811025
20
-6.3656574803149608
11
5.2553267716535439
21
-6.3704212598425203
0
LINE
8
CYAN2
6
CONTINUOUS
10
5.2553267716535439
20
-6.3704212598425203
11
5.2481850393700791
21
-6.3727992125984256
0
LINE
8
CYAN2
6
CONTINUOUS
10
5.2481850393700791
20
-6.3727992125984256
11
5.2362795275590557
21
-6.3727992125984256
0
LINE
8
CYAN2
6
CONTINUOUS
10
5.3100905511811023
20
-6.3227992125984258
11
5.2862795275590555
21
-6.3227992125984258
0
LINE
8
CYAN2
6
CONTINUOUS
10
5.2862795275590555
20
-6.3227992125984258
11
5.2839015748031501
21
-6.3466102362204726
0
LINE
8
CYAN2
6
CONTINUOUS
10
5.2839015748031501
20
-6.3466102362204726
11
5.2862795275590555
21
-6.3442283464566929
0
LINE
8
CYAN2
6
CONTINUOUS
10
5.2862795275590555
20
-6.3442283464566929
11
5.2910433070866141
21
-6.341846456692914
0
LINE
8
CYAN2
6
CONTINUOUS
10
5.2910433070866141
20
-6.341846456692914
11
5.3029488188976384
21
-6.341846456692914
0
LINE
8
CYAN2
6
CONTINUOUS
10
5.3029488188976384
20
-6.341846456692914
11
5.3077086614173234
21
-6.3442283464566929
0
LINE
8
CYAN2
6
CONTINUOUS
10
5.3077086614173234
20
-6.3442283464566929
11
5.3100905511811023
21
-6.3466102362204726
0
LINE
8
CYAN2
6
CONTINUOUS
10
5.3100905511811023
20
-6.3466102362204726
11
5.312472440944882
21
-6.3513700787401577
0
LINE
8
CYAN2
6
CONTINUOUS
10
5.312472440944882
20
-6.3513700787401577
11
5.312472440944882
21
-6.3632755905511811
0
LINE
8
CYAN2
6
CONTINUOUS
10
5.312472440944882
20
-6.3632755905511811
11
5.3100905511811023
21
-6.3680393700787405
0
LINE
8
CYAN2
6
CONTINUOUS
10
5.3100905511811023
20
-6.3680393700787405
11
5.3077086614173234
21
-6.3704212598425203
0
LINE
8
CYAN2
6
CONTINUOUS
10
5.3077086614173234
20
-6.3704212598425203
11
5.3029488188976384
21
-6.3727992125984256
0
LINE
8
CYAN2
6
CONTINUOUS
10
5.3029488188976384
20
-6.3727992125984256
11
5.2910433070866141
21
-6.3727992125984256
0
LINE
8
CYAN2
6
CONTINUOUS
10
5.2910433070866141
20
-6.3727992125984256
11
5.2862795275590555
21
-6.3704212598425203
0
LINE
8
CYAN2
6
CONTINUOUS
10
5.2862795275590555
20
-6.3704212598425203
11
5.2839015748031501
21
-6.3680393700787405
0
LINE
8
CYAN2
6
CONTINUOUS
10
5.3434212598425201
20
-6.3227992125984258
11
5.3481850393700787
21
-6.3227992125984258
0
LINE
8
CYAN2
6
CONTINUOUS
10
5.3481850393700787
20
-6.3227992125984258
11
5.3529448818897638
21
-6.3251811023622047
0
LINE
8
CYAN2
6
CONTINUOUS
10
5.3529448818897638
20
-6.3251811023622047
11
5.3553267716535435
21
-6.3275629921259844
0
LINE
8
CYAN2
6
CONTINUOUS
10
5.3553267716535435
20
-6.3275629921259844
11
5.3577086614173233
21
-6.3323228346456695
0
LINE
8
CYAN2
6
CONTINUOUS
10
5.3577086614173233
20
-6.3323228346456695
11
5.360090551181103
21
-6.341846456692914
0
LINE
8
CYAN2
6
CONTINUOUS
10
5.360090551181103
20
-6.341846456692914
11
5.360090551181103
21
-6.3537519685039374
0
LINE
8
CYAN2
6
CONTINUOUS
10
5.360090551181103
20
-6.3537519685039374
11
5.3577086614173233
21
-6.3632755905511811
0
LINE
8
CYAN2
6
CONTINUOUS
10
5.3577086614173233
20
-6.3632755905511811
11
5.3553267716535435
21
-6.3680393700787405
0
LINE
8
CYAN2
6
CONTINUOUS
10
5.3553267716535435
20
-6.3680393700787405
11
5.3529448818897638
21
-6.3704212598425203
0
LINE
8
CYAN2
6
CONTINUOUS
10
5.3529448818897638
20
-6.3704212598425203
11
5.3481850393700787
21
-6.3727992125984256
0
LINE
8
CYAN2
6
CONTINUOUS
10
5.3481850393700787
20
-6.3727992125984256
11
5.3434212598425201
21
-6.3727992125984256
0
LINE
8
CYAN2
6
CONTINUOUS
10
5.3434212598425201
20
-6.3727992125984256
11
5.3386614173228351
21
-6.3704212598425203
0
LINE
8
CYAN2
6
CONTINUOUS
10
5.3386614173228351
20
-6.3704212598425203
11
5.3362795275590553
21
-6.3680393700787405
0
LINE
8
CYAN2
6
CONTINUOUS
10
5.3362795275590553
20
-6.3680393700787405
11
5.3338976377952756
21
-6.3632755905511811
0
LINE
8
CYAN2
6
CONTINUOUS
10
5.3338976377952756
20
-6.3632755905511811
11
5.3315196850393702
21
-6.3537519685039374
0
LINE
8
CYAN2
6
CONTINUOUS
10
5.3315196850393702
20
-6.3537519685039374
11
5.3315196850393702
21
-6.341846456692914
0
LINE
8
CYAN2
6
CONTINUOUS
10
5.3315196850393702
20
-6.341846456692914
11
5.3338976377952756
21
-6.3323228346456695
0
LINE
8
CYAN2
6
CONTINUOUS
10
5.3338976377952756
20
-6.3323228346456695
11
5.3362795275590553
21
-6.3275629921259844
0
LINE
8
CYAN2
6
CONTINUOUS
10
5.3362795275590553
20
-6.3275629921259844
11
5.3386614173228351
21
-6.3251811023622047
0
LINE
8
CYAN2
6
CONTINUOUS
10
5.3386614173228351
20
-6.3251811023622047
11
5.3434212598425201
21
-6.3227992125984258
0
LINE
8
CYAN2
6
CONTINUOUS
10
5.2458031496062993
20
-6.448992125984252
11
5.2458031496062993
21
-6.4727992125984253
0
LINE
8
CYAN2
6
CONTINUOUS
10
5.2291377952755909
20
-6.4227992125984255
11
5.2458031496062993
21
-6.448992125984252
0
LINE
8
CYAN2
6
CONTINUOUS
10
5.2458031496062993
20
-6.448992125984252
11
5.2624724409448822
21
-6.4227992125984255
0
LINE
8
CYAN2
6
CONTINUOUS
10
5.2791377952755907
20
-6.4466102362204722
11
5.2958070866141735
21
-6.4466102362204722
0
LINE
8
CYAN2
6
CONTINUOUS
10
5.3029488188976384
20
-6.4727992125984253
11
5.2791377952755907
21
-6.4727992125984253
0
LINE
8
CYAN2
6
CONTINUOUS
10
5.2791377952755907
20
-6.4727992125984253
11
5.2791377952755907
21
-6.4227992125984255
0
LINE
8
CYAN2
6
CONTINUOUS
10
5.2791377952755907
20
-6.4227992125984255
11
5.3029488188976384
21
-6.4227992125984255
0
LINE
8
CYAN2
6
CONTINUOUS
10
5.3481850393700787
20
-6.4727992125984253
11
5.3243740157480319
21
-6.4727992125984253
0
LINE
8
CYAN2
6
CONTINUOUS
10
5.3243740157480319
20
-6.4727992125984253
11
5.3243740157480319
21
-6.4227992125984255
0
LINE
8
CYAN2
6
CONTINUOUS
10
5.3886614173228349
20
-6.4727992125984253
11
5.3648503937007872
21
-6.4727992125984253
0
LINE
8
CYAN2
6
CONTINUOUS
10
5.3648503937007872
20
-6.4727992125984253
11
5.3648503937007872
21
-6.4227992125984255
0
LINE
8
CYAN2
6
CONTINUOUS
10
5.4148503937007879
20
-6.4227992125984255
11
5.4243740157480316
21
-6.4227992125984255
0
LINE
8
CYAN2
6
CONTINUOUS
10
5.4243740157480316
20
-6.4227992125984255
11
5.429137795275591
21
-6.4251811023622052
0
LINE
8
CYAN2
6
CONTINUOUS
10
5.429137795275591
20
-6.4251811023622052
11
5.4338976377952761
21
-6.4299448818897638
0
LINE
8
CYAN2
6
CONTINUOUS
10
5.4338976377952761
20
-6.4299448818897638
11
5.436279527559055
21
-6.4394685039370083
0
LINE
8
CYAN2
6
CONTINUOUS
10
5.436279527559055
20
-6.4394685039370083
11
5.436279527559055
21
-6.4561338582677168
0
LINE
8
CYAN2
6
CONTINUOUS
10
5.436279527559055
20
-6.4561338582677168
11
5.4338976377952761
21
-6.4656574803149605
0
LINE
8
CYAN2
6
CONTINUOUS
10
5.4338976377952761
20
-6.4656574803149605
11
5.429137795275591
21
-6.4704212598425199
0
LINE
8
CYAN2
6
CONTINUOUS
10
5.429137795275591
20
-6.4704212598425199
11
5.4243740157480316
21
-6.4727992125984253
0
LINE
8
CYAN2
6
CONTINUOUS
10
5.4243740157480316
20
-6.4727992125984253
11
5.4148503937007879
21
-6.4727992125984253
0
LINE
8
CYAN2
6
CONTINUOUS
10
5.4148503937007879
20
-6.4727992125984253
11
5.4100905511811028
21
-6.4704212598425199
0
LINE
8
CYAN2
6
CONTINUOUS
10
5.4100905511811028
20
-6.4704212598425199
11
5.4053267716535434
21
-6.4656574803149605
0
LINE
8
CYAN2
6
CONTINUOUS
10
5.4053267716535434
20
-6.4656574803149605
11
5.402948818897638
21
-6.4561338582677168
0
LINE
8
CYAN2
6
CONTINUOUS
10
5.402948818897638
20
-6.4561338582677168
11
5.402948818897638
21
-6.4394685039370083
0
LINE
8
CYAN2
6
CONTINUOUS
10
5.402948818897638
20
-6.4394685039370083
11
5.4053267716535434
21
-6.4299448818897638
0
LINE
8
CYAN2
6
CONTINUOUS
10
5.4053267716535434
20
-6.4299448818897638
11
5.4100905511811028
21
-6.4251811023622052
0
LINE
8
CYAN2
6
CONTINUOUS
10
5.4100905511811028
20
-6.4251811023622052
11
5.4148503937007879
21
-6.4227992125984255
0
LINE
8
CYAN2
6
CONTINUOUS
10
5.4529488188976378
20
-6.4227992125984255
11
5.4648543307086612
21
-6.4727992125984253
0
LINE
8
CYAN2
6
CONTINUOUS
10
5.4648543307086612
20
-6.4727992125984253
11
5.4743779527559058
21
-6.4370866141732286
0
LINE
8
CYAN2
6
CONTINUOUS
10
5.4743779527559058
20
-6.4370866141732286
11
5.4839015748031494
21
-6.4727992125984253
0
LINE
8
CYAN2
6
CONTINUOUS
10
5.4839015748031494
20
-6.4727992125984253
11
5.4958070866141737
21
-6.4227992125984255
0
LINE
8
RED2
6
CONTINUOUS
10
5.1500000000000004
20
-6.4500000000000002
11
5.1500000000000004
21
-6.5499999999999998
0
LINE
8
RED2
6
CONTINUOUS
10
5.1500000000000004
20
-6.3500000000000005
11
5.1500000000000004
21
-6.25
0
LINE
8
CYAN2
6
CONTINUOUS
10
4.9062795275590556
20
-6.3627992125984258
11
4.9062795275590556
21
-6.3127992125984251
0
LINE
8
CYAN2
6
CONTINUOUS
10
4.9062795275590556
20
-6.3127992125984251
11
4.918185039370079
21
-6.3127992125984251
0
LINE
8
CYAN2
6
CONTINUOUS
10
4.918185039370079
20
-6.3127992125984251
11
4.9253267716535438
21
-6.3151811023622049
0
LINE
8
CYAN2
6
CONTINUOUS
10
4.9253267716535438
20
-6.3151811023622049
11
4.9300905511811024
21
-6.3199448818897643
0
LINE
8
CYAN2
6
CONTINUOUS
10
4.9300905511811024
20
-6.3199448818897643
11
4.9324724409448821
21
-6.3247047244094494
0
LINE
8
CYAN2
6
CONTINUOUS
10
4.9324724409448821
20
-6.3247047244094494
11
4.9348503937007875
21
-6.3342283464566931
0
LINE
8
CYAN2
6
CONTINUOUS
10
4.9348503937007875
20
-6.3342283464566931
11
4.9348503937007875
21
-6.3413700787401579
0
LINE
8
CYAN2
6
CONTINUOUS
10
4.9348503937007875
20
-6.3413700787401579
11
4.9324724409448821
21
-6.3508937007874016
0
LINE
8
CYAN2
6
CONTINUOUS
10
4.9324724409448821
20
-6.3508937007874016
11
4.9300905511811024
21
-6.355657480314961
0
LINE
8
CYAN2
6
CONTINUOUS
10
4.9300905511811024
20
-6.355657480314961
11
4.9253267716535438
21
-6.3604212598425196
0
LINE
8
CYAN2
6
CONTINUOUS
10
4.9253267716535438
20
-6.3604212598425196
11
4.918185039370079
21
-6.3627992125984258
0
LINE
8
CYAN2
6
CONTINUOUS
10
4.918185039370079
20
-6.3627992125984258
11
4.9062795275590556
21
-6.3627992125984258
0
LINE
8
CYAN2
6
CONTINUOUS
10
4.9777086614173234
20
-6.329468503937008
11
4.9777086614173234
21
-6.3627992125984258
0
LINE
8
CYAN2
6
CONTINUOUS
10
4.9658031496062991
20
-6.3104212598425198
11
4.9539015748031501
21
-6.3461338582677165
0
LINE
8
CYAN2
6
CONTINUOUS
10
4.9539015748031501
20
-6.3461338582677165
11
4.9848503937007873
21
-6.3461338582677165
0
LINE
8
CYAN2
6
CONTINUOUS
10
5.0062795275590553
20
-6.3627992125984258
11
5.0158031496062998
21
-6.3627992125984258
0
LINE
8
CYAN2
6
CONTINUOUS
10
5.0158031496062998
20
-6.3627992125984258
11
5.0205669291338584
21
-6.3604212598425196
0
LINE
8
CYAN2
6
CONTINUOUS
10
5.0205669291338584
20
-6.3604212598425196
11
5.0229448818897637
21
-6.3580393700787408
0
LINE
8
CYAN2
6
CONTINUOUS
10
5.0229448818897637
20
-6.3580393700787408
11
5.0277086614173232
21
-6.3508937007874016
0
LINE
8
CYAN2
6
CONTINUOUS
10
5.0277086614173232
20
-6.3508937007874016
11
5.0300905511811029
21
-6.3413700787401579
0
LINE
8
CYAN2
6
CONTINUOUS
10
5.0300905511811029
20
-6.3413700787401579
11
5.0300905511811029
21
-6.3223228346456697
0
LINE
8
CYAN2
6
CONTINUOUS
10
5.0300905511811029
20
-6.3223228346456697
11
5.0277086614173232
21
-6.3175629921259846
0
LINE
8
CYAN2
6
CONTINUOUS
10
5.0277086614173232
20
-6.3175629921259846
11
5.0253267716535435
21
-6.3151811023622049
0
LINE
8
CYAN2
6
CONTINUOUS
10
5.0253267716535435
20
-6.3151811023622049
11
5.0205669291338584
21
-6.3127992125984251
0
LINE
8
CYAN2
6
CONTINUOUS
10
5.0205669291338584
20
-6.3127992125984251
11
5.0110433070866147
21
-6.3127992125984251
0
LINE
8
CYAN2
6
CONTINUOUS
10
5.0110433070866147
20
-6.3127992125984251
11
5.0062795275590553
21
-6.3151811023622049
0
LINE
8
CYAN2
6
CONTINUOUS
10
5.0062795275590553
20
-6.3151811023622049
11
5.0038976377952755
21
-6.3175629921259846
0
LINE
8
CYAN2
6
CONTINUOUS
10
5.0038976377952755
20
-6.3175629921259846
11
5.0015196850393702
21
-6.3223228346456697
0
LINE
8
CYAN2
6
CONTINUOUS
10
5.0015196850393702
20
-6.3223228346456697
11
5.0015196850393702
21
-6.3342283464566931
0
LINE
8
CYAN2
6
CONTINUOUS
10
5.0015196850393702
20
-6.3342283464566931
11
5.0038976377952755
21
-6.3389921259842525
0
LINE
8
CYAN2
6
CONTINUOUS
10
5.0038976377952755
20
-6.3389921259842525
11
5.0062795275590553
21
-6.3413700787401579
0
LINE
8
CYAN2
6
CONTINUOUS
10
5.0062795275590553
20
-6.3413700787401579
11
5.0110433070866147
21
-6.3437519685039376
0
LINE
8
CYAN2
6
CONTINUOUS
10
5.0110433070866147
20
-6.3437519685039376
11
5.0205669291338584
21
-6.3437519685039376
0
LINE
8
CYAN2
6
CONTINUOUS
10
5.0205669291338584
20
-6.3437519685039376
11
5.0253267716535435
21
-6.3413700787401579
0
LINE
8
CYAN2
6
CONTINUOUS
10
5.0253267716535435
20
-6.3413700787401579
11
5.0277086614173232
21
-6.3389921259842525
0
LINE
8
CYAN2
6
CONTINUOUS
10
5.0277086614173232
20
-6.3389921259842525
11
5.0300905511811029
21
-6.3342283464566931
0
LINE
8
CYAN2
6
CONTINUOUS
10
4.902948818897638
20
-6.4466102362204722
11
4.9100905511811028
21
-6.448992125984252
0
LINE
8
CYAN2
6
CONTINUOUS
10
4.9100905511811028
20
-6.448992125984252
11
4.9124724409448817
21
-6.4513700787401573
0
LINE
8
CYAN2
6
CONTINUOUS
10
4.9124724409448817
20
-6.4513700787401573
11
4.9148503937007879
21
-6.4561338582677168
0
LINE
8
CYAN2
6
CONTINUOUS
10
4.9148503937007879
20
-6.4561338582677168
11
4.9148503937007879
21
-6.4632755905511816
0
LINE
8
CYAN2
6
CONTINUOUS
10
4.9148503937007879
20
-6.4632755905511816
11
4.9124724409448817
21
-6.4680393700787402
0
LINE
8
CYAN2
6
CONTINUOUS
10
4.9124724409448817
20
-6.4680393700787402
11
4.9100905511811028
21
-6.4704212598425199
0
LINE
8
CYAN2
6
CONTINUOUS
10
4.9100905511811028
20
-6.4704212598425199
11
4.9053267716535434
21
-6.4727992125984253
0
LINE
8
CYAN2
6
CONTINUOUS
10
4.9053267716535434
20
-6.4727992125984253
11
4.8862795275590551
21
-6.4727992125984253
0
LINE
8
CYAN2
6
CONTINUOUS
10
4.8862795275590551
20
-6.4727992125984253
11
4.8862795275590551
21
-6.4227992125984255
0
LINE
8
CYAN2
6
CONTINUOUS
10
4.8862795275590551
20
-6.4227992125984255
11
4.902948818897638
21
-6.4227992125984255
0
LINE
8
CYAN2
6
CONTINUOUS
10
4.902948818897638
20
-6.4227992125984255
11
4.9077086614173231
21
-6.4251811023622052
0
LINE
8
CYAN2
6
CONTINUOUS
10
4.9077086614173231
20
-6.4251811023622052
11
4.9100905511811028
21
-6.4275629921259849
0
LINE
8
CYAN2
6
CONTINUOUS
10
4.9100905511811028
20
-6.4275629921259849
11
4.9124724409448817
21
-6.4323228346456691
0
LINE
8
CYAN2
6
CONTINUOUS
10
4.9124724409448817
20
-6.4323228346456691
11
4.9124724409448817
21
-6.4370866141732286
0
LINE
8
CYAN2
6
CONTINUOUS
10
4.9124724409448817
20
-6.4370866141732286
11
4.9100905511811028
21
-6.4418464566929137
0
LINE
8
CYAN2
6
CONTINUOUS
10
4.9100905511811028
20
-6.4418464566929137
11
4.9077086614173231
21
-6.4442283464566934
0
LINE
8
CYAN2
6
CONTINUOUS
10
4.9077086614173231
20
-6.4442283464566934
11
4.902948818897638
21
-6.4466102362204722
0
LINE
8
CYAN2
6
CONTINUOUS
10
4.902948818897638
20
-6.4466102362204722
11
4.8862795275590551
21
-6.4466102362204722
0
LINE
8
CYAN2
6
CONTINUOUS
10
4.9600905511811026
20
-6.4727992125984253
11
4.936279527559055
21
-6.4727992125984253
0
LINE
8
CYAN2
6
CONTINUOUS
10
4.936279527559055
20
-6.4727992125984253
11
4.936279527559055
21
-6.4227992125984255
0
LINE
8
CYAN2
6
CONTINUOUS
10
4.9767559055118111
20
-6.4227992125984255
11
4.9767559055118111
21
-6.4632755905511816
0
LINE
8
CYAN2
6
CONTINUOUS
10
4.9767559055118111
20
-6.4632755905511816
11
4.9791377952755909
21
-6.4680393700787402
0
LINE
8
CYAN2
6
CONTINUOUS
10
4.9791377952755909
20
-6.4680393700787402
11
4.9815196850393706
21
-6.4704212598425199
0
LINE
8
CYAN2
6
CONTINUOUS
10
4.9815196850393706
20
-6.4704212598425199
11
4.9862795275590557
21
-6.4727992125984253
0
LINE
8
CYAN2
6
CONTINUOUS
10
4.9862795275590557
20
-6.4727992125984253
11
4.9958031496062993
21
-6.4727992125984253
0
LINE
8
CYAN2
6
CONTINUOUS
10
4.9958031496062993
20
-6.4727992125984253
11
5.0005669291338588
21
-6.4704212598425199
0
LINE
8
CYAN2
6
CONTINUOUS
10
5.0005669291338588
20
-6.4704212598425199
11
5.0029488188976377
21
-6.4680393700787402
0
LINE
8
CYAN2
6
CONTINUOUS
10
5.0029488188976377
20
-6.4680393700787402
11
5.0053267716535439
21
-6.4632755905511816
0
LINE
8
CYAN2
6
CONTINUOUS
10
5.0053267716535439
20
-6.4632755905511816
11
5.0053267716535439
21
-6.4227992125984255
0
LINE
8
CYAN2
6
CONTINUOUS
10
5.0291377952755907
20
-6.4466102362204722
11
5.0458070866141735
21
-6.4466102362204722
0
LINE
8
CYAN2
6
CONTINUOUS
10
5.0529488188976384
20
-6.4727992125984253
11
5.0291377952755907
21
-6.4727992125984253
0
LINE
8
CYAN2
6
CONTINUOUS
10
5.0291377952755907
20
-6.4727992125984253
11
5.0291377952755907
21
-6.4227992125984255
0
LINE
8
CYAN2
6
CONTINUOUS
10
5.0291377952755907
20
-6.4227992125984255
11
5.0529488188976384
21
-6.4227992125984255
0
LINE
8
RED2
6
CONTINUOUS
10
4.7999999999999998
20
-6.4500000000000002
11
4.7999999999999998
21
-6.5499999999999998
0
LINE
8
RED2
6
CONTINUOUS
10
4.7999999999999998
20
-6.3500000000000005
11
4.7999999999999998
21
-6.25
0
LINE
8
CYAN2
6
CONTINUOUS
10
4.5862795275590553
20
-6.3327992125984256
11
4.5862795275590553
21
-6.2827992125984258
0
LINE
8
CYAN2
6
CONTINUOUS
10
4.5862795275590553
20
-6.2827992125984258
11
4.5981850393700787
21
-6.2827992125984258
0
LINE
8
CYAN2
6
CONTINUOUS
10
4.5981850393700787
20
-6.2827992125984258
11
4.6053267716535435
21
-6.2851811023622046
0
LINE
8
CYAN2
6
CONTINUOUS
10
4.6053267716535435
20
-6.2851811023622046
11
4.6100905511811021
21
-6.2899448818897641
0
LINE
8
CYAN2
6
CONTINUOUS
10
4.6100905511811021
20
-6.2899448818897641
11
4.6124724409448818
21
-6.2947047244094492
0
LINE
8
CYAN2
6
CONTINUOUS
10
4.6124724409448818
20
-6.2947047244094492
11
4.6148503937007872
21
-6.3042283464566928
0
LINE
8
CYAN2
6
CONTINUOUS
10
4.6148503937007872
20
-6.3042283464566928
11
4.6148503937007872
21
-6.3113700787401577
0
LINE
8
CYAN2
6
CONTINUOUS
10
4.6148503937007872
20
-6.3113700787401577
11
4.6124724409448818
21
-6.3208937007874022
0
LINE
8
CYAN2
6
CONTINUOUS
10
4.6124724409448818
20
-6.3208937007874022
11
4.6100905511811021
21
-6.3256574803149608
0
LINE
8
CYAN2
6
CONTINUOUS
10
4.6100905511811021
20
-6.3256574803149608
11
4.6053267716535435
21
-6.3304212598425202
0
LINE
8
CYAN2
6
CONTINUOUS
10
4.6053267716535435
20
-6.3304212598425202
11
4.5981850393700787
21
-6.3327992125984256
0
LINE
8
CYAN2
6
CONTINUOUS
10
4.5981850393700787
20
-6.3327992125984256
11
4.5862795275590553
21
-6.3327992125984256
0
LINE
8
CYAN2
6
CONTINUOUS
10
4.6577086614173231
20
-6.2994685039370077
11
4.6577086614173231
21
-6.3327992125984256
0
LINE
8
CYAN2
6
CONTINUOUS
10
4.6458031496062997
20
-6.2804212598425195
11
4.6339015748031498
21
-6.3161338582677171
0
LINE
8
CYAN2
6
CONTINUOUS
10
4.6339015748031498
20
-6.3161338582677171
11
4.6648503937007879
21
-6.3161338582677171
0
LINE
8
CYAN2
6
CONTINUOUS
10
4.6910433070866144
20
-6.3042283464566928
11
4.686279527559055
21
-6.301846456692914
0
LINE
8
CYAN2
6
CONTINUOUS
10
4.686279527559055
20
-6.301846456692914
11
4.6838976377952761
21
-6.2994685039370077
0
LINE
8
CYAN2
6
CONTINUOUS
10
4.6838976377952761
20
-6.2994685039370077
11
4.6815196850393699
21
-6.2947047244094492
0
LINE
8
CYAN2
6
CONTINUOUS
10
4.6815196850393699
20
-6.2947047244094492
11
4.6815196850393699
21
-6.2923228346456694
0
LINE
8
CYAN2
6
CONTINUOUS
10
4.6815196850393699
20
-6.2923228346456694
11
4.6838976377952761
21
-6.2875629921259844
0
LINE
8
CYAN2
6
CONTINUOUS
10
4.6838976377952761
20
-6.2875629921259844
11
4.686279527559055
21
-6.2851811023622046
0
LINE
8
CYAN2
6
CONTINUOUS
10
4.686279527559055
20
-6.2851811023622046
11
4.6910433070866144
21
-6.2827992125984258
0
LINE
8
CYAN2
6
CONTINUOUS
10
4.6910433070866144
20
-6.2827992125984258
11
4.7005669291338581
21
-6.2827992125984258
0
LINE
8
CYAN2
6
CONTINUOUS
10
4.7005669291338581
20
-6.2827992125984258
11
4.7053267716535432
21
-6.2851811023622046
0
LINE
8
CYAN2
6
CONTINUOUS
10
4.7053267716535432
20
-6.2851811023622046
11
4.7077086614173229
21
-6.2875629921259844
0
LINE
8
CYAN2
6
CONTINUOUS
10
4.7077086614173229
20
-6.2875629921259844
11
4.7100905511811026
21
-6.2923228346456694
0
LINE
8
CYAN2
6
CONTINUOUS
10
4.7100905511811026
20
-6.2923228346456694
11
4.7100905511811026
21
-6.2947047244094492
0
LINE
8
CYAN2
6
CONTINUOUS
10
4.7100905511811026
20
-6.2947047244094492
11
4.7077086614173229
21
-6.2994685039370077
0
LINE
8
CYAN2
6
CONTINUOUS
10
4.7077086614173229
20
-6.2994685039370077
11
4.7053267716535432
21
-6.301846456692914
0
LINE
8
CYAN2
6
CONTINUOUS
10
4.7053267716535432
20
-6.301846456692914
11
4.7005669291338581
21
-6.3042283464566928
0
LINE
8
CYAN2
6
CONTINUOUS
10
4.7005669291338581
20
-6.3042283464566928
11
4.6910433070866144
21
-6.3042283464566928
0
LINE
8
CYAN2
6
CONTINUOUS
10
4.6910433070866144
20
-6.3042283464566928
11
4.686279527559055
21
-6.3066102362204726
0
LINE
8
CYAN2
6
CONTINUOUS
10
4.686279527559055
20
-6.3066102362204726
11
4.6838976377952761
21
-6.3089921259842523
0
LINE
8
CYAN2
6
CONTINUOUS
10
4.6838976377952761
20
-6.3089921259842523
11
4.6815196850393699
21
-6.3137519685039374
0
LINE
8
CYAN2
6
CONTINUOUS
10
4.6815196850393699
20
-6.3137519685039374
11
4.6815196850393699
21
-6.323275590551181
0
LINE
8
CYAN2
6
CONTINUOUS
10
4.6815196850393699
20
-6.323275590551181
11
4.6838976377952761
21
-6.3280393700787405
0
LINE
8
CYAN2
6
CONTINUOUS
10
4.6838976377952761
20
-6.3280393700787405
11
4.686279527559055
21
-6.3304212598425202
0
LINE
8
CYAN2
6
CONTINUOUS
10
4.686279527559055
20
-6.3304212598425202
11
4.6910433070866144
21
-6.3327992125984256
0
LINE
8
CYAN2
6
CONTINUOUS
10
4.6910433070866144
20
-6.3327992125984256
11
4.7005669291338581
21
-6.3327992125984256
0
LINE
8
CYAN2
6
CONTINUOUS
10
4.7005669291338581
20
-6.3327992125984256
11
4.7053267716535432
21
-6.3304212598425202
0
LINE
8
CYAN2
6
CONTINUOUS
10
4.7053267716535432
20
-6.3304212598425202
11
4.7077086614173229
21
-6.3280393700787405
0
LINE
8
CYAN2
6
CONTINUOUS
10
4.7077086614173229
20
-6.3280393700787405
11
4.7100905511811026
21
-6.323275590551181
0
LINE
8
CYAN2
6
CONTINUOUS
10
4.7100905511811026
20
-6.323275590551181
11
4.7100905511811026
21
-6.3137519685039374
0
LINE
8
CYAN2
6
CONTINUOUS
10
4.7100905511811026
20
-6.3137519685039374
11
4.7077086614173229
21
-6.3089921259842523
0
LINE
8
CYAN2
6
CONTINUOUS
10
4.7077086614173229
20
-6.3089921259842523
11
4.7053267716535432
21
-6.3066102362204726
0
LINE
8
CYAN2
6
CONTINUOUS
10
4.7053267716535432
20
-6.3066102362204726
11
4.7005669291338581
21
-6.3042283464566928
0
LINE
8
CYAN2
6
CONTINUOUS
10
4.6029488188976382
20
-6.4066102362204731
11
4.6100905511811021
21
-6.4089921259842519
0
LINE
8
CYAN2
6
CONTINUOUS
10
4.6100905511811021
20
-6.4089921259842519
11
4.6124724409448818
21
-6.4113700787401573
0
LINE
8
CYAN2
6
CONTINUOUS
10
4.6124724409448818
20
-6.4113700787401573
11
4.6148503937007872
21
-6.4161338582677168
0
LINE
8
CYAN2
6
CONTINUOUS
10
4.6148503937007872
20
-6.4161338582677168
11
4.6148503937007872
21
-6.4232755905511816
0
LINE
8
CYAN2
6
CONTINUOUS
10
4.6148503937007872
20
-6.4232755905511816
11
4.6124724409448818
21
-6.4280393700787402
0
LINE
8
CYAN2
6
CONTINUOUS
10
4.6124724409448818
20
-6.4280393700787402
11
4.6100905511811021
21
-6.4304212598425199
0
LINE
8
CYAN2
6
CONTINUOUS
10
4.6100905511811021
20
-6.4304212598425199
11
4.6053267716535435
21
-6.4327992125984252
0
LINE
8
CYAN2
6
CONTINUOUS
10
4.6053267716535435
20
-6.4327992125984252
11
4.5862795275590553
21
-6.4327992125984252
0
LINE
8
CYAN2
6
CONTINUOUS
10
4.5862795275590553
20
-6.4327992125984252
11
4.5862795275590553
21
-6.3827992125984254
0
LINE
8
CYAN2
6
CONTINUOUS
10
4.5862795275590553
20
-6.3827992125984254
11
4.6029488188976382
21
-6.3827992125984254
0
LINE
8
CYAN2
6
CONTINUOUS
10
4.6029488188976382
20
-6.3827992125984254
11
4.6077086614173233
21
-6.3851811023622052
0
LINE
8
CYAN2
6
CONTINUOUS
10
4.6077086614173233
20
-6.3851811023622052
11
4.6100905511811021
21
-6.3875629921259849
0
LINE
8
CYAN2
6
CONTINUOUS
10
4.6100905511811021
20
-6.3875629921259849
11
4.6124724409448818
21
-6.39232283464567
0
LINE
8
CYAN2
6
CONTINUOUS
10
4.6124724409448818
20
-6.39232283464567
11
4.6124724409448818
21
-6.3970866141732285
0
LINE
8
CYAN2
6
CONTINUOUS
10
4.6124724409448818
20
-6.3970866141732285
11
4.6100905511811021
21
-6.4018464566929136
0
LINE
8
CYAN2
6
CONTINUOUS
10
4.6100905511811021
20
-6.4018464566929136
11
4.6077086614173233
21
-6.4042283464566934
0
LINE
8
CYAN2
6
CONTINUOUS
10
4.6077086614173233
20
-6.4042283464566934
11
4.6029488188976382
21
-6.4066102362204731
0
LINE
8
CYAN2
6
CONTINUOUS
10
4.6029488188976382
20
-6.4066102362204731
11
4.5862795275590553
21
-6.4066102362204731
0
LINE
8
CYAN2
6
CONTINUOUS
10
4.6600905511811028
20
-6.4327992125984252
11
4.6362795275590551
21
-6.4327992125984252
0
LINE
8
CYAN2
6
CONTINUOUS
10
4.6362795275590551
20
-6.4327992125984252
11
4.6362795275590551
21
-6.3827992125984254
0
LINE
8
CYAN2
6
CONTINUOUS
10
4.6767559055118113
20
-6.3827992125984254
11
4.6767559055118113
21
-6.4232755905511816
0
LINE
8
CYAN2
6
CONTINUOUS
10
4.6767559055118113
20
-6.4232755905511816
11
4.679137795275591
21
-6.4280393700787402
0
LINE
8
CYAN2
6
CONTINUOUS
10
4.679137795275591
20
-6.4280393700787402
11
4.6815196850393699
21
-6.4304212598425199
0
LINE
8
CYAN2
6
CONTINUOUS
10
4.6815196850393699
20
-6.4304212598425199
11
4.686279527559055
21
-6.4327992125984252
0
LINE
8
CYAN2
6
CONTINUOUS
10
4.686279527559055
20
-6.4327992125984252
11
4.6958031496062995
21
-6.4327992125984252
0
LINE
8
CYAN2
6
CONTINUOUS
10
4.6958031496062995
20
-6.4327992125984252
11
4.7005669291338581
21
-6.4304212598425199
0
LINE
8
CYAN2
6
CONTINUOUS
10
4.7005669291338581
20
-6.4304212598425199
11
4.7029488188976378
21
-6.4280393700787402
0
LINE
8
CYAN2
6
CONTINUOUS
10
4.7029488188976378
20
-6.4280393700787402
11
4.7053267716535432
21
-6.4232755905511816
0
LINE
8
CYAN2
6
CONTINUOUS
10
4.7053267716535432
20
-6.4232755905511816
11
4.7053267716535432
21
-6.3827992125984254
0
LINE
8
CYAN2
6
CONTINUOUS
10
4.7291377952755909
20
-6.4066102362204731
11
4.7458070866141737
21
-6.4066102362204731
0
LINE
8
CYAN2
6
CONTINUOUS
10
4.7529488188976377
20
-6.4327992125984252
11
4.7291377952755909
21
-6.4327992125984252
0
LINE
8
CYAN2
6
CONTINUOUS
10
4.7291377952755909
20
-6.4327992125984252
11
4.7291377952755909
21
-6.3827992125984254
0
LINE
8
CYAN2
6
CONTINUOUS
10
4.7291377952755909
20
-6.3827992125984254
11
4.7529488188976377
21
-6.3827992125984254
0
LINE
8
RED2
6
CONTINUOUS
10
4.5
20
-6.4500000000000002
11
4.5
21
-6.5499999999999998
0
LINE
8
RED2
6
CONTINUOUS
10
4.5
20
-6.3500000000000005
11
4.5
21
-6.25
0
LINE
8
CYAN2
6
CONTINUOUS
10
4.3162795275590549
20
-6.4127992125984257
11
4.3162795275590549
21
-6.3627992125984258
0
LINE
8
CYAN2
6
CONTINUOUS
10
4.3162795275590549
20
-6.3627992125984258
11
4.3281850393700791
21
-6.3627992125984258
0
LINE
8
CYAN2
6
CONTINUOUS
10
4.3281850393700791
20
-6.3627992125984258
11
4.3353267716535431
21
-6.3651811023622047
0
LINE
8
CYAN2
6
CONTINUOUS
10
4.3353267716535431
20
-6.3651811023622047
11
4.3400905511811025
21
-6.3699448818897642
0
LINE
8
CYAN2
6
CONTINUOUS
10
4.3400905511811025
20
-6.3699448818897642
11
4.3424724409448823
21
-6.3747047244094492
0
LINE
8
CYAN2
6
CONTINUOUS
10
4.3424724409448823
20
-6.3747047244094492
11
4.3448503937007876
21
-6.3842283464566929
0
LINE
8
CYAN2
6
CONTINUOUS
10
4.3448503937007876
20
-6.3842283464566929
11
4.3448503937007876
21
-6.3913700787401577
0
LINE
8
CYAN2
6
CONTINUOUS
10
4.3448503937007876
20
-6.3913700787401577
11
4.3424724409448823
21
-6.4008937007874014
0
LINE
8
CYAN2
6
CONTINUOUS
10
4.3424724409448823
20
-6.4008937007874014
11
4.3400905511811025
21
-6.4056574803149608
0
LINE
8
CYAN2
6
CONTINUOUS
10
4.3400905511811025
20
-6.4056574803149608
11
4.3353267716535431
21
-6.4104212598425203
0
LINE
8
CYAN2
6
CONTINUOUS
10
4.3353267716535431
20
-6.4104212598425203
11
4.3281850393700791
21
-6.4127992125984257
0
LINE
8
CYAN2
6
CONTINUOUS
10
4.3281850393700791
20
-6.4127992125984257
11
4.3162795275590549
21
-6.4127992125984257
0
LINE
8
CYAN2
6
CONTINUOUS
10
4.3877086614173226
20
-6.3794685039370078
11
4.3877086614173226
21
-6.4127992125984257
0
LINE
8
CYAN2
6
CONTINUOUS
10
4.3758031496062992
20
-6.3604212598425196
11
4.3639015748031493
21
-6.3961338582677172
0
LINE
8
CYAN2
6
CONTINUOUS
10
4.3639015748031493
20
-6.3961338582677172
11
4.3948503937007874
21
-6.3961338582677172
0
LINE
8
CYAN2
6
CONTINUOUS
10
4.4091377952755906
20
-6.3627992125984258
11
4.4424685039370084
21
-6.3627992125984258
0
LINE
8
CYAN2
6
CONTINUOUS
10
4.4424685039370084
20
-6.3627992125984258
11
4.421043307086614
21
-6.4127992125984257
0
LINE
8
CYAN2
6
CONTINUOUS
10
4.3329488188976377
20
-6.496610236220473
11
4.3400905511811025
21
-6.4989921259842518
0
LINE
8
CYAN2
6
CONTINUOUS
10
4.3400905511811025
20
-6.4989921259842518
11
4.3424724409448823
21
-6.501370078740158
0
LINE
8
CYAN2
6
CONTINUOUS
10
4.3424724409448823
20
-6.501370078740158
11
4.3448503937007876
21
-6.5061338582677166
0
LINE
8
CYAN2
6
CONTINUOUS
10
4.3448503937007876
20
-6.5061338582677166
11
4.3448503937007876
21
-6.5132755905511814
0
LINE
8
CYAN2
6
CONTINUOUS
10
4.3448503937007876
20
-6.5132755905511814
11
4.3424724409448823
21
-6.51803937007874
0
LINE
8
CYAN2
6
CONTINUOUS
10
4.3424724409448823
20
-6.51803937007874
11
4.3400905511811025
21
-6.5204212598425197
0
LINE
8
CYAN2
6
CONTINUOUS
10
4.3400905511811025
20
-6.5204212598425197
11
4.3353267716535431
21
-6.5227992125984251
0
LINE
8
CYAN2
6
CONTINUOUS
10
4.3353267716535431
20
-6.5227992125984251
11
4.3162795275590549
21
-6.5227992125984251
0
LINE
8
CYAN2
6
CONTINUOUS
10
4.3162795275590549
20
-6.5227992125984251
11
4.3162795275590549
21
-6.4727992125984253
0
LINE
8
CYAN2
6
CONTINUOUS
10
4.3162795275590549
20
-6.4727992125984253
11
4.3329488188976377
21
-6.4727992125984253
0
LINE
8
CYAN2
6
CONTINUOUS
10
4.3329488188976377
20
-6.4727992125984253
11
4.3377086614173228
21
-6.475181102362205
0
LINE
8
CYAN2
6
CONTINUOUS
10
4.3377086614173228
20
-6.475181102362205
11
4.3400905511811025
21
-6.4775629921259847
0
LINE
8
CYAN2
6
CONTINUOUS
10
4.3400905511811025
20
-6.4775629921259847
11
4.3424724409448823
21
-6.4823228346456698
0
LINE
8
CYAN2
6
CONTINUOUS
10
4.3424724409448823
20
-6.4823228346456698
11
4.3424724409448823
21
-6.4870866141732284
0
LINE
8
CYAN2
6
CONTINUOUS
10
4.3424724409448823
20
-6.4870866141732284
11
4.3400905511811025
21
-6.4918464566929135
0
LINE
8
CYAN2
6
CONTINUOUS
10
4.3400905511811025
20
-6.4918464566929135
11
4.3377086614173228
21
-6.4942283464566932
0
LINE
8
CYAN2
6
CONTINUOUS
10
4.3377086614173228
20
-6.4942283464566932
11
4.3329488188976377
21
-6.496610236220473
0
LINE
8
CYAN2
6
CONTINUOUS
10
4.3329488188976377
20
-6.496610236220473
11
4.3162795275590549
21
-6.496610236220473
0
LINE
8
CYAN2
6
CONTINUOUS
10
4.3900905511811024
20
-6.5227992125984251
11
4.3662795275590556
21
-6.5227992125984251
0
LINE
8
CYAN2
6
CONTINUOUS
10
4.3662795275590556
20
-6.5227992125984251
11
4.3662795275590556
21
-6.4727992125984253
0
LINE
8
CYAN2
6
CONTINUOUS
10
4.4067559055118108
20
-6.4727992125984253
11
4.4067559055118108
21
-6.5132755905511814
0
LINE
8
CYAN2
6
CONTINUOUS
10
4.4067559055118108
20
-6.5132755905511814
11
4.4091377952755906
21
-6.51803937007874
0
LINE
8
CYAN2
6
CONTINUOUS
10
4.4091377952755906
20
-6.51803937007874
11
4.4115196850393703
21
-6.5204212598425197
0
LINE
8
CYAN2
6
CONTINUOUS
10
4.4115196850393703
20
-6.5204212598425197
11
4.4162795275590554
21
-6.5227992125984251
0
LINE
8
CYAN2
6
CONTINUOUS
10
4.4162795275590554
20
-6.5227992125984251
11
4.4258031496062991
21
-6.5227992125984251
0
LINE
8
CYAN2
6
CONTINUOUS
10
4.4258031496062991
20
-6.5227992125984251
11
4.4305669291338585
21
-6.5204212598425197
0
LINE
8
CYAN2
6
CONTINUOUS
10
4.4305669291338585
20
-6.5204212598425197
11
4.4329488188976383
21
-6.51803937007874
0
LINE
8
CYAN2
6
CONTINUOUS
10
4.4329488188976383
20
-6.51803937007874
11
4.4353267716535436
21
-6.5132755905511814
0
LINE
8
CYAN2
6
CONTINUOUS
10
4.4353267716535436
20
-6.5132755905511814
11
4.4353267716535436
21
-6.4727992125984253
0
LINE
8
CYAN2
6
CONTINUOUS
10
4.4591377952755904
20
-6.496610236220473
11
4.4758070866141733
21
-6.496610236220473
0
LINE
8
CYAN2
6
CONTINUOUS
10
4.4829488188976381
20
-6.5227992125984251
11
4.4591377952755904
21
-6.5227992125984251
0
LINE
8
CYAN2
6
CONTINUOUS
10
4.4591377952755904
20
-6.5227992125984251
11
4.4591377952755904
21
-6.4727992125984253
0
LINE
8
CYAN2
6
CONTINUOUS
10
4.4591377952755904
20
-6.4727992125984253
11
4.4829488188976381
21
-6.4727992125984253
0
LINE
8
RED2
6
CONTINUOUS
10
4.2000000000000002
20
-6.4500000000000002
11
4.2000000000000002
21
-6.5499999999999998
0
LINE
8
RED2
6
CONTINUOUS
10
4.2000000000000002
20
-6.3500000000000005
11
4.2000000000000002
21
-6.25
0
LINE
8
CYAN2
6
CONTINUOUS
10
5.5762795275590555
20
-6.3727992125984256
11
5.5762795275590555
21
-6.3227992125984258
0
LINE
8
CYAN2
6
CONTINUOUS
10
5.5762795275590555
20
-6.3227992125984258
11
5.5881850393700789
21
-6.3227992125984258
0
LINE
8
CYAN2
6
CONTINUOUS
10
5.5881850393700789
20
-6.3227992125984258
11
5.5953267716535438
21
-6.3251811023622047
0
LINE
8
CYAN2
6
CONTINUOUS
10
5.5953267716535438
20
-6.3251811023622047
11
5.6000905511811023
21
-6.3299448818897641
0
LINE
8
CYAN2
6
CONTINUOUS
10
5.6000905511811023
20
-6.3299448818897641
11
5.6024724409448821
21
-6.3347047244094492
0
LINE
8
CYAN2
6
CONTINUOUS
10
5.6024724409448821
20
-6.3347047244094492
11
5.6048503937007874
21
-6.3442283464566929
0
LINE
8
CYAN2
6
CONTINUOUS
10
5.6048503937007874
20
-6.3442283464566929
11
5.6048503937007874
21
-6.3513700787401577
0
LINE
8
CYAN2
6
CONTINUOUS
10
5.6048503937007874
20
-6.3513700787401577
11
5.6024724409448821
21
-6.3608937007874022
0
LINE
8
CYAN2
6
CONTINUOUS
10
5.6024724409448821
20
-6.3608937007874022
11
5.6000905511811023
21
-6.3656574803149608
0
LINE
8
CYAN2
6
CONTINUOUS
10
5.6000905511811023
20
-6.3656574803149608
11
5.5953267716535438
21
-6.3704212598425203
0
LINE
8
CYAN2
6
CONTINUOUS
10
5.5953267716535438
20
-6.3704212598425203
11
5.5881850393700789
21
-6.3727992125984256
0
LINE
8
CYAN2
6
CONTINUOUS
10
5.5881850393700789
20
-6.3727992125984256
11
5.5762795275590555
21
-6.3727992125984256
0
LINE
8
CYAN2
6
CONTINUOUS
10
5.6500905511811021
20
-6.3227992125984258
11
5.6262795275590554
21
-6.3227992125984258
0
LINE
8
CYAN2
6
CONTINUOUS
10
5.6262795275590554
20
-6.3227992125984258
11
5.62390157480315
21
-6.3466102362204726
0
LINE
8
CYAN2
6
CONTINUOUS
10
5.62390157480315
20
-6.3466102362204726
11
5.6262795275590554
21
-6.3442283464566929
0
LINE
8
CYAN2
6
CONTINUOUS
10
5.6262795275590554
20
-6.3442283464566929
11
5.6310433070866148
21
-6.341846456692914
0
LINE
8
CYAN2
6
CONTINUOUS
10
5.6310433070866148
20
-6.341846456692914
11
5.6429488188976382
21
-6.341846456692914
0
LINE
8
CYAN2
6
CONTINUOUS
10
5.6429488188976382
20
-6.341846456692914
11
5.6477086614173233
21
-6.3442283464566929
0
LINE
8
CYAN2
6
CONTINUOUS
10
5.6477086614173233
20
-6.3442283464566929
11
5.6500905511811021
21
-6.3466102362204726
0
LINE
8
CYAN2
6
CONTINUOUS
10
5.6500905511811021
20
-6.3466102362204726
11
5.6524724409448819
21
-6.3513700787401577
0
LINE
8
CYAN2
6
CONTINUOUS
10
5.6524724409448819
20
-6.3513700787401577
11
5.6524724409448819
21
-6.3632755905511811
0
LINE
8
CYAN2
6
CONTINUOUS
10
5.6524724409448819
20
-6.3632755905511811
11
5.6500905511811021
21
-6.3680393700787405
0
LINE
8
CYAN2
6
CONTINUOUS
10
5.6500905511811021
20
-6.3680393700787405
11
5.6477086614173233
21
-6.3704212598425203
0
LINE
8
CYAN2
6
CONTINUOUS
10
5.6477086614173233
20
-6.3704212598425203
11
5.6429488188976382
21
-6.3727992125984256
0
LINE
8
CYAN2
6
CONTINUOUS
10
5.6429488188976382
20
-6.3727992125984256
11
5.6310433070866148
21
-6.3727992125984256
0
LINE
8
CYAN2
6
CONTINUOUS
10
5.6310433070866148
20
-6.3727992125984256
11
5.6262795275590554
21
-6.3704212598425203
0
LINE
8
CYAN2
6
CONTINUOUS
10
5.6262795275590554
20
-6.3704212598425203
11
5.62390157480315
21
-6.3680393700787405
0
LINE
8
CYAN2
6
CONTINUOUS
10
5.7000905511811029
20
-6.3727992125984256
11
5.6715196850393701
21
-6.3727992125984256
0
LINE
8
CYAN2
6
CONTINUOUS
10
5.6858031496062997
20
-6.3727992125984256
11
5.6858031496062997
21
-6.3227992125984258
0
LINE
8
CYAN2
6
CONTINUOUS
10
5.6858031496062997
20
-6.3227992125984258
11
5.6810433070866146
21
-6.3299448818897641
0
LINE
8
CYAN2
6
CONTINUOUS
10
5.6810433070866146
20
-6.3299448818897641
11
5.6762795275590552
21
-6.3347047244094492
0
LINE
8
CYAN2
6
CONTINUOUS
10
5.6762795275590552
20
-6.3347047244094492
11
5.6715196850393701
21
-6.3370866141732289
0
LINE
8
CYAN2
6
CONTINUOUS
10
5.5858031496062992
20
-6.448992125984252
11
5.5858031496062992
21
-6.4727992125984253
0
LINE
8
CYAN2
6
CONTINUOUS
10
5.5691377952755907
20
-6.4227992125984255
11
5.5858031496062992
21
-6.448992125984252
0
LINE
8
CYAN2
6
CONTINUOUS
10
5.5858031496062992
20
-6.448992125984252
11
5.6024724409448821
21
-6.4227992125984255
0
LINE
8
CYAN2
6
CONTINUOUS
10
5.6191377952755905
20
-6.4466102362204722
11
5.6358070866141734
21
-6.4466102362204722
0
LINE
8
CYAN2
6
CONTINUOUS
10
5.6429488188976382
20
-6.4727992125984253
11
5.6191377952755905
21
-6.4727992125984253
0
LINE
8
CYAN2
6
CONTINUOUS
10
5.6191377952755905
20
-6.4727992125984253
11
5.6191377952755905
21
-6.4227992125984255
0
LINE
8
CYAN2
6
CONTINUOUS
10
5.6191377952755905
20
-6.4227992125984255
11
5.6429488188976382
21
-6.4227992125984255
0
LINE
8
CYAN2
6
CONTINUOUS
10
5.6881850393700786
20
-6.4727992125984253
11
5.6643740157480318
21
-6.4727992125984253
0
LINE
8
CYAN2
6
CONTINUOUS
10
5.6643740157480318
20
-6.4727992125984253
11
5.6643740157480318
21
-6.4227992125984255
0
LINE
8
CYAN2
6
CONTINUOUS
10
5.7286614173228347
20
-6.4727992125984253
11
5.7048503937007879
21
-6.4727992125984253
0
LINE
8
CYAN2
6
CONTINUOUS
10
5.7048503937007879
20
-6.4727992125984253
11
5.7048503937007879
21
-6.4227992125984255
0
LINE
8
CYAN2
6
CONTINUOUS
10
5.7548503937007878
20
-6.4227992125984255
11
5.7643740157480314
21
-6.4227992125984255
0
LINE
8
CYAN2
6
CONTINUOUS
10
5.7643740157480314
20
-6.4227992125984255
11
5.7691377952755909
21
-6.4251811023622052
0
LINE
8
CYAN2
6
CONTINUOUS
10
5.7691377952755909
20
-6.4251811023622052
11
5.773897637795276
21
-6.4299448818897638
0
LINE
8
CYAN2
6
CONTINUOUS
10
5.773897637795276
20
-6.4299448818897638
11
5.7762795275590557
21
-6.4394685039370083
0
LINE
8
CYAN2
6
CONTINUOUS
10
5.7762795275590557
20
-6.4394685039370083
11
5.7762795275590557
21
-6.4561338582677168
0
LINE
8
CYAN2
6
CONTINUOUS
10
5.7762795275590557
20
-6.4561338582677168
11
5.773897637795276
21
-6.4656574803149605
0
LINE
8
CYAN2
6
CONTINUOUS
10
5.773897637795276
20
-6.4656574803149605
11
5.7691377952755909
21
-6.4704212598425199
0
LINE
8
CYAN2
6
CONTINUOUS
10
5.7691377952755909
20
-6.4704212598425199
11
5.7643740157480314
21
-6.4727992125984253
0
LINE
8
CYAN2
6
CONTINUOUS
10
5.7643740157480314
20
-6.4727992125984253
11
5.7548503937007878
21
-6.4727992125984253
0
LINE
8
CYAN2
6
CONTINUOUS
10
5.7548503937007878
20
-6.4727992125984253
11
5.7500905511811027
21
-6.4704212598425199
0
LINE
8
CYAN2
6
CONTINUOUS
10
5.7500905511811027
20
-6.4704212598425199
11
5.7453267716535432
21
-6.4656574803149605
0
LINE
8
CYAN2
6
CONTINUOUS
10
5.7453267716535432
20
-6.4656574803149605
11
5.7429488188976379
21
-6.4561338582677168
0
LINE
8
CYAN2
6
CONTINUOUS
10
5.7429488188976379
20
-6.4561338582677168
11
5.7429488188976379
21
-6.4394685039370083
0
LINE
8
CYAN2
6
CONTINUOUS
10
5.7429488188976379
20
-6.4394685039370083
11
5.7453267716535432
21
-6.4299448818897638
0
LINE
8
CYAN2
6
CONTINUOUS
10
5.7453267716535432
20
-6.4299448818897638
11
5.7500905511811027
21
-6.4251811023622052
0
LINE
8
CYAN2
6
CONTINUOUS
10
5.7500905511811027
20
-6.4251811023622052
11
5.7548503937007878
21
-6.4227992125984255
0
LINE
8
CYAN2
6
CONTINUOUS
10
5.7929488188976377
20
-6.4227992125984255
11
5.804854330708662
21
-6.4727992125984253
0
LINE
8
CYAN2
6
CONTINUOUS
10
5.804854330708662
20
-6.4727992125984253
11
5.8143779527559056
21
-6.4370866141732286
0
LINE
8
CYAN2
6
CONTINUOUS
10
5.8143779527559056
20
-6.4370866141732286
11
5.8239015748031502
21
-6.4727992125984253
0
LINE
8
CYAN2
6
CONTINUOUS
10
5.8239015748031502
20
-6.4727992125984253
11
5.8358070866141736
21
-6.4227992125984255
0
LINE
8
RED2
6
CONTINUOUS
10
5.5
20
-6.4500000000000002
11
5.5
21
-6.5499999999999998
0
LINE
8
RED2
6
CONTINUOUS
10
5.5
20
-6.3500000000000005
11
5.5
21
-6.25
0
LINE
8
CYAN2
6
CONTINUOUS
10
5.9562795275590554
20
-6.3727992125984256
11
5.9562795275590554
21
-6.3227992125984258
0
LINE
8
CYAN2
6
CONTINUOUS
10
5.9562795275590554
20
-6.3227992125984258
11
5.9681850393700788
21
-6.3227992125984258
0
LINE
8
CYAN2
6
CONTINUOUS
10
5.9681850393700788
20
-6.3227992125984258
11
5.9753267716535436
21
-6.3251811023622047
0
LINE
8
CYAN2
6
CONTINUOUS
10
5.9753267716535436
20
-6.3251811023622047
11
5.9800905511811022
21
-6.3299448818897641
0
LINE
8
CYAN2
6
CONTINUOUS
10
5.9800905511811022
20
-6.3299448818897641
11
5.982472440944882
21
-6.3347047244094492
0
LINE
8
CYAN2
6
CONTINUOUS
10
5.982472440944882
20
-6.3347047244094492
11
5.9848503937007873
21
-6.3442283464566929
0
LINE
8
CYAN2
6
CONTINUOUS
10
5.9848503937007873
20
-6.3442283464566929
11
5.9848503937007873
21
-6.3513700787401577
0
LINE
8
CYAN2
6
CONTINUOUS
10
5.9848503937007873
20
-6.3513700787401577
11
5.982472440944882
21
-6.3608937007874022
0
LINE
8
CYAN2
6
CONTINUOUS
10
5.982472440944882
20
-6.3608937007874022
11
5.9800905511811022
21
-6.3656574803149608
0
LINE
8
CYAN2
6
CONTINUOUS
10
5.9800905511811022
20
-6.3656574803149608
11
5.9753267716535436
21
-6.3704212598425203
0
LINE
8
CYAN2
6
CONTINUOUS
10
5.9753267716535436
20
-6.3704212598425203
11
5.9681850393700788
21
-6.3727992125984256
0
LINE
8
CYAN2
6
CONTINUOUS
10
5.9681850393700788
20
-6.3727992125984256
11
5.9562795275590554
21
-6.3727992125984256
0
LINE
8
CYAN2
6
CONTINUOUS
10
6.0300905511811029
20
-6.3227992125984258
11
6.0062795275590553
21
-6.3227992125984258
0
LINE
8
CYAN2
6
CONTINUOUS
10
6.0062795275590553
20
-6.3227992125984258
11
6.0039015748031499
21
-6.3466102362204726
0
LINE
8
CYAN2
6
CONTINUOUS
10
6.0039015748031499
20
-6.3466102362204726
11
6.0062795275590553
21
-6.3442283464566929
0
LINE
8
CYAN2
6
CONTINUOUS
10
6.0062795275590553
20
-6.3442283464566929
11
6.0110433070866147
21
-6.341846456692914
0
LINE
8
CYAN2
6
CONTINUOUS
10
6.0110433070866147
20
-6.341846456692914
11
6.0229488188976381
21
-6.341846456692914
0
LINE
8
CYAN2
6
CONTINUOUS
10
6.0229488188976381
20
-6.341846456692914
11
6.0277086614173232
21
-6.3442283464566929
0
LINE
8
CYAN2
6
CONTINUOUS
10
6.0277086614173232
20
-6.3442283464566929
11
6.0300905511811029
21
-6.3466102362204726
0
LINE
8
CYAN2
6
CONTINUOUS
10
6.0300905511811029
20
-6.3466102362204726
11
6.0324724409448818
21
-6.3513700787401577
0
LINE
8
CYAN2
6
CONTINUOUS
10
6.0324724409448818
20
-6.3513700787401577
11
6.0324724409448818
21
-6.3632755905511811
0
LINE
8
CYAN2
6
CONTINUOUS
10
6.0324724409448818
20
-6.3632755905511811
11
6.0300905511811029
21
-6.3680393700787405
0
LINE
8
CYAN2
6
CONTINUOUS
10
6.0300905511811029
20
-6.3680393700787405
11
6.0277086614173232
21
-6.3704212598425203
0
LINE
8
CYAN2
6
CONTINUOUS
10
6.0277086614173232
20
-6.3704212598425203
11
6.0229488188976381
21
-6.3727992125984256
0
LINE
8
CYAN2
6
CONTINUOUS
10
6.0229488188976381
20
-6.3727992125984256
11
6.0110433070866147
21
-6.3727992125984256
0
LINE
8
CYAN2
6
CONTINUOUS
10
6.0110433070866147
20
-6.3727992125984256
11
6.0062795275590553
21
-6.3704212598425203
0
LINE
8
CYAN2
6
CONTINUOUS
10
6.0062795275590553
20
-6.3704212598425203
11
6.0039015748031499
21
-6.3680393700787405
0
LINE
8
CYAN2
6
CONTINUOUS
10
6.05151968503937
20
-6.3275629921259844
11
6.0538976377952762
21
-6.3251811023622047
0
LINE
8
CYAN2
6
CONTINUOUS
10
6.0538976377952762
20
-6.3251811023622047
11
6.0586614173228348
21
-6.3227992125984258
0
LINE
8
CYAN2
6
CONTINUOUS
10
6.0586614173228348
20
-6.3227992125984258
11
6.0705669291338582
21
-6.3227992125984258
0
LINE
8
CYAN2
6
CONTINUOUS
10
6.0705669291338582
20
-6.3227992125984258
11
6.0753267716535433
21
-6.3251811023622047
0
LINE
8
CYAN2
6
CONTINUOUS
10
6.0753267716535433
20
-6.3251811023622047
11
6.077708661417323
21
-6.3275629921259844
0
LINE
8
CYAN2
6
CONTINUOUS
10
6.077708661417323
20
-6.3275629921259844
11
6.0800905511811028
21
-6.3323228346456695
0
LINE
8
CYAN2
6
CONTINUOUS
10
6.0800905511811028
20
-6.3323228346456695
11
6.0800905511811028
21
-6.3370866141732289
0
LINE
8
CYAN2
6
CONTINUOUS
10
6.0800905511811028
20
-6.3370866141732289
11
6.077708661417323
21
-6.3442283464566929
0
LINE
8
CYAN2
6
CONTINUOUS
10
6.077708661417323
20
-6.3442283464566929
11
6.0491377952755911
21
-6.3727992125984256
0
LINE
8
CYAN2
6
CONTINUOUS
10
6.0491377952755911
20
-6.3727992125984256
11
6.0800905511811028
21
-6.3727992125984256
0
LINE
8
CYAN2
6
CONTINUOUS
10
5.9158031496062993
20
-6.4589921259842527
11
5.9158031496062993
21
-6.4827992125984251
0
LINE
8
CYAN2
6
CONTINUOUS
10
5.8991377952755908
20
-6.4327992125984252
11
5.9158031496062993
21
-6.4589921259842527
0
LINE
8
CYAN2
6
CONTINUOUS
10
5.9158031496062993
20
-6.4589921259842527
11
5.9324724409448821
21
-6.4327992125984252
0
LINE
8
CYAN2
6
CONTINUOUS
10
5.9491377952755906
20
-6.4566102362204729
11
5.9658070866141735
21
-6.4566102362204729
0
LINE
8
CYAN2
6
CONTINUOUS
10
5.9729488188976383
20
-6.4827992125984251
11
5.9491377952755906
21
-6.4827992125984251
0
LINE
8
CYAN2
6
CONTINUOUS
10
5.9491377952755906
20
-6.4827992125984251
11
5.9491377952755906
21
-6.4327992125984252
0
LINE
8
CYAN2
6
CONTINUOUS
10
5.9491377952755906
20
-6.4327992125984252
11
5.9729488188976383
21
-6.4327992125984252
0
LINE
8
CYAN2
6
CONTINUOUS
10
6.0181850393700786
20
-6.4827992125984251
11
5.9943740157480319
21
-6.4827992125984251
0
LINE
8
CYAN2
6
CONTINUOUS
10
5.9943740157480319
20
-6.4827992125984251
11
5.9943740157480319
21
-6.4327992125984252
0
LINE
8
CYAN2
6
CONTINUOUS
10
6.0586614173228348
20
-6.4827992125984251
11
6.034850393700788
21
-6.4827992125984251
0
LINE
8
CYAN2
6
CONTINUOUS
10
6.034850393700788
20
-6.4827992125984251
11
6.034850393700788
21
-6.4327992125984252
0
LINE
8
CYAN2
6
CONTINUOUS
10
6.0848503937007878
20
-6.4327992125984252
11
6.0943740157480315
21
-6.4327992125984252
0
LINE
8
CYAN2
6
CONTINUOUS
10
6.0943740157480315
20
-6.4327992125984252
11
6.099137795275591
21
-6.435181102362205
0
LINE
8
CYAN2
6
CONTINUOUS
10
6.099137795275591
20
-6.435181102362205
11
6.1038976377952761
21
-6.4399448818897644
0
LINE
8
CYAN2
6
CONTINUOUS
10
6.1038976377952761
20
-6.4399448818897644
11
6.1062795275590558
21
-6.4494685039370081
0
LINE
8
CYAN2
6
CONTINUOUS
10
6.1062795275590558
20
-6.4494685039370081
11
6.1062795275590558
21
-6.4661338582677166
0
LINE
8
CYAN2
6
CONTINUOUS
10
6.1062795275590558
20
-6.4661338582677166
11
6.1038976377952761
21
-6.4756574803149611
0
LINE
8
CYAN2
6
CONTINUOUS
10
6.1038976377952761
20
-6.4756574803149611
11
6.099137795275591
21
-6.4804212598425197
0
LINE
8
CYAN2
6
CONTINUOUS
10
6.099137795275591
20
-6.4804212598425197
11
6.0943740157480315
21
-6.4827992125984251
0
LINE
8
CYAN2
6
CONTINUOUS
10
6.0943740157480315
20
-6.4827992125984251
11
6.0848503937007878
21
-6.4827992125984251
0
LINE
8
CYAN2
6
CONTINUOUS
10
6.0848503937007878
20
-6.4827992125984251
11
6.0800905511811028
21
-6.4804212598425197
0
LINE
8
CYAN2
6
CONTINUOUS
10
6.0800905511811028
20
-6.4804212598425197
11
6.0753267716535433
21
-6.4756574803149611
0
LINE
8
CYAN2
6
CONTINUOUS
10
6.0753267716535433
20
-6.4756574803149611
11
6.0729488188976379
21
-6.4661338582677166
0
LINE
8
CYAN2
6
CONTINUOUS
10
6.0729488188976379
20
-6.4661338582677166
11
6.0729488188976379
21
-6.4494685039370081
0
LINE
8
CYAN2
6
CONTINUOUS
10
6.0729488188976379
20
-6.4494685039370081
11
6.0753267716535433
21
-6.4399448818897644
0
LINE
8
CYAN2
6
CONTINUOUS
10
6.0753267716535433
20
-6.4399448818897644
11
6.0800905511811028
21
-6.435181102362205
0
LINE
8
CYAN2
6
CONTINUOUS
10
6.0800905511811028
20
-6.435181102362205
11
6.0848503937007878
21
-6.4327992125984252
0
LINE
8
CYAN2
6
CONTINUOUS
10
6.1229488188976378
20
-6.4327992125984252
11
6.134854330708662
21
-6.4827992125984251
0
LINE
8
CYAN2
6
CONTINUOUS
10
6.134854330708662
20
-6.4827992125984251
11
6.1443779527559057
21
-6.4470866141732284
0
LINE
8
CYAN2
6
CONTINUOUS
10
6.1443779527559057
20
-6.4470866141732284
11
6.1539015748031503
21
-6.4827992125984251
0
LINE
8
CYAN2
6
CONTINUOUS
10
6.1539015748031503
20
-6.4827992125984251
11
6.1658070866141736
21
-6.4327992125984252
0
LINE
8
RED2
6
CONTINUOUS
10
5.8500000000000005
20
-6.4500000000000002
11
5.8500000000000005
21
-6.5499999999999998
0
LINE
8
RED2
6
CONTINUOUS
10
5.8500000000000005
20
-6.3500000000000005
11
5.8500000000000005
21
-6.25
0
POLYLINE
8
GREEN3
66
1
70
1
40
0.018
41
0.018
0
VERTEX
8
GREEN3
10
2.7910000000000004
 20
-1.8
42
1.0
0
VERTEX
8
GREEN3
10
2.8090000000000002
 20
-1.8
42
1.0
0
SEQEND
0
POLYLINE
8
GREEN3
66
1
70
1
40
0.018
41
0.018
0
VERTEX
8
GREEN3
10
2.891
 20
-1.9000000000000001
42
1.0
0
VERTEX
8
GREEN3
10
2.9089999999999998
 20
-1.9000000000000001
42
1.0
0
SEQEND
0
POLYLINE
8
GREEN3
66
1
70
1
40
0.018
41
0.018
0
VERTEX
8
GREEN3
10
4.7409999999999997
 20
-2.1499999999999999
42
1.0
0
VERTEX
8
GREEN3
10
4.7590000000000003
 20
-2.1499999999999999
42
1.0
0
SEQEND
0
POLYLINE
8
GREEN3
66
1
70
1
40
0.018
41
0.018
0
VERTEX
8
GREEN3
10
5.141
 20
-2.3999999999999999
42
1.0
0
VERTEX
8
GREEN3
10
5.1590000000000007
 20
-2.3999999999999999
42
1.0
0
SEQEND
0
POLYLINE
8
GREEN3
66
1
70
1
40
0.018
41
0.018
0
VERTEX
8
GREEN3
10
4.1909999999999998
 20
-6.0499999999999998
42
1.0
0
VERTEX
8
GREEN3
10
4.2090000000000005
 20
-6.0499999999999998
42
1.0
0
SEQEND
0
POLYLINE
8
GREEN3
66
1
70
1
40
0.018
41
0.018
0
VERTEX
8
GREEN3
10
4.4909999999999997
 20
-5.9000000000000004
42
1.0
0
VERTEX
8
GREEN3
10
4.5090000000000003
 20
-5.9000000000000004
42
1.0
0
SEQEND
0
POLYLINE
8
GREEN3
66
1
70
1
40
0.018
41
0.018
0
VERTEX
8
GREEN3
10
4.7909999999999995
 20
-5.75
42
1.0
0
VERTEX
8
GREEN3
10
4.8090000000000002
 20
-5.75
42
1.0
0
SEQEND
0
POLYLINE
8
GREEN3
66
1
70
1
40
0.018
41
0.018
0
VERTEX
8
GREEN3
10
3.8910000000000005
 20
-6.2000000000000002
42
1.0
0
VERTEX
8
GREEN3
10
3.9090000000000003
 20
-6.2000000000000002
42
1.0
0
SEQEND
0
POLYLINE
8
GREEN3
66
1
70
1
40
0.018
41
0.018
0
VERTEX
8
GREEN3
10
5.141
 20
-5.1500000000000004
42
1.0
0
VERTEX
8
GREEN3
10
5.1590000000000007
 20
-5.1500000000000004
42
1.0
0
SEQEND
0
POLYLINE
8
GREEN3
66
1
70
1
40
0.018
41
0.018
0
VERTEX
8
GREEN3
10
2.891
 20
-4.3500000000000005
42
1.0
0
VERTEX
8
GREEN3
10
2.9089999999999998
 20
-4.3500000000000005
42
1.0
0
SEQEND
0
POLYLINE
8
GREEN3
66
1
70
1
40
0.018
41
0.018
0
VERTEX
8
GREEN3
10
2.9910000000000001
 20
-4.3500000000000005
42
1.0
0
VERTEX
8
GREEN3
10
3.0089999999999999
 20
-4.3500000000000005
42
1.0
0
SEQEND
0
POLYLINE
8
GREEN3
66
1
70
1
40
0.018
41
0.018
0
VERTEX
8
GREEN3
10
3.6910000000000003
 20
-4.3500000000000005
42
1.0
0
VERTEX
8
GREEN3
10
3.7090000000000001
 20
-4.3500000000000005
42
1.0
0
SEQEND
0
POLYLINE
8
GREEN3
66
1
70
1
40
0.018
41
0.018
0
VERTEX
8
GREEN3
10
3.0910000000000002
 20
-4.3500000000000005
42
1.0
0
VERTEX
8
GREEN3
10
3.109
 20
-4.3500000000000005
42
1.0
0
SEQEND
0
POLYLINE
8
GREEN3
66
1
70
1
40
0.018
41
0.018
0
VERTEX
8
GREEN3
10
2.4910000000000001
 20
-3.9000000000000004
42
1.0
0
VERTEX
8
GREEN3
10
2.5089999999999999
 20
-3.9000000000000004
42
1.0
0
SEQEND
0
POLYLINE
8
GREEN3
66
1
70
1
40
0.018
41
0.018
0
VERTEX
8
GREEN3
10
2.2910000000000004
 20
-3.9000000000000004
42
1.0
0
VERTEX
8
GREEN3
10
2.3090000000000002
 20
-3.9000000000000004
42
1.0
0
SEQEND
0
POLYLINE
8
GREEN3
66
1
70
1
40
0.018
41
0.018
0
VERTEX
8
GREEN3
10
6.391
 20
-3.3500000000000001
42
1.0
0
VERTEX
8
GREEN3
10
6.4090000000000007
 20
-3.3500000000000001
42
1.0
0
SEQEND
0
POLYLINE
8
GREEN3
66
1
70
1
40
0.018
41
0.018
0
VERTEX
8
GREEN3
10
5.8410000000000002
 20
-4.9500000000000002
42
1.0
0
VERTEX
8
GREEN3
10
5.8590000000000009
 20
-4.9500000000000002
42
1.0
0
SEQEND
0
POLYLINE
8
GREEN3
66
1
70
1
40
0.018
41
0.018
0
VERTEX
8
GREEN3
10
6.1909999999999998
 20
-4.8500000000000005
42
1.0
0
VERTEX
8
GREEN3
10
6.2090000000000005
 20
-4.8500000000000005
42
1.0
0
SEQEND
0
POLYLINE
8
GREEN3
66
1
70
1
40
0.018
41
0.018
0
VERTEX
8
GREEN3
10
5.4909999999999997
 20
-5.0499999999999998
42
1.0
0
VERTEX
8
GREEN3
10
5.5090000000000003
 20
-5.0499999999999998
42
1.0
0
SEQEND
0
POLYLINE
8
GREEN3
66
1
70
1
40
0.018
41
0.018
0
VERTEX
8
GREEN3
10
6.391
 20
-4.3500000000000005
42
1.0
0
VERTEX
8
GREEN3
10
6.4090000000000007
 20
-4.3500000000000005
42
1.0
0
SEQEND
0
POLYLINE
8
GREEN3
66
1
70
1
40
0.018
41
0.018
0
VERTEX
8
GREEN3
10
4.9909999999999997
 20
-7.1000000000000005
42
1.0
0
VERTEX
8
GREEN3
10
5.0090000000000003
 20
-7.1000000000000005
42
1.0
0
SEQEND
0
POLYLINE
8
GREEN3
66
1
70
1
40
0.018
41
0.018
0
VERTEX
8
GREEN3
10
4.7909999999999995
 20
-7.1000000000000005
42
1.0
0
VERTEX
8
GREEN3
10
4.8090000000000002
 20
-7.1000000000000005
42
1.0
0
SEQEND
0
POLYLINE
8
GREEN3
66
1
70
1
40
0.018
41
0.018
0
VERTEX
8
GREEN3
10
4.1909999999999998
 20
-7.1000000000000005
42
1.0
0
VERTEX
8
GREEN3
10
4.2090000000000005
 20
-7.1000000000000005
42
1.0
0
SEQEND
0
POLYLINE
8
GREEN3
66
1
70
1
40
0.018
41
0.018
0
VERTEX
8
GREEN3
10
4.4909999999999997
 20
-7.1000000000000005
42
1.0
0
VERTEX
8
GREEN3
10
4.5090000000000003
 20
-7.1000000000000005
42
1.0
0
SEQEND
0
POLYLINE
8
GREEN3
66
1
70
1
40
0.018
41
0.018
0
VERTEX
8
GREEN3
10
5.4909999999999997
 20
-7.1000000000000005
42
1.0
0
VERTEX
8
GREEN3
10
5.5090000000000003
 20
-7.1000000000000005
42
1.0
0
SEQEND
0
POLYLINE
8
GREEN3
66
1
70
1
40
0.018
41
0.018
0
VERTEX
8
GREEN3
10
5.141
 20
-7.1000000000000005
42
1.0
0
VERTEX
8
GREEN3
10
5.1590000000000007
 20
-7.1000000000000005
42
1.0
0
SEQEND
0
POLYLINE
8
GREEN3
66
1
70
1
40
0.018
41
0.018
0
VERTEX
8
GREEN3
10
5.8410000000000002
 20
-7.1000000000000005
42
1.0
0
VERTEX
8
GREEN3
10
5.8590000000000009
 20
-7.1000000000000005
42
1.0
0
SEQEND
0
POLYLINE
8
GREEN3
66
1
70
1
40
0.018
41
0.018
0
VERTEX
8
GREEN3
10
2.2910000000000004
 20
-1.3
42
1.0
0
VERTEX
8
GREEN3
10
2.3090000000000002
 20
-1.3
42
1.0
0
SEQEND
0
POLYLINE
8
GREEN3
66
1
70
1
40
0.018
41
0.018
0
VERTEX
8
GREEN3
10
2.5910000000000002
 20
-1.6000000000000001
42
1.0
0
VERTEX
8
GREEN3
10
2.609
 20
-1.6000000000000001
42
1.0
0
SEQEND
0
POLYLINE
8
GREEN3
66
1
70
1
40
0.018
41
0.018
0
VERTEX
8
GREEN3
10
2.6910000000000003
 20
-1.7
42
1.0
0
VERTEX
8
GREEN3
10
2.7090000000000001
 20
-1.7
42
1.0
0
SEQEND
0
POLYLINE
8
GREEN3
66
1
70
1
40
0.018
41
0.018
0
VERTEX
8
GREEN3
10
2.4910000000000001
 20
-1.5
42
1.0
0
VERTEX
8
GREEN3
10
2.5089999999999999
 20
-1.5
42
1.0
0
SEQEND
0
POLYLINE
8
GREEN3
66
1
70
1
40
0.018
41
0.018
0
VERTEX
8
GREEN3
10
2.391
 20
-1.4000000000000001
42
1.0
0
VERTEX
8
GREEN3
10
2.4089999999999998
 20
-1.4000000000000001
42
1.0
0
SEQEND
0
POLYLINE
8
GREEN3
66
1
70
1
40
0.018
41
0.018
0
VERTEX
8
GREEN3
10
2.9910000000000001
 20
-2.
42
1.0
0
VERTEX
8
GREEN3
10
3.0089999999999999
 20
-2.
42
1.0
0
SEQEND
0
POLYLINE
8
GREEN3
66
1
70
1
40
0.018
41
0.018
0
VERTEX
8
GREEN3
10
6.9409999999999998
 20
-2.75
42
1.0
0
VERTEX
8
GREEN3
10
6.9590000000000005
 20
-2.75
42
1.0
0
SEQEND
0
POLYLINE
8
GREEN3
66
1
70
1
40
0.018
41
0.018
0
VERTEX
8
GREEN3
10
7.2409999999999997
 20
-2.5
42
1.0
0
VERTEX
8
GREEN3
10
7.2590000000000003
 20
-2.5
42
1.0
0
SEQEND
0
POLYLINE
8
GREEN3
66
1
70
1
40
0.018
41
0.018
0
VERTEX
8
GREEN3
10
7.3410000000000002
 20
-2.5
42
1.0
0
VERTEX
8
GREEN3
10
7.3590000000000009
 20
-2.5
42
1.0
0
SEQEND
0
POLYLINE
8
GREEN3
66
1
70
1
40
0.018
41
0.018
0
VERTEX
8
GREEN3
10
7.5410000000000004
 20
-2.3999999999999999
42
1.0
0
VERTEX
8
GREEN3
10
7.5590000000000011
 20
-2.3999999999999999
42
1.0
0
SEQEND
0
POLYLINE
8
GREEN3
66
1
70
1
40
0.018
41
0.018
0
VERTEX
8
GREEN3
10
6.0409999999999995
 20
-3.9000000000000004
42
1.0
0
VERTEX
8
GREEN3
10
6.0590000000000002
 20
-3.9000000000000004
42
1.0
0
SEQEND
0
POLYLINE
8
GREEN3
66
1
70
1
40
0.018
41
0.018
0
VERTEX
8
GREEN3
10
4.0409999999999995
 20
-3.3500000000000001
42
1.0
0
VERTEX
8
GREEN3
10
4.0590000000000002
 20
-3.3500000000000001
42
1.0
0
SEQEND
0
POLYLINE
8
GREEN3
66
1
70
1
40
0.018
41
0.018
0
VERTEX
8
GREEN3
10
4.9409999999999998
 20
-2.5
42
1.0
0
VERTEX
8
GREEN3
10
4.9590000000000005
 20
-2.5
42
1.0
0
SEQEND
0
POLYLINE
8
GREEN3
66
1
70
1
40
0.018
41
0.018
0
VERTEX
8
GREEN3
10
4.0409999999999995
 20
-4.3500000000000005
42
1.0
0
VERTEX
8
GREEN3
10
4.0590000000000002
 20
-4.3500000000000005
42
1.0
0
SEQEND
  0
ENDSEC
  0
EOF
